Date,Close,High,Low,Open,Volume
2021-10-20,11.674769401550291,11.855502277664652,11.356464599211062,11.38883531162818,29871900.0
2021-10-21,11.013882637023926,11.542591892888748,10.900587208473684,11.504827093043206,20499700.0
2021-10-22,10.65781021118164,11.1414722554936,10.49326375829128,11.129872186932293,11914400.0
2021-10-25,10.946447372436523,11.143093972220404,10.932959059232228,11.03546427130469,7522900.0
2021-10-26,10.806174278259276,10.965326656055128,10.787291879962613,10.911376505630283,6142400.0
2021-10-27,10.26667594909668,10.343554587387414,10.115615717273812,10.269372993855283,6527000.0
2021-10-28,10.673996925354004,10.758428518270392,10.072455140139262,10.706366605411176,7176600.0
2021-10-29,10.895194053649902,10.984211979912166,10.61330601184701,10.638931542638488,7049000.0
2021-11-01,10.6632080078125,10.803478010760127,10.417735759907574,10.757621044092057,6042100.0
2021-11-02,11.054347038269045,11.173036583665205,10.943749657850343,10.992304705742832,6106400.0
2021-11-03,10.897890090942385,10.994999134604644,10.54991267352504,10.835846744166654,5160000.0
2021-11-04,10.601167678833008,10.843942927491296,10.50945269923031,10.742786745385992,4282300.0
2021-11-05,10.590373992919922,10.749526375470037,10.52563463368701,10.684787016237127,3022000.0
2021-11-08,11.480547904968262,11.577656935155884,11.321395536613906,11.369950566214452,8171800.0
2021-11-09,11.68556022644043,11.82852727858825,11.477852775217636,11.785367355542848,7763000.0
2021-11-10,11.413108825683594,11.94721304494302,11.28632615241535,11.847404926874551,9954400.0
2021-11-11,11.226983070373535,11.365904011681062,11.181126111850611,11.213495790161708,3247200.0
2021-11-12,11.092110633850098,11.137968631406494,10.77650388607656,11.02737126308238,7672600.0
2021-11-15,11.030069351196287,11.29172699107899,10.986909423598364,11.272844587068263,6204300.0
2021-11-16,10.309837341308594,10.617351938406513,10.226214535653597,10.498661371797638,8119300.0
2021-11-17,10.436617851257324,10.490568009097808,10.257504644364426,10.423130569050622,7245800.0
2021-11-18,10.010414123535156,10.250491254053696,9.78112620175994,10.19923916822836,11930400.0
2021-11-19,9.983440399169922,10.085945619034849,9.956465828738368,9.980743353732327,6827900.0
2021-11-22,9.627367973327637,10.107523216399986,9.60578852893862,10.07380449846859,10940500.0
2021-11-23,9.983440399169922,9.994230638948103,9.767640748675786,9.840473323657664,6421000.0
2021-11-24,9.89712142944336,9.899819504137607,9.63546477987084,9.665137427423618,5460200.0
2021-11-26,9.290181159973145,9.40887171033584,9.257811477607705,9.387291236083112,5211600.0
2021-11-29,9.999622344970703,10.139083522506276,9.767637414008844,9.845865082172924,6690000.0
2021-11-30,9.87014102935791,10.21002518017575,9.70559355663158,10.051143455159549,6746800.0
2021-12-01,9.732571601867676,10.174961033040995,9.71638624621,10.07245583856968,6683000.0
2021-12-02,9.789219856262209,9.86744754016948,9.605789921796624,9.702900008162375,4670600.0
2021-12-03,9.141820907592772,9.743362861156966,8.818120929388645,9.727178531105771,14049100.0
2021-12-06,8.375728607177734,8.478233788986948,8.184206552781362,8.284013661140756,8017300.0
2021-12-07,8.667060852050781,8.923323352772009,8.610413129841014,8.750682626560632,5064600.0
2021-12-08,8.699427604675293,8.780352306823076,8.5416242811351,8.618502902527508,6224900.0
2021-12-09,8.149140357971191,8.41349552532331,8.092493152864433,8.405402846947975,7156600.0
2021-12-10,8.294804573059082,8.518696838515853,8.095189825562054,8.489024202230212,8618700.0
2021-12-13,7.973801612854004,8.208484096629293,7.8146492362205136,8.186904139518317,9171400.0
2021-12-14,8.178812980651855,8.192300777916282,7.939275052106966,8.022358133932515,7042600.0
2021-12-15,8.429680824279785,8.475538308544143,7.960316257724713,8.157233478298236,9616800.0
2021-12-16,8.189602851867676,8.367637651733771,8.12756001624229,8.332569894922878,5015400.0
2021-12-17,7.900970458984375,8.097887653863113,7.763398024142472,7.96571033752642,6895200.0
2021-12-20,8.033146858215332,8.076306772316002,7.776884418049187,7.81734677320522,4705400.0
2021-12-21,8.319083213806152,8.367638256278878,8.260277650933473,8.321780773333177,3273900.0
2021-12-22,8.386518478393555,8.422934750781724,8.28940841869177,8.337963448542661,3629600.0
2021-12-23,8.72370719909668,8.791144638474664,8.286712365544332,8.302897721439967,5727700.0
2021-12-27,8.75607681274414,8.912532164792394,8.704824729666433,8.764170005134893,4773700.0
2021-12-28,8.157232284545898,8.405402072275105,8.076037450202568,8.378426994683641,7170700.0
2021-12-29,8.062817573547363,8.20308752720155,8.01426255001271,8.089792643789579,4398600.0
2021-12-30,8.041240692138672,8.169371938857397,8.02235829010774,8.046635811149471,4659800.0
2021-12-31,7.795768260955811,8.219275318124533,7.782280978239769,8.189603193247871,5522200.0
2022-01-03,7.809256076812744,8.057425886730814,7.774188318456389,8.025055687825475,5205600.0
2022-01-04,7.882086277008057,8.111373631548553,7.74181681997158,8.003473851325595,6253900.0
2022-01-05,7.455883502960205,7.976500643113162,7.421895180005115,7.892878358196908,10718700.0
2022-01-06,7.358774185180664,7.412723832487963,7.229293899728022,7.283244061542196,6675300.0
2022-01-07,7.124091148376465,7.175343747039365,6.892106189224552,7.1159984703222685,9618100.0
2022-01-10,7.097115993499756,7.156461269582439,6.711373756989639,6.765323914427201,12742500.0
2022-01-11,7.285939693450928,7.342586885312541,7.0107948671057665,7.037769940876089,8372200.0
2022-01-12,7.4504899978637695,7.489603329389721,7.369564745950188,7.4612797227480865,6993300.0
2022-01-13,7.2724528312683105,7.558387929566528,7.186132995746887,7.531412852339383,6406900.0
2022-01-14,7.329101085662842,7.385748288963354,7.159158961254464,7.188831085337514,7138100.0
2022-01-18,7.089025497436523,7.110605462585968,7.00540268228884,7.051260172544779,5490100.0
2022-01-19,7.067442893981934,7.245477668630488,7.045862936888375,7.17264512049969,5608600.0
2022-01-20,7.256269454956055,7.399237032954171,7.207714409050773,7.213109528486228,8127200.0
2022-01-21,6.500969886779785,6.631798181943364,6.376884718797034,6.549524930142301,14546700.0
2022-01-24,6.333723545074463,6.382278578858073,5.638308978970105,5.710601812033952,19580500.0
2022-01-25,6.263589382171631,6.38497698269131,6.109832097851269,6.231219698370949,14666800.0
2022-01-26,6.271681785583496,6.603473859790792,6.225824306786054,6.530641302670119,16864700.0
2022-01-27,6.018115043640137,6.317537344470044,6.018115043640137,6.26358720421913,10216500.0
2022-01-28,6.411952018737793,6.425439301145523,6.205593099252989,6.2932619784237644,8518700.0
2022-01-31,6.517153739929199,6.579196057244364,6.30944631464959,6.333723832643664,5328500.0
2022-02-01,6.527944087982178,6.664167483933917,6.473993932739953,6.603473687913118,5361600.0
2022-02-02,6.360699653625488,6.5090618235993825,6.274379808221996,6.506364778624029,4222400.0
2022-02-03,6.1610846519470215,6.291913452151008,6.142202250784971,6.193454335508582,3561700.0
2022-02-04,6.894804954528809,6.943360002332951,6.360700457697104,6.409255505501246,13078400.0
2022-02-07,7.507134437561035,7.566479188766603,7.253569565124989,7.285939756832316,10917000.0
2022-02-08,7.531411647796631,7.531411647796631,7.250871712713597,7.401931915222948,4576000.0
2022-02-09,7.615035057067871,7.615035057067871,7.418117869823285,7.488252864151521,3774400.0
2022-02-10,7.482857704162598,7.779582520203602,7.385747633401993,7.385747633401993,11501800.0
2022-02-11,7.188830852508545,7.463166406266856,7.129486091757637,7.396538286896961,10060500.0
2022-02-14,7.156461238861084,7.275150761503275,7.089023799607045,7.245478638096142,5875500.0
2022-02-15,7.499043941497803,7.563784343736967,7.439699173036611,7.520623904075227,3897500.0
2022-02-16,7.488254070281982,7.534111554171047,7.347984059032269,7.407328826327048,4197600.0
2022-02-17,6.93256950378418,7.169949082156941,6.916384146651338,7.140276441920269,7666000.0
2022-02-18,6.773416996002197,6.913686487585791,6.687097150564028,6.843551999047426,9924100.0
2022-02-22,6.41734504699707,6.495572185591043,6.331024718383936,6.352604671910551,6807300.0
2022-02-23,6.368791580200195,6.61021720852803,6.318887507430934,6.589986286560072,8870500.0
2022-02-24,6.490180015563965,6.7275601266500455,5.9560755373806495,5.971181460257724,16154000.0
2022-02-25,6.616963863372803,6.705711175204326,6.5198537548196756,6.652031116735323,7294900.0
2022-02-28,7.115999698638916,7.115999698638917,6.603475167061844,6.606172726878877,13625700.0
2022-03-01,7.493649005889893,7.558388890763906,7.323706357902098,7.542743251371287,11998800.0
2022-03-02,7.439698219299316,7.693263132958284,7.364168102707523,7.431605541430144,7551100.0
2022-03-03,7.124091148376465,7.455883230995941,7.083628787119159,7.434303270691589,11761100.0
2022-03-04,6.684399127960205,7.032376045087021,6.611566570477792,7.00270340733341,8665200.0
2022-03-07,6.35530424118042,6.689793883926038,6.290564360117414,6.627751562220679,9189100.0
2022-03-08,6.514454364776611,6.668211592872789,6.455109623171301,6.554916711985081,7486100.0
2022-03-09,7.099813461303711,7.226596175295665,7.072838382932646,7.1429733808946825,7202600.0
2022-03-10,6.705979824066162,6.730257345892366,6.5684073718866305,6.61696241553904,4262700.0
2022-03-11,6.479387283325195,6.7086746087855245,6.46859704941804,6.689791699448003,4508100.0
2022-03-14,6.560314655303955,6.633147220362859,6.498272328553133,6.560314655303956,3494200.0
2022-03-15,6.730257034301758,6.746441876600957,6.511759347981701,6.568407067789187,5141500.0
2022-03-16,6.921779155731201,6.978426875782458,6.652029381885069,6.840854429380107,7204500.0
2022-03-17,6.919081211090088,6.975728927987957,6.87052617217958,6.932569007735691,2516200.0
2022-03-18,7.129486083984375,7.132183643266497,6.8219715289180405,6.851643652007731,5578200.0
2022-03-21,6.973031997680664,7.035074324326643,6.8867121493894095,7.005401683536444,4770000.0
2022-03-22,7.169946193695068,7.331796098273045,7.15915647446009,7.264358680907777,5701900.0
2022-03-23,7.148369312286377,7.248176959256045,7.097116709004283,7.1591595506644525,5161100.0
2022-03-24,7.453184604644775,7.512529872865988,7.221200193210646,7.258964989710135,7568000.0
2022-03-25,7.536805629730225,7.65738334883765,7.453182864848892,7.609098443799697,9335800.0
2022-03-28,8.127556800842285,8.172065740453732,8.01291340436911,8.038539436126026,6759100.0
2022-03-29,8.087095260620117,8.150486599887468,7.987288167419054,8.103280611820301,5306600.0
2022-03-30,7.957616806030273,8.09249166714943,7.921200531787289,7.987289440118652,4069100.0
2022-03-31,7.704054355621338,7.998081686860841,7.695962190683416,7.998081686860841,5067200.0
2022-04-01,7.852416515350342,7.911221565925905,7.650104173782802,7.671684136303064,7977300.0
2022-04-04,7.763398170471191,7.836230213637008,7.617733055125901,7.780122214941652,3693200.0
2022-04-05,7.779583930969238,7.876694019339984,7.675730200796499,7.857811101984758,4097500.0
2022-04-06,7.374959468841553,7.589410577388413,7.269757212971854,7.582666935385184,7099400.0
2022-04-07,7.3021240234375,7.391141400526251,7.253568996933328,7.315611816636828,4540100.0
2022-04-08,7.1969218254089355,7.4289067238987405,7.148366798794167,7.22119933871632,5543400.0
2022-04-11,6.719465732574463,6.9474040691828565,6.697885774756548,6.897500513198951,4800700.0
2022-04-12,6.606170654296875,6.830872222940623,6.603473095326159,6.8273653448280145,4285900.0
2022-04-13,6.924476146697998,7.002703307147211,6.689793636336717,6.699774554139934,5109200.0
2022-04-14,6.7113728523254395,6.9622401759326475,6.668212937995894,6.940660218767875,5129400.0
2022-04-18,6.848947048187256,6.924477175103013,6.576499696767115,6.641240099555992,6876800.0
2022-04-19,6.994612693786621,7.043167742172666,6.889410431954811,6.902897716725631,3554400.0
2022-04-20,6.943358421325684,7.1025108131081875,6.882664625390523,7.094418135481229,5789800.0
2022-04-21,6.943358421325684,7.248175923352572,6.9406608621166965,7.223898404978508,4859400.0
2022-04-22,6.643937110900879,6.842203371479084,6.594033543740823,6.811182207325164,5635700.0
2022-04-25,6.7707200050354,6.803089692539265,6.502318730739081,6.5252477310189825,7760800.0
2022-04-26,6.436229228973389,6.776113977263131,6.364745195032986,6.770718858756908,7539700.0
2022-04-27,6.536035060882568,6.6493299546544575,6.465900077642188,6.560312574869881,4498900.0
2022-04-28,6.727559566497803,6.808484293603265,6.541432076746996,6.635844601374615,7616600.0
2022-04-29,6.430834770202637,6.627751985320011,6.40925480847069,6.563012100124171,5787100.0
2022-05-02,6.473992824554443,6.579195043311302,6.389021524670284,6.522547853059677,6414300.0
2022-05-03,6.320235252380371,6.463202257288635,6.287865063538734,6.447017420121165,5523000.0
2022-05-04,6.708676815032959,6.735651379658488,6.484784532895924,6.565709255786191,6639500.0
2022-05-05,6.09904146194458,6.627750677286183,5.966864158109179,6.627750677286183,11554300.0
2022-05-06,6.039697170257568,6.1071346125856145,5.915612523337255,6.0316050064625895,5444200.0
2022-05-09,5.187286853790283,5.608096776213515,5.090177307044476,5.492104317385577,12472900.0
2022-05-10,5.2439351081848145,5.432759618147712,5.1684049954955755,5.389599700755804,7176500.0
2022-05-11,4.904049396514893,5.362623556134829,4.88246944211521,4.998461889953517,14410900.0
2022-05-12,4.777267932891846,5.00250924674703,4.646978854222689,4.774570888097236,19023600.0
2022-05-13,5.0389251708984375,5.2034726751568945,4.925630260746298,5.127942563553204,7862700.0
2022-05-16,4.94181489944458,5.022740125972317,4.871679908923251,5.006554771962707,4154800.0
2022-05-17,5.036226272583008,5.160310871678799,4.939116228416455,5.125243641566797,6501100.0
2022-05-18,4.890562534332275,4.959349005797636,4.806940259429934,4.936420010473584,5417400.0
2022-05-19,5.022740364074707,5.119849920201978,4.917537616052204,4.9687902104987165,5605800.0
2022-05-20,4.906746864318848,5.098268891758192,4.804241696937398,5.079386496321263,5739500.0
2022-05-23,4.866285800933838,5.125245317374761,4.866285800933837,5.103665357671351,5331600.0
2022-05-24,4.914840221405029,4.9633952583470275,4.793453143556847,4.901352939813058,8812000.0
2022-05-25,4.94990873336792,5.0362285835672145,4.9202360919218275,4.933723890082275,6188500.0
2022-05-26,4.917538642883301,4.99576633045253,4.715226296488693,4.717923856181448,9657000.0
2022-05-27,4.82582426071167,4.922934363482876,4.716575909601029,4.887867112208255,12572700.0
2022-05-31,5.295186996459961,5.43950357598149,5.230447122720269,5.335649867740701,9464400.0
2022-06-01,5.030832290649414,5.3491370498814845,5.001160170632486,5.341044372873174,6636000.0
2022-06-02,5.073991298675537,5.10096636937452,4.974184205947984,4.9930666010852685,6050300.0
2022-06-03,4.947208881378174,4.979578552950529,4.8905611843665735,4.947208881378175,4776300.0
2022-06-06,5.276304721832275,5.32998527357946,5.203472683726997,5.270910118107036,6424500.0
2022-06-07,5.20347261428833,5.260119811448362,4.918886562681191,4.947210161261208,7038300.0
2022-06-08,5.0389251708984375,5.1670563989108365,5.001160372349989,5.0847826467816075,5410600.0
2022-06-09,5.0146484375,5.098270725006942,5.003858199366525,5.04701812288668,2847600.0
2022-06-10,4.842008113861084,4.960428029289833,4.812605078925159,4.917537712947555,5387900.0
2022-06-13,3.862815618515014,4.051640614163042,3.776495796906792,3.91137064679632,22112200.0
2022-06-14,3.703664541244507,3.811564612995737,3.67803849608469,3.7630095678450104,15399600.0
2022-06-15,3.614647150039673,3.749522047537473,3.3853599786454827,3.5768823433824974,25624700.0
2022-06-16,3.485166549682617,3.5863226989406187,3.460889032700154,3.5553015415756453,14511800.0
2022-06-17,3.4312174320220947,3.495687461601864,3.3988474877982524,3.447402275507291,11869700.0
2022-06-21,3.4932591915130615,3.634877963823095,3.485166771089273,3.5391166693368734,12501600.0
2022-06-22,3.363779783248902,3.4905619929159584,3.3071323199230167,3.436612089094505,9795800.0
2022-06-23,3.4932591915130615,3.498654309964525,3.3610818764930888,3.4312168728416728,8418600.0
2022-06-24,3.5499067306518555,3.5768818090229195,3.471679312079864,3.549906730651855,7994600.0
2022-06-27,3.471679210662842,3.5472090677406145,3.4069393331676077,3.5472090677406145,8145500.0
2022-06-28,3.363779783248902,3.522932192462264,3.358384664240039,3.5067470926891113,6626800.0
2022-06-29,3.3664767742156982,3.379964313237283,3.3084807937536804,3.3502919331925245,7697400.0
2022-06-30,3.131794691085815,3.207324810798821,3.1169586288860733,3.1992321325952267,9600800.0
2022-07-01,3.2262070178985596,3.2747620551836567,3.1965346380317827,3.207324617733648,8620300.0
2022-07-05,3.4069395065307617,3.417729486662352,3.2100220475624632,3.223509587040306,10137000.0
2022-07-06,3.388056993484497,3.4150318142940193,3.3395019558725823,3.366476776682105,5514900.0
2022-07-07,3.649714469909668,3.652412029464197,3.3934522290585374,3.4015446504686846,9052100.0
2022-07-08,3.6362264156341553,3.691525349675144,3.531024180405772,3.5606965595529103,8833200.0
2022-07-11,3.415031671524048,3.4554942869268523,3.370522974658342,3.4258216508474493,5615300.0
2022-07-12,3.2235093116760254,3.3368042220063567,3.204626912372102,3.3125267044708004,7931900.0
2022-07-13,3.269366979598999,3.3341068586595544,3.147979642047104,3.1641644831855373,8055700.0
2022-07-14,3.43930983543396,3.482469760835717,3.266939735439961,3.2828549772258677,6980700.0
2022-07-15,3.533721446990967,3.5337214469909672,3.44470405966669,3.495956393450548,7756300.0
2022-07-18,3.606553792953491,3.803471226006586,3.5660914370984065,3.709058719340209,10495600.0
2022-07-19,3.914069652557373,3.954532019581731,3.676689798122619,3.725244844354613,15314400.0
2022-07-20,3.949136972427368,4.052990444860735,3.908674350044399,3.986901777947341,13783100.0
2022-07-21,3.881699085235596,3.881699085235596,3.727941549233372,3.7899841269456345,8760600.0
2022-07-22,3.7711005210876465,3.969366706742551,3.7603105438396702,3.93834555431129,7252400.0
2022-07-25,3.652412176132202,3.673722537313913,3.5957647094795315,3.655109735795055,5558200.0
2022-07-26,3.485166549682617,3.5148389275204104,3.4527966127904635,3.490561410537947,5246300.0
2022-07-27,3.808866262435913,3.854723738388853,3.5499065041589453,3.5499065041589453,9390000.0
2022-07-28,3.989598274230957,4.032758187466859,3.7967271868613177,3.862815836160464,7459400.0
2022-07-29,4.000389575958252,4.054339485350965,3.9194645832424513,3.9518345288780794,9461900.0
2022-08-01,3.833144426345825,3.92485939371742,3.812913244073489,3.856073168188724,6753600.0
2022-08-02,3.827748298645019,3.911370822524968,3.779193525435624,3.798075922947424,6166700.0
2022-08-03,3.919463396072388,3.935648492614612,3.8695598414695103,3.8790010405968993,6352500.0
2022-08-04,3.7306392192840576,3.8628165420358993,3.7292904395922934,3.822354180296657,7663700.0
2022-08-05,3.822354555130005,3.897884424501575,3.787287051465557,3.838539398511475,9272600.0
2022-08-08,3.989598274230957,4.051640842447597,3.968018317613006,4.011178230848908,7767000.0
2022-08-09,3.8385400772094727,3.884397570320848,3.8034728245981793,3.87630514719928,2985900.0
2022-08-10,3.9383456707000737,4.032757910096659,3.916765715566376,4.024665491234861,7315000.0
2022-08-11,4.040850639343262,4.156843100036485,4.011178263068581,4.105590766970513,7223200.0
2022-08-12,4.035456657409668,4.0435490786550154,3.945090472200744,3.9653216539408302,5128500.0
2022-08-15,3.9922964572906494,4.043548797957903,3.9882501183221497,4.016573976594818,3481500.0
2022-08-16,3.984204053878784,4.003086454640142,3.9302538964119056,3.981506494554757,3629200.0
2022-08-17,3.8601183891296382,3.9369970138420824,3.854723271551674,3.9302531168696264,5922600.0
2022-08-18,3.881699085235596,3.9086739065098457,3.86011912531483,3.9086739065098457,2519000.0
2022-08-19,3.5283260345458984,3.5876710402257497,3.5000024396950757,3.5687883864051755,6517700.0
2022-08-22,3.487863540649414,3.5633933810958114,3.4716784462127976,3.5094434950626705,3922700.0
2022-08-23,3.5741846561431885,3.601159737581495,3.5426240320983298,3.555302253488439,3656800.0
2022-08-24,3.6011595726013184,3.630831955021319,3.539116991036951,3.552604531138199,2838000.0
2022-08-25,3.5714869499206543,3.606554451449374,3.541814567359476,3.576882068888195,3280000.0
2022-08-26,3.3961493968963623,3.614646550542635,3.375918217077768,3.609251689309268,10825900.0
2022-08-29,3.3233163356781006,3.375917703914762,3.2936439602714636,3.3017363795181156,4878100.0
2022-08-30,3.2855513095855713,3.385358664108262,3.2154163283793507,3.3637787094684017,5602100.0
2022-08-31,3.334106683731079,3.3799641599730172,3.2747619263325465,3.355686642285709,4224900.0
2022-09-01,3.2774593830108643,3.3098295796250974,3.212719504289219,3.293644481317981,5542900.0
2022-09-02,3.2855513095855713,3.388056222751582,3.250483818982461,3.3691735695016907,7435300.0
2022-09-06,3.094029426574707,3.2882490439042753,3.088634308577749,3.280156624162223,12062400.0
2022-09-07,3.145282506942749,3.1776524508384076,3.104820141386538,3.1102150034090914,5835800.0
2022-09-08,3.210022211074829,3.210022211074829,3.1493286662130524,3.158769867152434,6591600.0
2022-09-09,3.552604913711548,3.570138537653931,3.477075041165693,3.4797723436736656,8431300.0
2022-09-12,3.7360332012176514,3.746553319457467,3.6658982221077343,3.719848107094846,6944700.0
2022-09-13,3.3691747188568115,3.5758029965116687,3.332758436509046,3.547209533996857,8162200.0
2022-09-14,3.312526226043701,3.3799636506787714,3.257227558423213,3.377266349205922,6898100.0
2022-09-15,3.2801573276519775,3.350292333133861,3.234299843856396,3.32061994954696,5018500.0
2022-09-16,3.2531819343566895,3.2828543127511196,3.2032781199284157,3.280156753646154,6223100.0
2022-09-19,3.2369964122772217,3.2477863900280113,3.1102139807654225,3.1102139807654225,6703600.0
2022-09-20,3.1425836086273193,3.203277388360753,3.1061675980405963,3.134491190413974,5089600.0
2022-09-21,3.147979497909546,3.301736767951584,3.104819580512019,3.201929394656454,11488300.0
2022-09-22,3.201929807662964,3.2356485296357245,3.1129124022351498,3.17225742493817,7995700.0
2022-09-23,3.115608930587769,3.157420059965165,3.06705390469573,3.153373722056379,8582800.0
2022-09-26,3.1857452392578125,3.2032788630006115,3.1452826150573108,3.1614677161882025,4661100.0
2022-09-27,3.166861772537231,3.381312828743656,3.119655518275765,3.3448965534059485,7444600.0
2022-09-28,3.2504849433898926,3.269367345918231,3.1587699758177794,3.1803499379225775,8103600.0
2022-09-29,3.2262070178985596,3.2612745162429735,3.121004522865319,3.201929499256011,4890800.0
2022-09-30,3.234299659729004,3.358384563419985,3.1897909582557946,3.192488517679244,8115300.0
2022-10-03,3.2531819343566895,3.2747618926896194,3.1668618437715725,3.1938369203144332,9041800.0
2022-10-04,3.3772671222686768,3.3826619837026297,3.310638744197422,3.328712083096012,8210000.0
2022-10-05,3.347594738006592,3.393452221315183,3.285552411914636,3.3179223547348005,5885700.0
2022-10-06,3.331408977508545,3.3880564261523247,3.304703762744479,3.3475938158334153,6864900.0
2022-10-07,3.2262070178985596,3.2717946371195934,3.205975838114239,3.263972075481792,7260800.0
2022-10-10,3.180349826812744,3.2221609697733817,3.165243905317819,3.2181148878034875,3118800.0
2022-10-11,3.145282506942749,3.1843963499334067,3.121004984707644,3.1668624695398546,4904500.0
2022-10-12,3.174954414367676,3.183046834157168,3.1539139171122876,3.164164178310504,2587000.0
2022-10-13,3.2235093116760254,3.2477868292115817,3.0158021475726815,3.0225457881088267,13273000.0
2022-10-14,3.183046817779541,3.2882490462618033,3.174954398031687,3.274761765766508,8380900.0
2022-10-17,3.2504849433898926,3.2747624650711504,3.228904981285094,3.255879805289372,4210400.0
2022-10-18,3.1938369274139404,3.2774592018265785,3.1695594099220785,3.26936678174709,4789400.0
2022-10-19,3.1938369274139404,3.2075940672744103,3.166861850811117,3.1857445073344515,2208300.0
2022-10-20,3.166861772537231,3.2181143653651283,3.1479793737340005,3.1803493105052776,3865900.0
2022-10-21,3.1938369274139404,3.2032781270489092,3.135840692795248,3.1506770106521405,6820000.0
2022-10-24,3.2208118438720703,3.234299382580136,3.1830470441935703,3.21811454193318,4297400.0
2022-10-25,3.382662057876587,3.404242018592433,3.2208120952543218,3.2208120952543218,13740000.0
2022-10-26,3.4635870456695557,3.505398187478075,3.389405705473266,3.407748903644144,12256200.0
2022-10-27,3.450099468231201,3.4649357875592295,3.409637106568207,3.460889448491561,6647400.0
2022-10-28,3.4366116523742676,3.462237949902938,3.386708094151141,3.390754175640183,8205800.0
2022-10-31,3.3907532691955566,3.452795827060274,3.3637784565506057,3.442005850551628,4302100.0
2022-11-01,3.4069395065307617,3.4204270460086046,3.379694825992502,3.4150319273161,2309400.0
2022-11-02,3.363779783248902,3.4711401304416083,3.3421998217203197,3.3988472850462044,7493800.0
2022-11-03,3.3718719482421875,3.388057046785252,3.339502008409472,3.350291988353711,5400100.0
2022-11-04,3.5229310989379883,3.5604262897493304,3.4447036983654513,3.477073630610637,11666600.0
2022-11-07,3.46628475189209,3.48246959451806,3.436612111655418,3.452797211534824,4578100.0
2022-11-08,3.002314805984497,3.4393093784999653,2.8027000488947302,3.2583074203742486,49341600.0
2022-11-09,2.605783700942993,2.940273477733039,2.590947375783802,2.881468152240351,39911000.0
2022-11-10,2.9294819831848145,2.96994459714729,2.6880561079476037,2.773027159938041,36835100.0
2022-11-11,2.6381523609161377,2.7541448303708904,2.6111775415161604,2.627362381705468,22101400.0
2022-11-14,2.646244525909424,2.7136819472325113,2.628710652303547,2.694799294329771,13114100.0
2022-11-15,2.770329475402832,2.7986530697354115,2.7115239310932555,2.7595392407008728,12253200.0
2022-11-16,2.697497606277466,2.707748125993703,2.6543376857375733,2.6945304453477092,7926700.0
2022-11-17,2.740657329559326,2.7527960884941645,2.686707432767489,2.686707432767489,6090700.0
2022-11-18,2.735262155532837,2.756842111780351,2.7096358610188997,2.7541445529360695,5497500.0
2022-11-21,2.586900234222412,2.700195153768899,2.557227596041455,2.6624300948355972,11553000.0
2022-11-22,2.640850305557251,2.6707925472573297,2.6165727844757347,2.6327578842812236,5472200.0
2022-11-23,2.7487497329711914,2.748749732971191,2.667825016904547,2.6840098572165165,4980500.0
2022-11-25,2.7487497329711914,2.756842410380574,2.724472472503237,2.7271697743862995,1888600.0
2022-11-28,2.6947996616363525,2.7109847581514273,2.6421985481557786,2.6867072420055065,4897500.0
2022-11-29,2.740657329559326,2.7433548887122683,2.706938611907753,2.7217749299955334,2249400.0
2022-11-30,2.886322021484375,2.891717139494851,2.7919097715815218,2.8053970521009397,7346400.0
2022-12-01,2.843162298202514,2.8863222161841735,2.8296747595198957,2.8593473960723386,7773000.0
2022-12-02,2.8701369762420654,2.8755318366124776,2.8350694834476,2.8350694834476,2642800.0
2022-12-05,2.8404650688171387,2.907902512806885,2.8296750880689165,2.894414972558249,3783600.0
2022-12-06,2.8620448112487793,2.8687887094836264,2.83506999006963,2.8620448112487793,3309500.0
2022-12-07,2.82427978515625,2.8485573023608497,2.8134898060934717,2.843162184202764,2701000.0
2022-12-08,2.9079012870788574,2.9227376008239507,2.828055514649002,2.8323714536783653,6081800.0
2022-12-09,2.8755316734313965,2.905204304171583,2.8755316734313965,2.8890192094720857,2943000.0
2022-12-12,2.8917171955108643,2.8944144973149664,2.8647421194427176,2.872834539361805,2679100.0
2022-12-13,2.99422287940979,3.032797006095537,2.9699453562775475,3.0292901269858565,7605500.0
2022-12-14,3.005011796951294,3.11560913449627,2.98343184119878,3.0319866130152544,11670800.0
2022-12-15,2.93487811088562,2.964550498862757,2.918693008282241,2.964550498862757,3877500.0
2022-12-16,2.8323724269866943,2.880927465198987,2.817536108143291,2.872834787327996,6556400.0
2022-12-19,2.7838175296783447,2.8215825898942217,2.7703302470508557,2.813490168867043,2842700.0
2022-12-20,2.845860242843628,2.8782301857141777,2.816187602272212,2.8218525802339887,3910300.0
2022-12-21,2.8269777297973633,2.8458603903909254,2.813490445842114,2.8323728491822244,1591700.0
2022-12-22,2.821583032608032,2.835070574605178,2.775725544169816,2.8188854727579096,3745400.0
2022-12-23,2.8323724269866943,2.845859966184933,2.8169966477359076,2.8242800063691167,2066900.0
2022-12-27,2.797304153442383,2.83506920129021,2.785165397250344,2.829674084203374,3184900.0
2022-12-28,2.791910171508789,2.8188849936650193,2.7703302108824355,2.791910171508789,2738500.0
2022-12-29,2.791910171508789,2.8053974539601927,2.786515052725489,2.791910171508789,2019100.0
2022-12-30,2.8134899139404297,2.818884775051919,2.739308579943583,2.773027297963949,3834600.0
2023-01-03,2.82967472076416,2.855301018184814,2.8134898803694104,2.8512546794594265,2501100.0
2023-01-04,2.8566508293151855,2.897113202166687,2.845860846071219,2.8566508293151855,4408000.0
2023-01-05,2.8701369762420654,2.8741830572065323,2.845859461441792,2.8620442998063957,1575900.0
2023-01-06,2.8782293796539307,2.9105993134591444,2.8377670267107553,2.845859445848717,2777900.0
2023-01-09,2.93487811088562,2.9726431787911856,2.92678568821067,2.937575670861763,5751700.0
2023-01-10,2.9888267517089844,2.988826751708984,2.937574420249297,2.95106169988112,3269500.0
2023-01-11,3.002314805984497,3.005012365277081,2.9510622084390565,2.9672473069411467,3621100.0
2023-01-12,3.263972043991089,3.2693669051632677,3.0589621743801727,3.107517211196813,13516600.0
2023-01-13,3.3395020961761475,3.3395020961761475,3.2356483757000514,3.242392274125822,11364700.0
2023-01-17,3.673991441726685,3.673991441726684,3.5984615862739955,3.647016621977424,12929900.0
2023-01-18,3.5499067306518555,3.698269147185883,3.491640890654725,3.673991628102608,25287100.0
2023-01-19,3.6173441410064697,3.632180459719746,3.5499067028601794,3.5604270810988288,6439700.0
2023-01-20,3.827748298645019,3.8439333945504,3.6025072789198265,3.6119487349290984,18107600.0
2023-01-23,3.957228660583496,3.976111059843883,3.857421288808969,3.9113711847339303,11053400.0
2023-01-24,3.943741798400879,3.9558805592217294,3.9005818742616065,3.9208130565452106,6406000.0
2023-01-25,3.924859046936035,3.930253908347056,3.825051666924687,3.865514027894303,7939800.0
2023-01-26,3.9653210639953618,3.981506161331533,3.9113711682971144,3.9707161821918833,6300900.0
2023-01-27,3.9518327713012695,4.03006016944245,3.91002164227409,3.921890539885759,13773400.0
2023-01-30,3.876304864883423,3.985553469455115,3.8520273400333855,3.9620852640343394,9829300.0
2023-01-31,3.9464383125305176,3.9707158277409142,3.93564833435405,3.9437407536730578,5195500.0
2023-02-01,4.030648708343506,4.048362736429413,3.883485073836251,3.9407153905835366,12718400.0
2023-02-02,4.0797038078308105,4.133391169179647,4.02247348451814,4.087879494046798,12849700.0
2023-02-03,3.9870450496673584,4.05245105731417,3.957067361137663,3.9761440483928903,10411900.0
2023-02-06,3.9243648052215576,3.9505274209193297,3.87531042058907,3.8862114238296694,7458700.0
2023-02-07,3.954342842102051,3.984320536668143,3.873947844051633,3.916189200008496,8196600.0
2023-02-08,3.886209726333618,3.940714718728839,3.852144073599068,3.9270884056549575,6359800.0
2023-02-09,3.736321210861206,3.8889354661553903,3.7090685817335656,3.875309151591571,14259400.0
2023-02-10,3.692718744277954,3.728147072882887,3.6572904156730215,3.7077074626066424,8246900.0
2023-02-13,3.687267780303955,3.687267780303954,3.624587076807264,3.660015402222948,8258100.0
2023-02-14,3.7881016731262207,3.7949149617590536,3.661377623360159,3.6681906520926058,10406700.0
2023-02-15,4.112407207489014,4.142384899759828,3.842607197350472,3.854870857802261,16793400.0
2023-02-16,4.185988903045654,4.303174876092833,4.134209205594809,4.153285895197689,22172700.0
2023-02-17,4.232316970825195,4.265019968950207,4.037461379584217,4.0688019802001385,15277400.0
2023-02-21,4.161462306976318,4.217329984111982,4.127669013161306,4.191440002544098,9128200.0
2023-02-22,4.044275283813477,4.096054973771573,4.010209623080412,4.074252971694442,9556300.0
2023-02-23,4.074253082275391,4.097417742598611,4.030649076937653,4.082428768301123,7942700.0
2023-02-24,3.9298150539398193,4.055176708943878,3.8671340964875935,4.030649389066937,14551700.0
2023-02-27,3.946166038513184,4.0497256789581915,3.908285040181759,4.029558969859664,7700000.0
2023-02-28,3.937990665435791,4.003396677258992,3.924364347997527,3.965243300312318,6209700.0
2023-03-01,3.9602208137512207,4.050787171253534,3.9437540843281704,4.012364977086273,4919300.0
2023-03-02,3.9739420413970943,3.990408767747519,3.924542385805296,3.941008850425983,5004500.0
2023-03-03,3.7571325302124023,3.795554725994829,3.751643794660511,3.7818324945204056,9356000.0
2023-03-06,3.770854949951172,3.8175103822556617,3.765366214125249,3.781832683332828,5277600.0
2023-03-07,3.718710660934448,3.795554792108021,3.694010696196207,3.77085482736978,8581300.0
2023-03-08,3.724198818206787,3.751643277371501,3.688521125984563,3.71047685035419,5277000.0
2023-03-09,3.3893778324127197,3.6747991042779145,3.364677871872406,3.6693101078335086,17443700.0
2023-03-10,3.3619344234466553,3.4195675954606486,3.3097902495910603,3.3674234216050536,14404000.0
2023-03-13,4.11116361618042,4.139980320563596,3.74615377219168,3.787320455349114,29730600.0
2023-03-14,4.245641708374023,4.418541172884795,4.105675437808672,4.3883522154708405,24717100.0
2023-03-15,4.130375862121582,4.253875418705792,4.042553740017206,4.242897686158969,16077600.0
2023-03-16,4.229174613952637,4.263480054055081,4.161935982759413,4.174285962134672,10952700.0
2023-03-17,4.569485187530518,4.569485187530518,4.426774410131117,4.51185229096127,27311800.0
2023-03-20,4.712196350097656,4.7780627473289945,4.658679935063418,4.769829251377729,16942900.0
2023-03-21,4.778061866760254,4.833225075510408,4.705334498035885,4.758850903207364,11427000.0
2023-03-22,4.506362438201904,4.900188727003122,4.503617940297085,4.810994900664015,19835100.0
2023-03-23,4.8247175216674805,4.876861942018577,4.6188848619999945,4.635351328204727,19269700.0
2023-03-24,4.709450721740723,4.786295095140263,4.65730630681034,4.723172688241602,9519300.0
2023-03-27,4.555762767791748,4.706706502064871,4.473429393539545,4.695729032906943,16324800.0
2023-03-28,4.632606029510498,4.649073016329604,4.511851266926978,4.533806725893021,9822300.0
2023-03-29,4.800017356872559,4.828833802372479,4.7478729387349645,4.786295389527692,8101700.0
2023-03-30,4.728662490844727,4.8329513384951674,4.671029593558608,4.830206840034939,8749200.0
2023-03-31,4.80825138092041,4.849417810948448,4.772573424359101,4.778062421285388,9507400.0
2023-04-03,4.725081920623779,4.784286148776435,4.694069874792534,4.7532746406766,8597100.0
2023-04-04,4.744818210601807,4.766808743751941,4.696890732202533,4.75609551739297,6941600.0
2023-04-05,4.7476372718811035,4.79838407414115,4.671517068491036,4.7969741420052845,9347800.0
2023-04-06,4.705348014831543,4.741998181007072,4.6531912852508786,4.6968900359918795,7378400.0
2023-04-10,4.925250053405762,4.967539409581138,4.730721381017635,4.7532754533698025,15452000.0
2023-04-11,5.077491283416748,5.152201559593921,5.052117880614768,5.080310610142701,15613800.0
2023-04-12,5.015467166900635,5.099198956917707,4.987274440417906,5.0831293878202635,10759800.0
2023-04-13,5.119779586791992,5.176165040098379,5.087358139346858,5.108502818769636,9204400.0
2023-04-14,5.105682849884033,5.183212435126129,5.035201310985497,5.159248432280264,8301200.0
2023-04-17,4.947803974151611,4.970358045812696,4.90410576278222,4.930888554838669,5009200.0
2023-04-18,5.0803093910217285,5.114140228151597,5.029562597595466,5.091586157487865,5694400.0
2023-04-19,4.905515193939209,4.95569790965996,4.8857804483036045,4.908334520134508,5786900.0
2023-04-20,4.705348014831543,4.848002268019625,4.689841989157913,4.820937703649412,10648500.0
2023-04-21,4.572843551635742,4.747638062099309,4.555928127310766,4.722264656746023,8580200.0
2023-04-24,4.589759349822998,4.6461442748036745,4.5192777902984345,4.589759349822998,4776300.0
2023-04-25,4.629227161407471,4.660239208352953,4.555926301729058,4.589757674554259,9398400.0
2023-04-26,4.679975509643555,5.018286661854992,4.64896345237482,4.998551911859109,23874100.0
2023-04-27,4.9900946617126465,5.01546806632416,4.835034907116551,4.84913154175163,13519100.0
2023-04-28,4.908334255218506,4.928068999788974,4.837852717334575,4.9111535812616385,8464400.0
2023-05-01,4.644620418548584,4.783265672612179,4.640287926523867,4.774600688562746,9736100.0
2023-05-02,4.806373596191406,4.835258164144225,4.656174834505907,4.6821703396434025,16581600.0
2023-05-03,4.731271743774414,4.80723797347877,4.69083369796695,4.716829741965192,12383500.0
2023-05-04,4.835256576538086,4.848254600302723,4.7861529924191375,4.826591043719285,13293800.0
2023-05-05,4.965238094329834,4.981124633129964,4.846811869909032,4.852588342350402,9596000.0
2023-05-08,4.566632270812988,4.690835234941869,4.552189988808155,4.664839182425894,12125900.0
2023-05-09,4.624401092529297,4.635954587499774,4.563743728884408,4.630178115478151,4407400.0
2023-05-10,4.624401092529297,4.737050285395796,4.456871283503148,4.690835203659425,18099700.0
2023-05-11,4.479977607727051,4.592626770000995,4.456870073134265,4.566631000181767,8989900.0
2023-05-12,4.416433811187744,4.440985612584808,4.308406050318862,4.410657062575083,10309400.0
2023-05-15,4.581073760986328,4.624400602117127,4.5435239421917375,4.569519991777499,6070800.0
2023-05-16,4.497308254241943,4.537746578709697,4.485754486603092,4.520415789519646,3403900.0
2023-05-17,4.57818603515625,4.589739805651828,4.42654248750523,4.462648054736861,7985100.0
2023-05-18,4.465536117553711,4.578185575164893,4.399101737281397,4.537747244761589,9027900.0
2023-05-19,4.48575496673584,4.543523811113384,4.448205149024542,4.494420499990156,6294500.0
2023-05-22,4.48575496673584,4.529081806616682,4.471312686775559,4.471312686775559,7539600.0
2023-05-23,4.54063606262207,4.575297372967142,4.526193781112388,4.5550783441317515,4509400.0
2023-05-24,4.3759942054748535,4.4568708664083,4.338444661675827,4.4568708664083,8394300.0
2023-05-25,4.40199089050293,4.422210196385324,4.3442220354038685,4.387548607862257,7247800.0
2023-05-26,4.459758758544922,4.491531828414946,4.401989916231561,4.401989916231561,6555500.0
2023-05-30,4.6561737060546875,4.678703322022768,4.589739326049431,4.667727199879371,5987800.0
2023-05-31,4.482865333557129,4.537745649740666,4.46264603773078,4.523303374282842,5401600.0
2023-06-01,4.461479663848877,4.520886791319958,4.431775958475573,4.476331233260001,7235600.0
2023-06-02,4.541679859161377,4.547620714388708,4.46148029652138,4.503065150010427,4104600.0
2023-06-05,4.253554821014404,4.459995004117032,4.20899954069688,4.446628363366662,11901200.0
2023-06-06,4.514946460723877,4.538709314469091,4.223851360707238,4.2416733593783675,16512400.0
2023-06-07,4.408014297485352,4.482273297690225,4.366429155391405,4.455540012292373,5708400.0
2023-06-08,4.422866344451904,4.473362489425596,4.375340344324722,4.396133057903995,4071900.0
2023-06-09,4.39019250869751,4.455540515576477,4.387222363643277,4.452570087246606,4424400.0
2023-06-12,4.295139789581299,4.318902642594222,4.260980723784667,4.307021216087761,3662100.0
2023-06-13,4.301080226898193,4.348606214715622,4.269891589520911,4.342665360010114,2847800.0
2023-06-14,4.301080226898193,4.336724788580151,4.277317374627251,4.324843362444679,4082800.0
2023-06-15,4.229792594909668,4.23870387891634,4.128800309038901,4.1555335945077045,9002500.0
2023-06-16,4.39019250869751,4.4154405829501355,4.173356339578428,4.247615348171369,13244200.0
2023-06-20,4.6901984214782715,4.7050502781106225,4.431777135867539,4.47039184980141,14810600.0
2023-06-21,5.025848865509033,5.134266931544118,4.847627162026918,4.859508873316275,20063300.0
2023-06-22,5.043670177459717,5.082285167328224,4.935252126223077,5.061492741961074,10033300.0
2023-06-23,5.171395301818848,5.257535990229261,4.996144064374469,5.037728911716846,30436300.0
2023-06-26,5.0406999588012695,5.123870230265431,4.992580505687617,5.0793149502690005,10123900.0
2023-06-27,5.111990451812744,5.18030917794459,5.070405583642232,5.10307973237697,13825200.0
2023-06-28,5.016938209533691,5.082286496696213,4.975353347922085,5.025849494115285,8890600.0
2023-06-29,5.106048107147217,5.141692103655299,5.073373971555549,5.135751815271359,6181900.0
2023-06-30,5.043670177459717,5.186247294163975,4.8743597805545225,5.183277433298183,25569400.0
2023-07-03,5.1716485023498535,5.193287105267247,5.085094090680282,5.094367440726188,7649900.0
2023-07-05,5.047998428344727,5.084475095300043,5.007812539655084,5.013994575878963,6365100.0
2023-07-06,5.020177841186523,5.082002928161873,4.94907940389028,5.078911614852332,7977400.0
2023-07-07,5.004721641540527,5.057272786248774,4.988647166810856,5.020177617792724,7400100.0
2023-07-10,5.1190972328186035,5.1190972328186035,4.995447655138482,4.995447655138482,6047700.0
2023-07-11,5.069636821746826,5.105186034412317,5.00781233478374,5.0294509347012015,8862600.0
2023-07-12,5.010903835296631,5.116006128006571,4.996993809998395,5.075820234726991,9254100.0
2023-07-13,5.267477035522461,5.301480299071421,5.04645316921974,5.0634545061903875,30266700.0
2023-07-14,4.986173629760742,5.202560829176766,4.949079051899968,5.159283625136635,19805500.0
2023-07-17,4.936713218688965,5.017085281137609,4.8996183526041,4.998537995497072,7977000.0
2023-07-18,4.905799865722656,4.964533320206164,4.868705005816692,4.915073506998213,8023000.0
2023-07-19,4.958353042602539,4.976900331725319,4.9088929170661535,4.939805163872069,6536600.0
2023-07-20,4.908892631530762,5.004721269103882,4.874889073580986,4.99235601733615,6927300.0
2023-07-21,4.930531024932861,4.969171845472521,4.913529394075685,4.933622337744644,5302300.0
2023-07-24,4.797607898712158,4.8285201429458855,4.754330403020354,4.825428830081367,6137600.0
2023-07-25,4.813064098358154,4.847067951849339,4.800699141126042,4.800699141126042,3367600.0
2023-07-26,4.843976020812988,4.86097794538936,4.8053354975421785,4.813063484274822,5112700.0
2023-07-27,4.782151699066162,4.859432752985378,4.766695429321554,4.850158814256318,5557000.0
2023-07-28,4.822338581085205,4.864070132196258,4.80069968238643,4.813064641012644,4035700.0
2023-07-31,4.785243034362793,4.848613773996611,4.77875145370445,4.843976804324718,4848100.0
2023-08-01,4.805848121643066,4.821698604831954,4.679044860777611,4.745616648312681,8029000.0
2023-08-02,4.780487060546875,4.843888685556224,4.734837830075584,4.8312083605543545,7107600.0
2023-08-03,4.805848121643066,4.8343789309185,4.7785855566022635,4.786827783674659,4353400.0
2023-08-04,4.755127906799316,4.820114630673076,4.743715520009755,4.796339051603657,3821500.0
2023-08-07,4.783658981323242,4.791584074000692,4.698066529256827,4.764638335645292,4344900.0
2023-08-08,4.923141956329346,4.948502612328859,4.819480282489404,4.843889830750148,10434400.0
2023-08-09,4.821699142456055,4.929482077371003,4.8185289850002375,4.929482077371003,7128000.0
2023-08-10,4.824869632720947,4.885101116921838,4.807434067834139,4.8565703024971985,4327600.0
2023-08-11,4.821699142456055,4.854984888773571,4.796021350780502,4.828039155044834,3774600.0
2023-08-14,4.805848121643066,4.87876022338282,4.796337952658863,4.805848121643066,4633700.0
2023-08-15,4.777318477630615,4.840720425850895,4.759883213960644,4.821699780920232,6533500.0
2023-08-16,4.764636039733887,4.793166843341362,4.736105236126411,4.764636039733887,5025200.0
2023-08-17,4.558582782745361,4.669535588922089,4.523711952630887,4.663195575411684,15669800.0
2023-08-18,4.260593891143799,4.317655514996474,4.187682084952357,4.2891247030701365,19678600.0
2023-08-21,4.263763904571533,4.2843696246327205,4.219382911804987,4.251083577734971,7225400.0
2023-08-22,4.213042259216309,4.259008629262775,4.200361933397079,4.2479130796384865,5549500.0
2023-08-23,4.343016147613525,4.374717116776811,4.216212875606078,4.216212875606078,12893900.0
2023-08-24,4.247913837432861,4.298635452080931,4.213043010790003,4.295465294479889,5186300.0
2023-08-25,4.232064247131348,4.292295738377313,4.198778192301619,4.270105236706101,8841100.0
2023-08-28,4.235233306884766,4.271689512908212,4.220967900684907,4.253936812584771,5165200.0
2023-08-29,4.542730331420898,4.599791939958267,4.235232099880187,4.235232099880187,58284700.0
2023-08-30,4.422268390655518,4.472989700863016,4.403248050489133,4.469819845717189,20488100.0
2023-08-31,4.260593891143799,4.43494861777587,4.2225529093496315,4.4222682905111474,21074400.0
2023-09-01,4.176556587219238,4.239981835206326,4.121059381817248,4.233639461625336,9382800.0
2023-09-05,4.179726600646973,4.2146104003761256,4.167041555069522,4.1892403092212245,3843200.0
2023-09-06,4.179726600646973,4.246005910862965,4.113130035756523,4.179726600646973,8771600.0
2023-09-07,4.217782974243164,4.232053692507098,4.16387143912062,4.170213812551574,4175300.0
2023-09-08,4.227296829223633,4.230468167264567,4.192413018079684,4.211440441454404,4217600.0
2023-09-11,4.0655622482299805,4.1971697535412105,4.0560485364727255,4.1828990346876065,10778900.0
2023-09-12,4.243152141571045,4.331947467164035,4.214610711307314,4.249494513610005,8113200.0
2023-09-13,4.259007930755615,4.309748109725324,4.243151549218751,4.2558365939611775,6952400.0
2023-09-14,4.344633102416992,4.379517211882181,4.324020012452895,4.344633102416992,7934800.0
2023-09-15,4.303406715393066,4.322434439380665,4.270108576459036,4.303406715393066,3366300.0
2023-09-18,4.3668317794799805,4.467994901697194,4.331947673083705,4.446113399565511,7375000.0
2023-09-19,4.436599254608154,4.490510778847498,4.3842733990153056,4.427085545164555,5751700.0
2023-09-20,4.385858535766602,4.455626435574418,4.363659782278569,4.401714917873196,5086400.0
2023-09-21,4.335118293762207,4.350974675644911,4.290720484977703,4.32243324874311,3995600.0
2023-09-22,4.319262981414795,4.350975753032914,4.316091643765902,4.335119367223855,4323800.0
2023-09-25,4.287550449371338,4.303406532512524,4.244738299045177,4.25266634061577,4015600.0
2023-09-26,4.271694183349609,4.278353811039791,4.239981411308871,4.2526664596380845,3805100.0
2023-09-27,4.271694183349609,4.358903852808528,4.243152749000026,4.350975811016047,5163100.0
2023-09-28,4.427085876464844,4.45879864689722,4.306577772231363,4.3129204472919955,8374000.0
2023-09-29,4.379517555236816,4.404887653690296,4.330362724852199,4.385859928632471,4047800.0
2023-10-02,4.54977560043335,4.670932632975728,4.489196780097409,4.623107504554513,9177100.0
2023-10-03,4.425429344177246,4.4860078536496495,4.422240921556404,4.4668779260540346,4591400.0
2023-10-04,4.492384433746338,4.527456168311475,4.431805623784639,4.463689239981817,4880400.0
2023-10-05,4.46368932723999,4.581658222972139,4.438820179095566,4.559339873636645,5868600.0
2023-10-06,4.556149959564209,4.573685973481045,4.449340273466811,4.449340273466811,6951600.0
2023-10-09,4.486006736755371,4.514701925069185,4.428616664192384,4.4636883920955785,4398100.0
2023-10-10,4.444558620452881,4.492384040562861,4.431805235903155,4.45412388691368,5264500.0
2023-10-11,4.339344024658203,4.409487806306743,4.297895440232463,4.403111264737641,7125300.0
2023-10-12,4.329778671264648,4.345720479852221,4.302677687885187,4.336155516325561,3723700.0
2023-10-13,4.342531681060791,4.368038450964977,4.3205319931974095,4.3616619105212715,3144100.0
2023-10-16,4.629482269287109,4.9100566758518305,4.509919197919959,4.763392629478874,33507800.0
2023-10-17,4.635859489440918,4.65594600081122,4.573686780495895,4.594410915456017,4536200.0
2023-10-18,4.5848469734191895,4.620237675076786,4.568905163868652,4.607165324351105,3462000.0
2023-10-19,4.683685302734375,4.710786285768607,4.623106795750936,4.635860181645592,5784700.0
2023-10-20,4.811219215393066,4.843102526438301,4.766582215052113,4.801654252485966,8132600.0
2023-10-23,5.104547500610352,5.117300582078595,4.938753184617442,4.973825222881548,21067400.0
2023-10-24,5.477584362030029,5.617552637863896,5.402657956589779,5.5987413715542145,36921600.0
2023-10-25,5.656130790710449,5.723086432832493,5.570045225751799,5.601928835898997,16367400.0
2023-10-26,5.5094685554504395,5.598741958737561,5.480773359214022,5.573235185208462,13609500.0
2023-10-27,5.455265522003174,5.550915752054804,5.404251984891727,5.538162671841608,12549300.0
2023-10-30,5.589175701141357,5.64975389087646,5.515843216093204,5.608305623787744,10682400.0
2023-10-31,5.608305931091309,5.624247432815255,5.528597206212955,5.563669239760809,8504900.0
2023-11-01,5.634017467498779,5.6661562654368005,5.515101830899961,5.653300868863247,20233600.0
2023-11-02,5.685440540313721,5.7240073448097695,5.560096893180801,5.704723942561745,13341100.0
2023-11-03,5.601877689361572,5.6613351972595325,5.569738280521943,5.579380287076303,11186000.0
2023-11-06,5.691868305206299,5.727221722483567,5.6484808005584535,5.698296310712774,4749300.0
2023-11-07,5.8300676345825195,5.860600355679697,5.601878945373998,5.6404457542221325,18011400.0
2023-11-08,5.788287162780762,5.813998574525699,5.685441515801012,5.733650336196718,13128900.0
2023-11-09,5.929698944091797,6.1803850008252,5.778643896564462,6.090395385796091,40294000.0
2023-11-10,6.058257102966309,6.103251918859382,5.990764266118307,6.003620278092552,10866500.0
2023-11-13,5.958625316619873,6.006834134328682,5.910415885902688,5.974694718186684,7669200.0
2023-11-14,5.701509952545166,5.948982631803673,5.6115197201761715,5.926485226963501,19778700.0
2023-11-15,6.106466293334961,6.151461111965259,5.830068149158156,5.855779561662387,18999800.0
2023-11-16,5.820426940917969,5.976302116076989,5.748113399344995,5.923272594262441,13314700.0
2023-11-17,5.907201290130615,5.9907635185100085,5.804355659204689,5.878276492814973,13268900.0
2023-11-20,6.090396404266357,6.1257492105075695,5.958625349074003,6.006834167045385,12925800.0
2023-11-21,5.968266010284424,6.087181652118757,5.868634383671854,5.987549412497884,20478700.0
2023-11-22,6.103252410888672,6.106466414141338,5.85577967750934,5.910416506787784,14210300.0
2023-11-24,6.141819953918457,6.260092578632617,6.090397126913036,6.090397126913036,13038000.0
2023-11-27,5.91363000869751,5.979515537270453,5.8975606068049435,5.910416005717319,10118300.0
2023-11-28,6.183599472045898,6.244664296165635,6.013261010241714,6.032545026074256,15731400.0
2023-11-29,6.051828861236572,6.141819102525635,6.035759459903124,6.135391096788909,11799900.0
2023-11-30,6.064685344696045,6.080754747280099,6.013261907808559,6.061471341577551,5931100.0
2023-12-01,6.235204219818115,6.293447013577283,6.154311587855229,6.167254088045153,14050000.0
2023-12-04,6.714089393615723,6.7658606359525795,6.6089287104654195,6.6914395522385846,21862800.0
2023-12-05,7.047368049621582,7.082960396756722,6.753565632062123,6.775568690099298,28494300.0
2023-12-06,7.03118896484375,7.11855317465152,7.018246461814046,7.105610054459878,12748900.0
2023-12-07,6.950296878814697,7.06678250133894,6.914704529724948,6.9794182844457575,9733700.0
2023-12-08,7.14767599105835,7.159000914884071,6.998833165237053,6.998833165237053,17981600.0
2023-12-11,6.53612756729126,6.743212591832715,6.435820218512195,6.704383841150165,25910300.0
2023-12-12,6.5976057052612305,6.69144149496633,6.507006313448934,6.69144149496633,9267000.0
2023-12-13,6.879114627838135,6.893675337139867,6.623493423910449,6.6364365509174394,17117400.0
2023-12-14,6.872639179229736,6.963239165575679,6.765860910432907,6.8143963749474805,13838000.0
2023-12-15,6.759390830993652,6.769098172887383,6.665555661335784,6.752919886893215,10281600.0
2023-12-18,6.714089393615723,6.726385109957868,6.579807309505701,6.642904089693017,9748100.0
2023-12-19,6.752920150756836,6.837047981808184,6.675262646896695,6.827341256697222,15240600.0
2023-12-20,6.963754653930664,7.112023615643994,6.927909205536269,7.061514176682792,19795200.0
2023-12-21,6.999601364135742,7.03381714415128,6.935731908106736,7.022411884146101,12970800.0
2023-12-22,6.986564636230469,7.048478705877468,6.931167411808526,6.931167411808526,10634400.0
2023-12-26,6.729130744934082,6.817114687551371,6.644405535918161,6.810597220348635,16317700.0
2023-12-27,6.944202899932861,6.967013415933559,6.83829684399534,6.852960835930067,26937900.0
2023-12-28,6.784526824951172,6.839924043719947,6.738905805332101,6.833406577620144,17059300.0
2023-12-29,6.676991939544678,6.875770329194824,6.589008001023481,6.83014868243947,29176400.0
2024-01-02,7.133204936981201,7.335242085024411,7.120170623113214,7.315690303452465,20878600.0
2024-01-03,6.778012275695801,6.90998822408225,6.667217790479039,6.667217790479039,33315500.0
2024-01-04,7.012634754180908,7.123429216808556,6.852960527815162,6.869253575214556,23038500.0
2024-01-05,6.976790428161621,7.0468516620392005,6.826892379007741,6.940944972259598,23948100.0
2024-01-08,7.446035861968994,7.510557294581879,7.087583251384122,7.13972174511939,35638400.0
2024-01-09,7.403672218322754,7.459069440154113,7.354141089229385,7.4101896847828685,22852700.0
2024-01-10,7.286361217498779,7.397155665537085,7.061513588063415,7.165790569384211,61860100.0
2024-01-11,7.276585578918457,7.765384432732612,7.165791122330725,7.543795519557147,88598800.0
2024-01-12,6.862735748291016,7.219559310128906,6.771493693168175,7.204895319621324,46108700.0
2024-01-16,6.813856601715088,6.839925851464446,6.608561337631394,6.735648852467017,24901100.0
2024-01-17,6.7389068603515625,6.7682348408523865,6.641146718168859,6.6900271000301474,17551800.0
2024-01-18,6.426074981689453,6.751940864318448,6.383712690425216,6.694914583474312,25175200.0
2024-01-19,6.546648025512695,6.629743582489335,6.33972303979666,6.4586640558620845,19477800.0
2024-01-22,6.318539142608643,6.422816123579002,6.191451649743497,6.377195099789429,26299600.0
2024-01-23,6.165380954742432,6.240329939498519,6.064362730873805,6.103466278772769,18044800.0
2024-01-24,6.227297782897949,6.328316041679001,6.211004114359133,6.292470592433507,14753200.0
2024-01-25,6.263141632080078,6.3120220085197865,6.220779343577442,6.2924696093279815,13602700.0
2024-01-26,6.615077972412109,6.647664688941907,6.460292156590434,6.474956147951847,18257500.0
2024-01-29,6.791046619415283,6.815486814899172,6.569457668366647,6.595526920164135,14373200.0
2024-01-30,6.849701404571533,6.875770651852286,6.800821643612607,6.817114690085622,16522500.0
2024-01-31,6.686768531799316,6.88880504520045,6.676992330877369,6.71283777938462,18090600.0
2024-02-01,6.761715412139893,6.809800348843015,6.655597367356062,6.665546171247086,14717100.0
2024-02-02,6.748448848724365,6.837986158021393,6.711307671242898,6.7119705451189295,8942000.0
2024-02-05,6.64896297454834,6.821405065420246,6.64067262321115,6.811456896820923,7201000.0
2024-02-06,6.771664142608643,6.823065346718119,6.728553924575177,6.741818363772616,6601900.0
2024-02-07,6.947421550750732,6.970634790400253,6.740159578860953,6.774979438335234,9838700.0
2024-02-08,7.156341552734375,7.212716836063915,7.055197606244905,7.080069296615986,12545400.0
2024-02-09,7.474695682525635,7.587445607660086,7.361945124877873,7.391790897932475,20880200.0
2024-02-12,7.899168014526367,7.929013788486609,7.574181400862986,7.580813935634891,18818700.0
2024-02-13,7.769838333129883,7.786419040926735,7.610661261231649,7.706830504977618,15529000.0
2024-02-14,8.144567489624023,8.200942779718686,8.062989069132835,8.134619318292483,16483000.0
2024-02-15,8.144567489624023,8.326958431701314,8.118037978550854,8.254001801865023,17783700.0
2024-02-16,8.161145210266113,8.262289124040258,8.121350645046736,8.227468642280868,13231400.0
2024-02-20,8.177729606628418,8.237421165182608,7.975441687642204,8.224156093275704,13097100.0
2024-02-21,7.992020606994629,8.073599003476936,7.950568218610335,7.998653140939297,9819800.0
2024-02-22,8.157831192016602,8.179386613805635,8.001969787175893,8.015234856742477,11399900.0
2024-02-23,8.008602142333984,8.04839671762785,7.933987708978806,8.021867211603045,9199800.0
2024-02-26,8.55577564239502,8.628732275769067,8.05503117567142,8.05503117567142,24040300.0
2024-02-27,8.930503845214844,9.02998933759398,8.814437015763627,8.910606873241683,23197800.0
2024-02-28,9.434561729431152,10.054688966117183,9.285332911772423,9.424612930749534,72413900.0
2024-02-29,9.69322681427002,9.960180309508717,9.4378799377362,9.912095384866642,40650100.0
2024-03-01,9.861898422241213,9.91970957686825,9.569441916642846,9.766679859142736,27956600.0
2024-03-04,10.589641571044922,10.6576549440371,10.215569965458734,10.215569965458734,40152400.0
2024-03-05,9.678264617919922,10.874615674994812,9.331398272228526,10.576038053124616,84052700.0
2024-03-06,10.48422145843506,10.56923785062108,10.20876852936696,10.42641028580362,23411600.0
2024-03-07,10.579438209533691,10.666154629073572,10.426408470788624,10.5454315288544,18464400.0
2024-03-08,10.814085006713867,11.02152521466209,10.354997000162426,10.67465817309662,45556700.0
2024-03-11,11.279970169067385,11.402393936621689,11.137143305085177,11.324179040072377,24019400.0
2024-03-12,11.150748252868652,11.439803414064407,10.72566637037668,11.296976524225649,34999700.0
2024-03-13,11.443204879760742,11.49081384339055,11.208558848661028,11.36158858693324,17407900.0
2024-03-14,10.803884506225586,11.359891203713712,10.67465921214297,11.327585853128566,42225300.0
2024-03-15,10.773277282714844,11.011323439426103,10.514827373567176,10.579440013009991,28884900.0
2024-03-18,10.412805557250977,10.688258421691405,10.368596680457465,10.596440584003446,21446900.0
2024-03-19,10.004728317260742,10.252976008384444,9.686767215653708,9.923112664642955,24851900.0
2024-03-20,10.239373207092283,10.288682215464624,9.661261552783838,9.87210246453854,23632200.0
2024-03-21,10.133954048156738,10.53523153727126,10.084645031895828,10.525029984966611,20993500.0
2024-03-22,9.91631031036377,9.991124489743257,9.732675270569214,9.967320007605396,14975300.0
2024-03-25,11.045329093933104,11.065733494284942,10.402605401192488,10.40600613458446,19166000.0
2024-03-26,10.783477783203123,11.028325383061086,10.76307403275614,10.967113483096597,14632200.0
2024-03-27,10.630452156066896,11.140549975688453,10.593044727502642,11.126948335776667,24538300.0
2024-03-28,10.98411464691162,11.137144371000694,10.93310560371316,11.052128001756412,16802000.0
2024-04-01,10.802546501159668,10.869533761123389,10.531073090181266,10.841328705211543,13986500.0
2024-04-02,10.192611694335938,10.26312466998354,9.977547723826165,10.023381359735575,16507300.0
2024-04-03,10.185558319091797,10.363603246027116,10.14677679509972,10.16793041477371,8646400.0
2024-04-04,10.587482452392578,10.73908419689658,10.390046402526918,10.41120069730922,12002100.0
2024-04-05,10.40414810180664,10.615686318734266,10.333635138676946,10.333635138676946,11778700.0
2024-04-08,11.10222625732422,11.186841429760763,11.014085368645118,11.176969693266246,11915100.0
2024-04-09,10.65446662902832,10.9752992970287,10.538120723846438,10.915363486937345,10678800.0
2024-04-10,10.823699951171877,10.83075071025238,10.411200620424584,10.442931389902183,17122700.0
2024-04-11,10.89421272277832,10.966488218072108,10.737322062686555,10.95062283264364,10287300.0
2024-04-12,10.323060989379885,10.8695342230696,10.065689086726945,10.837803449762546,24996300.0
2024-04-15,9.75895881652832,10.28251588441717,9.61793353615164,10.23562446593997,14721800.0
2024-04-16,9.68139362335205,9.787163079408725,9.522740447959334,9.758958025619249,10160000.0
2024-04-17,9.392291069030762,9.71664950364247,9.187804273675216,9.61440644219544,14154800.0
2024-04-18,9.790689468383787,9.901746497056354,9.536843294362903,9.639087041668333,9383100.0
2024-04-19,9.90703582763672,10.044535396090511,9.78716416758822,9.977548133719504,10397400.0
2024-04-22,10.234920501708984,10.30190709467503,10.111523119856413,10.167933236281309,9818200.0
2024-04-23,10.22786808013916,10.34421401807408,10.171457969168385,10.189085876673664,5901400.0
2024-04-24,9.818893432617188,10.199661978859655,9.787162664391856,10.146777589304603,9897900.0
2024-04-25,9.949338912963867,9.970493201151006,9.64613484602272,9.702544936265785,7936000.0
2024-04-26,9.766009330749512,9.959566619148946,9.70959922390086,9.790688668438108,7664400.0
2024-04-29,9.66376781463623,9.702550024188346,9.45222952906546,9.586204067993672,5918800.0
2024-04-30,9.02915382385254,9.427550387703532,9.01857667398578,9.35703807264353,13204900.0
2024-05-01,8.701251029968262,9.10876840490975,8.65597172147567,8.833316999191315,20276100.0
2024-05-02,9.10499382019043,9.142727052140929,8.92387517046988,8.999341634370879,7672900.0
2024-05-03,9.516283988952637,9.55024382378189,9.380445369337114,9.38799143953134,8522100.0
2024-05-06,9.682310104370115,9.852109284412684,9.608730699585513,9.738909591150463,7638100.0
2024-05-07,9.663447380065918,9.870979147334316,9.629487531647191,9.757780132406424,5992900.0
2024-05-08,9.516283988952637,9.629483678283986,9.45591110918985,9.493644338966966,5703500.0
2024-05-09,9.569111824035645,9.620051581738702,9.316300093047271,9.384219769984682,7056200.0
2024-05-10,9.29743194580078,9.677404101547651,9.214419417606662,9.621936708225814,10976400.0
2024-05-13,9.689857482910156,9.73513678720325,9.587977968698343,9.637031388001024,5842500.0
2024-05-14,9.425725936889648,9.546471712653236,9.35780625809723,9.493645615682064,4944300.0
2024-05-15,10.1275634765625,10.198878720278346,9.80683200228913,9.852112036181374,14411500.0
2024-05-16,9.995494842529297,10.18793367610887,9.901162123306063,10.127560793382123,6815800.0
2024-05-17,10.27094554901123,10.357732192085162,10.082280122705136,10.165293370888769,9684700.0
2024-05-20,10.742610931396484,10.761477909038469,10.221894583405026,10.263401214515786,9396700.0
2024-05-21,10.606773376464844,10.929391170295212,10.593566850614597,10.882224800915274,7868900.0
2024-05-22,10.66714572906494,10.836944218374178,10.599226045460588,10.68601198797653,6222100.0
2024-05-23,10.263398170471191,10.629408791750487,10.203025299326182,10.60676914499646,7309300.0
2024-05-24,10.591682434082031,10.6218688892248,10.248311236944849,10.331323808661994,5637800.0
2024-05-28,10.455840110778809,10.484140219454048,10.274721430421929,10.459613506582285,4803400.0
2024-05-29,10.274720191955566,10.387919893310304,10.253966877388788,10.368675792942668,3841900.0
2024-05-30,10.516212463378906,10.644504306810742,10.403012761948595,10.433199205056363,7507300.0
2024-05-31,10.29358959197998,10.512441535811949,10.146430017545182,10.489801158390138,10617900.0
2024-06-03,10.55504322052002,10.748713554758782,10.4884693798156,10.668017966948048,9669700.0
2024-06-04,10.760817527770996,10.871774434660594,10.559077417216292,10.595390698682335,7516300.0
2024-06-05,10.88186264038086,10.978697813147717,10.736610266019344,10.857654039583531,6188200.0
2024-06-06,10.748711585998535,10.952469504773154,10.744676691910415,10.857651417645716,4764000.0
2024-06-07,10.55504322052002,10.95852346830619,10.405755959802535,10.91010626953525,8724100.0
2024-06-10,10.583287239074709,10.708366676181198,10.534870037904968,10.551008848435702,4939400.0
2024-06-11,10.260504722595217,10.304887804327654,10.05876456137888,10.224191432010064,6791000.0
2024-06-12,10.284710884094238,10.680121321479392,10.232258793248231,10.5550426667101,8419700.0
2024-06-13,10.13945770263672,10.40978948382324,10.06683190867489,10.369442077036933,7856000.0
2024-06-14,9.961926460266112,10.260501719117327,9.893334794747766,10.248800294505738,7119500.0
2024-06-17,10.151564598083496,10.247189235107276,9.889302548947658,9.990172627044336,6331000.0
2024-06-18,9.772292137145996,9.935701928138943,9.727909829510708,9.857023396408936,6669300.0
2024-06-20,9.877196311950684,9.961523536242446,9.80255268135885,9.929649175290082,6318600.0
2024-06-21,9.76422119140625,9.784394893665318,9.623002966860549,9.663351140956092,6004200.0
2024-06-24,8.985505104064941,9.368810869233496,8.949191821001529,9.292150177946274,16587800.0
2024-06-25,9.409159660339355,9.47976916848843,9.25583749819364,9.308289594049992,12901100.0
2024-06-26,9.251803398132324,9.409160468799458,9.20742031888668,9.344603682393576,5496800.0
2024-06-27,9.316356658935549,9.475731501752806,9.304251977473635,9.352266675235096,5218300.0
2024-06-28,9.082340240478516,9.378898461371252,9.070235556302952,9.316358747497056,10778500.0
2024-07-01,9.576513290405272,9.688923931049814,9.47274981241927,9.554896208397746,12910800.0
2024-07-02,9.377634048461914,9.567866690301814,9.347369802016424,9.524632523744753,5981600.0
2024-07-03,9.148487091064451,9.221986311984596,9.06201712834475,9.11822285150416,4561700.0
2024-07-05,8.543201446533203,8.644803548306319,8.381070854157636,8.411335099458862,19552100.0
2024-07-08,8.547525405883789,8.698847463719488,8.327027691547006,8.672905974052426,13741800.0
2024-07-09,8.768024444580078,8.837200111529748,8.629672286041743,8.668583701780806,8911700.0
2024-07-10,8.685877799987793,8.791802676409683,8.681554217838475,8.78964129765451,7173600.0
2024-07-11,8.685877799987793,8.93880117093061,8.65777492833671,8.906375541769183,7814900.0
2024-07-12,8.742080688476562,8.873947027171027,8.709655066845343,8.724787188534336,8204500.0
2024-07-15,9.60245418548584,9.688924164880437,9.46410287816556,9.520308612163698,13611400.0
2024-07-16,9.879158020019531,9.885642980109989,9.55057323966813,9.680277389310504,10319900.0
2024-07-17,9.77971649169922,9.907259241661478,9.662982281637747,9.81430431416498,7465800.0
2024-07-18,9.606779098510742,9.840247580453804,9.563544927459615,9.814306912895336,7094200.0
2024-07-19,10.177477836608888,10.22503558165254,9.701894613700643,9.70621819500258,11495400.0
2024-07-22,10.32447624206543,10.326638445195885,10.065067941854254,10.22503633867522,6905700.0
2024-07-23,9.90942096710205,10.18612355652631,9.892126642943651,10.069390167012177,9498000.0
2024-07-24,9.926714897155762,10.155859754360252,9.909421396886088,10.091007685231071,6301600.0
2024-07-25,9.758100509643556,9.844570495162255,9.567867036285747,9.714865516884204,6464400.0
2024-07-26,10.272595405578612,10.307183235578316,10.0996562555801,10.190449000089728,6837200.0
2024-07-29,10.129919052124023,10.532003033650913,10.015347036288071,10.527679452440658,11833800.0
2024-07-30,9.92239475250244,10.08668675918658,9.86186542402806,10.030481837716458,6819200.0
2024-07-31,9.809979438781738,10.067226282885404,9.774958685601288,9.987242108607562,8494300.0
2024-08-01,9.517662048339844,9.776268817202014,9.35834109115036,9.71623543330571,9110800.0
2024-08-02,9.397595405578612,9.868629874172353,9.379123051134778,9.753180301329396,12462600.0
2024-08-05,8.039908409118652,8.35393139703951,7.458042439878894,7.47189670610259,24236000.0
2024-08-06,8.543267250061035,8.589447249196382,8.178446225783036,8.289278576031958,10242000.0
2024-08-07,8.220010757446289,8.64948338894263,8.217702153118143,8.607921464551984,11338200.0
2024-08-08,8.958888053894043,9.016612849190796,8.52941543595652,8.695663128270523,11706600.0
2024-08-09,9.143607139587402,9.18978715156723,8.954269883199524,9.076647047067642,9686700.0
2024-08-12,8.866528511047363,9.129753424829788,8.69566273709871,8.94503426435181,10249100.0
2024-08-13,9.143607139587402,9.26367481841077,8.84389992761898,8.848056472213246,5557400.0
2024-08-14,8.838818550109863,9.157459601024035,8.818037592858715,9.12513386325787,5277500.0
2024-08-15,8.570979118347168,8.995833734170985,8.51556379674139,8.880384119879846,8251000.0
2024-08-16,8.981979370117188,9.005068938147186,8.667956312370057,8.806495482171174,5604900.0
2024-08-19,8.866528511047363,8.910860581075816,8.724755905782818,8.82034850072526,4837800.0
2024-08-20,8.935796737670898,9.164386389013869,8.792639520004876,9.088190132169643,7658100.0
2024-08-21,9.2498197555542,9.259055051628591,8.843436780730434,8.935796787956827,6895000.0
2024-08-22,9.05124855041504,9.152843878340375,9.01892280429382,9.129754311342513,4497600.0
2024-08-23,9.554606437683104,9.591087838585556,9.120515817948789,9.16669582103717,11118100.0
2024-08-26,9.503808975219728,9.591550898813871,9.457628969074896,9.582314721422836,5369900.0
2024-08-27,9.314472198486328,9.360652206890618,9.20364070680227,9.35141602904768,6388800.0
2024-08-28,8.820347785949707,8.995830753980545,8.667954380803591,8.963505013617787,10751500.0
2024-08-29,8.871145248413086,9.162078681430428,8.81572994361671,9.023539538629096,9660200.0
2024-08-30,8.774168014526367,8.963505253848684,8.635628871884316,8.912707157168418,8959200.0
2024-09-03,8.675039291381836,8.847652539529069,8.586266710010888,8.847652539529069,9803200.0
2024-09-04,8.689834594726562,8.758879514219343,8.384062490020789,8.438312607145962,7811900.0
2024-09-05,8.369267463684082,8.561608376932297,8.329813086214344,8.458040048157633,8055700.0
2024-09-06,7.9845871925354,8.507357907833006,7.945132816676459,8.487630249570275,10673700.0
2024-09-09,8.551745414733887,8.566541160535614,8.196655981492336,8.295291464837218,9166400.0
2024-09-10,8.675039291381836,8.682930542866607,8.448175923359795,8.517221787018604,5701900.0
2024-09-11,8.61585521697998,8.67996915086419,8.295288369557838,8.492560203304825,7489800.0
2024-09-12,8.729288101196289,8.763810557511423,8.566538706663238,8.625719791584501,6228200.0
2024-09-13,8.936426162719727,8.983277945831311,8.623256604447635,8.63065400686877,8726400.0
2024-09-16,8.655309677124023,8.751480578988067,8.586264769734129,8.74408223843464,6066400.0
2024-09-17,8.96601390838623,9.18301340463678,8.808196434991773,8.862445603554654,10714200.0
2024-09-18,8.970948219299316,9.16822011375891,8.842721252733933,8.946288644575247,8646600.0
2024-09-19,9.454263687133787,9.5529000952158,9.36549110799328,9.454263687133787,8260500.0
2024-09-20,9.390151023864746,9.498650324190962,9.320119340884537,9.400013912500556,5758700.0
2024-09-23,9.459196090698242,9.535638417281122,9.414809798832966,9.459196090698242,4845600.0
2024-09-24,9.617012977600098,9.626876806414003,9.360559072437471,9.483854110611832,6002100.0
2024-09-25,9.43453598022461,9.562762933798298,9.40001351977525,9.488786098454458,4234400.0
2024-09-26,9.67126178741455,9.843874064980414,9.582489221428473,9.621943590681576,8027500.0
2024-09-27,9.80442237854004,9.952377009224216,9.762502511279491,9.80442237854004,11135500.0
2024-09-30,9.464128494262695,9.562763971872908,9.395082625202289,9.538105337637004,7937500.0
2024-10-01,9.19796657562256,9.45942099562918,9.088155200587655,9.443733371375778,11245200.0
2024-10-02,8.962655067443848,9.302546530525415,8.941739237449001,9.06723720952575,7711100.0
2024-10-03,9.088154792785645,9.098613208485292,8.920824131068951,9.009718669777122,6171100.0
2024-10-04,9.29209041595459,9.316143975479385,9.046322620463371,9.161363204691424,5808800.0
2024-10-07,9.42804718017578,9.616293693068464,9.3391526333708,9.396671930219076,6430700.0
2024-10-08,9.265942573547363,9.42281579498135,9.20057898062552,9.318233647358692,6843100.0
2024-10-09,9.072468757629396,9.292090514782116,9.03847940307602,9.20842517847341,5583900.0
2024-10-10,8.884221076965332,9.093384413610323,8.750879761532104,9.088155205523018,8612900.0
2024-10-11,9.401901245117188,9.451578226093645,9.140446810064743,9.140446810064743,8007200.0
2024-10-14,9.8149995803833,9.882977293609548,9.626752070880611,9.642439695795671,9677500.0
2024-10-15,9.97709846496582,10.133970684019074,9.649234270459267,9.814997038961558,11406900.0
2024-10-16,10.07645320892334,10.18103437458632,9.998017085333748,10.118285874662416,6649900.0
2024-10-17,9.940495491027832,10.076451886175024,9.91434945501724,9.971869736871248,6041500.0
2024-10-18,10.207180976867676,10.283002999378636,10.076453764553396,10.086912180907214,10171100.0
2024-10-21,10.07645320892334,10.10259825099673,9.930038380151856,10.10259825099673,8824200.0
2024-10-22,10.03462028503418,10.065994534189,9.89866387553743,9.982329204863216,6108100.0
2024-10-23,9.867289543151855,9.945725664061994,9.684271262781936,9.888205376622176,9757100.0
2024-10-24,10.144431114196776,10.15227542486702,9.997493660987132,10.034620738507778,8008600.0
2024-10-25,9.914352416992188,10.236464894764596,9.783625189991534,10.107829151795777,15190400.0
2024-10-28,10.348365783691406,10.400655866568773,10.165347501512429,10.249012830959492,12549900.0
2024-10-29,10.792838096618652,10.970627181319264,10.547071301824026,10.594133177031214,17098600.0
2024-10-30,10.69871425628662,10.792838005909932,10.625507338743802,10.693486045635948,11475900.0
2024-10-31,10.395428657531738,10.714403410733688,10.374512819833193,10.709174201966654,11742000.0
2024-11-01,10.282039642333984,10.650828038066097,10.207731415224236,10.408638377470908,14770500.0
2024-11-04,9.973797798156738,10.199474143960732,9.957284510709188,10.160943139916442,11505500.0
2024-11-05,10.30955982208252,10.463680692330623,10.199474386073192,10.282038725545824,12813300.0
2024-11-06,11.305841445922852,11.369140818884247,10.915035297812542,11.036129613495726,23669800.0
2024-11-07,11.377396583557127,11.43243983436935,11.074660278883943,11.140711339968458,12460000.0
2024-11-08,11.393909454345703,11.49298604232543,11.2408898736353,11.32235291596503,10982500.0
2024-11-11,12.940617561340332,13.00391692515121,12.13148533061478,12.15900642797166,30678900.0
2024-11-12,13.31490993499756,13.367200438233422,12.66540197965194,12.80300956172135,23886500.0
2024-11-13,13.31490993499756,13.887356930477782,13.259866692197289,13.347935460732709,24749200.0
2024-11-14,12.979147911071776,13.623151477455066,12.963185800104371,13.535082703408,16020000.0
2024-11-15,13.573613166809082,13.584622026440996,13.009422233956466,13.237850297074171,13371400.0
2024-11-18,13.579116821289062,13.75525436589209,13.292892786377854,13.397474847184368,16977100.0
2024-11-19,13.733240127563477,13.98093319978723,13.524075968943135,13.590128084787128,19092200.0
2024-11-20,13.991939544677734,14.10202603466748,13.821306430069948,14.030469501215372,15902600.0
2024-11-21,14.54787540435791,14.699243551933789,14.15706928075889,14.421276666375366,20992500.0
2024-11-22,14.690984725952148,14.784557917194997,14.377239628803329,14.465308391165715,14760000.0
2024-11-25,14.0249662399292,14.426780177094196,13.954511006450751,14.410267937124162,12801800.0
2024-11-26,13.430498123168944,14.030467190072862,13.411233148073514,13.634157781143744,11759800.0
2024-11-27,14.305683135986328,14.413016874744931,13.9534080857299,14.00294689590502,11259500.0
2024-11-29,14.388250350952148,14.6689699815387,14.371738110828788,14.421276930924218,10483700.0
2024-12-02,14.134180068969728,14.42029706557681,13.939620423960934,14.179958744768872,12870900.0
2024-12-03,14.117010116577148,14.237751720640054,13.813725761813116,13.899561718512984,6279500.0
2024-12-04,14.620576858520508,14.66635553046362,13.967658590861236,14.157067668665295,9010900.0
2024-12-05,14.58624267578125,15.323280035258673,14.417433623571176,15.192810333108296,17151700.0
2024-12-06,14.946751594543455,15.061197732279366,14.546187383843607,14.643467201216447,10001600.0
2024-12-09,14.139899253845217,14.815135435669957,14.139899253845211,14.597687032235497,10072000.0
2024-12-10,14.197121620178224,14.483238547340337,13.879531656396365,14.443182352169554,7720500.0
2024-12-11,14.929582595825195,14.989666893608751,14.506129639167987,14.529018427702391,9415100.0
2024-12-12,14.694971084594728,15.112701693529656,14.6034137207583,14.935309437527811,6421300.0
2024-12-13,14.929582595825195,15.021139932861914,14.672076903253457,14.78652412027413,6329900.0
2024-12-16,15.559041023254396,15.879491721763369,15.318702726510264,15.347313986726387,11282000.0
2024-12-17,15.690654754638672,15.953881844420865,15.5475962689441,15.868046971294046,7843400.0
2024-12-18,14.763636589050291,15.438872875707196,14.69496912107316,15.370205407730063,12002000.0
2024-12-19,14.145624160766602,15.115561712637057,14.025455544036484,15.04403246226444,14276200.0
2024-12-20,14.145624160766602,14.371656853892006,13.933898190875516,13.968231925448444,12078000.0
2024-12-23,13.626105308532717,14.021585850088178,13.527235744597974,13.997617921189066,12744000.0
2024-12-24,14.53091812133789,14.566870588427902,14.153414359621973,14.207342488802826,8575500.0
2024-12-26,13.979636192321776,14.153408472980598,13.925706942662686,14.003605255684862,6901600.0
2024-12-27,13.817852973937988,14.105476114061554,13.626104975794425,14.105476114061554,11061200.0
2024-12-30,13.775908470153809,13.85979793500266,13.2965384668629,13.554200272222351,9958000.0
2024-12-31,13.65007495880127,14.0635311788254,13.60812908136081,13.991626246172638,6930500.0
2025-01-02,14.225318908691406,14.324189619147692,14.021586362516294,14.11746036743302,9496000.0
2025-01-03,14.381114959716797,14.49496577316222,14.123453133823205,14.183374674737024,6321900.0
2025-01-06,14.938382148742676,15.028263881447897,14.441035342005009,14.465003270702551,8698800.0
2025-01-07,14.04555606842041,14.740643206857667,14.00361133224187,14.7286586699757,10424000.0
2025-01-08,13.686026573181152,14.003609910868338,13.464317235001754,13.907734768452324,7174400.0
2025-01-10,13.811861991882324,13.979642077330745,13.440350496622123,13.775909524610638,7436500.0
2025-01-13,13.626105308532717,13.662057773335508,12.999927593918525,13.248601570832772,9902700.0
2025-01-14,14.04555606842041,14.177382545397013,13.88376824923889,14.099485341480916,5864900.0
2025-01-15,14.51294231414795,14.69869921651906,14.372127998818856,14.38111583048222,6677700.0
2025-01-16,14.626791000366213,14.668735732553165,14.16539666049326,14.49496453593461,6639300.0
2025-01-17,15.273940086364746,15.477672609182047,14.926396572660204,14.998302639557904,10435500.0
2025-01-21,15.465689659118652,15.639462005232971,14.955160532005156,15.315886385395938,11430300.0
2025-01-22,15.172077178955078,15.309895932825253,15.034258425084902,15.22600645532313,7682400.0
2025-01-23,14.99830436706543,15.56156386052309,14.878461289401764,14.896438093923802,20562300.0
2025-01-24,15.243980407714844,15.615491861018578,15.23199587234164,15.339854404884075,9664300.0
2025-01-27,14.710679054260254,14.878459109829322,14.348155454651431,14.638774132522173,13549400.0
2025-01-28,14.704689979553224,15.094178264831475,14.704689979553224,14.920405917744157,7463400.0
2025-01-29,15.166080474853516,15.255962194878384,14.734647532989287,14.8544905882945,7516100.0
2025-01-30,15.255961418151855,15.50163978331013,15.231993494055938,15.26195368490284,8132600.0
2025-01-31,14.734648704528809,15.426740175273272,14.716671901931283,15.214018678047807,8918000.0
2025-02-03,14.695404052734377,14.844912047068078,13.71114219889955,13.75474854872389,14315200.0
2025-02-04,14.327862739562988,14.63933801651001,14.209501801631632,14.396387680710175,11297800.0
2025-02-05,14.14097499847412,14.396384575424378,13.985237393593057,14.327859649057949,6903100.0
2025-02-06,14.047534942626951,14.359010229054904,13.860650246043754,14.259338232452674,8666700.0
2025-02-07,13.879337310791016,14.545894143341307,13.851304491282647,14.477369209391131,11142500.0
2025-02-10,14.116059303283691,14.212617065837586,14.03507625495556,14.17212494758158,5097500.0
2025-02-11,13.79212474822998,14.106715440255527,13.729830643996372,14.041305917899914,5096600.0
2025-02-12,14.053766250610352,14.157798894497317,13.679995625119764,13.717373519397668,6856500.0
2025-02-13,13.941632270812988,13.972780510071846,13.77966617940227,13.891796276182651,7133100.0
2025-02-14,14.091142654418944,14.352781945769449,13.938519239387844,13.9976991167921,5848300.0
2025-02-18,13.611468315124512,13.982123425415212,13.474418448185888,13.95409060610356,7775900.0
2025-02-19,13.904254913330078,13.994583020626743,13.792123633676807,13.94786125804329,5396800.0
2025-02-20,14.25310516357422,14.299826920599338,13.997695585053131,14.15343319089202,5232500.0
2025-02-21,13.679991722106934,14.380810999383325,13.66753361575276,14.3340904271418,10244200.0
2025-02-24,13.58655071258545,13.848189982442756,13.530485069888607,13.785894691870284,7418600.0
2025-02-25,12.720651626586914,12.876389280591072,12.384257723609611,12.870159631848823,20330100.0
2025-02-26,12.19114112854004,12.770485285248524,11.86720658248182,12.371797344366897,17915100.0
2025-02-27,12.041632652282717,12.483304311588856,11.929501376505142,12.459009518686043,10656900.0
2025-02-28,12.172454833984377,12.315733181401647,11.711470361816216,11.836060952377975,11229700.0
2025-03-03,12.424696922302246,13.472485594901382,12.275937175256528,13.45954964290429,19396800.0
2025-03-04,12.534650802612305,12.838639524667654,11.758512140603695,11.94607852130731,14177300.0
2025-03-05,13.05854606628418,13.077948762223672,12.638137461176584,12.961528885665562,9924000.0
2025-03-06,12.85157299041748,13.210536358207433,12.664005412371454,12.97446081709579,8171500.0
2025-03-07,12.541120529174805,13.15362428523089,12.469975246253904,12.858044014594904,14626500.0
2025-03-10,11.363975524902344,11.959015851112053,11.144069236935245,11.920209221953298,13205100.0
2025-03-11,11.959013938903809,12.062499089207202,11.393078983464486,11.745575662198018,5885900.0
2025-03-12,11.95254611968994,12.081903176087232,11.60651741251355,12.017224647888586,5895400.0
2025-03-13,11.545072555541992,11.978417055694624,11.50626593521734,11.946077177390563,5185000.0
2025-03-14,12.204792022705078,12.308277172386116,11.920207244262082,12.02369239394312,5039100.0
2025-03-17,12.178921699523926,12.21772832728209,11.87493418707747,11.93961148879426,7013700.0
2025-03-18,11.85552978515625,11.87493371508431,11.674430140082228,11.861997761798936,3797200.0
2025-03-19,12.314745903015137,12.395593758259803,12.046330431455464,12.09483963805841,7030500.0
2025-03-20,12.120708465576172,12.469971739225649,12.0392141951807,12.263000225040672,4199200.0
2025-03-21,12.088371276855469,12.159516548330926,11.968715566680675,12.04956341935213,2645900.0
2025-03-24,12.709283828735352,12.786898320089616,12.557290685029006,12.560524056750207,3976200.0
2025-03-25,12.6963472366333,12.718985772106194,12.53012405824038,12.605798029303438,3410900.0
2025-03-26,12.457036972045898,12.657539296171931,12.347083845852856,12.605796721118754,2903800.0
2025-03-27,12.534650802612305,12.605797309244894,12.340616445520242,12.41823092854128,4368200.0
2025-03-28,12.068968772888184,12.295343033820608,11.99135551599965,12.256536405376345,4530300.0
2025-03-31,11.84906005859375,12.068966297406796,11.72617098781229,11.85552803428122,4605500.0
2025-04-01,12.199405670166016,12.308270631192736,11.843122974449086,12.021263693088514,6223200.0
2025-04-02,12.489710807800291,12.575482170560791,12.14332447373057,12.173014802847293,5779300.0
2025-04-03,11.76395034790039,11.887989576380663,11.658384993515552,11.77054833985423,6826400.0
2025-04-04,12.080644607543944,12.173015222669452,11.7408562524969,11.862915939324989,12262000.0
2025-04-07,11.216328620910645,11.664981967097178,10.87324061989292,11.024990646268312,16304400.0
2025-04-08,11.011795043945312,11.546219718555804,10.939218403014204,11.506633031883418,8147200.0
2025-04-09,11.836525917053224,11.93219364552762,11.00519788357074,11.00519788357074,15029900.0
2025-04-10,11.420859336853027,11.744153307603366,11.249315366129547,11.730958585576914,7597200.0
2025-04-11,12.054254531860352,12.107037203930425,11.671579844742793,11.790341171509995,5920300.0
2025-04-14,12.212602615356444,12.32806431788394,12.021264641524397,12.18621064995692,4379500.0
2025-04-15,12.067449569702148,12.430330254468448,12.04765559731127,12.33136290939019,4074100.0
2025-04-16,12.107035636901855,12.288475970006294,11.965181988116674,12.02126301936579,4757000.0
2025-04-17,12.212602615356444,12.28517926176697,12.021264641524397,12.153221951645683,3402100.0
2025-04-21,12.562288284301758,12.73317159966274,12.403939012839407,12.529298328397877,5940300.0
2025-04-22,13.142897605895996,13.189082285514225,12.852592287446685,12.872386260899413,7837700.0
2025-04-23,13.42000961303711,13.591553641788858,13.195682903010855,13.50578099819379,7581800.0
2025-04-24,13.452996253967283,13.452996253967283,13.288050242973323,13.31444220878269,3744200.0
2025-04-25,13.69052028656006,13.776291667172636,13.505780282667478,13.54536823535481,5001900.0
2025-04-28,13.598148345947266,13.670723728625536,13.400212395203964,13.650931014457862,5302000.0
2025-04-29,13.67072582244873,13.697117789965292,13.56516046925903,13.61134515397474,4661200.0
2025-04-30,13.479384422302246,13.565155770142402,13.304542102606256,13.558557780548876,6443600.0
2025-05-01,13.842049598693848,13.995924981659408,13.747148595360832,13.869163616962194,4765300.0
2025-05-02,13.875940322875977,14.043373335836735,13.86238396227942,13.896276803164318,4383500.0
2025-05-05,13.482779502868652,13.58446062708084,13.391267266835207,13.476000675059227,4439100.0
2025-05-06,13.59123420715332,13.631907162174768,13.353981767505672,13.401432255435202,3867300.0
2025-05-07,13.77425765991211,13.970839716608769,13.711894535272489,13.848823445959631,3994600.0
2025-05-08,14.50635814666748,14.567366299469697,14.187761020978543,14.2352115191738,6815400.0
2025-05-09,14.77072525024414,14.855458640730822,14.641930134684284,14.736831118292107,5364000.0
2025-05-12,14.547027587890623,14.953748113256363,14.401287348455735,14.87918361020503,7820300.0
2025-05-13,15.001197814941406,15.0283131185727,14.716493591457027,14.852067523755814,6333600.0
2025-05-14,14.76394748687744,14.940193106931128,14.671756475673188,14.892741318781692,6374100.0
2025-05-15,14.757168769836426,14.906299083486124,14.492799691323686,14.675824139618111,6510900.0
2025-05-16,14.892741203308104,14.96730700546432,14.7808937930028,14.804619040429047,5290100.0
2025-05-19,15.08254337310791,15.102879852099097,14.63515117873318,14.64870883139397,6250600.0
2025-05-20,15.306238174438477,15.340131010292096,14.885960028037996,14.946968166917562,6193500.0
2025-05-21,15.523157119750977,15.706181556348724,15.17066589954693,15.211338858521287,12289700.0
2025-05-22,15.882429122924805,16.018001790752965,15.792273175990816,15.929879621311118,12543800.0
2025-05-23,15.51637840270996,15.726518146772973,15.438423836852635,15.523157229253506,10563900.0
2025-05-27,15.706181526184082,15.821418990532202,15.53264718842784,15.780747324564908,7258100.0
2025-05-28,15.265569686889648,15.584166806115274,15.258790859723687,15.543495136048596,6964800.0
2025-05-29,15.075762748718262,15.479093170305385,15.04864873955944,15.475704404008818,8337700.0
2025-05-30,14.919854164123535,15.12999259096223,14.770723876194271,15.075763277812603,9787800.0
2025-06-02,14.875125885009766,14.928377311144253,14.754420756454016,14.797022168216497,5666400.0
2025-06-03,15.130733489990234,15.230138575218,14.962456787083443,15.024229299072305,5316800.0
2025-06-04,14.95322608947754,15.042690801823998,14.825420518360543,14.95322608947754,4840200.0
2025-06-05,14.505906105041504,15.081029747850126,14.465433623708018,15.073929288769268,10542800.0
2025-06-06,14.85382080078125,15.024227759644385,14.800568033641593,14.811219399634,7249800.0
2025-06-09,15.471549034118652,15.499949520137545,15.230138808723806,15.329542541201349,8418400.0
2025-06-10,15.599353790283203,15.71650935411916,15.414745884837478,15.613554710919258,5924700.0
2025-06-11,15.478647232055664,15.723608350256708,15.428945368732032,15.620653716643924,6237600.0
2025-06-12,15.1946382522583,15.43604850536,15.144936380315205,15.1946382522583,6131400.0
2025-06-13,14.95322608947754,15.09168167342953,14.80767004554413,14.924825603826132,8105500.0
2025-06-16,15.457348823547363,15.499950231668477,15.144935337352408,15.166236718550136,6062200.0
2025-06-17,14.889323234558104,15.038430184924753,14.690515773101591,15.017128805079729,8460400.0
2025-06-18,14.75441837310791,14.98162767150498,14.708266061160304,14.782818858270424,5926000.0
2025-06-20,14.67631721496582,15.084584924912528,14.541411162786334,15.06683309504786,6255100.0
2025-06-23,14.669215202331545,14.690516583351435,14.157994246323115,14.378103099764676,9184300.0
2025-06-24,15.017128944396973,15.116534030321692,14.890034366683082,14.939026592789167,5871200.0
2025-06-25,15.308238983154297,15.379242219511672,15.18114442246402,15.329540360343737,4358100.0
2025-06-26,15.29404067993164,15.315340704602669,15.137833276215018,15.22303743772174,5441400.0
2025-06-27,15.173336029052734,15.301140243730549,15.105882337509014,15.159135109330451,5838100.0
2025-06-30,15.272738456726074,15.3096600322923,15.130731980156234,15.29403983449379,8683900.0
2025-07-01,14.931676864624023,15.200550003001814,14.924310304048609,15.108470103350744,6630300.0
2025-07-02,15.565185546875,15.5946517890405,15.230014769895105,15.241065313221046,11261400.0
2025-07-03,15.520989418029783,15.69778267677718,15.47310747138114,15.520989418029783,5786300.0
2025-07-07,15.31473159790039,15.410494087915763,15.226334264401013,15.373662685223994,7635700.0
2025-07-08,15.41785717010498,15.49152136389264,15.310307924884391,15.43259028986804,6089200.0
2025-07-09,15.845108032226562,15.896672547099202,15.373659433359409,15.53571953796308,10335900.0
2025-07-10,16.073467254638672,16.154498016930365,15.660949692570368,15.756712171165091,10927800.0
2025-07-11,16.736440658569336,16.765906898412855,16.533865177241932,16.677509583909952,12749000.0
2025-07-14,16.979534149169922,17.303655812552545,16.878615212620467,17.23735816765547,14962700.0
2025-07-15,16.493350982666016,16.795372937581025,16.40127108409369,16.677510779810667,15607400.0
2025-07-16,16.891138076782227,16.99795110428707,16.73276052704135,16.83957355454619,14807800.0
2025-07-17,16.846939086914062,16.99058350580865,16.640679605536224,16.69224412462374,8046500.0
2025-07-18,16.603845596313477,16.898500948349675,16.58174591802543,16.824836759083738,10283600.0
2025-07-21,16.530181884765625,16.883768317427624,16.508082205838907,16.721708220381103,8383300.0
2025-07-22,16.891138076782227,17.03846508245263,16.6480471826496,16.891138076782227,8055400.0
2025-07-23,16.765907287597656,16.810105243361246,16.603847179779383,16.72170933183407,6632200.0
2025-07-24,16.83220672607422,16.93901975188199,16.684878317716752,16.81010704331225,7774700.0
2025-07-25,16.53754997253418,16.58911448976701,16.279725981342306,16.456519214009607,12566600.0
2025-07-28,16.699609756469727,16.865353847910217,16.609003735830356,16.780640513402343,8615300.0
2025-07-29,16.611215591430664,16.846941346780596,16.526502240847954,16.832208223628484,9140100.0
2025-07-30,16.515453338623047,16.81010878076503,16.349709213346937,16.625948953797796,9956200.0
2025-07-31,16.50071907043457,16.81010761447519,16.485985948092665,16.699612006966657,10744600.0
2025-08-01,15.962657928466797,16.340311530327266,15.947084247213418,16.30527149010116,14081400.0
2025-08-04,16.188474655151367,16.336420197120766,16.071673510707402,16.079460352682883,7796800.0
2025-08-05,16.040525436401367,16.172898761522084,15.87700474763434,16.110605519417515,8389100.0
2025-08-06,16.26633644104004,16.344203358069485,16.02495033491788,16.07166989106038,8235500.0
2025-08-07,16.601163864135742,16.616737545254182,16.324737707629314,16.429857827396823,10221200.0
2025-08-08,16.42207145690918,16.56223162061119,16.336417693493946,16.48436469797807,8846200.0
2025-08-11,16.79583168029785,17.04266845523865,16.737432599512484,16.850338083106095,9815600.0
2025-08-12,16.881488800048828,16.959355741747107,16.72186223790213,16.811408701039216,9154500.0
2025-08-13,17.340900421142578,17.360366783360316,16.939886230553636,17.013860486244575,13270900.0
2025-08-14,16.647884368896484,16.85033777938372,16.523297883240964,16.679031732904395,19825900.0
2025-08-15,16.484365463256836,16.725751597956524,16.468791780969607,16.71796475681291,10200000.0
2025-08-18,16.39092254638672,16.468789461668766,16.17289696582243,16.305270276245555,11319800.0
2025-08-19,15.931512832641602,16.332527013437073,15.861434227406834,16.313060651694737,15678200.0
2025-08-20,16.102821350097656,16.12228771301221,15.814714129322113,15.970448003015102,10443400.0
2025-08-21,15.79914093017578,16.056100765874426,15.760206721622536,15.95487330882418,8481500.0
2025-08-22,16.429859161376953,16.54665880887255,15.752418829601526,15.822498915136505,13583400.0
2025-08-25,15.604473114013672,15.909708967977783,15.565538908526763,15.729059601195615,14773500.0
2025-08-26,15.651193618774414,15.65898046034114,15.402020629391796,15.456527035170724,13203100.0
2025-08-27,15.77577781677246,15.861431576348524,15.627830818919614,15.666765021085077,8997300.0
2025-08-28,15.76799201965332,15.954871746848868,15.752418337756678,15.900365345398672,11326500.0
2025-08-29,15.215140342712402,15.553859770205309,15.183992977560443,15.542178765679267,17422200.0
2025-09-02,15.574360847473145,15.72912586018267,15.338138111789336,15.3870111919267,18202600.0
2025-09-03,15.769853591918944,15.83501821198278,15.62730491739693,15.66396011328578,9913000.0
2025-09-04,15.427738189697266,15.58739095722816,15.346282030210332,15.566213194730947,9932700.0
2025-09-05,15.67210578918457,15.908328506501205,15.464394049515708,15.859453876516811,12266200.0
2025-09-08,15.737268447875977,15.867597670966912,15.712832689575734,15.761705759823112,9367600.0
2025-09-09,15.631378173828123,15.875745104304794,15.537704132023832,15.851307789798309,10914000.0
2025-09-10,15.949056625366213,16.07938587135033,15.892037774454057,15.97349394160592,9389500.0
2025-09-11,16.079383850097656,16.120112705377366,15.965346162608409,15.98163770472029,8198500.0
2025-09-12,16.405210494995117,16.421502040653156,16.120116214216,16.144551979055752,11914800.0
2025-09-15,16.17713165283203,16.226004725834034,16.04680242239537,16.15269433950754,10294400.0
2025-09-16,16.388917922973633,16.42557311811015,16.095676361881484,16.20156828469417,9397400.0
2025-09-17,16.21786117553711,16.331898879373323,16.07938615503005,16.315608888573287,11035600.0
2025-09-18,16.486663818359375,16.559974207494605,16.421499200644398,16.478518046939126,8400600.0
2025-09-19,16.152694702148438,16.348188552192422,16.12825738827531,16.299315478093177,8272600.0
2025-09-22,15.72097873687744,15.912400485298855,15.700615084707456,15.826872213996678,12032000.0
2025-09-23,15.64766788482666,15.88389059324602,15.623232124401916,15.835017518749506,10415300.0
2025-09-24,15.883893013000488,15.98164073053144,15.81058261326409,15.851309922607747,9754400.0
2025-09-25,15.313700675964355,15.647669569329151,15.183371427512103,15.631379578508014,17642500.0
2025-09-26,15.264825820922852,15.44810179075877,15.20373486674222,15.28111736349649,11971100.0
2025-09-29,16.046802520751953,16.046802520751953,15.69654212918894,15.716905780260674,15017600.0
2025-09-30,16.0305118560791,16.054947617244206,15.794289140502606,15.875745302896124,13730300.0
2025-10-01,16.450672149658203,16.577736749932203,16.315136360604065,16.357490688790712,15594100.0
2025-10-02,16.950462341308594,16.97587590969347,16.6124694756464,16.704802694064007,17131300.0
2025-10-03,17.187652587890625,17.399427499329114,16.83187067204539,16.93352172473583,23336400.0
2025-10-06,17.57731819152832,17.709465856673173,17.433311182679994,17.509550282406426,19745900.0
2025-10-07,17.035173416137695,17.518019928010894,16.899637609847474,17.50107754829605,24339800.0
2025-10-08,17.26388931274414,17.39519033373725,17.038561799205727,17.14529588456603,21477100.0
2025-10-09,16.93351936340332,17.289301229635758,16.755629238144166,17.280830040473777,20966000.0
2025-10-10,16.298194885253906,17.168166470992812,16.20501341922822,17.08599771256234,34405200.0
2025-10-13,16.205013275146484,16.217720866764182,15.908529732635651,15.99323839294496,26013900.0
2025-10-14,15.739109992980955,15.878882197991247,15.35791453905672,15.484980767507606,18864400.0
2025-10-15,15.54428005218506,15.688287067981877,15.3748594633484,15.56969200951042,23886600.0
2025-10-16,15.1207275390625,15.578160463406336,15.010603690953332,15.518863752446412,28339400.0
2025-10-17,14.858129501342772,15.008912821270348,14.587056240365213,14.731063253875543,27571100.0
2025-10-20,15.476510047912598,15.597644993171814,15.33334968585302,15.442625288439505,24987500.0
2025-10-21,15.612046241760254,15.93394338617062,15.099551359870055,15.180025242044074,31692400.0
2025-10-22,15.044488906860352,15.230850234936018,14.993663383878667,15.095314429842034,27321700.0
2025-10-23,15.383329391479492,15.54851356339161,15.166471443342823,15.23085119718697,24004000.0
2025-10-24,15.425681114196776,15.552747331724705,15.31132410356416,15.527333765076303,18434300.0
2025-10-27,16.035594940185547,16.16265955112885,15.96782703996817,16.06947808243714,17397100.0
2025-10-28,15.857702255249023,16.21009596184182,15.832290303990488,16.061005943887768,19579000.0
2025-10-29,15.417214393615724,15.853470199657174,15.222380244690058,15.840764221839072,25216100.0
2025-10-30,14.858129501342772,15.124964743309263,14.81577354694888,15.103787573969544,29321100.0
2025-10-31,15.315561294555664,15.48921665463023,15.146140721730283,15.324032484768365,23045900.0
2025-11-03,14.851883888244627,15.087276750377772,14.683113693346716,15.002889958687096,30219700.0
2025-11-04,14.016908645629885,14.612050812199158,13.85702052719114,14.452161846639628,49482300.0
2025-11-05,14.469928741455078,14.576520263605834,14.23009527525333,14.301156854767733,31658700.0
2025-11-06,14.04355812072754,14.336686494694607,13.972495695592722,14.336686494694607,24982500.0
2025-11-07,14.443279266357422,14.46992799263689,13.843696479002285,13.954730297137653,37730000.0
2025-11-10,14.754175186157228,14.807470947690076,14.567637479429685,14.798588038394316,24831800.0
2025-11-11,14.301156044006348,14.576519437233545,14.283390226574504,14.5587536198017,25653900.0
2025-11-12,14.114619255065918,14.603168223895764,14.016908953027466,14.594285315143033,29535400.0
2025-11-13,13.626070022583008,14.389983218120856,13.599422143961228,14.256741283649594,39215800.0
2025-11-14,13.101990699768066,13.552343844509856,13.084224882031746,13.261879670911693,31441400.0
2025-11-17,12.764448165893556,13.346265160101527,12.676509398577464,13.084225270555471,42627100.0
2025-11-18,12.897687911987305,13.0486931158258,12.653413019143464,12.755563922109792,28109900.0
2025-11-19,12.44467067718506,12.844392257457129,12.302547523943506,12.657855407047387,31246300.0
2025-11-20,12.01830005645752,12.73779955985272,11.956121390318463,12.702268772470292,45681700.0
2025-11-21,11.760702133178713,11.907266743215365,11.449807942223812,11.636344795645083,37249100.0
2025-11-24,12.39137363433838,12.409139451427698,11.840646011381205,11.938355464010115,27308600.0
2025-11-25,12.13377571105957,12.249250985485508,11.965004677434472,12.10712783145999,18492000.0
2025-11-26,12.497965812683104,12.577910294173996,12.047612690930473,12.124892130472794,24250500.0
2025-11-28,12.613441467285156,12.950984373302296,12.551262800718062,12.933219403049184,15863100.0
2025-12-01,11.86738395690918,12.045911110640729,11.64563389255598,11.980138090227555,38868100.0
2025-12-02,12.64726734161377,12.835190896508214,12.280815737501957,12.318400448480844,31627800.0
2025-12-03,12.90096378326416,13.013718811124797,12.741229435323657,12.86337907267401,38989800.0
2025-12-04,12.844587326049805,12.957341459230284,12.62377726058264,12.891568438897552,33323600.0
2025-12-05,12.412363052368164,12.703645243402033,12.243231399762031,12.553305498813128,38426300.0
2025-12-08,12.590890884399414,12.741230637029693,12.435853826581244,12.684853117782056,37537900.0
2025-12-09,12.919755935668944,13.145264187848078,12.496927738810534,12.534512447507057,36152000.0
2025-12-10,12.83519172668457,13.135869433963428,12.703645677795196,12.760022299864856,40469800.0
2025-12-11,12.731834411621094,12.750626320904928,12.38417557701251,12.506326123673407,61120400.0
2025-12-12,12.525115966796877,12.872774744055189,12.417060041991617,12.797605327139344,34622900.0
2025-12-15,11.904969215393066,12.478136310137645,11.81476608380896,12.412363286700298,60155600.0
2025-12-16,12.149270057678224,12.2385331888458,12.041213226328164,12.064704231443493,46566700.0
2025-12-17,11.904969215393066,12.539212028549665,11.829799789724603,12.16806220523268,63466700.0
2025-12-18,11.745233535766602,12.393570032661229,11.715166125026007,12.271420392448634,48670700.0
2025-12-19,12.205646514892578,12.39826827381665,12.04591126660088,12.224439318734053,44682300.0
2025-12-22,12.2526273727417,12.543909553575174,12.17745795112471,12.468740131958183,36220000.0
2025-12-23,12.139873504638672,12.2432312375899,11.989534658131353,12.139873504638672,38245000.0
2025-12-24,12.093016624450684,12.14286436823286,11.963412870923682,12.07307714663116,24081600.0
2025-12-26,12.122925758361816,12.352225015869994,11.9833532066989,12.32231579699934,23735000.0
2025-12-29,12.063108444213867,12.212650725856474,12.053138705233255,12.122924976564256,40065600.0
2025-12-30,12.182743072509766,12.407056506257314,12.162803593545528,12.202681600707315,51531200.0
2025-12-31,12.122925758361816,12.33228553662289,12.06310922215391,12.33228553662289,45757200.0
2026-01-02,12.431981086730955,12.631371126257108,12.254523333554324,12.312347063015268,57156900.0
2026-01-05,13.050089836120604,13.149784374018129,12.800852065226833,12.860668597812015,60914000.0
2026-01-06,12.81082248687744,13.070029059836264,12.621401238475451,13.070029059836264,56669900.0
2026-01-07,12.591492652893066,12.742032293554614,12.541644907162532,12.651309187156372,53548100.0
2026-01-08,12.571553230285645,12.661278982846897,12.342254929977264,12.392102675929817,54677700.0
2026-01-09,12.481828689575195,12.737047747056016,12.412041463475209,12.531675485803722,59797000.0
2026-01-12,12.6513090133667,12.78091277017907,12.45690385353147,12.471858462275202,65129700.0
2026-01-13,13.079998016357422,13.089967755311577,12.731065709861817,12.785897372576382,55262600.0
2026-01-14,13.518657684326172,13.55853569132792,13.199632677545504,13.239510684547252,66498400.0
2026-01-15,13.169723510742188,13.428931013937907,13.149784033219465,13.399021797653822,64250800.0
2026-01-16,13.21957302093506,13.259451030544662,13.030151762214375,13.234526680309443,51356300.0
2026-01-20,12.38213348388672,12.621401534114792,12.322315995946342,12.551615257156616,53396600.0
2026-01-21,12.451919555664062,12.516721912428894,12.04316973890141,12.37216354023558,85113000.0
2026-01-22,12.352224349975586,12.43198036113104,12.216638370397996,12.372162877381124,59308600.0
2026-01-23,12.362194061279297,12.611431852440305,12.222621506719834,12.382133540940204,65932900.0
2026-01-26,12.102986335754396,12.272468093767236,12.023230326191486,12.107971205197906,62722000.0
2026-01-27,12.342254638671877,12.362193166122296,12.04316912078236,12.182742616001908,60475500.0
2026-01-28,12.302376747131348,12.501766777318512,12.272468480294938,12.43198050444467,56285400.0
2026-01-29,11.624449729919434,12.122925282322612,11.48487718373721,12.112955543090548,87709500.0
2026-01-30,11.564632415771484,11.6842664261843,11.295455179267698,11.435028666799283,58191400.0
2026-02-02,10.76638412475586,10.975924540408966,10.716493368345686,10.7763624663553,80939600.0
2026-02-03,10.54686450958252,10.826252342118249,10.057937230025424,10.826252342118249,104882100.0
2026-02-04,10.12778377532959,10.437105680564695,9.938200057118172,10.37723658705285,67491300.0
2026-02-05,8.780738830566406,9.76857169921356,8.591154167945081,9.65881280878174,104282900.0
2026-02-06,9.668790817260742,9.868353833142486,9.249710958035235,9.249710958035235,70076800.0
2026-02-09,9.758594512939451,9.818463611265871,9.44129067077703,9.509141681155612,82804200.0
2026-02-10,9.48918628692627,9.658814294699155,9.359470695594824,9.549054435794895,61522500.0
2026-02-11,9.319557189941406,9.409360354335776,9.060126037599217,9.379425331813014,84996400.0
2026-02-12,9.020214080810549,9.41434999962488,8.970323325676365,9.369448415162818,61325800.0
2026-02-13,9.479207038879396,9.588965935705632,9.20979753996002,9.279644975746695,68805800.0
2026-02-17,9.339513778686523,9.408363004596952,9.169885775143552,9.369448803961433,70300800.0
2026-02-18,9.139951705932615,9.429316955955828,9.070105216764372,9.239733220390432,76844400.0
2026-02-19,9.249711036682127,9.274655938085951,9.04017062949424,9.100038773498213,76054400.0
2026-02-20,9.339513778686523,9.389404535890993,9.174874946022705,9.239733215864629,61141200.0
2026-02-23,8.890498161315918,9.134961805467189,8.80069499579362,9.11500607512166,73329100.0
2026-02-24,8.880520820617676,8.930411579481454,8.656013833111292,8.685947907794727,69341300.0
2026-02-25,9.529098510742188,9.598945000206031,9.119996012590445,9.174874989346158,101186500.0
2026-02-26,9.299600601196287,9.4093604483694,9.159907634375193,9.38940376648812,103772300.0
2026-02-27,9.040170669555664,9.139951227200124,8.970323232458844,9.110017155065488,93444100.0
2026-03-02,9.523858070373535,9.663768189677786,9.03417408239823,9.03417408239823,133364500.0
2026-03-03,9.39394187927246,9.513865385120296,9.109125697268246,9.23904203438696,107639800.0
2026-03-04,10.063509941101074,10.213413843315452,9.82366484122972,9.883626592727412,113133100.0
2026-03-05,9.803678512573242,10.033529835068096,9.72372919055358,9.983561866203209,105372400.0
2026-03-06,9.383949279785156,9.51186610074951,9.31399374080273,9.493878050957894,105997700.0
2026-03-09,9.50387191772461,9.57382650425225,9.38894625326927,9.453903947464967,129374000.0
2026-03-10,9.643780708312988,9.893619596642958,9.5338519405493,9.7537104291364,145313100.0
2026-03-11,9.723729133605955,9.833658855076846,9.593813749601736,9.683754949360104,136567800.0
2026-03-12,9.693748474121094,9.728725765267177,9.538848633448572,9.643780506886818,114238000.0
2026-03-13,9.79368495941162,10.19342681364893,9.743716989367018,10.063510472756866,131081600.0
2026-03-16,10.183432579040527,10.26338189941493,10.03652795445614,10.17343974792098,121139300.0
2026-03-17,10.253388404846191,10.318346097726732,10.093491665700478,10.143458681888706,116242700.0
2026-03-18,9.773696899414062,9.983561600615884,9.743716500116577,9.963574985437464,133484100.0
2026-03-19,9.66376781463623,9.713735780524232,9.45390312035436,9.533851484551294,180064000.0
2026-03-20,9.66376781463623,9.703741996734696,9.54384526834083,9.703741996734696,154506200.0
2026-03-23,9.713736534118652,9.883627059482212,9.623794379154443,9.723729365623758,178351200.0
2026-03-24,9.543846130371094,9.729726141571218,9.46689513191282,9.70374287320734,140420500.0
2026-03-25,9.7437162399292,9.898616077399566,9.693748273727882,9.853645003124347,107243200.0
2026-03-26,9.413928985595703,9.596810655177418,9.353967235616636,9.533851532494158,92743700.0
2026-03-27,9.064154624938965,9.164090562170774,8.994200040712537,9.164090562170774,116132300.0
2026-03-30,9.144103050231934,9.35396775727298,9.094136034365755,9.323987357141329,93040000.0
2026-03-31,9.304000854492188,9.423923409536137,9.114122760877793,9.164090730411042,127136000.0
2026-04-01,9.359999656677246,9.505999565124512,9.324999809265137,9.420000076293944,111331200.0
2026-04-02,9.210000038146973,9.270000457763672,9.020000457763672,9.079999923706056,136907600.0
2026-04-06,9.579999923706056,9.675000190734863,9.5,9.539999961853027,102665200.0
2026-04-07,9.470000267028809,9.489999771118164,9.289999961853027,9.399999618530272,107655600.0
2026-04-08,9.800000190734863,9.979999542236328,9.699999809265137,9.949999809265137,94928700.0
2026-04-09,9.899999618530272,9.979999542236328,9.68000030517578,9.770000457763672,105567400.0
2026-04-10,10.0600004196167,10.079999923706056,9.869999885559082,9.93000030517578,80914500.0
2026-04-13,10.06999969482422,10.09000015258789,9.720000267028809,9.770000457763672,104875200.0
2026-04-14,10.1899995803833,10.460000038146973,10.145000457763672,10.229999542236328,94054800.0
2026-04-15,10.300000190734863,10.34000015258789,10.100000381469728,10.210000038146973,97629000.0
2026-04-16,10.350000381469728,10.359999656677246,10.050000190734863,10.289999961853027,121825300.0
2026-04-17,10.630000114440918,10.765000343322754,10.46500015258789,10.520000457763672,131006500.0
2026-04-20,10.460000038146973,10.5,10.25,10.329999923706056,107169600.0
2026-04-21,10.289999961853027,10.515000343322754,10.260000228881836,10.43000030517578,122564300.0
2026-04-22,10.81999969482422,10.920000076293944,10.75,10.779999732971191,99481447.0
