Date,Close,High,Low,Open,Volume
2016-04-25,99.6474838256836,100.18398006854686,99.21652342727782,100.08723440441996,16369600
2016-04-26,100.62369537353516,100.72923118099696,99.53310948933093,99.97285991391227,30564100
2016-04-27,100.9754867553711,101.1865717829083,100.17514450031666,100.68525658511018,24360300
2016-04-28,99.8233642578125,101.14261576782764,99.55072109296196,100.50057708052714,26126500
2016-04-29,98.92626190185548,99.78816900633504,98.25783935446168,99.39239629449064,33284500
2016-05-02,99.8057861328125,99.8321700917672,98.66243203766288,99.23410908523768,21881000
2016-05-03,98.16989135742188,98.996617627813,97.5630335985756,98.9878274501915,37929600
2016-05-04,97.36074829101562,98.49530527289666,97.0705180896512,97.61580436074637,30767200
2016-05-05,96.9737777709961,97.91484353020692,96.8330543965056,97.756533088935,26249200
2016-05-06,97.54546356201172,97.56305063038418,96.3405447216544,96.5692168708591,25497400
2016-05-09,97.8268814086914,98.40734847399764,97.29917553651988,97.55423158538709,23427000
2016-05-10,98.81192779541016,98.85590552577908,97.68616768258534,98.2050767186884,18635300
2016-05-11,97.58942413330078,98.7415682249916,97.51027226901348,98.59205467463136,23604600
2016-05-12,97.07052612304688,98.0555629317372,96.30535785053064,97.79171666229227,34803000
2016-05-13,96.42850494384766,97.57185911569456,96.1822456970034,96.79789381411403,24510300
2016-05-16,97.6509780883789,98.08193162512012,96.63076059384024,96.67473161020872,27337000
2016-05-17,96.10306549072266,97.99399386808528,95.66331501738529,97.51906255167376,46676300
2016-05-18,96.60438537597656,97.32558262835325,95.68091336389672,95.69850043124394,35734400
2016-05-19,95.8304214477539,96.54281506067522,94.97730446385278,95.90078313324382,36995600
2016-05-20,97.43992614746094,97.43992614746094,96.06790660017803,96.12067451813176,37404500
2016-05-23,97.32557678222656,97.96760870776524,97.1848534116616,97.42231571191545,23721700
2016-05-24,99.33084106445312,99.57710026087034,97.86206935429072,97.89725019807317,41124300
2016-05-25,99.91132354736328,100.17517656120113,99.45398592811335,99.64747724358632,26202900
2016-05-26,99.79695892333984,100.28068034735615,99.6034676697098,100.06080514278727,15157200
2016-05-27,100.79082489013672,100.79082489013672,99.83217191032858,99.87614293936716,21265100
2016-05-31,101.14261627197266,101.61754762315265,100.70286576644234,100.98430582157934,32764400
2016-06-01,101.82862854003906,101.97814210525353,100.6325065982026,100.7996139417131,26806100
2016-06-02,102.61138916015624,102.61138916015624,101.4680417847892,101.57357761971068,23303300
2016-06-03,101.99574279785156,102.43549334421805,101.14262566429086,102.43549334421805,28733200
2016-06-06,103.09508514404295,103.4117059697519,102.03088997821072,102.0924547659842,26946000
2016-06-07,103.39413452148438,103.76353003794571,102.86643526804536,103.15667220595785,21038500
2016-06-08,104.15930938720705,104.34400380208716,103.47329964334928,103.48209653264657,27999900
2016-06-09,103.49090576171876,103.72837484603366,103.15669771756863,103.72837484603366,23440700
2016-06-10,102.0836944580078,102.79608821609018,101.74948644892024,102.5322419068298,32686800
2016-06-13,100.9754867553711,102.18040529150916,100.78199550182468,101.7142709316339,36169500
2016-06-14,100.68527221679688,101.239355402473,99.97287188085926,100.60611364166613,34267600
2016-06-15,100.75565338134766,101.63515456438331,100.6677046050564,101.0458903821642,24197700
2016-06-16,100.74685668945312,100.7820308296471,99.28688159914311,100.01686914429813,36306600
2016-06-17,100.3158721923828,101.07224351589682,99.9816642603885,100.62370288060276,30096400
2016-06-20,101.40647888183594,102.41789977248182,101.40647888183594,101.84622942909444,28219800
2016-06-21,101.21299743652344,101.50323443642912,100.5533715513168,101.4416629121508,34706800
2016-06-22,100.81719970703124,101.91657598421276,100.69407010079176,101.40647049124637,27226100
2016-06-23,102.7433090209961,102.8224676021299,101.78465612878408,101.8638079998576,30240300
2016-06-24,98.83831024169922,100.29828497891104,98.0643518534548,98.45133440260672,74945400
2016-06-27,95.59295654296876,97.68616630382984,95.15320608572452,97.68616630382984,58358800
2016-06-28,97.07052612304688,97.51906679412122,96.3669226510738,96.4372843402831,42040600
2016-06-29,99.27806854248048,99.42758880923164,98.0907435574776,98.24025711416878,34031600
2016-06-30,101.12503814697266,101.16021228567269,99.0054373020449,99.48916558492988,42973800
2016-07-01,101.485595703125,101.9781139987034,100.96669345743469,101.18656865511196,24401900
2016-07-05,99.990478515625,101.37129492325738,99.44518543812956,101.16020983580458,29347200
2016-07-06,100.71648406982422,100.82260624718164,99.3192390957218,99.52263824892889,24678300
2016-07-07,100.92872619628906,101.68925163412014,100.29201334437413,101.00831951959856,20780600
2016-07-08,103.28108215332033,103.54637756919357,101.8307789564209,101.91921076171198,37964800
2016-07-11,104.47491455078124,104.73137147498896,103.88241411222212,103.96200070236588,26987300
2016-07-12,105.87215423583984,106.4911835050786,105.085099844845,105.23543456067256,44153000
2016-07-13,105.45655059814452,106.46468815215977,105.19124840101836,106.41163041150055,28050200
2016-07-14,105.5626449584961,106.4381311828253,105.50074202843066,106.38507345617305,19345400
2016-07-15,105.8544692993164,106.1551454934202,105.48305171858236,106.02249442975422,23857300
2016-07-18,106.03132629394533,106.4292726879664,105.5272577129594,105.7041212776549,17422400
2016-07-19,105.50077056884766,106.09327116646104,105.17356542317756,105.9075623260262,19734100
2016-07-20,106.19050598144533,106.50886579476916,105.1823688215573,105.7218114637498,22390500
2016-07-21,105.68644714355467,106.6503651277568,105.4565190912013,106.12861284205027,19018700
2016-07-22,106.47350311279295,106.69458596529176,105.54495243353284,105.74835162647352,17796100
2016-07-25,106.31432342529295,106.52656107502756,105.90753178542111,106.25242049633232,13694600
2016-07-26,106.82723999023438,106.9775747148456,106.0490240098216,106.29663573198442,19551100
2016-07-27,107.12789154052734,107.41972248442302,106.42926901434328,107.0040857001314,21064700
2016-07-28,106.85376739501952,107.21633976983294,106.5884652695164,106.89797991799452,16540100
2016-07-29,107.0660171508789,107.676208060369,106.1640019666412,106.74765726305051,30267900
2016-08-01,107.15443420410156,107.62312876696882,106.50887605985866,107.18096306661658,34771700
2016-08-02,105.65990447998048,107.1897938186716,105.32385427499388,107.14558130274489,28691000
2016-08-03,106.51771545410156,106.56193472329146,105.32386940201997,105.5626426605842,17830300
2016-08-04,106.61498260498048,107.17211565891458,106.34968725507562,106.5177056192749,17526700
2016-08-05,108.15373229980467,108.40134401088152,106.97756992527668,107.30476822337972,28643400
2016-08-08,108.10069274902344,108.64013556404883,107.91498392290374,108.19796976464538,14625700
2016-08-09,108.21565246582033,108.4455738073524,108.01225324394204,108.12721391470808,12487700
2016-08-10,107.43741607666016,108.41902443550968,107.13674664986952,108.22447045492144,19138100
2016-08-11,107.9503402709961,108.24217126994311,107.50817454419642,107.91496620322248,21144600
2016-08-12,108.05648040771484,108.29524697117115,107.561250123608,107.73812049182996,12251200
2016-08-15,109.1264877319336,109.38294462787542,108.26868526027948,108.2952141207368,22048000
2016-08-16,108.2421646118164,108.8788842987486,108.11835875568106,108.84351023315092,20244300
2016-08-17,107.92382049560548,108.33061218888916,107.29594592030364,108.27755445621732,20632600
2016-08-18,108.71971893310548,108.7462477991273,107.92381921788012,107.9591932882139,16244600
2016-08-19,108.71971893310548,108.83467960150476,108.13605689296884,108.56937744745832,17379500
2016-08-22,108.9673309326172,109.07344639695198,108.18027641986852,108.48979110236844,16929700
2016-08-23,109.72784423828124,110.06388774907032,109.31220739127885,109.31220739127885,21539400
2016-08-24,108.83467864990234,109.87819010142626,108.56937649817556,109.60404949237883,21533400
2016-08-25,109.04689025878906,109.38294047024226,108.42786104860534,108.4367062507258,17023200
2016-08-26,108.82581329345705,110.01966600823762,108.15372632818952,109.17070197868746,26734400
2016-08-29,109.39180755615234,109.80744445473547,108.98501586200466,109.01154472839691,14013900
2016-08-30,109.59518432617188,109.80742196074736,109.10879938556891,109.5067525406748,14031300
2016-08-31,108.97615051269533,109.5598056700403,108.3748049508448,109.46252868599738,29236300
2016-09-01,109.05575561523438,109.32989620942008,107.90612201596096,109.07343927583096,22964700
2016-09-02,110.10809326171876,110.12577691927156,109.3298773911458,109.66592760686136,23083300
2016-09-06,110.21418762207033,110.5148637182626,109.63053257767882,110.47064446246895,13711000
2016-09-07,110.90398406982422,110.9305129275238,110.08155574657788,110.14345866351418,17830500
2016-09-08,110.68292999267578,110.90401286011378,110.33803451231192,110.81557431560763,16265500
2016-09-09,107.22520446777344,109.84282514453224,107.18983039481412,109.81629627654137,54239000
2016-09-12,108.71971893310548,108.7462477991273,106.63269601180964,106.72997301849908,33408100
2016-09-13,106.6326904296875,108.02993577361488,106.01365435162306,107.94149722895304,47536200
2016-09-14,106.65035247802734,107.41972313104384,106.3762119364879,106.8006871784256,30545500
2016-09-15,107.92382049560548,108.05647157419918,106.5707943371607,106.72112907767364,29499800
2016-09-16,107.7646026611328,107.92378255009552,107.09250904696675,107.92378255009552,31940500
2016-09-19,108.48091888427734,109.2591347458173,107.87957333077485,108.17140427885232,22807000
2016-09-20,108.02108764648438,108.97616722891078,108.02108764648438,108.94963161808212,16877900
2016-09-21,109.58635711669922,109.63057639016456,107.97687406750345,108.40135615326352,30784700
2016-09-22,111.16046142578124,111.24889996899591,110.2407626479536,110.30266558005572,36287700
2016-09-23,110.37338256835938,111.31961674811262,110.37338256835938,111.03663101436152,26118000
2016-09-26,109.27734375,110.1109080882066,109.16205860935833,109.7828054954508,20028000
2016-09-27,109.7207489013672,109.85375983005378,108.9049102005773,109.22414996054704,16939500
2016-09-28,110.56317901611328,110.63412268588282,109.13546979841476,109.91582986919752,19426400
2016-09-29,108.94922637939452,110.52768551171788,108.80733906767318,110.5099529805324,26657700
2016-09-30,110.14640045166016,110.65186229133649,108.9492547014332,109.44584689043135,31764500
2016-10-03,109.800537109375,110.04883315551083,109.18865987742608,109.80940675832552,18674300
2016-10-04,109.25962829589844,110.23508016913584,108.76303609110006,109.97791441577628,26057300
2016-10-05,109.9158172607422,110.56316633340047,109.64978867796368,109.68526050877946,24317300
2016-10-06,109.800537109375,109.97788949502636,108.9137616499985,109.73846309784103,18937100
2016-10-07,108.9226303100586,110.243923838177,108.3905663923752,109.9956277942954,28732700
2016-10-10,110.22620391845705,110.616380561105,108.92264277336088,108.92264277336088,21481700
2016-10-11,108.21322631835938,110.0577212059944,107.6013489841052,110.00451683451526,31931300
2016-10-12,108.12454986572266,108.72755754817705,107.7698382703564,108.2664304445326,20210400
2016-10-13,107.22889709472656,107.6634219822388,106.51061106948136,107.29097111214824,26302500
2016-10-14,106.79437255859376,108.0447224817218,106.76777037637656,107.61907403512674,24554600
2016-10-17,106.67023468017578,107.16682683697084,106.55495629108,106.92740040867628,17119500
2016-10-18,107.28211212158205,107.81417611387278,106.9983442079896,107.7609649787512,19158900
2016-10-19,107.73435974121094,108.14227568259383,106.85645384052953,107.45059183565934,18477400
2016-10-20,107.41512298583984,108.18662017184752,106.77665025478191,107.42399263594864,20485600
2016-10-21,107.36193084716795,107.6279662562532,106.50175735876208,106.64364471442394,21093700
2016-10-24,108.04474639892578,108.72756746626573,107.69890442242536,108.22210559556804,15421600
2016-10-25,107.2377700805664,108.17775002092512,106.9451325183775,108.01813014750942,16459800
2016-10-26,106.17365264892578,107.29985475922102,105.9342194322363,106.5106249638072,24975300
2016-10-27,104.95874786376952,106.53720715838446,104.71931469201192,106.5194746253758,29525700
2016-10-28,104.66612243652344,105.5528980318722,104.41782635231552,104.91441852073136,35473700
2016-10-31,105.08290100097656,105.20704903475398,104.46216083208948,104.79913310011956,20311800
2016-11-01,103.7970962524414,105.26027071484272,103.11427518879668,105.22480564126778,34147200
2016-11-02,102.4757843017578,103.75274330744426,102.32503407624226,103.637464917149,29859900
2016-11-03,101.97917938232422,103.07877907435076,101.87276388997586,102.78614831012268,22717500
2016-11-04,102.6353988647461,103.66406173620472,102.02352834416097,102.24522222864148,35237200
2016-11-07,105.1449966430664,105.36669057263056,104.38236898412076,104.6395347542826,32370900
2016-11-08,105.4198760986328,105.9342075469792,104.38235031754692,104.90555141584704,26196800
2016-11-09,108.66545104980467,108.92261671044768,104.68383166483736,104.71043384256616,77416800
2016-11-10,110.40357208251952,111.20167154707173,108.73643624089166,110.1907478138261,83440700
2016-11-11,112.9397430419922,113.25898280512988,110.44790572497502,110.87355423211793,95612800
2016-11-14,114.52706146240234,115.51138290361688,113.85311688858182,114.349709051515,83119400
2016-11-15,114.88175964355467,115.18326004223576,113.77329035623964,114.2610195488821,38704500
2016-11-16,114.87288665771484,115.28080932131368,114.42063604619582,114.61572772907532,42325500
2016-11-17,115.54685974121094,116.016849711895,115.05913047037237,115.23648287855328,42576900
2016-11-18,116.1587371826172,116.2474066212475,115.54685987224592,115.8927018044834,41380600
2016-11-21,116.6996612548828,117.05436604256366,115.82174863836026,116.44248878236192,32293100
2016-11-22,117.76380157470705,117.8524710154229,116.7617408236533,117.16078713467908,39681500
2016-11-23,118.49982452392578,118.5175502930343,117.14305897544364,117.48002449308451,37939200
2016-11-25,118.89000701904295,118.91660920362064,118.42000351888768,118.58849304196048,13373400
2016-11-28,117.34701538085938,118.82792899157198,117.18738873856802,118.80132680637703,32505700
2016-11-29,117.28494262695312,118.02096804037082,117.14306880657102,117.50663653950824,27993700
2016-11-30,116.70852661132812,118.02095059089734,116.6109807629812,117.8702003763831,32491200
2016-12-01,116.14097595214844,117.5420827167093,115.53796164016784,117.2760473888096,39815900
2016-12-02,116.07891082763672,116.58437937190122,115.74194532924771,116.11438942606968,24054100
2016-12-05,118.07415008544922,118.23377670848572,116.95681784867384,117.02776151101006,27547100
2016-12-06,119.3510971069336,119.63487172813112,117.71057074566096,118.40225447093157,27820000
2016-12-07,120.5128173828125,120.76111350696476,118.98756203094914,119.35114333100208,31825800
2016-12-08,122.41053771972656,122.56130152819328,120.42416838900358,120.82321483268444,49048900
2016-12-09,122.64991760253906,123.10218176879282,122.15332548605052,122.72972415030608,34313500
2016-12-12,121.35520935058594,122.88046400102274,121.05369545466782,122.33065409513748,34592900
2016-12-13,121.36412811279295,122.4193934065916,120.81433148488064,121.95826623385524,32624600
2016-12-14,119.84774780273438,121.79866545022736,119.54624726853103,120.97395689358254,45923700
2016-12-15,120.74337768554688,121.61241404775284,119.67924959472607,120.04281733339658,41352500
2016-12-16,120.52166748046876,121.9582395323617,120.27337141053962,120.9118508849634,39348200
2016-12-19,121.31089782714844,121.65673975006412,120.52166812966796,120.63693974989248,33393900
2016-12-20,122.33956909179688,122.56126299426516,121.47939566773012,121.73655464089968,31753600
2016-12-21,121.54142761230467,122.50800949877214,121.49708613846934,122.24198771799618,23215900
2016-12-22,120.49341583251952,121.7667286672398,120.03928624752136,121.59754420121546,34737900
2016-12-23,121.13452911376952,121.20576540170926,120.44890531784844,120.61808980333868,17081400
2016-12-27,121.67774200439452,122.25653197752668,121.28596264630475,121.30376153512384,13571700
2016-12-28,120.43107604980467,121.971521499188,120.05709578048835,121.89138578153396,22712400
2016-12-29,120.53789520263672,121.33037992620478,119.93240736302408,120.46665894145978,21312900
2016-12-30,120.0749053955078,120.76944210587912,119.67419964289093,120.7427302006287,28399300
2017-01-03,120.6715087890625,121.8379740851208,119.76326313787663,121.53523006370288,29792400
2017-01-04,122.6838607788086,122.84414578809562,121.10779052431296,121.14341545390104,34499400
2017-01-05,121.26810455322266,122.6660776681741,120.66260288769494,122.4256704771083,30286900
2017-01-06,120.82286071777344,121.73110621799955,120.8139476917865,121.46397359005896,23436000
2017-01-09,120.03041076660156,120.84960776677244,119.7632780609747,120.6893227086228,24077900
2017-01-10,121.17902374267578,121.43725692142768,119.99474622191649,120.2084550332702,21684900
2017-01-11,121.39274597167967,121.80233758838516,120.58244859102948,121.30369722704069,27428800
2017-01-12,120.4578094482422,121.29481888045342,118.95297507589642,121.24139505915196,41844200
2017-01-13,121.3304214477539,121.96263499022488,120.78725665896016,120.78725665896016,27784500
2017-01-17,119.6831283569336,120.82288175344728,119.43380815062947,120.74274602719215,28197800
2017-01-18,120.0749053955078,120.15504111125902,119.27350747720448,119.99475609282618,21289700
2017-01-19,119.0954360961914,120.60027032245613,118.57898322885649,120.33313765494744,34105900
2017-01-20,119.70983123779295,120.10162398584735,119.09543020897412,119.09543020897412,29286100
2017-01-23,119.21118927001952,119.92352488940332,118.53445140990152,119.34474880192124,20537000
2017-01-24,121.03656005859376,121.34821706625716,119.51392712543444,119.6207747454652,34313800
2017-01-25,122.17635345458984,122.47909750180804,121.9448321115956,122.04278031357008,29127300
2017-01-26,121.6865692138672,122.43452962489464,121.4728604163186,122.29205709319557,22255600
2017-01-27,121.26810455322266,122.02496465146614,120.78726299722524,121.78455746040034,19467800
2017-01-30,119.57626342773438,120.42218580175287,118.64131947654646,120.41327277449048,40464400
2017-01-31,120.4132843017578,120.70712890397868,118.8550261180288,119.20229454121107,32945000
2017-02-01,120.34203338623048,121.87357947334868,119.94134119078322,121.29480336736172,30010500
2017-02-02,120.0392837524414,120.80505676010276,119.7543522263211,120.47560086170186,19935700
2017-02-03,121.87359619140624,121.9715443936789,120.66260641191413,121.0900241601584,24534100
2017-02-06,120.9564437866211,121.79345317655384,120.59136291025769,121.45508420949189,23691500
2017-02-07,120.42218017578124,121.51740911027458,120.0036755219552,120.9386330163949,30342200
2017-02-08,120.20843505859376,120.42214383443611,119.22005404907934,120.42214383443611,32956900
2017-02-09,121.9002914428711,122.21194847667346,120.20847391148207,120.20847391148207,28267600
2017-02-10,122.82637786865234,123.2092576855401,122.16745230159752,122.69280471464867,27287600
2017-02-13,123.14690399169922,123.95720139688396,122.95990705706764,123.56540864769876,23245100
2017-02-14,123.5565185546875,123.72570305386886,122.5325257049202,122.82637032135092,27145000
2017-02-15,124.29562377929688,124.45590889355736,122.94217448100542,123.0490221658867,20253500
2017-02-16,123.94830322265624,124.5181799478688,123.06678301828867,124.17982455869854,24613600
2017-02-17,123.86814880371094,123.91267317599618,123.10237579596944,123.2804596981796,26703200
2017-02-21,124.83872985839844,124.9455910797455,124.10858171167632,124.10858171167632,21353500
2017-02-22,124.28669738769533,124.67849026323272,123.99285273104223,124.66067779063494,14890800
2017-02-23,123.5476303100586,124.66957146698309,122.60377311006792,124.62506066795086,24596200
2017-02-24,123.45853424072266,123.45853424072266,122.25645780173797,122.39893034747726,24512300
2017-02-27,124.66063690185548,124.66063690185548,123.0667675940029,123.18251466058427,28269000
2017-02-28,122.73731231689452,124.19762226055828,122.66607602855328,124.10858709033128,40184100
2017-03-01,124.98117065429688,125.42638713374552,124.23321022968608,124.3489572752312,35719800
2017-03-02,123.5476303100586,124.98122858181848,123.44968209570476,124.95451666762516,25937000
2017-03-03,123.45853424072266,124.1441714785295,122.7729105898456,123.59210734745191,30989800
2017-03-06,122.61262512207033,122.8530458437429,121.9804252814698,122.6838613946744,23892100
2017-03-07,121.8112564086914,122.64826573515764,121.64207193798887,122.3455081411435,29711300
2017-03-08,121.00987243652344,122.5414187033061,120.90302479505168,122.23867466118078,34115100
2017-03-09,120.5290069580078,121.5352005585468,120.1105023765586,120.947511539457,35223800
2017-03-10,121.06331634521484,121.3749598452202,120.0660218191699,121.35714737504073,39516600
2017-03-13,121.34823608398438,121.80235212721452,120.78725881704584,120.78725881704584,21295000
2017-03-14,120.76946258544922,120.94754651296074,119.81669251351678,120.87631022456958,30037800
2017-03-15,122.63938903808594,122.8976223341604,121.07223113694336,121.35716276127133,31230400
2017-03-16,122.79964447021484,123.33389623195303,122.48798741900173,123.07567658515276,25306600
2017-03-17,123.28936767578124,123.52977481980083,122.26536150287949,123.00442257436954,33324600
2017-03-20,122.755126953125,123.3428161521172,122.31880977443085,123.12910728332014,19091200
2017-03-21,119.29135131835938,123.41406188078902,119.246826935588,123.33391255702696,61869000
2017-03-22,119.31804656982422,119.59407868275572,118.23171699917424,119.05982692490085,46332600
2017-03-23,120.01256561279295,120.83176238986816,118.99747247740304,119.31802891946988,37764600
2017-03-24,120.09918212890624,120.97431545153258,119.5365896084766,120.50995315489136,33514400
2017-03-27,120.32244873046876,120.61713944428242,118.23282490761326,118.55430444758672,35596700
2017-03-28,121.26007843017578,121.35830866287408,119.78663856575656,119.91165762318572,26891900
2017-03-29,121.65300750732422,121.8851955052804,120.82252663294436,121.17972007064525,22119500
2017-03-30,122.57283020019533,122.67999916439123,121.6798327129042,121.73342400803232,25792900
2017-03-31,122.76923370361328,123.3854038637648,122.28702127996,122.71565605943556,29434300
2017-04-03,121.47440338134766,123.32291405517678,121.09042114053604,123.20682006327772,38834900
2017-04-04,121.33154296875,121.93878823921054,120.86719416752136,121.38512062842575,25642600
2017-04-05,119.95631408691406,122.72459719841336,119.73306478956464,122.1888070604082,44968800
2017-04-06,121.07257080078124,121.11722338923413,119.5098255873287,120.14384601476615,41012100
2017-04-07,121.01898956298828,121.47441324919092,120.33137787412603,120.74216259925396,24300200
2017-04-10,121.28690338134766,122.2066895372214,120.69752187581948,120.97434886676392,22779900
2017-04-11,122.25131225585938,122.269176015305,120.62606442376472,120.79573607335804,32589200
2017-04-12,120.59033203125,122.07271060603787,120.483176731019,122.01913295592236,25700800
2017-04-13,119.41156768798828,120.88500738329324,119.35799004467592,120.44744754553976,30207000
2017-04-17,120.81358337402344,120.84038582559144,119.37585735862216,119.7241393423934,18278800
2017-04-18,120.84038543701172,120.96540449768564,119.8045054336816,120.30458167637735,24553300
2017-04-19,121.26007843017578,122.30489709890104,121.03682914004833,121.17078688975798,34627600
2017-04-20,122.80498504638672,122.93892918282172,121.58156955403504,121.75124121089046,31934400
2017-04-21,122.52818298339844,122.8317988383967,122.0816842697918,122.55497181613008,29386000
2017-04-24,124.05525970458984,124.43031716651552,123.6712771695466,124.19814263086604,33836900
2017-04-25,125.2607421875,125.80547111642372,125.0999955788372,125.2339533570659,32751700
2017-04-26,125.90372467041016,126.64491424372436,125.13574626170416,125.17146016687296,41669200
2017-04-27,125.86795043945312,126.62700349675704,125.44824067262236,126.21621879639189,23004300
2017-04-28,124.18021392822266,126.0644389518261,124.16235016526213,125.93941986321984,31113900
2017-05-01,124.89462280273438,125.27860516234594,123.93018393009608,124.69816227537882,20925200
2017-05-02,124.26056671142578,125.32323566035238,123.84979559106957,125.00175609282886,17993900
2017-05-03,123.4925537109375,123.91226340657538,122.95676366671384,123.67116401839874,27050300
2017-05-04,123.3228988647461,123.88547774422165,122.43882687406494,123.70688105826032,25799100
2017-05-05,124.11766815185548,124.11766815185548,122.81388642907424,123.84976630459312,23806500
2017-05-08,123.59978485107422,124.10878633066318,123.0193283116816,123.82303422174978,16680000
2017-05-09,123.54622650146484,123.97486154489162,123.03721131621988,123.76053721014706,23988400
2017-05-10,124.31417083740234,124.5552703184103,123.10861892812814,123.26935191546676,19791500
2017-05-11,123.4479522705078,123.9748174098708,122.3227669462426,123.83193457090736,28617300
2017-05-12,122.79606628417967,123.13540965296905,122.48352537308422,122.9746766631586,24111200
2017-05-15,123.75154876708984,124.34985523254348,123.21574501764056,123.21574501764056,31132200
2017-05-16,123.79623413085938,124.16235270967124,122.89429803466244,124.09984997711662,18520900
2017-05-17,120.45639038085938,122.37632888840793,120.33137131933606,121.74230851427389,50791200
2017-05-18,120.89397430419922,121.35832307203778,119.86701927204682,120.17064869847286,44805100
2017-05-19,121.47440338134766,122.12628749712724,120.9296745651331,121.12613503170591,44450500
2017-05-22,122.29598999023438,122.51923933801724,121.59052804670644,121.6798196101843,20062700
2017-05-23,122.69779205322266,122.95676883429364,121.76015602991131,122.59956183041191,16681400
2017-05-24,122.7782211303711,123.26043374543298,122.1888395583604,122.79607126814642,21256000
2017-05-25,122.85853576660156,123.77832163796094,122.51919252728518,123.35861193440236,22804200
2017-05-26,122.82286071777344,123.04611007562067,122.1441875752992,122.67999148455638,20047300
2017-05-30,121.85843658447266,122.7335702598489,121.6441122936203,122.44780453871242,25544100
2017-05-31,121.73338317871094,122.26917331574565,120.23314081769114,122.19773190559654,34345400
2017-06-01,124.08193969726562,124.12659227581302,121.68871409892849,122.09056005374732,44618600
2017-06-02,124.88568115234376,125.9304863857992,124.17128056827244,124.5284740472792,46680200
2017-06-05,124.10877990722656,125.11787137079234,124.08199107421682,124.98392720574358,20808900
2017-06-06,123.99266815185548,124.71599371232864,123.06394342216798,123.33184531058,25460900
2017-06-07,124.10877990722656,124.59993122250458,123.67121988402758,124.00162457518756,20542200
2017-06-08,125.80540466308594,126.32334448798773,123.89439188723158,124.10870241750058,33956400
2017-06-09,126.45736694335938,127.60932763565415,125.64473600964584,126.32342277892722,56979400
2017-06-12,126.25193786621094,126.79666665738824,125.8143643696735,126.50197597107382,34665500
2017-06-13,126.89491271972656,127.08243450874475,126.33232010055907,126.62701082364411,22046800
2017-06-14,126.14476776123048,126.84130442195988,125.42144227709258,126.83237935617528,33021900
2017-06-15,125.5018081665039,125.89472907608253,124.74276879668572,124.74276879668572,27376800
2017-06-16,125.18928527832033,125.2160741054406,124.37665451952036,125.046402449641,35608400
2017-06-19,126.11802673339844,126.43058129302042,125.47506747582048,125.51972007377502,25163300
2017-06-20,124.84105682373048,125.88586229371953,124.75175162073208,125.80549578665747,20111900
2017-06-21,124.52851104736328,125.73406324280757,124.3231254172128,125.06431505113004,23351400
2017-06-22,125.00173950195312,125.36787161032666,124.13553116070617,124.45701068556129,17917200
2017-06-23,125.8322982788086,125.98410623953276,124.617820966953,125.14468629406548,20772500
2017-06-26,125.98407745361328,126.38592356677908,125.19823536489136,125.99300252241812,22988300
2017-06-27,124.87674713134766,126.46628133670671,124.79638063947247,126.00193252183344,24610100
2017-06-28,126.78778076171876,127.03781897070114,125.37684308185504,125.61795622125248,25085400
2017-06-29,126.0376205444336,127.11815312001892,124.70704985030967,127.0199228858748,38794900
2017-06-30,125.84119415283205,126.51094221443414,125.70724999093528,126.13588493506406,22798500
2017-07-03,126.89491271972656,127.25210616379886,126.18051220552552,126.21622609951017,12968200
2017-07-05,126.43953704833984,126.67172516363026,125.64476966567878,126.53776733725584,21865500
2017-07-06,124.78836059570312,125.98117897154498,124.5103378323333,125.49686977703534,30563400
2017-07-07,125.9991226196289,126.16951351850253,124.82423145899944,125.0484451355833,20511000
2017-07-10,125.45207214355467,126.35789069740966,124.99466737033704,125.4879403194344,17206000
2017-07-11,125.81977081298828,125.90049815639652,124.64489305637116,125.36237972996852,16192900
2017-07-12,126.78839111328124,127.55072336215684,126.46552275533558,126.50140462006382,19358600
2017-07-13,126.8959732055664,126.95874591681488,125.9004639664623,126.6358776856212,16559300
2017-07-14,127.1112289428711,127.62244275555736,126.54621971585595,126.54621971585595,15465300
2017-07-17,127.40719604492188,127.76594619092737,126.68970943782966,126.99465048316404,15374600
2017-07-18,127.07530975341795,127.23673698635,126.49234614747768,126.94077337439502,16653300
2017-07-19,128.3399200439453,128.3757882125383,127.24575615547356,127.24575615547356,16985500
2017-07-20,128.4295654296875,128.71656544686337,128.0708290931317,128.3578154253935,17047800
2017-07-21,127.84669494628906,128.54624081693376,127.5776356841359,128.25924062132435,21662700
2017-07-24,128.02601623535156,128.08880263694192,127.32647062146845,127.63139795369082,16694000
2017-07-25,129.19195556640625,129.37132381564842,128.43860070863707,128.8063008298614,21066400
2017-07-26,128.4744110107422,129.2815746111896,128.29504284229986,129.2815746111896,13574900
2017-07-27,127.6583251953125,128.86010749588877,126.9498158345011,128.68073925004336,24355800
2017-07-28,127.3175048828125,127.676241304764,126.8780411337422,127.3713139776135,19933300
2017-07-31,126.9139175415039,127.6941905215273,126.4296219719361,127.55069046946343,16417700
2017-08-01,127.15606689453124,127.53274425188631,126.42961672785236,127.50583970385507,19835900
2017-08-02,125.76595306396484,127.19196269051942,125.31752563440006,126.98567621977784,19934300
2017-08-03,125.13814544677734,126.04396384140658,124.806313559769,125.95428657501076,19624900
2017-08-04,125.74800872802734,125.84666329651904,125.1022722224302,125.47894956987564,16473500
2017-08-07,125.95427703857422,126.32199075223426,125.29957693529138,125.95427703857422,9176200
2017-08-08,125.55966186523438,127.16502580629064,125.28163908926238,125.92737558793412,27248700
2017-08-09,124.47449493408205,125.01261338862004,124.01710382716928,124.77045871558586,26534300
2017-08-10,122.21443176269533,124.01710534306692,122.20545445456013,124.01710534306692,40983500
2017-08-11,122.39373016357422,122.6358847013554,121.76593477387593,122.16055292880432,32779600
2017-08-14,124.25027465820312,124.2951201412098,123.07539690199684,123.1023014548168,21710900
2017-08-15,123.22781372070312,124.5013592660223,123.174004635532,124.48341834266031,16646000
2017-08-16,123.26372528076172,124.11573459948688,123.05745250957771,123.46999805194572,21858600
2017-08-17,121.01261138916016,123.48793939129244,121.00364776774596,122.85116646301282,32722900
2017-08-18,121.00363159179688,121.48794078178312,120.28614511194976,120.60004972341925,42401900
2017-08-21,120.9229507446289,121.09335536935268,120.30411865901942,120.79739160297773,21504100
2017-08-22,122.23235321044922,122.37585328459522,121.20097550798044,121.30859372112978,25170600
2017-08-23,122.03504943847656,122.48347687608116,121.26375369839988,121.55074014230875,18381900
2017-08-24,122.41167449951172,122.80627898053498,121.99015179361685,122.5461971993022,15726600
2017-08-25,122.76150512695312,123.14714617158684,122.3489458447469,122.76150512695314,17163000
2017-08-28,123.2816390991211,123.41616181489506,122.66280723673056,123.20091178474158,16333300
2017-08-29,123.30858612060548,123.59557257475838,122.1785401791563,122.41173121338288,20277600
2017-08-30,124.0978012084961,124.22336034009244,123.09332815572544,123.19198273661678,15915500
2017-08-31,125.31752014160156,125.5058656751278,124.36685622217986,124.5821063055072,29260600
2017-09-01,126.02606964111328,126.1247242394568,125.31754652075844,125.54176027290998,17412500
2017-09-05,124.81525421142578,126.357845232699,124.28611327683848,126.12466796107964,21908400
2017-09-06,125.07534790039062,125.55964336056158,124.73453877495342,125.32646609231854,18399700
2017-09-07,124.7614517211914,125.28162906376808,124.29508346837854,125.19193812421776,18159800
2017-09-08,124.86009216308594,125.3533649050075,124.3219739564598,124.59999667874798,21870500
2017-09-11,126.16954803466795,126.3847981496444,125.7659660433926,125.90946612004356,22617700
2017-09-12,126.94084167480467,127.07537812621489,126.29511871073296,126.49241420661136,22679600
2017-09-13,127.3175048828125,127.55068218858924,126.7435183967397,126.8242320389412,25052500
2017-09-14,127.20093536376952,127.49689913053246,126.83322156098042,127.15608988063816,18353800
2017-09-15,127.7210922241211,127.77490132121623,126.94979656761564,127.03051021325837,23184000
2017-09-18,128.59103393554688,128.97667489579524,127.89148834981316,127.90941559104544,24427400
2017-09-19,128.59103393554688,128.86905670873375,128.33093840359228,128.76143852167223,16346300
2017-09-20,129.00360107421875,129.16504206679883,128.48342360800183,128.7255782544123,20244700
2017-09-21,128.8690948486328,129.38029507338595,128.68074928061574,129.1650586355619,17395900
2017-09-22,129.41612243652344,129.74795426170834,128.75244510123835,128.85109965533593,25203000
2017-09-25,129.5955047607422,129.99012302018858,128.86905463990533,129.38923201054675,30012800
2017-09-26,130.00816345214844,130.4936315049132,129.6215750999779,129.72046851862157,28238100
2017-09-27,132.55238342285156,132.92997266189855,130.50260542914123,130.9251487076562,66351700
2017-09-28,132.90304565429688,133.10981784058387,131.9590653945631,132.3816088087482,29291400
2017-09-29,133.2176513671875,133.4424078423391,132.8220914940798,132.9839095715266,21738700
2017-10-02,134.85391235351562,134.85391235351562,133.12778392155656,133.33455607944478,29772400
2017-10-03,135.15061950683594,135.15061950683594,134.25159324553965,134.95283263190657,28372800
2017-10-04,134.71908569335938,135.4023406878382,134.3055275927198,134.9348432084308,22024700
2017-10-05,135.08766174316406,135.42031074049322,134.73704210017937,135.11463142969748,22538500
2017-10-06,134.89886474609375,135.15957627083668,134.46733607291097,134.59319917417466,19350800
2017-10-09,134.3414764404297,135.46525917335725,134.11671989384416,135.02474512160225,13981300
2017-10-10,134.72805786132812,135.11463251678427,134.32349884202165,134.79098255772902,21951900
2017-10-11,134.62918090820312,135.02475465300537,134.3684693317027,134.79999809055423,15137100
2017-10-12,134.5302734375,134.86290872544973,133.97288161054627,134.36845531408136,17185600
2017-10-13,134.28750610351562,134.84491153880987,134.1616430151681,134.78197313561222,15464400
2017-10-16,134.17066955566406,135.16858914569576,133.98186802541997,134.50330484632445,20653100
2017-10-17,133.78404235839844,134.64711326075354,133.5053465235062,134.19760030949595,18046800
2017-10-18,134.42237854003906,134.77299815004238,134.0268048840253,134.40439417802511,20541700
2017-10-19,134.21559143066406,134.25156015435928,133.2086866559772,133.74810776701585,17164900
2017-10-20,134.83590698242188,135.22249527098776,134.72802825912314,135.13258718954066,25224500
2017-10-23,133.8290557861328,134.988793679091,133.68520828556433,134.988793679091,14676400
2017-10-24,134.10772705078125,134.65613354242166,133.99084926333407,134.30551389813027,17527700
2017-10-25,133.46044921875,133.95491641894048,132.3546507296349,133.9009770367474,27235300
2017-10-26,133.73912048339844,134.26055727842635,133.51436395371658,133.90095231815533,15205900
2017-10-27,134.6650848388672,134.77297727619143,133.32554501434828,133.84698168760107,32744100
2017-10-30,133.24468994140625,134.35947374024005,132.50748181296893,133.84703589807825,30524800
2017-10-31,134.1886749267578,134.7011265571373,133.6312829510222,133.76613142319883,22449400
2017-11-01,133.29861450195312,135.3304087142853,132.55242113225196,135.30343902654135,31585500
2017-11-02,133.69415283203125,134.16163644124518,132.80411221786937,133.27160954513042,28176600
2017-11-03,133.60426330566406,133.91892791383736,133.109796229127,133.48738552810556,22312700
2017-11-06,133.75709533691406,134.29651645701853,133.40647572426084,133.73012565271372,15576800
2017-11-07,132.15682983398438,133.8200335197949,131.74327181352834,133.7750794735205,29549300
2017-11-08,132.33660888671875,132.5613653602757,131.1139331218471,131.8511409397762,30682500
2017-11-09,131.86915588378906,132.50747051908115,130.6105246962356,131.5005655690384,40144400
2017-11-10,131.77027893066406,132.2467617272186,131.57249206589975,131.89614205205484,17823700
2017-11-13,131.80624389648438,131.99504545185334,130.808324173654,131.19489889067043,14680000
2017-11-14,131.44659423828125,131.69832041459884,130.8891888038228,131.3117321107947,19682200
2017-11-15,130.92518615722656,131.44662298450314,129.90928219045918,130.67345992585865,23925200
2017-11-16,132.8490753173828,133.41545236679227,131.42861259703014,131.44659695801,25889000
2017-11-17,133.46044921875,133.981886110037,132.30969667178988,132.38162042073145,25816700
2017-11-20,134.431396484375,134.4763505412944,133.35256770857004,133.73914241836218,22793000
2017-11-21,135.8338623046875,136.01366479715784,134.90786643631697,135.03372955285127,29392300
2017-11-22,135.65406799316406,136.44521546940663,135.62709830356957,136.00468767594398,14136600
2017-11-24,135.70797729492188,136.08556658360985,135.5461591932193,135.94173284366823,6816300
2017-11-27,135.29441833496094,136.3103083165301,135.2494642944559,136.02262714978258,18416900
2017-11-28,137.42515563964844,137.524049077681,135.447300597049,135.77095060169634,35898300
2017-11-29,137.88363647460938,138.63882886763605,137.50604713712124,137.85666678750667,38234200
2017-11-30,138.13534545898438,138.94447712522904,137.8027102142003,138.53991815113105,32230700
2017-12-01,137.56900024414062,138.1893305498519,133.7301543259643,137.56900024414062,62734800
2017-12-04,137.0565185546875,139.71764169815907,136.92167013443083,139.25912963318876,36366800
2017-12-05,135.69003295898438,137.51506896973137,135.68104763447772,136.1125764176922,29667200
2017-12-06,135.05177307128906,135.9238299456916,134.8090320552036,135.18662157019384,21273800
2017-12-07,135.99571228027344,136.55310419665324,134.87192940495763,136.03166729634037,29675200
2017-12-08,136.1215362548828,136.9036845213216,136.00465847969588,136.78680674613466,20832400
2017-12-11,136.06759643554688,136.76883564824303,135.77091619662949,136.13950644675532,26654100
2017-12-12,135.64508056640625,136.5890471236821,135.5911411880535,136.38227493397943,25854800
2017-12-13,136.45416259765625,137.29026389520268,135.58210629673206,135.58210629673206,30082600
2017-12-14,134.94383239746094,136.8317791067472,134.53027432701694,136.51712818089146,32882600
2017-12-15,136.8677520751953,137.7757635884052,135.37536530777822,135.79790871443308,42851600
2017-12-18,138.7197723388672,139.0973617700177,137.96459347656617,138.1533813331145,22714300
2017-12-19,137.62290954589844,139.14226576711593,137.38916771111454,139.1242814050406,24313600
2017-12-20,137.89263916015625,138.3960916234466,137.40715734337573,138.22527445524793,19042800
2017-12-21,138.49635314941406,138.99269390841334,138.14440493303837,138.2887974756619,16772600
2017-12-22,138.24366760253906,138.42415138864573,137.89171940012048,138.41513201885098,13599400
2017-12-26,138.32493591308594,138.46029536170147,137.9820069498793,138.0722557623133,11949600
2017-12-27,138.18955993652344,138.92954778384237,137.9007747873027,138.26175622382863,15949900
2017-12-28,138.7310028076172,138.74905532082911,138.081250032317,138.2888195091719,10167300
2017-12-29,137.58493041992188,139.11003050316748,137.52175350527304,139.11003050316748,21006500
2018-01-02,138.88441467285156,138.94759158404412,137.5849228929577,138.25271441109072,20489600
2018-01-03,139.02880859375,139.38979001115595,138.54150089279332,138.85734414173632,21836600
2018-01-04,139.3988037109375,140.01245144050975,138.99271168165794,139.8500201368109,14207100
2018-01-05,139.68760681152344,139.8590712955313,138.92054697521945,139.76883625186736,19883900
2018-01-08,139.9041290283203,140.12071781595833,138.52340821094708,139.63339648628008,18457300
2018-01-09,139.71463012695312,140.32827772216902,139.63340072285612,140.09365018929756,16571300
2018-01-10,139.73269653320312,140.03050102044648,138.90245997938788,139.3988007914601,18516800
2018-01-11,142.13314819335938,142.2775407280773,139.85901396665722,139.94024337370482,26522400
2018-01-12,142.7288055419922,143.36050588336985,142.1061245733361,142.29562779073206,24089800
2018-01-16,140.90582275390625,143.8567811516328,140.59899898093929,143.3604404776989,27704700
2018-01-17,142.24143981933594,142.53022489711597,141.0321832887004,141.50145215507777,18571600
2018-01-18,141.266845703125,142.13318738025765,141.13148627077638,141.88050725985102,17903600
2018-01-19,143.12582397460938,143.2070396084025,141.27583428582085,141.43826555340712,31040900
2018-01-22,143.89291381835938,143.89291381835938,142.86414092988505,142.94535658080957,12702400
2018-01-23,144.35316467285156,144.6599885368908,143.1890185857137,143.7034119195729,16904600
2018-01-24,143.4597625732422,144.9578045271219,142.9453691985834,144.7141437828081,20340900
2018-01-25,143.5138702392578,144.3170347861952,142.77388259052108,144.0643547334529,20290900
2018-01-26,144.02830505371094,144.109520714812,143.27928404903287,143.96512813727628,16120300
2018-01-29,143.216064453125,144.2628896732458,143.14386818587218,143.54094077074768,18293300
2018-01-30,141.8444061279297,142.78294411810955,141.4383140496939,142.2775838634131,24533800
2018-01-31,141.1043701171875,142.96337917841586,140.7072975468223,142.34973158423657,27468900
2018-02-01,141.54660034179688,141.87147672390302,140.35538235073014,140.53586616967073,21413000
2018-02-02,138.82119750976562,140.91483381544424,138.5324124910361,140.89679507929435,33314100
2018-02-05,133.48785400390625,138.78512997001206,133.43371024078232,137.77440967161496,52622200
2018-02-06,135.08514404296875,135.69879162836463,130.1668889104978,131.33102095692436,69232400
2018-02-07,135.2205047607422,136.07781302290203,134.11051645857796,135.01294910717343,37101000
2018-02-08,131.24984741210938,135.3649393656188,131.24984741210938,135.35591999353989,44704500
2018-02-09,132.45008850097656,133.50593340464715,128.59669593217143,132.44105535861564,53315300
2018-02-12,133.70443725585938,134.39028117690694,131.28591036684716,132.58541570780528,36213900
2018-02-13,133.99317932128906,134.2729312047282,132.56733425954107,133.0005117919898,25021200
2018-02-14,136.4027557373047,136.73666534347487,132.82009527649626,133.22620118210764,36286900
2018-02-15,137.89170837402344,137.9548714975965,135.87025432918966,137.36829579714606,23773600
2018-02-16,138.37904357910156,139.23635199334686,137.6570945781464,137.7202714843697,27973900
2018-02-20,137.241943359375,138.7670565665562,136.87194271040826,137.66608775794117,24046200
2018-02-21,137.3863525390625,139.70559730511428,137.17878311371226,137.54878380756665,26735500
2018-02-22,137.16981506347656,139.00175293936627,137.08859939883942,137.90078358528032,16340000
2018-02-23,138.95655822753906,138.9926632402439,137.30510503199923,138.054125690306,18065200
2018-02-26,139.8680419921875,140.11168889433148,138.49634050258243,139.4529169125597,15267700
2018-02-27,137.85557556152344,140.67117415804557,137.8465561942685,140.03946042951392,18125500
2018-02-28,135.6807861328125,138.61369293048858,135.64468110716126,138.19856775569542,29951800
2018-03-01,135.3197784423828,136.7817287565744,133.9029662865041,135.41002721894858,38943200
2018-03-02,137.48562622070312,137.84659378971818,133.9210060690366,134.20077177055785,31842300
2018-03-05,138.7129364013672,139.20926337043446,136.69148219578392,137.0073391488542,19603700
2018-03-06,140.2109832763672,140.22903578843272,137.89173808211606,139.3626942197038,17304000
2018-03-07,141.4473419189453,141.61879260822732,139.1732070875571,139.38979594722434,22684600
2018-03-08,141.15855407714844,142.1061113863017,140.3283174526621,141.59171801817752,23391300
2018-03-09,143.41458129882812,143.48677755629126,141.5645917901659,141.96166432119912,24927200
2018-03-12,143.66729736328125,144.0733893646316,143.0265777938251,143.71242175677165,15310100
2018-03-13,142.99948120117188,144.65995394244553,142.71069614876123,144.38922139831783,17757200
2018-03-14,142.32269287109375,143.83877347119608,142.051960258209,143.68536153690235,18097500
2018-03-15,141.60972595214844,142.710694856947,141.11338525407876,142.67460361073697,14172100
2018-03-16,142.4039306640625,142.82807527718447,141.4563732566616,141.6639289917953,36000300
2018-03-19,141.03219604492188,141.87146570435465,139.3807423783247,141.83536068135126,25663000
2018-03-20,140.99610900878906,141.70000550805844,140.57196448102007,141.38414851247487,11418500
2018-03-21,141.81729125976562,142.8189920931773,140.959982961087,141.06828424715178,22213500
2018-03-22,138.70762634277344,141.6653856919788,138.67143794969445,140.79705748367508,29774800
2018-03-23,135.72267150878906,139.2412393101408,135.67744293411306,138.89751870479094,35744100
2018-03-26,138.689453125,138.73468168966482,136.06634819446248,137.5678482096853,28442400
2018-03-27,136.00308227539062,139.02416364608575,135.41515215419335,138.98798906400074,32820600
2018-03-28,135.95785522460938,136.89855999128815,135.12570180905487,136.34680444597407,26510900
2018-03-29,137.33273315429688,138.4814729010616,136.35585373994093,136.65434582225737,22617700
2018-04-02,133.98602294921875,137.54981988524037,133.1267213008186,137.05233308927853,35040700
2018-04-03,135.90354919433594,136.22013536210602,134.13974549261056,134.79099821352776,29857800
2018-04-04,137.63124084472656,138.01113613753176,134.11267203559697,134.32070697650352,29619700
2018-04-05,138.77085876464844,138.94271903238413,137.77589933316764,138.42713822917705,17301600
2018-04-06,136.00308227539062,138.7528059740622,134.90861139223125,137.82115521484678,25762700
2018-04-09,136.1658935546875,138.02920894277764,136.05735600265652,136.94377821516784,18997000
2018-04-10,138.73471069335938,139.2502777932256,137.18798179011463,137.61310554356342,23420000
2018-04-11,139.03321838378906,139.57591992890335,138.05633904039385,138.19201097621627,14884600
2018-04-12,139.98294067382812,140.57088456275136,139.23219047222764,139.6844486320961,14413200
2018-04-13,139.2503204345703,140.49855769304534,138.8523309433564,140.46236930193828,19813600
2018-04-16,140.53469848632812,140.94174187834602,139.39501287342028,140.0553059331493,18846900
2018-04-17,142.06333923339844,142.45228845045878,141.06837950490538,141.2945085979935,18624200
2018-04-18,142.44320678710938,143.25727964520564,142.1537687811223,142.47939516399643,16974200
2018-04-19,141.457275390625,142.49746340742536,140.99597713828948,142.1356624803176,16174500
2018-04-20,140.69752502441406,141.755807527944,140.3357101929778,141.14978321234094,21480600
2018-04-23,140.48948669433594,141.36685485982642,139.81109942899926,140.9055564880542,13268200
2018-04-24,139.68443298339844,141.67437970534704,138.56284170574253,141.01407292859946,24859700
2018-04-25,139.47642517089844,140.0191405279368,138.35483367569563,139.621151106352,21981400
2018-04-26,140.11859130859375,140.57084935518904,139.24120959405323,139.67537345427505,14862900
2018-04-27,139.91961669921875,140.53468110578652,139.0965036241158,140.0914769898251,17734300
2018-04-30,138.68048095703125,140.78799232560252,138.65333276345976,140.2181562971398,15624600
2018-05-01,139.3588409423828,139.55782184209437,137.224181800128,138.4000420159722,24977500
2018-05-02,139.88345336914062,140.90556130040642,139.00607137186063,139.09652853105794,16786800
2018-05-03,139.12364196777344,139.7477603875044,137.63119567853886,139.39499960267682,20985900
2018-05-04,140.86032104492188,141.55680246790075,138.210094882379,138.62616465581934,17927900
2018-05-07,142.05430603027344,142.78696211964856,141.1950181946091,141.27642135968964,16303500
2018-05-08,142.75979614257812,142.75979614257812,141.782916972292,141.93668307291728,17281200
2018-05-09,143.5286865234375,143.90859563855886,142.3528259925983,142.92266206162452,15758500
2018-05-10,144.2974395751953,144.87632927595763,143.60095837524378,143.72759006597866,15828700
2018-05-11,144.5779266357422,144.8402441726046,143.85431061237276,144.31562290070747,14413600
2018-05-14,144.02615356445312,145.34675368263927,143.86334722483036,144.74072930433346,15028500
2018-05-15,144.0532989501953,144.35179106411405,143.067379235687,143.55582589549113,17544900
2018-05-16,145.5547637939453,145.91657860113983,144.24321789719633,144.26131208801198,21004400
2018-05-17,146.22412109375,146.5316533500715,145.40100787669132,145.62713697136735,18639700
2018-05-18,146.4140167236328,146.82106001018144,146.12457874851376,146.48637966786768,17579800
2018-05-21,147.3819122314453,147.65326992618472,146.85729103543594,146.86633123125785,15667300
2018-05-22,146.3145294189453,147.73462641837776,146.19695170310575,147.67130366215378,13212000
2018-05-23,146.50448608398438,146.7848838901632,145.74469580882467,145.92559628360246,14235700
2018-05-24,146.55877685546875,146.84822870003845,145.28340554375282,146.45927950912588,12785000
2018-05-25,146.29649353027344,146.67638877770145,146.05227022770345,146.3055337259888,11150200
2018-05-29,146.09750366210938,146.73970262486677,144.82213213078424,145.5186136751132,20986900
2018-05-30,148.41302490234375,148.69342272578243,146.8572558802108,146.8572558802108,25169000
2018-05-31,147.22811889648438,148.6843906607062,146.83916971877608,148.41303301609022,28573700
2018-06-01,148.19593811035156,148.68438461115142,147.68941122198325,148.18689791656735,21108200
2018-06-04,148.98289489746094,148.98289489746094,147.7256177161463,148.63013407110142,14836000
2018-06-05,149.90548706054688,149.94167544266062,148.6482099176592,148.83816441919672,13283600
2018-06-06,150.9909210205078,150.9909210205078,149.76983212122045,149.8874236736933,16661300
2018-06-07,150.16783142089844,151.26228864394912,149.45325566531537,151.15375108181553,17571900
2018-06-08,150.62002563476562,150.70142877176016,149.93258456195727,150.2039421537595,17569800
2018-06-11,150.84620666503906,151.15373893425345,150.41202884774498,150.72861511429377,15923000
2018-06-12,151.5336456298828,151.90450070117595,150.8100296815081,150.98189002195255,16166700
2018-06-13,150.93661499023438,151.84113119690315,150.7104859385672,151.75068785732947,19853700
2018-06-14,151.74166870117188,151.81403167053818,150.70148034540992,151.49745920661397,19248100
2018-06-15,151.78688049316406,151.84114926372985,150.6291007150153,151.27131337096552,24922600
2018-06-18,152.50148010253906,152.51052029844772,150.81002494346606,151.027113861706,18616500
2018-06-19,152.51048278808594,152.6552086979835,150.63812755857,151.5516977882038,24605900
2018-06-20,153.74066162109375,153.94869653942013,152.81805098052038,153.2703092040803,19216900
2018-06-21,152.30245971679688,153.84013467356226,151.7507042191655,153.74967752241346,26946200
2018-06-22,151.7959747314453,153.04419819084023,151.3346624556924,152.8723378372717,33638200
2018-06-25,149.31759643554688,151.38893329977125,148.4673486548498,151.2713555313835,37005100
2018-06-26,150.1859130859375,150.74672269930775,149.1095500480642,149.45325693167504,20464000
2018-06-27,147.77989196777344,150.61101887850043,147.7165691957034,150.33967500341382,27511800
2018-06-28,148.23216247558594,148.5396947607805,146.76683641927048,147.6442184931336,26759100
2018-06-29,148.13267517089844,149.29045521880806,147.987949214453,148.62110802161817,24146500
2018-07-02,149.15476989746094,149.2090524826577,146.9658415566394,147.21910508025002,24283600
2018-07-03,149.74935913085938,150.42111627714127,149.51332436979365,149.55871673552207,13561300
2018-07-05,151.4559783935547,151.48321103901588,149.6313218886362,150.56634632094702,18640500
2018-07-06,152.73599243164062,152.9084751148657,151.16551626909575,151.574019867794,19597500
2018-07-09,153.69822692871094,153.71638664315532,152.8630601377149,153.42588661925922,16565200
2018-07-10,152.999267578125,154.20663267919906,152.1187220242756,153.94337907679997,18790700
2018-07-11,151.70111083984375,153.06279874259437,151.64664554002263,152.16407974012893,23912600
2018-07-12,152.4364471435547,152.73602019754097,151.27447436847288,152.57262426908017,19617600
2018-07-13,151.98251342773438,153.1717185628244,151.98251342773438,152.37287113532386,15409100
2018-07-16,151.39242553710938,152.53623809132435,150.65711647712817,152.29113045406328,15946900
2018-07-17,152.06419372558594,152.50901667754454,151.22902696313955,151.37427697012234,15134700
2018-07-18,152.49085998535156,152.56348499028203,151.21088409738672,151.92803351189465,13780000
2018-07-19,153.57113647460938,153.64376148050934,151.83725081973176,152.30023350086867,18398300
2018-07-20,152.9447784423828,153.69824739642246,152.8267749122888,153.2352785049643,17570700
2018-07-23,153.1354217529297,153.55299828062346,152.33656042787317,152.7813834569261,12335000
2018-07-24,151.50137329101562,154.10673133033853,150.8931544458547,153.82531808798984,25831300
2018-07-25,152.0551300048828,152.0551300048828,150.8205325743531,151.54676880145362,18401200
2018-07-26,152.87216186523438,153.75272118230868,152.06422756781433,152.20040467409336,20944200
2018-07-27,150.02166748046875,153.16263319486916,149.59500422746456,152.96291789125854,28777100
2018-07-30,149.05943298339844,150.71162095426175,148.9414294510551,150.01261728568068,20093700
2018-07-31,150.575439453125,151.25628338460314,149.23191130684697,149.359001619984,23567300
2018-08-01,150.47561645507812,150.91136664491032,149.33180337333764,150.4211511443012,17942600
2018-08-02,151.5740203857422,151.79189543663503,149.73120386716613,149.7493635843586,18292200
2018-08-03,151.0475311279297,152.21857687440914,150.33945437855914,151.73744815629348,21734900
2018-08-06,151.89175415039062,152.06422298358817,150.60267740514675,150.93856984239738,16288800
2018-08-07,152.2548370361328,152.95384057874782,152.14590645612122,152.4091599750836,15045700
2018-08-08,152.11868286132812,152.49995376585528,151.1382660274851,152.25484609444354,14789500
2018-08-09,152.50904846191406,153.1535868448513,152.10054485246656,152.19131573689603,10437800
2018-08-10,152.08236694335938,153.11724909434727,151.56493279376758,151.6466307355235,20521900
2018-08-13,151.1927490234375,152.55443692124365,150.58453009130076,152.2730236386526,20517200
2018-08-14,152.69056701660156,153.0536920215879,151.5013620603518,151.51952177355176,17683100
2018-08-15,150.77513122558594,152.34562095547113,149.92180474849297,152.23667652422745,27479900
2018-08-16,152.17312622070312,152.6633276410662,151.3197998113656,151.47412273725402,15484700
2018-08-17,152.82676696777344,152.9356975596762,151.53769032183598,152.0279056890076,15106700
2018-08-20,153.25340270996094,153.58019442693288,152.3546839328816,153.2443159277325,12547300
2018-08-21,155.01454162597656,155.5592223129131,153.52576344706267,153.5439231637753,20661200
2018-08-22,155.39581298828125,155.67724011677302,154.7058961211852,154.86021908414858,14329200
2018-08-23,154.9237823486328,155.70448400408097,154.48803222572712,155.31412625045374,12945800
2018-08-24,155.7680206298828,155.94050332027473,155.25058641051328,155.36858994725023,11894300
2018-08-27,155.99496459960938,156.99354128044138,155.79524926344297,156.24007230341465,15880400
2018-08-28,156.14019775390625,156.57593396215614,155.32319063196218,156.28544777392432,13170300
2018-08-29,156.59408569335938,156.83919335816705,155.6499883149872,156.15834950732634,13157900
2018-08-30,156.46701049804688,157.25678500867687,155.97680897291912,156.29452782289667,14199600
2018-08-31,157.06614685058594,157.40202539627515,156.09480294024658,156.10388972373275,12240500
2018-09-04,156.36712646484375,157.15690084227802,155.3413173709881,156.85732790729887,17923500
2018-09-05,155.94956970214844,156.34900036800164,154.65143388993107,156.30360800109912,15166100
2018-09-06,154.89654541015625,156.5759522125259,154.7059030051859,156.29453892331728,16647700
2018-09-07,154.81480407714844,155.64089792143855,154.01595672991922,154.51524497931453,17248000
2018-09-10,155.0054473876953,155.8496870994186,154.67864179081457,155.45934328048506,11067100
2018-09-11,155.25965881347656,155.77710688288565,154.32463419678172,154.86931491702222,14078400
2018-09-12,154.887451171875,155.31411447749974,153.71640570337226,155.0417741342789,21572300
2018-09-13,154.9237823486328,155.7226298703473,154.5606572462114,155.48660894262812,14570500
2018-09-14,155.57740783691406,156.0766823889864,154.6877616438889,155.02365412566678,15734900
2018-09-17,153.92515563964844,155.7225792944935,153.73452714312037,155.6136487250489,20023200
2018-09-18,154.5697479248047,154.96917862162687,153.98876159810155,154.1430845760907,13018000
2018-09-19,154.0069122314453,155.29598910265346,153.4804050440367,154.57882564248786,17593500
2018-09-20,155.43215942382812,155.50478445168724,154.15216927995078,154.66053062315683,16918700
2018-09-21,154.6876678466797,155.97674398115797,154.5242720236552,155.9131919265601,32539000
2018-09-24,154.11581420898438,154.77849832919094,153.19893564698287,154.56062331556814,15786700
2018-09-25,154.35186767578125,154.79669072809122,154.18847176991608,154.37002739370166,13758500
2018-09-26,152.94102478027344,154.7614262072967,152.71347460189554,154.67040058052126,17787200
2018-09-27,152.95013427734375,153.55087013057172,152.69527916783403,153.25050220395772,14471900
2018-09-28,153.4143524169922,153.82394001209295,152.4131259502459,152.4131259502459,22740300
2018-10-01,151.39370727539062,154.11521278492387,150.88399702752574,154.08789398226585,27893100
2018-10-02,149.75534057617188,151.57574222556417,149.43676473210328,151.25716638149558,28440300
2018-10-03,151.06602478027344,151.7577723741647,149.7371255286362,150.34695838546696,26027200
2018-10-04,148.94525146484375,150.77474998831156,148.48105407820424,150.58361560674996,29463000
2018-10-05,147.59815979003906,149.41856132502653,146.23285863879846,149.04537567709934,31240100
2018-10-08,147.28868103027344,147.8165852039095,146.13272227531675,147.24316821846062,21330700
2018-10-09,146.71522521972656,148.12603881477304,146.5240769980254,147.1066047799633,20620400
2018-10-10,142.50106811523438,146.53326581758148,142.31903069067684,146.37853331227933,46921800
2018-10-11,139.77951049804688,143.1927626916281,139.72488679656024,141.8183509196685,68877400
2018-10-12,139.8068084716797,141.77283108238544,138.25035943762302,141.59079375213318,53492600
2018-10-15,140.32566833496094,141.34508887863248,138.84203645271066,139.5884078425868,32747600
2018-10-16,144.3942413330078,144.5944866020319,140.20731247521758,141.33596636530245,35569100
2018-10-17,143.77529907226562,144.0119462385651,141.89117708270126,143.97553043540546,24140100
2018-10-18,141.0811309814453,143.47496364824474,140.50770000472903,143.27471835125056,31042700
2018-10-19,139.58840942382812,142.31901210122024,139.02408931484072,141.50893386246975,34214200
2018-10-22,139.28802490234375,140.5805083493481,138.82382750225966,140.09810304478177,28218300
2018-10-23,138.04104614257812,139.160589152472,135.54709114073424,137.3765896094448,37228100
2018-10-24,132.8437957763672,138.33230515025042,132.7254791238979,137.8316919634615,40412400
2018-10-25,135.72000122070312,136.36624970623944,133.2624625739902,133.5537195207608,32311300
2018-10-26,134.23643493652344,136.00222703746462,131.70607735534935,134.29104477245943,36986100
2018-10-29,133.49916076660156,137.10356234518773,132.04284769868153,135.73826103169594,33031300
2018-10-30,136.28436279296875,136.429998255183,133.39902790458922,133.66299391592278,29017200
2018-10-31,136.55738830566406,138.2230569897719,136.55738830566406,137.6769311007483,36785400
2018-11-01,139.70669555664062,139.9615506144001,137.26735071851,137.34016843337824,28496400
2018-11-02,140.17088317871094,140.98096110387675,138.7509725582907,140.22549298894896,26671600
2018-11-05,140.0617218017578,140.7716774071972,138.6691155073526,140.2073433934287,16940900
2018-11-06,140.7534637451172,141.1812592704632,139.73404320228244,139.85235987264224,15572900
2018-11-07,143.27471923828125,143.27471923828125,140.89909446247245,141.40880471668137,22127800
2018-11-08,142.89244079589844,143.72071303933157,142.30080189223114,142.54656001801794,14987700
2018-11-09,140.2437286376953,142.0186172644067,139.2151973795104,141.99131235388506,20654400
2018-11-12,137.46763610839844,140.32566628098394,137.29469572115053,140.1891417060846,21886800
2018-11-13,137.03073120117188,139.34263508818267,136.79407010797487,137.98644480482002,18468500
2018-11-14,136.02951049804688,138.76922386956412,135.1466145868449,138.18669589719437,24549100
2018-11-15,137.96823120117188,138.1684764770384,134.8280413948085,135.15571421999363,24482000
2018-11-16,138.2958984375,138.61446035364204,136.5847166541793,137.08532982361467,29323500
2018-11-19,135.49244689941406,138.37778081595306,135.0464436548169,138.0592050857326,21540900
2018-11-20,132.88027954101562,135.10115882523382,132.51619072416722,134.02712806480957,25907000
2018-11-21,134.73699951171875,135.9566650350108,133.3716985528982,133.59924871270164,17902300
2018-11-23,134.60958862304688,135.89297501629085,133.62657014451287,133.63568104070973,11134800
2018-11-26,136.35719299316406,136.89420818455372,135.38328526374244,135.9112034461226,15346400
2018-11-27,135.22854614257812,136.28436856695842,134.97367712862405,135.78375532473868,14461800
2018-11-28,138.56898498535156,138.68730165383306,134.43666527177342,135.80196657220827,26125900
2018-11-29,138.19580078125,139.0240869123337,136.93062211813137,137.99555547728332,15134500
2018-11-30,138.9148712158203,139.1333244541943,137.51316779647408,137.85904861842502,20304700
2018-12-03,140.2437286376953,140.60780337035789,138.3687173762176,140.52588863879294,23379800
2018-12-04,134.27284240722656,140.28927099020143,133.9269616163772,139.94339019935208,41077900
2018-12-06,133.98155212402344,133.98155212402344,130.55009129243035,132.38870075800415,37581200
2018-12-07,131.08712768554688,134.94637032372577,130.40447706169212,133.92694983644267,28525100
2018-12-10,130.704833984375,131.72425438572077,128.74789402782426,131.31466682364874,30776600
2018-12-11,130.56826782226562,133.0622223616652,129.60345744885478,132.59801118643512,29229300
2018-12-12,131.8152618408203,133.58103939579598,131.7606381366562,131.869871656425,27894800
2018-12-13,129.94935607910156,132.6071404207092,129.73999992115526,132.197552888933,23205400
2018-12-14,127.9833755493164,130.36809795572324,127.51917799428372,129.00279632361557,24037200
2018-12-17,125.13307189941406,128.65820486427987,124.34767914760336,127.55317018026366,36468500
2018-12-18,124.97785186767578,127.10570501853368,124.46642186538608,126.26551948876462,42277200
2018-12-19,122.37506866455078,126.64905691118008,121.69013357874172,124.93216243857924,47676600
2018-12-20,120.3568115234375,122.74952805030026,118.93214848601669,122.03719653158986,57908100
2018-12-21,117.2334976196289,121.4161700055606,116.87733886106804,120.89562652976817,59404800
2018-12-24,114.95950317382812,117.32481597803746,114.92297246620296,116.64901530577195,28575700
2018-12-26,120.48467254638672,120.639936802479,114.89560524846075,115.32483246226028,40182700
2018-12-27,120.9869155883789,120.9869155883789,116.77685482722713,118.96864824048076,39527900
2018-12-28,121.33396911621094,123.29744414133263,120.12847666420014,120.98693087668538,35994400
2018-12-31,122.28375244140624,122.42074783530884,120.3659423421445,122.11937469077309,29173400
2019-01-02,122.97781372070312,123.44356455803135,120.12847431487428,120.703824240722,27295100
2019-01-03,120.77693939208984,122.95959959194391,120.22898551081052,122.29293305325604,29294600
2019-01-04,125.288330078125,125.66276460861155,122.110235132259,122.30200915565148,35355300
2019-01-07,127.48016357421876,128.1924952210494,124.87741761388986,125.35229608841342,30477900
2019-01-08,129.43450927734375,129.4893018744546,127.29751437975057,128.5851961520356,27320900
2019-01-09,130.50296020507812,130.95045614703724,129.3340054332666,129.88195907913328,25764600
2019-01-10,131.1787872314453,131.2518486573618,129.08745791287458,129.7358554234398,22896800
2019-01-11,131.21530151367188,131.4984197443206,130.30205465814228,130.60342779267197,22428400
2019-01-14,129.90939331054688,130.9961595334021,129.76327043763234,130.42995081966342,29185000
2019-01-15,131.00526428222656,131.1879108741924,129.76324794780044,130.27466397932147,25678900
2019-01-16,131.982421875,132.6490880888853,131.20615657722834,131.2152840279525,20827300
2019-01-17,133.17881774902344,133.63544126982444,131.48017769424197,131.49844653688635,19273400
2019-01-18,134.5486297607422,135.0874419364053,133.33401005176472,133.881963612294,28306700
2019-01-22,132.42083740234375,134.0281473776454,131.55325539257893,133.7541843793323,27741100
2019-01-23,132.05551147460938,133.4984293592337,131.0144105332097,132.7130503781294,20621300
2019-01-24,132.8500213623047,133.11485681933627,131.80892050304206,131.90023682768967,16976300
2019-01-25,134.55775451660156,134.83173129138092,133.72669674261795,133.90021583114614,22266900
2019-01-28,133.83633422851562,134.16510366560985,132.75869565441286,133.29752190898506,22784700
2019-01-29,133.5166778564453,134.08290034184128,133.22444612998558,133.98244263758073,12084800
2019-01-30,134.97792053222656,135.471067821527,133.04182725653257,134.2290512415711,25516900
2019-01-31,136.12860107421875,136.347785379664,134.73133422273452,134.80439565788294,27252900
2019-02-01,136.23814392089844,136.69476729738898,135.69020423013353,136.39340813174005,17057900
2019-02-04,137.86376953125,137.8728969843881,135.96421415030315,136.44823393243868,21301700
2019-02-05,138.0098876953125,138.44825630605982,137.20623977903023,137.90942996389674,18295900
2019-02-06,137.8363494873047,138.23818035745666,137.07836681456763,137.9368072048427,13720600
2019-02-07,136.70388793945312,137.62626200338573,135.51666455372293,136.91393075895513,22850800
2019-02-08,136.85003662109375,136.89568781241672,135.61714788449143,136.12856385566155,13463000
2019-02-11,137.99163818359375,138.03728938916825,136.64916387265467,137.2518963496736,16374800
2019-02-12,139.71766662597656,139.9003132429934,138.7039618762329,138.74048562561882,20779900
2019-02-13,140.1103515625,140.4208521947537,139.4528126147609,140.1103515625,15534500
2019-02-14,140.4299774169922,140.9779171870013,139.17881970863613,139.34321139416798,18251000
2019-02-15,142.66738891601562,142.68565775033176,140.8865607837275,141.3523115460067,27240200
2019-02-19,143.06008911132812,143.47106127186086,142.05552610845808,142.05552610845808,15856900
2019-02-20,143.73593139648438,143.90945053994358,142.95053849217155,143.0692650503367,18317400
2019-02-21,143.18798828125,143.71767320340317,142.52132188571372,143.49850284599017,17497000
2019-02-22,144.42996215820312,144.53956123964372,143.47106425711112,143.62631452619306,20411800
2019-02-25,144.4665069580078,145.66285798204711,144.37517670814114,145.27929601567843,17957100
2019-02-26,143.47105407714844,144.46648957976933,143.27926614951494,144.30209793679234,21497300
2019-02-27,143.6719970703125,143.78158223000224,142.5760897332526,142.91400053403035,18194900
2019-02-28,143.17884826660156,143.81811831137648,142.80441369214702,143.4619525767846,18155300
2019-03-01,144.51219177246094,144.60350809972962,143.15144890027082,144.24734237278614,19247100
2019-03-04,143.2062225341797,145.00531977030585,142.09206036962317,144.78613553078927,23301800
2019-03-05,142.53956604003906,143.33408631814035,142.42998088031217,143.32495886651,16798200
2019-03-06,139.74502563476562,142.53955854110774,139.6171716434637,142.48476596412692,29604600
2019-03-07,138.521240234375,139.85458642715662,138.23813601259525,139.7450012922838,26822500
2019-03-08,138.48477172851562,138.59435690709077,137.5441284522976,137.75417135624764,20466800
2019-03-11,140.90489196777344,140.92316081198018,138.7222319090817,138.91401993563952,20854500
2019-03-12,140.97789001464844,141.53497106456183,140.45734663671823,141.0052863011164,18966800
2019-03-13,141.5349884033203,142.21992351900525,141.32494553632165,141.48019582367203,24109100
2019-03-14,140.95965576171875,141.57152947419644,140.82266037427271,141.46193037723145,14217500
2019-03-15,141.33407592773438,142.34778047743524,140.94138647539305,141.1240330563667,22025900
2019-03-18,142.2381591796875,142.8774290182067,141.07833208585004,141.60801679063377,24510200
2019-03-19,141.51673889160156,142.95052920883842,141.1605731752779,142.9048640790449,18633100
2019-03-20,140.33734130859375,142.3152166969668,139.55902041885724,141.5094125078835,29463200
2019-03-21,142.1778564453125,142.90123861146134,139.85201783944714,139.85201783944714,31845000
2019-03-22,137.00425720214844,141.50940836222122,136.9584843063567,141.19808001544732,40663000
2019-03-25,137.60855102539062,138.56086716914373,135.89623188384843,136.87600336993077,26454700
2019-03-26,139.05540466308594,139.93446512363872,138.07561867030515,138.6982894074034,21308600
2019-03-27,138.51513671875,139.37587951646174,136.8760591004206,138.91803879190783,23477100
2019-03-28,139.7512969970703,140.03515600811363,138.20379312686384,138.99127972468887,19473300
2019-03-29,140.181640625,140.98744460423842,139.27512512054395,140.72188921463157,28298900
2019-04-01,141.7108612060547,141.85737359658492,140.75855861198934,141.28048979149125,20075200
2019-04-02,141.34457397460938,141.82073218959607,140.56623923696895,141.81156643388047,18253500
2019-04-03,142.07713317871094,142.9836488467643,141.68338290063738,142.60823008158357,19554700
2019-04-04,142.77305603027344,142.85546401092424,141.78411834589193,142.1870204364389,15909500
2019-04-05,144.10995483398438,144.19236281330996,143.0202916444891,143.1210171655061,21379000
2019-04-08,143.87188720703125,144.21985068295513,142.91043271356534,143.62466323726747,14202400
2019-04-09,142.11373901367188,143.48726100279666,141.84819757687058,143.26750642673713,18534200
2019-04-10,144.0458526611328,144.09163952997713,142.23280722686198,142.37015386120422,18938800
2019-04-11,143.86270141601562,144.3846325343394,143.5879942090189,144.23813413317157,12218700
2019-04-12,144.38467407226562,144.82421131878618,143.86274280378782,144.79674198740275,14120300
2019-04-15,143.9176483154297,144.7692393087322,143.3041434355314,144.6318787112629,10964000
2019-04-16,144.25650024414062,144.58614624101932,143.74372068726154,144.4121784409457,16782900
2019-04-17,142.9379119873047,144.77842708454665,142.11379011418362,144.76010953922577,17108500
2019-04-18,142.5166473388672,143.10268285460415,141.61928351181123,142.94701869894467,23276300
2019-04-22,142.1412353515625,142.67233229829554,141.4911093109035,142.2144915482351,15596800
2019-04-23,144.283935546875,144.72345873908074,142.2602733558486,142.26942514053547,23396100
2019-04-24,144.73260498046875,145.30948875402484,144.1007825565149,144.3297029146321,18053100
2019-04-25,143.5330810546875,144.19237287969966,142.36100980404177,144.06417802329125,19365100
2019-04-26,144.92486572265625,145.12631670204925,143.21253239781578,143.7253256003891,16999100
2019-04-29,145.6208038330078,146.15190069216086,145.1263420522452,145.24537112654278,13698900
2019-04-30,144.9432373046875,145.76735914499474,143.72539304710716,145.73072405581166,24127500
2019-05-01,143.56967163085938,145.34609567194894,143.4964294189403,145.2911570269154,17734300
2019-05-02,144.2381591796875,144.8150290451445,142.55329453789068,143.43235495848865,22715700
2019-05-03,146.99432373046875,147.09504923630269,144.8516327578431,144.961510047048,20178800
2019-05-06,147.1591796875,147.5254466978141,144.6868284652119,144.84249264320496,21262100
2019-05-07,144.24729919433594,146.38999045619684,143.0752280439749,145.87721107443767,25434500
2019-05-08,143.5421905517578,144.7600483149457,143.44146505338327,144.0000311857899,16113700
2019-05-09,143.02027893066406,143.4414845467897,140.77686231346846,142.40677407434947,25259900
2019-05-10,143.41403198242188,143.6063312450833,140.71277435330052,142.47088115570008,26544700
2019-05-13,138.8447723388672,141.03325028162155,138.4144009718152,140.7310737490836,26936500
2019-05-14,140.59371948242188,141.1706032497777,138.90886901811328,139.14695513019777,15519200
2019-05-15,141.05157470703125,141.39038636935382,139.24769497326253,139.54985757829317,18410600
2019-05-16,141.9306182861328,143.01111564127308,141.41783893303645,141.48192936607876,13772100
2019-05-17,139.95277404785156,142.17788762773912,139.78795806455233,140.85015208645592,21534000
2019-05-20,138.98216247558594,139.9344792349009,138.64336472946854,139.1195091369326,18689800
2019-05-21,140.85011291503906,141.0515499589862,139.71466300338165,139.76044986562863,11659100
2019-05-22,139.6688690185547,140.63948897106278,139.18355904230066,140.30069135765206,13922600
2019-05-23,136.79364013671875,138.32282635724908,136.0519404580616,138.32282635724908,26379400
2019-05-24,138.07559204101562,138.35029925522028,137.159910641793,137.70017328619824,16093100
2019-05-28,136.97679138183594,138.86309302458233,136.96763959688144,138.27705742710586,14042200
2019-05-29,135.83216857910156,136.37241722415928,134.9348047651867,136.2900092556973,22622300
2019-05-30,135.45675659179688,136.96763943899586,134.64180062168012,136.2076221229244,17739100
2019-05-31,133.56129455566406,134.45865844899623,133.06683272894344,133.86347110562272,25411300
2019-06-03,134.0282745361328,134.79745748789273,133.07597208126188,133.80851995464874,26554500
2019-06-04,137.49876403808594,137.61779315506183,134.07410953446146,135.44763205062517,21217600
2019-06-05,137.5261993408203,138.1671735619871,136.07942097179233,138.04813050227395,18184100
2019-06-06,137.16909790039062,137.8283897289556,135.8047273716843,137.46210872853533,20772500
2019-06-07,138.13970947265625,138.7348968494034,137.37054037809943,137.6727169450019,17107500
2019-06-10,138.95462036132812,140.2274166545148,138.67991321032815,138.67991321032815,18912300
2019-06-11,138.54258728027344,140.30984553104324,137.8832956084349,139.98019969512396,15373000
2019-06-12,138.69830322265625,138.98216230388428,137.91996821680425,138.43274771478954,11957600
2019-06-13,140.16336059570312,140.264072137832,139.06453172234254,139.46743377961616,14839400
2019-06-14,138.9363555908203,140.04433639750945,138.92720380544625,139.98939774088194,16154800
2019-06-17,139.89476013183594,140.50122962763766,139.37097508836686,139.5547541483505,12509300
2019-06-18,141.52125549316406,142.56881182482363,139.91316377219434,140.8412713963087,22100800
2019-06-19,142.02667236328125,142.15531915261056,140.96073381086794,141.68668028179275,15625000
2019-06-20,142.69741821289062,143.5520111481621,141.9163537252157,143.39579825062714,17595700
2019-06-21,141.4661102294922,142.58718090561652,141.15368437455808,142.5504306962196,19854400
2019-06-24,139.74769592285156,141.88875578256696,139.67418151316656,141.84280752383387,24002600
2019-06-25,138.8931884765625,140.13372211699732,138.755357637158,139.95912703945257,17462200
2019-06-26,138.57156372070312,139.87641360644054,138.53479948648683,139.39857671175807,15726900
2019-06-27,141.1720428466797,141.30068959019204,138.9758501400769,138.9758501400769,22278400
2019-06-28,142.89036560058594,143.3682022604304,141.45686964249282,141.46605368580975,35089900
2019-07-01,143.4417724609375,145.21526099025317,142.6331276484498,144.76499030667333,22850500
2019-07-02,142.5687713623047,143.46011449924254,141.7509426514635,143.368231982704,19024600
2019-07-03,143.58876037597656,143.6622748016311,142.58715261663914,142.98229090185188,9115100
2019-07-05,143.97471618652344,144.02986252781875,142.30230839145676,142.88122579277902,14156700
2019-07-08,142.60556030273438,143.79094732806928,142.32988466245203,143.5428518711161,9735700
2019-07-09,142.79852294921875,142.82608911100849,141.95312793762764,142.0082602612071,12381600
2019-07-10,143.04666137695312,143.86449039226903,142.29316276646296,143.53368236239697,17325400
2019-07-11,142.3482208251953,143.29469613485213,141.71417126366111,143.24874787273035,14260800
2019-07-12,143.45094299316406,143.96552999937805,142.32068838869804,142.5595997783133,16678000
2019-07-15,142.69741821289062,143.89200310035926,142.29310990121112,143.86443694323208,12194300
2019-07-16,142.6514892578125,143.53363436149647,142.12770421007718,142.55040867078168,15152700
2019-07-17,141.63150024414062,142.7433726871189,141.26392809739448,142.65149016651517,14155100
2019-07-18,142.1644744873047,142.44013608053882,141.26393321125914,141.58555709862458,15705500
2019-07-19,141.3466339111328,142.826064409468,141.3466339111328,142.37580783047662,17182600
2019-07-22,141.21800231933594,142.15529391602416,140.96070878635422,141.7326034067453,14474600
2019-07-23,142.1552734375,142.17365555047803,141.08933522787723,141.769333193625,15493200
2019-07-24,144.5076446533203,144.68223963135082,141.62227054763042,141.7784834170681,23823100
2019-07-25,142.76177978515625,144.48933412360037,142.51367029536038,144.4341877758543,17902500
2019-07-26,144.45252990722656,144.6546910619988,142.89038700153046,142.96390142339692,14260300
2019-07-29,143.4877166748047,144.59960336913966,142.98232765337178,144.44339043251264,13192200
2019-07-30,145.0406494140625,145.0406494140625,142.16447266380584,142.4860825256019,1200
2019-07-31,143.86448669433594,146.31797367721848,142.93639303340143,144.98555754333893,40445900
2019-08-01,141.77853393554688,145.3439071151785,141.13530012000652,144.15852008521452,38070200
2019-08-02,140.20718383789062,141.28230604522253,139.0125989337074,140.91474793075537,30148300
2019-08-05,135.9986114501953,137.76291607832692,134.353769548714,137.63426930402923,39221500
2019-08-06,137.2483367919922,137.56076268714594,135.42889973153763,136.8256322115595,24283300
2019-08-07,137.21153259277344,137.56990663067256,134.79479683737242,135.925051261294,23952100
2019-08-08,140.17042541503906,140.25313791244432,137.82721780080297,137.9742326398086,19415600
2019-08-09,138.40609741210938,139.81202734805856,137.8639443563259,139.75689504020824,19313200
2019-08-12,136.61427307128906,137.94668903603932,136.3018472078338,137.661829335745,15963000
2019-08-13,138.08456420898438,139.48129685414202,135.69539338621857,136.31106120114646,21912600
2019-08-14,134.22509765625,135.98020388684623,133.90347376996928,135.95263772761578,28235800
2019-08-15,133.69216918945312,134.77647583937124,133.04892122132034,134.73052755286912,24202400
2019-08-16,136.5774688720703,136.834762307496,134.26181393179843,134.28938008406257,22783400
2019-08-19,137.95590209960938,138.65426834467235,137.79049108121822,138.13049716623703,17023400
2019-08-20,137.05531311035156,137.8455756497428,136.90829828226978,137.76287717992628,13324100
2019-08-21,138.1855926513672,138.43368808062775,137.64342547813231,138.406121921821,13446100
2019-08-22,137.8639678955078,138.8288255119547,137.04613913939343,138.45206931539406,12979100
2019-08-23,133.63694763183594,137.93744963806964,133.1774930682585,137.11962107575943,36974600
2019-08-26,135.1072540283203,135.12563614315042,133.89430085699453,134.89590878283275,19167100
2019-08-27,133.10401916503906,136.01695999523068,132.94779224346544,135.96182768006037,24546200
2019-08-28,134.65701293945312,135.4380917447198,132.55271602605052,132.83757577199884,20115500
2019-08-29,137.01852416992188,137.18392106279285,135.9617844082981,136.13636534362672,18786300
2019-08-30,136.77047729492188,137.808849446027,136.0353469407265,137.73533500846295,18727100
2019-09-03,134.76724243164062,136.2926352475601,134.16075892341578,135.49317461528435,20688000
2019-09-04,135.85157775878906,136.32941462705895,135.24509412076725,136.00779069195596,13107500
2019-09-05,138.37863159179688,139.59159932975132,137.2575604478517,137.6986472733542,25666700
2019-09-06,137.74449157714844,138.96664256764024,137.68017522051332,138.4796217846963,14645900
2019-09-09,139.5915069580078,139.89474869183258,137.89151924392897,138.36017193322286,25780100
2019-09-10,141.37423706054688,141.4661196008488,138.65425867727978,139.38019103788585,29576200
2019-09-11,144.26881408691406,144.4158429950802,141.10776266858431,141.9899220961327,42970500
2019-09-12,144.3054962158203,145.09575869753456,142.95471257640818,144.4341429444044,38648300
2019-09-13,144.55361938476562,146.03306391499208,144.3882224414643,145.04983825755585,31042800
2019-09-16,145.0957794189453,145.876857967823,143.99309101339858,144.24120046161582,23242600
2019-09-17,144.7190399169922,144.79255434824503,143.76336633214942,144.59957721352583,22986700
2019-09-18,143.8277130126953,144.7282403600419,142.49529709620947,144.70985824478504,19735700
2019-09-19,143.1292724609375,145.0222369332704,142.91792729971033,144.08494575085464,21531600
2019-09-20,142.82606506347656,143.9471355256565,141.92553787992716,143.0190421849587,22707200
2019-09-23,142.7158203125,143.30392178264984,142.02663824491293,142.30231387623675,14944600
2019-09-24,140.56170654296875,143.19902587526062,140.01764765631378,143.06992691790637,27576700
2019-09-25,142.1016387939453,142.34138989086605,139.9807160818053,140.42333890332273,21917500
2019-09-26,140.51559448242188,141.93568284812517,140.11906725691895,141.93568284812517,20641600
2019-09-27,139.3905792236328,141.29018392021322,138.78196391189474,140.92133383046655,20181900
2019-09-30,139.55657958984375,140.4049461868686,139.0494000832715,139.5842426474085,16905400
2019-10-01,136.81777954101562,141.41004258383046,136.52270233333456,140.26658498609063,34093500
2019-10-02,135.78501892089844,136.1354363755859,134.50324579068825,136.1354363755859,24894600
2019-10-03,136.2368927001953,136.42131778321252,133.64566892563232,135.26864342594018,25362800
2019-10-04,137.52784729003906,137.62928317044776,135.6651220637741,136.46739277999865,18640400
2019-10-07,137.2880859375,138.3854338155459,136.58725115381904,137.19586639099654,15762800
2019-10-08,135.05654907226562,136.4120811089987,134.73379463878126,135.94179505832523,18110600
2019-10-09,135.6743621826172,136.19075794870545,135.22250885192528,136.05242860874867,10929500
2019-10-10,136.21841430664062,136.93768181272594,135.64669246096477,135.8679968808503,16349000
2019-10-11,138.5237579345703,140.12828527967235,136.19074678006248,138.12723074408754,29236300
2019-10-14,138.0165557861328,138.45917860912652,137.4909438220889,138.2378742329926,10692600
2019-10-15,139.60267639160156,140.2850645797691,138.12724779529924,138.4776652528353,16801200
2019-10-16,139.75022888183594,140.41417037548342,139.3721483508669,139.43670486281647,13119100
2019-10-17,141.4008026123047,141.55756456682124,140.21124939474933,140.432553767843,13175800
2019-10-18,140.72767639160156,141.54837978976846,139.65799144748573,141.02275364506838,14490200
2019-10-21,142.04635620117188,142.9131695447296,141.9264876394913,142.16623883358392,17450300
2019-10-22,142.203125,142.97771872956412,141.76971835044444,142.19389460060682,12471800
2019-10-23,142.3782958984375,142.70105026723635,141.59448597107067,142.32296979423847,8728000
2019-10-24,142.1754150390625,142.9869020373358,141.52070408696,142.88546616255164,9091400
2019-10-25,142.93162536621094,143.42035818535294,141.91726626757713,141.92649666803078,10531500
2019-10-28,144.16726684570312,144.75743548424603,142.9408197856141,143.5402188231958,15392400
2019-10-29,144.63758850097656,145.08942785788582,143.7246653160105,143.86298061491487,11978300
2019-10-30,144.1580352783203,144.60065819275485,143.18978622052762,144.58221146735752,14451500
2019-10-31,143.34654235839844,143.9459413081506,142.23076175515786,143.9459413081506,17344200
2019-11-01,145.7902374267578,145.87322659160338,143.89984893780567,144.22258926911513,18421600
2019-11-04,146.57408142089844,147.26568609643343,146.13145836836134,146.9890414120728,16182000
2019-11-05,146.75845336914062,147.96646758432118,146.59247506107602,146.9889881774935,13760200
2019-11-06,145.9100799560547,146.61091474505812,145.52278318510784,146.61091474505812,16025500
2019-11-07,146.2974090576172,147.69906487465198,145.8547860888227,147.3025516896493,13448900
2019-11-08,146.69390869140625,146.86911739438574,145.65188687098797,145.95619450183742,11967400
2019-11-11,146.4172821044922,146.52793432177066,145.58736233344445,145.7256776050425,10508700
2019-11-12,146.46340942382812,147.4316586531485,146.1498853901758,146.55561492569169,14316900
2019-11-13,145.8363037109375,146.15905804785135,144.9510579897501,145.4582373460174,14514400
2019-11-14,145.7902374267578,146.53716805182785,145.50436240773988,145.63346135440963,13054000
2019-11-15,146.5463409423828,146.88752789943734,146.0207289834265,146.8322018059394,13119200
2019-11-18,146.17752075195312,146.38039251663912,145.6426782878472,146.36194579146897,10759500
2019-11-19,146.72157287597656,147.26563164258025,145.98385868070773,146.72157287597656,15203700
2019-11-20,146.1682891845703,147.17343167273776,145.01561510840767,146.20518263461545,21314300
2019-11-21,145.4490203857422,146.5187052958282,144.98795075940114,146.4541628649192,15388300
2019-11-22,145.90087890625,146.1959561608892,145.09862223033997,145.98386806498644,13482400
2019-11-25,148.99928283691406,149.22981768211216,146.5187256512658,146.64782460174754,24753000
2019-11-26,149.10069274902344,149.88450264367034,148.73182861854738,149.1560188509129,15496700
2019-11-27,150.15194702148438,150.24415251095917,149.4603425321412,149.73698714202433,13202500
2019-11-29,149.1744842529297,150.11505624427295,149.0822646910821,149.76465286485725,9988200
2019-12-02,147.71751403808594,149.58023958229327,147.45931612947075,149.52489939839225,17190900
2019-12-03,147.24720764160156,147.32098047958596,145.79023982128285,146.4541812924122,14884400
2019-12-04,148.26158142089844,148.66732503507455,147.81895841940243,148.0033834974648,10833200
2019-12-05,148.40908813476562,149.06379910054918,147.95723485206184,148.8978207951036,11470700
2019-12-06,150.14271545410156,150.68677422018723,149.84762414798382,149.9306133013065,16486200
2019-12-09,149.8568878173828,150.45628694577294,149.7462355779955,150.0782063668898,13476700
2019-12-10,149.94911193847656,150.27186640744048,149.33128013196614,149.7646868436684,13704400
2019-12-11,149.90298461914062,150.38250106615894,149.3404789997724,150.19807599291534,19612200
2019-12-12,151.19398498535156,152.2452233577835,149.61712039133823,150.0781900997861,24857000
2019-12-13,150.61302185058594,151.97778414992874,149.89375428263975,150.98187196260403,23279600
2019-12-16,151.67459106445312,152.5723487780154,151.54501851416316,151.84117829096218,20115300
2019-12-17,152.4335174560547,152.4335174560547,151.50799517141277,151.9152272362311,12980000
2019-12-18,152.72967529296875,152.97030597760653,152.08181258636876,152.7666899666254,15379300
2019-12-19,153.3867950439453,153.3867950439453,152.60010962277602,152.97031286540292,11919800
2019-12-20,153.6089324951172,154.01616455405886,153.3775519272957,153.7755197252211,25449500
2019-12-23,153.91439819335938,153.96992728508857,153.04440476332738,153.85886910163018,13372100
2019-12-24,154.26605224609375,154.28456664659896,153.67371853107483,154.05318606850798,4334500
2019-12-26,154.26605224609375,154.5437117642729,153.96989244975916,154.40488906635818,9371200
2019-12-27,153.5071563720703,154.67330959211765,153.10917436911356,154.67330959211765,12261800
2019-12-30,153.11842346191406,153.83107964251292,152.3132235175385,153.6181993288901,14912700
2019-12-31,153.33131408691406,153.9606767436992,152.44282037685056,152.78525918985912,17362400
2020-01-02,153.43310546875,154.3308633448319,151.99854289504742,154.32161320468978,18297500
2020-01-03,152.83151245117188,153.09065758324397,151.5080081273353,151.54503693040303,19295600
2020-01-06,153.03514099121094,153.21097839190716,151.35993351325857,151.64685733222453,17150900
2020-01-07,152.52609252929688,153.0258684055147,151.9800377091596,152.57237147321635,11817900
2020-01-08,152.99810791015625,153.66448517763845,152.4520530755768,152.5446109658637,13832400
2020-01-09,153.1832275390625,154.0532209693581,152.95184690855208,153.747796842402,11895400
2020-01-10,152.60939025878906,153.34981101435852,151.9707775336398,153.22023844131022,15353000
2020-01-13,153.59967041015625,153.67369975843425,151.85043401836754,152.65563381260978,17271100
2020-01-14,154.16424560546875,155.10826811795218,152.6926545174708,152.84074146457164,18323000
2020-01-15,154.90467834472656,155.44148302716664,153.76628975598086,153.7755398958614,15437200
2020-01-16,156.90379333496094,157.2184675254827,155.8857131628617,156.03380011923056,19976200
2020-01-17,156.47805786132812,157.85707701320075,156.10784047780422,157.5979319059086,18306400
2020-01-21,155.18231201171875,156.40400814508584,154.8121087653128,155.8209246157653,17935100
2020-01-22,155.08050537109375,156.06155669285306,154.728802398256,155.66358890556714,14916300
2020-01-23,154.9786834716797,155.4599589510131,153.1276391444638,154.6547591878254,15954300
2020-01-24,153.07211303710938,155.496976633547,151.99850391717985,155.496976633547,20491400
2020-01-27,151.33213806152344,152.23916003490268,150.3233221980667,150.7213041093145,18539000
2020-01-28,152.59083557128906,153.08136119135224,151.31362458053374,152.2483968877141,16690400
2020-01-29,151.72085571289062,153.22946150003065,151.69309117516954,152.80372917340813,14944400
2020-01-30,151.72085571289062,151.915221599287,149.86981121229138,150.71203984942775,21889700
2020-01-31,148.5740509033203,151.71157003189336,148.1112898865848,151.156265285218,30439000
2020-02-03,150.23080444335938,150.79535955627813,149.46261914800175,149.56442717804555,17373200
2020-02-04,152.49832153320312,152.99809738826886,151.93375233492225,152.0725750384543,15994200
2020-02-05,154.84912109375,155.05273711289135,153.34977960948035,154.08093595287096,17807000
2020-02-06,154.49742126464844,155.626559531038,154.34008417800052,155.38592883187334,14768900
2020-02-07,152.60011291503906,153.96988188912877,152.15585206748395,153.90508855297952,18029600
2020-02-10,153.4608612060547,153.53490468999706,152.21141448569745,152.3039582488625,11428800
2020-02-11,154.52520751953125,155.45072980813748,153.88659488081706,154.36785630280073,15005600
2020-02-12,155.5895538330078,155.7561410676538,154.8213686322136,155.50626021568482,12123000
2020-02-13,155.9967498779297,156.36695306210532,154.66399581914348,154.76580381314372,12649300
2020-02-14,155.39517211914062,156.20963617632603,154.87688194542196,156.13559270545937,16006200
2020-02-18,155.06198120117188,155.5432566933056,154.03465100734962,155.02496652747598,13412100
2020-02-19,155.8579864501953,156.5428781978609,155.05278637833726,155.64512022522132,11084600
2020-02-20,156.23744201660156,156.51510157516856,154.18278105449832,155.39521320047734,20383800
2020-02-21,154.65476989746094,156.0708177760527,153.94211382787506,155.62655693866623,18729900
2020-02-24,149.9994354248047,154.61778357132005,149.1016774875463,149.80506948976478,28239500
2020-02-25,144.66842651367188,150.6380440947252,144.3445020968616,150.41592772259318,45047000
2020-02-26,142.99319458007812,146.6860336212405,142.73404946726143,145.35327925684058,39465000
2020-02-27,137.9583282470703,143.46518216830424,137.73621197126008,140.0777818610739,50530300
2020-02-28,135.4316864013672,138.02315179112608,133.19192402176384,134.06191728540114,72036400
2020-03-02,139.7816619873047,139.96676366275747,134.56171565436125,136.94956539805435,33569300
2020-03-03,136.9310760498047,142.71559273087414,135.4132194375863,139.83721666547976,42941300
2020-03-04,140.8274688720703,141.09586411058953,137.45856844881328,139.0874825238737,36195800
2020-03-05,136.3479766845703,141.1236618836635,134.65426887444082,137.75476066701222,32729400
2020-03-06,133.6453857421875,135.10771235652268,130.48936611060202,132.08126525418984,39688300
2020-03-09,120.65108489990234,126.02836708330284,120.55852702302846,124.14030784727905,56320000
2020-03-10,124.41798400878906,124.76043694005097,118.48539546372912,124.6771433036708,54432700
2020-03-11,116.5047378540039,122.4188315057547,114.92209565974008,121.16937082396934,51354800
2020-03-12,103.63072204589844,110.97011338724292,103.288276289274,108.07322437700086,70114300
2020-03-13,110.57215118408205,111.02565513753486,101.39097159025144,109.49854191823884,57915100
2020-03-16,95.90261840820312,103.010629594455,93.8757224143392,100.53022967370111,59095700
2020-03-17,100.29884338378906,102.27020312831216,93.11678913267208,97.14280929155184,59344800
2020-03-18,92.5244598388672,98.82726405932372,89.0815159622775,95.37507004434192,62296700
2020-03-19,96.13400268554688,98.8457832743434,88.56323008025377,92.237554696802,62654700
2020-03-20,93.84795379638672,100.65979784794098,92.96870345746386,98.21641977088066,76203700
2020-03-23,92.4596939086914,94.56988395900257,88.76686132064688,94.31073880351536,63534700
2020-03-24,100.9189453125,101.18734760788657,92.48743719003454,97.52228040605256,73386700
2020-03-25,102.1732406616211,105.91751665118632,98.50328736667284,101.71798314499956,56043700
2020-03-26,108.52828216552734,109.26227278331132,103.31602515059495,103.63192316677645,51657600
2020-03-27,104.57962036132812,107.79430940319962,103.00944428024926,104.2916012808924,39931500
2020-03-30,106.8837890625,107.0881924341967,102.9444024692283,105.21140428359854,41552100
2020-03-31,106.34490203857422,107.93366393424826,104.02214948551656,106.47497561446718,52948000
2020-04-01,99.097900390625,102.55414960971464,98.04801189003372,100.99325989302253,54224200
2020-04-02,100.03628540039062,102.56344081072804,97.156074223909,98.22454160396036,43774200
2020-04-03,97.20254516601562,100.34290386474548,95.32575725381264,99.03286810626416,42189200
2020-04-06,104.6446304321289,105.30429121179333,101.29057566037906,101.35561243898042,48708100
2020-04-07,104.91409301757812,110.22855236809684,104.42167057574314,108.593332470596,57546100
2020-04-08,109.6989517211914,110.7859981595818,105.25785019944364,106.73511734569551,52822300
2020-04-09,114.9483871459961,115.77528654295382,112.72783612425856,113.27600236086884,69528600
2020-04-13,111.8358917236328,114.75326834355624,110.67451545492196,114.14005827120737,40198200
2020-04-14,114.1028823852539,116.02612101738032,112.69994509153987,115.11560607999432,35089700
2020-04-15,109.4480972290039,110.66521723281012,108.38892268904718,109.50384101895598,34809900
2020-04-16,108.62120056152344,110.0241379581201,106.43780755583572,109.71753292900505,49501300
2020-04-17,113.40606689453124,114.01927696296404,111.54786487646072,113.25741441909425,46250200
2020-04-20,112.06817626953124,114.18652562514671,110.60019484292798,111.1111961904436,36700500
2020-04-21,109.3923568725586,110.78600846323296,108.22169464009669,109.09504481675388,31608900
2020-04-22,110.72095489501952,112.4119182852673,110.34931310945878,111.7894223703276,24333800
2020-04-23,111.8080062866211,114.18650956784693,111.19480333813728,111.59431703505771,38571200
2020-04-24,113.7312469482422,114.57672509890293,111.57572601025755,112.91363360253008,27147500
2020-04-27,118.23738861083984,119.33372801286676,115.07844397038284,115.16205965322196,39021300
2020-04-28,119.95620727539062,122.1395998702254,118.2559510758508,121.82369481736713,47292700
2020-04-29,125.85603332519533,127.147483205861,122.52984989523868,124.02570313920025,50390500
2020-04-30,121.0711441040039,123.5146841709742,120.91319864168018,122.54841123128656,43727500
2020-05-01,116.26769256591795,118.4232064910136,114.54885722241772,118.13518746420716,43352000
2020-05-04,116.7694091796875,116.97381252546992,113.58259259670704,114.83687747762542,28498200
2020-05-05,117.67063903808594,120.70879608511444,117.15963067019408,118.98996780014912,31209400
2020-05-06,116.80657196044922,119.11073833491386,116.13761814577316,118.4510775144632,29836800
2020-05-07,118.4046401977539,119.38948504341762,117.57774082951202,118.35818230981644,27493000
2020-05-08,122.97579956054688,123.33814835587008,120.03055131610836,120.93178035162217,32122900
2020-05-11,122.36260986328124,123.5239862176726,120.16064483198164,121.16407570341065,33983200
2020-05-12,117.96793365478516,122.9107427040479,117.84714601012124,122.88287081327216,44275300
2020-05-13,114.019287109375,117.14106734461444,111.87306585582743,116.741553591638,58719300
2020-05-14,114.39093017578124,114.530289670232,108.87206736420828,111.464260288175,55904300
2020-05-15,116.21195220947266,116.63004481482906,112.8486041120512,113.35961248613386,40236600
2020-05-18,123.27310943603516,123.93277736014144,121.55428115410334,122.1303192167344,46981100
2020-05-19,120.83887481689452,123.9885266665382,120.83887481689452,122.8457363963904,30270000
2020-05-20,124.49954223632812,125.41005730701596,122.99440305338088,123.3195799187194,35901300
2020-05-21,124.72252655029295,125.4843820178629,123.180215448171,124.5459950874414,32716500
2020-05-22,125.32645416259766,125.47511374978671,123.58903954032088,125.12205077445232,24035200
2020-05-26,128.94065856933594,130.42722610440526,125.4193713911707,130.1577788274066,36971000
2020-05-27,132.94503784179688,133.32597259453593,127.5934220246325,131.5328147506414,42682000
2020-05-28,129.79542541503906,134.47810306338528,127.82573555015594,134.47810306338528,42105000
2020-05-29,129.05215454101562,129.40521754330493,126.73870156295676,128.49470231193524,41536400
2020-06-01,130.28782653808594,131.6257342184433,128.78268748616182,129.38659745276064,25567500
2020-06-02,131.36558532714844,131.79297801038234,129.6653288541022,131.06828038934043,24666200
2020-06-03,134.5338134765625,135.71377559192672,132.96363068350126,133.4839249204306,36111700
2020-06-04,134.33872985839844,135.27713107905802,133.02869385410384,133.64190400636406,28904700
2020-06-05,139.53240966796875,141.52069982101116,138.94708555961313,140.16420584809492,53513400
2020-06-08,142.23609924316406,142.5148324384337,140.879619430856,141.5485734287194,33834300
2020-06-09,139.606689453125,141.009640818275,138.49177126184074,140.1641556372441,39646000
2020-06-10,135.81600952148438,139.6067441999518,135.55586231406636,139.44879869380225,51774500
2020-06-11,125.45651245117188,131.0311186980205,125.21495128417956,130.21350524518985,72041500
2020-06-12,128.46681213378906,131.02184014023777,124.6389059892511,130.38075811757923,63864900
2020-06-15,131.43695068359375,132.43444333453587,124.24935062161722,124.24935062161722,57354800
2020-06-16,134.5972137451172,136.7506922368038,131.4741948206593,136.7506922368038,48957000
2020-06-17,132.16407775878906,135.16590098578513,131.7445713056158,134.79299529693304,34811400
2020-06-18,132.11744689941406,133.59970949419338,130.33685978938828,130.85891346617376,26974100
2020-06-19,131.43695068359375,134.71843592631342,130.36486265793093,134.63453746710238,50293800
2020-06-22,132.75135803222656,132.90052028184428,129.4232589088897,130.7377245619676,28983200
2020-06-23,133.31069946289062,134.85822568181902,132.9844088441777,134.5412665935741,20344200
2020-06-24,128.98513793945312,132.00561028418284,127.07403700536209,131.53948879903373,42998700
2020-06-25,130.93350219726562,131.05469831673338,127.0553686232638,128.3791659554127,37191200
2020-06-26,127.4096450805664,130.3555362815376,127.24184817381555,130.0292455518792,39100100
2020-06-29,131.57676696777344,132.36917915062105,127.81051177817726,129.3114234689969,33935200
2020-06-30,133.47853088378906,133.88872003359003,131.06402519961247,131.13860633820337,32865900
2020-07-01,132.210693359375,134.71841478212602,131.6699907767123,133.91668532850858,26457500
2020-07-02,132.75135803222656,135.43622162576526,132.27591936457702,134.76500572738058,24022400
2020-07-06,133.7115936279297,135.82778901461614,133.24547217336692,135.473546382079,19858200
2020-07-07,131.34368896484375,133.72091097591922,130.96146599867276,132.54627593109095,22661000
2020-07-08,132.3225555419922,132.84460927438514,129.6749891992009,131.22250155596646,27358900
2020-07-09,129.64706420898438,132.70482066220373,127.94105750446046,132.39717870975824,34647800
2020-07-10,131.7352294921875,131.9123579024569,129.0783460128356,129.71226429706672,24008200
2020-07-13,130.06651306152344,134.8395914115221,129.94531695149917,133.12426815760327,34235500
2020-07-14,132.2200164794922,132.3598472290441,129.24615925656997,129.9826249123738,28114000
2020-07-15,137.06765747070312,137.7668395692988,134.97942848193478,135.56674599672192,40770100
2020-07-16,136.25657653808594,136.73201512465943,135.06330719442118,136.2099615649177,30530800
2020-07-17,136.65745544433594,137.58969815433193,135.6506316105529,136.74135387426082,20644100
2020-07-20,136.07012939453125,136.89982469831347,135.31500097713828,136.21927739220226,19663300
2020-07-21,137.9998779296875,139.05331667300987,137.22611482550928,137.47782432322845,24503800
2020-07-22,138.07447814941406,138.59653182809302,137.06765424414925,137.12358653473686,24424800
2020-07-23,138.2143096923828,140.0228629648446,136.76001322892992,137.9532828515013,21704900
2020-07-24,136.1820526123047,137.6643154972026,135.69728229259454,137.3100586222338,20015500
2020-07-27,137.5990753173828,137.68297377513096,135.53881198609227,136.284609246397,13370700
2020-07-28,136.22866821289062,138.00924145447132,136.16340437777944,137.10497887073487,13268000
2020-07-29,139.23046875,139.32368449565146,137.0210436271053,137.03969246619414,19864400
2020-07-30,138.68043518066406,139.0160431609841,136.41509198217608,137.17020638167207,23618900
2020-07-31,137.3752899169922,138.36346493952195,134.8675546853486,138.10243811186862,29881500
2020-08-03,139.61268615722656,139.80846341757302,137.24479554220562,138.24228800949294,20777100
2020-08-04,140.57290649414062,140.7034199365873,138.9414813511078,139.26777206967373,20285000
2020-08-05,143.36961364746094,143.4628436172207,141.4958107444175,141.97124945044146,18190200
2020-08-06,143.31369018554688,143.97558887187196,142.54925844102334,143.37895401337906,18237700
2020-08-07,145.58839416503906,145.66297531538854,142.77301619517127,143.0526919527568,20475200
2020-08-10,147.09860229492188,148.06814288584746,146.03584594807128,146.03584594807128,24000500
2020-08-11,146.25027465820312,148.99107113429093,145.57905861406334,148.4783346804483,30359400
2020-08-12,146.84686279296875,148.12403064177536,145.88665402381005,147.91893612555762,23378300
2020-08-13,146.539306640625,147.7885090784751,146.03588736125727,146.3528608510044,15799900
2020-08-14,146.446044921875,147.07064600554867,145.30870735909642,145.69093039123817,13360900
2020-08-17,147.20115661621094,147.3223527520911,146.11976560145206,146.82826512490078,9744200
2020-08-18,145.79345703125,147.15453783522898,145.1595387286412,147.15453783522898,14670400
2020-08-19,145.80276489257812,147.33164248058586,145.6070018750011,146.29685242727663,14337300
2020-08-20,145.2061309814453,145.8866784560024,144.06879364645224,144.3111858743368,15413000
2020-08-21,144.134033203125,145.16882308861958,143.1924732703355,144.6374379630091,20685100
2020-08-24,145.64430236816406,145.68160004961618,143.873046571423,145.29937705166864,13707100
2020-08-25,145.80276489257812,146.19431937752404,144.30185344993853,146.18498784580405,16269700
2020-08-26,144.88919067382812,146.1477242862818,144.66544725553254,145.8960147188115,13772700
2020-08-27,145.24342346191406,146.36211191822073,144.1527011501479,145.54173374531126,17508400
2020-08-28,146.47398376464844,146.54856489542243,145.17816684535447,145.9892277519617,12371400
2020-08-31,144.8985137939453,146.7070673792418,144.77733188429343,146.539270477463,17051500
2020-09-01,146.5579071044922,146.6511228560786,143.98490769247525,144.70273868168692,15638800
2020-09-02,147.7231903076172,148.20794628874765,145.59766378116444,147.257068939295,16763400
2020-09-03,143.3603057861328,147.56471596122785,142.5958740383415,147.40623638211133,32117600
2020-09-04,142.44668579101562,145.32731228740255,139.1745048471578,145.1595154312532,30618800
2020-09-08,139.70591735839844,142.14838913092237,138.9041879195314,140.9364705524168,26447800
2020-09-09,141.82211303710938,142.42806521552183,140.36781642900158,141.16953164509917,20160800
2020-09-10,139.97622680664062,143.4535020982632,139.89232838295484,142.47464448058096,23005500
2020-09-11,139.04400634765625,140.81527618243612,137.67360830926032,140.6940800678486,20851000
2020-09-14,142.70773315429688,143.03400960764318,140.18134884319832,140.38644340239733,21991300
2020-09-15,142.97811889648438,144.21800391954758,142.50268003910404,143.91969352616212,16175500
2020-09-16,144.3297882080078,146.22223931263065,143.41618033172054,143.66788978538267,22178400
2020-09-17,143.2764129638672,143.9382974540921,141.46785946962282,142.27890623718486,20002900
2020-09-18,142.9035186767578,144.76800461759822,140.8992019803139,143.54676860233158,38352800
2020-09-21,137.8973388671875,140.0787833773851,136.41507638396823,139.66860853713607,40652500
2020-09-22,138.9601287841797,139.18387220820514,136.62952146061596,138.57790576913965,19385800
2020-09-23,134.8201446533203,139.83599780595534,134.73591215614604,138.88149610971698,33403400
2020-09-24,134.8201446533203,137.1221949549712,132.96725818132074,134.79205763485248,31723700
2020-09-25,137.00990295410156,137.42165550029893,134.14636932896568,134.2305875463839,20689300
2020-09-28,140.3881378173828,140.7811704740001,137.0005461556737,138.84406565304818,17600900
2020-09-29,139.75180053710938,140.63145124634454,138.49783706097773,140.22906573588665,18683800
2020-09-30,140.17288208007812,142.21292486559608,138.95635865543744,140.2758202152985,29073700
2020-10-01,142.4094696044922,142.428189528057,139.89218963106265,141.12743328310086,25872000
2020-10-02,143.03646850585938,143.7195957987745,139.42429425863537,139.8173269865777,29452000
2020-10-05,146.98550415039062,147.21008608166898,144.56178133545814,144.5711484353385,18553600
2020-10-06,146.5644073486328,150.67255240586678,146.3023855351646,148.32370890687756,36348000
2020-10-07,149.76483154296875,150.25144961053826,148.28628597459664,148.4079297821504,27049700
2020-10-08,151.46798706054688,151.86101978623188,150.2701689596636,151.33697615198523,37278600
2020-10-09,152.25404357910156,153.1992069088815,151.42118550658412,152.86231969532852,25038100
2020-10-12,153.27403259277344,153.69515224913218,152.16044725978662,152.90907269528014,20336200
2020-10-13,152.25404357910156,152.74066161625967,151.11237103756744,152.08560711188372,20106500
2020-10-14,150.74740600585938,153.38635813639283,150.60704228790198,152.54413299129806,19024900
2020-10-15,152.3008270263672,152.70321252643947,148.61378782322078,149.0629659877266,22865100
2020-10-16,151.92654418945312,153.18986070325687,151.88910433888637,152.73132962720803,17637900
2020-10-19,150.111083984375,153.49866193246726,149.75547683035674,152.42250192725768,18360600
2020-10-20,150.4385986328125,152.0200965654986,150.04556592490337,151.18723848178502,18927700
2020-10-21,149.14718627929688,151.00941137082287,149.06295377856912,150.54151332304406,17504100
2020-10-22,151.7206573486328,151.77680284147812,148.96004686471417,149.8584175875937,20673900
2020-10-23,152.6002655029297,152.8435673303073,150.89710987394352,152.6002655029297,20889800
2020-10-26,149.30630493164062,151.00944679999935,147.27562864134595,150.58834131402352,26509900
2020-10-27,148.02420043945312,149.7835014413882,147.79961854413435,149.21266532559736,20523000
2020-10-28,143.46688842773438,145.46013855975005,143.21421949909936,144.73021879179504,32338700
2020-10-29,145.1793975830078,145.78765929949284,141.93218417050346,142.9615655297552,27203200
2020-10-30,143.26107788085938,145.31047443074957,141.67022674084228,144.41211781764102,31764500
2020-11-02,145.8157501220703,145.8812484216692,143.8037800090591,144.83316139516853,25252100
2020-11-03,149.9519805908203,150.87840964299878,147.91193755358722,148.25817756063444,30257400
2020-11-04,150.1204071044922,151.92650098405616,147.58440769587995,147.62183325668428,45226300
2020-11-05,154.3221893310547,154.94917121197983,151.51480010231057,151.60837117579666,31911000
2020-11-06,153.11495971679688,155.0707844997279,152.8155123774123,154.9865519950772,24930400
2020-11-09,158.6642303466797,166.66528979375502,158.45835406399078,165.58911571986016,55052700
2020-11-10,161.61204528808594,162.20160162538755,158.85144859541828,160.20835060241214,35492200
2020-11-11,161.54649353027344,162.3419116882676,159.89013035086109,162.21090079876765,23972600
2020-11-12,159.06666564941406,161.5558874624631,157.53196014797024,160.3954948036662,33986800
2020-11-13,162.360595703125,162.9501517150519,160.31120030843903,160.3486401423683,25440400
2020-11-16,166.22549438476562,166.3658581122466,164.13865844209704,165.15868721855708,31812300
2020-11-17,167.00216674804688,167.3203339730721,163.09053189522228,164.73752777692437,26154500
2020-11-18,164.66268920898438,168.18127742950767,164.5691038866732,167.45135760864974,24377800
2020-11-19,165.926025390625,166.1880471897489,163.82985099763377,164.3726002393068,20187600
2020-11-20,166.1038055419922,166.51555810517723,164.54102778925994,165.32709307582314,24898800
2020-11-23,169.21067810058594,170.3055579563792,167.25485316314888,167.741471192096,24816000
2020-11-24,172.39236450195312,173.5340369248097,170.65178312605013,171.61565199924803,34945400
2020-11-25,171.80282592773438,172.47660035365982,170.21197519728935,171.718607694273,21082700
2020-11-27,172.53274536132812,172.64505061808055,171.45658541467787,171.92448352698096,10384400
2020-11-30,169.3978271484375,172.4859573735898,168.74277268349402,172.01805928732782,25481600
2020-12-01,170.96998596191406,172.392400376066,169.397854987682,171.81221122306874,30265000
2020-12-02,171.1477813720703,171.69989775123054,169.1545307229281,170.26813058270017,20142800
2020-12-03,172.11163330078125,173.29073135798296,171.1945570340688,171.56886979787728,19603600
2020-12-04,176.1168670654297,176.350816148747,172.11165990136726,173.14104157961086,24415700
2020-12-07,176.28524780273438,176.81864407566883,175.4055973142361,176.14486984103667,14671500
2020-12-08,178.54994201660156,178.71837850145548,175.068778538433,175.1062041086943,20165600
2020-12-09,177.24916076660156,180.43086211875655,175.83609937316078,179.69158940733166,29507600
2020-12-10,178.9617156982422,179.34538138516464,175.28402827680176,175.70513381750033,21245300
2020-12-11,178.08201599121094,179.41084485392426,176.21042363035556,177.791921459937,30865000
2020-12-14,178.29042053222656,181.28492850205535,178.24349616549375,180.19602823239904,32237700
2020-12-15,182.7492828369141,182.95580156929196,179.04135630795926,180.00823295333123,26807000
2020-12-16,182.09225463867188,183.24688644949745,181.1347739535653,183.1717873974672,25494600
2020-12-17,184.2606201171875,184.34511547196476,182.16728673459343,182.7962249500392,23834200
2020-12-18,183.3688507080078,185.7062596058166,182.86195017496524,184.5610244983288,37033400
2020-12-21,183.27500915527344,183.78190974775083,179.74542605329503,180.13968525270562,30873000
2020-12-22,185.35894775390625,185.60300886284128,183.415797918932,183.97903349176747,21919700
2020-12-23,186.93600463867188,187.41474490073765,185.77199101342052,186.40094367797212,18392000
2020-12-24,186.81399536132812,187.68700929414769,185.92221740855751,187.67761296049284,8904900
2020-12-28,186.11929321289065,188.8509468832028,185.9878734979054,188.83218286940112,27168400
2020-12-29,182.5146026611328,186.80454301168936,181.5852826947084,186.4666045719876,33901300
2020-12-30,184.373291015625,185.37771011233897,183.0778578038855,183.09663614245903,20595700
2020-12-31,184.04470825195312,184.77690579127864,182.69295454129875,184.57038706750237,24747700
2021-01-04,181.6416015625,185.76256549011828,179.23849015919737,185.4340090601481,33664200
2021-01-05,184.44839477539065,185.5091345913464,181.237986333427,181.25675034880612,27442900
2021-01-06,191.9956970214844,194.10780928314088,186.95479367390783,187.2551755250309,52952200
2021-01-07,195.41262817382812,195.74118470534793,193.0939970820488,193.1033934149757,24031400
2021-01-08,194.99017333984375,196.9145448402307,192.11770342426863,196.49212532153007,29017000
2021-01-11,194.8211975097656,195.3656547466325,192.27728405886916,192.52134516904712,20945100
2021-01-12,198.313232421875,198.43527014416767,195.7129981638145,195.7411585114703,24892200
2021-01-13,196.89581298828125,198.75446790359533,196.37013396768165,198.4728500500801,22782200
2021-01-14,200.82899475097656,201.8240318721394,198.1912038820172,198.2944632619686,33913700
2021-01-15,197.83447265625,200.84775847101128,195.4970637658525,197.89079334600115,41043500
2021-01-19,200.36895751953125,200.51915553983827,198.74498260551755,200.26569817102913,19744300
2021-01-20,201.25140380859375,202.7439594126891,200.0123056373161,201.22324346313349,25474200
2021-01-21,199.50540161132812,201.97423040443485,198.96094436338905,201.79587199104563,21180500
2021-01-22,201.82400512695312,202.1337832257563,196.7080041407954,197.59039975732435,24800200
2021-01-25,201.62689208984375,204.55569703914225,198.632398763608,201.75831181474535,33985000
2021-01-26,200.22816467285156,203.4104119598649,199.7306462418194,203.04431322148892,23969800
2021-01-27,196.55783081054688,199.93721565545053,194.5865205970738,196.6610901897988,45830300
2021-01-28,195.92889404296875,199.35520327648385,194.9056965738964,197.91896828720863,32202500
2021-01-29,192.96253967285156,198.0597771409526,192.2866627232285,196.8769853172745,40591900
2021-02-01,197.70306396484375,198.60423802214555,193.15028364038417,195.4125936293909,26375100
2021-02-02,200.51919555664065,200.9322330330773,197.96588599655425,200.08737974300013,22773100
2021-02-03,201.1199951171875,201.5799713243873,198.6230059758333,200.60369821597877,23923200
2021-02-04,205.22218322753903,205.41931998206675,201.8991333372416,201.9085153451044,25400800
2021-02-05,208.06646728515625,208.24482567833277,205.36297401473317,207.39998671701449,23338800
2021-02-08,213.3796234130859,213.39840175178733,209.7092388372838,210.07533766174515,20831500
2021-02-09,214.3840484619141,215.54804758974907,212.44089870701524,213.2106530032578,19510900
2021-02-10,212.9759826660156,216.2051693927631,211.1642525550672,215.8296742363532,27955400
2021-02-11,212.73191833496097,214.96606808024472,209.7280285452998,214.15877135642864,25847600
2021-02-12,213.3326873779297,213.78328157030623,210.8732549534963,212.0841928267784,17440200
2021-02-16,211.99034118652344,215.5574666212326,211.0140680408507,215.40726854902505,22999500
2021-02-17,210.3288116455078,210.9671462984853,207.41879915962093,209.90639209539097,25042300
2021-02-18,207.07144165039065,209.2398741840863,205.94498486552376,208.7141953060601,24501500
2021-02-19,211.3895568847656,212.4315327034971,208.55462923245244,208.8268650206277,31238200
2021-02-22,210.01901245117188,212.51600146874216,209.31497516360943,209.8124937009262,23272100
2021-02-23,208.16973876953125,209.31497389625943,202.34970009232217,207.41877712628505,38646800
2021-02-24,213.0886077880859,213.51102727359176,208.12280468433983,208.97702566216728,27584900
2021-02-25,205.2127990722656,213.64246859223368,204.649563485517,212.89149258446085,49961400
2021-02-26,204.93115234375,208.61091850623063,201.64564530685576,206.0670053646357,47734200
2021-03-01,212.2156524658203,212.81643047109188,209.2774651481429,209.7843657710968,26161000
2021-03-02,208.13221740722656,212.11238040674152,207.9726373257591,211.95278600159747,26895400
2021-03-03,205.8793029785156,210.51655030623684,205.77604359391736,208.7893154399351,33407600
2021-03-04,200.1249542236328,207.16532731565792,196.59537134634508,205.11891808859792,59126500
2021-03-05,204.3679351806641,204.78095832725563,194.51141387607723,203.59818092722793,53204300
2021-03-08,205.3348388671875,208.6485067484427,204.33040540285705,205.91683847534844,40619700
2021-03-09,209.65289306640625,211.2017835412936,207.38120136024537,208.77989379083928,32247300
2021-03-10,213.2951507568359,214.93790452771503,211.3989395363919,211.77443470679853,36812000
2021-03-11,217.98873901367188,218.04505970987805,214.76893408501175,215.4823677667609,25256700
2021-03-12,219.27476501464844,219.80044391783144,217.1908134172617,217.77282733750783,23732200
2021-03-15,220.05392456054688,220.1571839505349,217.6977512555006,219.04010900166745,21497400
2021-03-16,216.3741149902344,219.74410319166287,215.07868186571915,219.67840049659264,24675000
2021-03-17,218.0731964111328,218.55195092432456,213.4265532701881,214.93788719043695,29422600
2021-03-18,211.43650817871097,218.6552259827334,210.8451122041559,216.65576959143053,35637200
2021-03-19,213.0323028564453,214.5905755236037,209.2868192507594,210.80754956420304,40855600
2021-03-22,211.4270782470703,214.12120389570524,210.36633851795452,213.7269304262077,26128400
2021-03-23,203.75778198242188,210.14105644516968,202.7909052244993,209.4839578218741,43660700
2021-03-24,199.04541015625,207.76609313931235,199.04541015625,206.3861789477938,47270200
2021-03-25,203.7647705078125,204.57358535154415,195.64840876727624,196.8804375099183,59244600
2021-03-26,207.47967529296875,207.545501551834,203.10644098315663,205.92788617674185,34452600
2021-03-29,201.6392822265625,207.7806269293682,201.3383355277366,205.9749036845748,38078800
2021-03-30,205.0344085693359,205.66452958109505,200.4542673200925,201.62986943545164,36205400
2021-03-31,207.79002380371097,209.16311901440892,206.0783402649971,206.12536721892215,34800100
2021-04-01,210.42337036132812,210.57383651945295,208.8057407689439,209.16311403892797,29799200
2021-04-05,211.5801544189453,213.0567031224956,210.26348587115456,212.9250362677165,27826600
2021-04-06,210.95948791503903,213.19783937854112,210.51746028400103,211.6084227074402,24907800
2021-04-07,207.5549163818359,211.01588227815168,206.84955508062473,210.88421540928343,26233700
2021-04-08,209.31358337402344,209.5581177753185,206.3322584130706,208.63643547147024,23989400
2021-04-09,209.3418426513672,209.8120835563843,208.07220081818917,209.2478030807319,23267400
2021-04-12,208.52362060546875,209.6615955185368,207.28217777236216,209.46410238184177,20533900
2021-04-13,207.97813415527344,209.32303052354703,205.80562360329023,208.29789450694787,24608400
2021-04-14,210.02838134765625,212.54886542994777,208.5988451372127,208.66467139427544,27362000
2021-04-15,210.94064331054688,211.72124487741328,209.03146652494576,211.69303157324083,20587300
2021-04-16,211.2792053222656,212.24790031218413,209.73681592904097,211.9845665877759,23943000
2021-04-19,208.53302001953125,211.28863908348475,206.84956395601048,210.3951842670705,25285900
2021-04-20,204.26321411132812,208.42954097846305,202.42927774373365,207.63014017751735,35570800
2021-04-21,209.25717163085935,209.37002483909384,202.673799939102,204.1033360960548,31147800
2021-04-22,208.39195251464844,211.9187591554651,207.63956422781828,209.97195500144008,31943700
2021-04-23,212.3231506347656,213.1601788021607,208.80575814173156,209.5581463973997,27999500
2021-04-26,214.5332794189453,215.07876052258928,213.2542237433072,213.48934416639793,19069200
2021-04-27,214.85301208496097,215.73706705804597,213.9689571118759,215.09754647787972,19648100
2021-04-28,215.21983337402344,215.8311551024287,213.58340436551356,214.5050724329994,16222700
2021-04-29,214.42042541503903,217.2042431777952,212.35135421900335,217.11020361927373,25500300
2021-04-30,211.5049591064453,214.24176468794943,210.7995977308379,212.28556075085783,27006000
2021-05-03,212.5394592285156,213.87494148700975,211.53313694641415,213.6868480218409,18693400
2021-05-04,210.00015258789065,212.68053117452868,207.80884285429,211.23219567004503,26892700
2021-05-05,209.16314697265625,211.17577745441233,208.18505221308885,210.93125735217384,25139500
2021-05-06,209.3418426513672,209.5487497976238,205.62694237185477,209.39826926387107,27647300
2021-05-07,211.97520446777344,212.48305835458828,208.93745209797345,209.4076930249041,26172700
2021-05-10,206.58624267578125,212.23853332027736,206.52040205924197,211.82471901807008,28109100
2021-05-11,205.9279022216797,207.2727843137816,201.65810679302868,202.1283476952652,39519500
2021-05-12,199.24107360839844,205.74920589457415,198.9495121980224,204.1786030221714,42113400
2021-05-13,202.90890502929688,204.4983212280574,199.19400558254424,200.61412763112975,37739900
2021-05-14,207.86526489257812,208.2320521736845,202.84308181586027,204.9685795966509,25070400
2021-05-17,208.1473846435547,208.2132108900885,204.93092509687705,206.69903501249473,20048500
2021-05-18,206.56741333007812,209.95315340858025,206.40753315284508,208.21325641117528,24564500
2021-05-19,204.97796630859375,205.17547376315852,201.3100937290537,203.1722433193886,31202800
2021-05-20,206.34165954589844,206.78368705075897,203.4543884647863,205.27892508474503,24932800
2021-05-21,206.87774658203125,209.13489676778383,206.29465256001083,208.1568021807873,24213700
2021-05-24,208.22265625,209.2101649696698,206.90598752418217,208.0157491144268,18324200
2021-05-25,206.21002197265625,210.3951772129201,206.1441957129109,209.00325389970035,20514900
2021-05-26,210.05661010742188,210.3763704666544,207.01884364287403,207.0282576450128,20388200
2021-05-27,212.2196807861328,212.8874290788362,210.83717159822672,211.6459863996506,21225700
2021-05-28,212.07859802246097,213.65860020147508,211.65538417812573,213.5645606530729,20668400
2021-06-01,214.48626708984375,214.95650796809056,212.51126401157472,213.9219866463152,23081500
2021-06-02,214.7401885986328,215.29506935830136,213.3294660465598,215.28566970750785,18927500
2021-06-03,212.94386291503903,214.07243807496943,210.7055118965721,213.32006420209035,24811500
2021-06-04,213.8655548095703,214.48627623948215,212.74639352611595,214.0160353411756,19395800
2021-06-07,216.73399353027344,217.0443541970729,213.7244551182031,214.3263628006172,24049900
2021-06-08,219.02877807617188,219.5836588237191,216.29197294078855,217.4487757406588,27770300
2021-06-09,217.5710296630859,219.73414040969584,217.2324556823069,219.64008650090824,18700600
2021-06-10,215.9575653076172,218.6890535517992,215.42069292733885,218.2181063116182,29069000
2021-06-11,218.23696899414065,218.33116420000863,216.7016906181196,216.9183223450114,16707200
2021-06-14,217.5964813232422,219.7910973328422,216.7676095264023,218.8115189598187,19182800
2021-06-15,216.9748077392578,218.02031116165475,215.20404156059692,217.6906423527615,17039900
2021-06-16,216.51329040527344,217.2762226728883,214.412869633467,216.35317006028257,24527000
2021-06-17,214.0831756591797,216.82409186124033,211.47413847274544,215.91988126957528,48292500
2021-06-18,209.22303771972656,212.6232775669561,208.28114318445157,210.70180466657987,54023700
2021-06-21,213.697021484375,214.2809914554011,210.30619565093843,211.0314584154563,26736400
2021-06-22,214.66720581054688,215.1381531194873,211.66255967995951,213.12249921210915,21188500
2021-06-23,215.3736114501953,216.59807724075432,214.74254382577593,214.74254382577593,22387500
2021-06-24,218.41590881347656,218.43475072714773,215.43010505812,216.74875157172036,21732500
2021-06-25,218.78323364257812,219.84757893099243,218.28403075222784,218.79264741275085,27619000
2021-06-28,217.0502014160156,219.07526912705157,215.47723910437824,218.74561462897464,25006000
2021-06-29,216.0140686035156,218.26519575255963,215.47719624330253,217.79424852997997,18844300
2021-06-30,216.04234313964844,216.9371544383688,214.5258923757248,215.36417793018137,26039000
2021-07-01,217.9449462890625,218.37822404009256,216.3625705837383,217.3986458082716,18089100
2021-07-02,215.8728179931641,218.5948927154305,215.2794198171814,218.5195394254509,21029700
2021-07-06,212.73629760742188,216.12712364016977,210.86192233207376,216.03292843897185,27771300
2021-07-07,210.75831604003903,213.49923258702165,208.91221079930753,212.434887163062,28521500
2021-07-08,208.81800842285156,211.05972193889457,205.19172320991265,206.5668811357604,42297900
2021-07-09,213.22607421875,213.29199935796785,210.36270698823557,211.1350673504694,23976400
2021-07-12,213.405029296875,213.70642804291495,211.50239851164724,212.45370671817685,16831000
2021-07-13,209.38316345214844,212.62328303638907,209.3078101627277,212.14290761285304,25357500
2021-07-14,206.15248107910156,211.32348797270384,205.85108225931984,210.71126218828425,30594100
2021-07-15,204.98451232910156,206.3314146160222,202.45081372944077,205.1728883617392,45477000
2021-07-16,202.46023559570312,207.10378331420873,202.00813022486244,207.05668571112372,36620200
2021-07-19,199.4273223876953,201.98927662791607,196.90305197663153,198.39124704059577,58571000
2021-07-20,205.6155548095703,206.52919354696212,198.98461004277144,199.86999309732997,40794600
2021-07-21,209.15707397460935,209.30778053211617,206.6139618983981,206.6987289474325,28278700
2021-07-22,205.8321990966797,209.03463457253147,204.9374022171478,208.6013711611312,32879000
2021-07-23,206.7929229736328,207.16967499310837,204.30632227745653,207.0943217147796,23660300
2021-07-26,207.39572143554688,209.14764552009777,206.41614325269725,207.58409743312032,22194200
2021-07-27,204.97509765625,206.3502700920023,202.8652629565809,206.28433057155215,35063600
2021-07-28,207.98915100097656,209.6562939229227,204.7678591539837,206.27489610728833,33043700
2021-07-29,209.5903778076172,211.3988136061643,209.23245328205456,209.84467898635572,22634800
2021-07-30,208.20574951171875,211.03143256945165,207.48048683602715,208.770877499965,28473000
2021-08-02,207.1696929931641,211.50241345442535,206.877707996876,209.543271164161,24192600
2021-08-03,208.02682495117188,208.2717123532019,204.4853067182218,207.80076509164192,27798600
2021-08-04,205.4366149902344,208.34706561703769,205.22939704539692,206.36909574200288,25588500
2021-08-05,209.12884521484375,209.51502542860857,205.97349273210423,206.35967294586905,23915200
2021-08-06,210.40982055664065,212.1240755167863,209.2324523825307,210.74890316567107,24429200
2021-08-09,209.2512969970703,210.22144723527913,208.35650004763704,209.96713168218287,17225600
2021-08-10,209.66571044921875,210.24968040948784,208.33763582457257,209.70337990348793,22681600
2021-08-11,210.69236755371097,210.7300370071939,207.65946633635104,210.06130000964976,25691300
2021-08-12,210.19317626953125,210.8336576193115,208.82743214365453,210.7583043360134,23269500
2021-08-13,208.2811279296875,210.3250371968754,207.87610583565515,210.02362406902165,20813700
2021-08-16,206.3408203125,207.46166261502108,205.00331757028377,207.00014354109135,24074400
2021-08-17,203.82598876953125,204.80556721674168,201.32997379070216,204.07089056741947,35161500
2021-08-18,202.0457763671875,205.37066267646168,201.9139117170695,203.54339948830383,29102300
2021-08-19,199.6251220703125,201.6313619487864,198.43832580544876,200.08664117583112,38119900
2021-08-20,202.99708557128903,203.46803277235412,199.1353127736884,199.77580844066424,31759500
2021-08-23,206.85888671875,207.16029988832236,204.80556339667945,204.8432328567905,25778800
2021-08-24,208.89334106445312,209.02520570694395,206.9247851972087,207.51818327450144,18677900
2021-08-25,209.62806701660156,210.9561418971582,208.01743524415755,208.88397658101232,21548000
2021-08-26,207.40516662597656,210.19318067780208,206.9719032031373,209.23244426081345,22380300
2021-08-27,213.25437927246097,213.8383493785923,207.7537177564224,207.82905668377867,33998500
2021-08-30,212.37838745117188,214.13974010192655,211.90744015767493,214.04554489435887,20733300
2021-08-31,212.79281616210935,213.4427257046713,211.2952072688313,212.1523347632874,20839800
2021-09-01,214.2244873046875,214.9780057788581,211.80381154189203,213.6499310850015,20451500
2021-09-02,215.71270751953125,216.48505362589117,214.37521889853045,215.0627979393456,22810100
2021-09-03,214.7142791748047,215.6655874574807,213.98901637671003,214.9874222593971,18213100
2021-09-07,213.23548889160156,215.6938340378366,213.10362424043905,214.4882102637305,19153400
2021-09-08,210.90899658203125,212.83988301545347,209.69395910525105,212.50080044971995,25241500
2021-09-09,210.805419921875,213.14131441475377,210.00481816633717,210.55110436556512,27180500
2021-09-10,208.7426300048828,212.19938068973713,208.64844918923217,212.0769441921745,24366100
2021-09-13,209.9294586181641,210.4004058857948,207.4522713913321,210.24028553946076,34693100
2021-09-14,207.2544708251953,210.7677478508783,206.34084633247437,210.74890593563725,30312600
2021-09-15,209.12884521484375,209.7975966672699,206.7081837014918,207.23564234850215,27572000
2021-09-16,209.2795562744141,210.36272927828497,207.46169228541893,209.34548142061735,22369000
2021-09-17,209.55267333984375,210.07071816209407,207.8195910001052,208.742643537462,39957600
2021-09-20,204.5700531005859,206.2654659452847,201.77262549987512,204.81494047786583,44958500
2021-09-21,204.88088989257812,206.5480327626516,203.27967216211937,206.0582579844109,26711200
2021-09-22,208.06448364257812,209.61861814861336,206.15243900935192,206.161867152284,32100300
2021-09-23,211.7472991943359,212.5384871210878,208.6861420845316,209.2701120725385,31057800
2021-09-24,210.7260284423828,211.9636459228346,209.58287710540353,210.6976871577701,28866000
2021-09-27,213.9287567138672,215.1002351024784,211.17953635193513,211.2645602190353,29743200
2021-09-28,209.06326293945312,213.13513862407945,208.64758595974197,212.9556342109924,39938200
2021-09-29,208.6192321777344,210.35756480380385,208.005137411029,209.98911371006403,23628900
2021-09-30,206.66363525390625,210.3103632914722,206.52192881315943,209.84743155884743,33153600
2021-10-01,209.99859619140625,211.1511899700028,205.70944637117017,207.79733149673297,32647000
2021-10-04,208.09017944335935,210.03637234046084,206.83366293293344,209.86631021233887,32580200
2021-10-05,208.8081817626953,210.7354611068781,207.7311697494767,208.7514991960589,20407600
2021-10-06,207.72174072265625,208.03350929640737,204.7835738295955,206.67306985302463,32893300
2021-10-07,210.9244384765625,212.5210649423341,209.1388652892872,209.2900284327745,24289300
2021-10-08,209.33721923828125,211.7274300188465,209.261637684402,211.0472104496406,17989600
2021-10-11,208.137451171875,211.19844019916908,208.08076859250673,209.5734723172896,15929800
2021-10-12,209.28057861328125,210.1780863199191,208.1846674859901,208.64759919037436,18800600
2021-10-13,210.27256774902344,210.39537518544643,207.6839530582095,209.6301316175301,19676200
2021-10-14,213.3902282714844,213.51305012573457,211.9258803894737,212.33211511397715,18160000
2021-10-15,212.71945190429688,215.789882742122,212.62497134300295,215.38363362741,27555300
2021-10-18,212.5966339111328,213.21071432354435,211.36845867059975,211.51017951510937,19082600
2021-10-19,213.3902282714844,214.3444329870391,212.19985096928875,213.49415112914744,15498400
2021-10-20,214.80734252929688,215.3836393708539,212.68165958488808,213.484701130171,18130500
2021-10-21,215.35531616210935,216.35674679346775,214.0987995196108,214.63731283027215,17851600
2021-10-22,214.8451690673828,215.77101816978765,213.22020118071444,215.21362025007437,16887000
2021-10-25,216.8857879638672,217.27312365700325,214.72230714379677,215.2041233956739,16387100
2021-10-26,215.2513885498047,217.97226750003188,215.21360497136752,217.32038905023072,25290200
2021-10-27,211.29286193847656,214.89236354445336,211.1511555198475,214.6278208701642,27088500
2021-10-28,215.5064239501953,215.648130355698,212.3509697182037,212.37931099930415,22890600
2021-10-29,215.4497833251953,216.186685608662,214.42001146954445,215.2135963262455,20777700
2021-11-01,221.03326416015625,221.24109547249992,216.24338453958285,216.58349442042655,35500800
2021-11-02,221.49615478515625,221.8740626159313,219.79560558594292,221.4300299245892,24949700
2021-11-03,225.4546813964844,226.5600349209928,220.99546930242505,221.2127573245818,47648500
2021-11-04,225.36962890625,227.6275759556758,224.43432323550925,226.24823759015297,26514000
2021-11-05,228.44949340820312,229.9516391489887,226.92844867252137,227.8448553129097,42041700
2021-11-08,229.1580810546875,230.95311097054832,228.56288517963185,230.27289123211636,31324500
2021-11-09,227.8260040283203,229.12976105070572,226.3049589741081,228.62904569891964,29895900
2021-11-10,224.2359161376953,228.21329665838337,223.25337026508268,226.8150738258132,32471600
2021-11-11,226.04039001464844,227.0985175245484,224.5288019394781,225.1428823425614,17987500
2021-11-12,226.26712036132812,226.93789770823392,225.54911715234192,226.6639127464817,20526700
2021-11-15,225.36962890625,227.4575138265821,224.42488094555787,227.27802382324683,27390000
2021-11-16,225.78536987304688,226.1443643742228,223.85807553741603,224.62331924702625,21925200
2021-11-17,222.8282928466797,224.97287512208965,222.1386307533533,224.90673583394388,26527800
2021-11-18,221.8835296630859,223.97142921591575,220.1735379831973,223.82970835767108,30637300
2021-11-19,219.86175537109375,221.46782408545215,219.54998680169368,220.3813696534272,33994000
2021-11-22,218.9264678955078,222.71491691117595,218.82254503038624,221.27889579741728,31042100
2021-11-23,218.54855346679688,220.1262808745101,215.98828008023665,218.6052360394784,33843800
2021-11-24,218.7847442626953,219.17209440369243,215.91270226080275,216.71574382962987,24099300
2021-11-26,210.53709411621097,213.67364992864273,207.50444674299436,212.5305129401732,62595400
2021-11-29,210.40481567382812,214.22159092894444,209.0160350777244,213.72087568444,45982400
2021-11-30,206.11566162109375,209.60178391553012,203.9521951259727,208.46808924162403,64908400
2021-12-01,201.4769592285156,211.82196166598436,201.37303636882427,210.83941564422773,69120100
2021-12-02,207.0981903076172,207.78785222758128,202.00599978178775,202.5255995862063,64315700
2021-12-03,202.84683227539065,208.2035512526787,200.9573364351179,208.11851298392745,64425200
2021-12-06,206.9187164306641,208.49644390221437,201.90210672542753,204.5757309498192,43878300
2021-12-07,211.7180023193359,213.55080106829763,209.71512704279223,209.86629016096697,44679200
2021-12-08,213.16346740722656,214.02317701656185,210.7354584516935,212.1903782503382,36546400
2021-12-09,208.33580017089844,213.333509960544,208.2980021840561,211.5762783807859,34830300
2021-12-10,207.7595367431641,210.53709817774455,206.2573908785719,209.9230033265348,32924600
2021-12-13,204.7233428955078,207.57568172404464,203.5009222972064,206.95025050654152,33478400
2021-12-14,202.9607696533203,206.12582403512383,202.136346809837,203.33982544190448,36543500
2021-12-15,206.1826629638672,206.7322829705056,200.02314785224513,202.9891959099581,51261000
2021-12-16,202.01319885253903,208.3811929867345,201.1319210506877,207.9547677774676,52743800
2021-12-17,203.8705291748047,205.96477124747457,199.28406167731825,201.0845300337563,62620900
2021-12-20,201.0087127685547,201.78576641977196,197.82471591236393,200.98028538712015,49993000
2021-12-21,206.7512359619141,206.95024205371857,200.95181989703377,202.9797213253056,38545300
2021-12-22,208.7413024902344,208.8076426941669,205.7563114223561,206.45753952390632,32442000
2021-12-23,210.4090576171875,211.12925642551184,208.79811019038416,209.47092521508176,22125400
2021-12-27,212.38009643554688,212.49382040386055,209.0444921946811,210.69333791047836,24196700
2021-12-28,211.0818634033203,213.90576037796848,210.7028220698977,212.06737954591895,23120300
2021-12-29,211.30929565429688,211.7831045480788,209.66990647097137,211.05343480299464,19444400
2021-12-30,211.25244140625,213.6214860429836,211.03449334833076,211.2619268388775,23607700
2021-12-31,210.7975921630859,212.380112269896,210.74073740444024,210.83550497518385,23997400
2022-01-03,213.5172576904297,214.81548949835897,211.06291650663184,211.9915923965016,30618800
2022-01-04,213.1950531005859,215.23244008934017,211.67887326424605,214.16162732567167,22013100
2022-01-05,205.97418212890625,214.07631628809065,205.93628378340236,213.0907857910082,40582100
2022-01-06,207.14927673339844,208.87393377588617,204.51490015347107,206.41013593526063,39105900
2022-01-07,204.75180053710935,208.8360312517797,204.6191201539124,207.1492725964333,31583900
2022-01-10,204.0410614013672,204.10738712510008,200.05158430130896,203.51986874561143,45778100
2022-01-11,206.2111053466797,206.41958241469845,201.80468846069147,204.19267485154325,35209900
2022-01-12,204.67599487304688,207.8884189669815,203.39670492770497,207.0734669968048,35284500
2022-01-13,202.79969787597656,206.7607481446965,202.2027084423225,205.4530308394993,34489600
2022-01-14,203.08399963378903,203.16928177862331,199.54938874491313,200.8855335186593,42020900
2022-01-18,196.9434356689453,201.31195489446412,196.65914739870615,201.0845213863724,49434400
2022-01-19,193.7404632568359,198.48803785894847,193.67413752740055,197.87207759118803,46209100
2022-01-20,190.2342834472656,198.04265973913908,189.8362856852807,194.6217587211843,50466000
2022-01-21,186.67124938964844,192.38538398815965,186.67124938964844,189.29614047832692,85821000
2022-01-24,190.97341918945312,191.78837109764876,181.21295269627285,183.90419830953553,85782000
2022-01-25,188.42431640625,191.13450384264084,184.36851345381896,188.08317342616235,61088500
2022-01-26,185.7046813964844,192.8876268281961,183.5725411171591,191.210339093133,71471700
2022-01-27,181.48777770996097,189.15400277414145,180.61597100854928,187.27772344848375,59829000
2022-01-28,185.0223846435547,185.0792394008597,178.23743738813823,181.65833839449897,65870000
2022-01-31,190.69862365722656,190.69862365722656,183.69572823899136,184.20743552203044,53393800
2022-02-01,192.7075653076172,192.90657141701007,187.59990570754232,191.09661786493973,43429400
2022-02-02,190.7933654785156,193.21926474694112,188.85074608544824,192.95393291817587,42777800
2022-02-03,187.18296813964844,190.69863701430685,186.7281155829211,188.42434531166597,39629400
2022-02-04,187.98846435546875,189.6183684799319,184.709699697792,186.7186452402452,34291100
2022-02-07,188.91709899902344,190.62281405563655,187.61886714514347,188.03580686164784,33242600
2022-02-08,192.1389923095703,192.48013531794345,188.91709736565832,189.0213359087585,28341900
2022-02-09,195.7873382568359,195.82523661130548,193.5983431837959,193.8542040698466,27329300
2022-02-10,192.7834014892578,198.09953886166016,191.532538832456,192.27167968983792,44788100
2022-02-11,190.8312835693359,195.26612808100495,189.22980712028857,192.98236563639307,41516600
2022-02-14,190.16796875,192.8686857691913,188.80341100862736,191.06821739606565,32262700
2022-02-15,195.26614379882812,195.5030482758158,192.0158213151176,192.15795821750953,25847500
2022-02-16,195.67361450195312,196.4127552661156,193.38985201959173,194.5459469501025,30104800
2022-02-17,190.6607208251953,194.2900991599204,190.2627230376657,193.83524661124392,27140200
2022-02-18,189.02133178710935,192.10108976850324,188.34851675822455,190.4996133046583,36255400
2022-02-22,186.35853576660156,189.95000116992009,185.1171586572184,188.0831927894045,31847100
2022-02-23,182.8712921142578,188.4811881575635,182.46382337158667,187.8557713539171,31491500
2022-02-24,187.6662139892578,188.08316811531373,178.07632692796926,178.45538270597442,52221100
2022-02-25,191.89263916015625,192.00634868965471,186.6807403187693,188.28221700355223,33656200
2022-02-28,192.6696624755859,193.88261213077175,189.9594749267644,189.96894589956256,34975900
2022-03-01,189.0402679443359,193.11501265413065,187.4387916520263,192.04421444160047,40638900
2022-03-02,193.54147338867188,194.54594598836292,190.177427155357,190.3195640479545,29978600
2022-03-03,191.2482452392578,194.36590166571423,189.7983765971202,194.3469452596762,30142700
2022-03-04,188.2537841796875,190.3385407640817,186.6617785152122,189.2393004790276,31610400
2022-03-07,183.5725250244141,189.1350369940244,183.53461221433983,188.78442302809,39279800
2022-03-08,184.58644104003903,189.11606684127636,183.3261222533089,184.16001597705912,45715800
2022-03-09,189.78890991210935,190.471195949884,187.26824285363656,187.8368193716159,29048000
2022-03-10,189.44775390625,189.5614634182503,186.2637574347374,187.06923837007412,25661000
2022-03-11,186.42483520507812,191.19135131282437,186.15003242079524,190.2626899699899,24990000
2022-03-14,182.61544799804688,187.09767652132177,181.82892342258825,186.90815583724168,34969500
2022-03-15,185.5246124267578,185.5340833993735,182.77652658019625,183.3261466414086,25464300
2022-03-16,191.36195373535156,191.36195373535156,185.8752382064552,187.19242645879888,31869700
2022-03-17,194.36587524414065,194.4606428019473,189.80783622792373,190.25321772251655,25783100
2022-03-18,196.41273498535156,196.5832992397,193.31402089586103,193.51302698543353,37092200
2022-03-21,194.67860412597656,197.27506765697305,193.25717741881783,196.34640625695604,26747500
2022-03-22,196.63070678710935,197.8531274695331,195.01975931015136,195.50303921538844,24699900
2022-03-23,193.21929931640625,196.3464415257697,193.07716240395905,195.35143976013097,19775000
2022-03-24,195.44107055664065,195.4980370708797,192.4881855025564,194.0548370837464,19781200
2022-03-25,195.7069091796875,196.18164941308507,194.11178894967424,195.6784259247174,19430400
2022-03-28,195.77337646484375,195.7923701304775,192.7730147632708,195.21318647598352,18999100
2022-03-29,201.0145263671875,201.52723947101424,197.37801425325873,197.4919472790151,29550600
2022-03-30,196.979248046875,201.0430237814927,196.17218375647087,200.69170611413173,26251500
2022-03-31,194.89987182617188,198.35598036479777,194.7859243111487,196.6659061858387,26771600
2022-04-01,197.0836639404297,197.22608021274627,194.6529818188253,195.7638722066604,25948500
2022-04-04,197.40646362304688,197.9001829751884,195.4790196659424,197.36847629570033,20333900
2022-04-05,192.7350311279297,198.8591767949752,192.2792701057703,197.45394986311996,26509800
2022-04-06,190.0005340576172,191.60515834149345,188.64276947590577,191.10193486036232,34903900
2022-04-07,189.38336181640625,191.06393164747092,186.7437930471903,190.0005182644803,29291200
2022-04-08,187.8737030029297,190.1904377546119,187.5223998520005,189.15550748063143,25249600
2022-04-11,186.6108856201172,189.183984074308,185.98423951932432,187.16158603251023,33702300
2022-04-12,187.19956970214844,191.49121092096237,186.4969489508578,188.66176322595425,33699800
2022-04-13,190.76011657714844,191.2728296344177,187.626828262063,187.69328435841192,22303600
2022-04-14,188.90866088867188,192.14637862680783,188.82319662641103,190.9500383223175,27107000
2022-04-18,187.63633728027344,189.11752458567295,186.6014069820036,188.43391193450043,22246400
2022-04-19,191.37730407714844,192.0229584075981,187.70281885542792,187.86422881605935,22786700
2022-04-20,192.10838317871097,193.5705767121844,191.66212620355068,192.79201026883212,20516200
2022-04-21,187.8072204589844,194.45358306226953,187.06662692793768,193.91237229608575,31547700
2022-04-22,182.9458923339844,187.39895811303185,182.57559552548804,186.9242178719892,35686900
2022-04-25,184.05679321289065,184.3036529171696,179.65120445210195,181.34127851413368,35556500
2022-04-26,178.25550842285156,182.9744285705922,178.00863417330288,182.6041316841946,40513600
2022-04-27,177.51486206054688,180.1923892563643,176.8502141898286,178.18898503169785,37808000
2022-04-28,180.8285675048828,181.73057112807703,175.37855843055277,179.61323356223562,37405200
2022-04-29,175.60641479492188,182.04389139720297,175.18864105871583,180.0120037157739,41193400
2022-05-02,177.4484100341797,178.33143443274372,173.16625819558726,175.55893862386085,38002100
2022-05-03,178.96759033203125,179.93605004141688,176.29953787262718,177.47689894558923,30246300
2022-05-04,183.7434844970703,184.13276052107972,176.30904987381123,179.4993051778007,38834700
2022-05-05,176.29002380371094,181.8824627698607,174.1157200664138,181.85397951694705,41468700
2022-05-06,173.35614013671875,176.05266110397503,171.42869600629973,175.61590821566037,45457900
2022-05-09,166.06410217285156,173.42257465285243,165.3045295071874,170.77353093473687,53682200
2022-05-10,166.11160278320312,169.8715517614665,162.5510510752697,168.59925142826623,53650800
2022-05-11,161.9813995361328,169.1879539634501,161.6965524526025,166.28254558487473,64377800
2022-05-12,163.88035583496094,165.53244279136413,160.36726605721017,161.2502905407395,52967400
2022-05-13,169.07398986816406,170.34629018791074,166.1685675353585,166.197050789687,36517000
2022-05-16,168.26695251464844,170.37480059846212,167.2415117316101,168.53280592270386,28225500
2022-05-17,173.41311645507812,173.60300965586703,169.94751845493246,171.29577901483296,31833700
2022-05-18,167.3364715576172,172.2452846794155,166.2540642182177,171.35277056855676,36093800
2022-05-19,167.6117706298828,169.77658474122092,166.05462338334274,166.05462338334274,33627700
2022-05-20,167.18450927734375,169.92850703260152,163.11123027961557,169.48225008901971,42243700
2022-05-23,169.2069549560547,169.9190654517397,166.63385599029246,168.89362459940227,24644100
2022-05-24,166.70028686523438,167.99156634794994,163.62396504132522,167.6497672998817,26861800
2022-05-25,169.7006378173828,170.6975951936093,165.97867616900297,166.045146755115,27950100
2022-05-26,173.48907470703125,174.51451536541467,170.62163959680663,170.76407036175905,25702700
2022-05-27,178.16049194335938,178.16998153118934,174.13469005164222,174.47650355648537,24952100
2022-05-31,175.94825744628906,178.1985219572122,174.78988989087864,177.46743228588716,29794500
2022-06-01,174.95130920410156,177.4959250230989,172.58711152475573,176.859774690331,28352100
2022-06-02,179.22393798828125,179.22393798828125,174.86582587253443,175.2646059529371,24876000
2022-06-03,177.60983276367188,178.4643739677784,176.4039883854783,177.82820923773215,18972100
2022-06-06,178.37890625,179.74616055974303,177.39145285292082,179.72716689212896,24678700
2022-06-07,181.25579833984375,181.29378566819412,176.50839645050343,176.9926407154855,21661600
2022-06-08,178.45486450195312,181.0659359855856,177.60982740131263,180.3633296586245,21521700
2022-06-09,174.75543212890625,178.0873708337454,174.7173446948064,177.59233587314702,21697200
2022-06-10,170.0146026611328,172.83247810573656,169.11973651603356,171.84240787137395,37153600
2022-06-13,162.02745056152344,166.5588974522464,161.16114282934367,165.2927587343152,39712700
2022-06-14,161.246826171875,163.01751448484583,159.68557520433853,162.47487740091975,30282400
2022-06-15,163.60772705078125,165.70208582502926,160.56138569495673,162.98894418319708,32150500
2022-06-16,156.0299530029297,160.33291871658642,154.96373706634677,159.7807670276838,43810600
2022-06-17,157.24850463867188,159.47615532719854,155.83957422732394,156.58211961479813,40327300
2022-06-21,160.0663604736328,161.91320911900624,158.80022181957676,159.9140397650015,34665400
2022-06-22,159.76171875,161.1325614221043,157.42934987816702,157.9910306233351,29303500
2022-06-23,161.67523193359375,162.05601922258208,158.55272968035666,160.1139808069752,27089800
2022-06-24,166.6826629638672,166.69219208845976,162.69385275559625,162.99849422046776,37138500
2022-06-27,167.30145263671875,168.49143106655347,165.8163473543578,167.23480687211816,24745400
2022-06-28,164.15989685058594,169.59570985808028,164.07422189503103,168.43428981799264,25909200
2022-06-29,162.4939422607422,164.4074224099403,160.85653072493017,164.26463080406893,21292500
2022-06-30,161.227783203125,163.0841464771266,158.7526224870545,160.12347983588725,31466300
2022-07-01,163.17935180664062,163.5886973793407,159.6094168191754,160.93267214015174,24598600
2022-07-05,164.53114318847656,164.59777441232234,158.7240439173142,160.58040695445604,25151100
2022-07-06,163.3126220703125,165.36890802464228,161.59905044170435,164.16940062156556,25697600
2022-07-07,167.1776885986328,167.52991756206998,164.55022148062088,164.55973607856922,24822500
2022-07-08,167.1586151123047,168.49139941904687,165.3117666119156,166.66359463726727,20547000
2022-07-11,163.7981414794922,166.56841463022678,163.3602375709292,165.8925005199188,22031500
2022-07-12,163.2364501953125,165.0356966468269,162.37014258226085,163.30308142072363,23864200
2022-07-13,163.0936737060547,164.00756891059325,160.6851442503068,161.02785858353434,25535600
2022-07-14,161.4181671142578,161.8370417818695,159.00013770500166,160.5804177790344,25102200
2022-07-15,164.77870178222656,165.02622661056358,161.18020790754278,163.3031255153662,34935900
2022-07-18,164.31222534179688,167.82502942069655,163.79814653193586,166.72074049149495,23031500
2022-07-19,170.10977172851562,170.30016534173993,166.2732830439448,166.35895799098049,24234600
2022-07-20,172.77537536621094,173.08000232937945,169.83373727406604,170.0717329902719,26049300
2022-07-21,173.66065979003906,173.73682013925966,170.262089546915,171.78525295302305,21709900
2022-07-22,170.89041137695312,174.4508319487143,169.5005247522525,174.09860299367844,25116100
2022-07-25,171.77578735351562,172.23273505307642,169.8622925330386,171.4045146239777,19267200
2022-07-26,170.71905517578125,171.5568045797285,169.96698072648238,171.14744447512598,19391200
2022-07-27,174.6031494140625,175.4028113908551,171.35688494086253,171.81383256672927,21670700
2022-07-28,177.0021514892578,177.20207426474298,173.03238503583435,175.4694731569907,22838500
2022-07-29,178.25877380371094,178.71572146631246,176.15488548909445,177.1068682597418,21760600
2022-08-01,178.19212341308594,179.27739768852075,175.37426261971277,176.86886797726928,23905600
2022-08-02,178.020751953125,179.94376093457967,176.57373428705304,177.51620232090752,17492600
2022-08-03,180.63873291015625,181.01952021256855,178.63004865880677,179.25836078128108,19157700
2022-08-04,180.2579345703125,180.91479044783787,179.39162680534957,180.72439680828975,14838900
2022-08-05,181.63832092285156,181.84775830068355,178.18261871472868,178.46821645959997,18540300
2022-08-08,183.5613250732422,185.28441156641995,182.67597354169024,182.92348383301763,22188700
2022-08-09,181.05758666992188,182.94250829273653,180.0770456800772,182.8187458970523,18247300
2022-08-10,186.2268524169922,186.54100845330305,183.83738105282012,184.33241612756177,20796400
2022-08-11,186.9217987060547,189.9490965535309,186.62667188331056,187.94041258562788,23727600
2022-08-12,190.73922729492188,190.80585852089595,187.1407343614896,187.87376500381137,21726600
2022-08-15,191.41514587402344,191.5008208206488,188.70198968874195,189.25414133271892,17414800
2022-08-16,191.3390350341797,192.29101786817532,189.47314228806195,190.8725582161239,18833100
2022-08-17,188.12130737304688,189.75871882652856,186.95037268546412,189.17800878167628,22428000
2022-08-18,189.3683929443359,189.6825489718382,187.44538386361128,188.378337348716,18368100
2022-08-19,185.30343627929688,187.6453202332833,184.75129906785764,187.37876622565608,27416400
2022-08-22,181.4860076904297,183.11390473521135,180.88625385401983,182.77119033242076,22937000
2022-08-23,181.7810821533203,183.6660037126988,181.24797419924175,181.77156755631972,20069800
2022-08-24,183.1710205078125,184.01828464871193,181.02905913211225,181.62879843955676,16038300
2022-08-25,186.01742553710935,186.06502758034136,183.7136290005025,184.09443082025413,14795000
2022-08-26,179.90570068359375,186.05551579923477,179.60107374928415,185.96031171132933,24177200
2022-08-29,178.24923706054688,179.91520670220737,177.5638083887469,177.97315395674002,19753300
2022-08-30,175.75502014160156,178.98224052273898,174.72687720697795,178.8013760335685,22548900
2022-08-31,174.68878173828125,176.82122768208444,174.39366949930258,176.05963880743334,22412500
2022-09-01,172.78485107421875,173.15612372688784,170.30969037235644,173.0514050542836,30706600
2022-09-02,171.44256591796875,175.11721982735062,170.53818523201826,174.7840345883708,27468200
2022-09-06,169.7480010986328,172.3849967507157,168.97689758032965,172.03276786608347,23837100
2022-09-07,173.44175720214844,173.70831123719393,169.38630097761748,169.42438842611278,24781200
2022-09-08,174.8887481689453,174.96489400195728,170.99512788698718,172.0137563482864,25273200
2022-09-09,178.40155029296875,178.62051677045977,176.212001726883,176.44046827577372,23208800
2022-09-12,180.5625762939453,180.7434553504838,178.94420843592997,179.54396224948283,23134600
2022-09-13,173.49884033203125,176.98310036488152,172.822926249815,175.9835156635094,34144700
2022-09-14,174.1747283935547,174.5174426820798,171.8994907499324,173.80345579149414,25278300
2022-09-15,172.9086151123047,175.82167972651783,172.17558439710055,173.18468369210484,25378700
2022-09-16,170.3953857421875,171.0522415918495,168.41526001745504,170.4905752948719,41155900
2022-09-19,171.85191345214844,172.07086539613215,168.46285751458083,168.51044502658843,25412200
2022-09-20,169.51004028320312,170.347789722607,168.224872330776,170.18595440383186,22247500
2022-09-21,166.92068481445312,172.40411583245807,166.91117021447434,170.75717489139672,29357100
2022-09-22,163.16029357910156,167.14910290795137,162.54151071339942,166.59695126918422,33468600
2022-09-23,159.27621459960938,161.06594662717868,157.07713700570588,160.8850675997836,40336900
2022-09-26,157.09544372558594,161.68860092672125,156.53087201619226,158.33942593024153,30597800
2022-09-27,157.63128662109375,160.40632569239193,156.24377438606572,159.14320143899232,42406600
2022-09-28,162.61679077148438,163.62154612116134,157.95665798548606,158.61691160263751,35186500
2022-09-29,158.970947265625,160.69336799700733,156.74135244634664,160.54983780313896,31464000
2022-09-30,157.81309509277344,162.2148729772104,157.76524682422144,158.63603566764672,40643800
2022-10-03,161.99476623535156,162.96125157037844,158.12886869896667,160.12880065960587,33611600
2022-10-04,168.41563415527344,168.4921884684022,165.0951656546809,165.17171996780962,37537300
2022-10-05,167.17166137695312,167.77451750045128,164.0330073710696,165.93725768734214,25281400
2022-10-06,166.23390197753906,168.57832144379236,165.45880956554757,166.35830457248608,22635900
2022-10-07,161.34408569335938,165.03774720215807,160.68381754418743,164.521009258788,26536100
2022-10-10,160.44461059570312,162.2627428338806,159.41114918269818,161.9947954145888,23386400
2022-10-11,160.49244689941406,162.77945409796538,157.69828014729748,159.76520281913463,28009100
2022-10-12,160.05223083496094,161.2005307098404,158.34893784879307,160.6646506209849,26796700
2022-10-13,164.0138397216797,164.7793681754736,155.4973740014796,156.93273437687787,45376500
2022-10-14,159.6216583251953,166.42526784937158,159.525976383548,165.29612456973314,29608600
2022-10-17,164.71238708496094,165.1812621146641,162.77943108542223,162.88469142701197,28199200
2022-10-18,166.66452026367188,169.6500659655594,165.2483017385771,168.28169571927586,34523100
2022-10-19,163.83203125,165.92764502530497,162.0330416662554,165.05687087260566,27146900
2022-10-20,161.7459716796875,166.0711949437551,161.21010615340737,164.03297858014483,26710700
2022-10-21,165.2578582763672,165.73631184092022,160.94221238054672,162.1000618300684,45402700
2022-10-24,165.96597290039062,166.5018385503306,163.67896547216858,165.851148718616,27284500
2022-10-25,170.49215698242188,171.1906951619984,166.08081413106348,166.09039254802386,33105700
2022-10-26,171.33421325683594,174.51113712644852,170.64523900053575,171.42989520278462,37084700
2022-10-27,171.37246704101562,174.1570698489423,171.16194633793404,172.80782750680362,28651800
2022-10-28,175.26708984375,175.50631659404954,171.03756265060326,172.08058777761113,33221600
2022-10-31,175.42977905273438,176.30056801136942,173.72648559586773,174.41545987069506,25699400
2022-11-01,175.6689910888672,177.6019473422666,174.9991591004344,177.25746023375228,27446700
2022-11-02,169.84146118164062,177.02782887013694,169.78403448561002,174.96090585038144,38139600
2022-11-03,168.70272827148438,170.27205536512054,166.60709934130233,167.7362427349427,29093200
2022-11-04,170.98016357421875,172.1858759352137,167.9084997810766,171.20982654803788,25842400
2022-11-07,171.75521850585938,172.80780729692523,170.02320481465787,171.9944452221798,20689900
2022-11-08,171.822265625,174.10927339708329,169.71707256889235,172.46339173837734,20265200
2022-11-09,167.1046600341797,170.97055756463345,166.76973677183932,170.3294316806809,27277000
2022-11-10,177.39146423339844,177.45844014581758,173.34373620004095,174.0135829317045,38572800
2022-11-11,178.845947265625,180.7023495431077,177.68809774698556,177.7550736573742,28765400
2022-11-14,176.84600830078125,179.69758752339112,176.67377202213945,177.78377322073453,26499600
2022-11-15,179.46791076660156,181.39128858011532,178.08996235043082,179.7454073720494,26128800
2022-11-16,176.31011962890625,178.5971268381433,175.79339625915384,178.5588569816308,24802000
2022-11-17,174.67381286621094,175.0661482753478,172.7312926518176,173.79346010018605,20835700
2022-11-18,175.80299377441406,177.32447273388638,174.70255632350535,176.6354983746451,27269100
2022-11-21,174.88430786132812,175.29578543996962,173.61161987342388,174.9034500885592,19038900
2022-11-22,176.75030517578125,176.97038970587727,174.47286175600698,175.82210418207035,16869700
2022-11-23,177.20960998535156,177.7741816120703,175.6402830865749,176.34838492305528,19758800
2022-11-25,177.58282470703125,178.3387749056888,176.70247191063817,177.11393496277284,13393400
2022-11-28,174.0039825439453,176.9512581468897,173.4776807217689,176.19530796684978,17465600
2022-11-29,174.5111541748047,175.69772431018308,174.11883333597515,174.11883333597515,14020600
2022-11-30,179.29568481445312,179.3530969062266,173.0088125441091,174.79822421018787,28030100
2022-12-01,178.90333557128906,181.0850823196134,178.10910102500335,180.0420426135022,21996400
2022-12-02,179.94638061523438,180.7214730194393,176.38668508379885,176.42495494272848,22574800
2022-12-05,174.9895782470703,178.99902090936175,174.32931008151505,178.80764242979666,25449300
2022-12-06,172.3102569580078,175.09484533544995,171.36291373604752,174.99916339260838,18502100
2022-12-07,171.8031005859375,173.67864499500396,171.39163752650242,172.00405750882624,17177800
2022-12-08,173.04705810546875,174.75992980948945,171.77437004530717,172.98008220821922,20971400
2022-12-09,170.92274475097656,173.0183736756718,170.86533266009351,172.0231966974629,22046500
2022-12-12,172.9322509765625,173.28630192849576,170.32946251608243,171.14283938544875,22765400
2022-12-13,174.36460876464844,179.4211577755563,173.1725640691967,178.54635113619926,38445300
2022-12-14,173.22064208984375,175.83543953449424,171.9132433675185,174.297318213425,32406900
2022-12-15,168.88507080078125,171.69214442920665,168.26982520231002,171.14418375456506,33546700
2022-12-16,167.62571716308594,168.33710074380397,165.9914726508197,167.07777123534356,38502400
2022-12-19,165.35702514648438,168.27945282779098,164.83791761642485,167.85646871586928,25614000
2022-12-20,166.23179626464844,167.28925631800112,164.55909072623857,165.03014378066104,18050800
2022-12-21,169.09658813476562,169.96178701326218,167.46234314464678,167.70267372168232,22997200
2022-12-22,166.88552856445312,167.74110467817144,164.06884708019535,167.5872896160484,21297600
2022-12-23,167.64498901367188,167.7026660025273,165.67427543896713,166.77018223306138,11647700
2022-12-27,166.52023315429688,167.81802399561386,165.90498753120582,167.61613987882197,13553800
2022-12-28,163.93426513671875,167.36619225463272,163.75161158116205,166.48176296787275,19648000
2022-12-29,168.08718872070312,168.47171172452673,164.77061547112214,165.07824560907088,22311300
2022-12-30,167.6160888671875,167.96216534164094,165.93377552415714,166.63553641146805,21275600
2023-01-03,166.69326782226562,170.46166384981274,165.25128448584945,169.12541187619854,22503800
2023-01-04,168.76971435546875,169.83678252901956,167.53922317660448,167.86606918723146,22973500
2023-01-05,166.96240234375,168.00063189149736,165.72230338507427,167.83720890739963,17032600
2023-01-06,170.71156311035156,171.1537630174588,167.14505202383455,168.51975011626365,21986900
2023-01-09,170.99998474121094,173.15333691899468,170.77887009047583,172.08626877067806,18366500
2023-01-10,173.52822875976562,173.6339747664006,170.44239335737967,170.78846986376598,18751100
2023-01-11,175.69122314453125,175.72006163427696,173.69167140003174,174.24923998280084,18222700
2023-01-12,178.64248657226562,178.75784052964434,174.8837136624913,176.46990391950388,29650800
2023-01-13,179.81529235839844,180.09406929866674,177.2004952093142,177.36391819755568,22120000
2023-01-17,179.59422302246094,180.57476111913243,179.03665437822522,179.7672539800102,22422600
2023-01-18,176.6909942626953,181.6514195201449,176.5948561910461,180.19981384873736,23507800
2023-01-19,174.99903869628906,176.0180522696205,173.78777833817472,175.66235317880714,24624500
2023-01-20,177.88304138183594,177.9887874034159,174.25886749478295,175.64317371597113,36070300
2023-01-23,180.08450317382812,180.8439413153608,177.44086692289454,178.25798205383302,20329900
2023-01-24,179.69993591308594,180.56513461773864,178.69055942724148,179.37308991445798,19263500
2023-01-25,180.19984436035156,180.25752134566292,176.75830910685164,178.23875351670222,18174600
2023-01-26,181.26690673828125,182.50702055686187,179.0847012966217,181.67066029102935,18369100
2023-01-27,182.24745178222656,182.93960489165724,180.52667694928223,180.70933050157805,20019900
2023-01-30,179.7095489501953,182.2762771002573,179.603802936435,180.57473294015395,18395100
2023-01-31,184.0739288330078,184.17006689856112,180.13251751168076,180.17096393673648,21567900
2023-02-01,186.9675445556641,188.60178922730677,182.77617952221877,183.7951786232921,27007300
2023-02-02,190.64939880371097,191.55302922238164,186.8329490355356,188.4287325138851,31020400
2023-02-03,189.3708648681641,191.42809378300427,188.13075101960817,188.52489664084607,24981500
2023-02-06,186.63107299804688,188.78443979533253,185.89085086950945,188.08266409683088,18160100
2023-02-07,188.0153961181641,188.5152877653394,184.23739227498973,185.9293287212409,27074100
2023-02-08,185.26597595214844,187.81347337011064,184.7660844078015,186.8425434363723,17933500
2023-02-09,182.5839080810547,187.57317236392012,182.10324700823315,186.71759624104223,20516600
2023-02-10,182.94918823242188,183.25681831463143,181.2380362388079,181.9590277418006,15248700
2023-02-13,185.150634765625,185.40057322071715,181.98787697137436,183.1414605105381,15754400
2023-02-14,185.06411743164065,186.4484236418244,182.7281117034142,183.8816953223635,21889600
2023-02-15,186.9387359619141,187.0252514461557,183.16073179527905,183.59332388510083,18721200
2023-02-16,185.150634765625,187.33282528210117,183.8528441161842,184.38157418331232,21366300
2023-02-17,185.66012573242188,185.8908336284614,183.583666656407,184.45847321184985,23892200
2023-02-21,180.1805725097656,183.9393449895406,179.9979336543467,183.37216853916485,26004000
2023-02-22,180.67088317871097,181.83407473978275,179.52690749880895,180.56513715783063,24651700
2023-02-23,181.9590606689453,182.93961339766608,179.47884768960006,182.02636026233577,21311700
2023-02-24,180.25750732421875,180.5170684065424,178.59442414645048,179.43076970563476,24280700
2023-02-27,180.8919982910156,182.84348120162096,180.3440522596136,181.8148740657622,17562900
2023-02-28,180.9015960693359,182.67043998250867,180.79586471416377,180.8439190870195,19542600
2023-03-01,181.13230895996097,182.1609306515185,179.94988688000598,180.91120898339304,22532800
2023-03-02,181.56488037109375,181.97825645632335,178.92124488674534,179.63262844323307,18104400
2023-03-03,184.09320068359375,184.5065621872756,181.13232655727424,182.3339793032507,22774300
2023-03-06,181.40150451660156,184.32393235290624,180.632443787647,184.15088672130017,23266700
2023-03-07,179.2961883544922,181.75718537242176,179.01741138605416,181.35341716230732,25865700
2023-03-08,179.38272094726562,180.3536510482942,177.959953588876,179.56535983605576,22505900
2023-03-09,174.3934326171875,180.02678028792278,174.26845605959426,179.50765817838936,33546900
2023-03-10,169.36570739746094,173.4128795786651,167.51997086888883,173.4128795786651,69274200
2023-03-13,166.6067352294922,169.57721707692855,164.45338305620518,165.8472972045086,74171500
2023-03-14,169.69259643554688,172.32660983813818,167.8564675392181,171.6921483433157,48946200
2023-03-15,166.89515686035156,167.18355646985378,163.79009009167052,165.28012784830725,54405800
2023-03-16,169.17347717285156,170.51933705818834,163.90543560774384,164.8379193181215,52392300
2023-03-17,164.607177734375,168.00064354623214,164.2514932542291,167.30849046638374,70239900
2023-03-20,166.7413787841797,168.58711615855722,165.85696387574566,166.35685566524896,46103200
2023-03-21,169.81753540039062,171.28835697323515,169.15423550308878,169.72141199591422,34465900
2023-03-22,165.0013427734375,170.49049902130363,164.89559674408275,169.69259983046564,56098200
2023-03-23,164.26901245117188,168.263571107771,162.78312007939817,166.2276961207882,47720900
2023-03-24,165.75489807128906,166.06366332817802,161.57702676920155,162.8217017445329,47519700
2023-03-27,167.59779357910156,168.59160777502674,166.30487225739617,167.7328746914777,33880600
2023-03-28,167.35662841796875,168.37938783370092,166.6233328254748,167.01893289314225,28555100
2023-03-29,169.2573699951172,169.38280771476747,167.47237063266198,169.18017868477372,25564800
2023-03-30,169.0258026123047,171.08097900195006,168.32145212189678,170.66609225585998,26728600
2023-03-31,172.13267517089844,172.36424910031243,170.17399169315806,170.2029365939927,39602900
2023-04-03,172.20989990234375,173.46423316531465,170.28981906823444,172.6633897337466,27609000
2023-04-04,169.1898193359375,172.80807881940294,168.19600524229784,172.63439470837412,33487200
2023-04-05,167.5302734375,168.68811373704307,166.46891124132156,168.12848773567063,28247300
2023-04-06,167.78111267089844,168.33109520827074,166.61361440472743,167.61708666573557,26366300
2023-04-10,169.57577514648438,169.70121286355837,166.95132953965583,166.98993255540324,22237800
2023-04-11,170.91693115234375,171.71777436281843,169.93276043645804,170.3669633588465,21876200
2023-04-12,169.66258239746094,172.69227084303222,169.41172172663735,172.53790297322854,27018100
2023-04-13,171.9107666015625,172.41250277506845,169.749454004161,170.3380248838302,23259900
2023-04-14,170.30908203125,172.92388442262038,169.18018666932986,172.0651512982843,29600400
2023-04-17,172.49929809570312,172.57648939113625,170.54061498263223,170.75288736438975,22177300
2023-04-18,171.7660369873047,173.31947714992808,170.7239763760973,173.28087413317755,22873100
2023-04-19,171.98794555664062,172.50896847892034,170.37661565952837,170.8590502894208,19306800
2023-04-20,171.1002960205078,172.16164354889656,170.31875414592238,170.9266118690783,20336300
2023-04-21,171.32217407226562,171.70813058878136,169.68189936459697,171.56339137406206,25972800
2023-04-24,171.20640563964844,172.1809183022498,170.29942617012998,171.14851583908117,17781000
2023-04-25,166.98025512695312,169.75908302989518,166.93200872421747,169.45997594476307,28857900
2023-04-26,165.36892700195312,167.30830873985488,164.99262861332338,166.17941357396563,30309800
2023-04-27,167.57847595214844,167.75216006434724,164.93474376097151,165.98644765779352,33424100
2023-04-28,169.0451202392578,169.65299268801033,167.09607987926938,167.2022161048811,31911900
2023-05-01,169.14157104492188,171.10989770396776,168.62053344038287,168.85210734492637,27420100
2023-05-02,165.66806030273438,168.32145094880323,163.95059408055243,168.27320453796358,40851100
2023-05-03,166.2759552001953,169.5275605572224,166.14087406519909,166.16981897107402,43261400
2023-05-04,164.4136962890625,165.53294802983493,162.85061298667205,165.30138885776805,42382100
2023-05-05,168.32144165039062,168.9486155111849,167.01887696610106,167.2021897607852,35456800
2023-05-08,167.93548583984375,169.38278962808246,167.0478079497856,169.10296931762443,22109900
2023-05-09,167.43377685546875,168.14778547349357,166.11191055939395,166.90309576928396,21465500
2023-05-10,168.2828369140625,169.8362768799731,166.65220564716276,169.77838708491504,27281900
2023-05-11,166.9899139404297,167.67496280484576,166.06363306132508,167.1346384265077,25884600
2023-05-12,166.6522216796875,168.08988219378992,165.61980449271252,167.5495430348833,20406400
2023-05-15,168.68809509277344,169.53718475587044,166.74871317345765,167.22148968998857,24310000
2023-05-16,166.22769165039062,168.66880994584398,166.1794452379918,167.51096966196198,24212900
2023-05-17,169.93275451660156,170.2994095146506,166.11188082548048,167.33725407827603,38231600
2023-05-18,170.9652099609375,171.3318650412528,168.8714451465752,169.39246814036247,30446600
2023-05-19,169.92312622070312,172.605461589681,169.09333806695724,172.238806559059,34316300
2023-05-22,171.99758911132812,172.73089917200778,169.855578174766,170.41520411269758,28207200
2023-05-23,171.1870880126953,174.18783174901768,171.14849972352954,171.6598792107039,32708900
2023-05-24,169.37315368652344,170.53100864687943,168.533722090729,170.3476811207318,28744200
2023-05-25,168.05126953125,169.36349225350762,166.63291060635626,169.09333005093126,36202600
2023-05-26,169.9617462158203,170.18367678771762,167.90658431707314,168.17674658284966,29841300
2023-05-30,169.33457946777344,171.31256467960853,168.6205708125667,170.50207791817732,25572600
2023-05-31,167.66531372070312,169.826611160674,166.30484470682063,168.55299155822468,34598800
2023-06-01,169.47927856445312,170.048562613554,166.8548330159331,167.75216907791486,27800900
2023-06-02,175.6255340576172,175.69306726046494,171.2160737888341,171.75639830257148,50212400
2023-06-05,173.271240234375,174.8922136810238,172.1712897605096,174.8922136810238,34465800
2023-06-06,177.83505249023438,178.46222634829076,172.64405111534413,172.64405111534413,58584500
2023-06-07,181.16246032714844,181.67525609734145,178.95646707633432,178.95646707633432,60685600
2023-06-08,180.48513793945312,181.29788380818985,178.90805574410592,180.68832809751424,34185000
2023-06-09,179.024169921875,180.5528869847606,178.46299418257456,180.27230649686484,30242200
2023-06-12,179.76918029785156,180.62060662068777,178.24046323987238,179.21767465869377,26580500
2023-06-13,181.83001708984375,182.8459383386403,180.22390986104497,180.388390099268,35758200
2023-06-14,179.87559509277344,183.0975091868081,178.5597384186047,182.2073730195039,37114100
2023-06-15,181.35595703125,181.4817421338647,178.90807854250153,179.07255880403096,36488400
2023-06-16,179.90464782714844,182.4299314372845,179.08223174294895,181.84940069978956,50684500
2023-06-20,179.12094116210938,179.54666173327342,177.79539942671042,179.14996622255148,33269300
2023-06-21,178.7048797607422,179.87561125984405,177.6309082995363,178.4533243311252,30730200
2023-06-22,177.3793487548828,178.26948498154138,176.5666176040435,178.22110496371576,27063700
2023-06-23,174.70892333984375,176.4891956226317,174.20579777696636,174.90242862910205,50610100
2023-06-26,174.883056640625,176.8084687754862,174.5153862923837,174.5831212569569,31507900
2023-06-27,177.4083709716797,178.01792670680143,174.54444226626734,175.31847824855512,28818800
2023-06-28,178.2791748046875,178.4339849734544,176.2086367788389,177.0504078443149,23187600
2023-06-29,180.3303375244141,181.0076134265257,178.4436203323431,178.7242155540441,32084100
2023-06-30,181.19146728515625,182.3138039970494,180.84315181911796,182.1493237441298,30287300
2023-07-03,181.55914306640625,182.7105197279362,180.67869158715737,180.843171858303,14011900
2023-07-05,179.74984741210938,181.13343934733425,179.42088686598987,181.0560342605689,24092100
2023-07-06,176.84722900390625,177.74705024955028,174.8540959345051,177.66964516019834,39080800
2023-07-07,178.7145538330078,180.43677610631497,176.99231679619254,177.04069681221966,31706700
2023-07-10,181.77200317382812,181.94616830772097,178.18243274707274,178.5887983748086,29725100
2023-07-11,183.63934326171875,183.91025364695273,181.5978305107357,182.36218164832255,26738800
2023-07-12,185.64215087890625,186.78385732912017,185.15838021230067,186.50326207492384,40127300
2023-07-13,187.14181518554688,187.4030554406112,185.5744031821749,186.26134915946463,23523000
2023-07-14,185.31317138671875,187.2095587015045,184.11341494156795,187.06441865828447,32198600
2023-07-17,187.29666137695312,188.0513424693105,184.9358580568568,185.1293633793954,23283700
2023-07-18,189.6090545654297,190.0154201072824,187.20955646727225,187.4127318564449,28489800
2023-07-19,190.41213989257812,191.2442260408842,189.57036888216368,190.31537985255048,23679000
2023-07-20,188.7479553222656,190.5475826997867,187.96424924493536,190.5475826997867,27278100
2023-07-21,188.1481170654297,190.2379953794105,187.790116689357,190.0154649794541,28982400
2023-07-24,188.61248779296875,189.88963452637205,187.6933265866507,188.2448174050386,16929800
2023-07-25,188.59315490722656,189.8412914946958,188.10938424059705,188.26419439716068,18961100
2023-07-26,190.0831756591797,190.76045163559456,188.38997833638797,188.4480284538651,20377900
2023-07-27,187.6256103515625,191.4764206580145,186.90962446238436,191.21519513224757,31159300
2023-07-28,190.0541229248047,190.5572485146062,189.1543166380233,189.6574422278248,21612200
2023-07-31,192.2601318359375,192.29882699070905,190.52822469887172,190.5378947966876,24203900
2023-08-01,191.3796539306641,191.51510910926896,189.4252165563589,191.02165364445264,27444300
2023-08-02,188.7770233154297,189.7252098549609,187.79012684819665,189.24143910326984,28079700
2023-08-03,188.24484252929688,189.28978895800464,186.79353050556543,187.99328709338013,24279300
2023-08-04,187.86749267578125,189.93803046973613,187.42243194480972,188.4964033796443,24950400
2023-08-07,187.99330139160156,188.7286275580222,186.4258742475713,188.34161689432932,20185000
2023-08-08,186.81288146972656,187.01605688113708,184.33597803104303,185.90339025881735,25578200
2023-08-09,185.3518829345703,186.619359600237,184.5584920291409,186.60967473916588,22293200
2023-08-10,184.52947998046875,187.81911453184964,183.726418920868,186.000146906696,29378800
2023-08-11,184.7907257080078,185.46800169281684,183.5812990338813,183.75544938847108,21789000
2023-08-14,184.4714508056641,184.51014596654576,182.51701300215444,183.77481980171035,20354900
2023-08-15,182.03323364257812,183.4845457046047,181.93647359970575,183.36844546396568,25491300
2023-08-16,179.80787658691406,182.9233608395569,179.7788515281976,181.88809929714944,27018400
2023-08-17,177.68896484375,180.67867886616744,177.66962464627846,180.29165346409405,26715100
2023-08-18,178.65647888183594,179.23700951441103,176.03445046500565,176.29569072601515,33375200
2023-08-21,178.39527893066406,179.26606024071594,177.12780212366238,178.7048844858012,22678100
2023-08-22,177.8631591796875,179.52733177317054,177.2729582626556,179.0338761499153,21299200
2023-08-23,179.75949096679688,180.06911126813688,177.47609291669428,178.02759854214048,21231100
2023-08-24,177.2729034423828,180.29162732331787,177.25354848420807,179.2370109371588,26582300
2023-08-25,178.027587890625,178.99512912916103,175.71516492106426,178.08563800277594,29340400
2023-08-28,179.6143798828125,180.6883513973209,178.82100363402336,178.84034383175523,23002000
2023-08-29,182.12030029296875,182.25575548853976,178.5791102477524,179.51761175481005,22986000
2023-08-30,182.8072509765625,183.45550185960252,181.24950893228456,181.63651953712665,19869900
2023-08-31,182.4879608154297,184.0843980168132,182.41055574166143,183.0588066255236,17953400
2023-09-01,184.65524291992188,185.63245421173824,183.6877017251903,183.9005619691118,25094600
2023-09-05,180.7657470703125,183.73609125362603,180.7076969531188,183.49420592297955,27160100
2023-09-06,180.08847045898438,181.9848431769668,179.08221921949627,180.98827679931597,26406200
2023-09-07,178.3468780517578,179.36279930367348,177.63089222125842,179.13058409184748,23894800
2023-09-08,177.9501953125,178.8306614446207,177.4954497173831,178.56942115809403,19399100
2023-09-11,178.3759002685547,179.6917569209419,178.22109012980152,179.24668146290338,17424700
2023-09-12,178.2017822265625,179.32413388362394,177.77607637784283,178.06632701026277,16826300
2023-09-13,177.03102111816406,178.87902842202146,176.469845429707,178.51135802804774,24415700
2023-09-14,179.5272979736328,180.03042360248887,178.2598211847438,178.5404016764369,27952500
2023-09-15,177.6502685546875,179.0628854271234,176.85687755811855,178.7919602656415,39695500
2023-09-18,176.4698486328125,177.7953754257661,176.45049367396058,177.73732531271818,19287800
2023-09-19,175.7828826904297,177.35030951428342,175.19269671608336,176.5666034841103,24085900
2023-09-20,174.02195739746094,177.55347680255116,173.98326224616565,176.47950550114865,27642900
2023-09-21,171.32257080078125,172.95770344194167,171.32257080078125,172.7061479810349,31625600
2023-09-22,170.93551635742188,172.58033358256236,170.82908622596236,171.79662750704597,23164700
2023-09-25,171.69989013671875,172.0869007615547,169.842197799681,169.98733785662623,22416200
2023-09-26,169.4922637939453,172.07800617071115,169.42421091586286,170.60043697930237,30476000
2023-09-27,171.0767822265625,171.99052719796435,169.5894973819533,170.55184943858285,37293000
2023-09-28,172.62237548828125,173.5847422988133,171.05732240217486,171.17396753091862,31372400
2023-09-29,171.8058319091797,174.15826930712026,171.23229207635706,173.97357129594,36689000
2023-10-02,169.21038818359375,171.79611605945547,168.31605933490764,171.40728903787027,42139300
2023-10-03,166.36216735839844,168.65628222286873,165.6136598201334,168.12163398125085,42733600
2023-10-04,166.43995666503906,166.81906822355847,164.36941632007867,166.23581282608205,42491900
2023-10-05,166.56631469726562,167.1009481174007,165.1956750395972,166.0316664443312,33365100
2023-10-06,168.1702423095703,169.0353949859434,164.77766965380656,165.61366104703893,42160900
2023-10-09,169.14231872558594,169.67696695248517,166.9745793686658,167.04261741601732,26658400
2023-10-10,171.05734252929688,172.0974629928427,169.4145208864624,169.44368217207958,31585000
2023-10-11,170.76571655273438,172.28216275123427,169.5117367602212,171.2031506741785,27427200
2023-10-12,166.90655517578125,170.96986756580344,166.02195657857914,170.96986756580344,38693800
2023-10-13,165.51644897460938,167.8786017239922,164.95263948928553,167.53838183593683,33955600
2023-10-16,168.18971252441406,168.54937829055984,166.24554759121293,166.94544815378944,31140300
2023-10-17,170.06581115722656,171.49477345709417,167.10095690128355,167.1398485032501,39823200
2023-10-18,166.56631469726562,168.81182252679088,166.2260799455439,168.7923767268298,38501400
2023-10-19,163.9125213623047,167.3439708764521,163.65978529072427,166.08999116945753,51397300
2023-10-20,161.79339599609375,164.31108583614463,161.7836656791637,163.9514200969374,54421900
2023-10-23,160.42271423339844,162.78488154452955,160.0533182740356,161.03513072754285,45590900
2023-10-24,161.82257080078125,162.94045971391694,160.7921657505237,161.8031249980967,32666300
2023-10-25,159.1493377685547,161.03518006953885,158.83826426897753,160.40331758582306,36832900
2023-10-26,159.5575714111328,161.14207014061344,158.64381177162366,159.5672868933073,50525600
2023-10-27,157.68150329589844,160.2283546096696,157.1565704580242,159.927011418535,46017100
2023-10-30,158.55636596679688,160.20890313348988,157.41903130208226,159.21737490035378,35156300
2023-10-31,159.92698669433594,160.38386656923083,158.28416520794352,158.83824441470605,31533200
2023-11-01,160.84072875976562,160.97681967565637,158.54661415418087,159.86864655117543,44367100
2023-11-02,165.1276092529297,165.25398469360258,162.65852683158587,163.06679960206958,50458100
2023-11-03,169.61862182617188,170.7462258614256,167.9563548023393,167.97580059876682,57060700
2023-11-06,167.49951171875,169.90055637242313,166.60519771338835,169.61865901001127,35294400
2023-11-07,166.90655517578125,167.69393959400247,165.8081120838633,166.7704642248887,31168900
2023-11-08,165.1276092529297,167.32452466008257,164.5735300761297,166.90652157397895,44938600
2023-11-09,162.57107543945312,166.25526142484586,162.3183245076544,166.25526142484586,38577400
2023-11-10,164.3888397216797,164.97209503967903,162.1336016470677,163.52368706075328,36121300
2023-11-13,164.44715881347656,165.03041411915643,162.84322897205482,163.54312940575122,27610300
2023-11-14,173.47781372070312,173.487529203892,169.35617943040967,169.36589491359854,77611000
2023-11-15,173.77914428710938,176.68566065975872,173.13756645589268,173.37087153073446,59641400
2023-11-16,170.96986389160156,173.64309059531456,170.26996334982354,173.16676486102648,46616700
2023-11-17,173.31256103515625,173.65279580133787,172.1655109462925,172.49601539568036,43418700
2023-11-20,174.3235321044922,174.6345907478957,172.77792470570665,173.53614776295237,26665100
2023-11-21,172.07803344726562,173.5264267542291,171.97110378818505,173.26397518150452,30457000
2023-11-22,173.15704345703125,174.38186194687154,172.46685842341626,173.2056357110151,28940900
2023-11-24,174.3235321044922,174.7123591169465,172.83624727429483,173.0792678652787,13846900
2023-11-27,173.7402801513672,174.10967620338397,172.28215657694304,173.51670535647284,30665800
2023-11-28,173.0695343017578,174.21659918273795,172.2529886912428,173.56530579105578,28350200
2023-11-29,173.98329162597656,176.6759638387663,173.71110975964393,174.5373856749532,31590200
2023-11-30,174.64431762695312,175.59695417167498,173.76943461695188,175.02342914811382,32216800
2023-12-01,179.7477569580078,180.01020852173988,173.23480796000393,174.19716002595493,64221300
2023-12-04,181.67247009277344,181.76968426105088,178.88259849024547,179.0867274777087,44862600
2023-12-05,179.2422637939453,180.85592405365367,178.8437064708608,180.85592405365367,36873500
2023-12-06,178.92144775390625,182.67368564750507,178.65898140614337,180.51566197211525,43637900
2023-12-07,180.21434020996097,180.37959242396516,178.27017557537144,179.18393532687637,32662300
2023-12-08,181.58497619628903,182.5084514126428,179.6991341653021,179.98103150523374,36087100
2023-12-11,181.9641265869141,182.3821149445551,180.7004163631403,181.46835501609095,29302100
2023-12-12,181.7793884277344,182.4209662997039,180.1657282647074,181.75022714562655,32024000
2023-12-13,187.9326629638672,188.23400608778508,180.48650937725944,181.87659470627167,69484800
2023-12-14,193.1624755859375,194.4553319601251,190.99472143089264,191.37383292521196,83649300
2023-12-15,191.5391082763672,193.97904457688583,190.47954202739305,193.39578920770364,74160700
2023-12-18,191.6071319580078,193.22079204502353,191.1891288794878,192.43340779960445,44451100
2023-12-19,195.32049560546875,195.68017615416375,192.49174729580335,192.93889686159824,52156200
2023-12-20,191.49986267089844,197.24641902541336,191.38278987384575,194.99267835905937,62360300
2023-12-21,194.75851440429688,194.9536555788133,192.7096660565075,193.6657952854759,38613400
2023-12-22,196.57321166992188,197.87082303085745,195.3146344976716,195.9878328242724,39173800
2023-12-26,199.12942504882812,199.57821403088545,196.7781137835163,197.28545405152963,26879000
2023-12-27,199.83189392089844,200.4855751934117,198.44646299369373,199.4611435414621,35806400
2023-12-28,199.0708770751953,200.17336222772755,198.32939119974736,198.82696548478955,28930100
2023-12-29,195.82199096679688,199.0611291985704,195.82199096679688,198.5245207135407,41496800
2024-01-02,194.66094970703125,196.70979796012327,193.6072499395065,194.54386203029688,44341500
2024-01-03,189.47052001953125,192.8560140776504,189.0607503350419,192.59258539219937,57532500
2024-01-04,189.09979248046875,190.7291201827532,188.9729536845122,189.33393808877912,43114200
2024-01-05,188.5436553955078,190.6998403594464,187.60702835780148,187.9972958265048,40964900
2024-01-08,191.93890380859375,192.1730642938598,187.57776339809388,188.58267795569003,31545400
2024-01-09,190.22178649902344,191.00230662395168,188.61197583719525,189.61689047361605,28998700
2024-01-10,190.32908630371097,190.62178317778023,188.37779365949064,189.99737012711705,35075200
2024-01-11,188.8363342285156,189.99735564528123,186.64113017108895,189.76319518643749,48939200
2024-01-12,188.52413940429688,192.29990088930683,187.94851163266793,191.1193622594407,42992100
2024-01-16,186.1923370361328,188.5533993047639,185.48011940280065,187.05091054733725,42213000
2024-01-17,184.865478515625,185.3045164248668,182.962970984122,183.54836478789963,37787700
2024-01-18,185.9581756591797,186.51428626376145,183.62638178670625,186.0654973389663,41760000
2024-01-19,187.7436065673828,188.1533911058172,184.62154144794044,186.63137040335707,63338300
2024-01-22,191.75352478027344,192.02671945120625,189.3631942288604,189.4217306272097,42379500
2024-01-23,191.19741821289065,193.75360691022328,190.23152295784917,193.3926225211996,42471200
2024-01-24,189.62661743164065,193.62677325803108,189.39245695782503,193.54871976675923,41120100
2024-01-25,191.19741821289065,192.8462629419696,189.6754122744122,192.2999033627396,37659500
2024-01-26,191.2071533203125,193.07064128349745,190.62177448604663,192.0949950058736,33478600
2024-01-29,194.5536346435547,194.5536346435547,190.33883542998225,191.38278412964087,29234400
2024-01-30,192.8950653076172,194.08534027502623,192.299920380321,193.55849774476923,33121200
2024-01-31,188.18267822265625,194.09509289359008,188.0168201247963,192.40722882743225,68126700
2024-02-01,190.68031311035156,190.97300997449733,186.86553254731325,189.57782803984756,59479000
2024-02-02,189.6754150390625,190.73886601322013,187.70460519624376,188.53391056856543,52839300
2024-02-05,187.26556396484375,188.4070684149766,185.4313440515455,187.78265534258304,39751900
2024-02-06,188.9534454345703,189.0802842364652,186.36798830721233,187.03142074472936,34689100
2024-02-07,188.5144195556641,189.42176366268365,187.36314893434513,189.34372504272895,31713900
2024-02-08,191.37303161621097,191.58767501093593,188.0168205718926,188.65098476446397,35370800
2024-02-09,194.4853057861328,194.69019803412087,191.66568892377072,192.12424381896275,46107100
2024-02-12,198.0171813964844,198.592809145788,194.9731547895595,195.0024229878508,43291000
2024-02-13,189.87054443359375,192.81700069794587,188.35828955261135,191.44133571599,86247400
2024-02-14,194.28048706054688,194.924402418892,191.45110335467024,192.8657877640167,43808000
2024-02-15,199.46115112304688,199.78311621945087,195.83174534727047,196.09517404199784,44931900
2024-02-16,196.7488555908203,198.73916768628223,196.1927299998165,197.1976445957031,48346200
2024-02-20,194.0365447998047,194.8560841353192,193.1877223784962,194.29995858731775,30547500
2024-02-21,193.1194305419922,193.51944909695877,191.6071758031734,192.84625076962016,28669100
2024-02-22,194.5829162597656,195.21708045140585,192.9926078976882,193.8121472833353,38184700
2024-02-23,195.02195739746097,196.24151539181375,193.7341118967593,194.7390264931314,37667700
2024-02-26,196.2512664794922,196.72933857262308,194.2999736886956,194.82683107903293,29118200
2024-02-27,199.03187561035156,199.24651902012172,197.60742524434815,198.13428266366884,32268600
2024-02-28,197.3927764892578,198.89526531646231,196.9537237224318,197.50984928724776,30143900
2024-02-29,198.7684631347656,201.02220423423924,197.5879391717959,200.1831476240229,40404100
2024-03-01,200.87582397460935,201.3051107453624,198.1927965445848,199.54894435918263,35156900
2024-03-04,200.69046020507812,202.71005538586888,200.44654860665503,201.98807169515084,24785400
2024-03-05,198.7684631347656,200.89538030878663,198.06599644308753,199.3245888020043,34163500
2024-03-06,200.25140380859375,201.06119202702203,199.10989941987373,201.0124067344071,34255200
2024-03-07,201.91978454589844,203.03202084118672,201.3734100592315,201.66610695529317,28020200
2024-03-08,201.79295349121097,205.28576950724792,200.78803885635813,203.65644175086345,41447800
2024-03-11,200.19287109375,201.80268156937828,199.76358433033408,200.94412292972785,24435800
2024-03-12,199.9197235107422,200.90512109478092,198.43673669480015,200.1538691378178,34958900
2024-03-13,200.70022583007812,201.54903342714107,199.7831158397339,199.8806715466154,25140700
2024-03-14,197.10984802246097,200.2806989354128,195.2951450583304,200.05630442383057,47509100
2024-03-15,197.48057556152344,198.1342568106447,196.2317494606378,196.34882225535165,53217000
2024-03-18,196.3488311767578,198.23182151747508,196.017114985209,197.96840771740037,32405100
2024-03-19,197.1781463623047,197.8123105769755,194.79756672852895,194.9146395343924,29864100
2024-03-20,201.0807342529297,201.9490589761482,196.21225323023813,196.612271837622,49609600
2024-03-21,203.3910675048828,204.37896718030632,202.31512534354243,202.4716287351892,43067300
2024-03-22,200.58384704589844,203.68449758057275,200.58384704589844,203.30302991037584,28437300
2024-03-25,201.04356384277344,202.48140705536892,201.014221322107,201.21963389175713,20107800
2024-03-26,200.68167114257812,203.0976382777279,200.50561601126472,202.52054878066417,23434800
2024-03-27,205.05386352539065,205.1223393522744,201.6499970349246,202.2759956415044,35028400
2024-03-28,205.69943237304688,207.24486972483015,205.24948887063533,205.4842439490654,37675100
2024-04-01,203.7627410888672,206.1884837423108,203.4106159516751,206.15914122462675,25684200
2024-04-02,200.0165100097656,201.37610128251603,198.9503438912199,201.2489404323724,36632100
2024-04-03,201.3272247314453,201.8847475397388,198.83300604174963,198.93082439232,27362800
2024-04-04,199.31228637695312,203.98771684073637,198.7645394493946,203.49865495184704,32265200
2024-04-05,199.9774169921875,201.2000717976239,198.44177031755177,198.69607714408775,27569400
2024-04-08,201.07290649414065,201.9043027268266,200.10455860844095,201.47392588873785,21331000
2024-04-09,201.86517333984375,202.442262739012,199.99695349679075,201.7086699663456,23289100
2024-04-10,196.5343780517578,198.49062535396007,195.17478677372657,196.7789089645331,57130500
2024-04-11,197.86463928222656,198.47108613311116,195.7225608883224,197.55164745514264,37184000
2024-04-12,194.34341430664065,197.49297404096868,193.3554997466592,196.8278421161806,35388700
2024-04-15,191.49705505371097,195.84970249420368,190.71455311581735,195.00851552284013,41119300
2024-04-16,190.79283142089844,191.947025298442,189.13002389899953,190.1570569029617,43267500
2024-04-17,188.7778778076172,192.3186808951643,188.7681019434191,192.17196830727613,38589500
2024-04-18,188.62136840820312,191.37968437230057,187.9464606754991,189.46255537686585,40238200
2024-04-19,188.9147796630859,190.13743408643225,187.1541543084711,187.7410344016696,42666500
2024-04-22,191.02755737304688,192.00568105142912,188.68005158993975,189.96140614560613,31553000
2024-04-23,194.22605895996097,194.95965184331175,190.8613105469941,190.9884564977848,31838300
2024-04-24,193.35548400878903,194.55858689430804,192.16218683714908,193.83476999021408,28791700
2024-04-25,192.18174743652344,192.5240967140568,189.53104047042,191.16450531825495,31915600
2024-04-26,194.02061462402344,194.5390189827286,192.12305228839344,192.69036581631252,24613600
2024-04-29,195.5856475830078,196.0258003214415,194.52927205577583,194.89117309682365,20494600
2024-04-30,191.6144561767578,194.30429676329976,191.46774356930428,193.7761164514815,30606800
2024-05-01,192.01547241210935,195.937758230965,190.76347519673448,191.5948863604528,38782100
2024-05-02,195.54649353027344,195.7421152904961,192.2404305600715,194.43143307952244,27201000
2024-05-03,197.48318481445312,199.69375410479307,196.72024946158777,198.96016127126987,30880600
2024-05-06,200.03607177734375,200.3001693543665,198.93080214940264,199.0188297000825,23129800
2024-05-07,200.48605346679688,201.64023248459557,200.02633404784697,200.29043167521917,20116900
2024-05-08,199.3220672607422,199.49813730616776,198.12875502780545,198.28525841818708,18349400
2024-05-09,201.35655212402344,201.48371298521457,198.96015196493585,199.50789886701483,22914300
2024-05-10,199.84046936035156,202.09993292966735,199.22424659599832,201.8358502520742,21520200
2024-05-13,200.2610626220703,202.031464227532,200.12412589360875,201.57174486948588,18585300
2024-05-14,202.3346710205078,203.1954246603364,201.40545648204736,202.5987686009067,33169000
2024-05-15,204.85824584960935,205.18102848639785,203.1758717624003,204.63328156032688,33412300
2024-05-16,203.3812713623047,204.77022027038493,203.3812713623047,204.3300526273394,26731100
2024-05-17,203.52798461914065,203.95836144218404,202.8139584854459,203.4595087950276,35219800
2024-05-20,203.9779357910156,204.89737457402873,203.234567057402,203.46932214827297,15695900
2024-05-21,203.7823028564453,204.12465214626937,203.04871002823745,203.2834651062583,13466800
2024-05-22,202.060791015625,203.6649132491436,201.2978557414505,202.99000552391624,20853100
2024-05-23,198.74496459960935,203.0780455925021,197.92334424215105,202.9704513843837,34039800
2024-05-24,200.94573974609375,201.18047988727963,199.4981208171745,200.30995037208703,19946100
2024-05-28,200.671875,202.55964670048775,199.50790533286713,202.44227662480515,18475900
2024-05-29,197.70814514160156,198.56888383504983,197.36579588200289,198.09938864544324,25654800
2024-05-30,199.5861663818359,200.45669597558972,198.63738509229717,199.06776195662215,20428200
2024-05-31,201.2685089111328,201.76734660279084,198.6373538880117,200.46644034907365,25784900
2024-06-03,200.1339111328125,203.01937335518883,198.7058438191192,202.99003083521433,23902900
2024-06-04,197.5516662597656,200.02631829454532,197.2386594779037,198.70584518666564,27098900
2024-06-05,200.57403564453125,200.57403564453125,197.375567092346,198.85254337323917,20707600
2024-06-06,199.13619995117188,200.3295120558757,198.5493346877822,199.71328935058253,17335500
2024-06-07,196.7985076904297,198.72541279114117,196.2898791299666,197.12129033889752,26036000
2024-06-10,197.4734039306641,197.70815900441931,194.65640274553712,195.155255411644,25075300
2024-06-11,196.7985687255859,197.1712980780268,194.62107139637703,195.81771461212773,23768400
2024-06-12,199.8196258544922,203.3016613803808,199.21150101841485,201.9284564720589,43668700
2024-06-13,198.07369995117188,199.64305769442012,196.67107065962247,199.37823783586003,28021100
2024-06-14,194.92515563964844,196.21007227773129,194.15028738843165,195.73926644112672,33453700
2024-06-17,196.56317138671875,197.10264417822856,193.6304269716283,194.326825057048,25538100
2024-06-18,196.90646362304688,197.82846888598257,196.2002474627832,196.62202251496797,25446900
2024-06-20,196.07275390625,197.99523477566757,195.405780216168,196.4847258520627,27999700
2024-06-21,196.51414489746097,196.57299375477965,194.66033105868527,196.10217296293536,37511300
2024-06-24,197.3674774169922,198.80933424519017,196.69068564457515,196.8476259038756,22289600
2024-06-25,196.7201232910156,197.3086418196144,195.9943007346114,197.27921738984924,15925400
2024-06-26,196.20025634765625,196.73972912876613,195.0036130756113,195.51366142926489,19313500
2024-06-27,198.19139099121097,198.27966427442468,196.1316062163226,196.78877671354743,17432600
2024-06-28,199.0054931640625,200.72198788575787,197.46555996782612,199.9765441374714,35026000
2024-07-01,197.3380584716797,199.91770980150363,196.6416454058405,199.6234505488019,21886200
2024-07-02,198.01483154296875,198.39736404532292,197.05358374390775,197.66172346643827,17219100
2024-07-03,197.96580505371097,199.38804065089667,197.76963720696935,198.37776202186248,15167200
2024-07-05,197.0241546630859,197.76961334406317,196.0531187005538,197.35765642561836,17282500
2024-07-08,198.4071807861328,199.79999191487573,197.9756025556342,198.63277305511275,20823800
2024-07-09,197.5440368652344,198.64260378532617,196.69069847044477,198.0540852578967,17864200
2024-07-10,199.4763031005859,199.69209221027336,197.63230748141132,198.4169788257512,19286100
2024-07-11,206.6463623046875,207.1858351253323,202.9779770575985,203.9195887384987,65443600
2024-07-12,209.05923461914065,210.82477492781192,208.58842885904335,208.8434455277116,50810700
2024-07-15,213.0316925048828,214.0615922458325,210.1970249124784,210.6776338160486,48925300
2024-07-16,220.2998504638672,220.55486715763783,214.82668245156137,214.94438016150983,67945700
2024-07-17,217.99484252929688,222.30079180106344,217.416142152373,218.10273708826972,66092100
2024-07-18,213.7771453857422,220.47638059962935,212.82571572349795,217.17090711395036,53180000
2024-07-19,212.6884307861328,214.4637745740204,211.7173946627291,213.46331402061344,37933500
2024-07-22,216.0723571777344,216.4254652754002,211.25637460769204,213.5123272113188,36185900
2024-07-23,218.36756896972656,219.46612085237567,214.8462911197228,215.01304949951137,44884600
2024-07-24,213.67909240722656,219.57402073228204,213.55157657252568,216.8374441130469,42443000
2024-07-25,216.3470458984375,219.7309903302554,214.02241096818844,214.2676245497209,45053100
2024-07-26,219.92710876464844,221.07470627225345,217.45535222776672,219.61322826685256,40822600
2024-07-29,217.4847869873047,221.10414120376353,216.54317538246863,220.4077431369895,33869700
2024-07-30,218.30873107910156,220.16254495750695,216.87667733159452,218.4558532255434,26876800
2024-07-31,219.57400512695312,224.25268349611815,217.7299945817379,219.42688299479073,52387700
2024-08-01,212.43341064453125,220.5843068902375,210.9425080262691,219.4857549434379,71508100
2024-08-02,204.9200439453125,207.14658702087092,203.02700265007277,204.85139193856648,66850200
2024-08-05,198.32872009277344,200.82009819041016,192.9340218881564,194.1110439576524,65683100
2024-08-06,200.4865875244141,203.28202791178987,197.34785715553488,199.1232008188706,37072500
2024-08-07,198.1129150390625,203.97843357321085,197.70095809619244,203.87053901912728,30594500
2024-08-08,202.9289093017578,203.0368038541626,199.28013075980056,200.50619841592476,26550300
2024-08-09,202.5071563720703,203.15450874274117,201.01625385884867,203.0858567342269,20954500
2024-08-12,200.68276977539065,203.0171925297285,199.91770471780933,202.6542812750583,20357900
2024-08-13,203.98822021484375,204.39037397175267,200.9377634871956,202.14420979127715,25458300
2024-08-14,202.72293090820312,204.7533062064322,201.80094056840653,204.635608496383,25345600
2024-08-15,207.9803009033203,209.0200188419224,205.8910918062065,207.21523588747928,42561600
2024-08-16,208.5295867919922,209.8831552671254,207.2348522013087,207.32312547795195,30427400
2024-08-19,211.0798187255859,211.0896368461416,208.7453959303641,208.88271491831836,17246200
2024-08-20,208.6178741455078,210.83459916400756,207.99012808038816,210.77575030894116,21703900
2024-08-21,211.33485412597656,211.53102197414032,208.74539961693188,210.17743837850983,19623100
2024-08-22,209.47120666503903,212.22740438958223,209.04944657100123,211.44273305494016,18084300
2024-08-23,216.16062927246097,216.84722414254136,210.67764353143977,211.06017602810212,40003100
2024-08-26,216.22930908203125,218.19101751546617,215.86639781117304,217.68096913211176,24865500
2024-08-27,214.55206298828125,215.16999098545168,213.5417843130324,214.71880641397155,19577900
2024-08-28,213.1003875732422,214.92477706497584,212.12935145074795,213.69870926049484,19685000
2024-08-29,214.62071228027344,216.74916416941173,212.99249066186053,214.59128785062185,24599500
2024-08-30,215.8663787841797,216.2783357228924,213.23768193242,215.50346754530935,23010500
2024-09-03,209.26524353027344,215.16997486824388,208.8336653000384,213.9537252739235,31338500
2024-09-04,208.91212463378903,211.2465472646062,207.6468144362924,208.68651740995873,23706300
2024-09-05,207.87242126464844,209.93222104993015,206.8817639209228,209.45159710892517,23910500
2024-09-06,203.91957092285156,209.10829773539683,203.17412716004475,207.87241193304908,34561300
2024-09-09,204.4884796142578,206.234398894539,203.5468679627104,204.1647959319611,23584100
2024-09-10,204.32174682617188,204.86121965806643,201.84998992063112,204.7239006614613,23025700
2024-09-11,204.9200439453125,205.24372760563435,200.30022935400584,203.49780844388349,27175600
2024-09-12,207.55853271484375,208.7061301938141,204.419802648432,205.8910837701855,27611700
2024-09-13,212.6785888671875,213.09054577879465,209.84392121590756,209.93219448982796,37388100
2024-09-16,213.44366455078125,214.1106381649504,212.0018078044876,213.46328582374093,23289000
2024-09-17,215.20919799804688,217.5534386583504,214.28719276512783,215.37594139620205,35563500
2024-09-18,215.2484588623047,220.63335400006977,214.07143677371693,215.032669733288,54085200
2024-09-19,219.6819000244141,220.37829807327137,217.25918913336048,220.35869176671636,35369500
2024-09-20,217.327880859375,219.18169477190855,217.05322790321452,219.1718766508666,34587500
2024-09-23,216.53335571289065,218.83836894083876,215.8075332240745,218.4264119958399,20157700
2024-09-24,216.8962860107422,217.68095736839356,215.29748893456627,217.3867130925977,20939800
2024-09-25,214.2507476806641,217.12461319541637,214.1031084996459,216.83920147379607,23242300
2024-09-26,215.39242553710935,217.63640293531932,214.92984979980383,217.00651480630808,24974700
2024-09-27,216.84906005859375,219.08320106853932,216.06169606650923,217.37068551208444,23959600
2024-09-30,217.40020751953125,218.089145371998,215.12670509753147,215.9534305204916,21938200
2024-10-01,214.4475860595703,216.85887585201417,212.8827098492838,216.69156346013295,30016000
2024-10-02,214.15232849121097,215.29400545007857,212.7941410917341,213.56181680117868,14455400
2024-10-03,212.7154083251953,213.7980206252175,211.6819940705736,212.8138194337146,21353000
2024-10-04,215.6876983642578,216.5045872055273,213.85708343486684,215.8254859388262,27901500
2024-10-07,213.9948577880859,215.20543606598508,212.4595063326921,215.1857478372005,14891800
2024-10-08,214.1424865722656,214.91999886771657,213.2763847604478,214.19169963297668,18118600
2024-10-09,214.6149139404297,216.14042882296116,213.4929251591733,214.09328849935463,18230700
2024-10-10,213.42401123046875,213.45353606159327,211.20955878982957,212.48900818580324,24571400
2024-10-11,217.76434326171875,218.1088196748162,213.28623999775945,213.34528966452635,19950900
2024-10-14,219.36859130859375,219.58511676062827,216.94744989844312,217.95133926535607,19263300
2024-10-15,219.5457763671875,221.93737815610737,218.47298560919705,219.05367575043337,25998800
2024-10-16,223.1577911376953,223.5809904558925,220.84491225211875,221.33701286456323,27656700
2024-10-17,222.54757690429688,223.37431734941185,221.35670182815429,223.3251042844604,18003600
2024-10-18,222.0850067138672,223.44320924856424,221.82911979448744,223.07905959065477,20047400
2024-10-21,218.59109497070312,222.12437371394896,218.03009307192684,222.06532404412383,24243800
2024-10-22,217.76434326171875,218.3253451314401,216.8195185580126,217.9710321131208,15813900
2024-10-23,215.7762756347656,217.3116270978141,213.9358091860491,216.55378797187203,23263500
2024-10-24,216.24867248535156,217.54781016173288,215.07747074323095,216.94744687449952,18381900
2024-10-25,215.43177795410156,218.463119141073,215.06762835314996,217.81354281149692,23807800
2024-10-28,218.94541931152344,219.4473565486709,216.99669000036852,217.30178998869656,19877700
2024-10-29,218.23675537109375,218.39421613222245,216.49471523469285,217.2525542798846,20282200
2024-10-30,217.94151306152344,220.93347805959087,217.41003601108596,217.57736342832175,19754800
2024-10-31,214.3196258544922,218.2662818717646,214.19168992370396,217.7249682639161,24078400
2024-11-01,215.52037048339844,217.47893624063025,214.89048232805388,216.03215930265284,21222200
2024-11-04,216.61282348632812,218.236764364374,214.39837093985255,215.0479472910709,20463700
2024-11-05,220.6874237060547,220.74647337330256,215.5991054693816,215.8746805950171,26404600
2024-11-06,233.47219848632812,233.82651150176815,229.07281813532992,232.8521469548786,75554600
2024-11-07,232.64549255371097,234.72215775865172,231.6809645314047,233.147429776791,34970300
2024-11-08,234.35797119140625,234.70244759828745,231.9269931685846,232.2025682870025,26597800
2024-11-11,237.88140869140625,238.56050986986995,236.06064562245183,236.72005857347267,29207700
2024-11-12,233.7084197998047,237.96999771165048,232.8226297234245,236.16892276021915,35314300
2024-11-13,231.3955535888672,236.0901976975056,231.11997844373764,235.1748827372603,25947700
2024-11-14,228.2756195068359,232.6946731049341,227.55715686482824,232.2222607529842,29272100
2024-11-15,224.8702850341797,228.6200891877222,224.21087203505317,228.55120291322285,37930000
2024-11-18,225.31317138671875,226.95680059084023,224.52582244830452,225.5985981419545,29368500
2024-11-19,226.98631286621097,227.17331348493917,222.82313124698467,223.01013186571296,26009400
2024-11-20,227.2815704345703,227.2815704345703,224.4372296357706,226.5926326147036,24222700
2024-11-21,230.7361297607422,231.84828191291624,227.4587379905993,228.4921522453194,28679400
2024-11-22,234.9977264404297,235.46030220921605,231.61207188493728,231.91717185632433,22693100
2024-11-25,238.57037353515625,241.10961452547969,237.5763356934424,237.67476182410357,33534000
2024-11-26,236.81849670410156,237.79286133454607,235.6472948299149,237.3696469936673,22581400
2024-11-27,237.14328002929688,239.8399967679437,236.64134281543596,238.18653091558747,19472800
2024-11-29,238.04872131347656,239.63328572553775,237.72393314007948,238.5408218760084,16782700
2024-12-02,237.93063354492188,238.82626021649943,236.21811809772365,238.412897526014,25274800
2024-12-03,236.23780822753903,238.31447331974928,235.58823184395447,237.72394660417817,21376700
2024-12-04,237.084228515625,237.85190425684,235.4307776938446,236.4838651777293,19903000
2024-12-05,234.3186187744141,237.054696853839,233.98399397741233,236.72007205683727,20227000
2024-12-06,235.1551818847656,236.10002163000584,234.61388324727952,236.00159550443476,20760900
2024-12-09,233.9741668701172,237.56651056473524,233.8954289653281,236.74962169748324,16684300
2024-12-10,232.96041870117188,235.0469354363044,232.1927429742848,233.82652055415969,19946500
2024-12-11,234.0135040283203,235.5094789149015,233.0883525745794,234.93865548206125,23156900
2024-12-12,230.9723358154297,233.8954146492875,230.6475626274178,233.41316566133605,21454500
2024-12-13,229.3877716064453,231.1494850753316,228.2165698230229,230.66722110047593,23972900
2024-12-16,230.7361297607422,231.9073315815771,228.6791528745577,229.23030313901685,32293500
2024-12-17,228.09458923339844,230.43406664546055,227.58128089753913,229.67397748344092,33064300
2024-12-18,217.9963226318359,230.0787181704625,216.1010475583409,229.24953814999105,52267500
2024-12-19,217.0289306640625,221.5400763401749,216.50575651685637,220.37527806897825,51871700
2024-12-20,219.0624237060547,221.76714725171493,215.2620076432812,215.785181841695,53882200
2024-12-23,218.5589904785156,219.53623298169896,216.5551312285387,218.88474300034588,29606800
2024-12-24,220.51348876953125,220.75040380049083,217.64095615116375,219.16113457411672,13399600
2024-12-26,222.7739715576172,223.22805488762947,218.6181910404724,219.5559551312023,20024800
2024-12-27,219.52635192871097,222.5370810314648,217.364549473581,221.40188018954444,26956000
2024-12-30,217.83837890625,218.95383313861296,215.04483301314983,217.82851309494237,25706100
2024-12-31,218.11477661132812,220.40489489389375,217.3151940654037,219.25982822145764,26208300
2025-01-02,218.29246520996097,221.48086953268947,216.77230182131777,220.05940944536687,29363000
2025-01-03,221.54006958007812,221.9250621174923,218.5293556384312,219.21047310877037,24525300
2025-01-06,221.62893676757812,224.24480759664544,221.2538250780112,222.85296007070087,23541900
2025-01-07,219.8520965576172,223.60316800730897,218.52935498681032,222.67526972076195,28835200
2025-01-08,218.85513305664065,219.4473980522611,216.18988785827216,218.05555045974555,26795900
2025-01-10,214.0379638671875,215.893760637835,212.53753211512557,215.49890224923584,37379400
2025-01-13,214.4525604248047,214.71908796245663,211.21479685099365,211.7379710523388,28603800
2025-01-14,216.89073181152344,217.39415927007508,214.42292357141628,216.35767679676889,25447500
2025-01-15,221.1551055908203,222.67528396329504,220.12850394869875,222.53708729873432,30124700
2025-01-16,221.59930419921875,222.32976576561,219.84222601615613,221.26367084628455,21029800
2025-01-17,222.55685424804688,224.04740519884024,221.77701830663295,224.00791182690864,26754900
2025-01-21,226.8310546875,226.92977304164256,224.0671215191815,224.59029565906368,26086300
2025-01-22,225.35037231445312,226.8902973201537,224.89630402976312,226.3967356684347,21307300
2025-01-23,226.3769989013672,226.39674558574671,223.6327972025842,224.00789383195348,20850700
2025-01-24,225.7452392578125,227.2654025755008,225.10360004879388,225.87357011207757,19074500
2025-01-27,223.58343505859375,226.6632550394627,222.310052585675,223.79073758606305,27461700
2025-01-28,223.83021545410156,224.62978294277775,222.28042459348677,223.82034964321537,16847400
2025-01-29,223.31690979003903,225.28129066610035,221.68816229813223,223.76111228216757,20280500
2025-01-30,225.5872802734375,227.0877118651762,223.9980112021217,225.57741446314196,25575100
2025-01-31,223.56369018554688,227.35425526460045,222.63579183448448,225.804464388399,35330700
2025-02-03,220.94781494140625,222.64566826000535,217.82850162934676,218.65768160476313,34023300
2025-02-04,224.0078887939453,224.20532550868623,220.33580388420825,220.7207813782625,17985500
2025-02-05,226.4460906982422,226.54480905826665,223.9684165096215,225.12334902283388,15197300
2025-02-06,225.70574951171875,227.7293554056589,224.37314201739747,227.5417995578942,18809400
2025-02-07,223.08987426757812,226.2980251143464,222.6752842733187,225.90318180428224,28914400
2025-02-10,224.09674072265625,224.5903023835346,222.9516740544649,224.4422248478872,14574700
2025-02-11,222.79373168945312,223.50446168923332,221.91519253171188,222.15210755240747,18215700
2025-02-12,220.7404937744141,221.58942036202004,218.9340564404744,219.39800556755583,25572800
2025-02-13,223.22805786132812,223.42547950480028,220.86883382541703,222.1422162287724,21419400
2025-02-14,223.06027221679688,225.0443847955776,222.70490719617715,224.34353562805185,13574500
2025-02-18,224.28428649902344,224.73835477176357,222.60616487749732,223.2379231725793,15166500
2025-02-19,223.51434326171875,224.22507331161776,222.1817357148888,222.50748824295152,16194800
2025-02-20,221.37228393554688,223.27743989271664,220.13837970965963,223.099749851789,18507700
2025-02-21,214.99546813964844,223.44524158591773,214.65984981638704,223.08987657825656,45036900
2025-02-24,213.4456787109375,215.97271208830895,212.37958368067632,215.97271208830895,30246200
2025-02-25,212.63623046875,214.47228038161808,210.74095556874195,213.58386038760105,33665100
2025-02-26,212.9027557373047,215.5976133129728,212.0735757427792,213.27786742819777,25464200
2025-02-27,209.65513610839844,213.70234803056076,209.48732693964837,212.86328712450276,29378500
2025-02-28,211.88601684570312,211.8958977188834,208.24354440886017,208.9147810436258,32015400
2025-03-03,206.09161376953125,213.179167322388,204.7491253982616,212.62636558878876,36330000
2025-03-04,203.7620086669922,207.0688780534571,200.57360432987707,203.278312782724,56427100
2025-03-05,205.78561401367188,206.1508448474928,202.1826196704282,203.79162055137735,35778500
2025-03-06,202.63668823242188,205.44011504421317,201.2744531346989,203.13024992727136,39206300
2025-03-07,203.2980499267578,204.4431166221169,199.132388205126,202.33067326593024,43514000
2025-03-10,198.18475341796875,202.10363420818052,196.19076009166673,200.8203708781385,39442800
2025-03-11,198.1649932861328,200.60318892905872,195.97357845676373,198.53022407025915,51509700
2025-03-12,198.510498046875,201.12636871940748,196.9804539472232,200.4353854344278,36881700
2025-03-13,195.54913330078125,199.42852067054167,194.46329163727495,198.67831237904136,31336900
2025-03-14,200.27745056152344,200.45514059220528,196.77315974960305,197.66157977839913,34089400
2025-03-17,202.80447387695312,203.36714137372277,199.99118158002256,200.09976574278656,26947600
2025-03-18,201.04348754882812,201.7459094451069,200.19265581669472,201.6766635985943,22888000
2025-03-19,204.16976928710935,205.46580022975144,200.7367636883321,201.18197806377356,31595600
2025-03-20,202.8737335205078,205.08985701077944,202.02290187743185,202.14163275290943,25665900
2025-03-21,201.6172790527344,202.24056711616865,199.60892317734283,200.5586947456185,39470200
2025-03-24,206.6332244873047,206.9992748745765,204.48636191203715,204.7534875142631,25774700
2025-03-25,205.485595703125,207.03886433584313,204.88209863697628,206.46504621588969,17836900
2025-03-26,203.39808654785156,206.59366058282515,202.49778494309655,205.7428289193623,19344600
2025-03-27,202.4285430908203,204.1499974474037,201.5875993606033,203.1408679903647,23960000
2025-03-28,198.3128662109375,202.39883836481684,197.254282042572,202.35925637760215,26656200
2025-03-31,197.36312866210935,198.50086181716844,193.405774945582,195.37454875804627,32250800
2025-04-01,197.3829040527344,199.08456735414356,194.5632985946401,196.86845894010844,26054100
2025-04-02,200.49932861328125,201.16218354577023,194.4445671935812,194.68201384991855,36603000
2025-04-03,187.62803649902344,192.98036129333985,187.18283720270645,191.05115427856148,60551500
2025-04-04,179.2582244873047,182.08773287372915,174.7864107578557,180.66308318320696,92612800
2025-04-07,177.63572692871094,188.22164563508983,169.89909277658,172.46149091030415,96706200
2025-04-08,172.95614624023438,183.93779341660897,170.5025761403701,183.71024981164217,61090600
2025-04-09,187.65771484375,190.06181518992145,169.90899526861497,170.87854274798968,123015100
2025-04-10,179.77268981933594,183.50248477027856,175.0931082527236,182.55272834682123,67503000
2025-04-11,182.3944396972656,182.87922097887963,176.67606458709795,179.20876863776098,44954400
2025-04-14,184.5413055419922,185.9659553691505,181.09841185709772,185.8076575892202,35214600
2025-04-15,184.7688446044922,187.03443812250947,183.8586550365221,184.3533242645128,30715500
2025-04-16,182.9979248046875,184.73915495170107,180.6136156408924,183.72013760878724,35063300
2025-04-17,184.4918212890625,185.4316897533257,182.49336858284985,183.0177167291053,42359200
2025-04-21,180.79171752929688,183.31451855212384,178.8427195347715,183.02761703797304,26019000
2025-04-22,185.4712829589844,186.09457102174005,182.5824164571135,183.17601047754604,34477100
2025-04-23,188.2216339111328,193.42554855208024,187.8160015369316,190.86316567406905,44866100
2025-04-24,191.9910125732422,192.29770506998756,187.86547314751564,188.72619274755672,29820100
2025-04-25,192.0503692626953,192.18887603765324,189.5077773732302,190.66530151311585,25029000
2025-04-28,192.8616485595703,194.0587396842588,190.47733916443363,192.42633720655363,22482300
2025-04-29,193.99937438964844,194.76116922836815,190.9522101308763,192.39665092023128,20118200
2025-04-30,192.7824859619141,193.39587095422277,188.68662548917817,191.0808226644386,29046100
2025-05-01,193.9795837402344,195.56251609324352,191.6744234994098,193.62342131898885,33169700
2025-05-02,198.3425750732422,199.0648030358607,196.06709354050145,196.2155033707866,30201800
2025-05-05,196.81898498535156,198.36235048396455,195.9681533520001,196.4529346057361,20834200
2025-05-06,194.672119140625,196.47270715964913,193.5541619296684,194.4940303805292,24642100
2025-05-07,195.3152008056641,196.4430460684169,193.94990887323956,195.98795882168017,23623300
2025-05-08,199.0351104736328,200.5784912011014,196.14624388998868,197.64015467366085,32646300
2025-05-09,198.66905212402344,200.1233808561028,197.82812349751595,199.39126496704912,17203000
2025-05-12,205.65377807617188,207.49394819080115,203.62564633740703,206.61343757711927,38207200
2025-05-13,206.4056854248047,207.375232877817,205.74283047557435,206.7024748825894,28295800
2025-05-14,204.57540893554688,206.3166392193548,204.32807431645503,205.82196998117112,26316100
2025-05-15,205.9110107421875,205.97036863217104,203.2002180294586,204.37753316781937,21563700
2025-05-16,207.61268615722656,207.8896997240591,205.5647482565996,206.1979242802322,28906400
2025-05-19,206.74205017089844,206.86076595016303,204.0609364190252,204.59518761792833,25859600
2025-05-20,206.8508758544922,207.5236187248201,205.74282166990216,206.43535553527093,22053100
2025-05-21,201.04348754882812,205.39657100395704,200.67742203060627,204.4270234800262,36704400
2025-05-22,201.03358459472656,202.19110885360857,199.38139107498344,200.13328291689348,31831300
2025-05-23,200.40040588378903,201.0929398205777,197.52142720073817,197.6500460376088,29114600
2025-05-27,205.485595703125,205.53506564548607,201.9833441871207,203.44756088514615,31655900
2025-05-28,203.3189239501953,205.8120608813513,203.01223146941493,205.49548045142188,26046700
2025-05-29,203.9224395751953,204.85242014767312,202.2900371463869,204.74359231267877,32749500
2025-05-30,202.88363647460935,204.05104856085077,201.36993480777664,202.95288231384268,37768900
2025-06-02,203.51681518554688,203.64541891616273,200.50921790293185,203.13097380148645,30334300
2025-06-03,206.80140686035156,207.37522495031067,203.3585134167031,204.2588149938513,37702200
2025-06-04,206.21771240234375,207.77096594499687,205.9209078431296,206.94981320615076,27225300
2025-06-05,206.30674743652344,207.59289045112905,204.79306080349053,206.47493316284857,35728700
2025-06-06,209.6407928466797,209.86835153911096,208.35466505310313,209.24506354036464,32144500
2025-06-09,211.08526611328125,211.9954557353286,210.28390433170196,211.58982332121067,33984400
2025-06-10,212.2229766845703,213.1331662093372,211.5304428174766,212.17352184100412,30182200
2025-06-11,211.35238647460935,213.62785292499433,211.02590296133764,213.2815935111175,31113400
2025-06-12,210.5114288330078,210.99621009578516,209.37369568286684,209.90793179000187,25367000
2025-06-13,206.66290283203125,209.18571883302033,206.0000478993348,207.6027713158215,60580000
2025-06-16,209.09945678710935,210.27009692810245,207.9784082395303,208.81174682849309,28974000
2025-06-17,206.89703369140625,208.78196821771664,206.7184525014829,207.40298597680172,32843200
2025-06-18,207.98831176757812,209.7145260081003,206.1331381984843,206.78791068328735,42850500
2025-06-20,207.55181884765625,209.5756432508214,206.80776330948763,209.43675348921056,36978100
2025-06-23,210.09152221679688,210.1014375075019,205.1708283522343,206.8275901708797,35516400
2025-06-24,212.77012634277344,213.22647193636,210.67684945606405,211.59947107212963,31772500
2025-06-25,210.28993225097656,213.02805110983945,210.2105645124496,212.9586137997835,27725600
2025-06-26,213.7026824951172,213.84157226164112,211.01415506144411,211.1431295367339,26261200
2025-06-27,213.77210998535156,215.68682075499188,212.43281911352972,214.33759945454304,47717300
2025-06-30,214.0796356201172,214.9923569950784,213.68281208671033,214.96258084911776,25558000
2025-07-01,216.28204345703125,218.78207413131855,212.45263727938905,212.91891326215267,43864800
2025-07-02,219.2781219482422,219.3475743966071,215.6372120695638,216.63920139164748,35735200
2025-07-03,221.31187438964844,221.55989289486303,220.01225984437957,220.25034792116276,23515700
2025-07-07,217.9884033203125,221.05392330983952,216.67887358685135,219.81383088072815,41551200
2025-07-08,219.4963836669922,220.52813401882997,218.58367735709953,218.8316958697176,36339300
2025-07-09,221.8773498535156,221.9170412917495,219.36740377883413,220.80592322677228,32425200
2025-07-10,223.01824951171875,224.25834207446425,221.09362343228196,221.61942146785816,33865900
2025-07-11,219.9427947998047,221.7682072605525,219.81383547821588,221.40114473796933,31579600
2025-07-14,221.42100524902344,221.569810298432,219.30788272033183,219.61542324767507,24632200
2025-07-15,217.08566284179688,222.45277224309177,217.0558866918364,222.2940518911162,44215400
2025-07-16,219.26820373535156,219.61542055900344,215.19077891514368,218.47454149324295,48199800
2025-07-17,222.1452178955078,222.42299741652428,218.960668694623,219.3277312464272,43548000
2025-07-18,220.5678253173828,223.57380847736897,220.22059334479948,223.5043560277128,49009900
2025-07-21,219.67494201660156,222.63133348245407,219.49637595995375,221.7682187951121,28191400
2025-07-22,221.5003662109375,222.0360795102659,218.9110524655131,219.86343502828535,30873300
2025-07-23,224.88333129882812,224.91310744621023,222.29403264228537,223.0380881563305,37478100
2025-07-24,221.77816772460935,224.0599411784964,221.70871527155376,223.73255490948287,29446700
2025-07-25,222.60157775878903,222.81983525843995,220.77615002190456,222.64125405970353,24555500
2025-07-28,222.3436279296875,223.65317292234687,221.65909442332904,223.5341288822318,24934900
2025-07-29,220.9249725341797,223.90119468306997,220.29996103880117,223.82182694255772,28685900
2025-07-30,219.80392456054688,223.14720927200207,218.37533550347143,221.88728612509,48924400
2025-07-31,217.651123046875,220.2602826163878,217.14517073606143,218.71264953592416,42913900
2025-08-01,213.216552734375,214.84355356876196,210.6569998721354,214.5062520252808,63854100
2025-08-04,217.9884033203125,217.9983337479675,214.36733948244617,214.8336154468198,34989600
2025-08-05,219.09954833984375,219.5062871739371,216.51023460160135,218.8118384034569,31337100
2025-08-06,218.8118438720703,219.2384435732149,217.64120379226785,219.1987521351396,23142100
2025-08-07,218.09754943847656,221.07377150550113,216.77808917222055,220.99440376717203,37088000
2025-08-08,218.57374572753903,219.81383819793083,217.9983410047356,219.31780120977413,28318100
2025-08-11,218.5241546630859,219.9229675651786,218.06779394062085,219.0201916867943,25212800
2025-08-12,225.0122985839844,225.18094934524356,219.39715618411736,220.09162008534045,43815500
2025-08-13,229.38735961914065,229.6254628372028,226.02422924548537,226.45081381443396,41705800
2025-08-14,226.43096923828125,226.9865282415746,224.37736884627097,226.6293810054792,55945500
2025-08-15,225.32977294921875,226.96668899760363,224.24840078212628,226.82779924281857,33571400
2025-08-18,226.1531982421875,226.649235247762,225.14127851221804,225.40914273382572,20144100
2025-08-19,224.4170684814453,227.1651025901236,223.9011857576049,226.2127200176392,25000700
2025-08-20,223.62339782714844,224.58571079172864,221.91702938301745,224.13926539372017,29229700
2025-08-21,224.17898559570312,224.5262175858548,222.00634089457284,222.63135242170603,24539400
2025-08-22,232.96875,233.55407005395904,225.37937446665228,225.56787095741672,58205500
2025-08-25,230.5183258056641,232.44295187588773,230.5183258056641,232.2842163955325,28453700
2025-08-26,232.423095703125,233.0084157305305,230.7464882196688,230.98459142949292,25121500
2025-08-27,234.06996154785156,234.2485276166108,231.70882038637356,231.887401592982,25395400
2025-08-28,234.3477325439453,235.0917880790384,233.48463296734892,235.081872788196,25011200
2025-08-29,233.3060607910156,235.14140390370508,232.51239849531615,234.86362437088763,29254800
2025-09-02,232.0461273193359,232.54216437229547,229.6353945081203,230.1512772817961,33108600
2025-09-03,231.81793212890625,233.39532617191836,230.6175310538523,231.42110857999623,33252400
2025-09-04,234.71478271484375,234.79415045094183,231.72864544116172,232.37348748241783,30323800
2025-09-05,235.8854522705078,237.7803022105884,233.08779616954217,235.83584554019345,47542500
2025-09-08,236.36163330078125,236.66917382236983,234.51637503340183,236.6195670942124,31487700
2025-09-09,234.9727478027344,236.07395061783177,233.55407402140943,236.01441345827743,35395800
2025-09-10,234.5560607910156,236.38148855101565,233.59376288763104,235.4290908006744,33910200
2025-09-11,238.89141845703125,239.02037778125924,234.3675635104891,234.9727292464514,43629800
2025-09-12,236.4509124755859,238.4152298861025,236.3120227217174,238.2961707128953,46097600
2025-09-15,237.4529266357422,238.137445004974,236.65926437915857,237.33386745765316,33014000
2025-09-16,237.0619201660156,237.708591317544,235.54968609963944,237.2310493105571,37059300
2025-09-17,237.66880798339844,243.0312540181507,235.80837216954163,237.5991737132261,79955600
2025-09-18,243.58837890625,243.89679176318592,238.90246483842975,239.5690379894043,49167700
2025-09-19,241.73789978027344,244.3146714273105,241.27030117139725,244.3146714273105,56092000
2025-09-22,243.14068603515625,243.5386351764631,239.877454497923,241.00168283425543,53572900
2025-09-23,242.5934906005859,245.91641293642488,242.19554146580737,243.75750775963897,41854500
2025-09-24,240.36495971679688,243.35956729173796,240.3251556934296,242.65319009444508,36002200
2025-09-25,238.06675720214844,238.76319098879063,236.33566169342092,237.7583443324688,37209500
2025-09-26,240.1062774658203,240.44453575819483,238.10655795771424,238.39506881161327,28942800
2025-09-29,240.3848419189453,241.68814281456875,239.57898504032545,241.5986065348969,26391500
2025-09-30,240.72311401367188,240.89224315679317,238.1761879092927,239.8774531172789,33447700
2025-10-01,241.2503967285156,241.797572984212,239.32031157844233,239.34021358907427,28520000
2025-10-02,242.7725830078125,242.8422172763844,240.23561547763484,241.7577929595841,28687400
2025-10-03,244.5733337402344,246.8217752919346,243.777420255658,244.09579172180335,34579600
2025-10-06,245.54830932617188,247.20977049475755,244.8121019084577,246.4636044811587,31507400
2025-10-07,242.911865234375,246.37407133080848,241.9468226300724,246.09550389665787,31766600
2025-10-08,245.4587860107422,245.69756461278692,242.5537146660734,244.02614476004808,25825000
2025-10-09,243.8769073486328,245.9860651117596,242.7626224334829,245.0508679357961,26243100
2025-10-10,236.57443237304688,245.627920069394,236.3456123628402,244.4937482533951,70569400
2025-10-13,243.1605987548828,243.37947534647657,240.16597592479903,240.59378569229128,36298600
2025-10-14,246.6327362060547,248.32405799922455,239.1312871503087,239.9968348772984,45320800
2025-10-15,249.05032348632812,251.47785271931943,245.79703536304635,249.0801689128988,45369000
2025-10-16,243.8072509765625,249.97555354358013,242.7526721249455,249.68704270297752,52740400
2025-10-17,242.16571044921875,243.9067645838484,240.23562515104615,242.07617416568388,55379500
2025-10-20,246.89141845703125,247.06054760131977,244.8817403753199,245.35928238159255,32545000
2025-10-21,245.7274169921875,247.100352245621,244.25497167576947,246.16515500380584,26337900
2025-10-22,242.09605407714844,245.59806425846776,239.53919968652795,244.77230535652328,46578400
2025-10-23,245.16030883789065,245.85672742928668,242.4343101449555,243.0411924561978,28591000
2025-10-24,248.15492248535156,249.82634232666945,247.69728247721025,248.52304139192023,26627000
2025-10-27,249.02047729492188,250.9207170782797,248.22456383364664,250.49290733076975,31798100
2025-10-28,247.6873321533203,249.6174021915427,246.84167125029907,248.27431245124544,28075900
2025-10-29,245.57815551757812,249.8561770450341,243.43915234424335,247.5679315600426,56235300
2025-10-30,243.5983428955078,246.87151787064127,243.37946631203897,244.01619405100655,44538700
2025-10-31,244.9712829589844,245.52841784410376,242.44427396411083,243.737631479302,37214700
2025-11-03,244.1853179931641,245.00111827533945,241.25040137109733,244.91158199695184,28887900
2025-11-04,239.9669952392578,242.8123756767865,239.7680206649049,240.5539755468743,34468700
2025-11-05,243.42918395996097,244.47381937640696,240.4047311765752,240.7231026173452,38229200
2025-11-06,239.1213531494141,243.5386434182407,238.77313625339633,243.01135395681075,40601200
2025-11-07,240.3749084472656,240.4246558871812,235.0622097692863,237.19126964290277,54978900
2025-11-10,242.78253173828125,243.98635296879596,241.0116322083444,243.7575177851394,31238000
2025-11-11,242.9914703369141,243.48891437734935,241.28026162335368,242.12590738362127,27357900
2025-11-12,242.39451599121097,245.12051462440985,242.08610313469305,243.58837857612627,34543200
2025-11-13,235.5795440673828,241.4394343081576,234.634403418378,240.6037319562452,65710000
2025-11-14,236.2660217285156,237.50963185346896,232.07755132891384,232.14718560190167,58344400
2025-11-17,231.57012939453125,236.6241623430809,230.57524137743377,235.25122720242112,55765900
2025-11-18,232.27651977539065,233.87829018123904,229.7793561755495,230.12755789286345,63092500
2025-11-19,232.23670959472656,235.1616828827178,231.24182154742545,232.60482849516305,57280500
2025-11-20,227.9387969970703,237.877733874726,227.72986383137405,236.02724153302157,95483000
2025-11-21,234.3956298828125,235.89790536829736,228.4063995908543,228.784461906465,99504100
2025-11-24,238.6736297607422,239.1611303552884,234.27622653707553,234.75378371651172,36135300
2025-11-25,243.8769073486328,244.29475849901908,238.81291574482913,239.5093495095928,46160800
2025-11-26,246.03582763671875,247.55800519960655,243.51876198405915,243.79732943473223,34636600
2025-11-28,247.4783935546875,247.5380844066191,245.80698897745745,246.7421709590297,18911800
2025-12-01,244.36439514160156,246.42382066793164,244.0858277053038,244.3146628843094,36920000
2025-12-02,243.9167022705078,246.1054529521905,243.86695483167225,246.1054529521905,31918500
2025-12-03,248.35389709472656,248.56281507415667,244.2251027730071,244.7126033596543,32846300
2025-12-04,250.53271484375,251.36841715837824,247.26946808897856,247.6972778424488,40245800
2025-12-05,249.4880828857422,251.3684207106213,249.00058227159312,250.20440350291395,36956600
2025-12-08,249.5875701904297,251.4778666692204,248.90109497965128,251.40821721616751,29100000
2025-12-09,250.1049041748047,251.6569270908009,248.8215052806653,248.97073241459307,30170100
2025-12-10,253.50743103027344,255.25844377917153,249.25925464798317,249.61741496654983,51105200
2025-12-11,256.48211669921875,256.6910650415417,253.01992585763608,253.33828212666072,41345200
2025-12-12,252.5523376464844,256.8801067376986,252.1444299024636,256.6313847251182,57657700
2025-12-15,250.6421356201172,254.3829243511421,250.45311964513996,254.243640633335,43120100
2025-12-16,249.4562530517578,251.71224977749893,248.0287995763503,249.89547419240455,43115300
2025-12-17,246.8009796142578,251.7122413066122,246.26192996644315,249.9254112929038,38132400
2025-12-18,248.26837158203125,250.91365987611823,247.7692594335851,249.73574728530448,39068000
2025-12-19,250.34466552734375,250.95358295969004,248.61774175299533,248.8373523175592,43610400
2025-12-22,253.12973022460935,254.66698900784033,251.75217575985428,251.83203553493956,40497300
2025-12-23,251.63238525390625,252.77036035515005,251.0134910574193,251.9717778628382,24973500
2025-12-24,252.2612762451172,252.4110038014105,250.67408798993625,251.52258476011664,12103000
2025-12-26,250.9735565185547,252.30119669096328,249.95536344804316,252.13150038449373,17429900
2025-12-29,249.4362945556641,251.05341305787888,248.90723689181124,249.81560943454147,25218800
2025-12-30,247.58956909179688,249.7057997095627,247.50970932090272,249.5261266488213,22123600
2025-12-31,245.722900390625,247.83913105872463,245.57315760475177,247.73930253480913,35352000
2026-01-02,248.33824157714844,248.64768867487385,245.42342843203028,247.1902897181618,40007700
2026-01-05,252.28123474121097,253.0997860162791,249.12685738341995,249.34645272641697,37428100
2026-01-06,255.62527465820312,255.79498619928023,251.07338935304213,251.79211209377667,40677800
2026-01-07,255.02635192871097,256.34400014638345,253.51903864802088,255.9447165002269,33052000
2026-01-08,257.8113708496094,258.47020252240264,253.90832553599873,254.24771813167035,37957000
2026-01-09,259.7679138183594,261.09553869903476,257.63169924933896,259.11904366947834,36301500
2026-01-12,261.03564453125,261.19536406878757,257.78142368861864,258.8195854509196,28423400
2026-01-13,260.88592529296875,262.4231992352616,259.99749104900724,261.94404060738924,33882400
2026-01-14,262.72265625,262.99216584448385,259.72798334662684,260.6663166267548,37164300
2026-01-15,265.0385437011719,266.5757871898798,263.2617056653059,263.5911062804896,33465200
2026-01-16,265.2881164550781,266.7455154952865,264.2399625959103,265.39790651257925,33844900
2026-01-20,262.1137390136719,264.60929991337446,260.59644895347304,260.67632396176185,47911500
2026-01-21,267.3144836425781,268.11305086679903,262.4531363609282,264.1700833100514,59952800
2026-01-22,269.3109436035156,271.1177271573394,268.94160548504385,269.3508506420506,35110800
2026-01-23,264.33978271484375,268.57224413095685,263.9903981062369,268.56228260274906,42636700
2026-01-26,263.5112609863281,266.2164403024499,263.0221103655134,264.5993218148539,32119300
2026-01-27,264.25994873046875,264.3896923094651,262.1936169710598,263.58113300593817,26975500
2026-01-28,262.83245849609375,266.20646166458965,262.0937822272714,265.50772289941403,37139100
2026-01-29,262.90234375,264.58934534861123,258.9493838302234,263.6011129845145,43922900
2026-01-30,259.1889343261719,262.51303831651757,257.4819792968363,260.6064262411151,59164200
2026-02-02,261.7144470214844,263.3016200475048,257.8912612488776,258.0210352856685,42896200
2026-02-03,262.3133850097656,264.58933523578645,258.090885178703,262.5928866002107,54588000
2026-02-04,260.0574035644531,264.18007511299356,256.68343076157873,263.6909549168584,48826500
2026-02-05,255.375732421875,261.1554445962914,254.59711866224785,258.0409895577826,48279600
2026-02-06,264.5494079589844,265.2481771938009,259.1190650232475,259.2787845758739,43354900
2026-02-09,266.4060974121094,267.1947031132644,262.8723749750453,264.36971137645025,29064800
2026-02-10,265.6873779296875,268.04317260725713,265.4078763499184,266.75548522013577,24661700
2026-02-11,264.47955322265625,268.48241214355653,261.6346077378051,267.993291961257,41829400
2026-02-12,259.07916259765625,266.98508258145665,257.9312106600573,266.5458614197577,47628200
2026-02-13,262.4930725097656,264.6991703070259,258.05099232938085,260.13727761267194,45360300
2026-02-17,262.57293701171875,263.89056997875,258.59999320062315,261.9141052965086,33734800
2026-02-18,263.521240234375,266.4360687825878,261.38505593532153,262.56295337421034,36034700
2026-02-19,264.1301574707031,264.17009497269345,260.61638841687596,262.10376334797866,31006000
2026-02-20,264.14013671875,266.8553082318626,261.6745517622793,262.38328253736444,47126600
2026-02-23,260.0274353027344,263.90055041833654,257.6416950928997,262.932271639436,44001100
2026-02-24,262.8623962402344,263.67098596408636,259.39855663843406,259.93760629987247,34884200
2026-02-25,264.11016845703125,264.8089376433034,261.96399233260627,264.7789921332282,26012100
2026-02-26,265.5176696777344,265.7672257507315,261.65454654188096,264.53942936815383,41206500
2026-02-27,260.9458312988281,262.2934402656055,259.308728740458,261.6346085382168,40631500
2026-03-02,263.341552734375,263.8107193785221,257.33225335612786,257.3522068755043,53495700
2026-03-03,258.7796630859375,260.65632968253124,252.8602001768648,256.34399330696124,59537000
2026-03-04,261.2951965332031,262.49304738774214,258.36041472133206,260.7361933750741,37979700
2026-03-05,256.3040771484375,260.2969742881813,253.70868791492651,258.5300978072766,60414600
2026-03-06,250.4445037841797,252.85022809660097,249.4961937085378,251.04344448021388,64192000
2026-03-09,253.16964721679688,254.1978170480747,243.95604100615924,247.15035578448328,65369500
2026-03-10,252.9101104736328,257.19248603928344,251.9518084390785,252.51082684439007,55879100
2026-03-11,252.40103149414065,253.9283135220525,250.135057968197,251.89192733037353,50418100
2026-03-12,246.97068786621097,249.3664201919699,246.14215983536485,248.4979698894288,61802900
2026-03-13,246.15213012695312,250.16499613725875,245.1039915500912,248.8173872196228,53933300
2026-03-16,248.47799682617188,251.02347189793113,247.86907937945065,249.3165016024684,48755700
2026-03-17,250.0500030517578,251.7100067138672,248.9600067138672,249.8699951171875,40642800
2026-03-18,246.02000427246097,249.22999572753903,245.8800048828125,248.41000366210935,43192600
2026-03-19,247.6300048828125,250.08999633789065,242.52000427246097,243.02999877929688,59219500
2026-03-20,242.22000122070312,247.5,240.3300018310547,246.97000122070312,76749900
2026-03-23,247.4499969482422,251.36000061035156,246.11000061035156,247.1699981689453,78746600
2026-03-24,248.77999877929688,250.16000366210935,244.6000061035156,245.5099945068359,45210800
2026-03-25,251.82000732421875,253.07000732421875,249.52000427246097,251.7400054931641,45671700
2026-03-26,247.44000244140625,251.86000061035156,247.16000366210935,248.88999938964844,46830200
2026-03-27,243.1000061035156,246.7400054931641,242.41000366210935,246.0099945068359,48114400
2026-03-30,239.61000061035156,245.3699951171875,238.69000244140625,245.3500061035156,51290500
2026-03-31,248.0,248.9199981689453,242.2400054931641,243.0399932861328,58660800
2026-04-01,249.55999755859375,252.44000244140625,249.11000061035156,249.9199981689453,51295900
2026-04-02,251.2899932861328,252.3699951171875,244.8699951171875,244.94000244140625,30369200
2026-04-06,252.36000061035156,253.0500030517578,250.25,250.9900054931641,22151400
2026-04-07,252.91000366210935,253.47999572753903,249.52000427246097,251.2100067138672,34881900
2026-04-08,260.4700012207031,262.2699890136719,258.4100036621094,261.5199890136719,46680200
2026-04-09,261.9599914550781,262.8999938964844,258.7799987792969,258.7799987792969,26758400
2026-04-10,261.29998779296875,262.75,260.3399963378906,262.3999938964844,22365900
2026-04-13,265.07000732421875,265.3599853515625,260.0199890136719,260.239990234375,23820000
2026-04-14,268.7200012207031,269.4200134277344,266.2799987792969,267.0899963378906,24270400
2026-04-15,269.3900146484375,269.5899963378906,267.5899963378906,268.7799987792969,21670600
2026-04-16,269.95001220703125,270.3500061035156,268.04998779296875,269.45001220703125,30847900
2026-04-17,275.7799987792969,277.6300048828125,273.1199951171875,273.739990234375,46462700
2026-04-20,277.3500061035156,277.6700134277344,274.5299987792969,274.6499938964844,22993900
2026-04-21,274.510009765625,279.7900085449219,273.760009765625,278.17999267578125,32235200
2026-04-22,276.4800109863281,278.010009765625,274.8999938964844,277.5899963378906,20105627
