Date,Close,High,Low,Open,Volume
2016-04-25,101.53453826904295,101.54384995564192,101.04074166114728,101.22708201549216,14351900
2016-04-26,101.04076385498048,101.91654594237475,100.73331464205546,101.7488431407069,19118300
2016-04-27,100.23021697998048,100.46313716791974,99.40102167956952,100.00660848168356,33059800
2016-04-28,99.01898956298828,100.92893718359026,98.82333753633728,100.34197399548007,29818200
2016-04-29,98.49727630615234,99.2239860526125,97.71466088893128,99.01901517886036,67502800
2016-05-02,99.4289321899414,99.5686856698365,98.33886784144278,98.74880237880252,24813800
2016-05-03,98.506591796875,99.16808416204776,98.24571526111669,98.72087435176373,38569400
2016-05-04,97.87305450439452,98.27367746567744,97.63081554664784,97.91031547497782,27474500
2016-05-05,97.84508514404295,98.44136721672172,97.64943308769952,98.227077569398,20788100
2016-05-06,98.3668441772461,98.38547466255076,97.26746073213056,97.36062737497238,30758500
2016-05-09,98.64632415771484,99.10285269919214,98.329556214477,98.37613597239904,19289600
2016-05-10,99.99727630615234,100.04385606930164,98.82335680914808,99.00037839032768,21178900
2016-05-11,99.0935287475586,100.14632504949222,99.06557947262829,99.84818760330656,20966300
2016-05-12,98.65567016601562,99.4475973507154,97.95690963101704,99.32648141691983,29196300
2016-05-13,98.29230499267578,99.17739873465428,98.09665291628556,98.57181202075267,21059300
2016-05-16,99.5221176147461,99.88547246624542,98.34819811320132,98.44137185617744,18311900
2016-05-17,98.273681640625,99.7271012325321,98.01280507834468,99.43828249520683,29932700
2016-05-18,98.6277084350586,99.15876609031142,97.86373063086756,98.0500639067546,27524400
2016-05-19,98.11526489257812,98.4879384903266,97.39787408114238,98.24569958556644,27334600
2016-05-20,99.19606018066406,99.59668322622504,98.45071266533547,98.50661834928958,29549600
2016-05-23,99.06558990478516,99.66186485994751,98.97242327582067,99.30782171846111,15729800
2016-05-24,101.05008697509766,101.17120290608877,99.58734857336393,99.61529785681113,29931300
2016-05-25,101.7768096923828,102.0842660656361,101.25507071340304,101.4320923419114,37951700
2016-05-26,102.07493591308594,102.20537064332215,101.63704484379592,101.87928381773162,21885900
2016-05-27,102.60598754882812,102.61530634562392,102.1215167378362,102.14014722326849,19870000
2016-05-31,102.80164337158205,102.9600344902342,102.27990446259004,102.74574480509276,24366100
2016-06-01,102.81094360351562,103.04386373270717,102.4010090096861,102.48485684427912,19571500
2016-06-02,103.02523803710938,103.03454972483576,102.04697060578565,102.6059775201884,15696600
2016-06-03,102.54075622558594,102.87616178297266,101.86994511081248,102.82958202165456,20269900
2016-06-06,102.9134292602539,103.1836174637022,102.55007442655132,102.72709599974527,12502400
2016-06-07,102.6525421142578,103.07179543203574,102.60595525310158,102.96931002401766,12184300
2016-06-08,102.82959747314452,103.04388004535473,102.44760498888206,102.82959747314452,14568700
2016-06-09,102.661865234375,102.77366233280992,102.21465551616332,102.41030754658178,17571600
2016-06-10,101.49726104736328,101.9258331614807,101.14321796010672,101.73018113817646,32965000
2016-06-13,100.6494369506836,101.48795076960468,100.5190022575356,100.91962513167805,25154700
2016-06-14,100.6494369506836,101.01279175418978,99.91340854897274,100.37924876968916,24588500
2016-06-15,100.3606414794922,101.03145268963814,100.1929386769557,100.89169916949784,24605700
2016-06-16,100.65877532958984,100.75194197022812,99.2239863176513,99.86684822192584,32079900
2016-06-17,99.47893524169922,100.59059059131766,99.24539468099567,100.45046482947708,29208800
2016-06-20,100.10482025146484,101.11370996530536,100.0300855683384,100.63729239633044,20562800
2016-06-21,100.42243194580078,100.62794876081524,100.04876565732832,100.23560236511038,22804100
2016-06-22,100.17955780029295,101.06701621498634,100.09548661870843,100.47848943552522,22724200
2016-06-23,101.60881042480467,101.62749765833324,100.53452969092722,100.9548997931322,18714200
2016-06-24,97.42375946044922,99.48825670201958,97.20889905653432,97.99359887182052,68012700
2016-06-27,95.49005126953124,96.77919240538564,95.0509939409681,96.77919240538564,48222600
2016-06-28,97.5825653076172,97.62927626019712,96.4989410532513,96.54564487874052,28260600
2016-06-29,99.31077575683594,99.51629256990364,98.301886052736,98.34858988392038,31356700
2016-06-30,100.45979309082033,100.52518415273768,99.14262110879596,99.4789200349685,36300800
2016-07-01,100.96422576904295,101.33789197632088,100.37569917627596,100.41306650971278,19902800
2016-07-05,100.34769439697266,100.57189843990834,99.80587865051524,100.4317726948464,21167900
2016-07-06,101.16976928710938,101.21647312093556,99.5536655423731,99.87128439701432,24579300
2016-07-07,101.46867370605467,101.69287057875958,100.99224911535296,101.26315693645432,19161700
2016-07-08,103.03809356689452,103.0941410182556,101.84235996348671,102.01050944466188,29457900
2016-07-11,103.62659454345705,104.00959727066954,103.37437393061862,103.38371041943768,20218500
2016-07-12,104.14971923828124,104.4299706887242,104.00959351305976,104.26182124387653,21906100
2016-07-13,103.89749908447266,104.4579948606953,103.88815546885998,104.3926038055875,21107800
2016-07-14,104.60747528076172,104.80364846686116,104.3459039055379,104.58878804755726,20871000
2016-07-15,104.4393310546875,104.90641212894444,104.20579051755904,104.85035755361132,17999300
2016-07-18,105.130615234375,105.31744482423328,104.48604103330752,104.50472826854856,20713900
2016-07-19,104.74759674072266,105.07455918686442,104.56076716614858,104.76628397443493,18936700
2016-07-20,105.97135925292967,106.16753245413295,105.1866593210248,105.31744145516032,24997900
2016-07-21,105.72846221923828,106.25159069208682,105.43887426135296,106.04607389858464,18885400
2016-07-22,106.16749572753906,106.28893420234368,105.47621795380095,105.80317317603593,20003400
2016-07-25,106.17687225341795,106.20489597728331,105.82188607887934,106.08345033774474,12968100
2016-07-26,106.29830169677734,106.68130443541304,105.76582960749003,106.13949585702818,21223800
2016-07-27,107.03628540039062,107.31652972866556,106.5878844972239,107.19509123245548,27646100
2016-07-28,107.40994262695312,107.53138111298222,106.8681269931188,107.204425860527,16939700
2016-07-29,107.6435089111328,107.93309690027442,107.3072099631205,107.6528454012336,22385300
2016-08-01,108.2133331298828,108.48424099134712,107.58744623982275,107.7182283623102,13990100
2016-08-02,107.39128112792967,108.1479501973506,106.70000312466748,108.05453540670842,21278400
2016-08-03,107.74626159667967,107.755605213994,107.241820295176,107.30721136219252,15011300
2016-08-04,108.05453491210938,108.15729331947294,107.45667170222596,107.7088994756062,12835300
2016-08-05,109.0914535522461,109.33433770419472,108.48424673592028,108.60569237544036,23196600
2016-08-08,108.9699935913086,109.17551036196016,108.62435110184094,109.14747951652484,12358200
2016-08-09,109.22223663330078,109.56787919381264,108.98869609630157,109.05408716157768,13276500
2016-08-10,108.9419937133789,109.31565287587166,108.65239859722784,109.28762915139389,14688400
2016-08-11,109.40904235839844,109.6425828292673,109.0914236119302,109.31562046837924,12969800
2016-08-12,109.48379516601562,109.49313878259235,109.1007924114639,109.22223091859664,19379000
2016-08-15,109.95086669921876,110.20309443532165,109.58654408226175,109.62391141824332,11777800
2016-08-16,109.3436508178711,109.75467719832332,109.3249635891158,109.7453407110352,14161400
2016-08-17,109.53982543945312,109.57719277037975,108.76446935867692,109.37167601382804,15980300
2016-08-18,109.56787109375,109.7266769366674,109.25025228082411,109.43708897286614,10036300
2016-08-19,109.53982543945312,109.78270239984188,109.07274449350452,109.37167601382804,18743000
2016-08-22,109.62390899658205,109.8107456723625,109.1755152288898,109.38102488161265,14500600
2016-08-23,109.82009887695312,110.2404761161285,109.77339504621688,110.05363941190892,11997900
2016-08-24,109.1101303100586,109.89482301119322,108.74580768066168,109.74536078925414,17728700
2016-08-25,108.93263244628906,109.26893133971676,108.69909194402484,108.82987405512556,24266300
2016-08-26,109.0914535522461,109.80141877412356,108.43754290518233,108.97001503981754,23896000
2016-08-29,109.24091339111328,109.53050134855124,109.10078765693363,109.11946776218184,11184900
2016-08-30,108.88591766357422,109.38102237061835,108.51225857477202,109.06341071971843,19843300
2016-08-31,108.77383422851562,108.88592911611022,108.31608968053426,108.7177796576273,16169800
2016-09-01,109.05406188964844,109.18484398989357,108.2787129030781,108.8111849189589,20944700
2016-09-02,109.40904235839844,109.82006874070672,108.99800884900056,109.5958718842577,18088200
2016-09-06,110.09101104736328,110.09101104736328,109.35302207286324,109.59590623427772,18525200
2016-09-07,110.1563949584961,110.34323165786655,109.73602485732238,110.1937622983702,17546900
2016-09-08,109.5118408203125,109.85747628237388,109.22224568401384,109.82945255594645,20125300
2016-09-09,106.75605010986328,108.83923485488354,106.73737000265268,108.59635069859566,50813300
2016-09-12,108.67108917236328,108.8205514165368,106.1488469854486,106.15819060292566,39646000
2016-09-13,107.69955444335938,108.44687988234848,107.17642592335784,108.12926817437372,45863900
2016-09-14,108.2133331298828,108.80185980816744,107.78361942355392,107.8116502730222,28221800
2016-09-15,109.89485168457033,110.06300118255652,108.23204394175796,108.24138756028296,38521400
2016-09-16,109.84237670898438,109.954759578737,109.29920355593366,109.77682182119874,27596500
2016-09-19,109.36473846435548,110.46044445072307,109.1493469345288,110.12330304800297,16222900
2016-09-20,109.57080841064452,110.02033281969612,109.38351074142608,109.75810607986296,18078600
2016-09-21,110.64778137207033,110.8069850960499,109.392864198181,110.03905326544216,31546800
2016-09-22,111.52809143066406,111.64984134167764,111.18159004072776,111.29396578018913,22614400
2016-09-23,110.81635284423828,111.44380786279598,110.65714911922171,111.44380786279598,22213400
2016-09-26,109.8892059326172,110.32000339374012,109.73000221369422,110.18889360816269,16403900
2016-09-27,110.97553253173828,111.03172038840955,109.7112557420115,109.81427157587297,20238400
2016-09-28,111.16285705566406,111.22841195262905,110.59158989142018,111.11603621208788,14794300
2016-09-29,110.3574447631836,111.18157148810174,109.87983366027508,110.9755398068722,27207500
2016-09-30,111.18157958984376,111.50935404070884,110.53539056889032,110.64777344273573,25543200
2016-10-03,111.02239227294922,111.16286195481642,110.59159476539575,111.04111918221544,19216400
2016-10-04,110.8538055419922,111.59364338803287,110.43237512225024,111.35015073295624,21239700
2016-10-05,111.24712371826172,111.60299206692558,111.13474085528796,111.18156883443032,14481300
2016-10-06,111.19094848632812,111.42507411873474,110.64777530435742,111.10665954328915,11987100
2016-10-07,110.9474639892578,111.45317624984962,110.40429076733167,111.29396537794176,19984200
2016-10-10,111.64984893798828,111.89334163163409,111.47191114513768,111.51873913639784,19687300
2016-10-11,110.0577621459961,111.5748986508643,109.57078402742845,111.55617174608906,27774400
2016-10-12,109.96412658691406,110.33872903209055,109.62698510074996,110.16079126301857,14267800
2016-10-13,109.57080841064452,109.87048896836288,108.5781179028802,109.21493998115024,22821000
2016-10-14,109.701904296875,110.5541250171301,109.63634940646668,110.11396769083986,21313300
2016-10-17,109.4022445678711,109.85176900534611,109.26176773460088,109.60827630400762,14182700
2016-10-18,110.37616729736328,110.89124644669724,110.3199794428708,110.70394169014584,19276700
2016-10-19,110.36680603027344,110.52600972293712,110.17014138434544,110.2918841237448,13702900
2016-10-20,110.2356948852539,110.47918750594832,109.59887297763125,110.25442893412448,18132200
2016-10-21,110.64778137207033,110.71333626694118,109.95477146272864,110.32000689771598,15707800
2016-10-24,111.9776382446289,112.05256018257,111.34081606202832,111.3595501189882,19143000
2016-10-25,111.62174987792967,112.06190725375856,111.45317912005795,112.04317320013504,20341800
2016-10-26,110.8631820678711,111.47191022448392,110.5354075666021,110.90064303158016,20463700
2016-10-27,110.3574447631836,111.43442400464468,110.1982410622141,111.34077518907124,19099800
2016-10-28,109.66442108154295,110.6102904325602,109.3272796721694,110.03902344139644,35369300
2016-10-31,109.56140899658205,110.0671211279175,109.50522114141565,110.0671211279175,18749400
2016-11-01,108.73731994628906,109.7674714008768,107.79145029805537,109.74874449222524,23498700
2016-11-02,107.86637115478516,108.91525665258948,107.594784539864,108.66239694613452,26960100
2016-11-03,106.8081512451172,108.04433470216024,106.6864013037363,107.68845905190796,36205200
2016-11-04,106.43350982666016,107.26699647436864,106.2462050409719,106.5458855531261,26997500
2016-11-07,108.9620590209961,109.0744418875817,107.97873573192211,108.1566663394993,26591200
2016-11-08,109.6738052368164,110.1701504045511,108.59682596336452,108.8496856323651,20777900
2016-11-09,110.17953491210938,110.35746555173252,108.2597016789462,108.3908114744361,70234400
2016-11-10,108.400146484375,110.86314508069476,106.94856499096872,110.71330842079662,72825400
2016-11-11,108.4469985961914,108.68112423465904,107.54794985692187,107.9319193335836,41115200
2016-11-14,107.35128784179688,108.57811107637376,106.78938772452116,108.475095221296,35906000
2016-11-15,108.8403091430664,109.21491152886128,108.00682258576958,108.16602627762488,31796600
2016-11-16,109.48648834228516,109.56140309682428,108.3252203351088,108.3252203351088,16538100
2016-11-17,110.2825164794922,110.30124338233271,109.20553737004496,109.43029592886008,20598600
2016-11-18,109.8704833984375,110.60095427428529,109.76746754210536,110.41365661456194,16428700
2016-11-21,111.01300048828124,111.11601632864192,110.10459197507156,110.14205293019786,20268500
2016-11-22,111.35015869140624,111.6217452982205,111.078572084592,111.45317454726504,18850600
2016-11-23,110.900634765625,111.1066664781942,110.4136565636005,110.984923713925,22926000
2016-11-25,111.25653076171876,111.30335161275596,110.90065514010102,111.03176495492366,7162800
2016-11-28,111.003662109375,111.51874144410216,110.89128635994253,111.11604500375596,13479000
2016-11-29,111.38760375976562,111.92140987080504,110.78824276298263,111.10665016660944,18553000
2016-11-30,110.0390625,111.565559262925,110.00160153622323,111.52809829914824,30405300
2016-12-01,108.1379165649414,110.01092107558054,107.96934587318609,110.0015540524427,39796600
2016-12-02,108.35334777832033,108.78414526114402,107.9038305322532,108.2035110779472,32876800
2016-12-05,109.19619750976562,109.62698783171864,108.41889866702653,108.915251027595,21419700
2016-12-06,109.45840454101562,109.64570931927932,108.99952033792628,109.50523252181824,27293300
2016-12-07,110.84442901611328,110.98490581065413,108.9058692573002,109.23364368126444,26622400
2016-12-08,111.0411148071289,111.32206844969,110.67587935876826,110.89127810405816,18578400
2016-12-09,111.91205596923828,111.94951692904849,111.44380468903226,111.45317171522169,21863100
2016-12-12,111.40635681152344,111.64048247911953,110.94747250362067,111.41572383881282,23259300
2016-12-13,112.81110382080078,113.41983194778824,111.74349141436952,111.74349141436952,54477900
2016-12-14,112.57699584960938,113.31683388692616,112.24922131281056,112.9515983823576,28746000
2016-12-15,112.7549057006836,113.41982163758314,112.45522517778596,112.72681176805996,22762300
2016-12-16,112.33692169189452,113.25741133880254,112.11149843459964,113.0319809154315,26283900
2016-12-19,112.79718017578124,113.4922466716502,112.28997956085028,112.449654093924,21138700
2016-12-20,113.22924041748048,113.43587423423692,113.02259943464747,113.15409693898184,11461800
2016-12-21,113.14470672607422,113.35134771715023,112.89110643362068,113.27620423565408,7079300
2016-12-22,112.82536315917967,113.1822839645082,112.38390414154246,113.15410694909768,16645000
2016-12-23,112.9005126953125,112.94747917054644,112.53419711993752,112.63751763258972,9007500
2016-12-27,113.48284149169922,114.14032901795886,113.09774370234044,113.14470300217238,16110600
2016-12-28,112.59991455078124,113.83036563192988,112.52477824382548,113.72704514803014,17975200
2016-12-29,112.44023895263672,112.8347314331066,112.08331820831768,112.57173644612668,13267500
2016-12-30,111.28495025634766,112.66567408358372,110.96559404842876,112.65628652311308,41749000
2017-01-03,112.28054809570312,112.7032175252084,111.67002001280392,112.02694070514003,22307600
2017-01-04,112.89109802246094,113.0977389981408,112.39328503527378,112.40267259520374,19749100
2017-01-05,113.52977752685548,113.6049138196622,112.80653427575288,112.80653427575288,20644300
2017-01-06,114.5254364013672,114.82600315775464,113.3607411161254,113.65191314591664,24074300
2017-01-09,114.90113830566406,115.10777927933408,114.54421038166086,114.61935385682746,18909200
2017-01-10,115.15474700927734,115.50228023281475,114.68511100421009,114.94810602047548,16176600
2017-01-11,115.46471405029295,115.46471405029295,114.60997304021136,115.2017190213685,20686000
2017-01-12,115.2862548828125,115.36139837023784,114.21548526827225,115.05143685916634,19622500
2017-01-13,115.68075561523438,115.878001896884,115.34261708495576,115.34261708495576,16930800
2017-01-17,115.3332290649414,115.55865237621144,114.99509051499744,115.38018837316382,14538500
2017-01-18,115.56802368164062,115.6807388974701,115.21110291396184,115.50227493059252,12499700
2017-01-19,115.51168060302734,116.1409911607056,115.26746786195926,115.73710388997176,12710700
2017-01-20,115.76529693603516,116.31007652382816,115.45533539476553,116.01889727320606,22091000
2017-01-23,115.85920715332033,116.02827641074228,115.12657609318413,115.69013789589832,17434200
2017-01-24,116.63880157470705,116.81726555447374,115.88738108039374,116.08462734778368,17640900
2017-01-25,117.81288146972656,117.84105848177263,117.26810201658124,117.37142250480107,15036200
2017-01-26,117.93497467041016,118.1791873651124,117.72833371074483,117.9725464054471,16052200
2017-01-27,118.1604461669922,118.27315424521775,117.77534112351287,118.18862318654858,15053000
2017-01-30,117.23991394042967,117.76590389185496,116.59181406022668,117.76590389185496,25006700
2017-01-31,117.00511169433594,117.03328870750865,116.3288347138847,116.8266477228067,19091100
2017-02-01,117.81288146972656,118.04769945821234,117.27749674262203,117.83166375573184,22861900
2017-02-02,117.70956420898438,118.0664849814817,117.27749995825292,117.6062437179316,15101400
2017-02-03,118.0477066040039,118.1698093856203,117.7189628334392,117.83167088844613,16957200
2017-02-06,118.18858337402344,118.20736565870804,117.7377297147592,117.8504449210942,11630100
2017-02-07,118.62067413330078,118.86488688531736,118.32010734854092,118.43281541402747,17541100
2017-02-08,118.81790924072266,118.98697848913118,118.23555801485402,118.4609884567832,12569100
2017-02-09,119.24996185302734,119.51295684350328,118.87425165260056,118.94000040021956,17542700
2017-02-10,119.64444732666016,119.81351654863968,119.30630888270116,119.51294983912896,13915700
2017-02-13,120.32076263427734,120.47103527895295,119.96383464734345,120.01079395304488,19120200
2017-02-14,120.72463989257812,120.7340274538489,119.98261408578097,120.36771191412436,16333500
2017-02-15,121.43846893310548,121.49483729135268,120.57434042463906,120.64009634318424,17891400
2017-02-16,121.4009017944336,121.75782972835798,121.09094032531289,121.51360984424012,15098300
2017-02-17,121.92688751220705,121.9362894041286,121.20364410971112,121.22243356140191,15563700
2017-02-21,122.52803802490234,122.60318150996828,122.09598090096614,122.16172249280238,18479600
2017-02-22,122.57503509521484,122.65956616245916,122.20871947166488,122.41536052414516,12110900
2017-02-23,122.11475372314452,122.76285372899648,121.62634257764644,122.76285372899648,17489000
2017-02-24,122.34955596923828,122.34955596923828,121.52300641989714,121.56057099080492,18624500
2017-02-27,122.49986267089844,122.50925023210114,121.91751856893248,122.12415957262772,12008700
2017-02-28,122.12415313720705,122.52803322995756,121.78601463372004,122.47167920140204,16598600
2017-03-01,123.4578857421875,123.68330179806377,122.66890088232046,122.90371882862492,25813800
2017-03-02,122.83799743652344,123.44851853558576,122.68771046894828,123.4297434137544,19951400
2017-03-03,123.06340789794922,123.10097246766416,122.42469555558168,122.75344645223213,13722700
2017-03-06,122.79100799560548,122.99764895432396,122.30259694059036,122.65951050661656,12026200
2017-03-07,122.58436584472656,123.11975768678616,122.36833732894958,122.5468012763028,15500900
2017-03-08,122.80043029785156,123.18552093751424,122.53743527616076,122.65953089413264,15776000
2017-03-09,122.89436340332033,123.06343984130366,122.23687577150832,122.77226777094089,20855300
2017-03-10,123.41094970703124,123.60820313669558,122.87557211020562,123.45791617429929,21922600
2017-03-13,123.6175765991211,123.6457536098377,123.29822758956482,123.3639691705196,10731600
2017-03-14,123.31703186035156,123.38278778900278,122.81921877714072,123.33582131598838,14019700
2017-03-15,124.0778579711914,124.36903004741728,123.17615039215268,123.57064297918345,22709100
2017-03-16,123.99327087402344,124.31263419317902,123.71150078675518,124.31263419317902,18457300
2017-03-17,123.94996643066406,124.27938668011844,123.88407376359788,124.14761570794492,21234500
2017-03-20,124.0629653930664,124.34533599406348,123.73354499354096,123.91236582427256,10105200
2017-03-21,122.18047332763672,124.6464794100232,122.10517356822544,124.5335369518866,35841900
2017-03-22,123.00878143310548,123.1311453623761,122.05813434316627,122.21815534081104,29177900
2017-03-23,122.69817352294922,123.1876148711876,122.4911027356931,122.84877307040156,20311700
2017-03-24,122.95230865478516,123.57350665555391,122.481695839739,123.09348675451366,22967600
2017-03-27,123.14996337890624,123.3664556239068,121.7945961143983,122.0769666881648,18472400
2017-03-28,123.90296173095705,124.2700392125337,122.87702907244346,123.14997823075814,23721900
2017-03-29,124.47706604003906,124.52413018503611,123.85585379478344,123.98762478359882,13710000
2017-03-30,124.68418884277344,124.81595988660182,124.31711133768248,124.4300538432592,16092400
2017-03-31,124.59947204589844,124.93831389762455,124.36416560336544,124.50534372409903,19841400
2017-04-03,124.52411651611328,125.00413627368631,123.82760458771013,124.70295163029512,23700300
2017-04-04,124.72179412841795,124.7406226610192,124.11941034283925,124.16647449336116,13400000
2017-04-05,124.21355438232422,125.63479999160631,123.97824796186244,124.90064510872268,32011200
2017-04-06,124.27944946289062,124.6088842407258,123.95943613480088,124.33593507546476,18832200
2017-04-07,124.21355438232422,124.5900389102774,123.77117716289894,124.2417900038225,16743100
2017-04-10,124.26060485839844,124.7782817988138,123.92176307575951,124.3359046280918,15619300
2017-04-11,123.72415924072266,124.33596477972654,122.8299973812226,124.1477080834364,33778400
2017-04-12,123.22525787353516,123.80881316886271,123.09348685968816,123.70527777498556,15955200
2017-04-13,122.73580932617188,123.78057028967464,122.71699515527094,123.05583693700056,23683000
2017-04-17,123.75230407714844,123.77113260535708,123.03697798676872,123.08404212631083,13325500
2017-04-18,123.56410217285156,123.92177251565045,123.25349598494154,123.33820284656328,12841100
2017-04-19,123.7617645263672,124.51473354850717,123.59233644301123,124.10060633111556,17764800
2017-04-20,124.7970962524414,125.0700597134435,124.07236289618086,124.2606051398594,21977900
2017-04-21,124.76888275146484,124.95712502851264,124.44886944428708,124.91007523072454,22454900
2017-04-24,126.27482604980467,126.39717560789786,125.93598426977267,126.15246212974904,22469900
2017-04-25,127.18781280517578,127.41369774487684,126.57600758224056,126.68896441405316,19384400
2017-04-26,127.00897979736328,127.5454709001721,126.93368002887108,127.2348647408776,25398500
2017-04-27,127.77137756347656,127.77137756347656,127.24429351564078,127.3195932884692,16136500
2017-04-28,127.99727630615234,128.3266966535862,127.79020552229652,128.27963250053477,22771900
2017-05-01,129.1361541748047,129.30558225722754,128.36435662277273,128.42082786292588,24815500
2017-05-02,129.35263061523438,129.40911621672467,128.96673902447853,129.29615937570733,18345100
2017-05-03,128.9385223388672,129.1079360823261,128.5902590407038,129.06087192182127,23827600
2017-05-04,128.98558044433594,129.35265794076946,128.53379607071767,128.9197021049588,14630100
2017-05-05,129.45616149902344,129.45616149902344,128.83496352390088,129.31498340512348,19330700
2017-05-08,129.7385711669922,129.7385711669922,129.25855114103604,129.52209323708652,13279900
2017-05-09,130.1903076171875,130.48208520088366,129.82321591413208,129.93617273121075,28426100
2017-05-10,130.26560974121094,130.3126738908743,129.8044184156113,130.26560974121094,20499400
2017-05-11,130.16209411621094,130.19975118644305,129.30558965494768,129.9079735209833,27232100
2017-05-12,130.45388793945312,130.48212356153377,130.10562466385102,130.21858151413807,19738600
2017-05-15,130.8679962158203,130.94329598444284,130.38797634805934,130.51034026731625,20481300
2017-05-16,131.41392517089844,131.43275370589498,130.820962757167,131.206854371829,21786000
2017-05-17,128.07257080078125,130.61387697923763,128.053742267944,130.36914913824063,55642200
2017-05-18,129.1926727294922,129.625642999173,127.88436919293552,128.02556170699103,41319900
2017-05-19,129.7385711669922,130.28448389794448,129.56915740323134,129.65386428511175,36730100
2017-05-22,130.8303985595703,130.89629126553885,129.98330100433122,130.0303508092033,19509700
2017-05-23,130.96206665039062,131.22560854314003,130.62322502229046,131.21620146195474,19687500
2017-05-24,131.56454467773438,131.63043737923232,130.99039634996998,131.35747384726417,15891900
2017-05-25,132.68460083007812,133.02344268912228,131.78101775197177,132.06338836150286,23928600
2017-05-26,132.9198760986328,132.9763473348994,132.53397016819457,132.71280532434704,13851600
2017-05-30,133.03280639648438,133.19281300525063,132.76926441005045,132.85397125669826,20306400
2017-05-31,132.9857177734375,133.5033945664958,132.3080487630212,133.5033945664958,33229400
2017-06-01,133.50344848632812,133.55991972984074,132.69399381806394,133.25873497711868,20120700
2017-06-02,135.02821350097656,135.05644911638225,133.75755335987742,133.9740311986412,37222900
2017-06-05,134.99998474121094,135.23529114788136,134.81174248826727,135.0188132750943,15727500
2017-06-06,134.46348571777344,135.28234736914317,134.26582202849673,134.83997020158512,22393000
2017-06-07,134.9906463623047,135.10358889916333,134.21884842381968,134.84004673851277,18842400
2017-06-08,135.1317596435547,135.34823749956445,134.39759049863576,135.29176626425428,25417400
2017-06-09,131.75277709960938,135.44238033398295,129.99268953444243,135.29179512834963,109783700
2017-06-12,131.0468292236328,131.28213561098644,129.39027742696965,130.6421091311264,104454000
2017-06-13,132.11044311523438,132.2986853875276,131.09391761049326,131.7810083672477,51193000
2017-06-14,131.5363006591797,132.6469401681399,130.4727109488973,132.6469401681399,60093800
2017-06-15,130.95274353027344,131.09392164835063,129.4091338707803,130.2091671431597,55145200
2017-06-16,130.3845977783203,130.9791901552511,129.90327000719654,130.8848053839276,48087400
2017-06-19,132.564697265625,132.6873801243226,131.45101801786583,131.64922017589552,39626500
2017-06-20,131.52651977539062,132.6024393477919,131.47932741497837,132.4325641316116,40935100
2017-06-21,132.8289794921875,132.89503728855462,131.74361259905447,131.82855022342187,35743400
2017-06-22,132.79124450683594,133.28201931839732,132.45147954515377,133.03663911316258,24099100
2017-06-23,133.3009033203125,133.4707786059223,132.27216128678114,132.64023880669475,21654300
2017-06-26,132.677978515625,134.29185109055507,132.38540596701722,134.06535074380852,34411100
2017-06-27,130.27134704589844,132.3382496801002,130.26191432924196,132.17780709037555,65957800
2017-06-28,132.14944458007812,132.26269474151786,129.9976051061909,130.75262538390743,57427200
2017-06-29,129.85604858398438,131.60206565537692,128.5913735771753,131.60206565537692,88769400
2017-06-30,129.9032440185547,130.87534648411076,129.478541434754,130.2241291351071,68898300
2017-07-03,128.5347442626953,130.6488243476134,128.44980663094566,130.49782891375534,32797000
2017-07-05,129.79942321777344,130.14862087087164,128.5064356688717,128.9405709563304,42116600
2017-07-06,128.6291046142578,129.35582678752746,128.16665683215936,128.80842697918962,48430500
2017-07-07,130.0164794921875,130.36569151583973,129.05382425143293,129.06325696517337,36970400
2017-07-10,130.8658905029297,131.17734284930208,129.77109093406105,130.10142310778323,24853500
2017-07-11,131.23399353027344,131.39443609132266,130.18638612487658,130.67716092408642,31517700
2017-07-12,132.79124450683594,132.94225435671513,132.0928491530556,132.3571091897982,36045800
2017-07-13,133.08380126953125,133.40470076264955,132.69685837671634,132.95167126686732,31073600
2017-07-14,134.1314239501953,134.30131363085806,133.25370620356202,133.6784088035811,34544800
2017-07-17,134.19744873046875,134.66934354172938,133.9426215000837,134.27295362840087,25343200
2017-07-18,135.0940704345703,135.12238297628167,133.6783857446449,134.10308827140466,25748500
2017-07-19,135.8868408203125,136.0850429994018,135.4338257837934,135.49045086322224,33752300
2017-07-20,136.06617736816406,136.321004653268,135.45271974223257,136.2360670252633,36139400
2017-07-21,136.00953674316406,136.00953674316406,135.2922617423708,135.5659544239231,39697100
2017-07-24,136.63246154785156,136.7268318928405,135.8302344094489,135.99067695691136,26712700
2017-07-25,136.28321838378906,136.60411780651714,135.91514099988623,136.1794009472479,28120900
2017-07-26,136.7268524169922,136.80235734497165,136.405967273899,136.62303494115704,18610600
2017-07-27,135.8679962158203,137.75557595851745,134.30130157311996,137.62344595257227,80665900
2017-07-28,135.75474548339844,135.9812602600157,134.83926806273857,135.05635012407294,38013200
2017-07-31,135.1790008544922,136.31154566584854,134.88642833834305,136.14167042463498,33848600
2017-08-01,135.490478515625,135.67923361927384,135.0752086469428,135.64148835898058,20149400
2017-08-02,135.8585662841797,136.39653349141545,134.59389115287468,136.36822094378118,41769700
2017-08-03,135.33004760742188,136.0662026557885,135.08466739166386,135.99069772761084,27112800
2017-08-04,135.57540893554688,135.8774286061818,135.01857636904057,135.63204842460885,29472900
2017-08-07,136.43426513671875,136.43426513671875,135.63205236533156,135.8208074644173,17933900
2017-08-08,136.1983184814453,137.29311822425225,135.81136116528393,136.17000593646677,30810400
2017-08-09,136.01893615722656,136.08500833378824,134.76369441231725,135.07514667092644,36169500
2017-08-10,133.10264587402344,135.3394226132747,132.97051590632685,135.24505229411227,63331700
2017-08-11,134.11253356933594,134.40510609711637,132.97997431186585,133.28199395414833,45862500
2017-08-14,135.83970642089844,136.04734140146758,135.14131094179726,135.17905621049414,34161000
2017-08-15,135.9340362548828,136.1888635191524,135.5659588291995,136.17941640497546,25509200
2017-08-16,136.16998291015625,136.81176742368993,135.7169678660133,136.27380035788573,31913000
2017-08-17,133.3858184814453,135.8491105152555,133.3858184814453,135.6414756004447,70191000
2017-08-18,133.29144287109375,134.20692022155458,132.74404300372916,133.46133254080252,60751900
2017-08-21,133.12152099609375,133.57453595489653,132.30041428197418,133.28196349398044,37111500
2017-08-22,135.1507110595703,135.29228818549706,133.79165129678336,133.83884367209228,36294200
2017-08-23,134.66937255859375,134.97137781430771,134.3768000167462,134.47117035867998,25702300
2017-08-24,134.27293395996094,135.12233873537363,133.51789949232483,134.9713289616295,38160800
2017-08-25,133.9898681640625,135.13184600551875,133.81054575893484,134.79209542876225,26380400
2017-08-28,134.40509033203125,134.71654265119471,133.9709407474462,134.3956432186373,15362100
2017-08-29,134.93359375,135.16010842745584,133.13095224476402,133.2536494951883,24498300
2017-08-30,136.51918029785156,136.74569502012102,134.96193298537878,135.0468706058216,33642700
2017-08-31,137.98202514648438,137.99147225839278,136.83060077830606,136.9061056681472,38480700
2017-09-01,137.7933349609375,138.3501675843121,137.42525745044168,138.1614124714333,22293600
2017-09-05,136.55697631835938,137.6800887136039,135.52824868280138,137.38751612010506,44794300
2017-09-06,136.97225952148438,137.28371197738613,135.9812770529049,136.90618730306863,30722700
2017-09-07,137.29310607910156,137.6423037036737,136.7928986272751,137.22703387926913,22721100
2017-09-08,136.10394287109375,137.1798627419641,135.96236575058236,137.11379053884068,27890100
2017-09-11,137.670654296875,137.90660181676466,137.1327014400953,137.17044670679638,27126300
2017-09-12,138.00091552734375,138.18023785430034,137.34969840359037,138.05754059878555,30256700
2017-09-13,138.18968200683594,138.20856183257507,137.53846482916703,137.76497953477414,28450900
2017-09-14,137.3780059814453,138.06696832760036,137.29306837734794,137.6517130183179,35296400
2017-09-15,137.84991455078125,138.3501219152842,137.1231924849405,137.3497071862783,46422400
2017-09-18,137.66929626464844,138.4448904125246,137.2531174587876,138.00980488466075,24858200
2017-09-19,137.9057159423828,138.1043374879808,137.44224161497485,137.9151693003516,20871200
2017-09-20,137.4801025390625,138.00977930923247,136.42073456611303,137.85843896558117,34236200
2017-09-21,136.63832092285156,137.39499393759493,136.15592527844817,137.38554057632504,28841800
2017-09-22,136.50587463378906,136.7044962093594,136.06132138784238,136.2031939418212,21702400
2017-09-25,135.06817626953125,136.04240633750294,134.40608026692092,135.9667361611174,54947700
2017-09-26,135.41812133789062,136.0140148823153,134.94519361885102,135.7586298729035,29628800
2017-09-27,136.63832092285156,137.1490766510646,135.79650992622885,136.13700412329578,33249400
2017-09-28,136.5910186767578,136.7328912520403,135.9951249953475,136.3072590935809,24149400
2017-09-29,137.5746612548828,137.6787059233219,136.50585449648958,136.86526972441837,43102400
2017-10-02,137.6977081298828,138.25575966519494,137.08289311532835,137.78283169982203,27351300
2017-10-03,137.99090576171875,138.15169952008972,137.57472688941064,137.8774076811309,19715200
2017-10-04,138.12322998046875,138.41644277535303,137.59355339195457,137.72597253908313,26381100
2017-10-05,139.475830078125,139.55148580207666,138.48267911813178,138.6245516412994,31562400
2017-10-06,139.6650390625,139.6650390625,139.0029430399129,139.0029430399129,23561100
2017-10-09,139.5041961669922,139.99603050604048,139.32448136008364,139.8447046346595,13704800
2017-10-10,139.6082763671875,140.11903198242769,138.9934616379322,139.97715943169692,19223100
2017-10-11,140.0244598388672,140.05284878551112,139.3623637904229,139.54207866770307,12439100
2017-10-12,139.76901245117188,140.31761014219524,139.62712552632246,139.81630809278835,14513500
2017-10-13,140.30819702148438,140.46899071954635,139.77852026725452,140.3365715309889,18409900
2017-10-16,140.7906036376953,140.8284315091445,140.35550373667337,140.65818443870782,21809400
2017-10-17,140.97030639648438,140.98922754882662,140.52576756101976,140.74331029881913,13138200
2017-10-18,140.80007934570312,141.1311346120233,140.5919899381783,141.11221345699036,17218200
2017-10-19,140.27981567382812,140.29873682344518,139.29613238286797,139.97714944299747,27680300
2017-10-20,140.65821838378906,140.9703380882469,140.48795683965287,140.84738665190747,30173300
2017-10-23,139.74070739746094,140.96085473494372,139.54207137700016,140.95140137496392,29297100
2017-10-24,139.9771728515625,140.27038577292322,139.4569493946592,140.01500072451418,20289500
2017-10-25,139.447509765625,140.15690159578142,138.40707707429718,139.70289486561316,36179100
2017-10-26,139.0029754638672,139.71236731767186,138.96513314940032,139.36239085561724,28230200
2017-10-27,143.0512237548828,143.3160622008858,141.12167001101787,141.3392127846747,60165100
2017-10-30,143.37278747558594,143.94975994432485,142.81473615917253,142.94715536023014,31733400
2017-10-31,143.91192626953125,144.12001565975874,143.42009174045842,143.8362705209134,26319300
2017-11-01,143.86465454101562,144.55512514551614,143.297135360602,144.48890832033587,29481600
2017-11-02,143.59031677246094,143.76057826223226,142.60663343276912,143.70381481056907,31017400
2017-11-03,144.97128295898438,144.99018967834445,143.61870202900894,144.11055095196457,26199200
2017-11-06,145.46315002441406,145.5199134930365,144.81052167769693,144.8578029192955,28693900
2017-11-07,145.54823303222656,145.73740122500544,145.03746303585478,145.34959704861356,21333100
2017-11-08,146.13467407226562,146.17250194174198,145.30231661769082,145.47257811185818,17373500
2017-11-09,145.36854553222656,145.44421571008846,143.87409199282837,144.9334456176734,40594500
2017-11-10,145.3590850830078,145.4725975718405,144.77265921571592,145.02804427482525,20150800
2017-11-13,145.53878784179688,145.7279704965615,144.8104894648719,144.8104894648719,12522400
2017-11-14,145.0091094970703,145.18882435761006,144.30918563931775,145.02803064886663,25173800
2017-11-15,144.32810974121094,144.71591402038652,143.56196897620325,144.38485877082456,24808000
2017-11-16,146.1725311279297,146.5035863905398,145.02805383198168,145.05642834790686,34790600
2017-11-17,145.6144561767578,146.31439446575385,145.47258362008768,146.2103497799924,28725800
2017-11-20,145.5009307861328,145.85089264855435,145.292841453718,145.7184734763456,21143900
2017-11-21,147.08055114746094,147.14676796952173,146.12524215246842,146.1914445419176,20147800
2017-11-22,147.2602996826172,147.40217228715497,146.92924436187587,147.2130040035663,17299000
2017-11-24,147.79937744140625,147.84667310363446,147.32644968434383,147.4115876493985,8280600
2017-11-27,147.7332000732422,148.08316205428568,147.39269145320097,147.75212122785896,22653400
2017-11-28,148.1115264892578,148.20611782329158,147.26971557375782,148.06423082224094,25227300
2017-11-29,145.52932739257812,147.97908966677053,144.82938912883336,147.94126179722656,71986300
2017-11-30,146.7494659423828,147.03322546129016,145.80361050109744,146.14411903726452,56595500
2017-12-01,146.12522888183594,146.83462054320285,144.0159606172256,145.8509226905123,59015800
2017-12-04,144.44161987304688,147.20351658580822,144.29973286871925,147.04272286032614,51319100
2017-12-05,144.53619384765625,146.1819878092687,143.86464444499362,144.4132279995865,40604200
2017-12-06,145.1887969970703,145.4158074780161,143.82676297661027,143.99702444547145,28647800
2017-12-07,145.68069458007812,146.09687338479753,145.02805185746013,145.17939222874213,32666200
2017-12-08,146.32382202148438,147.1088837060388,146.09682597084236,146.74945404904562,28081700
2017-12-11,147.45887756347656,147.50617322849018,146.38060279117462,146.39007058374372,20821500
2017-12-12,147.2602996826172,147.6953852916096,146.94816552001922,147.39271892439075,20310300
2017-12-13,147.54400634765625,148.01693410312748,147.32644918866046,147.85614039818043,24418500
2017-12-14,147.43994140625,148.17770744880903,147.27914772339562,147.79935663685072,24594700
2017-12-15,149.11412048339844,149.27492862630027,147.77100734512993,148.01693902301966,49816200
2017-12-18,150.36434936523438,150.4875723839788,149.82409163457737,150.0989570654738,26844500
2017-12-19,149.4733123779297,150.2315819300714,149.05626340111232,150.0799251270853,31415000
2017-12-20,149.31222534179688,150.02310053937268,148.7245731398946,149.99466668849306,38972600
2017-12-21,149.33116149902344,149.99464201506277,149.16054395901872,149.52072529463604,18638700
2017-12-22,149.16055297851562,149.21742067435903,148.76246464482028,149.10368528267222,23330400
2017-12-26,148.3549041748047,148.5444679831475,147.81463213509653,148.32647032669283,21918700
2017-12-27,148.3739013671875,148.77200430300175,148.23173207782273,148.36442823549532,22388200
2017-12-28,148.55392456054688,148.87619890789435,148.37383390070883,148.84775060016054,25393800
2017-12-29,147.63455200195312,148.71508169576907,147.5776843016669,148.68664784562597,33186000
2018-01-02,150.22215270996094,150.2600596903924,148.02317181231658,148.39282633839383,32573300
2018-01-03,151.68177795410156,151.81447405168544,150.33585626066807,150.36429010566533,29383600
2018-01-04,151.94717407226562,152.40213006675788,151.72917643406169,152.20309314663828,24776100
2018-01-05,153.47320556640625,153.5774678346611,152.38320277693543,152.66755573242978,26992300
2018-01-08,154.0703582763672,154.14618670172524,153.41635076259814,153.47321846591836,23159100
2018-01-09,154.07981872558594,154.5347747774991,153.61538954483012,154.37364481042138,24782400
2018-01-10,153.7196502685547,153.74809858305758,152.71494894070165,153.39739030731755,34004000
2018-01-11,154.77174377441406,154.78123136669927,153.74809620312902,153.98505460556953,20473500
2018-01-12,155.90916442871094,156.07029441588074,154.44001935854706,154.63905632860636,37762700
2018-01-16,155.46368408203125,157.73847912655555,154.99924037270677,156.94230230725148,41231800
2018-01-17,157.14137268066406,157.37833115078334,155.44475639824088,156.20302639518198,33849900
2018-01-18,157.16976928710938,157.52993620847784,156.52523493981045,156.8948894530521,26432200
2018-01-19,157.66261291503906,157.9185319966287,156.90434326097505,157.63417906850586,38937600
2018-01-22,159.34976196289062,159.34976196289062,157.42566113216887,157.6057518096005,26081400
2018-01-23,160.667236328125,160.80942001748102,159.7667974800306,159.84262588846244,37989700
2018-01-24,159.6246795654297,161.35921700105814,158.70527970398518,161.0085086914755,54287400
2018-01-25,159.56776428222656,160.78098991983535,159.05592612907853,160.72412222788344,28925000
2018-01-26,162.01321411132812,162.03217483569614,160.14599495073713,160.45876735743664,32038200
2018-01-29,161.22650146484375,161.9942443683194,160.88528078965535,161.67198441475065,37277800
2018-01-30,159.89956665039062,160.58200817535106,159.0654827020586,159.75739735885583,44987700
2018-01-31,160.56300354003906,161.12223634700266,159.55830225382223,160.79996193632766,42449200
2018-02-01,159.19815063476562,160.8758058286026,158.6863123503996,159.3308467709357,38037900
2018-02-02,156.0228729248047,158.95167496706958,155.8901768133918,158.5725473524017,68478100
2018-02-05,149.87139892578125,157.10337173700069,149.75766355623597,154.56318539856508,105372200
2018-02-06,153.84286499023438,154.03242881236292,147.00899302492982,147.68194676290503,118537900
2018-02-07,151.85244750976562,155.01820868152672,151.8429599163229,153.35001206863618,91028300
2018-02-08,145.44505310058594,152.41163537022285,145.44505310058594,152.24101781321542,94184800
2018-02-09,147.956787109375,149.03731651619117,142.29822102918837,147.50181670234494,113836600
2018-02-12,150.5823211669922,151.60598320251285,148.2980531559696,149.4733575775431,63050600
2018-02-13,151.3595428466797,151.6628420638976,149.4923095846448,149.71979484465243,31785600
2018-02-14,154.1935272216797,154.43048556653434,149.75767394813963,150.4685489827036,52107400
2018-02-15,157.05596923828125,157.05596923828125,153.9660379986173,155.57735165779437,51633900
2018-02-16,156.35464477539062,158.0607337697845,156.08923804845594,156.54420861223508,62256300
2018-02-20,156.66741943359375,157.98490764362418,155.73854649557074,155.80490179396935,36785600
2018-02-21,156.22193908691406,158.9706507099989,156.12714994289342,157.43516492385564,41161800
2018-02-22,156.20291137695312,157.73839650459394,155.80482317581613,156.9042986758574,37074400
2018-02-23,159.39715576171875,159.39715576171875,156.81904752024204,157.46358181200682,50096900
2018-02-26,161.51083374023438,161.51083374023438,160.01326943433412,160.14596555496297,39266700
2018-02-27,159.51092529296875,161.8236418101301,159.4351113250437,161.5582495340094,42209900
2018-02-28,158.4872589111328,160.94214440661983,158.38299663906076,160.42083304625956,42936300
2018-03-01,155.899658203125,159.30239163822753,154.49686859916835,158.57255575538582,76809900
2018-03-02,157.3308563232422,157.6057216194973,153.5110892412144,154.0229128649541,57445100
2018-03-05,159.0749053955078,159.4824668772119,156.00391950691306,156.59158613878256,38540200
2018-03-06,159.7478790283203,160.28815115779622,158.74317766065695,159.85214130965107,29480900
2018-03-07,160.1175079345703,160.2502185102771,158.25028922526062,158.52515457958796,34609400
2018-03-08,160.9990234375,161.11275884674902,160.13649134991192,160.78102574884153,25828400
2018-03-09,164.12686157226562,164.12686157226562,161.90893452845475,162.14589291679673,38310500
2018-03-12,164.99893188476562,165.3780596707614,164.2406618499761,164.61031650330128,37635000
2018-03-13,162.75253295898438,166.06995094910576,162.3354838118934,165.3780219265254,55638900
2018-03-14,162.7240447998047,163.7287604367043,162.013169690261,163.60553745629025,40536400
2018-03-15,162.58189392089844,163.52972750731436,161.9847541333627,162.8378130388127,28810400
2018-03-16,162.0985107421875,163.2169474785479,162.02268231658442,162.85678053542495,31176700
2018-03-19,158.63998413085938,160.65264708396413,157.2538953609083,160.53872713907427,71395100
2018-03-20,159.1620635986328,159.53231775860004,158.17472400080482,158.7063695139625,34075700
2018-03-21,158.4690704345703,160.21591031275807,157.7760333770978,158.74439624954746,43863500
2018-03-22,154.5576934814453,157.3773281847875,154.35831907909588,156.27605369409443,66607300
2018-03-23,150.48486328125,155.03236063774952,150.40891182692076,154.37729201963617,80110400
2018-03-26,156.07664489746094,156.26653075738153,151.10194827069787,153.53233662060612,57481500
2018-03-27,151.02598571777344,157.23486754614297,149.69685722735747,157.23486754614297,78889100
2018-03-28,149.28866577148438,151.69057446569562,148.13991990256375,150.16208579790126,89369700
2018-03-29,152.0228271484375,153.5228355037262,148.7000276805369,150.09560461595564,68692600
2018-04-02,147.63670349121094,151.65255391763247,146.0892383551028,150.9405255494909,85549400
2018-04-03,149.29815673828125,149.92474540440995,146.62093664358684,148.92790243307056,64090000
2018-04-04,151.652587890625,152.11777059081768,146.2411594914853,146.41205387097497,65768700
2018-04-05,152.5164794921875,153.3994022526568,151.40571691192355,153.16205944953407,43054900
2018-04-06,148.70005798339844,152.33615245189097,147.9880293808903,150.8361437909228,59870900
2018-04-09,149.74429321289062,152.73482074314782,149.487973456835,149.98163597785137,41810400
2018-04-10,153.04811096191406,153.54177347012725,151.0164575259914,152.09873992669316,48296800
2018-04-11,152.16522216796875,153.79814187018226,151.99434229707123,152.0892707299291,41622100
2018-04-12,153.99752807617188,154.52917369717386,153.00068529366482,153.0861252356994,30467900
2018-04-13,153.2000732421875,154.99438478512062,152.53551609411215,154.7665448979287,44604900
2018-04-16,154.36773681640625,154.9278622530078,153.30443140152008,154.27279391795577,28180800
2018-04-17,157.6905517578125,158.0323259468159,155.61142664856305,155.9247208623373,35536100
2018-04-18,158.01332092285156,158.54496639656057,156.94052699366918,157.6905382404215,29573900
2018-04-19,156.56080627441406,157.5861288970138,156.01965774321363,157.21587471270735,34705700
2018-04-20,154.0829620361328,156.27600738075213,153.54181345174302,156.16208746246215,49197100
2018-04-23,153.6937255859375,155.4405653740719,152.86777715610094,154.8329682961879,33040600
2018-04-24,150.43734741210938,154.6620458124721,149.4215134051245,154.42470304294324,70256800
2018-04-25,150.6177520751953,151.24434061457575,148.54812957914405,150.7032065023883,52089300
2018-04-26,153.7886505126953,154.3013046021094,152.07027642073487,152.56395351568366,43005500
2018-04-27,153.88360595703125,156.08615454709528,153.010186011879,156.0481715789864,51043400
2018-04-30,152.79180908203125,155.2032056481879,152.41205189577263,154.2443459146138,35615300
2018-05-01,154.5386505126953,154.55764199379732,152.03231099868805,152.3930767083481,36513500
2018-05-02,153.62730407714844,155.28870421289528,153.4469211731801,154.80451547355722,38646800
2018-05-03,153.6082763671875,154.17789044479082,151.1588967206017,152.84877644412694,60337100
2018-05-04,156.52284240722656,156.88360813869977,152.82978861052226,152.94372301776755,41543200
2018-05-07,157.8235321044922,158.33618636889366,157.13048044105173,157.25390337848145,32500200
2018-05-08,157.6620635986328,158.0038232836421,156.51331820775644,157.49116926987494,26040200
2018-05-09,159.38046264648438,159.49438256986068,157.3867770698584,157.94690267480092,29122700
2018-05-10,161.03236389160156,161.14629830435564,159.76969825665134,159.8931211678611,27067600
2018-05-11,160.88046264648438,161.260205362008,160.17792268788403,160.8424796831784,24688800
2018-05-14,161.15577697753906,162.17161121439403,160.88995417441475,161.25071990133614,21821700
2018-05-15,159.37095642089844,159.96906497897382,158.52601653844195,159.8836250381792,49361600
2018-05-16,160.42477416992188,160.79502843428838,159.50388275845117,159.57983420835427,22941200
2018-05-17,159.8076934814453,161.02288774481733,159.0292019606479,159.864653449063,27480200
2018-05-18,158.98175048828125,159.74123606451644,158.7444076241431,159.19059888136476,26217900
2018-05-21,159.87411499023438,160.91842917466076,159.19056652156544,160.21588922456883,22954600
2018-05-22,159.66526794433594,160.87097362446306,159.38046812610355,160.60515080327465,19477700
2018-05-23,161.01339721679688,161.0323742149248,158.43110581810473,158.45008281623265,26557800
2018-05-24,160.9659423828125,161.2507567330026,159.34251072711066,160.9659423828125,27696500
2018-05-25,161.1272735595703,161.70639054347728,160.64309948564974,160.94689072234866,27460500
2018-05-29,160.41525268554688,161.31715242752367,159.45639298941964,160.39626120541178,41220500
2018-05-30,161.56399536132812,161.84880963884973,160.6526070567661,160.99438129254085,22665800
2018-05-31,161.4595947265625,162.53237451654763,161.04186900886603,161.56401166972924,35670900
2018-06-01,163.99436950683594,164.08929792536048,162.21903569401135,162.26650714640033,45543300
2018-06-04,165.47535705566406,165.5133255191568,164.30763486043824,164.412051756606,20459600
2018-06-05,165.98809814453125,166.26342397286297,165.25709257001398,165.86468970869214,24779300
2018-06-06,166.9563751220703,166.98485509154665,165.32345593625502,166.15890700423057,25036600
2018-06-07,165.5988311767578,167.02288814628852,164.7633942719543,166.98491966772062,39600300
2018-06-08,165.60833740234375,166.02606310604946,164.41212025332163,164.8203574587638,31780300
2018-06-11,166.0545196533203,166.4627423148968,165.45641116321488,165.48489114024326,22319700
2018-06-12,166.92791748046875,167.0893088245057,166.10196928267584,166.282337618068,22511800
2018-06-13,166.9185028076172,168.1716656451841,166.54823401863814,167.1843256666847,37858600
2018-06-14,168.6083526611328,168.88366397068955,167.56403841193816,167.68746131945846,35916000
2018-06-15,168.01971435546875,168.3520000767652,167.19376603018156,167.9722428972471,49615700
2018-06-18,167.9226837158203,168.06538840499113,166.4384968793943,166.96177160179127,31633200
2018-06-19,167.44699096679688,167.48504071351172,165.26828366510878,165.80106722269556,38236000
2018-06-20,168.63629150390625,169.33081208109036,168.065443525477,168.21767158869378,33038000
2018-06-21,167.1710968017578,169.23564042533826,166.8476086145721,169.06438026538538,43469400
2018-06-22,166.80001831054688,167.7989800706223,166.20062964069285,167.73238939467237,30073200
2018-06-25,163.0419464111328,165.5346324325362,161.55775988142082,165.28725833274464,77799700
2018-06-26,163.70799255371094,164.6498726433185,163.04199854953652,163.6413873463879,39008100
2018-06-27,161.48167419433594,165.14458261891463,161.3675104465816,164.40248922398766,52843500
2018-06-28,162.87074279785156,163.42255848627252,160.94890395435277,161.28190093577922,46407700
2018-06-29,163.308349609375,164.5166357096211,163.0704988150023,163.65085533396206,36408500
2018-07-02,164.4025115966797,164.45008467047194,161.42461428790406,161.77662890289173,31770000
2018-07-03,162.4996795654297,165.02089239525947,162.3379427534464,165.02089239525947,25512700
2018-07-05,164.5166473388672,164.64984321244071,162.7184957869936,163.555735287891,31626200
2018-07-06,167.0759735107422,167.19966061444674,164.59280973121645,164.8972658273305,37005600
2018-07-09,168.57920837402344,168.6172581309152,167.27579007079203,167.94176969590052,27362100
2018-07-10,168.70281982421875,169.08337529152146,168.12246330036274,168.8930975578701,23902500
2018-07-11,167.84654235839844,168.4649631176452,167.25667704959508,167.38034958763643,30280600
2018-07-12,170.73886108398438,170.73886108398438,168.4745163393994,168.58868010223097,27930100
2018-07-13,170.88157653808594,171.15747715470772,170.2536467684801,170.72934849989093,28049800
2018-07-16,170.47244262695312,171.20502725986535,170.18703324021325,170.9196033558627,21405300
2018-07-17,171.50946044921875,171.87098379668626,168.66475962978737,168.66475962978737,31034100
2018-07-18,171.1859588623047,171.67118375149244,170.66269875262654,171.52846457109496,23220800
2018-07-19,170.32974243164062,171.13844109479385,170.12995585564676,170.56759327171355,31094100
2018-07-20,170.29165649414062,171.4143052524112,170.10136424871297,170.84347206790855,35897300
2018-07-23,170.83395385742188,170.9100678544186,169.10240760684326,169.7874190625532,22184700
2018-07-24,171.5380401611328,173.20299615226392,170.83399640152513,172.59409854191225,36900300
2018-07-25,173.93556213378906,174.04020256253918,171.52849837549678,171.61413570751634,35026600
2018-07-26,171.3001708984375,172.12788714241992,171.07182887511777,171.57607147401075,40873500
2018-07-27,168.9882354736328,172.4989156819913,168.01781464061128,172.38475194099135,59456100
2018-07-30,166.60025024414062,169.09292251094698,165.80107487089546,168.99779088113996,60193000
2018-07-31,167.8751220703125,168.5220839121892,166.32434444583603,167.25671568547546,47285100
2018-08-01,168.5125732421875,169.01681590578653,167.54215218239193,168.26521357312942,37101900
2018-08-02,170.8054656982422,171.00526681675018,167.24721145484307,167.3233254753573,47178200
2018-08-03,171.32872009277344,171.33822890022984,170.37731672565494,171.1289189980827,28934400
2018-08-06,172.33721923828125,172.38479231392662,171.00526022379717,171.2145701428253,24808800
2018-08-07,172.96510314941406,173.28857675043997,172.45133729624527,172.8223839603069,29895700
2018-08-08,173.1744384765625,173.48840331805096,172.26108489066306,172.72727774934523,22680700
2018-08-09,173.0697784423828,173.75478998235724,172.81289548557683,173.0697784423828,18852900
2018-08-10,171.74734497070312,172.4133244439073,171.10038311297356,171.89955848081857,33818500
2018-08-13,171.55703735351562,173.16489661726288,171.48092335306575,172.06127990389257,26089200
2018-08-14,172.63214111328125,172.83194221150555,171.2906588577762,172.21352130158348,20913000
2018-08-15,170.52000427246094,171.80440449578785,169.46394606049,171.26209766279058,58528000
2018-08-16,171.08135986328125,172.19450005696288,170.74836287901388,171.8329621331598,27711800
2018-08-17,171.119384765625,171.5475133137641,169.60665712081155,170.63417434670214,36092600
2018-08-20,170.96713256835938,171.5665211612793,170.30115330803676,171.49991597661747,24939000
2018-08-21,171.59512329101562,172.6226407379396,171.37630456685332,171.48095952488995,26258700
2018-08-22,172.2610626220703,172.46086368346613,171.01472674159706,171.23354541473657,18042400
2018-08-23,172.01376342773438,173.20301785613788,171.72833946146434,171.95668153793358,25776200
2018-08-24,173.61203002929688,173.75474920169805,172.54646322487767,172.58451296049597,23136100
2018-08-27,175.38168334960938,175.38168334960938,174.2114613386833,174.48736191203926,29343600
2018-08-28,175.63853454589844,176.02861331808444,175.2674879013766,175.8478443984246,20277000
2018-08-29,177.66506958007812,177.76020120620612,175.876426608618,175.94301729518128,29175600
2018-08-30,177.35110473632812,178.40716305206467,176.7612247783472,177.322563796762,29315500
2018-08-31,177.5793914794922,178.08363398573417,176.94195311343648,177.1322308392761,28653200
2018-09-04,176.81829833984375,177.34155850915607,175.8668950978048,177.03711702067957,29063500
2018-09-05,174.534912109375,176.53286461307366,173.93553797207386,176.504323678786,42623300
2018-09-06,172.97463989257812,174.8203647052899,171.8044178426498,174.6110548079352,46091400
2018-09-07,172.30868530273438,173.7928724127277,171.67124671150725,171.728328597697,46629500
2018-09-10,172.8889923095703,173.39323484898486,171.94709790639897,173.2980887211757,26132000
2018-09-11,174.22096252441406,174.50638640946855,171.74732272755273,172.19448342677703,30116500
2018-09-12,173.7072296142578,174.08778515661783,172.21351935010475,173.9641125898457,36204000
2018-09-13,175.56243896484375,175.89543590622063,174.71569066073317,174.79180466211247,31133200
2018-09-14,175.04864501953125,175.96198377938032,174.3541103698714,175.68608329409992,31224100
2018-09-17,172.52745056152344,174.87741759636185,172.3657137616968,174.75373053644597,33071200
2018-09-18,173.95457458496094,174.8013229349284,172.58455152046025,172.67018884993817,31877300
2018-09-19,173.82138061523438,174.39222840413828,172.68920836150778,173.98311743472928,31843400
2018-09-20,175.74319458007812,175.98104537238365,174.6015136804637,175.02013339768308,33295800
2018-09-21,174.78228759765625,176.46626080285094,174.5634544100573,176.21890119800162,38605400
2018-09-24,175.26837158203125,175.33509663372172,172.79980645041883,173.51464292397816,34945600
2018-09-25,175.5066375732422,175.64007312348085,174.59164055490268,175.19210780266874,25277500
2018-09-26,175.6305389404297,177.2698982195646,175.2874168926251,175.65913123246477,36210600
2018-09-27,177.11744689941406,177.74650659066538,176.25010834420883,176.34542570714547,33113300
2018-09-28,177.0792999267578,177.546331698249,176.29775287826766,176.6218086168273,28076800
2018-10-01,177.4414825439453,178.73771999861006,176.99351716703563,178.1086603786876,27371300
2018-10-02,177.04115295410156,178.404100744337,176.63132038838347,177.28895767685776,25618600
2018-10-03,177.23178100585938,178.20396265043425,176.9553839774939,177.7845896059751,29128700
2018-10-04,173.82916259765625,176.63132373781573,172.5710434966114,176.51694001920336,80557300
2018-10-05,171.70375061035156,174.39154328713207,170.0643907954475,173.81014225343483,83325600
2018-10-08,170.6553497314453,172.1708000329793,168.63473478601026,171.1033152233538,66864500
2018-10-09,171.20809936523438,172.5329289992134,170.36935327981982,170.77918586212982,49097900
2018-10-10,163.67849731445312,170.24546158774407,163.4592848529792,170.14061831601543,114471100
2018-10-11,161.6483917236328,165.27021892408655,159.9423068648765,163.0018139641981,143084500
2018-10-12,166.1470947265625,166.6617706782216,162.91601934075894,166.0041186808771,102078400
2018-10-15,164.13600158691406,165.88018988735638,163.51646788049746,165.5656746185715,64885300
2018-10-16,168.91116333007812,169.32099609494293,165.55619203737527,165.86119603825335,71979700
2018-10-17,168.97781372070312,169.9023367721327,167.2431513491558,169.73078299024405,66987600
2018-10-18,165.06051635742188,168.39642022440344,164.3552202761704,168.33923562791134,82486200
2018-10-19,164.9080352783203,167.81504023981722,164.30756790532942,166.39489301773847,82923700
2018-10-22,165.7562713623047,167.03344226639734,164.49815229137107,165.899232827918,52909300
2018-10-23,165.1462860107422,165.96596572023884,160.9049259908871,162.6395882103334,77567000
2018-10-24,157.5880889892578,165.23207819317656,157.302151474654,164.95568113987076,102997400
2018-10-25,163.03993225097656,164.0121141161188,159.32278768335647,160.0376242958517,83481100
2018-10-26,158.84619140625,161.99147464687377,156.5301137810746,157.4546367390873,130970900
2018-10-29,155.57699584960938,161.89615451612025,152.58421459127663,161.27663543027518,111871900
2018-10-30,158.1409149169922,158.2552841179747,154.4142299888429,155.1195406628064,92584000
2018-10-31,161.85804748535156,163.22099538570356,160.63804651948843,160.71429748881647,73828600
2018-11-01,163.99305725097656,164.16462561049352,160.8668394477176,162.09636663685745,52706800
2018-11-02,161.4386444091797,164.46001760803028,160.33302737457052,163.48783610908893,75966800
2018-11-05,161.03842163085938,161.70559965649855,159.24655961052255,161.64841504621378,39573500
2018-11-06,162.25836181640625,163.1638184868629,160.809622417644,161.04790125425816,34410400
2018-11-07,167.34800720214844,167.34800720214844,163.81194259457618,164.20272340722025,51169600
2018-11-08,166.280517578125,167.081131016466,165.4894300580785,166.56644056082771,40296500
2018-11-09,163.4783172607422,165.1272024249304,162.18208005391074,164.7268958006214,50602700
2018-11-12,158.5316925048828,162.63961771461013,158.388716463189,162.33462833709405,62578400
2018-11-13,158.6651153564453,161.53398735829157,158.21714997317085,159.2751086059317,64128100
2018-11-14,157.4546356201172,160.79053897877807,156.54917904572898,160.23773039127957,75270700
2018-11-15,160.2091827392578,160.63808181049177,155.79626781322642,157.1687419324974,73254300
2018-11-16,159.6468505859375,160.4188718349631,158.00749071794215,158.64607637507925,65390700
2018-11-19,154.4618682861328,159.07494299988707,153.96624424163628,158.88432284227636,67280500
2018-11-20,151.6978759765625,153.8137936826276,149.76305255378784,150.94490654008018,102652800
2018-11-21,152.85107421875,154.37606429872233,151.76452351336928,153.7851375508401,42965800
2018-11-23,151.7455291748047,153.2990975914646,151.63114542226984,151.63114542226984,23503700
2018-11-26,155.2529754638672,155.32922644526775,153.22283489631667,153.87096096652763,42012600
2018-11-27,155.77720642089844,156.1679872833047,153.6231559894612,154.40471771427374,36608100
2018-11-28,160.79058837890625,160.79058837890625,155.8057981864786,156.90187523800697,70141000
2018-11-29,160.266357421875,161.32431615523433,158.99872666901135,160.11387000254345,44885700
2018-11-30,161.42913818359375,161.52445553359107,159.68493539102028,160.48556331819475,36722800
2018-12-03,164.25039672851562,165.18444585130473,161.56260402348022,164.99382565897469,50771700
2018-12-04,157.95028686523438,163.85007357845384,157.7596666919642,163.39256771054104,70594700
2018-12-06,159.06539916992188,159.08446554655163,154.18545387636348,154.76685474480573,71715500
2018-12-07,153.8137969970703,159.28467112002278,153.31817282318335,158.36968830726644,80432200
2018-12-10,155.42449951171875,156.1012031457826,151.93609445962724,153.52779506633507,73960800
2018-12-11,155.9391632080078,157.99789532914355,154.6238597067185,157.95976258057678,59058300
2018-12-12,157.3116912841797,159.74213833316307,157.22591439316977,158.21714795718518,53780000
2018-12-13,157.35940551757812,158.99876566036124,156.3395647531087,158.34111351032263,46378500
2018-12-14,153.52780151367188,156.12980199434224,153.16561307588023,155.55794158788527,56547400
2018-12-17,150.04898071289062,154.09019605980717,148.84806030222953,152.87020926515115,74834100
2018-12-18,150.99252319335938,152.45078843031783,149.67721943320657,151.2117356389231,63642100
2018-12-19,147.28492736816406,153.18471425222,146.15071767079144,150.76379289708794,81856500
2018-12-20,145.14993286132812,148.56208762086436,143.33901948113328,146.9227280259277,99002100
2018-12-21,140.6512451171875,146.86554699025402,139.84109121813665,145.8743133835041,141129400
2018-12-24,137.16336059570312,141.44552972074598,137.1251333237363,139.62943530992283,56163300
2018-12-26,145.7277374267578,145.80419198328076,137.7273266920349,138.67361591022723,98982100
2018-12-27,146.2916717529297,146.41592133822692,140.5852918670806,143.73000672031404,85824300
2018-12-28,146.21517944335938,148.7194812877948,145.02037671834336,147.34306621497728,77856600
2018-12-31,147.44825744628906,148.1364652067734,145.96671325288426,147.64899078684655,53015300
2019-01-02,148.0408477783203,148.87242584295743,144.2174788963182,144.32262212397305,58576700
2019-01-03,143.204345703125,146.49243200422745,142.88891589410923,145.86158697119654,74820200
2019-01-04,149.3312225341797,150.06722511055858,145.03950039885382,145.61299696675098,74709300
2019-01-07,151.1090850830078,151.845087637356,149.2165216711066,149.7039959269768,52059300
2019-01-08,152.4759521484375,153.03989554722472,150.25839123897686,152.49505849128164,49388700
2019-01-09,153.71856689453125,154.3876535927889,152.4281739453945,153.06858654122655,46491700
2019-01-10,154.15818786621094,154.2442101409432,151.69211389561792,152.5523803979126,38943400
2019-01-11,153.59432983398438,153.75682130473834,152.73406285440623,153.25022595915286,30176600
2019-01-14,152.2369842529297,152.8965176740951,151.58700400272542,152.29433244868426,30710200
2019-01-15,155.20965576171875,155.4199422052814,152.84872444216973,152.9347467368106,40874200
2019-01-16,155.18101501464844,156.54786260657127,155.1236522208989,155.46775605841046,33812200
2019-01-17,156.4044952392578,157.10225610148066,154.43546224572643,154.68397601699826,39329000
2019-01-18,157.95291137695312,158.68891389802965,156.5860641370901,157.50366441077594,57183200
2019-01-22,154.7890625,156.8919120738382,153.66116130708264,156.815442960336,56711700
2019-01-23,154.98980712890625,156.28975310625947,153.24062873507293,155.58243921159308,38106100
2019-01-24,155.99343872070312,156.22284609135642,154.90377923383954,155.496396710118,32417800
2019-01-25,157.8573760986328,158.33529732761446,156.7103680660766,157.24563750893628,36515900
2019-01-28,155.90740966796875,155.91696283862578,154.60746379393683,155.82138737707533,33491200
2019-01-29,154.43545532226562,156.03171029482922,153.8810650096692,155.99346843327262,30784200
2019-01-30,158.36395263671875,158.9374638774202,155.69715891294956,156.18463325804805,41346500
2019-01-31,160.73443603515625,161.52778685174394,159.1190603013207,159.33889993471396,37258400
2019-02-01,160.0557861328125,161.15501350075397,159.61610685363243,159.94108972693869,32143700
2019-02-04,162.04396057128906,162.04396057128906,159.94111021262174,160.0844807383273,26718800
2019-02-05,163.47769165039062,163.66885717497178,162.19686659220292,162.26376796255877,28156400
2019-02-06,162.99020385742188,163.8026609157595,162.25420133458024,163.51591994516588,27970000
2019-02-07,160.80133056640625,161.96745922695396,159.57785370697826,161.5660072497974,42036200
2019-02-08,161.11676025390625,161.14543435334792,159.21464359429987,159.3962413624323,29020700
2019-02-11,160.96380615234375,162.0917074309813,160.562354214691,161.69980866387036,21434100
2019-02-12,163.34390258789062,163.58286318121276,161.85279081915994,162.13954644814595,29722100
2019-02-13,163.45855712890625,164.55778432757455,163.2769593759027,164.07029550768934,26094100
2019-02-14,163.6593475341797,164.2424120194842,162.3307270952069,162.8755497144267,30326800
2019-02-15,164.3474884033203,164.9401058215201,163.5828118277445,164.9018785559879,32521700
2019-02-19,164.67250061035156,165.16954266097235,163.81224842484977,163.84092252536684,19487700
2019-02-20,164.64381408691406,165.4371648396802,163.75488786796765,164.78718457868152,32593000
2019-02-21,164.0416259765625,164.65336437237266,163.1718207000937,164.2041173927159,25207400
2019-02-22,165.25558471679688,165.37028113257563,164.30929553163153,164.3953324284625,27735400
2019-02-25,165.8577423095703,166.94740183207983,165.74303132799415,166.517275759904,32608800
2019-02-26,166.02980041503906,166.55551658380918,165.17910137284582,165.4563038004681,21939700
2019-02-27,165.92465209960938,166.12538538880867,164.1754590379979,165.26511861580562,25162000
2019-02-28,165.54232788085938,166.1349454311057,165.07395991002207,165.40851054419096,25085500
2019-03-01,166.68936157226562,166.93787535464108,165.53278580909918,166.73715661099115,31431200
2019-03-04,166.7179718017578,168.02747076812392,164.8540826855817,167.78851025105024,38063500
2019-03-05,166.84228515625,167.35843360799603,166.0202601516198,166.84228515625,22319900
2019-03-06,165.89601135253906,167.03346618836568,165.62837663646198,167.00479208200017,27194600
2019-03-07,163.8600311279297,165.5327550777942,163.24829266680763,165.47540687596953,39407400
2019-03-08,163.61154174804688,163.69756406358974,161.86234840702056,162.02483986471185,39303200
2019-03-11,167.01429748535156,167.1290084630015,164.26148196665028,164.29015606481428,30518400
2019-03-12,167.93194580078125,168.36207194383215,167.052572583767,167.45402462294763,33953500
2019-03-13,169.19366455078125,170.07303784276706,168.5628196268554,168.80178023614494,42426100
2019-03-14,168.9069061279297,169.50907688365152,168.85911109398438,169.30835816007644,23751500
2019-03-15,170.47450256347656,170.98109788261235,169.4517441665433,169.56644059049918,38192000
2019-03-18,170.88047790527344,171.3975802858128,170.05695693128135,170.4016869811278,32935100
2019-03-19,171.45506286621094,172.36476285899167,170.72729118275277,171.5795385924272,36893300
2019-03-20,172.13494873046875,173.18829485874016,170.6794344951847,171.46464419954282,50105000
2019-03-21,174.82571411132812,175.07468011614344,171.59865354876587,171.61780927576353,42428500
2019-03-22,170.98577880859375,174.5384131949575,170.8038359554151,174.0691929215777,70794500
2019-03-25,170.66024780273438,171.25394390648805,169.4249589662621,170.36339975085755,46336500
2019-03-26,171.45506286621094,173.02549678779786,170.5836597249871,171.98173589725516,33248100
2019-03-27,170.35377502441406,172.09658069552137,169.1089305296653,171.71355386814278,37096700
2019-03-28,170.74642944335938,171.38800757496924,169.72182438920467,170.7943114615626,30368200
2019-03-29,172.0391387939453,172.20192593624608,171.01451931932917,172.06786507720207,35205500
2019-04-01,174.31817626953125,174.52884542457653,173.1020579608602,173.81065910825072,30969500
2019-04-02,174.9789276123047,175.15129994355448,174.06922777579706,174.50972185651142,22645200
2019-04-03,175.984375,177.0760176238994,175.43856099381935,175.96521927353493,31633500
2019-04-04,175.91738891601562,176.6738722379836,174.90233976117054,176.03229407592437,28530800
2019-04-05,176.8270721435547,176.93240673402758,176.2142203294051,176.42488951035085,25674700
2019-04-08,177.27706909179688,177.42070047325362,175.84069683109274,176.5397272400725,22697500
2019-04-09,176.65472412109375,177.2580054596978,176.28126772375356,176.67387985241783,25631900
2019-04-10,177.60267639160156,177.66012895488984,176.6929767126174,176.88449012742402,24563000
2019-04-11,177.181396484375,177.8995829851585,176.85582211078983,177.8995829851585,20654100
2019-04-12,177.9474334716797,178.0623386157482,177.21009137031533,177.9665891995375,24989100
2019-04-15,177.9761199951172,178.1772185638478,176.78871352938364,177.95696427153908,21073000
2019-04-16,178.5890350341797,178.98164714343756,178.0432063049859,178.6273318833931,27195700
2019-04-17,179.2114715576172,179.95838437412658,178.68481312891765,179.78602662179776,29651600
2019-04-18,179.4412841796875,179.82431112180274,178.38793817155874,179.50832193090537,28580900
2019-04-22,179.94879150390625,180.0158292514176,178.52198919206288,178.6560646870856,17936000
2019-04-23,182.2374267578125,182.4576665249803,180.1499050265228,180.40844164433392,33665600
2019-04-24,181.662841796875,182.62042355517872,181.6053746176848,182.39059867303212,24977100
2019-04-25,182.40017700195312,183.10879279344343,181.4138689177999,183.02261393829343,29517500
2019-04-26,182.56297302246097,182.60128447874771,180.5903567583341,182.1129083860973,26359500
2019-04-29,182.91729736328125,183.2045748536011,182.26613407778697,182.56298212688608,21716200
2019-04-30,181.50006103515625,181.7969236882625,180.2264900074432,181.44260846085817,31495300
2019-05-01,180.91595458984375,183.20458952536617,180.79147886958407,182.68748707907076,34797100
2019-05-02,180.1307373046875,181.79693512182047,178.94333045220347,180.85849431079924,44110100
2019-05-03,183.0034637451172,183.1375246165841,181.2989692600925,181.6245435748637,30386200
2019-05-06,181.8831329345703,182.1320990019667,178.83801448420667,179.11572145509322,38371800
2019-05-07,178.3400421142578,180.666958906322,176.68341505745067,179.90089053360995,58818100
2019-05-08,177.88998413085938,179.23059287447356,177.1143451712298,177.75592325649797,37165300
2019-05-09,176.93238830566406,177.5452400559822,174.36606155577434,175.90776879491594,55351700
2019-05-10,177.15264892578125,178.00489621993557,173.3510476690994,176.30040163162693,58526400
2019-05-13,171.0049591064453,173.5712713095391,170.50701248064405,172.64241579728267,67185800
2019-05-14,172.8818359375,173.92561135034435,171.2731053018989,171.9051128851168,43360600
2019-05-15,175.3236541748047,175.76414824675442,171.70399601751475,171.74230747326996,40944500
2019-05-16,177.08560180664062,178.17725912607216,175.18959386378327,175.400263036494,39281200
2019-05-17,175.2757568359375,177.70802265986035,175.1225548609292,175.33322401454575,44702300
2019-05-20,172.3168182373047,173.49463959773502,171.73269283535302,172.83392052049427,38608300
2019-05-21,174.1171112060547,174.5959021356391,173.24570820744154,173.8011074391442,31613800
2019-05-22,173.34149169921875,174.34695568653854,173.08294047698425,173.1499782281915,24332600
2019-05-23,170.68894958496094,171.42629163512805,169.6260332415131,171.3496833405553,45351300
2019-05-24,170.60281372070312,172.2211296489267,170.39214451042892,171.6082777494587,25903300
2019-05-28,169.96121215820312,172.0391630723983,169.94205642948276,171.0815811979375,24763800
2019-05-29,168.5631866455078,169.4920425106763,167.66305707624812,168.9079168079574,42178800
2019-05-30,169.2717742919922,169.75056529216403,168.31419229164845,169.01322306066768,30354800
2019-05-31,166.5714111328125,167.85456769982096,166.49480280785832,167.2800271799806,45446200
2019-06-03,162.90383911132812,166.5713797884392,162.0899032084964,166.12131509623882,75842300
2019-06-04,167.49063110351562,167.5480836719402,164.10078345108403,164.73279092683072,47797800
2019-06-05,168.73550415039062,169.11853104562235,166.98312761220365,169.08980475905693,34412700
2019-06-06,170.07608032226562,170.48783342520375,168.27582211407534,169.02273464480606,29913200
2019-06-07,173.36062622070312,174.05967155008412,170.7655873722285,170.9858271249512,45888300
2019-06-10,175.38111877441406,177.0090196902493,174.48100406398615,174.51930091082852,41385300
2019-06-11,175.6205596923828,177.53572398395315,175.02686343769008,177.21014956115675,41260300
2019-06-12,174.60546875,175.50559801513248,174.27989443200633,175.14171224117527,27758100
2019-06-13,175.6396484375,176.07055731644573,174.9884998402555,175.33322986571977,23715800
2019-06-14,174.89273071289062,175.34279530554207,174.22242640836868,174.73951412570332,22844100
2019-06-17,175.9460906982422,176.4344521713711,175.08425828434864,175.27577172803416,20379500
2019-06-18,178.5028076171875,179.75723730221935,177.56436703396457,178.02401676876087,48177300
2019-06-19,179.17315673828125,179.57533939826072,177.69848698502324,178.74224778912762,31672900
2019-06-20,180.83934020996097,181.71072859829363,179.22102452778083,181.67243175294897,40922000
2019-06-21,180.5712127685547,181.7203080427045,180.18817126947863,180.6286653405313,39980400
2019-06-24,180.57696533203125,181.11439442299684,180.48098957556837,180.932049272024,19375200
2019-06-25,177.47711181640625,180.5577517507149,177.20839729399316,180.4521842852067,33921100
2019-06-26,178.3024444580078,179.78038890048865,178.01454651556313,178.657542993427,22595700
2019-06-27,178.98388671875,179.40615667654427,178.49444543704112,178.94550519706257,19709200
2019-06-28,179.2141876220703,179.6076530631871,178.5711910812985,179.41571620149824,21179200
2019-07-01,181.6326446533203,182.889862763101,180.7881194112302,182.64993799040064,31025600
2019-07-02,182.3524475097656,182.37164559486305,181.0568623207307,181.57509346757504,18035800
2019-07-03,183.72476196289065,183.72476196289065,182.62109942834576,182.81305092572276,15792100
2019-07-05,183.3505096435547,183.68639553063215,181.75740567812076,182.46758825934745,21415600
2019-07-08,182.0644989013672,182.2180396079704,181.31592022889717,182.16046001251365,17598800
2019-07-09,182.9761962890625,183.20651465363295,181.04719212272605,181.20074746166844,19193500
2019-07-10,184.79959106445312,185.30823023624643,183.75352292954548,184.08942335341243,28374500
2019-07-11,184.6652679443359,185.5481892102816,184.0798510062385,185.07794610259003,23736100
2019-07-12,185.73057556152344,185.74016728125065,184.69409872095855,184.86685218297615,20211900
2019-07-15,186.32554626464844,186.36394242340288,185.64416820711835,186.16239919955188,15606100
2019-07-16,185.3658142089844,186.267933408652,184.79959544113896,186.09519465663465,20190900
2019-07-17,184.45411682128903,185.69213654357637,184.43491874393203,185.36582780387624,16765100
2019-07-18,184.6652679443359,185.02035186546527,183.0049928814079,183.58080345806272,28877000
2019-07-19,183.3121337890625,186.01849248635477,183.12019688320456,185.9321230752958,29387900
2019-07-22,184.77084350585935,185.16432360230544,183.72477513185385,183.72477513185385,18954900
2019-07-23,185.9800720214844,185.9992701027162,184.54052344984927,185.77854342200885,23786700
2019-07-24,187.2852478027344,187.29485416447744,185.25069067600623,185.26988875564825,20422900
2019-07-25,185.50979614257812,186.68062994585404,185.15469759972052,186.6518401510065,23434700
2019-07-26,187.41961669921875,187.66914781851216,186.59427494954176,186.69025070986152,20431200
2019-07-29,186.776611328125,187.314040415425,185.5961856796736,187.2468691014347,20451700
2019-07-30,185.9704437255859,186.69980958664297,185.2122880702663,185.34664532477268,18705000
2019-07-31,183.3984832763672,186.594268033974,181.6902202416711,186.46951712279585,41627500
2019-08-01,182.4867706298828,187.1221188527464,181.60384925083912,183.7151842567128,63251600
2019-08-02,179.7996063232422,181.37351203459949,178.70555009271143,181.11438921467683,55214000
2019-08-05,173.44639587402344,176.1143579179674,171.97805757803428,176.03758024083692,75040000
2019-08-06,175.8744354248047,176.3926810911231,173.7727068922526,175.04909368986904,41897200
2019-08-07,176.8245391845703,177.07405565057726,172.64025099586007,173.9646402901655,49990600
2019-08-08,180.67288208007812,180.73047630612015,177.13160598013758,177.62104707268853,38418100
2019-08-09,178.97425842285156,180.4233985329013,177.5730915441453,179.80919180450047,33608900
2019-08-12,176.9204864501953,178.40800793240192,176.1047365812467,177.87057892672183,24642900
2019-08-13,180.79771423339844,182.03571963848825,176.60383382064643,176.76698091162126,40241900
2019-08-14,175.3946075439453,178.45605010846535,175.06831335460907,177.88983113687954,51000500
2019-08-15,175.19308471679688,176.19116540064493,173.8591034691607,175.624946410348,36685000
2019-08-16,178.00498962402344,178.45604938433007,176.68061478919546,176.78618227871078,32781400
2019-08-19,180.83609008789065,181.2199785050784,179.9435769751399,180.5769818806154,22494100
2019-08-20,179.43492126464844,181.03761682008724,179.38693338639752,180.38502853617683,19902900
2019-08-21,181.0280609130859,181.6038716344711,180.38506422008984,181.0088628292189,20418500
2019-08-22,180.44259643554688,181.82456523406012,179.0222314793841,181.3638992053267,24243700
2019-08-23,174.73239135742188,180.8552605780289,174.24293553066067,179.21418360693562,55372400
2019-08-26,177.37156677246094,177.41954000483295,175.70168532951848,176.71896387238175,27598900
2019-08-27,176.9972686767578,178.90707484131684,176.306298911507,178.60957051259297,28012800
2019-08-28,177.6306915283203,177.9281958872516,175.538554653355,176.42147601154778,21792400
2019-08-29,180.3466339111328,180.86487957050295,179.15660188206476,179.83799461380124,25358900
2019-08-30,179.91477966308594,181.3543282187875,178.89750102673875,181.3159320567488,26319800
2019-09-03,178.1680450439453,179.63638277833243,177.57303657856565,178.71508029283098,27964200
2019-09-04,180.7401580810547,180.8937134726653,179.367780564788,179.88602635051183,21592100
2019-09-05,184.05108642578125,184.5789238429147,182.66911742232116,182.73630338624983,33932600
2019-09-06,183.86871337890625,184.42534051222148,183.4656415879904,184.3581692023239,19487800
2019-09-09,183.48483276367188,184.52130932010823,182.553923670683,184.44453165179704,24407600
2019-09-10,182.95700073242188,183.05297648154448,181.29672570827267,182.49634935308868,23744700
2019-09-11,184.6748809814453,184.7708567438894,182.88024844573485,183.3025183703362,25063600
2019-09-12,185.44265747070312,186.86302271657064,185.19314097046257,185.80734782354023,28689900
2019-09-13,184.78045654296875,185.60579834700548,184.5405317702121,185.1739366848127,27669800
2019-09-16,183.955078125,184.33896647131013,183.40805736679232,183.59040250080923,20319000
2019-09-17,184.83802795410156,184.83802795410156,183.5808099993446,183.97429009257743,20953400
2019-09-18,184.76123046875,184.83800813557625,182.44835267857837,184.45411980144505,29781300
2019-09-19,185.068359375,186.21999529433003,184.7132754161999,185.08755745607831,26039400
2019-09-20,183.1105804443359,185.5194197719441,182.4963736421969,185.3274828919966,29086100
2019-09-23,183.19137573242188,183.7395144510633,182.4413019820334,183.05674748679775,22485900
2019-09-24,180.7583923339844,184.4318275629649,179.96984520058388,184.02794293611623,40820700
2019-09-25,182.7874755859375,183.26829280454317,179.06595500941023,180.575713445676,34704900
2019-09-26,182.1143341064453,182.71054276102697,180.76803709260105,182.54706666778287,26826000
2019-09-27,179.85446166992188,182.54704064032703,178.62357094174376,182.45087134112956,40773500
2019-09-30,181.5661773681641,181.85467060480815,180.21026942729952,180.5853062329242,26307700
2019-10-01,180.08526611328125,183.2778844769089,179.78716181702353,182.22970657284932,32367600
2019-10-02,176.98880004882812,178.89283189945732,175.9983178701984,178.8639840436429,48544300
2019-10-03,178.9313507080078,179.06597896028947,174.8444038032121,176.96960797661364,39392500
2019-10-04,181.5661773681641,181.82582274848133,179.7102301353836,179.90255406868783,31887600
2019-10-07,181.01805114746097,182.46050263916072,180.70071005848192,181.0468990034249,21216000
2019-10-08,178.3062286376953,180.65261865759763,178.16198936326475,179.88330828942682,32379300
2019-10-09,180.04681396484375,180.86420911669416,179.2775034701688,179.81603108780533,20147400
2019-10-10,181.44119262695312,182.16241851073855,179.94104513642,180.09491017990496,25177700
2019-10-11,183.7779541015625,185.23964252459825,183.40291726570072,183.5086976385529,40976700
2019-10-14,183.7587127685547,184.34531033564045,183.335591287591,183.51830417013227,14975000
2019-10-15,186.0954742431641,186.528206744416,184.2106645548418,184.326055975609,23234200
2019-10-16,185.6338653564453,186.10507141169575,185.0472678890412,185.46077823821489,20457100
2019-10-17,186.1243438720703,187.03789363122357,185.41272912288295,186.7494003721813,19045200
2019-10-18,184.3356475830078,186.23967904004255,183.3932502500029,185.78770982787876,27700800
2019-10-21,185.97048950195312,186.09550667849064,184.76844641486943,185.3165851058008,15801200
2019-10-22,184.4895477294922,186.96094026916023,184.43183734541768,186.70129489763772,22392300
2019-10-23,184.84539794921875,184.88385687567575,183.8164419176001,184.11456095950297,14828400
2019-10-24,186.64358520507812,186.75899129120677,185.3453877914662,186.16276808743507,18998500
2019-10-25,188.1341552734375,188.2303245837309,185.64352567463095,185.68198459472237,21507100
2019-10-28,189.9901123046875,190.24013196213124,189.00924112438685,189.00924112438685,18818700
2019-10-29,188.5187530517578,189.96120428243557,188.48990520101407,189.67272577499816,18569700
2019-10-30,189.432373046875,189.74971417192347,187.79758276510225,188.88423437450663,21764300
2019-10-31,189.5189208984375,190.06704490978956,188.42265820235605,189.98050133010932,26801800
2019-11-01,191.24021911621097,191.24984485070297,190.04780190926076,190.3362804765063,22131900
2019-11-04,192.42306518554688,192.83656096844237,191.24024421112512,192.50960876707697,19015900
2019-11-05,192.5288543701172,192.85580658643508,191.8941720631154,192.6634826164468,15048900
2019-11-06,192.0960998535156,192.32689741282704,191.1633132271932,192.30766061453997,19725500
2019-11-07,192.74034118652344,193.9808575571645,192.1826062471079,193.05768224242297,17832400
2019-11-08,193.5096893310547,193.52892612791103,191.88452482104773,192.3942045607918,15258800
2019-11-11,193.25003051757812,193.32694834707112,192.2691594477349,192.5288048107411,10147600
2019-11-12,193.8077850341797,194.4520929765145,193.11542178528268,193.4135260931049,14778300
2019-11-13,193.8558807373047,194.03859362628808,193.0096524189172,193.1346549166083,15774600
2019-11-14,193.70199584960935,193.82701300786104,192.53842652859544,193.12502405622757,16945400
2019-11-15,195.12521362304688,195.12521362304688,194.2501229140519,194.87517932140577,18427900
2019-11-18,195.27908325195312,195.586798596077,194.02895573427057,194.81748822570503,18365900
2019-11-19,195.56756591796875,196.0195352198238,194.81749232624657,196.0195352198238,16923300
2019-11-20,194.39439392089844,195.64452161306735,192.92309441864157,195.0579240245392,36629000
2019-11-21,193.96163940429688,194.3174540805828,193.35581976060777,194.18281118934607,17883600
2019-11-22,194.08670043945312,194.55790664518375,193.03852231532383,194.4425005228012,17189600
2019-11-25,196.38497924804688,196.4234381679387,194.89444298649383,194.9232908447568,17752800
2019-11-26,196.7599945068359,197.0100141421629,196.22148164713175,196.509974871509,14780600
2019-11-27,198.1351623535156,198.1447880893041,197.02928856779351,197.26969718846163,16963100
2019-11-29,197.2311859130859,197.93317479055747,197.1350166209945,197.63507052779727,9854600
2019-12-02,195.2117462158203,197.30810176743097,194.03855129621988,197.2407950023384,28007000
2019-12-03,193.68280029296875,193.75973281064665,191.5864295380344,192.52884187455535,31104100
2019-12-04,194.6636505126953,195.12524560366828,194.3847829844373,194.67327624795115,15300100
2019-12-05,195.04832458496097,195.35603999036988,194.09630116126448,195.35603999036988,14962300
2019-12-06,197.13510131835935,197.27934064509392,196.31770600451657,196.47157106862016,16555300
2019-12-09,196.24075317382812,197.70242700218748,196.1541949198328,196.77926612884235,13984100
2019-12-10,196.0772247314453,197.01963689504305,195.6348811776849,196.33687009679363,21799800
2019-12-11,197.1158142089844,197.31776388825116,196.21187552980464,196.5196055794728,18780800
2019-12-12,198.58712768554688,199.36606392626817,196.6446366349833,196.91389311077188,32612000
2019-12-13,199.2410430908203,199.9334210653807,198.05823683152,198.48134366186065,32519400
2019-12-16,201.2412109375,201.49123056919385,200.48151163523372,200.54883307840592,21296600
2019-12-17,201.35659790039065,201.66432790801144,201.0200200387272,201.5008371706039,15996100
2019-12-18,201.51046752929688,202.0682171758803,201.2989068125454,201.5297043235583,15443300
2019-12-19,202.77020263671875,202.8375094054234,201.57777086022384,201.59700765415707,17865900
2019-12-20,203.587646484375,204.36656808176113,203.16452495656577,203.73188579004724,27672600
2019-12-23,204.12535095214844,204.45301193413383,203.9518885635164,204.3084599436071,23774700
2019-12-24,204.2313690185547,204.39519951626292,203.76878792472036,204.3084683183917,7089000
2019-12-26,206.03355407714844,206.0528325816682,204.53015423879128,204.55906464297584,17067500
2019-12-27,205.86007690429688,206.77560728332963,205.31074985376364,206.75632878019093,18134100
2019-12-30,204.5108642578125,205.87934379971784,203.4989561253281,205.7540555941641,21815500
2019-12-31,204.89633178710935,205.0408837794516,203.53748423834296,203.85551332668325,18170900
2020-01-02,208.3175811767578,208.3175811767578,206.2166653172924,206.62142568540435,30969400
2020-01-03,206.40936279296875,207.65256874525335,205.54202143036025,205.56129993102783,27518900
2020-01-06,207.73931884765625,207.7682292486953,204.53977858942943,204.79034030016408,21655300
2020-01-07,207.7104034423828,208.2982727579947,207.0550814277011,207.8164131453682,22139300
2020-01-08,209.2716064453125,210.2256936926872,207.35381475816808,207.68147573820852,26397300
2020-01-09,211.0448760986328,211.4496364041413,209.81131668036275,210.99668719686528,23547000
2020-01-10,210.50518798828125,211.89294605629416,210.1293380702935,211.8736822590969,21898500
2020-01-13,212.93374633789065,212.9626567363947,211.0352184084569,211.372525997921,22756900
2020-01-14,212.0953063964844,213.18431371134992,211.7676454238443,212.82772763624223,24418100
2020-01-15,212.18209838867188,213.17472819357965,211.4882192447298,212.21100879423688,25742100
2020-01-16,214.2154998779297,214.2540568803451,212.7891995975038,213.242148792164,18805000
2020-01-17,215.2756195068359,215.44908192038469,214.06132379123736,215.1792416958493,24325200
2020-01-21,215.17922973632812,215.71891015540385,214.58172851594983,214.67809161639136,21146300
2020-01-22,215.74783325195312,216.98139276962715,215.47799302653627,216.26824990467804,20736400
2020-01-23,216.4416961669922,216.5380739711015,214.62026742875648,215.62254365281584,26496100
2020-01-24,214.62022399902344,217.68485814625592,213.62759457935263,217.45356028631105,37436500
2020-01-27,210.1871795654297,211.3243612503885,209.3005448926822,209.7727726308641,42264400
2020-01-28,213.41563415527344,213.907140405245,211.1123456368647,211.67130459054076,26731900
2020-01-29,213.76254272460935,214.8419034690497,212.8181020732241,214.6009736810809,28924500
2020-01-30,214.52394104003903,214.62030415545016,211.7195140996986,212.38448282835571,39568100
2020-01-31,211.1219787597656,215.4490686908412,210.37026423164505,215.4201582903583,52015800
2020-02-03,214.31190490722656,214.80339646155863,212.0086163440638,212.15316835851743,25408600
2020-02-04,219.21722412109375,219.59307404921108,216.4995287137922,217.24159667116865,30691200
2020-02-05,219.93995666503903,221.89630510584405,218.61966630883077,221.85776281519512,38534800
2020-02-06,221.8385009765625,221.89632176947063,219.70867530493183,220.48928541956465,22467100
2020-02-07,220.8844757080078,222.07949301551,220.24841739731195,220.8459334036583,25884900
2020-02-10,223.5539398193359,223.5635717172881,220.09419148528795,220.15201228337645,21478900
2020-02-11,223.59246826171875,225.52955310878127,223.00459900893256,224.78748526718863,30198000
2020-02-12,225.7705078125,225.8765175158587,224.35383936997437,224.91279828721204,24471300
2020-02-13,225.48138427734375,226.4065464821396,223.92979576422067,224.1996359660518,22773200
2020-02-14,226.12705993652344,226.33907932515905,225.07660959612997,225.83794125154884,23438500
2020-02-18,226.21383666992188,226.63787553255693,224.78753616348675,225.02846599860305,24394500
2020-02-19,228.3821563720703,228.85438404183375,227.29316374963292,227.5630039308729,22230500
2020-02-20,226.261962890625,228.3532315154118,223.46718345966417,227.8810185807353,42604000
2020-02-21,221.91563415527344,225.5199347119965,221.00010381565832,225.134452896955,66017200
2020-02-24,213.3578186035156,216.11405643319,212.26881107168097,213.6372907346396,84522600
2020-02-25,207.55621337890625,215.86348344199496,206.9490802415388,215.15032589209045,97743000
2020-02-26,208.62596130371097,212.28809778410795,207.10328296219677,208.84762734251444,79537700
2020-02-27,198.1792449951172,208.56813833041292,198.04432487538048,203.2484034425845,121822600
2020-02-28,198.33343505859375,199.6537257951151,190.98025208735027,191.4332013351709,148173700
2020-03-02,208.5680999755859,208.7126666734837,198.46832724137323,201.3016639399948,112933900
2020-03-03,201.87991333007812,211.64239447140557,200.08739485733548,209.2330962395036,131953500
2020-03-04,210.3028106689453,210.4088203720102,203.70132808893285,205.5805923437372,73086200
2020-03-05,203.9133148193359,208.5102589080661,202.47738281405032,204.97341168011175,78705500
2020-03-06,200.472900390625,201.56189324076735,195.5482939954954,197.2444347329739,89828400
2020-03-09,186.5471343994141,193.86175966862743,185.140097883578,186.4603884946356,116424000
2020-03-10,196.7047576904297,196.8878667202942,186.6531571939136,193.8135996319971,100599200
2020-03-11,188.1372833251953,193.4666498891897,185.7376169691897,192.11744874837703,89168800
2020-03-12,170.88668823242188,183.85833987007013,170.52047024655613,175.48361803042835,137820700
2020-03-13,185.36175537109375,187.4241139595875,171.66731318500624,180.28296555639227,134882000
2020-03-16,163.1576385498047,177.9796275795923,163.02271847064517,167.83166713190602,92054400
2020-03-17,175.53184509277344,177.70021367069268,163.62027311652955,169.10383867307576,121257100
2020-03-18,170.19281005859375,172.7177495598561,160.7483593206713,165.38384614161853,114156300
2020-03-19,171.21434020996094,176.8328243726953,165.40311516671628,169.31581239130233,120896500
2020-03-20,164.5068817138672,176.2353438405754,163.92865895647157,175.14635103014504,118983900
2020-03-23,164.62564086914062,168.24728893287414,159.28490363355317,165.06988811250534,124639800
2020-03-24,177.37388610839844,177.53806576241072,171.85931537797967,173.7522370849659,94881800
2020-03-25,176.06045532226562,183.02367176330048,173.8198544499937,178.10788976749183,88754900
2020-03-26,185.3318023681641,186.12374317163557,177.32555199711015,177.57664763072293,79887600
2020-03-27,178.9577178955078,183.9893863558448,178.3396238407872,180.53191767157105,58845000
2020-03-30,185.4669952392578,185.9016047725685,179.96209342805912,180.6574509975287,49356900
2020-03-31,183.8831329345703,188.56713685082624,182.7242085363129,185.15796008821977,62659300
2020-04-01,176.070068359375,181.2369596598168,174.66970049575394,178.44587635715587,53715400
2020-04-02,179.64341735839844,183.59343984085177,174.7759282765093,175.03669109377,56465300
2020-04-03,177.0937957763672,180.66716777620448,175.08498610579997,179.1991886445348,47487600
2020-04-06,189.75509643554688,190.88504920532145,182.71461695109656,183.96045777832657,64763500
2020-04-07,189.6778259277344,195.7235748051807,189.2915225925647,195.4434923611342,69904500
2020-04-08,193.70510864257812,194.28456363344543,189.4556983602479,191.3679248822065,45940400
2020-04-09,193.98519897460935,196.26442423891348,192.21783231005531,195.42420629904623,68252600
2020-04-13,196.08091735839844,196.45756828954785,191.94740954190263,193.15462595411583,42853900
2020-04-14,204.60861206054688,205.22670602098447,199.3548060285661,200.1370795854378,63959600
2020-04-15,202.2617950439453,204.57965865872853,200.03086218290275,201.34431381032277,47036000
2020-04-16,205.95106506347656,207.0327259650037,202.5129159951729,204.44446174019964,64657400
2020-04-17,207.92123413085935,209.09947820796617,204.8211114790726,208.77111896982808,62863200
2020-04-20,205.4585418701172,208.49106833158217,205.29436223765396,206.05731638104496,38249100
2020-04-21,197.87722778320312,203.93262857054916,196.66035911817565,203.3917980527592,72932800
2020-04-22,203.7491149902344,205.08188634127163,201.199475059897,201.94312433773192,40089100
2020-04-23,203.3145294189453,207.1003576864137,202.90890654063008,204.541050478425,43278500
2020-04-24,206.52088928222656,206.9651513344646,202.3294381106388,203.7491255617453,34231900
2020-04-27,208.18202209472656,209.215406261246,207.15830508942489,208.7904637903979,36451700
2020-04-28,204.2610015869141,209.88180785305164,203.98093388441305,209.88180785305164,46862800
2020-04-29,211.50425720214844,212.44105805908904,207.7763733578916,208.79043781233008,48716400
2020-04-30,211.4174041748047,212.50871781538297,209.91080041600165,212.42180176849712,43359500
2020-05-01,205.4585418701172,209.25402247497317,204.4348101685116,207.15829695020037,48795000
2020-05-04,207.85366821289065,208.0757918787727,203.8939929806753,204.222367003554,32841000
2020-05-05,210.2101593017578,212.6052722677713,209.42788551253952,209.9976880582014,37783100
2020-05-06,211.50425720214844,213.47442736050868,210.6447199427057,211.89056045311335,36455200
2020-05-07,214.227783203125,215.1066254713922,212.8756921027044,214.227783203125,38624800
2020-05-08,217.1637420654297,217.2989497113445,214.86519734834957,215.8985816493993,31852300
2020-05-11,219.1049041748047,220.128621142671,215.60881081589696,215.84060162875423,35714100
2020-05-12,214.51744079589844,220.2927725126206,214.4884687920121,219.70365053939383,41054100
2020-05-13,211.83265686035156,216.92228495071168,209.29268376436497,215.0390304539833,65521200
2020-05-14,214.2373962402344,214.2760206707328,208.59728624990464,210.50951239485065,51549300
2020-05-15,215.6280975341797,215.6860415444305,210.85717753654873,211.2917723499534,55747200
2020-05-18,219.6457672119141,220.85298357675953,217.75286020429195,218.53513405086736,42398100
2020-05-19,219.09523010253903,221.98289623923193,218.95037006914487,219.90647576259505,36237300
2020-05-20,223.47019958496097,223.8275308564137,221.62556973619712,221.64488932118863,37417000
2020-05-21,221.0364532470703,224.1945349611781,220.52459475578544,223.51849683462507,43642900
2020-05-22,221.7994079589844,222.0022120157208,219.71333495626004,220.63081626481636,28762400
2020-05-26,221.2006072998047,225.57557187225572,220.9591640870647,225.37275308948347,33055300
2020-05-27,222.40786743164065,222.5237702175574,216.27521745482932,220.862639405846,55665600
2020-05-28,222.11814880371097,225.4790348873837,221.21031977997393,221.2682638050589,42784300
2020-05-29,225.3727569580078,225.60454775136563,220.9301958727256,222.49475793897295,50691800
2020-06-01,226.04884338378903,226.42549429325655,224.0593532088309,224.50361530702403,25776000
2020-06-02,227.56507873535156,227.6230227529316,224.06897073059383,226.473750615843,33383400
2020-06-03,228.5887908935547,229.34209257938343,227.29465873959504,228.17350088204523,37228700
2020-06-04,226.98562622070312,229.65115438627208,225.68182678063243,228.24113406363668,38716100
2020-06-05,231.4861297607422,232.0752518726521,227.56509378884476,228.1348963147749,47365600
2020-06-08,233.282470703125,233.40801117207488,229.7670575785261,231.34125754502816,32937300
2020-06-09,234.9725646972656,235.8224348833329,232.2394254453133,232.4229246660119,35046300
2020-06-10,237.79258728027344,239.33782970222504,236.1411092576061,236.66263483803743,58084400
2020-06-11,226.0102081298828,235.25264834448467,225.9522641060494,233.871599988032,72919400
2020-06-12,227.8064727783203,232.17175484075247,223.8081743268311,230.906594941677,72034800
2020-06-15,230.5782928466797,231.25433096740667,223.5474669180674,224.48426786269115,45307400
2020-06-16,234.5379638671875,236.0252477075049,230.9163153500075,235.43612562591588,48890100
2020-06-17,235.28163146972656,237.09728956374468,234.422094023702,236.0349332881963,34749300
2020-06-18,235.9190368652344,236.16048012506343,234.1903096089303,234.9629162511616,30578600
2020-06-19,235.88037109375,238.54589891002493,234.15162940385116,238.28513610887617,49422100
2020-06-22,238.709228515625,238.83498729885775,235.4585876156787,235.74881154787224,24068700
2020-06-23,240.74082946777344,242.9756419436958,239.754038739542,240.3054788803595,32767400
2020-06-24,235.77783203125,241.21490982146324,234.27827785162063,239.98624113416216,46032400
2020-06-25,238.02235412597656,238.3222620601142,233.2915116589048,235.86493903272256,36940800
2020-06-26,232.40142822265625,237.95461058814803,231.8789956339686,237.7804614712012,52824600
2020-06-29,234.9361267089844,234.94581068032628,229.62482271958893,232.15954316972443,34377800
2020-06-30,239.5412139892578,240.08298495739132,234.6845989326579,234.86841724587865,38909200
2020-07-01,242.3372039794922,243.33367896373625,239.0381871128972,239.57995820000215,34689200
2020-07-02,243.98182678222656,245.99412957590692,243.5174537566549,244.78481405774463,31956500
2020-07-06,249.98004150390625,250.502444545952,247.11636112297572,247.13571430450963,34589000
2020-07-07,248.25794982910156,252.3889905331725,247.9580419426525,249.7284963941985,36578200
2020-07-08,251.5279541015625,251.55697649421415,248.15155448442556,249.58339474528853,30426300
2020-07-09,253.64663696289065,254.3141814119261,249.2447408070085,253.44348024666715,40312900
2020-07-10,255.37843322753903,255.62998032100464,250.82174029746903,253.50157304777304,32885300
2020-07-13,250.12521362304688,261.00905581480714,249.30287297480712,258.22278748982666,64108100
2020-07-14,251.8955841064453,252.3019271171447,244.53327053443735,247.60009296158933,72230500
2020-07-15,252.40835571289065,254.14010398466337,249.10933908788655,253.308079467626,54523900
2020-07-16,250.686279296875,251.32480146997744,247.30019565195113,249.62207567503765,47594100
2020-07-17,250.97654724121097,251.83756463655843,248.79977905809608,251.14099763698937,35137900
2020-07-20,258.0970153808594,258.7258536950734,250.3670781972236,251.61507085142455,40610100
2020-07-21,255.4075164794922,259.6739864908741,254.5658373422568,259.6643025159543,43243800
2020-07-22,256.3072509765625,257.23602687771063,254.0047086986446,255.90093735358585,29865500
2020-07-23,249.61236572265625,256.60702662969885,248.1998641730736,255.90080537920727,51363500
2020-07-24,247.24212646484375,248.56753149401789,243.140137844748,245.77159472220384,54054500
2020-07-27,251.6537170410156,252.04069210150132,248.103183217571,248.88681731045352,36445700
2020-07-28,248.4514617919922,251.3925255123548,248.16123786616612,250.87009292156208,31302400
2020-07-29,251.3151092529297,252.17615609463013,249.51566188946933,249.98970413642937,27556900
2020-07-30,252.63092041015625,253.1920299679903,248.1999706484821,249.35124168758657,41774500
2020-07-31,257.13916015625,257.2939560702197,252.35994333802887,257.25524971065187,53686300
2020-08-03,260.61236572265625,261.35729353762446,259.1515029631688,259.2772765152185,32081600
2020-08-04,261.57977294921875,261.67652408975704,259.3642987853949,260.1092264713641,24911300
2020-08-05,262.2279357910156,262.6826395559107,261.17341632015274,262.06348543256706,21612100
2020-08-06,265.701171875,266.030102185925,261.39599638999357,262.03451859036824,28048200
2020-08-07,262.6342468261719,265.93326233228845,260.48650178645926,265.15928286681225,44969400
2020-08-10,261.5120544433594,263.12771293316473,257.990543079371,262.92452667278354,35088400
2020-08-11,256.55865478515625,261.6377789045494,256.01688390769823,260.3510509273626,43104300
2020-08-12,263.0115966796875,263.9597106654382,258.6677448285516,258.7161351633893,38773400
2020-08-13,263.6114807128906,265.8849705795628,262.6730505610521,263.78561508556777,31895700
2020-08-14,263.3018798828125,264.50151155298477,261.90874590002187,264.2306260299037,30799500
2020-08-17,266.3590087890625,266.86207342141137,263.3405619463594,265.01423574638244,24803000
2020-08-18,268.9227294921875,269.3967716934106,265.9623276787447,267.42319016731705,23529500
2020-08-19,267.11358642578125,269.9385306133645,266.60083788681095,268.88401114734256,31999400
2020-08-20,270.8189697265625,271.30269597386075,265.9139784931246,266.32032153155023,27723400
2020-08-21,272.69586181640625,273.15056572301086,270.36429748886445,271.0125037267389,34748900
2020-08-24,274.3985290527344,276.6913865178221,272.1153260351239,275.96579721751306,36418500
2020-08-25,276.5560302734375,276.7495326340941,273.17962960747934,273.6246496078115,34866600
2020-08-26,282.4573059082031,282.7088529011395,276.52681983107306,277.80386368464946,42216700
2020-08-27,281.5770568847656,284.28594177799596,279.3132214283867,283.43457879796097,49482700
2020-08-28,283.0088195800781,283.63765766897814,281.46088999826964,282.81531731073915,28021000
2020-08-31,285.282470703125,287.0916026157687,283.0960180475544,283.5313835933447,36321000
2020-09-01,290.1582946777344,290.2743842249935,286.16271212186626,287.93313676616793,36216200
2020-09-02,292.90594482421875,293.6218502667113,287.2270030536581,293.4090095237664,50836800
2020-09-03,278.0555114746094,288.90064514411176,275.1531541321541,288.39758050016957,110083300
2020-09-04,274.3501892089844,279.5260664086072,262.9535990156982,276.2657559430866,123959000
2020-09-08,261.16375732421875,269.1645771285318,260.8831878934982,263.3598633923325,99568600
2020-09-09,268.8357238769531,270.93507941244224,264.1145506289995,266.66863957598133,64837900
2020-09-10,263.47601318359375,273.01511029037704,261.75394889576535,271.7961106792902,69667500
2020-09-11,261.64752197265625,266.2622594432859,258.21304812541126,265.2270782554954,71809000
2020-09-14,266.2042236328125,268.19717334742415,264.07581640152523,265.4302439467507,38525200
2020-09-15,269.977294921875,271.3220680816617,266.17521364561674,269.94827252756414,41849900
2020-09-16,265.67218017578125,271.23503337667654,265.32391136443954,270.7706749615542,42321000
2020-09-17,261.5217590332031,265.4689521239868,258.00021786727586,258.84189679311385,81570800
2020-09-18,258.18402099609375,263.2341237780638,254.0820322085779,262.9438998635904,86251100
2020-09-21,258.80316162109375,258.9385895838639,251.64399133019293,253.9271939996731,57168600
2020-09-22,263.6114807128906,264.1919286218145,257.86481022007473,261.20250379362176,41128900
2020-09-23,255.5622711181641,263.4760259522478,254.68188574797003,263.2922076043881,48837300
2020-09-24,256.7522277832031,259.9544931293643,252.71793795178283,252.8824178640421,70631700
2020-09-25,262.7213439941406,263.5340003825071,255.6976308545644,257.255244408826,55242400
2020-09-28,268.17779541015625,268.17779541015625,262.8277852516247,267.5779501702324,58438300
2020-09-29,266.968505859375,268.6712020340795,266.40736692479027,267.61668244413096,27050000
2020-09-30,268.79693603515625,271.9411559229648,266.89105387603564,267.16193933155176,49380800
2020-10-01,273.0634460449219,273.6729457945265,270.7318821655367,272.6184261977125,50020200
2020-10-02,265.3819274902344,273.0538197289879,264.5402484294594,267.0362632139753,75497400
2020-10-05,271.04150390625,271.3607502499344,267.23942255537673,267.34582816183547,28184600
2020-10-06,266.2042236328125,272.0379608118565,265.3238383473394,270.3546029716696,49704200
2020-10-07,270.80926513671875,271.60255359693394,268.2551768522164,268.84533811728915,27539700
2020-10-08,272.2507629394531,273.2762600443379,271.1865594746759,273.20853129560163,25443300
2020-10-09,276.4107971191406,276.48820983920064,273.5084401272333,273.8954151546272,30201100
2020-10-12,284.94378662109375,287.77841538987593,280.04847928189264,281.0933150021138,79370700
2020-10-13,284.9340515136719,287.3817047440142,283.5699401763076,286.7432121833182,64240000
2020-10-14,282.5541076660156,286.70448617188,280.81270538941675,285.7370339017028,36949100
2020-10-15,280.6579284667969,281.248060219857,277.21380051395136,277.8523225983736,42514200
2020-10-16,279.1196594238281,283.7247120792235,278.7713612595345,282.3025560839823,40570700
2020-10-19,274.56298828125,281.99304539448815,273.5858814018512,281.03524741066656,36756800
2020-10-20,275.1531677246094,278.25868196764213,273.74069534831114,275.2982796940395,32195400
2020-10-21,274.94024658203125,277.96837673049015,274.4565204758697,275.4046342726937,29306100
2020-10-22,274.9306945800781,276.672127112734,271.68006775802075,275.7723736849211,32196200
2020-10-23,275.4723815917969,275.63686148730443,272.60873081007645,275.5014039822625,24658500
2020-10-26,271.34136962890625,276.0141516237852,267.7521295734599,273.18920721373644,38421100
2020-10-27,273.46014404296875,274.28248462350115,271.0802190131287,272.3378955309012,30559100
2020-10-28,262.79876708984375,269.5709334513047,262.54722003435563,268.96143375488487,53413500
2020-10-29,267.39422607421875,270.3933053778075,263.6501598827834,264.11454773832725,43246300
2020-10-30,260.61236572265625,266.281623343448,258.3775527534436,265.4109219764302,65838300
2020-11-02,261.19281005859375,264.61757030336025,258.28076888148894,263.00194132601484,39987400
2020-11-03,265.7107849121094,267.8101695251323,262.0247937804703,263.1083357003649,43604100
2020-11-04,277.57177734375,279.3712246731452,272.69580888052,274.3598282237641,75728200
2020-11-05,284.8083801269531,285.77583271010906,282.4961542815417,283.9763555527979,52054200
2020-11-06,285.0211181640625,285.7467074151123,280.3966971850102,284.1504169676631,40959800
2020-11-09,279.19708251953125,289.40372297904185,278.7423787139035,287.9621988371177,86537100
2020-11-10,274.1953430175781,277.3298790122092,271.48645887128737,275.8883845373969,69024900
2020-11-11,280.32904052734375,280.80308279556846,274.1566889706012,276.7204321420818,36102900
2020-11-12,279.01336669921875,282.56393127610653,277.9008019435592,281.2965705378043,34414600
2020-11-13,281.4609375,282.0801212469425,278.50053533015796,280.7256937058883,24806900
2020-11-16,283.6570129394531,283.9569207765208,280.55146994380436,281.1609695882644,30168400
2020-11-17,282.7573547363281,284.17951120893724,282.11883249104346,283.8505808748772,21843500
2020-11-18,280.6675720214844,283.8214759609696,280.58050485757417,282.205847156801,28069600
2020-11-19,282.8638000488281,283.1733919711904,279.44869350185394,280.11623816756173,22718400
2020-11-20,280.9288635253906,283.53131312948705,280.8417963427337,282.7863558040206,25907300
2020-11-23,280.9384765625,283.2216497293889,278.69398022859906,281.9252672410926,26875600
2020-11-24,284.88580322265625,285.379213556915,280.2033356076232,282.0027834925204,24516800
2020-11-25,286.6368408203125,287.275363047315,285.0018436460883,285.94995777545125,23326800
2020-11-27,289.2779541015625,290.40020243829326,288.204066575533,288.60072560591834,17163100
2020-11-30,289.86810302734375,290.20671729517454,285.1856366366247,289.59721751794035,27836200
2020-12-01,293.5830993652344,295.20844184859413,291.0386948091692,292.14160472558103,27521300
2020-12-02,293.9604797363281,294.2990940527124,290.57439562110636,292.41254966450754,23620000
2020-12-03,294.37646484375,295.9243948502273,293.65087542111775,294.27005923343233,22828700
2020-12-04,295.5760803222656,295.7212218182587,293.7476104304128,294.4248094730478,19332100
2020-12-07,297.2497863769531,297.6174230579563,295.5760828908154,295.759901231317,20851000
2020-12-08,298.2559509277344,298.5558588522891,295.024662996755,296.7757497269518,18341500
2020-12-09,291.5030822753906,298.32360993230856,290.4388787232526,298.04306999188924,48839300
2020-12-10,292.6737060546875,293.7959544453921,288.3878987649172,289.4714407906166,27519500
2020-12-11,292.0255126953125,292.15128623113674,288.75551886109844,291.01935393302256,26760400
2020-12-14,294.1442565917969,296.0888159756463,293.14778173088405,293.21548096516074,28804800
2020-12-15,297.28851318359375,297.28851318359375,294.2119915240718,296.3984438144814,25709000
2020-12-16,298.9234924316406,299.7071266165933,296.64028911520074,297.6851543780097,25461900
2020-12-17,300.87762451171875,301.10980358446716,299.3200406915361,300.51967193313254,23730500
2020-12-18,299.96826171875,301.8257831498572,297.5979917428754,301.51619132395575,41173400
2020-12-21,299.4071044921875,299.9401559146954,294.250921921989,297.02283664353786,37095500
2020-12-22,300.2212219238281,301.14194976028665,297.40082927242577,300.30844690342,26176300
2020-12-23,298.70928955078125,300.62829842722294,298.5542130474029,300.26969695345633,21201300
2020-12-24,300.02740478515625,300.4732312600848,298.8934503370828,298.97097380227143,16785000
2020-12-28,303.05133056640625,303.5262616280765,300.8027655062896,302.6345790774025,22497700
2020-12-29,303.32269287109375,304.9994298515296,302.42133841534746,304.379123831778,25871900
2020-12-30,303.3323974609375,304.8055799060059,302.71209143491757,304.48575494609014,18138100
2020-12-31,304.0786437988281,304.5632467395812,302.15963508324836,303.2354394143684,21611400
2021-01-04,299.78509521484375,305.5809575441323,295.7822698396401,305.4064779909717,45305900
2021-01-05,302.2566223144531,302.5280284370665,298.7965787628583,298.7965787628583,29323400
2021-01-06,298.06964111328125,302.27599188041745,296.55768202012894,297.54626155709104,52809600
2021-01-07,305.2805480957031,306.1140511445384,300.6961925936404,300.7252675935341,30394800
2021-01-08,309.2057800292969,309.5547095596435,305.3774046091996,307.56781957057547,33955800
2021-01-11,304.7377624511719,307.4224524136151,304.0883814192391,306.2497214395726,32746400
2021-01-12,304.2532043457031,305.86206050889166,301.61696246298015,304.7765543650335,29266800
2021-01-13,306.3078918457031,307.10261833669665,303.9139516915649,304.5148547170226,22898400
2021-01-14,304.669921875,307.7519899560622,304.19499080671324,306.75370892686954,23500100
2021-01-15,302.2566223144531,305.4162438970654,301.01603959858863,304.45673925260405,35118700
2021-01-19,306.66650390625,307.1704804273675,303.4778075735945,304.5730151928174,24537000
2021-01-20,313.7998352050781,314.7399662658125,306.76341932672693,310.28164205481335,30728100
2021-01-21,316.3100280761719,317.05633556018074,313.7610413662639,315.13729720135154,25130600
2021-01-22,315.3990173339844,316.4069702389645,314.7108598045734,315.2730158264072,21609400
2021-01-25,318.0061950683594,320.1481618170667,311.5125320309247,318.7815776847995,39080600
2021-01-26,318.4714050292969,319.60538909572153,317.1435975040631,318.7234080613514,25498100
2021-01-27,309.5934753417969,316.2228410436021,307.58721175922113,316.2131690962116,55264000
2021-01-28,311.42529296875,316.3682497057302,310.17500889095487,310.79531495609456,42836300
2021-01-29,304.87347412109375,310.8437873574935,303.12891493977025,309.7388781855848,55259000
2021-02-01,312.4913635253906,313.57686934617044,306.2884224161085,308.3140590955664,35646000
2021-02-02,317.5893859863281,318.74274338725553,315.29237270849,315.45715072768695,33930800
2021-02-03,316.3294677734375,320.03184189465435,316.27131777805255,319.66353887200273,24824500
2021-02-04,320.0705871582031,320.1578121508223,316.40698957909655,317.7251251491448,22350900
2021-02-05,321.1561279296875,322.1641105831951,319.38249373215876,321.0204544524247,22732000
2021-02-08,323.3077697753906,323.46284630646204,321.20460902422445,322.84256976000034,20462800
2021-02-09,323.2398986816406,324.4998546355321,322.36758962975637,322.37729115454334,17597500
2021-02-10,322.5033264160156,325.1298666378689,319.3534066238231,324.6743385925005,28068700
2021-02-11,324.27691650390625,324.68399602062,321.89267812835,324.0346150143386,22046100
2021-02-12,326.0894470214844,326.2541955165501,322.38707213434657,323.4338018456358,20346800
2021-02-16,325.20745849609375,327.7758490252681,324.04439921828885,326.8841663019075,27080800
2021-02-17,323.64691162109375,325.32364843742187,320.0027176340885,322.2318793215303,31360300
2021-02-18,322.2319641113281,323.5888467814989,318.2485115255932,320.0609518390549,32236200
2021-02-19,320.82659912109375,323.70514247994913,319.8089445264556,323.57914095192615,39157700
2021-02-22,312.51080322265625,317.70573348811814,312.30727823258223,316.44577744580255,47256900
2021-02-23,311.5802917480469,313.24732690992033,301.4230042992116,307.2382391088427,97241900
2021-02-24,314.1488037109375,314.4589567870725,306.2303762097471,308.92476820579117,58206300
2021-02-25,303.1966552734375,314.05177270448047,301.65562150993003,311.493084622107,110182600
2021-02-26,304.46636962890625,309.2832947787823,301.3067487846613,306.12370351235546,104739800
2021-03-01,313.6254577636719,313.9646858785007,308.14944817684716,309.4384795198025,49164500
2021-03-02,308.5951843261719,314.34256880454757,308.3432108792186,314.26504533882803,48370000
2021-03-03,299.6398010253906,308.4401805621966,299.5816510179314,307.500049337837,86301100
2021-03-04,294.735595703125,302.43109488919055,290.86844305731273,299.271473379869,139131600
2021-03-05,299.174560546875,300.07591520765766,288.29039392964586,297.35244817164187,121523700
2021-03-08,290.7036437988281,300.512003576939,290.2868923264038,298.6317416108626,88409800
2021-03-09,302.1693115234375,304.06897637547166,297.46868659047146,298.0017380021016,80391100
2021-03-10,301.30670166015625,306.72455849368623,300.61857382891435,306.4241070640814,76798100
2021-03-11,308.2463684082031,310.0103013290982,305.15459806058067,306.0462512596568,53484800
2021-03-12,305.7457580566406,308.43047797154094,301.8011115793504,304.19502233019176,69315600
2021-03-15,309.0119934082031,309.17677147307455,304.42766710582436,306.0656279165316,42955700
2021-03-16,310.70806884765625,314.2166196657638,309.2736627941333,311.2023734081659,54925900
2021-03-17,311.9874572753906,313.8774211202588,305.95899377153285,307.67450760611854,78258700
2021-03-18,302.43109130859375,308.0912516000334,301.9755632410346,307.1123439366389,82718100
2021-03-19,303.4971923828125,305.0382264310817,300.1243447287122,302.26628178699343,78446200
2021-03-22,309.1886901855469,311.2557108380193,305.88923408616284,305.88923408616284,56194800
2021-03-23,307.83990478515625,311.59546535450744,307.0247468768243,310.2756943453556,53455400
2021-03-24,302.6480407714844,309.24698344349076,302.50248217460296,309.20815794592994,64803700
2021-03-25,302.1240539550781,303.6379524774981,298.3005857976996,300.80428295499746,78729000
2021-03-26,306.6559143066406,306.97614321178946,300.5131047500999,301.9104968604714,63519600
2021-03-29,306.5686340332031,307.6166857074002,303.2303514928985,306.122244395599,54608000
2021-03-30,305.0256652832031,305.5982156181683,302.327870178271,304.60838735325643,44635700
2021-03-31,309.6933288574219,311.25570693315365,306.47149416830865,306.81115058938997,55032500
2021-04-01,314.9724426269531,315.1082874143051,313.2644765105016,313.51679776366024,55685600
2021-04-05,321.2608947753906,322.0275428991795,317.2142175655649,317.45682510719115,42172500
2021-04-06,321.0377197265625,322.9882642529045,320.2613578123154,320.95038456405575,33537200
2021-04-07,321.81402587890625,322.6486111670162,319.6305581481029,320.5621627543296,32046400
2021-04-08,325.17169189453125,325.35607597538365,323.87131916627106,324.66707892414195,29940800
2021-04-09,327.1417541503906,327.34556584251015,323.0756783159043,323.8131852279724,36664900
2021-04-12,326.7146911621094,327.1319689672799,324.8320545350911,326.10331550491,25833000
2021-04-13,330.5284729003906,330.9942603593308,328.0247468478908,328.2382426382964,30374000
2021-04-14,326.5594787597656,330.89730297398444,325.7443209388951,330.77114230852,42564300
2021-04-15,331.5086364746094,331.8968322351225,326.27803325321327,329.43193130872146,36342800
2021-04-16,331.8968811035156,332.11037695716146,330.02392809032045,332.03272594755407,40860100
2021-04-19,328.8593444824219,331.47948788337334,326.9378822962506,330.3247033543837,34533100
2021-04-20,326.4623718261719,329.4803950215686,324.4924000385341,328.19944988212427,38081800
2021-04-21,329.2572937011719,329.4416778211828,324.0945975712304,325.1814747322325,36598100
2021-04-22,325.2881774902344,329.8491811367838,324.13336331578,328.8690668857819,45936100
2021-04-23,329.3834533691406,330.69351053391887,325.9190102176331,325.9190102176331,36381900
2021-04-26,331.52801513671875,331.80944813703036,328.8787304993542,329.62598057447394,30812000
2021-04-27,330.09185791015625,332.0327184942115,329.14085517768586,331.81922264535814,33187200
2021-04-28,328.975830078125,330.7711318290207,328.32562882870786,329.76187615246016,33615700
2021-04-29,330.15966796875,332.66336412713804,326.937833532547,332.2460863699352,37708900
2021-04-30,327.99566650390625,330.19856182815215,327.08345982266536,327.71426309227223,38263400
2021-05-03,326.2488708496094,329.94620685723686,325.80248133258067,329.19898640316984,29729700
2021-05-04,320.3778076171875,324.0169204943218,316.5639948144166,323.69666197663526,65147000
2021-05-05,319.3005676269531,323.2890501508602,318.5242355072764,322.4253532736857,46219300
2021-05-06,321.7073059082031,321.8625782847719,316.79693175802845,319.0386230172309,46814300
2021-05-07,324.3177490234375,326.69528498289117,321.8819600124243,324.48270555479803,53324500
2021-05-10,316.12725830078125,323.11433591334713,315.923446695893,322.9396656364464,60700500
2021-05-11,315.6905822753906,316.48634198642156,309.5865692571436,310.2464841674861,71963600
2021-05-12,307.5195617675781,313.08010643996755,306.6558648948386,310.76079425410165,91164900
2021-05-13,309.8971252441406,312.86663879564367,307.52927357866866,310.45999125151934,69877800
2021-05-14,316.7386474609375,317.65082437335093,312.5560671058498,313.0607096365314,44370000
2021-05-17,314.8172607421875,316.7192956178089,311.9447956788766,315.03075656808636,39395000
2021-05-18,312.6920471191406,316.99104616719796,312.4203278243808,315.76832414836974,36528500
2021-05-19,313.0511474609375,313.35197852367827,306.94713179126245,307.2965021443982,66319100
2021-05-20,319.1065673828125,319.9605507447365,314.3126691741592,314.53584917885684,46466100
2021-05-21,317.3403625488281,321.0764948131622,316.98130814338737,320.65921696982167,50330400
2021-05-24,322.6777648925781,323.8034675119384,317.2336359084848,319.6305997585061,32475800
2021-05-25,323.1241149902344,324.90970283924935,321.94990284909704,324.19159403453045,31280300
2021-05-26,324.2497863769531,324.71557383148564,323.1046860643289,323.79368308427416,25444900
2021-05-27,323.0368347167969,324.64775252730004,322.8330526512748,323.80348292638405,27931700
2021-05-28,324.05572509765625,325.64724472071146,323.7354961865268,324.2401091909413,29927400
2021-06-01,322.97857666015625,325.860755452993,321.62966450701225,325.3852245308222,31145400
2021-06-02,323.60931396484375,324.453583380369,321.89166341653976,323.39581816659336,22047900
2021-06-03,320.24200439453125,322.04699056764895,318.572863065807,320.77572922244894,37057800
2021-06-04,325.6764221191406,326.1228117751915,321.96937117994383,322.03730841015556,38736500
2021-06-07,326.64678955078125,326.7050129897003,324.4536079675706,325.1426050715648,32611900
2021-06-08,326.8021545410156,329.25734229515484,325.1232992692595,328.3936450144567,27282800
2021-06-09,326.8796691894531,328.9466900273445,326.6952851024466,328.17035779849925,21485300
2021-06-10,330.2858581542969,330.39259123957316,326.77290627431074,327.21929578440205,33702100
2021-06-11,331.1496276855469,331.1593414654519,329.6454725593959,330.29564427901624,21222800
2021-06-14,334.3229064941406,334.3325906574946,330.3926465465192,331.5765725355183,27827700
2021-06-15,332.13946533203125,334.28410788253154,331.4213268119727,333.9735630962998,35963800
2021-06-16,330.9263916015625,333.6726958677757,327.47166267150703,332.60521679047145,55399500
2021-06-17,335.1282958984375,336.13755140048033,329.86858183189156,329.917091486293,59722700
2021-06-18,332.4985046386719,334.61403537004617,331.7512544298912,333.46893484005597,55414900
2021-06-21,334.56500244140625,334.8856325179715,330.47476007480685,332.6899065192554,32992600
2021-06-22,337.68365478515625,338.1305621489894,334.0597409959635,334.3609209204521,28941600
2021-06-23,337.84881591796875,338.9952743346827,337.0132921332687,337.62537705205324,27188500
2021-06-24,339.93768310546875,341.46300322274897,339.2381617228856,339.78223061494685,32581600
2021-06-25,339.5199279785156,340.7440979417093,338.9175680440978,340.50120895850637,28682800
2021-06-28,343.6490173339844,343.78504938710785,340.74407478018696,340.8023657602307,39130300
2021-06-29,344.8925476074219,344.92169309236914,342.63856092260255,343.47408459077593,29426000
2021-06-30,344.3484802246094,345.12574257565615,343.765540873706,344.73709657536926,32724000
2021-07-01,344.4845275878906,344.98972590141256,342.64827299824105,343.99874971543665,29290000
2021-07-02,348.4387512207031,348.759351556593,346.14586434607344,346.3790282267206,32727200
2021-07-06,349.9446716308594,350.2264311031794,346.3499034583853,349.04113188977976,38842400
2021-07-07,350.6830749511719,352.4415885625739,348.7302383215752,352.1404086390429,35265200
2021-07-08,348.5650939941406,349.4200679163913,344.3388496163626,345.62128085020595,50890000
2021-07-09,350.7414245605469,351.2174774903175,347.3992697056887,347.9822092081937,35184500
2021-07-12,352.1112976074219,352.5679300602868,350.56649765552464,352.1404430980501,25717700
2021-07-13,352.1112976074219,355.07453120291746,351.25632368294856,351.73237657972146,39723000
2021-07-14,352.7427978515625,355.09394645998833,351.9169694297803,354.45271602599973,35336400
2021-07-15,350.26531982421875,352.8593871039803,348.263917056866,352.65536866834645,53391600
2021-07-16,347.4283142089844,352.101494618964,347.0785387493391,351.1202139024751,47262000
2021-07-19,344.5816955566406,345.07716883415947,342.02649915567275,343.97930607789306,64404600
2021-07-20,348.58453369140625,350.03214242822906,343.7364498108535,345.5144136301292,42183700
2021-07-21,351.275634765625,351.275634765625,347.9334811829283,348.1569496411954,30259900
2021-07-22,353.5977783203125,353.6074737175383,351.47976394470055,351.47976394470055,30252200
2021-07-23,357.7268371582031,358.00856697658435,353.56857975570756,354.9190268234628,31960800
2021-07-26,358.0086669921875,358.3973131183733,356.17244153896695,357.03711097579617,28438100
2021-07-27,354.0640869140625,357.74629184182237,349.9155541597789,357.74629184182237,57933100
2021-07-28,355.4242858886719,356.998231370159,352.90795963703147,355.2008470048349,42066200
2021-07-29,356.0557556152344,357.221604704828,354.86073139011114,354.86073139011114,25672500
2021-07-30,354.2000732421875,354.78301259962615,352.10150934512467,352.1306548305202,36484600
2021-08-02,354.22930908203125,356.4444554857011,353.52006255712615,355.8615159795701,27334100
2021-08-03,356.3763122558594,356.4928941855685,351.7031321263633,354.88983335301896,35558500
2021-08-04,356.89141845703125,357.84355412017965,355.2300658081602,356.337624357561,29602200
2021-08-05,359.1550598144531,359.38822372781095,356.99820466729994,357.70742145360697,21443900
2021-08-06,357.58111572265625,358.8635765497484,356.47355748073585,357.8920207079267,33332100
2021-08-09,358.24176025390625,358.7663790081449,356.93987911454457,358.0377121999518,25960200
2021-08-10,356.40557861328125,359.0482119645274,355.2202791767032,358.7567570414076,35130800
2021-08-11,355.79345703125,358.1640556605862,354.4624302700103,357.66858234224264,34249800
2021-08-12,357.0758972167969,357.43536811406886,353.93776135089763,355.28823812662705,25969200
2021-08-13,358.3292236328125,358.6595490527327,356.9301808840148,357.4256838386604,19336200
2021-08-16,358.48468017578125,358.5235210612484,353.35486658868456,357.21194441275657,34856900
2021-08-17,355.3271484375,356.70674120576933,352.89825869804963,355.7351853099892,44793900
2021-08-18,351.9072265625,356.1917913024979,351.57690114042134,354.79274854455855,38541900
2021-08-19,353.6074523925781,355.27852960997615,349.7212290637019,349.9738430679288,48499400
2021-08-20,357.2702331542969,357.66857459932345,354.3652610843774,354.67616606335383,39486000
2021-08-23,362.6138000488281,363.30359639946914,358.30008970905754,358.3097851058622,34034700
2021-08-24,363.7214050292969,364.3237649888982,362.74012400828065,363.20648154936,21732900
2021-08-25,364.13916015625,364.7124042614198,363.2258951863814,363.9740122476023,20441900
2021-08-26,361.8268127441406,363.96421764744815,361.3896007880284,363.2841463984758,29133300
2021-08-27,365.3438720703125,365.8490704411561,361.97257206698066,362.4583499945528,27104700
2021-08-30,369.4438781738281,369.92965615295554,366.1114187033676,366.130868798235,27295700
2021-08-31,369.14263916015625,369.75469441035887,367.5978393420069,369.6867080378009,29628200
2021-09-01,369.7546691894531,371.8240876523357,369.55065078663495,370.20160617594934,28138300
2021-09-02,369.5797729492187,371.43544784695985,368.3653283551102,371.10512247530545,25453400
2021-09-03,370.7165222167969,371.1148636188877,368.4139399104051,368.4333603509238,24605400
2021-09-07,371.2412109375,371.8921664366808,369.6672951224914,370.8234490161401,23970200
2021-09-08,369.9490051269531,371.0662883331886,367.6852932273467,371.0662883331886,32949200
2021-09-09,368.67626953125,371.2800318811056,368.43338058855016,370.17247372014936,29399000
2021-09-10,365.8782348632813,371.10521037835343,365.54790941338325,370.38626849619504,40249400
2021-09-13,365.6255187988281,368.6373471949684,363.5755506422916,368.20986034392786,48741800
2021-09-14,364.5860595703125,367.84074796435834,363.6339241587504,367.1120810732379,41826600
2021-09-15,367.2966918945313,367.64646743225006,362.7498174509155,365.0427047662,34097900
2021-09-16,367.5492858886719,368.12250027388,364.0419835530262,365.9656451323104,35193100
2021-09-17,363.1966552734375,367.1217486139849,362.15711320524946,367.0731826886635,60912300
2021-09-20,355.6918640136719,359.1446989416401,351.0523860759697,357.4036777365787,76203200
2021-09-21,356.1296081542969,358.7168157950645,355.0013501820699,357.52046638119464,41927500
2021-09-22,359.4559631347656,360.9149125462884,355.9447427828518,357.0438227553833,46972900
2021-09-23,362.7726135253906,363.8036019787522,359.97142614931414,360.6133673965316,44652000
2021-09-24,363.1130981445313,363.53135293153184,360.13684326605903,360.5064485891541,36056800
2021-09-27,360.214599609375,361.0899632808485,357.66630616651645,360.06871061119614,43338100
2021-09-28,350.02142333984375,360.16597812722546,349.51566487941074,355.66271239422485,97701600
2021-09-29,349.44757080078125,353.42563606941854,348.8251011374554,351.285861353883,58076600
2021-09-30,348.1637268066406,352.7545561025401,347.3272766106787,351.09136185731893,61384600
2021-10-01,350.322998046875,351.3637226328457,344.68173769486793,348.7862507424012,56375500
2021-10-04,342.9698486328125,349.0390691415434,340.73280457366985,348.70837747868603,76766000
2021-10-05,347.599609375,349.8463893796275,343.8063463595513,344.0300329676691,47232900
2021-10-06,349.82696533203125,350.09930141677904,343.4853784291213,344.3899201017758,56806500
2021-10-07,353.03662109375,355.68218419014494,352.3363241069865,352.87126041417304,39411200
2021-10-08,351.2761535644531,354.34967754390766,350.74118758106675,354.1162254294243,41822300
2021-10-11,348.58184814453125,353.26020906424054,348.4942850808875,349.7392537515346,34847200
2021-10-12,347.36614990234375,350.4688217397953,346.7242085862634,350.03115471683304,43905100
2021-10-13,350.1478271484375,350.8189461917306,347.64815359196314,349.67124654874203,40120800
2021-10-14,356.59637451171875,356.8103549187942,353.0754484627125,353.73683165461904,43433900
2021-10-15,358.8431701660156,358.95988136016933,356.78119324956873,357.8121817077922,40419900
2021-10-18,362.4516906738281,362.66567112653223,356.94658419280813,357.54961191886395,34513500
2021-10-19,365.1945190429687,365.243138820719,362.5003362791969,363.5215890711845,29091000
2021-10-20,364.7179260253906,366.2644089038195,363.23950489702867,365.6516453763961,31390300
2021-10-21,366.94525146484375,367.13978994323423,363.6188631341587,363.9203769979809,25469300
2021-10-22,363.8619689941406,366.6534206308841,362.19877506830113,365.6905235710402,36275800
2021-10-25,367.5871276855469,368.5014049436378,363.3367268593153,365.2819925688876,32597800
2021-10-26,368.74462890625,372.2363779156397,367.5677512531877,369.82426700241473,47191300
2021-10-27,369.6004943847656,372.66428202015936,368.9293753230013,369.1919755149265,45760500
2021-10-28,373.705078125,373.9579722207458,370.7288233150904,371.49721174896024,38007000
2021-10-29,375.5432434082031,375.7086040476494,370.2813259791611,370.6314595463677,37310100
2021-11-01,376.82720947265625,376.95365651633944,373.8996042225349,375.981023481736,30765300
2021-11-02,378.40283203125,378.8794423541163,376.1657881505037,376.2144079243628,25135300
2021-11-03,382.4197692871094,382.8379942805744,377.848412791825,378.8891073621499,33748900
2021-11-04,387.3218994140625,388.2750904027313,383.1395895493531,383.6842616336203,40265300
2021-11-05,387.6915283203125,390.01610580693085,386.29093439470984,389.0921222459152,43383800
2021-11-08,387.166259765625,388.6835647540906,386.5243184732125,387.66231205576224,29256300
2021-11-09,384.5012512207031,388.6349411109488,383.1395710756906,388.2361580537664,50490700
2021-11-10,378.8502197265625,384.5400979853036,376.92439605470673,381.72920456656664,54937400
2021-11-11,379.9007263183594,382.0016171956971,379.5602988261344,381.82655037652,32243000
2021-11-12,383.8982238769531,384.43316010787464,379.45328432637615,381.0483868740119,34730600
2021-11-15,383.8106994628906,385.3960960251262,381.36941078142974,385.0751401907172,33716900
2021-11-16,386.5438537597656,387.0398764491549,382.8867438612393,383.0812526688252,27872900
2021-11-17,386.748046875,388.7808461902663,385.78514974734816,386.8647580804848,28703300
2021-11-18,390.75531005859375,391.26106853591654,386.573000006846,388.7906020726515,45721500
2021-11-19,392.9339599609375,394.20810669892666,391.56254399543144,392.38928790572385,45191700
2021-11-22,388.3723449707031,397.5248250612639,388.26536958827234,394.4707728765568,61715400
2021-11-23,386.6021423339844,389.2768828543448,382.16693860936056,387.2148761381592,70098700
2021-11-24,387.8470764160156,388.12911856511744,381.7972990319402,384.12187605855655,46954400
2021-11-26,380.4939880371094,386.660476829211,379.10310048381626,385.2695892759179,51533300
2021-11-29,388.7516784667969,389.76322507789195,384.3262102771607,385.0556850127537,54447100
2021-11-30,383.0423278808594,390.21062820500714,381.02897048546834,387.8665791578093,81332700
2021-12-01,376.525634765625,389.5200254430795,376.0587899811894,387.3802212397502,77766500
2021-12-02,379.2393493652344,381.01925475492664,373.8217762489856,375.2418121657415,84416600
2021-12-03,372.6449279785156,381.6028706056144,368.5306792398121,380.6010596901618,105349100
2021-12-06,375.6309814453125,376.9926620893617,368.9197881239061,373.13130681298645,67588800
2021-12-07,386.942626953125,387.55539057722774,382.2350861426318,382.2739997790975,56005300
2021-12-08,388.673828125,388.8781024101654,385.3766179507723,387.273264023644,39204000
2021-12-09,382.9548034667969,389.24774019188266,382.7602649929764,387.4483631974559,49973700
2021-12-10,387.1176452636719,387.3802454713432,382.5948783547429,385.7656712319082,52545800
2021-12-13,381.52496337890625,387.42882209814735,381.1553581543373,387.10786632451544,50166400
2021-12-14,377.5762023925781,379.4144636194519,373.1312617534095,376.7008088077343,75199200
2021-12-15,386.1838989257813,386.54379804863623,373.3743396627244,377.3232270446941,73858000
2021-12-16,376.25335693359375,387.57481962538174,374.6679603490052,387.1468587185331,82591400
2021-12-17,374.3761901855469,378.5390584450025,371.3221081663101,372.8394133470758,80492500
2021-12-20,370.7445983886719,371.5334350211833,367.6087186657355,369.6538627842273,65336800
2021-12-21,379.0419921875,379.3536394122616,370.2673960601498,374.0167921394008,48899500
2021-12-22,383.65814208984375,383.8626475575773,378.0875748272812,378.7498028220549,37042200
2021-12-23,386.5505065917969,388.0210377404659,383.8431350808931,384.00867719973314,29595500
2021-12-27,392.9392395019531,392.9392395019531,387.8166456167567,387.8458606886362,32820700
2021-12-28,391.1179504394531,394.01036057021025,390.2414688253497,393.8350701914512,33113700
2021-12-29,391.0595703125,392.5203830962154,388.68331247336454,391.2543572384536,32248500
2021-12-30,389.8909301757813,393.0268094113681,389.3065991298355,390.84530882119145,23850100
2021-12-31,387.4562072753906,390.58233796658226,386.9595214731261,389.21891879599315,34752900
2022-01-03,391.1862182617187,391.4394353469124,386.51162877090127,388.62492150092214,40575900
2022-01-04,386.1123046875,391.7705172651739,383.01538866067614,391.73155393518823,58027200
2022-01-05,374.2505187988281,385.5474773607961,373.99730172965064,384.4274970750118,75739800
2022-01-06,373.9876098632813,377.2306314972155,370.199250118668,372.42943304347233,70814300
2022-01-07,369.9361572265625,375.6820437201376,368.1637272469557,373.9972292071015,72652300
2022-01-10,370.1797180175781,370.69590044692626,359.6618768929974,365.0279391905365,91770500
2022-01-11,375.740478515625,375.9060206305727,367.36514715066335,369.44922430083886,68295700
2022-01-12,377.2305603027344,380.00611053470755,374.95169592751887,378.31154749648664,54576400
2022-01-13,367.7937316894531,379.2951960521045,366.8588197680704,378.61347148673974,77994000
2022-01-14,370.0823364257813,370.4134504382263,365.06685520469034,365.2713904020376,80121200
2022-01-18,360.8694152832031,366.3913003128084,360.10979387535207,364.26825967552094,75450900
2022-01-19,356.9057922363281,364.90129926723534,356.6428269126242,362.4276479497391,81791500
2022-01-20,352.2701721191406,364.1027509832261,351.73455259619834,360.1293528653298,88610700
2022-01-21,342.5021667480469,352.7181079448339,342.2197346222496,350.0789145108733,143388900
2022-01-24,344.0701599121094,344.73241775804007,325.4204523266668,336.8732363075076,198685800
2022-01-25,336.0940246582031,341.85937838139654,332.75364016664133,337.6132971711856,124398400
2022-01-26,335.56817626953125,347.5565772992611,331.87718103363807,343.6902916646973,146559500
2022-01-27,332.1888122558594,342.0931056687476,331.16622553880836,340.27196393380945,95255700
2022-01-28,342.60931396484375,342.8235677167253,329.12116502061934,334.0684383999999,108167900
2022-01-31,353.5654602050781,354.1497914025669,342.3366777739083,343.97281107094085,94326400
2022-02-01,355.9709167480469,356.62342632692844,349.7576168140272,354.90939615460974,74433000
2022-02-02,358.8633117675781,360.43126650749025,354.7730532032093,360.10015246087346,78777100
2022-02-03,344.3135986328125,352.4746783595393,343.2520781277815,349.1635083008554,95384800
2022-02-04,348.6571350097656,351.95855710008027,342.77491938097467,344.8297821711798,86318300
2022-02-07,345.8523254394531,351.61765032861587,344.5960180338166,349.25114058242553,58198100
2022-02-08,349.73809814453125,350.82883374138515,343.58319902478024,344.71289795589774,64720900
2022-02-09,357.1493225097656,357.2272194618523,352.6597416325567,354.25691149334943,55766400
2022-02-10,349.06610107421875,356.9155332644288,347.2254922938927,350.12762153742625,112468500
2022-02-11,337.9931335449219,350.6632597451943,336.76604124970885,349.0660901088654,101569100
2022-02-14,338.41192626953125,341.8107713545148,334.905998885152,337.4380509471334,80254400
2022-02-15,346.8262023925781,347.05992294534923,342.6288023839486,343.6903228548699,55128800
2022-02-16,346.738525390625,347.76108243554825,341.54775406806425,344.5765213147969,58947100
2022-02-17,336.42523193359375,344.22595282253224,336.00644297006625,343.52476142259576,61801400
2022-02-18,332.5881652832031,337.74969251719716,330.2800855630904,337.36014833883615,80001500
2022-02-22,329.2476806640625,335.05199765750416,325.61514556279974,329.6469730214184,85967100
2022-02-23,320.8139953613281,333.24062324194284,320.5023481509499,332.4031047994044,86215400
2022-02-24,331.59478759765625,332.1304368387252,309.94555894702495,310.51039353763224,130614100
2022-02-25,336.7368469238281,336.94138213250466,328.57579699262675,332.39337147017665,78842100
2022-02-28,337.7399597167969,339.43452303674104,332.4031418162457,333.5620558611428,77515500
2022-03-01,332.5686340332031,338.9864680636294,330.0463008202966,336.7173519143617,67407000
2022-03-02,338.1489562988281,339.48316059979805,331.3512965393578,334.1170986077121,70609000
2022-03-03,333.3185729980469,340.89532171846434,331.4584675901399,340.78817997983646,71089400
2022-03-04,328.48809814453125,332.3933472673378,326.17030009780126,330.96174951241795,76936300
2022-03-07,316.3730773925781,329.63728233789755,316.1685719260236,328.4783684935688,89933800
2022-03-08,314.902587890625,324.5049841954412,311.58166951225644,315.5842827764271,116153900
2022-03-09,326.2384948730469,327.5921958789798,320.4926362364872,323.0831482409689,64723400
2022-03-10,322.6155700683594,323.8231953137946,318.1747023149713,322.17734413761485,69362700
2022-03-11,315.9251403808594,325.8976436312633,315.4382027323931,325.58599640336917,66228400
2022-03-14,309.8579406738281,318.0579546755952,309.1567492160719,314.6883542048612,79802600
2022-03-15,319.5771179199219,320.3562358559971,310.8901684049329,312.497056425142,76471000
2022-03-16,331.4291687011719,331.54602895352775,319.8205648687881,323.4920928787149,105243000
2022-03-17,335.4415588378906,335.4999889692299,328.2348886763728,329.5301295481416,67810000
2022-03-18,342.3074645996094,342.5996450601348,332.62714046985855,333.78605460654137,85446300
2022-03-21,341.3558044433594,343.696018954242,336.9679468710499,341.4728389745544,73799100
2022-03-22,348.0643005371094,348.93213540233734,341.4727846671497,341.8530501225999,63345900
2022-03-23,343.0621337890625,348.7468627183793,343.0036314121792,345.1878292583709,70615500
2022-03-24,350.687255859375,350.7360276774372,342.82811927095605,344.9830361401527,53555300
2022-03-25,350.3947448730469,351.6818566630685,346.09464168165056,350.628754377757,57584200
2022-03-28,355.8161926269531,355.91370650882885,349.146653754064,350.38499375841536,56833900
2022-03-29,361.9396667480469,362.5637019901702,356.9375054681398,359.70672694862424,68073000
2022-03-30,357.94183349609375,361.7349060109512,356.45972376857384,360.07725940542946,68757700
2022-03-31,353.5052490234375,358.43914777902,352.6666653724775,358.08810376601923,67011400
2022-04-01,352.83245849609375,354.54857786742474,349.65369038520504,353.76852631291604,54527800
2022-04-04,360.09674072265625,360.10650103702426,353.4077116185241,353.67097229295626,45950200
2022-04-05,352.10113525390625,359.3557275043423,350.96027939900637,358.6439089147844,62738700
2022-04-06,344.45654296875,347.8888115907823,341.8238168036105,346.78696715690586,90077100
2022-04-07,345.2756042480469,347.46953278848014,340.0004213866467,343.46194118095065,63777400
2022-04-08,340.44891357421875,344.29072819287865,339.8151180142693,343.5399278842686,61956100
2022-04-11,332.3947448730469,337.1336152464879,332.0534612200127,336.21703846727803,66107400
2022-04-12,330.9906311035156,339.0252738193308,329.61576592396983,337.14337819166946,72790200
2022-04-13,337.71875,338.7718226397427,330.61041297128776,331.33196219190665,61367800
2022-04-14,329.9960632324219,338.3232483542657,329.7815446072718,337.80645754236645,73519400
2022-04-18,330.2496032714844,332.54104552775783,327.4218793147686,328.9430006089207,58560600
2022-04-19,337.6309814453125,338.20627468447685,328.5822463696504,329.6060677727792,56515700
2022-04-20,332.70672607421875,338.89848421190544,331.48787721865256,338.44019585193047,65500000
2022-04-21,325.82269287109375,339.2007800342766,324.8963855304097,336.58757504715226,75801000
2022-04-22,317.2908020019531,327.1976113773675,316.8617647243402,325.97876223802604,82562100
2022-04-25,321.36663818359375,321.6786707164179,314.39482680195033,315.66244780765106,101755900
2022-04-26,309.23663330078125,319.4944558229734,308.96358255665734,319.30918839349266,105819600
2022-04-27,308.8662109375,314.83369308336916,307.15006138969625,309.33423008176163,111204200
2022-04-28,319.83575439453125,321.6689081461176,309.6071528246811,313.8292626421862,99450000
2022-04-29,305.443603515625,319.075223412998,304.8098078954962,315.63319453014344,91977900
2022-05-02,310.5432434082031,310.7772529007873,301.9332771565138,305.03402196148,115511800
2022-05-03,310.87481689453125,313.1662594023677,308.1055950099553,310.56278434940856,78185500
2022-05-04,321.3861389160156,322.0589460045462,306.06765165068026,311.35256472176445,116083400
2022-05-05,305.1997985839844,317.144519135594,301.90402602983977,317.06652589040266,154607400
2022-05-06,301.54327392578125,307.2377334745027,297.5064313350277,303.2009206408079,139572800
2022-05-09,289.7447814941406,301.64075976693016,288.3504253646002,295.91704956152574,113387300
2022-05-10,293.2648620605469,298.1402585982894,289.1792773813539,296.92140946385376,124124600
2022-05-11,284.567138671875,296.511860068782,283.69933357058653,291.0026679881509,140326100
2022-05-12,283.8942565917969,288.37962612795286,277.8390240843642,280.2864819974274,120910900
2022-05-13,294.4154357910156,295.4490174318297,286.7512972908962,288.3504415696245,83684900
2022-05-16,291.0026550292969,294.72746492235825,289.72530358674845,292.6700322221477,59190400
2022-05-17,298.5399475097656,298.9202128422616,293.0599785891565,296.862810456412,62715300
2022-05-18,283.8846435546875,294.71776189204365,282.62678274019294,294.0254638189151,79477100
2022-05-19,282.36346435546875,287.0536233934312,280.413305660472,282.08071276977756,79920700
2022-05-20,281.48583984375,286.4782402945012,273.22691831272135,285.82495393267806,91764200
2022-05-23,286.16632080078125,286.5465863034424,280.1305767702019,282.52926382740617,63648400
2022-05-24,280.081787109375,281.66141091858105,275.21615060325445,280.9496220270844,73491100
2022-05-25,284.0015563964844,286.0784797006402,278.3850910959002,278.58984938084336,67144500
2022-05-26,291.8705139160156,293.42091640244973,282.9192918526736,283.20207322054017,59462200
2022-05-27,301.3970031738281,301.54325911042497,294.88348090288605,295.0004856521635,66985600
2022-05-31,300.5973815917969,303.5713609225471,296.7458072717279,301.36770240722115,60968300
2022-06-01,298.374267578125,304.85853901035546,296.1608482664755,302.7328732653819,65341700
2022-06-02,306.5453796386719,306.7208867392272,295.83900014899854,297.2528767810407,59291300
2022-06-03,298.56927490234375,302.7328525405804,297.321174666632,301.32873605577254,60914700
2022-06-06,299.5639343261719,304.5660970750216,298.00380112712696,303.00596387597676,51785000
2022-06-07,302.14776611328125,302.9278472737371,295.1467050816167,296.23878894920125,44900300
2022-06-08,299.973388671875,303.95169883811553,299.1250447456459,301.3482242002919,38342100
2022-06-09,291.938720703125,301.3482294885749,291.77297389502866,298.2864961255871,55900500
2022-06-10,281.6418762207031,287.5216026829034,281.1933481148443,286.33200485314705,85963500
2022-06-13,268.546630859375,275.3039242046248,267.68855619514085,272.7784720379273,94442000
2022-06-14,269.0340576171875,271.7155249385149,266.5280973788367,270.7404459125776,64697500
2022-06-15,275.75244140625,279.6820101835615,269.71669756181245,272.4566980422643,86051400
2022-06-16,264.6267395019531,269.1803423773034,262.56930706299113,268.72205399569987,81910300
2022-06-17,267.8444519042969,270.2821493953207,263.76862884099694,265.3969941010531,82703400
2022-06-21,274.6020812988281,276.9174861769015,272.2183421476892,272.3257927236614,51633700
2022-06-22,274.2015686035156,278.6076088822081,271.5051672393198,272.10109459964207,67472900
2022-06-23,278.2852478027344,279.1351926915743,273.8498699692125,276.683029536765,57457800
2022-06-24,287.8203125,288.2404252458299,280.8741860701197,281.1086454153192,58422300
2022-06-27,285.71002197265625,289.74481430428483,284.5767524976835,289.1781944739237,54151500
2022-06-28,277.0054016113281,288.8362940946561,276.81977806261284,286.2473733023831,61609800
2022-06-29,277.2594299316406,278.76394687885903,274.36765551748465,276.868654440148,57302700
2022-06-30,273.8205871582031,277.3962413473168,269.42429542287243,274.2797565986859,79313600
2022-07-01,275.6279296875,276.01870517279946,270.645460260721,272.5212243301203,56675100
2022-07-05,280.34661865234375,280.4638483232388,270.3719299635599,271.89597531371504,61829300
2022-07-06,282.1441955566406,284.24466970613287,279.0081827619103,280.727630686022,63194700
2022-07-07,288.1817932128906,288.8852010207753,282.9550853168003,282.9550853168003,56620100
2022-07-08,288.543212890625,289.9109417837041,284.4106889856484,285.34855596743785,59895500
2022-07-11,282.37872314453125,286.35490228897805,281.4994707233647,286.1302220053013,55273900
2022-07-12,279.6431884765625,285.5439965591251,278.050749340826,283.62917585417716,55797100
2022-07-13,279.0668640136719,281.4115473137057,273.56660901420037,274.1332589487202,73939400
2022-07-14,280.06329345703125,280.9327666322429,273.35159737692584,276.4680816551164,63741800
2022-07-15,285.14349365234375,285.25097407105335,281.44083049562784,283.0528280764293,63818100
2022-07-18,282.73040771484375,289.33462456868074,281.55808110992064,287.92780879136325,59519600
2022-07-19,291.4252014160156,291.7183053387697,284.75262248895035,286.3548106391774,55172600
2022-07-20,296.0462646484375,297.2283702220619,291.0637950490178,291.84537586095666,67769400
2022-07-21,300.2960510253906,300.35466586575325,293.84815025713857,296.50546567254037,55049400
2022-07-22,295.0302734375,301.43908808714843,293.20337457134076,299.3679507669195,57127700
2022-07-25,293.3498840332031,295.5285015713093,291.3471408242923,295.0595530505578,40582400
2022-07-26,287.5857849121094,291.9039323185086,286.7749266595334,291.6499148786459,50074100
2022-07-27,299.7390441894531,301.4291841575297,291.58147804636843,292.1481276650469,69304400
2022-07-28,302.6700439453125,303.2464430897047,295.77275274053386,299.5242516253282,55139900
2022-07-29,308.1897277832031,309.098317152877,302.78717638335104,304.21354989028913,57501000
2022-08-01,308.0041809082031,311.4626053389517,305.32733732256594,306.4215206914611,46358800
2022-08-02,307.0858154296875,311.20856086070916,304.65321047884163,305.7083370747142,48676500
2022-08-03,315.4485778808594,316.2692153679035,308.7075738546769,308.7661886884473,53735700
2022-08-04,316.9236755371094,317.2363077790895,313.3773299411668,315.5266393369658,38973700
2022-08-05,314.3348388671875,316.36688935371126,311.0522888933584,311.8338398925769,53894000
2022-08-08,313.3187561035156,318.94601793817696,311.8533258185939,315.25313481274435,43878500
2022-08-09,309.7724304199219,311.6775018413341,308.15071370114674,311.42348436801046,39764200
2022-08-10,318.41845703125,318.71156097894493,314.63765163860506,317.1093428781285,51459600
2022-08-11,316.61114501953125,322.7464131219047,315.90773715620287,320.74366994336793,45897700
2022-08-12,322.7756652832031,322.9710380850306,317.6075731746753,318.662669784453,40928400
2022-08-15,325.3841552734375,325.8824111372024,321.80850161156644,321.8280597641891,38266600
2022-08-16,324.6221008300781,326.7127955861123,321.57401074568605,324.40716987211437,41186900
2022-08-17,320.9194641113281,323.7917099514796,318.8385482664983,321.48611386986494,47842200
2022-08-18,321.6912536621094,322.87335907254277,319.25864893946607,320.8706162835581,41937200
2022-08-19,315.4192199707031,319.307505970021,314.6571973673879,318.6529637644111,51770600
2022-08-22,307.1150817871094,311.3941428015338,306.3042235166508,311.1596835067996,51098900
2022-08-23,306.8611145019531,309.69427382010605,306.10884119104537,306.8806428397244,39497100
2022-08-24,307.7502136230469,309.5673333066563,305.7767479457897,306.3824545069928,38057100
2022-08-25,313.1917724609375,313.2113306140932,308.482878760388,309.52819645519156,38098300
2022-08-26,300.3545837402344,314.1003265177807,300.2666615037309,312.8986629903908,69047700
2022-08-29,297.3944396972656,300.1396768426791,296.2904773933453,297.599591598888,48321900
2022-08-30,294.0824890136719,299.6609141526258,291.56196246897366,299.04542876696974,51184500
2022-08-31,292.3728942871094,297.8829269235928,292.2654437015311,296.9841164897894,50044000
2022-09-01,292.4999084472656,292.8711555938858,286.1985754742801,289.88167989587697,57990700
2022-09-02,288.367431640625,296.7496811199104,286.7554342127629,295.37217284959314,64666800
2022-09-06,286.2962646484375,289.7644681088695,284.16651277662356,288.84612926244324,57005400
2022-09-07,292.079833984375,293.0763159744167,286.5111862526931,286.77498281936545,49260400
2022-09-08,293.59405517578125,294.9129483640316,288.64092358811484,290.0086525256781,55649800
2022-09-09,300.0126953125,300.51095121873436,293.5941026228412,295.8508631880941,56125200
2022-09-12,303.5785827636719,303.91074344348596,301.0775836803863,301.3902160193622,45905700
2022-09-13,286.9313049316406,296.0364904812311,286.0422735138361,294.84460581073347,79562200
2022-09-14,289.2075500488281,290.08680225615325,286.30599689467647,288.0742803851126,54907200
2022-09-15,284.3912048339844,289.696055836825,282.7889865858382,287.2927582788641,65299400
2022-09-16,282.6521911621094,283.04296659564545,279.0374513198282,281.0890596137106,79920400
2022-09-19,284.8533630371094,285.00996012751204,279.9500491824205,280.0087693578414,52613800
2022-09-20,282.5827331542969,284.8729092204194,280.2827604379443,282.34782262362853,51271100
2022-09-21,277.52276611328125,287.69156858901147,277.38576236260224,283.4243811340826,82931000
2022-09-22,274.1070556640625,277.0040261404584,272.8836693298613,275.9959569957898,62757100
2022-09-23,269.6441650390625,271.93434084524006,266.2284498262833,271.6407101821921,74815200
2022-09-26,268.5284423828125,273.53942878181266,267.7356903085554,269.1743940484729,71176700
2022-09-27,268.6361083984375,274.2440929244973,266.31654253628193,271.89519684927933,69780100
2022-09-28,273.97991943359375,275.2620263937694,267.13875009532984,268.61658102023625,79652100
2022-09-29,266.08172607421875,270.3684781261688,263.1162377169965,269.98676711460337,81216000
2022-09-30,261.56982421875,269.3309808245553,261.41322716628036,265.25954706384584,78482400
2022-10-03,267.7063293457031,269.3016301388179,261.8340740784838,263.34129462673053,61267400
2022-10-04,276.1232604980469,276.8279323910832,273.0500989493547,273.0500989493547,66696900
2022-10-05,275.9764404296875,277.76746518524186,269.55611024700687,272.35520431840735,55766300
2022-10-06,273.8037109375,278.12958912178726,273.48072015712467,274.97814412366046,53489400
2022-10-07,263.37066650390625,269.291845549743,262.0396063857817,269.16460856773443,71354700
2022-10-10,260.73797607421875,263.95793837847896,258.0269617757893,263.5664307223505,60393000
2022-10-11,257.1558532714844,261.93195915010915,255.47247218095,259.06434824004356,66522500
2022-10-12,257.06781005859375,259.71030747132846,256.37293475983284,257.7920454441237,50580200
2022-10-13,263.0965576171875,264.4178207260333,248.84654219145537,249.72738924199055,112894100
2022-10-14,255.18865966796875,266.02297905657764,254.6014579676417,265.425980705299,77244300
2022-10-17,263.6153564453125,264.4863921927444,261.0609096360297,261.15878653978905,64576500
2022-10-18,265.70001220703125,271.30799739519153,263.01832840793145,270.64248223774274,69781000
2022-10-19,264.73101806640625,267.85310252216027,262.36255874207467,264.18294335328,53115400
2022-10-20,263.38043212890625,268.9884468880424,262.21579559893996,263.8404266714654,60605500
2022-10-21,269.5561218261719,270.0943999806143,261.1392160824891,262.2745224263195,77897700
2022-10-24,272.52154541015625,273.4513010818085,266.1795000488656,269.8202988894127,63963600
2022-10-25,278.158935546875,278.5406464744242,271.98328283594896,273.461143297227,59014500
2022-10-26,272.01263427734375,277.93384271632567,271.523279689056,272.5313489462154,63492400
2022-10-27,267.0603942871094,272.3552150330736,266.5416795676331,270.89694777541763,57760300
2022-10-28,275.23260498046875,275.70239615326176,266.2676250408862,266.434018748282,62651300
2022-10-31,272.0322570800781,273.8037184923803,270.1139653810978,272.9816062790332,47742000
2022-11-01,269.2527160644531,276.0645546736958,268.8905983822977,275.50668317358867,45895900
2022-11-02,260.0234680175781,272.2866938029867,259.9549512013638,269.2233290522429,79803100
2022-11-03,254.9439697265625,258.86860348070746,254.56228864022904,257.4103362172952,70038900
2022-11-04,259.04473876953125,260.9336403199302,253.5639613842532,259.87664754666133,78313200
2022-11-07,261.892822265625,262.43113031008943,257.9584215680072,260.09200070845395,47333800
2022-11-08,263.8013610839844,267.0408870669932,259.8669298666936,263.40988326632197,63213800
2022-11-09,257.7137145996094,262.84214126755995,257.42988056763846,262.05918585199794,64862100
2022-11-10,276.7300720214844,277.02367288285944,268.0195646758968,270.1335804813157,99256700
2022-11-11,281.8291320800781,282.49467712823,275.20328062663947,276.54410763833613,66961800
2022-11-14,279.36279296875,283.0525163828222,278.3840836407675,279.77383416051316,55290700
2022-11-15,283.2286682128906,287.01626801782163,279.8814696249084,285.9886054426059,73985400
2022-11-16,279.36279296875,283.316787016794,278.5406807173853,281.2712881054512,48859800
2022-11-17,278.7461853027344,280.2240458608114,274.74326796534484,274.8998650329681,55462100
2022-11-18,278.7559814453125,281.8584731051754,276.30920827035084,281.7606260724462,53588600
2022-11-21,275.88836669921875,278.5210671212513,275.05645785748214,277.3661973666616,40083500
2022-11-22,279.86187744140625,280.0184446127911,274.48874420397357,276.62235272894065,41873400
2022-11-23,282.6707763671875,283.2971346752864,279.70528891612594,279.8814493901695,46390000
2022-11-25,280.811279296875,281.7801919247711,280.3219246576811,281.07552004961843,15498800
2022-11-28,276.6908874511719,280.85040181999574,275.76113157178366,278.83426312712214,38714200
2022-11-29,274.5964660644531,277.31727663055284,273.22627906494904,276.91600224715586,35618900
2022-11-30,287.1141357421875,287.22180929264937,274.0092342106235,274.8607064926113,74718100
2022-12-01,287.4664611816406,289.4532396198207,284.6869306980874,287.437101100991,51547300
2022-12-02,286.3213806152344,287.2022428390406,282.2205864471839,282.39677681264686,53583200
2022-12-05,281.5159606933594,285.4699248069331,280.05766350911045,284.19761464913205,41482100
2022-12-06,275.68280029296875,281.4963353305062,274.2930499549296,281.3593315737775,53937600
2022-12-07,274.5573425292969,276.55391803732823,272.84460110585906,274.4986223556348,45614300
2022-12-08,277.8066711425781,278.77558389777136,273.83311333969897,275.9079725036251,42594900
2022-12-09,276.0351257324219,279.5584845017971,275.59469468581307,276.78872099466156,47860500
2022-12-12,279.4997253417969,279.55847536487875,275.17384794320157,276.21127717641207,35732500
2022-12-13,282.5043640136719,290.55915032470836,279.8227107487029,290.3340364886343,80667700
2022-12-14,280.4100036621094,285.2056731313244,277.160681704025,281.91719443928423,64984400
2022-12-15,270.9948425292969,276.9845388900271,269.8008159440126,276.31899384162705,60554100
2022-12-16,268.4110107421875,271.8560565360291,266.8059132420267,270.3195057192116,68300400
2022-12-19,264.638916015625,268.7691387222308,263.4027802656932,268.68084758857094,44167900
2022-12-20,264.4328918457031,266.17916404934465,261.891969534409,263.47144964439775,51064200
2022-12-21,268.268798828125,269.5735853860759,264.62907275827604,265.47279341612267,46394700
2022-12-22,261.70556640625,265.38451316774433,257.48702282279595,265.2569715563839,60278400
2022-12-23,262.294189453125,262.96132792591095,258.5367714450869,260.4400157441043,39373600
2022-12-27,258.58575439453125,261.793814605663,258.0461876003975,261.685883283232,38009000
2022-12-28,255.17173767089844,260.439984319042,254.8087530697181,258.18357575317634,47139000
2022-12-29,261.3915710449219,262.3333728477039,257.280959609681,257.9774983432451,45893600
2022-12-30,261.234619140625,261.36216073670295,257.32022983602053,258.62501629110807,37858300
2023-01-03,259.46881103515625,265.0313626956821,257.1633313607922,263.55978374685617,42335300
2023-01-04,260.704833984375,262.38245500821034,257.55566441960866,261.5878050240108,47754900
2023-01-05,256.6236877441406,259.20386048845717,256.3097737127626,259.0370983373102,45396700
2023-01-06,263.7068176269531,264.825231498382,255.40712445327577,258.36010113618534,54659700
2023-01-09,265.4139404296875,270.07393960622954,264.8056926958867,265.6984240862427,45568700
2023-01-10,267.66046142578125,267.7683927373951,263.87361426401475,264.3837506353292,35247800
2023-01-11,272.2911071777344,272.3990385203139,267.9450518236354,268.7299117808398,44077000
2023-01-12,273.7626647949219,274.7927877956512,268.5532788594756,272.8502932331982,60600000
2023-01-13,275.64630126953125,275.8915643759767,270.92744149666754,271.2609957287121,44802900
2023-01-17,276.2054748535156,277.4906509803417,274.28259077576485,275.4500454160634,36269700
2023-01-18,272.6148376464844,279.2958018979134,272.4088250315882,277.74572238568624,47754500
2023-01-19,269.93658447265625,272.1243422859905,268.7004787039163,270.9863178139879,44150400
2023-01-20,277.32391357421875,277.65746783156897,270.48597645017384,271.5455299164357,60613600
2023-01-23,283.48486328125,284.7111786521675,277.3729266337747,278.167576598982,52799900
2023-01-24,282.90606689453125,284.0637015046576,281.3461972203422,281.8661537784052,44875100
2023-01-25,282.2781982421875,282.896236062252,275.85228750449124,278.39320945144925,50872000
2023-01-26,287.78192138671875,287.9585036418443,283.0532414038365,285.70209498809857,51596300
2023-01-27,290.6465759277344,292.60868060840096,286.34956188677984,286.4672833773252,56441900
2023-01-30,284.7700500488281,288.80219070771494,284.3972753111684,287.3796528484936,49405800
2023-01-31,289.0376281738281,289.1357393931687,284.7013937087767,284.8092950925129,46705100
2023-02-01,295.2182922363281,297.68071332529627,286.76159566124306,288.831631729578,67562200
2023-02-02,305.8135681152344,307.73642188786874,300.91812761588073,301.7422078041526,83070600
2023-02-03,300.37860107421875,306.4709577187037,298.769690790087,299.1621057418746,76170800
2023-02-06,297.8376159667969,300.1136641199177,296.49357932358964,297.7591449688051,40802300
2023-02-07,304.0085144042969,305.13671864637575,296.5917608530074,297.71014499075807,67584000
2023-02-08,298.6029357910156,303.63573975725507,297.9162170249619,302.69393776816526,56720900
2023-02-09,295.9638671875,303.1353575053804,294.51192886368824,302.98820564004023,49137800
2023-02-10,294.0213317871094,295.8558944577677,291.6177421218931,293.80549912354167,50050100
2023-02-13,298.7304382324219,299.31907562567426,294.2470218426378,295.4242966291426,39636700
2023-02-14,300.9378356933594,301.88945775685835,295.2084930417475,297.1509876493258,64079100
2023-02-15,303.2433166503906,303.41007879995976,298.43616565913834,299.1228844068346,43100600
2023-02-16,297.55322265625,302.58602696405995,297.40607076349045,298.61277616281393,59498600
2023-02-17,295.4537658691406,296.2091654939277,292.45174770191,295.3654747394392,58230700
2023-02-21,288.45880126953125,293.06975897051757,288.32146951851234,291.6276109184507,46526700
2023-02-22,288.6746520996094,290.7446581736878,287.016671243805,289.0376366764408,51389200
2023-02-23,291.19598388671875,292.4811601502825,287.0068709295869,292.3241881717645,69294400
2023-02-24,286.32012939453125,287.4189032172758,284.5542172313994,286.23183827727587,74332000
2023-02-27,288.3705749511719,290.87224685655826,287.78193746186145,289.4791690691815,48995000
2023-02-28,287.9977111816406,290.5092026778838,287.4090738129779,287.7426280027074,48243100
2023-03-01,285.6824645996094,288.36071843177893,284.70141222109334,287.70343010420504,58287000
2023-03-02,288.0467529296875,288.8512230053116,282.90604843154955,283.190561983044,53565900
2023-03-03,294.00177001953125,294.2372429494575,289.28291046741515,289.79307686613646,60511500
2023-03-06,294.3352966308594,298.23989551477433,294.13910413688774,295.2378779090162,56736300
2023-03-07,290.7250671386719,295.3065950596229,290.11681943570414,294.3844034004965,65955800
2023-03-08,292.1770324707031,292.7754600628296,289.29273602432113,291.14690948879917,50876300
2023-03-09,287.11480712890625,295.27717051410644,286.3005168477535,292.67735762881415,71456700
2023-03-10,283.0826110839844,288.7727320236621,281.9347967324263,287.2815134618591,98593600
2023-03-13,285.1820983886719,288.89047492289336,279.786310683679,281.2971396240923,97123600
2023-03-14,291.7355041503906,292.2848910178012,287.8897960785165,288.73348664656174,73602500
2023-03-15,293.2659606933594,293.59951488700585,287.68377063812324,289.1259187355792,83631500
2023-03-16,300.99664306640625,301.3596276142065,291.55892506624343,292.3535750058437,98198100
2023-03-17,299.57421875,303.29241662584025,297.6219335837014,300.9084659042771,89923700
2023-03-20,300.6372985839844,300.9615338726046,296.74632519208114,298.9571102988408,56359500
2023-03-21,304.9311828613281,305.38315727699563,301.0598494234478,302.5730176671836,49757000
2023-03-22,300.7846374511719,309.7555157093951,300.617617168865,304.862301208813,75791900
2023-03-23,304.3514404296875,308.67474787206635,301.6592048377737,304.51849073355623,74576000
2023-03-24,305.47149658203125,305.5697296883358,301.600164645963,303.9288529962725,57195200
2023-03-27,303.37872314453125,307.25005645212997,302.52389091416995,306.1692220286919,50287400
2023-03-28,301.76727294921875,302.8284666751966,299.45822454941873,302.7989907375691,48585900
2023-03-29,307.26959228515625,307.888616788622,304.6461146242029,305.46166531424655,53274300
2023-03-30,310.1780090332031,310.80686887231343,307.35803503409534,309.74567539023667,58354800
2023-03-31,315.3365478515625,315.57238531475065,310.0994568842144,310.4040515378781,62138100
2023-04-03,314.5702209472656,314.8355344104071,311.88782027380483,313.2142676467168,47126800
2023-04-04,313.5090026855469,316.0243825803943,312.2905939967629,315.01233543509,45875400
2023-04-05,310.4139099121094,313.4991679194973,308.5961471761474,312.5559079537238,62795700
2023-04-06,312.5067443847656,312.99802996310086,307.36791642622194,308.76315067670646,46916500
2023-04-10,312.32989501953125,312.3790415697629,307.7904209826378,309.57870772010875,45134700
2023-04-11,310.3254089355469,312.34953293369824,309.8144827721986,312.2905510824566,40113600
2023-04-12,307.5841064453125,312.87034446403476,307.12229676746927,312.28079572849316,62813300
2023-04-13,313.607177734375,314.0787925911585,308.1637263720789,309.34279349972286,54613800
2023-04-14,313.0176696777344,314.7764502848593,310.10923775139554,312.05473924440327,56278300
2023-04-17,313.2830505371094,313.63679182120666,310.5318627083455,312.6050738961464,43007000
2023-04-18,313.30267333984375,315.8180834788908,312.1039651285769,315.39555502669543,46746900
2023-04-19,313.1552429199219,314.2164365542462,310.76760222122994,310.89534126848116,38960100
2023-04-20,310.76763916015625,313.705517653374,309.4804731991059,310.18792571084845,62462100
2023-04-21,311.0918273925781,311.8680669720803,308.6255942757505,310.4040456011368,59002300
2023-04-24,310.4433898925781,312.20217079199995,308.2718859001082,310.8658883218899,44043100
2023-04-25,304.5871887207031,309.4804033208812,304.4889556047293,308.8122622066785,57121600
2023-04-26,306.4344787597656,309.4509795739338,305.9137172173924,307.97712275751604,55400500
2023-04-27,314.7666931152344,315.2677840420541,309.5590477109076,310.19774298595155,65430400
2023-04-28,316.9380798339844,317.0265076202537,313.40081845478437,314.5307690380285,59712600
2023-05-01,316.5745849609375,317.98948974313606,315.493750754301,316.47632185384504,41013400
2023-05-02,313.8136291503906,316.8301302625528,312.0744587443646,316.50586493891893,56519400
2023-05-03,311.7599792480469,316.8496901296234,311.6518808391574,314.17709565364254,59882100
2023-05-04,310.6595153808594,312.6836094317165,309.6277977427473,311.5339880602636,50224500
2023-05-05,317.2624206542969,318.1172527776651,310.6988224251613,312.91944287304113,51806100
2023-05-08,318.0484924316406,318.3923983685723,315.7198033513275,316.8006377306719,36465800
2023-05-09,316.0342102050781,317.2525888785496,315.7197802294426,316.3879214383984,31768800
2023-05-10,319.4731750488281,320.32800708992704,315.9948650328523,318.47093335731375,60446600
2023-05-11,320.5147399902344,321.0551421602665,318.470975085948,320.0234543863166,44278500
2023-05-12,319.3650817871094,321.4677983234003,317.31151179697923,321.045269963454,48432800
2023-05-15,321.0943298339844,321.3301372376944,318.31363759394856,319.83664037139437,33375600
2023-05-16,321.4580078125,323.1676721605084,320.33786221505017,320.37717346031883,40019200
2023-05-17,325.3489685058594,325.9286819112278,321.3400912336349,322.51915867337476,47486100
2023-05-18,331.3917541503906,331.6079209983727,325.72232952633465,325.7419701540816,64213500
2023-05-19,330.64501953125,332.31537245568006,329.5838259221381,331.6079200448358,61554900
2023-05-22,331.7552490234375,332.7672958386684,330.3796257916656,330.38946109596463,43015900
2023-05-23,327.54986572265625,331.18539054519056,327.1961545433074,330.03579922661845,48216700
2023-05-24,325.8696594238281,327.107708453683,323.8160896745157,325.59454074893665,62891200
2023-05-25,333.7990417480469,335.0665668116123,330.80221200891475,333.2291637268725,66862800
2023-05-26,342.32781982421875,343.1630113895212,334.72272789307027,334.82099101587556,63007000
2023-05-30,343.8802490234375,347.7613869295113,342.4555089148934,346.56264897187214,72652200
2023-05-31,341.9249267578125,344.48945306585824,340.4707406387247,342.2983085945595,65105400
2023-06-01,345.8749084472656,347.2013556198988,340.618146366898,341.66950478011034,50488600
2023-06-02,348.46881103515625,349.6282376581261,345.8748390992629,347.63361965954,53372100
2023-06-05,348.7145080566406,351.26919913842227,347.68282030519657,348.25269839960436,47266200
2023-06-06,348.655517578125,349.6184480290235,346.7788032216218,348.10528017352283,41390400
2023-06-07,342.740478515625,350.8958071324031,342.1116185813994,348.9405001234873,69225900
2023-06-08,346.9949951171875,347.4568047564389,342.809262414588,343.03523458791426,47153900
2023-06-09,348.32147216796875,351.4264005957321,346.87709138014355,348.4492112149935,53196900
2023-06-12,354.2071228027344,354.30538593111123,349.00934214997096,349.9820781537995,44606500
2023-06-13,356.92877197265625,357.76393338304973,353.75505666181834,356.9582479049561,57097800
2023-06-14,359.52276611328125,359.8077201335218,354.1382955769709,356.93859927498477,69525600
2023-06-15,363.8068542480469,365.29051650085,357.63630776633585,358.2553024890387,71138800
2023-06-16,361.5173950195313,366.351658257818,361.0752559946736,366.22391921096187,80932000
2023-06-20,360.9998474121094,362.39702549677264,358.03827186745264,360.0651424498802,49204700
2023-06-21,356.080322265625,360.29149488328585,355.15543589394366,359.8585680698679,53378300
2023-06-22,360.2816162109375,360.43901681980367,354.4272864301973,354.83069680412274,47603000
2023-06-23,356.71002197265625,359.01238895404134,355.01767999999373,356.385311870061,48922900
2023-06-26,351.92816162109375,358.9730256828377,351.8396125090522,356.1786991600499,52685500
2023-06-27,357.979248046875,358.70736854848366,352.7448216192728,353.4729120940555,49428100
2023-06-28,358.6778564453125,360.6259969338408,356.080295758173,356.15902609665824,46498000
2023-06-29,357.9595642089844,359.0222135298197,356.3164363159426,358.38264216689817,46151000
2023-06-30,363.4793395996094,364.5321100206162,361.3245547688206,361.63938600193586,58712500
2023-07-03,364.33538818359375,364.965080752573,363.0366078498649,364.118924794639,19432900
2023-07-05,364.3255004882813,366.0276910481875,362.73155662470873,362.7709217894503,34460900
2023-07-06,361.5509033203125,361.9936789251152,358.6581787702323,360.6161981933694,49374700
2023-07-07,360.3504333496094,364.52226973044776,360.1241512291807,361.3245334383602,47133700
2023-07-10,360.4685668945313,361.14747343769193,357.56602372802837,360.075005281917,48498800
2023-07-11,362.2494812011719,362.70207554585426,358.7565506409738,360.89166814029903,38214100
2023-07-12,366.82464599609375,368.1726100645608,364.34515118816057,366.35235412153,61975400
2023-07-13,373.0528259277344,373.8793141584176,369.4221629695209,370.0026714877334,46960000
2023-07-14,372.9741516113281,376.70318269282194,372.0984493610609,373.4857786392497,55148500
2023-07-17,376.4572143554687,377.3329166322363,373.21029383715927,373.6924045131907,40868900
2023-07-18,379.5368957519531,380.9045575398771,373.8892104448696,375.8176832280745,55262000
2023-07-19,379.4483947753906,381.7409430926032,378.12009798549497,380.5995933337877,54093000
2023-07-20,370.7012939453125,377.9232550597698,369.67800988298177,376.4571954822207,71941700
2023-07-21,369.5895080566406,373.8105290801638,369.1565812836216,373.08240858363587,60499600
2023-07-24,370.1798400878906,371.50810665869074,368.3202188458526,370.5635528672616,40380100
2023-07-25,372.68890380859375,374.3517296160581,370.86864732995065,370.8883449306169,38894400
2023-07-26,371.4490966796875,373.141438590873,369.14672978193954,371.6458924939192,47075700
2023-07-27,370.5635681152344,378.52346920353193,369.2746366303733,376.9098576612278,63940200
2023-07-28,377.313232421875,378.3364864635538,374.1056471836481,374.6172742044875,56902900
2023-07-31,377.5100402832031,378.6907551113529,376.19159240697024,377.6182869887491,44019900
2023-08-01,376.63433837890625,377.3919451508952,374.56810260541835,376.1620464793932,41060600
2023-08-02,368.3694763183594,373.1611574017235,367.1297286772393,373.1611574017235,72687100
2023-08-03,367.7790832519531,369.90435184798616,365.7915476989131,365.95882713700206,47666400
2023-08-04,366.0572814941406,372.019829019166,365.5554731293082,369.7076130585438,61702800
2023-08-07,369.156494140625,369.2548920252335,365.53568019085367,367.8675629246639,37230400
2023-08-08,366.0178527832031,366.6672428994244,362.8889976997199,366.64757532989904,44726500
2023-08-09,361.99365234375,366.4606531278805,361.2360455036282,366.3032224805515,51150900
2023-08-10,362.66265869140625,368.3398598555968,361.137596428398,365.0043904450485,72035300
2023-08-11,360.3504333496094,362.08214015021474,358.8253711287267,360.1044536348334,48707200
2023-08-14,364.3943786621094,364.51244412842345,358.83524275979033,359.553484355475,42130800
2023-08-15,360.5276184082031,364.2173147115886,359.8585306581353,363.4203126853779,45539900
2023-08-16,356.71002197265625,361.52137052909745,356.611624061966,359.98645920817404,53190500
2023-08-17,352.8136901855469,358.45155731866623,352.40046098733217,358.1071796356024,62604300
2023-08-18,352.3708801269531,353.63029511668526,349.0058642803443,349.54703769092396,61191400
2023-08-21,358.0480651855469,358.72697159737027,353.37445062617115,353.8368936889085,50696500
2023-08-22,357.53643798828125,360.6652927377172,356.8476827797194,360.6554439405942,44530200
2023-08-23,363.17425537109375,364.2664208575985,358.5006410515851,358.7171043895614,51770600
2023-08-24,355.4111328125,366.74586602633184,355.2045182820807,366.64749817258183,66842500
2023-08-25,358.1661376953125,359.8584793596251,352.813616618734,356.24751390715073,69960500
2023-08-28,360.862060546875,361.79676536967435,358.39241480606745,361.0883426486006,40910000
2023-08-29,368.7433166503906,369.0975431080189,360.34066992242833,360.6653499839977,58492400
2023-08-30,370.7996520996094,371.3801906583347,367.8478954803411,368.8515119480578,41731500
2023-08-31,371.9114990234375,373.6136895466663,370.8095146489998,370.8783961791077,35730700
2023-09-01,371.5179138183594,374.7058012739097,370.0321867508755,374.2827233761561,39801200
2023-09-05,371.9902648925781,373.210314848442,369.7862659063022,370.71115217182,32344200
2023-09-06,368.71380615234375,371.5573465500338,366.7066329588486,371.2129688856082,42998700
2023-09-07,366.076904296875,366.854208721943,363.2136963758197,364.25664812381336,52060700
2023-09-08,366.5884704589844,368.82198545674055,365.6242492069954,366.0276595371048,35800100
2023-09-11,370.9079284667969,371.4195555120843,367.65115913843493,369.618997042065,39936600
2023-09-12,366.7951354980469,370.8882417292776,366.50979060925704,369.2352351552727,41391000
2023-09-13,368.19232177734375,369.79611455684034,365.8998037117071,367.031304560014,46300700
2023-09-14,371.2030944824219,372.18701344044155,367.8774736268473,369.9436794172297,48039400
2023-09-15,364.8470153808594,370.2684188784552,363.9122802858166,369.8650084704276,69811200
2023-09-18,365.2273254394531,366.3407681012067,363.6212111624308,363.9069691189676,36903500
2023-09-19,364.4488830566406,365.24700863969736,361.4238722283556,363.9069563270103,37621700
2023-09-20,359.1970520019531,365.8678152619394,359.11820769924856,365.5131061106414,45514200
2023-09-21,352.6148376464844,356.30004097803,352.4473461729447,355.51174852222334,69734800
2023-09-22,352.6642150878906,356.49718479026586,352.3488980230887,354.359006723338,51589700
2023-09-25,354.33929443359375,354.4280017936402,350.71323825781116,351.698581571032,39168000
2023-09-26,349.0184326171875,352.29964255853133,348.03308934331926,351.75768571572956,53657700
2023-09-27,349.8363037109375,351.74787217352633,346.2102174092511,350.17131683413555,56066000
2023-09-28,352.76275634765625,354.89110143517365,348.0626496696963,348.919893509747,56453300
2023-09-29,353.0189208984375,357.6303502343073,351.78724181658674,356.24101262154477,64829600
2023-10-02,355.965087890625,357.3642583710357,352.67404526804705,353.28495323022247,51625100
2023-10-03,349.7179870605469,355.7187229444557,348.1020099392168,353.5213970012672,60478500
2023-10-04,354.4772033691406,355.3245840567301,350.0924142597397,350.55552674978816,54786700
2023-10-05,353.4327392578125,354.87133184681437,349.934783079885,354.46733754416096,45897400
2023-10-06,359.3547058105469,360.54696275822704,349.64906850019884,350.4373310951315,75049100
2023-10-09,361.18743896484375,361.72936575371153,355.49215587280247,356.98986686898144,45304800
2023-10-10,363.1876525878906,365.8382282460928,361.0199155536051,361.52242014626063,46968800
2023-10-11,365.7791442871094,365.9663619214004,362.7935552643259,364.51790605468614,38215100
2023-10-12,364.5080261230469,368.2621815500544,362.1136492104433,366.2816620389047,49587900
2023-10-13,359.9262390136719,365.7200630662487,358.5270381428294,365.1387140637343,52469900
2023-10-16,363.9956970214844,365.05002164165177,361.09878511521293,361.2465806062894,44201100
2023-10-17,362.8033752441406,364.498166736826,358.32990873374644,360.4483905820312,50999100
2023-10-18,358.0441589355469,362.5176255477324,356.7139395823082,360.31046637039856,54280500
2023-10-19,354.6940612792969,360.65537676031266,353.89593553906946,359.4631196781683,72274200
2023-10-20,349.40277099609375,354.7630414262583,349.17613119180925,354.1915254225126,72559700
2023-10-23,350.4570617675781,353.99444057612124,345.9737317484537,348.08238082629725,60665200
2023-10-24,353.86627197265625,354.63483838710295,350.57522963026736,352.27002096344273,47082100
2023-10-25,345.2052001953125,351.6493543958834,344.6238512027196,351.4719998022708,71190500
2023-10-26,338.62310791015625,344.93916255325956,337.3323104943421,344.0030743187561,78621400
2023-10-27,340.2489013671875,343.72716210384476,339.0369182513592,341.3524810806448,63476700
2023-10-30,344.0818786621094,345.4022350230032,341.37218469520366,342.73193313591645,55298500
2023-10-31,345.72735595703125,346.10179117581265,341.5396474517011,344.1114087821121,47671900
2023-11-01,351.72808837890625,352.28974120081546,346.4663594769629,346.5648998076941,58992700
2023-11-02,358.11309814453125,358.3495708656933,355.0191063813311,356.24095227133336,58162400
2023-11-03,362.3205261230469,363.61132326122464,359.1772790267946,359.40391877963543,53280500
2023-11-06,363.7985534667969,364.3602063061445,361.5322761410514,363.0891051619072,38848700
2023-11-07,367.2374267578125,368.1045035244266,363.6408999815297,364.8430199017285,50777400
2023-11-08,367.473876953125,368.3114246451074,365.18787362709605,367.611809357646,35663400
2023-11-09,364.6459655761719,369.30661967147313,364.1532939757189,368.1636480202756,53859400
2023-11-10,372.8440551757813,372.991850652543,365.8382488743715,366.3703426610041,58309800
2023-11-13,371.6813659667969,372.73569059464137,369.7402383157432,371.2675385887695,40733500
2023-11-14,379.6823425292969,380.59873470474736,377.563860325764,378.0860911021726,67792600
2023-11-15,379.968017578125,382.0668032816724,378.6082392310218,381.5741317107097,54141400
2023-11-16,380.2931823730469,380.5296550951153,377.9381979247372,379.1994358929104,45343500
2023-11-17,380.3819274902344,381.3968298638466,378.65757675359185,379.56407573006413,46571900
2023-11-20,385.0130004882813,385.6731936771707,380.3917383769215,380.3917383769215,44429600
2023-11-21,382.77630615234375,383.5251766695304,381.0322593676381,383.3083999445706,43337000
2023-11-22,384.3429565429687,387.3088491230448,383.3379173294895,384.8454911848521,44121000
2023-11-24,383.801025390625,384.53016970941434,382.8058191726008,383.93895779702086,15718800
2023-11-27,383.466064453125,385.4170249378711,382.58909448430353,383.3084059170349,34139700
2023-11-28,384.47113037109375,385.0524793485773,382.3624811341902,382.7172203824897,35491100
2023-11-29,384.09661865234375,388.3631714173632,383.751742528822,386.9344117928961,38811700
2023-11-30,383.1309509277344,384.8257422916776,380.1650885935478,384.36262982390576,52834400
2023-12-01,384.2247619628906,384.8159739464168,380.4114882710684,382.0668577687091,40490100
2023-12-04,380.6578063964844,380.93370129993264,377.0514465419392,380.43116662675254,51186900
2023-12-05,381.6136169433594,382.8058739225098,378.57874272515113,378.7561273734401,42933000
2023-12-06,379.4064025878906,384.64843584230624,379.061556510073,384.5498955042343,41994100
2023-12-07,384.7075500488281,385.53523475354353,381.2884078381228,382.3821544599071,49593500
2023-12-08,386.4220581054687,386.8654445057405,382.786139271799,382.9733568864543,46687500
2023-12-11,389.7229309082031,389.9889928166888,385.7914211700645,385.998334821996,41198000
2023-12-12,392.8268127441406,392.9450491247109,388.629240812153,389.76237955300553,39221200
2023-12-13,397.8224487304687,398.4333566952143,392.9942731278187,393.76283961093213,55408100
2023-12-14,397.4776306152344,400.3449530293757,394.4723156411744,399.04432278440584,55447800
2023-12-15,399.3990173339844,400.58144122653687,397.6549706592437,398.2560155899272,62896600
2023-12-18,401.9147033691406,402.8131603407083,399.4661904298243,399.7919899279148,46610000
2023-12-19,403.9683837890625,404.0868563502096,402.181352354262,402.3689439528638,35711900
2023-12-20,397.9654541015625,405.2616995946524,397.78774528609546,403.16860430932405,54042400
2023-12-21,402.5959777832031,402.9613083279881,399.33786206115974,401.89499509252914,45568900
2023-12-22,403.1982421875,404.76806372836126,401.3223565171198,403.810370446538,34314000
2023-12-26,405.6664733886719,406.3378378440753,403.95841398590886,404.0571511423741,22722500
2023-12-27,406.4923095703125,406.77878889770113,405.08957679300846,405.9490147751744,31980500
2023-12-28,406.2947387695313,407.8950497629961,405.93913420178313,407.6480920977712,27029200
2023-12-29,404.5364074707031,406.6306338260502,402.62001354809854,406.2749991067649,42662100
2024-01-02,397.6907958984375,401.1482036788243,395.3693875023656,400.90124598022527,58026900
2024-01-03,393.4825744628906,396.12009559564825,393.04795670596747,395.06310955186376,47002800
2024-01-04,391.4575500488281,394.72726726631595,391.2402260881703,391.6156065789611,39432800
2024-01-05,391.92181396484375,394.6976157049845,390.5289691180864,391.6254768256185,44922800
2024-01-08,400.0220642089844,400.3085134140137,392.99857207712546,393.1467406566581,42473800
2024-01-09,400.8123168945313,401.74088018825046,396.8214723223469,397.01905052593867,39132900
2024-01-10,403.52886962890625,404.5364461618828,400.23940642845145,401.1284480923958,33962800
2024-01-11,404.3684997558594,406.1959925651025,399.3206692442593,404.8031476719886,54536200
2024-01-12,404.575927734375,406.24536398225337,403.18308286889186,405.40570188156073,39595000
2024-01-16,404.5364074707031,406.1169425811047,401.879140541304,403.3411407940105,43903000
2024-01-17,402.2545776367187,402.6299581697195,398.01680514667333,401.2272552946373,54386000
2024-01-18,407.9642028808594,408.5470193930794,404.1808244553629,405.5242597758291,59562500
2024-01-19,416.0545043945313,416.2125609154911,409.58422571941946,410.167042183222,70325100
2024-01-22,416.5978393554687,419.5613313657799,415.9952469706817,418.2573876461551,44880600
2024-01-23,418.3265075683594,418.54383150320854,415.4519169444807,417.2892673649532,33003800
2024-01-24,420.6479187011719,424.6190172669874,420.1540033688027,422.2383417474242,46948000
2024-01-25,421.1615905761719,423.8188573538376,418.820436831776,423.14710962158966,44367200
2024-01-26,418.6524658203125,421.0232531271362,418.00049403535166,419.2748038944204,37137000
2024-01-29,422.9396667480469,423.137244927174,418.4549073684011,419.1068791840833,38694700
2024-01-30,420.1243896484375,422.47543156579263,419.2156022755008,421.9025030173065,36739000
2024-01-31,411.8957824707031,417.72397777360334,411.7179801736245,415.72857054302847,64010600
2024-02-01,416.7459716796875,417.2398869717804,412.7254939669641,413.693578792097,51008600
2024-02-02,423.7892761230469,425.0042886417101,417.64496770412137,418.64265625377294,59602400
2024-02-05,423.2360534667969,424.3819104905602,419.8280256705213,423.8485036455597,39889200
2024-02-06,422.3865051269531,424.9845045666784,420.0453513036871,424.3819121925699,35846100
2024-02-07,426.73297119140625,427.56274535553325,423.8682682124962,425.1722119616388,37712700
2024-02-08,427.5232543945313,428.2838731760965,426.1699311674683,426.8515066116603,29889900
2024-02-09,431.73138427734375,432.52166690474706,427.86899286829663,428.65924534950017,36943900
2024-02-12,430.042236328125,433.7960112766758,429.3606306969624,431.6227715619253,33203300
2024-02-13,423.3348083496094,426.0217088939476,420.15399248569577,422.08027429051936,64491700
2024-02-14,427.9480285644531,428.3727885417839,423.6608468287441,426.0118887813397,45092700
2024-02-15,429.2222900390625,429.68657163381835,426.0809657732135,428.63947359393467,38796100
2024-02-16,425.3302612304687,429.6964559347723,424.6190219381849,429.5976969841717,53716500
2024-02-20,422.119873046875,424.846265609425,418.34635208109,423.33488566135566,53999500
2024-02-21,420.4305419921875,420.5194732695101,416.49899573343913,419.3834440306539,49779000
2024-02-22,432.7389831542969,433.7761932856845,428.43202581368143,429.2025325203063,53887800
2024-02-23,431.4646606445313,435.228292926846,430.486717969249,434.29972972450184,39853900
2024-02-26,431.2374267578125,433.2624975303855,431.04973653630094,432.27466695240753,33043200
2024-02-27,432.2747192382813,432.6599575342669,429.7359871107177,432.34387462219166,33713200
2024-02-28,429.9730529785156,431.3560400595294,429.0148560047162,430.1311095062372,32938800
2024-02-29,433.6576843261719,434.7344161890731,429.7261072238398,432.8970655274805,42495200
2024-03-01,440.1871948242187,441.1453917460865,434.4874229124854,434.54669033889377,43853000
2024-03-04,438.6165466308594,440.6119838022622,438.36958897271137,440.1871937191368,34325700
2024-03-05,430.7435607910156,435.5839552943135,428.37277316164136,435.5740673406185,57917100
2024-03-06,433.4501953125,436.61123512944897,431.5733232108432,434.9615749173212,46234500
2024-03-07,440.0291442871094,441.2836782721266,435.4949753924679,437.0360188330566,44526700
2024-03-08,433.6774291992187,443.1803859905229,433.0057115488,440.38480818808466,72096000
2024-03-11,432.0672912597656,433.32182541621614,430.1410093054493,432.18582612227107,45860000
2024-03-12,438.2609558105469,438.6165603792511,431.1485629744679,434.3787885378619,55300900
2024-03-13,434.8924560546875,437.28301956013377,433.7762025649882,437.26324365300286,37928700
2024-03-14,433.79595947265625,436.6507743314446,431.0794252267283,436.12722530080464,52195200
2024-03-15,428.6395263671875,433.5292704242378,427.4738631872197,430.7633564210296,73069800
2024-03-18,432.7276306152344,436.2489556354407,432.4902172279187,433.96405176519625,47323800
2024-03-19,433.80572509765625,434.21127480001553,428.6226278409683,430.71962317205856,43004100
2024-03-20,438.9492492675781,439.28555217441175,433.3012863034724,435.00260289372903,43653500
2024-03-21,441.0264587402344,444.4587649437248,440.82864947457784,444.0037704280464,39345700
2024-03-22,441.5308837890625,442.6288111332699,439.66140077241624,440.5120741059451,28253900
2024-03-25,439.9285888671875,441.41229439109134,437.7327034843672,438.73171134393743,27789200
2024-03-26,438.504150390625,442.37167905062427,438.27663805083887,441.4517588496184,34142000
2024-03-27,439.9977416992187,441.68918748510794,437.1292508062664,441.5902677606485,41359200
2024-03-28,439.1866760253906,440.79897397057766,438.8305710516138,439.9483005564888,36839600
2024-04-01,440.116455078125,442.6684148785135,438.2073980092949,440.1362269482147,38729000
2024-04-02,436.3181457519531,436.63467679175466,433.2716175055322,435.2993359937669,44259700
2024-04-03,437.2973937988281,439.1767477180673,434.1816188556079,434.1914896972789,39949800
2024-04-04,430.6108703613281,442.0947658921196,430.38335799892496,441.4814756351281,57267700
2024-04-05,435.6851501464844,438.35583196490023,431.2241328775379,432.0352324148125,54744600
2024-04-08,435.813720703125,437.6930747609312,434.42893509137633,436.6149191708532,28144900
2024-04-09,437.4259643554687,438.42497196594405,432.68799077841504,438.1480148779818,39443600
2024-04-10,433.6079406738281,434.46848495231853,431.54064816251855,432.2528279423145,61502200
2024-04-11,440.5319213867187,441.4814844126454,433.20241291838846,435.4774460294611,45474600
2024-04-12,433.5090026855469,437.43587724458433,432.1341181408084,436.3082769159413,53665000
2024-04-15,426.3773498535156,437.3468744561604,425.5365774509986,437.2578557574557,63453600
2024-04-16,426.4169006347656,429.0480082692235,425.03211508664594,426.2190611910081,47619000
2024-04-17,421.2140502929687,428.4149656563119,420.2842591999878,428.3951937854625,56880500
2024-04-18,418.81048583984375,423.5880040974066,418.23676949613,421.8570144092069,46549400
2024-04-19,410.14556884765625,418.1575829798095,408.582745982608,417.63334168227425,75231000
2024-04-22,414.2703247070313,416.6046733073807,409.44333179355846,412.7767183248701,47807700
2024-04-23,420.4524230957031,421.6492702748659,414.3197623321765,416.1991163771081,44384700
2024-04-24,421.8767700195313,425.0617919025949,419.5918662975575,423.5484137206893,48440300
2024-04-25,419.8391723632813,420.6997166428322,413.59772089332074,414.68574734246255,57392200
2024-04-26,426.3180541992187,427.85120450068274,422.28238845293754,422.97476625299026,41874900
2024-04-29,428.0490112304687,429.0480492004489,425.3091127708003,428.42488809783015,30022200
2024-04-30,419.97760009765625,427.8610217852048,419.8984824336748,426.46633524230674,43665900
2024-05-01,416.9409484863281,425.4673333739,416.0903052961823,418.5532463597159,52251700
2024-05-02,422.2625122070313,423.1626303564194,416.0606350688799,420.67988722114075,36559000
2024-05-03,430.7493591308594,431.738496056238,427.9204118275236,429.72064827636785,48515300
2024-05-06,435.4674987792969,435.5565174735854,431.7780074570127,432.5495329935745,30227200
2024-05-07,435.5367431640625,437.1688129223332,434.8047613716882,435.9126199952162,30996100
2024-05-08,435.2795715332031,436.684159179944,432.7968283132177,432.9155500947103,24896700
2024-05-09,436.2291564941406,436.8028728157536,433.69696837697614,435.5466495999141,24580100
2024-05-10,437.2578430175781,439.4834009785405,435.7147919128624,437.73263958289897,27116600
2024-05-13,438.2667236328125,439.265761468491,436.85226524194286,439.1668417504732,22994200
2024-05-14,441.0857849121094,441.6199272591331,437.65347886134185,437.8414172762935,34478300
2024-05-15,447.9800720214844,448.2273562332633,442.0452509387902,443.5586291074348,41464700
2024-05-16,447.0701293945313,449.7506820761331,446.9019628312132,447.7921800487347,34780400
2024-05-17,446.8524475097656,447.80201037946864,444.65656262066153,447.1986212386576,35803700
2024-05-20,449.9682922363281,450.63099708670217,446.8821897910864,447.07012822592424,24474200
2024-05-21,450.84857177734375,451.03651019690585,447.92073510394465,448.11857455171366,23167700
2024-05-22,450.759521484375,451.8574790262237,448.1580868774821,451.10572540067176,25120000
2024-05-23,448.7318420410156,455.5766523683539,446.9415066973637,455.5469794693014,40899200
2024-05-24,452.9752197265625,454.24131365132826,448.642795616268,450.34411215761514,29669500
2024-05-28,454.6864318847656,454.7457776824367,451.7289222852623,454.19186344679855,26216800
2024-05-29,451.4816589355469,453.26209332010234,450.3936022845126,450.5320959428548,29739200
2024-05-30,446.6447143554687,450.6903104709637,445.3192746527687,450.551816828294,30536800
2024-05-31,445.8138732910156,447.5646648820336,438.2469822206981,446.8722569938479,55941300
2024-06-03,448.20758056640625,450.6309477096741,443.03438403283286,449.63194002907153,32997500
2024-06-04,449.43408203125,450.6309291046102,446.2292884655987,447.9503768344026,23767400
2024-06-05,458.4945983886719,458.5737160540312,449.4736752346723,453.0049009992893,33817400
2024-06-06,458.33636474609375,459.4936682116241,457.1691904379951,459.1771371560527,21966800
2024-06-07,457.9308471679687,460.68064676107866,456.8230185816892,457.9704210992116,25829700
2024-06-10,459.7804565429687,460.136561496302,456.5163170987259,456.803175229736,20660800
2024-06-11,462.935791015625,463.0545127870807,457.0108712848029,458.50447750184526,22053300
2024-06-12,468.9992065429687,471.32368405453144,466.1702897911525,466.8626674378341,34532600
2024-06-13,471.5413208007813,473.1931926237643,469.2663181179799,472.530457651749,25859000
2024-06-14,473.9845275878906,474.0537744176001,470.8786231404357,471.3435187046706,23372600
2024-06-17,479.790771484375,481.57120593825226,472.9459606242061,474.25159847021934,37054500
2024-06-18,479.9390869140625,480.6215937616727,478.1784245124455,479.7412776538949,24438600
2024-06-20,476.2397155761719,481.55137557735753,474.40980638490623,481.1359550087394,33918700
2024-06-21,474.9637451171875,477.2981238769037,473.4701689381695,475.96278303672466,37456800
2024-06-24,469.5564880371094,475.471022717905,469.4178044814247,473.7372817505667,37751000
2024-06-25,474.9261169433594,475.2233175695722,470.70568664689,471.6468723532994,29014700
2024-06-26,475.9068603515625,476.45176842235986,473.6876819463844,474.1037627803362,22737100
2024-06-27,477.1353454589844,478.6115224234326,474.8468100949917,475.6591987285754,26222100
2024-06-28,474.6585998535156,482.67346269795496,474.0146450158968,477.9279578687232,34881600
2024-07-01,477.4424743652344,478.00715549345256,471.8350580346009,475.579936686659,24898300
2024-07-02,482.4554748535156,482.5149149741949,475.81771252663776,475.9465095327891,26723600
2024-07-03,486.477783203125,486.6065802178196,481.7025582982194,481.7025582982194,18064900
2024-07-05,491.55023193359375,491.9861463574253,487.02268407891466,487.31991495009567,28495900
2024-07-08,492.71923828125,493.2740329338848,490.8963372463012,491.916766364616,22109400
2024-07-09,493.1452331542969,495.3545252210374,491.6294495164821,494.2350191565913,25614500
2024-07-10,498.2870178222656,498.8418124743257,493.7595004189231,495.0672133936126,28046900
2024-07-11,487.3594970703125,498.6040508659988,486.1706643474196,498.3960104304496,49966600
2024-07-12,490.22265625,494.97804756604864,487.4684863179307,487.934120777822,37109400
2024-07-15,491.540283203125,496.3551448499589,489.49942500337625,491.99600089511654,31151400
2024-07-16,491.7284851074219,493.80897998516105,488.5681210836171,492.9965913759615,25950600
2024-07-17,477.2938537597656,484.2585366703108,477.2245271091295,483.7433788856669,56268800
2024-07-18,475.0350646972656,481.19727609369016,471.8449804007106,481.0189557238677,49347400
2024-07-19,470.8245544433594,477.2146398442787,469.536644785116,474.69823041742177,42042900
2024-07-22,477.8387756347656,478.8592047028754,473.2715913896256,476.6895495582666,40300000
2024-07-23,476.1546020507813,479.9292012970825,475.6790810333211,476.9372707040741,23282500
2024-07-24,459.07476806640625,469.7843305630981,458.2128560235188,469.4177730491382,58818600
2024-07-25,454.0122375488281,463.5924076204099,451.39678130888416,459.4116141087208,59256800
2024-07-26,458.6685791015625,461.60106948166,455.4982979856442,458.3515449431624,39992100
2024-07-29,459.58990478515625,463.56265759959666,457.3310894463461,461.3830856787975,28218500
2024-07-30,453.2791137695313,462.2252153474391,449.93051231846664,461.5218203822993,41317200
2024-07-31,466.693359375,468.3973802961761,462.0766511788596,463.52307805010014,44552100
2024-08-01,455.3893432617187,471.1316949567563,451.74354107209894,467.3769292797384,56653900
2024-08-02,444.5806884765625,449.35591337831903,440.340454930092,446.7008203668183,66323200
2024-08-05,431.3249816894531,438.1807014186111,419.51574708871345,420.76401989618296,87483500
2024-08-06,435.44635009765625,442.91630484411263,430.5225248808415,433.16773136287384,63164400
2024-08-07,430.7305603027344,444.8283608872693,430.3342827318256,442.3416715112024,54929200
2024-08-08,443.9070434570313,444.8184789180148,433.0884865440954,436.9621628383831,47890100
2024-08-09,446.2252807617187,447.8599446984154,441.46985903291545,442.5893651317929,33574000
2024-08-12,447.1862487792969,450.1484591172227,444.3825252809175,447.1961655445336,27795000
2024-08-13,458.28216552734375,458.54967631273865,451.4462793308009,451.5849931060486,40084500
2024-08-14,458.4308166503906,460.78867882910635,454.1410294667669,459.203568511929,34733700
2024-08-15,470.01220703125,470.4084846096922,464.02831582443696,464.4047901058715,38280600
2024-08-16,470.6165161132813,471.9836994318874,467.267914706038,468.22890368838864,38383600
2024-08-19,476.7985229492187,476.838159775864,468.9719276760101,470.75522206656456,23737700
2024-08-20,475.7979431152344,478.4530361414534,474.1038088531109,475.8871033026028,29209300
2024-08-21,478.0171203613281,479.86974146186225,474.86667281387304,476.58058013398335,25658800
2024-08-22,470.4382019042969,481.0288841455253,469.4078560191765,480.33537571180096,37739600
2024-08-23,475.5403137207031,478.2548466699663,470.864166093088,474.78736521575286,36061500
2024-08-26,470.9236450195313,475.9168271905872,468.8431499287544,474.9954750129997,27452600
2024-08-27,472.3304443359375,473.400396779738,467.32734562030106,469.28896037364865,27510000
2024-08-28,466.9707336425781,472.588037228048,463.54288867121295,471.8648389451947,37372400
2024-08-29,466.28717041015625,473.48961501926226,465.00914714593944,468.88282353592905,41081500
2024-08-30,471.844970703125,472.4691222187162,466.1385073478048,470.62641796700854,33466500
2024-09-03,457.5193481445313,468.9323056206166,455.1416524496019,468.8035388395337,44985200
2024-09-04,456.3304748535156,460.1348241601613,453.477258224592,454.40852713775496,32505100
2024-09-05,456.7565002441406,461.0363402813741,453.6852962003829,454.7057252932336,34452400
2024-09-06,444.5212097167969,456.9347918889345,444.0258552322997,456.05304639419114,50624400
2024-09-09,450.2376403808594,451.2283494616286,445.6407659677918,448.8506537145908,32981200
2024-09-10,454.3985900878906,454.9038613489134,448.0283385228492,452.0010610232758,29680300
2024-09-11,464.26605224609375,465.00908400490187,447.0871616105351,455.6369852193334,57843000
2024-09-12,468.8233642578125,469.6357529807418,462.5125520912894,464.29581638811914,40067800
2024-09-13,470.9236450195313,472.1025912298367,467.8623576257768,468.0902315957997,29111800
2024-09-16,468.8431701660156,469.457404977587,465.524318830329,468.7936468040667,22585600
2024-09-17,469.0908203125,473.1626502462189,466.5942443806272,471.86482380417743,30084400
2024-09-18,467.0598754882813,474.38119962315574,466.4555272479723,470.2895966560615,39909200
2024-09-19,478.869140625,481.71250116567927,476.0258103183634,478.1261087929225,52782500
2024-09-20,477.9576721191406,479.1960584202879,473.8561221774012,478.0071954775703,34577700
2024-09-23,479.2245788574219,480.3158962480575,477.7959506872309,479.1352933813507,24843000
2024-09-24,481.5361633300781,482.4885720219182,476.3772551624619,480.6333475885268,25952600
2024-09-25,481.9826049804687,483.9370455260504,480.7325477988355,480.91111874577587,26549900
2024-09-26,485.6037902832031,489.80038938586057,481.96276544725106,489.4729790250894,32020200
2024-09-27,482.9052734375,486.76456175281504,481.72467055232573,486.6256530479584,22851100
2024-09-30,484.2148742675781,484.55218506630086,479.10555878077656,481.9429538811356,30281100
2024-10-01,477.4685363769531,484.14538839099305,473.62910955506385,483.8477701398877,42735400
2024-10-02,478.1431884765625,480.05793653831387,473.9465894744548,476.5657209152366,23744000
2024-10-03,477.7860412597656,480.72265250634194,475.2065719333754,475.95064787695753,25337200
2024-10-04,483.4707946777344,484.02636896280734,478.57974271825753,483.5997726861491,30686600
2024-10-07,478.2919921875,482.72668574042143,477.0716968180428,481.55601359663206,24975100
2024-10-08,485.4350891113281,486.1196413389746,480.02815591476696,480.83175543826064,28272000
2024-10-09,489.2547302246094,489.83016591016013,484.0958218394654,485.1375160516646,24995000
2024-10-10,488.6991271972656,490.56428230026705,485.6632999428998,486.97288079520195,25750400
2024-10-11,489.4630432128906,490.48493653463544,486.298268176488,486.86374286155046,20644500
2024-10-14,493.5703430175781,494.8898242812603,491.3480460359973,491.8539970558773,26060100
2024-10-15,486.9728698730469,494.5624378387375,484.81999699247893,493.89771672699226,34784500
2024-10-16,487.0324401855469,487.8062779684171,483.7188255626652,487.3002966300499,22996800
2024-10-17,487.3697204589844,492.5683211220585,487.31019680837863,492.5187281720624,27210700
2024-10-18,490.5642700195313,491.65558736912976,489.4034983212025,490.1575049039297,25335000
2024-10-21,491.50677490234375,492.31037442782247,487.42922335035456,489.3539020420387,30336500
2024-10-22,492.04254150390625,493.5207929965994,488.08406709201313,488.83807375200354,26685800
2024-10-23,484.5025634765625,490.34605451121007,481.2187106828383,489.6912640374047,39346600
2024-10-24,488.4312438964844,489.1058654099944,485.5739877492369,488.2228808565429,22024900
2024-10-25,491.4075927734375,496.3284064395032,490.52460813834386,491.22902181685464,38762100
2024-10-28,491.4869079589844,494.5822587298486,491.1892897219877,494.5227350824492,20477800
2024-10-29,496.2093811035156,497.3899840518489,489.949224432872,491.804448986959,28014100
2024-10-30,492.459228515625,496.39787173074626,491.9731085864843,495.4454629981242,29756000
2024-10-31,480.0281982421875,488.5404136876197,479.92898206139125,488.4908207354854,41245200
2024-11-01,483.5799255371094,486.8737090932154,481.3675590327268,481.6651773097424,33655800
2024-11-04,482.1710815429687,485.51445751835746,480.42497385965817,482.97468103891873,23291600
2024-11-05,488.3221435546875,488.986864708101,483.6691863103744,483.7584717889176,24353600
2024-11-06,501.5865173339844,502.409978294623,495.6537714644704,496.6061801503593,43082200
2024-11-07,509.4836120605469,510.26741073728783,504.3247041524069,504.3842278003702,32853100
2024-11-08,510.0789184570313,510.85272589475875,508.3625422286576,508.98757082027066,22924500
2024-11-11,509.7813720703125,511.5076186893174,506.8844228762925,511.2992556117253,24167500
2024-11-12,508.858642578125,510.59481982391384,505.80298394720904,509.711895702093,25835300
2024-11-13,508.2038269042969,510.91224373512705,505.9220063123596,508.35266630177006,24567400
2024-11-14,504.6719970703125,508.739588052962,503.75925058094214,507.8665643683169,28679500
2024-11-15,492.647705078125,499.3542886691706,490.58411760662926,498.9673849410941,51461100
2024-11-18,496.0704345703125,498.1737145612043,492.8064433987384,494.1953790330812,27080800
2024-11-19,499.4832458496094,499.96939601024445,493.1536355499042,493.4909765905591,24523000
2024-11-20,499.195556640625,499.5031055797306,492.6377521945281,499.18562594048456,29565500
2024-11-21,500.9913024902344,502.95564359753246,493.6298978588017,502.2413294830983,34526700
2024-11-22,501.7948303222656,502.5289754572527,498.8085962842399,500.43565664196865,23826600
2024-11-25,502.5885620117187,507.41018976726633,500.2769794512125,505.87241468402135,26375200
2024-11-26,505.287109375,506.110570406728,503.2235519980058,504.0668138796034,26557100
2024-11-27,501.3087158203125,504.2254957213914,497.9653396767726,504.1560716487183,24957400
2024-11-29,505.7136535644531,506.308920336892,501.3186525359816,501.93375043277575,15334000
2024-12-02,511.21978759765625,512.18215721545,506.58669211119974,506.9736260983451,25147200
2024-12-03,512.787353515625,513.0651709231122,509.31499924035353,509.890434903682,18597900
2024-12-04,519.1268920898438,519.3848480945504,515.4957677287545,516.2101120920232,26086200
2024-12-05,517.6882934570312,519.9006596223231,517.3013594796879,519.1764451670765,18169600
2024-12-06,522.3214111328125,522.5595057281002,518.2240284052577,518.3530064032137,23762600
2024-12-09,518.2539672851562,522.1925810293059,517.1030956779165,521.3989119692147,20674400
2024-12-10,516.48779296875,521.2300651501696,515.059165005419,519.4839575779824,24350000
2024-12-11,525.7343139648438,526.4188662970179,520.4464575332266,520.853192430636,32168600
2024-12-12,522.34130859375,524.7818994700399,521.8651193703002,523.511980803434,23577500
2024-12-13,526.3394775390625,528.958578680959,523.1349494940644,526.2700231888497,28780400
2024-12-16,533.9190673828125,534.8913677012594,528.7899213110657,528.8693063591745,31979900
2024-12-17,531.5677490234375,533.234471579217,529.9109571669914,532.1233232086973,28579100
2024-12-18,512.3905029296875,532.6393233284896,510.942073860317,530.9230075449514,54703200
2024-12-19,510.1087036132813,517.6387790519901,509.7714230842023,517.0732740500031,46441800
2024-12-20,514.563232421875,520.674610325421,505.2672783831969,506.4081888202465,60530000
2024-12-23,519.576416015625,519.9540272324169,512.8788812504641,516.2773215508976,29672800
2024-12-24,526.6217651367188,526.7111642557666,520.8880913793857,521.5240745288673,17558200
2024-12-26,526.2640380859375,527.8937223215758,522.994783551006,524.9921323134935,19090500
2024-12-27,519.2683715820312,523.1338828752066,514.5979649367405,522.6966520264838,33839600
2024-12-30,512.3621826171875,516.0885615458353,508.6059938701245,512.262836772703,34584000
2024-12-31,508.0097961425781,514.3992562583705,507.0459049159329,513.644094410772,29117000
2025-01-02,507.0160827636719,513.3857099460889,502.52453474139946,511.06042287109295,36389800
2025-01-03,515.3135375976562,516.37680506136,509.3016580240605,510.1164395600479,29059500
2025-01-06,521.2359619140625,524.5946765405293,518.7418230577623,520.719278575862,36109700
2025-01-07,511.9348754882813,522.67678090554,510.0468799728483,522.2793368947259,36690300
2025-01-08,512.0242919921875,513.6638621182858,507.3538855422856,511.8354863915311,30777800
2025-01-10,503.9952087402344,508.3575403275065,500.7458174123479,508.2581944885488,40532500
2025-01-13,502.37548828125,502.8325822621149,496.5524148250259,498.04296636403393,31694200
2025-01-14,501.8984680175781,506.9464858814396,498.4304613679452,505.5354171737264,33737200
2025-01-15,513.4452514648438,514.5879710744987,508.2382382867803,509.7983862555164,34957600
2025-01-16,509.8481750488281,515.7904881915479,509.7189890543602,515.7109751217133,28229000
2025-01-17,518.45361328125,520.7689538758897,509.8779677530645,519.5566069696355,51837900
2025-01-21,521.4942626953125,522.6568758608805,516.7841297495139,521.1762711033113,23628000
2025-01-22,528.1619873046875,530.457434010863,525.9261602278661,526.2342050879784,33593000
2025-01-23,529.284912109375,529.404151376624,525.1213025176294,525.7075521398207,23096600
2025-01-24,526.2938232421875,530.4275923841087,524.8231652884439,529.6624839179889,19878300
2025-01-27,510.9710693359375,514.727227991377,506.93661493215734,507.78126694027895,60771700
2025-01-28,518.5230712890625,519.7055778022501,508.55625233887065,511.9745555822676,33194200
2025-01-29,517.54931640625,519.2982398960235,513.6440786970315,519.1690539120722,26649000
2025-01-30,519.7553100585938,522.7860860608997,514.9458310521527,520.4111867008249,27431300
2025-01-31,519.0,528.1719001743444,517.9069533149807,523.6008398308838,38755200
2025-02-03,514.846435546875,517.5691667149378,507.8309085723365,510.2356481268789,40580800
2025-02-04,521.166259765625,521.8022428707668,514.9655761172106,515.363080720596,26046800
2025-02-05,523.5313720703125,523.6903982021383,517.3406339590531,518.533087344952,21134100
2025-02-06,526.2640380859375,526.4727371352427,522.4283666892038,524.0381574961376,19434500
2025-02-07,519.6260986328125,528.748266336267,518.9007163268166,526.8006512350846,29605500
2025-02-10,525.916259765625,527.0192533310259,523.432007239571,523.8990176021349,20852800
2025-02-11,524.6641845703125,526.5820202342347,522.5178170831823,522.6470030660466,19325500
2025-02-12,524.9722900390625,525.8566985928285,518.662312181656,519.0100833136883,25009400
2025-02-13,532.5243530273438,532.8422839525621,525.856597948036,526.6415998490472,28714800
2025-02-14,534.76025390625,535.445910069072,532.2958340155867,532.6337190649526,17862600
2025-02-18,535.9725341796875,536.5985706975572,532.6634926781901,536.3302520039847,20565000
2025-02-19,536.1216430664062,537.4034956659445,533.0809200913482,535.177614880373,19666900
2025-02-20,533.8460083007812,535.7042244561445,529.1060954227281,535.3365599110106,26550800
2025-02-21,522.7662353515625,535.0086388627485,522.3985708362279,534.9887454346671,47093800
2025-02-24,516.5953369140625,525.7373982954535,516.2575125365582,524.5548916727963,39268400
2025-02-25,510.0865783691406,516.0487840625606,506.23101383534026,515.9692710044544,48940000
2025-02-26,511.3187255859375,516.3865758453701,508.1488173328768,512.2826469839265,34457600
2025-02-27,497.1187744140625,515.8003708854543,496.9001589871784,514.8662895456173,52448000
2025-02-28,504.9690551757813,505.5751982352111,493.7998352114138,496.9796905709141,47654000
2025-03-03,493.9190673828125,509.80833658708485,490.4709237175102,508.2979219919685,44587200
2025-03-04,492.4284973144531,500.56691058166984,484.6676952631077,491.0671318548567,67875400
2025-03-05,498.8478088378906,500.45759947715374,488.16552394179666,493.0744089154246,46323700
2025-03-06,485.1248474121094,495.439438469392,483.1374453830968,490.58025627763743,57574300
2025-03-07,488.6922302246094,490.172835031535,477.5031471015196,484.0913896771833,54714700
2025-03-10,469.7522888183594,480.92147845342646,465.7079184343633,480.4047648459635,76668000
2025-03-11,468.62939453125,475.7939702022416,464.0683106107926,469.37467027626616,68760800
2025-03-12,473.9158935546875,478.0297999193566,468.8182025802525,476.1417740872487,46971100
2025-03-13,465.3899536132813,473.2799425033811,463.4919809381716,473.25013268441506,46563300
2025-03-14,476.638671875,477.5329967973217,470.13985820885455,470.7460316472692,43563000
2025-03-17,479.7290344238281,482.77970385821135,474.7903391011045,476.5889355359567,41744400
2025-03-18,471.5508728027344,476.5889137375583,469.4342848576123,476.3901917362346,39072300
2025-03-19,477.86090087890625,482.27290553437547,471.8788012950444,473.80658371122826,40430300
2025-03-20,476.2411804199219,481.4978372007988,473.180564168426,473.87616704158864,36780500
2025-03-21,477.8111877441406,478.5763266010879,469.93114605028205,471.0937592442753,42234900
2025-03-24,488.29644775390625,489.1423592971704,482.0665930507614,485.39050030859886,34567200
2025-03-25,491.0829162597656,491.2421491588082,488.0575822896671,489.02291086034575,26035200
2025-03-26,482.0466918945313,490.7843964317407,480.4942090197157,489.9285233558148,34627100
2025-03-27,479.2999877929687,484.2360865180512,477.9365920668743,480.0861907948712,33469800
2025-03-28,466.6810607910156,478.20526514414263,465.7953334525717,477.4986938052008,46363800
2025-03-31,466.66119384765625,467.5966378628316,455.1269969393962,459.6949133234896,53000300
2025-04-01,470.4229736328125,471.3484864500327,462.18286035410387,465.0489616231821,41156200
2025-04-02,473.8563537597656,477.2499312507818,463.6159127395909,463.87467002418674,49894500
2025-04-03,448.4891662597656,457.8538417637516,447.9716820425934,454.2413226802251,70456300
2025-04-04,420.6339721679687,438.2486913787224,420.6339721679687,436.0294529358994,117088400
2025-04-07,421.6490478515625,441.0053675205171,400.4516641030583,406.6914499899583,161557000
2025-04-08,414.0557861328125,441.0053554988176,407.8160004160076,436.0493338288811,101248100
2025-04-09,463.7552185058594,465.5763897991723,413.4288133631856,413.56815354318593,142876900
2025-04-10,444.03070068359375,453.3953754518723,430.5459844866977,451.3751553721857,108384100
2025-04-11,452.2110900878906,453.5944088551687,439.2040426870755,442.50805710466096,52483800
2025-04-14,455.2762756347656,462.8097869672901,450.4496325846052,462.2226327115798,43941200
2025-04-15,455.7838134765625,460.15268105084914,453.9526805576148,456.331182302101,35404200
2025-04-16,442.0403137207031,450.43965945558847,435.6512567922465,446.8669566467618,48980600
2025-04-17,441.9607238769531,445.5931353213715,439.2339021288606,445.0159426129849,44837000
2025-04-21,431.0236511230469,436.96489424924215,425.86861099139634,436.1190130809314,44149300
2025-04-22,442.3388977050781,445.42394033849905,435.51192735142513,436.70615895638065,52304400
2025-04-23,452.3703308105469,461.14785116525866,450.6984308488603,455.9629568263105,55801100
2025-04-24,465.09869384765625,465.407198090119,453.63416840182344,454.281061526893,45956100
2025-04-25,470.28363037109375,470.81107609503925,463.1481859616907,464.7205615859109,38697100
2025-04-28,470.13433837890625,472.5227711679886,463.785066874951,470.7513468926074,33550800
2025-04-29,473.2393493652344,474.1250767730389,467.327960183027,467.90518330443473,30613100
2025-04-30,473.1795959472656,474.90127322951986,460.2024029412006,464.87977453427817,46810600
2025-05-01,479.3596801757813,484.83318599096134,478.4242058431775,481.08135748377987,43316500
2025-05-02,486.4752502441406,488.54524771174533,482.49451859013254,484.19630323903306,39218100
2025-05-05,483.5892028808594,486.6742758401759,481.768031598775,482.26562303187217,28309500
2025-05-06,479.0910034179687,482.7134533803981,475.8865132659184,477.2499089792982,32786300
2025-05-07,480.9718933105469,483.4598506116992,474.4833116025476,479.7577689327616,38006300
2025-05-08,485.9378356933594,490.3265956463865,481.83768726665016,486.1766698555149,39577600
2025-05-09,485.619384765625,489.172194889319,483.8579220246552,487.8485846688506,27767400
2025-05-12,505.4036560058594,505.4434718267355,499.0643456144565,504.5477828951714,45090600
2025-05-13,513.1063842773438,514.8977013705513,505.97090943590337,506.707335072133,53269600
2025-05-14,516.1815185546875,516.728857064308,513.2656396118028,514.2807457235306,47014500
2025-05-15,516.7487182617188,519.4158011315517,512.6883550423395,514.0318883953613,50153300
2025-05-16,518.997802734375,519.1868899000237,514.6090124784221,518.1518608917828,48394600
2025-05-19,519.4954833984375,520.0129979914711,511.7628921130437,511.7628921130437,52536200
2025-05-20,517.7637939453125,518.4205878915068,514.171137741155,516.967599082951,42517600
2025-05-21,510.5685729980469,520.480615769375,508.7772560671449,513.7830548162376,71292800
2025-05-22,511.52398681640625,515.2161370705494,509.83216381683974,511.18559792003657,55607200
2025-05-23,506.7868957519531,509.3743771897922,503.1445229416255,503.7416387150606,58368100
2025-05-27,518.7091674804688,519.1968580915909,512.1111611741854,513.6636439652767,47226300
2025-05-28,516.4102783203125,521.1573196978349,515.8928245699911,519.6645455027536,46637200
2025-05-29,517.4254760742188,523.9439124018006,514.8280630915039,523.7946714004786,58513300
2025-05-30,516.6094360351562,518.1718806446285,509.4640293359192,516.9378634348925,67662800
2025-06-02,520.6896362304688,520.9284703937832,513.4844614373544,514.7483630828904,44762800
2025-06-03,524.7598876953125,526.192953382638,520.172109482974,521.0379136751978,44070300
2025-06-04,526.222900390625,527.2877534208493,523.4363395775185,525.4665516408473,41359300
2025-06-05,522.261962890625,530.4821825867151,520.1422186545674,527.6260127928042,61031200
2025-06-06,527.3673095703125,529.2382582965394,525.6655856720602,527.4469412104685,42467000
2025-06-09,528.1435546875,529.7855699578893,526.4616932284755,527.5862547168781,33688700
2025-06-10,531.63671875,532.3233974321485,526.3423380359699,528.6113236327552,40664800
2025-06-11,529.8452758789062,534.1942808270467,527.5563674659288,533.039834702878,53701000
2025-06-12,531.0892333984375,532.0645538594068,528.282871317245,528.5316670205602,34104900
2025-06-13,524.421630859375,529.3079524332428,523.197514523019,525.1381334298933,55814400
2025-06-16,531.7162475585938,532.7910620936354,527.8947792535579,527.9445262501218,37622100
2025-06-17,526.5313720703125,530.7608992855103,525.366964373918,529.1487078886557,42180900
2025-06-18,526.4417114257812,529.9845595741693,524.8594048736611,527.5463496966778,43983500
2025-06-20,524.292236328125,530.989797962704,522.3516174800588,529.6960723110417,61643500
2025-06-23,529.6832275390625,530.2012624901581,521.7128229011945,524.8611059770333,50666100
2025-06-24,537.7831420898438,538.6997215726698,534.2861174166954,534.9038188952696,45442000
2025-06-25,539.157958984375,541.3000294115662,537.3845756916884,540.0546537700266,44804200
2025-06-26,544.19921875,544.6475661276676,539.5166551436107,541.3398412384469,43811400
2025-06-27,546.0623779296875,547.9553124291843,542.5254624415982,545.2354314727291,57577100
2025-06-30,549.5991821289062,550.7548638680785,546.9789071412225,549.2205831019088,45548700
2025-07-01,544.9664306640625,548.6727003482655,542.6450333450836,547.6962844543337,56166700
2025-07-02,548.7623291015625,548.9616013728256,544.099649838931,544.1394799694398,36538300
2025-07-03,554.1622924804688,555.1387084222483,551.1335605372531,551.1335605372531,26443500
2025-07-07,549.98779296875,552.2892446862089,547.5468445873587,551.4722709809203,45349300
2025-07-08,550.2966918945312,551.9604968449189,549.0612280892235,551.3328226115977,36153300
2025-07-09,554.192138671875,555.5670381907667,551.0537678549799,552.4286673738716,43045500
2025-07-10,553.3951416015625,555.2382732584896,550.7051180084419,554.8298167972696,34710900
2025-07-11,552.1498413085938,553.7339253144304,550.0077705527549,551.2531463853666,39618600
2025-07-14,554.15234375,554.8895964181139,549.5892702624878,551.9405249362994,36453300
2025-07-15,554.6604614257812,558.7253850512435,554.6006858199376,558.1774318627827,43277700
2025-07-16,555.2283325195312,558.1375740177878,549.519549612121,555.2184205935204,52314700
2025-07-17,559.7216796875,560.2298027364059,555.1486938660757,555.9556949409956,40423800
2025-07-18,559.1836547851562,562.6407884950407,557.9083608963978,561.0367592084838,50484700
2025-07-21,562.0828857421875,563.9659084478778,559.9807060956166,560.0106243017523,39595200
2025-07-22,559.1736450195312,562.262152187211,556.5433971551718,562.2123493250268,43270600
2025-07-23,561.7241821289062,561.7640122575135,557.5098504754792,560.2596495832936,40215300
2025-07-24,562.9197998046875,564.145230057719,561.2061311881392,563.0393510094046,42275500
2025-07-25,564.2747802734375,565.599877131678,562.1825732841013,562.8401049406639,30630800
2025-07-28,566.0381469726562,566.934780883673,564.7728259539763,565.6396024726357,31498700
2025-07-29,565.1614379882812,569.9934711462136,564.4341580737452,568.648489779181,45463300
2025-07-30,565.918701171875,568.5090584763351,562.9596566910935,566.078082515952,43433800
2025-07-31,562.9197998046875,572.5042065088016,561.784002550513,572.414512700583,64613600
2025-08-01,551.8309326171875,556.9519318446527,549.6390593282571,556.7626323149415,69400800
2025-08-04,562.0131225585938,562.2323403030458,556.8822111512052,556.9818168836358,47669800
2025-08-05,558.1973266601562,564.4640352064246,557.6592854470431,563.2983805936119,48666600
2025-08-06,565.2212524414062,565.6596271290572,558.5559991276681,559.0342039471559,41823700
2025-08-07,567.1341552734375,571.1990788301907,563.0194288475504,569.5551584832303,44463000
2025-08-08,572.4244995117188,572.6437172653317,568.0408133424522,568.3396913615944,35255500
2025-08-11,570.730712890625,574.6661119984625,569.4554798808987,572.5639325532171,33112900
2025-08-12,577.9041137695312,578.2029917684722,570.372084149425,573.0321895540377,42143300
2025-08-13,578.193115234375,581.1620715545174,576.7982700747931,580.6041456525571,41209300
2025-08-14,577.7447509765625,579.7273793774012,575.7720345015408,576.1407216563158,45425000
2025-08-15,575.2042236328125,577.6949751695009,573.4407520858407,577.6550842269212,49480200
2025-08-18,574.9749755859375,575.6325679790418,573.1118984877381,574.3074712675442,29831000
2025-08-19,567.1740112304688,574.4270476767487,566.1477924665415,574.2576936083949,53752600
2025-08-20,563.8064575195312,566.347011543646,556.772578668353,566.2274603525832,76781100
2025-08-21,561.1962280273438,564.3943140175195,558.9046880126308,562.2622161511607,46436900
2025-08-22,569.85400390625,571.8665505027725,561.186237654488,562.5810219572568,51502100
2025-08-25,568.2101440429688,571.1691275247927,567.0544013373471,568.2898651145814,34044700
2025-08-26,570.4916381835938,570.8004889189272,566.6957355547859,567.7219543005008,34103000
2025-08-27,571.368408203125,572.2849877073902,568.2599552674767,569.4754735923461,36927100
2025-08-28,574.9451293945312,575.8617088595212,570.3422257905413,571.9860851866184,46787900
2025-08-29,568.2899169921875,572.9027938819278,566.4367515618461,572.5341066955731,56030400
2025-09-02,563.5274658203125,563.8761466603551,557.469941948523,559.2334132357979,65876800
2025-09-03,567.9610595703125,569.585034325084,564.6333889904666,567.1241403555323,54230200
2025-09-04,573.1019287109375,573.4705550386212,566.9249141338813,568.6285491052419,47526300
2025-09-05,573.9288940429688,578.9701724080204,569.4156841594208,578.3424981949754,68342500
2025-09-08,576.728515625,578.6912594012136,575.6326093036281,576.2303653317651,46371400
2025-09-09,578.3624267578125,578.7908286858918,574.9052323196163,577.5255075617649,44007600
2025-09-10,578.5516967773438,581.6103465262822,576.4096264368577,581.5804283236047,49308000
2025-09-11,581.9192504882812,582.7162787776647,579.4683292093007,581.0823312583443,44745800
2025-09-12,584.4896850585938,585.6852579441866,581.939157947032,582.8756829463206,50745900
2025-09-15,589.4910888671875,589.6006673309763,586.1136154844122,586.263084887294,44360300
2025-09-16,588.992919921875,590.6666974580144,588.3054701472681,590.417622334017,36942100
2025-09-17,587.8173828125,589.5609089479608,582.2082052948111,588.9132892024719,69384800
2025-09-18,593.11767578125,595.9272507480725,590.7664209781601,592.7091584852494,61069300
2025-09-19,597.1326904296875,597.83011295333,593.6456386208329,595.1202047360832,58196100
2025-09-22,600.667724609375,601.3360027595129,596.1990824942005,596.2190510860968,57154800
2025-09-23,596.6779174804688,601.0367933292055,595.4609900615409,600.8372900448078,64635500
2025-09-24,594.583251953125,598.3736318933126,591.8502333814113,598.0544387994095,49850300
2025-09-25,592.0198364257812,593.6057566967052,587.0026056631178,590.6932034651784,70920200
2025-09-26,594.4535522460938,594.7827296224774,589.5560723046866,592.8376791327265,54337400
2025-09-29,597.20654296875,600.5181027058711,595.8898943349653,597.5855809487724,48332900
2025-09-30,598.8424072265625,599.1815689140329,594.5832523790604,596.9073409482912,46533800
2025-10-01,601.7150268554688,602.2536309055715,594.8226361779185,595.6504804045827,46899600
2025-10-02,604.188720703125,605.6150748101588,601.3958573858611,605.5153536087707,43765400
2025-10-03,601.645263671875,605.7847287787447,599.859840058186,604.9668078782124,46482100
2025-10-06,606.1636962890625,607.8094613156995,604.4280726015548,606.9018036091138,41962100
2025-10-07,602.9718627929688,608.1586438162234,601.4956480641417,607.4703970532165,58209500
2025-10-08,609.8842163085938,610.193425090037,603.7199483921797,603.869530194898,50629800
2025-10-09,609.1461181640625,610.0537759298148,605.9342796270852,609.9241018375851,45551000
2025-10-10,588.0000610351562,611.6198017284072,587.5511938507611,609.8443624637231,97614800
2025-10-13,600.4782104492188,601.415821078074,595.7103438165695,598.1541220292103,65872600
2025-10-14,596.4784545898438,601.1565238344467,588.628483812035,593.7952965646048,69203200
2025-10-15,600.6876831054688,605.1563255984365,594.4137092888615,602.4731675952409,62805500
2025-10-16,598.46337890625,606.7622168482491,593.9848129790577,603.5703467351942,70982000
2025-10-17,602.393310546875,603.9693073296388,594.8525491800316,596.4285459627954,72024900
2025-10-20,609.9839477539062,611.2407514930889,605.5253506485595,605.5951798429426,45761700
2025-10-21,609.8244018554688,611.1609582497778,607.7696457807522,610.0837500489531,44538200
2025-10-22,603.9493408203125,609.8542605281881,598.2139715066553,609.2657958565487,61478800
2025-10-23,609.0264282226562,609.8143961922938,602.9818500103868,603.3708114071275,42844300
2025-10-24,615.52978515625,616.8464337655934,613.5648269782704,614.4226241256162,47632500
2025-10-27,626.4918823242188,626.9506729134798,622.4422152319877,622.930958710038,54098600
2025-10-28,631.3095703125,633.0651018787079,627.648925370604,628.7560864561588,61195700
2025-10-29,634.15234375,635.3891789092543,628.6463695521778,633.9728090539653,67422800
2025-10-30,624.45703125,631.8880872300178,624.3473257513068,630.5614543099158,61628600
2025-10-31,627.4694213867188,632.5863736464859,625.0954721134605,632.5564207552092,66305100
2025-11-03,630.4716796875,634.2021534587442,628.2473125587718,633.4939381480045,37154300
2025-11-04,617.67431640625,625.3547359077402,616.8863484805083,621.6940912807667,63830800
2025-11-05,621.6941528320312,625.0056518350635,615.6395900613109,616.9163015661201,48688500
2025-11-06,610.1136474609375,620.4572571227977,608.7471381645778,620.2078932237561,72115100
2025-11-07,608.1885375976562,608.3980251800011,597.1466973484642,606.7621834660789,81835400
2025-11-10,621.6442260742188,622.7214951546598,615.3203917446493,617.3451949289606,55919900
2025-11-11,619.9884643554688,621.1355017301039,615.9487814833327,618.9910087880348,44868800
2025-11-12,619.4996948242188,623.2700450530867,616.2379957742788,623.2501373408774,47444400
2025-11-13,606.8519897460938,616.5472286099415,604.5378855310528,615.9686873362173,71333600
2025-11-14,607.310791015625,611.7893568378086,595.6505328274214,598.0244819828539,80087300
2025-11-17,602.1240234375,610.9215891749508,598.3436886131177,604.7573208445992,63850400
2025-11-18,594.7926635742188,600.7773963408275,589.8353391548725,598.0942387152705,83327300
2025-11-19,598.3436279296875,604.6176011290698,593.0770945294743,595.5507646962523,73111500
2025-11-20,584.1797485351562,612.4676329241026,583.262106516965,610.0637310644662,117743200
2025-11-21,588.568603515625,595.4609945768989,579.2623261905873,585.9751825584982,103344200
2025-11-24,603.6201782226562,605.1363301511908,593.6456226504143,593.7653733267485,60168100
2025-11-25,607.3407592773438,608.7072685888149,595.8001905964915,601.9744432402352,57560900
2025-11-26,612.70703125,614.6221288317284,608.8368989020178,610.9514997668095,42393600
2025-11-28,617.67431640625,617.7441455966097,613.8540448070679,614.5422915350683,23034400
2025-12-01,615.599609375,617.8638528985133,610.961477711232,612.0686387329198,40957600
2025-12-02,620.4172973632812,622.1628444217793,616.0185455630003,617.8837824065502,54541800
2025-12-03,621.9334716796875,622.6316418245013,616.4574507356939,618.0433708850139,47841600
2025-12-04,621.35498046875,623.3498916256304,617.9636071501104,623.339907329069,47067800
2025-12-05,623.8884887695312,627.3197383563271,622.1230338136666,622.7913119974152,53614200
2025-12-08,622.6915283203125,627.2399228158015,620.1080918729878,625.6140655337878,43462400
2025-12-09,623.4595336914062,624.2774544880871,619.4198511857304,621.4247464351753,37156000
2025-12-10,626.0130615234375,627.6090269272694,619.4099106697121,622.2626189242517,55031400
2025-12-11,623.98828125,624.1877845427603,616.148234091509,622.2327496814814,58272800
2025-12-12,612.0586547851562,621.9533965533452,609.8043955563878,620.497150448988,75158700
2025-12-15,608.9865112304688,616.8464661142882,607.7696446385382,616.7966055109866,49538200
2025-12-16,610.1934204101562,611.9489518835392,605.3657088583533,606.7123103516171,55152800
2025-12-17,598.8822631835938,612.0886258751325,598.7526499708691,611.5001003103562,70654300
2025-12-18,607.5601196289062,611.3704070362718,605.375689596093,608.248366375679,78875800
2025-12-19,615.47998046875,616.0485374798797,610.313167643226,610.392981139488,60369800
2025-12-22,618.4302368164062,620.8671665076671,616.9920478025754,620.5674955378034,43703100
2025-12-23,621.3265380859375,621.6261480926279,617.0020349130734,617.42148892244,41120400
2025-12-24,623.144287109375,623.4938829346665,620.9370481838333,621.2067276835874,18468700
2025-12-26,623.1043090820312,624.7322611929134,622.3552536061636,623.873297918951,28959800
2025-12-29,620.088134765625,621.995763643064,617.9508150333834,619.3190849184411,32458300
2025-12-30,618.64990234375,621.3964390816567,618.4401448660525,619.0594201394988,31226800
2025-12-31,613.536376953125,619.1792861072609,613.2766946262738,618.8696789386981,40746500
2026-01-02,612.347900390625,622.0656280105537,609.381669736326,619.2791633693975,61859200
2026-01-05,617.2117309570312,620.0281869343077,615.9433108116908,618.5400731036631,46828400
2026-01-06,622.6348876953125,623.2341686687002,617.7610283782293,618.4501618747352,43137500
2026-01-07,623.2341918945312,627.1492383750701,621.7760085257346,622.2553845556755,44880300
2026-01-08,619.6885986328125,622.6348958217857,617.0219780933957,622.2454332860368,50435900
2026-01-09,625.86083984375,627.0992684709724,618.280371644388,620.6273877403378,49688700
2026-01-12,626.3801879882812,628.0580650499223,621.4763979710708,621.5263228144307,37388700
2026-01-13,625.4513549804688,628.6772678768714,622.9145755930199,626.4800871429724,44481400
2026-01-14,618.769775390625,622.6648884214621,613.7860691564842,621.4563902550666,72598700
2026-01-15,620.9970092773438,629.206628407055,619.9682771169513,625.8108857116995,53934900
2026-01-16,620.4776611328125,625.2915986535979,618.1006533744517,624.7123119754499,61058100
2026-01-20,607.2942504882812,614.2854351912486,606.2855126563834,609.7611716460692,81988900
2026-01-21,615.50390625,619.6386461402016,607.0944662344775,608.7024240227943,79837900
2026-01-22,619.978271484375,621.6761428244047,617.0020437780021,621.5662350217955,42254800
2026-01-23,621.935791015625,624.612469784726,617.8709699342951,618.949566020391,43645800
2026-01-26,624.67236328125,626.81961915323,621.3365426117721,622.425196766994,35983000
2026-01-27,630.335205078125,631.2440322678261,626.5499998769385,628.1179690883873,38997200
2026-01-28,632.4225463867188,635.7982947738302,631.014348844542,634.6597767228699,50691700
2026-01-29,628.6373291015625,632.8719797654484,617.4914101080947,631.8533057393616,79944000
2026-01-30,621.0868530273438,627.4688205124429,618.5200822009824,624.9220440060533,65650700
2026-02-02,625.3515014648438,627.6985176699922,617.8808797571519,617.9208683974972,49020300
2026-02-03,615.7435913085938,629.1866011443993,610.1905958568021,627.5087242048245,81234000
2026-02-04,604.9871826171875,614.3253838343164,599.7138024298947,614.2455284678144,81850700
2026-02-05,596.2781982421875,604.0483693053457,594.0110373128413,599.4541864003901,89354500
2026-02-06,608.8822631835938,610.6399955270392,598.0159600076653,599.434154665902,78019300
2026-02-09,613.54638671875,615.6837064208919,604.3080353554789,606.7748955946631,56797600
2026-02-10,610.699951171875,616.2430108652889,610.2405694597212,614.5351423104305,53938900
2026-02-11,612.337890625,616.7423712103644,606.9247331463698,615.6037921922693,58575100
2026-02-12,599.8836059570312,615.0344847338599,598.8149461335121,613.9358943887876,81378900
2026-02-13,601.1619873046875,605.7162424752422,595.6689134343201,599.673873409497,69237500
2026-02-17,600.542724609375,603.1894116444834,592.5927882610704,597.626419057608,69013800
2026-02-18,605.027099609375,609.0021290003773,599.9634770047899,601.3517411914925,64250700
2026-02-19,602.7100219726562,605.0570991965415,599.993476524114,602.0508799312083,60960800
2026-02-20,608.0433349609375,609.581373723881,598.4753818004266,599.3642756707148,74127300
2026-02-23,600.652587890625,607.2443127599432,598.2955745850619,605.8460514657053,63859100
2026-02-24,607.1044921875,608.2230768722754,598.9747284234804,601.6414099286677,55023700
2026-02-25,615.9033813476562,616.053216829597,610.2305417280922,610.3004608891118,55710700
2026-02-26,608.4727783203125,614.8148183820397,603.2193924504018,614.8148183820397,96178900
2026-02-27,606.5252075195312,607.5539396831472,601.4316544188312,602.2206376135266,68125200
2026-03-02,607.32421875,609.1518702196468,597.2369017749593,598.1058012495889,75264600
2026-03-03,600.8224487304688,603.1994564784976,591.1246545665933,595.5790600436336,97015500
2026-03-04,609.9808959960938,612.108218610738,602.6701065956436,603.3991678160902,70943900
2026-03-05,608.1431274414062,611.9883154244911,601.5015388569162,606.6350803018902,89602400
2026-03-06,598.9946899414062,605.2368188486739,597.5764953219963,599.5539822531658,86302300
2026-03-09,606.99462890625,608.5027370453225,590.5853272955466,593.4816386137257,93068200
2026-03-10,607.004638671875,612.5176457382476,604.65756151405,607.0146358319374,64078900
2026-03-11,606.9247436523438,611.6587648578186,604.2681201890963,608.1831666985171,60114800
2026-03-12,596.5078735351562,603.3792143506387,596.2981160455262,602.0009473234562,71836600
2026-03-13,592.9722900390625,602.8398528802119,591.8237748266745,598.9747313072235,63145500
2026-03-16,599.6239013671875,603.099499235842,598.3554812666724,599.2843027330098,49077200
2026-03-17,602.5502319335938,605.1369970937805,601.1120429286618,602.3804630878033,47106600
2026-03-18,594.15087890625,602.400426051188,593.8112802396884,600.7325461165636,56128000
2026-03-19,592.273193359375,595.0496606380132,586.3406715242521,588.7676039624899,75597600
2026-03-20,581.3269653320312,590.4254777892629,577.8113788279011,590.3156309505814,91964700
2026-03-23,588.0,595.0800170898438,585.9600219726562,590.52001953125,89936100
2026-03-24,583.97998046875,587.9299926757812,581.9299926757812,584.8099975585938,57750900
2026-03-25,587.8200073242188,591.3699951171875,585.6900024414062,589.1400146484375,60475500
2026-03-26,573.7899780273438,584.6300048828125,573.4299926757812,582.5999755859375,81492100
2026-03-27,562.5800170898438,571.02001953125,561.5700073242188,570.8099975585938,82702200
2026-03-30,558.280029296875,568.0499877929688,555.5999755859375,567.3800048828125,70602600
2026-03-31,577.1799926757812,578.6400146484375,564.2100219726562,564.2899780273438,95878000
2026-04-01,584.3099975585938,587.739990234375,580.4199829101562,581.47998046875,79435100
2026-04-02,584.97998046875,586.0499877929688,571.9199829101562,573.969970703125,50941700
2026-04-06,588.5,590.6099853515625,584.6900024414062,586.22998046875,35108500
2026-04-07,588.5900268554688,588.97998046875,578.4000244140625,585.6400146484375,49948200
2026-04-08,606.0900268554688,609.9000244140625,602.1199951171875,608.7100219726562,63086000
2026-04-09,610.1900024414062,610.5,603.030029296875,605.9299926757812,37837500
2026-04-10,611.0700073242188,613.6699829101562,609.5800170898438,611.8400268554688,34038500
2026-04-13,617.3900146484375,626.739990234375,608.1099853515625,609.47998046875,32972100
2026-04-14,628.5999755859375,628.5999755859375,620.0999755859375,620.219970703125,49921100
2026-04-15,637.4000244140625,637.8300170898438,628.2000122070312,629.0800170898438,50102400
2026-04-16,640.469970703125,642.1799926757812,635.260009765625,639.2100219726562,42320600
2026-04-17,648.8499755859375,650.0,644.0700073242188,645.5900268554688,53488900
2026-04-20,646.7899780273438,648.760009765625,642.52001953125,648.0399780273438,37138500
2026-04-21,644.3300170898438,650.2000122070312,642.2100219726562,648.4099731445312,39580500
2026-04-22,655.1099853515625,655.3300170898438,648.52001953125,650.260009765625,35846855
