Date,Close,High,Low,Open,Volume
2016-04-25,97.0629653930664,97.58689312624334,97.0629653930664,97.23760410872708,5539500
2016-04-26,96.62252807617188,97.00977912314112,96.52381952396595,97.00977912314112,7840000
2016-04-27,97.58687591552734,97.814672053194,96.9034932956238,97.13128364019404,8380100
2016-04-28,97.98931884765624,98.05765421875384,97.22240550691514,97.35149887835787,7974600
2016-04-29,98.23986053466795,98.49043506423584,97.34386570898384,97.5336938447604,7416300
2016-05-02,97.25079345703124,98.07249814558708,97.23557917593808,97.8899035534213,11035200
2016-05-03,98.4757308959961,98.92463630052384,98.41487377931948,98.5670397900559,10736700
2016-05-04,99.01597595214844,99.03880028304889,98.293178384737,98.66598352912924,7211200
2016-05-05,99.67786407470705,99.72352432739494,98.68116333385711,98.9550668023712,7870400
2016-05-06,99.25179290771484,99.56374077674568,99.1300554549922,99.55613653952146,7232500
2016-05-09,99.56372833251952,99.58655265086196,99.15287899283476,99.25939634827311,4950800
2016-05-10,99.5713348388672,99.76154523573796,99.4039487608592,99.55612636597286,4331900
2016-05-11,100.13436889648438,100.43109667227156,99.41157165900502,99.54091334490998,9256000
2016-05-12,99.67786407470705,99.79960152949612,99.3583119630277,99.41157645306892,6087400
2016-05-13,100.64415740966795,100.6745975845244,99.84527115780112,100.03548161731584,8707300
2016-05-16,99.77678680419922,100.17242776555416,99.65504933770173,100.15720767986105,5137000
2016-05-17,99.94418334960938,100.3017799388164,99.83006171880928,99.83006171880928,4449100
2016-05-18,98.52139282226562,99.55613796619134,98.08010325696408,99.52569779781322,12681000
2016-05-19,98.94747161865234,99.16050637926443,98.64312795383238,98.6659522775034,6209400
2016-05-20,99.02349853515624,99.21370887549234,98.56700068406036,98.64307785448408,5348900
2016-05-23,99.24420166015624,99.46484066376242,98.84856069178508,99.18333292582808,6979700
2016-05-24,98.80288696289062,99.05396607468792,98.33116890349508,98.8865800001564,5968200
2016-05-25,98.43009948730467,99.09964398319867,98.38445083704364,98.78009182184688,6367400
2016-05-26,98.93983459472656,99.2517824308286,98.75724004443953,98.76484428086106,5419300
2016-05-27,98.79529571533205,99.1072319774959,98.681162498862,98.96268181187,5267600
2016-05-31,99.0311279296875,99.24416261125288,98.13332896350248,98.16376912345152,8344300
2016-06-01,99.43296813964844,100.08101775624093,99.19662419086929,99.59307848455136,9874900
2016-06-02,100.14962768554688,100.40122299890037,99.77604465055724,99.79891589419034,5835400
2016-06-03,101.57527160644533,101.57527160644533,101.09496409896562,101.29318532162522,11077200
2016-06-06,100.82051849365234,101.31607746929568,100.7137821773575,101.23221238982218,7573700
2016-06-07,101.06448364257812,101.38469259593543,101.04923227335554,101.1254774860823,4680200
2016-06-08,101.6058120727539,101.72778814479148,101.17886673715272,101.30084280919029,5313200
2016-06-09,102.26146697998048,102.57404443500216,102.10897655307868,102.40632590550544,6820300
2016-06-10,102.75704193115234,103.1763674035044,102.36058769971147,102.76466180032672,6984600
2016-06-13,103.21444702148438,103.22206688748466,102.749379261037,102.9933429402611,7283300
2016-06-14,103.13819122314452,103.85485408851127,103.09244876507977,103.8319828594789,9012500
2016-06-15,103.5346450805664,103.8624737850863,103.16106228467405,103.32117252102276,7953200
2016-06-16,104.0378646850586,104.87650379562544,103.8243804320101,104.25133730472182,10372700
2016-06-17,103.3897933959961,103.89298373563894,103.12294686132353,103.83960977535128,8489900
2016-06-20,102.28431701660156,102.58165467401211,102.16994922013052,102.34531084804269,7365900
2016-06-21,101.81167602539062,102.60458465473543,101.75069379241688,102.3834804349912,6005800
2016-06-22,101.97937774658205,102.15473942588758,101.59055504474912,101.7811564613434,5773700
2016-06-23,100.8129425048828,101.64397388941184,100.69858625780616,101.10266050866682,9029100
2016-06-24,103.51941680908205,104.1522147636682,103.15346543014248,104.1522147636682,17155000
2016-06-27,106.10401153564452,106.42422056883449,105.51695582476847,105.5474585708184,16577100
2016-06-28,106.32506561279295,106.66051422750976,105.88286907060468,106.30981424695652,14006400
2016-06-29,105.5093002319336,106.83589003461547,105.41018379091344,106.49279824135655,12999800
2016-06-30,105.8981475830078,106.69105602949634,105.28060082439698,105.8295338616928,14698500
2016-07-01,107.36843872070312,107.559390618559,106.31438051500936,107.55174508358628,15430200
2016-07-05,108.7128448486328,109.15585509426056,108.23164185419756,108.34622010062007,8840800
2016-07-06,108.8884506225586,109.22452795796384,108.43017288273788,109.06412317341734,14352800
2016-07-07,108.88084411621094,109.36968082113532,108.292708631372,108.52948727136544,9676400
2016-07-08,109.68280029296876,109.69806805690634,108.73567446366442,109.16340494954972,10355300
2016-07-11,108.72039794921876,109.58350448079614,108.64402416314567,109.26270660781262,8099000
2016-07-12,106.93306732177734,107.58994234437372,106.65809611104446,107.25386512516916,15810600
2016-07-13,108.193359375,108.28502422707368,107.65869629949069,107.97949414479628,8181700
2016-07-14,106.61994934082033,106.81090132903216,106.2380453643966,106.38317074020313,10817000
2016-07-15,105.70336151123048,106.25330406239868,105.54295674431384,106.08526541316492,9958600
2016-07-18,105.6040267944336,106.36783433812052,105.19920972866178,106.2227206948337,5955900
2016-07-19,106.19978332519533,106.40601460120824,105.7109470206002,106.12340957262606,8073900
2016-07-20,105.61932373046876,105.7949962313222,105.33671862195057,105.58113101599274,6942500
2016-07-21,105.83321380615234,105.87904041237624,104.63404154242365,104.6722226110883,10398400
2016-07-22,106.01652526855467,106.35260256626324,105.306177952074,105.35200455543747,5811400
2016-07-25,105.940185546875,106.36791623590564,105.85616618618776,106.12350369422548,4243800
2016-07-26,106.10823059082033,106.56652015911062,105.75688535594723,106.56652015911062,5243400
2016-07-27,107.42961883544922,107.42961883544922,106.4748585839618,106.58943680701324,8508100
2016-07-28,107.23098754882812,107.57469876304393,106.71160378597465,106.78034369786114,7336100
2016-07-29,108.12464904785156,108.2163022702104,107.10114921556412,107.27682177667997,8766700
2016-08-01,106.95238494873048,107.51097965200093,106.82994971413056,106.96003277236798,9809300
2016-08-02,105.85047912597656,106.56211195336076,105.21535955444732,105.46787781850584,10051200
2016-08-03,105.91168212890624,106.19480332104548,105.52908087420408,106.05707247386326,4930600
2016-08-04,106.7074966430664,107.25079560824788,106.5697657842136,106.71515614149024,5646000
2016-08-05,105.59796142578124,106.5008949117222,105.46023055886768,106.4014265109731,7778600
2016-08-08,105.79689025878906,106.01114601824813,105.07760973835548,105.29186549781454,5185200
2016-08-09,106.83758544921876,106.91411038120164,106.07238283365108,106.1412599428618,5503200
2016-08-10,107.2507781982422,107.51859205011448,106.72278663955252,107.0518180885546,5843500
2016-08-11,106.29425811767578,107.18954343974364,106.01112531677298,107.17423612389624,7624600
2016-08-12,107.18952941894533,107.78638622225274,107.02883181371976,107.44204755512295,7989600
2016-08-15,106.17951202392578,106.84524624728935,106.1718642010606,106.62333094747969,5108600
2016-08-16,105.89637756347656,106.47792728236531,105.7739423565324,106.34784425351116,6182700
2016-08-17,106.53147888183594,106.69982434363604,105.98053222068316,106.08001226885467,5002000
2016-08-18,106.6998291015625,106.94468780851462,106.20244051458744,106.51617631430152,3805200
2016-08-19,106.1412124633789,106.40137843403782,105.67443860963904,106.08764269974084,5516300
2016-08-22,107.03652954101562,107.23547798782732,106.64626879295332,106.86052455907776,5549700
2016-08-23,107.15129089355467,107.57980236840754,106.87581756314044,107.3349436725182,6841400
2016-08-24,106.89876556396484,107.27371891745852,106.66155470451298,107.20485350846822,6027800
2016-08-25,106.49323272705078,106.96000672875014,106.33254673732202,106.56209815122024,5855500
2016-08-26,105.87340545654295,107.65632846525595,105.76627758664898,106.92172901736711,12962500
2016-08-29,107.28907012939452,107.39619803478516,106.52386746915684,106.65395052026936,7310400
2016-08-30,106.87583923339844,107.32730593765385,106.87583923339844,107.25844051010256,5161800
2016-08-31,107.02880859375,107.25837154738582,106.62325243528473,106.86812269944473,7349700
2016-09-01,107.14694213867188,107.3999197877871,106.22703085835704,106.26535123466913,9149100
2016-09-02,106.27301025390624,106.59497857348236,105.92037160067242,106.52598786870998,8397000
2016-09-06,107.04727172851562,107.38457523118176,106.18101606915084,106.3343443502213,8542600
2016-09-07,106.97057342529295,107.64518021517924,106.97057342529295,107.60684815715356,5421800
2016-09-08,105.62909698486328,106.76366576076038,105.22280265880178,106.44935907160068,14301500
2016-09-09,103.88890838623048,104.34885814962524,103.80458250834556,104.31053777565504,13347700
2016-09-12,103.94251251220705,104.12649934493794,103.61288259636008,103.73554048484732,9096600
2016-09-13,102.76193237304688,104.25678839662744,102.232980619173,104.15712742928984,15645400
2016-09-14,102.9153289794922,103.42128424216376,102.76201239309935,102.76201239309935,7037700
2016-09-15,102.47064971923828,102.76195927090794,101.9800298780208,102.42465593682722,9874500
2016-09-16,103.29863739013672,103.3446312012645,102.89234312876528,103.168317692839,7507900
2016-09-19,102.96134948730467,103.3906407194578,102.91535566918954,103.12233954801648,7105900
2016-09-20,103.3216323852539,103.9349104826677,103.23730650064316,103.60526868016872,6054800
2016-09-21,104.15715789794922,104.17249305832476,102.86161173276648,103.18359161415276,10698100
2016-09-22,104.98511505126952,105.24575437544526,104.6401498637071,104.77046952579497,12426200
2016-09-23,104.88545989990234,105.2840805980626,104.80113404119476,105.0464381864239,5928800
2016-09-26,105.55239868164062,105.6597214438553,105.0387817698058,105.07711383430473,8661300
2016-09-27,106.3267059326172,106.40337009839897,105.751759781182,106.24238002918098,9450400
2016-09-28,106.09664916992188,106.67159490970968,105.95866780707728,106.173313280814,7958700
2016-09-29,106.36502838134766,106.610344331782,105.36845280299768,105.45277869879595,8319800
2016-09-30,105.41438293457033,106.28063827740512,104.92376302741197,106.21164759451597,11747100
2016-10-03,105.06651306152344,105.8037732014374,105.028112020778,105.73464664075468,7588800
2016-10-04,103.83778381347656,105.08957363518506,103.79938276458503,104.92061839474628,12048700
2016-10-05,103.3539581298828,103.73794518859764,103.00068487978896,103.69186861648866,8917700
2016-10-06,102.7779769897461,103.43843519592218,102.66277384173742,102.88549289687454,7839900
2016-10-07,102.84709930419922,103.1312459968496,102.2096793377394,102.85477482728096,9953200
2016-10-10,102.24039459228516,102.26343287757103,101.76424268688297,102.02536278404727,6089100
2016-10-11,102.01000213623048,102.56294443126583,101.81033308682794,102.03304042199404,9670400
2016-10-12,102.10980987548828,102.15588643228467,101.55686775722914,101.8870908931708,7582400
2016-10-13,102.49381256103516,102.85474955087074,102.42468599686389,102.6320422526718,7080600
2016-10-14,101.05770111083984,102.10214627397032,101.01162454337664,101.57992955158204,11415100
2016-10-17,101.70277404785156,101.94085579112712,101.44166574427985,101.44935298272983,10595900
2016-10-18,102.03303527832033,102.05607356292246,101.24202292470125,101.2650612093034,7151000
2016-10-19,102.11753845214844,102.34793307418649,101.61835986969707,101.65674920807238,6941300
2016-10-20,102.2250518798828,102.71655492630994,102.0637721328934,102.63207729090728,6082300
2016-10-21,102.3786163330078,102.69348849853894,102.04070588398451,102.53989603580666,9222700
2016-10-24,101.93319702148438,102.48613930015586,101.59528654914574,102.4554254928317,6507500
2016-10-25,102.20198059082033,102.570604827029,101.74887874648532,101.7795925501889,5134700
2016-10-26,101.51079559326172,101.98694743188253,101.36489037969964,101.72583908969392,5842500
2016-10-27,100.40496063232422,100.65839354852044,99.8827320333376,100.65839354852044,10044700
2016-10-28,100.18220520019533,100.55082943627416,100.09005207076387,100.1361286354796,7541000
2016-10-31,100.79659271240234,100.82730651791518,100.38189188703274,100.5201215893713,7047500
2016-11-01,100.80425262451172,101.258230798215,99.9347940770786,100.15023617208092,12622400
2016-11-02,101.24291229248048,101.65071453583636,100.81971796237848,101.02747004092348,8666200
2016-11-03,100.46575927734376,100.8350870901036,100.36572834735315,100.6042528043589,6085400
2016-11-04,101.36602783203124,101.40449043869629,100.89666897163814,101.00439009988956,7622600
2016-11-07,100.50420379638672,100.7965946217848,100.3657102942828,100.60423470838444,5386700
2016-11-08,100.09637451171876,100.95815467319692,99.8039955065105,100.8119593002357,7576500
2016-11-09,95.84909057617188,98.00352380069604,95.57978789069593,97.88810668681826,31233500
2016-11-10,94.4333724975586,96.1492203868006,94.42567645396218,95.38747644087044,22961200
2016-11-11,93.90242767333984,94.67956346353824,93.6023466408556,94.61031083354064,10040200
2016-11-14,93.34068298339844,94.37943077228567,92.8944126347141,93.31760074281982,21174400
2016-11-15,93.80238342285156,94.49487435895423,93.70235251892164,94.04090781771544,11963700
2016-11-16,94.64879608154295,94.74882114711684,94.00246356527155,94.10249450120553,9149500
2016-11-17,93.25607299804688,93.95626582048072,93.09449139372168,93.83315267221884,11221600
2016-11-18,92.9867706298828,93.84854505947509,92.5943548064555,93.58693255373753,13577700
2016-11-21,93.2176284790039,93.47154500972782,93.01757249688572,93.26379298627752,6488100
2016-11-22,93.18683624267578,93.68697318796772,93.00986254067082,93.61003039723634,9989900
2016-11-23,92.8252410888672,93.03299317617665,91.7557199589743,92.32510391501854,13563500
2016-11-25,92.96369934082033,93.32533691971145,92.64053609301244,93.24839412790368,3126300
2016-11-28,93.6484832763672,93.66387535416774,93.17142866063024,93.4176549425778,8555000
2016-11-29,94.04094696044922,94.17944637938912,93.26381100582202,93.44078476849656,8363000
2016-11-30,92.51742553710938,93.10989737847927,91.93265560660365,92.30967940633792,21163500
2016-12-01,91.54059600830078,91.74105125500954,90.70020512145196,91.37097550551032,21715700
2016-12-02,92.21136474609376,92.6816740228003,91.85670635226144,91.87983535238664,12487500
2016-12-05,92.11109924316406,92.82812736345318,91.3246782687846,91.69475976535948,12100100
2016-12-06,92.0417022705078,92.4734649775662,91.84124710598506,92.01086165698612,11526600
2016-12-07,92.82811737060548,92.9977377931826,92.38093732603762,92.38093732603762,10392200
2016-12-08,91.73329162597656,91.98771634846509,91.57908858572416,91.8643597985077,12041100
2016-12-09,90.59224700927734,91.64080455162404,90.4226265418026,91.47118408414931,14646400
2016-12-12,90.7618637084961,90.82354494542544,90.11422248523112,90.41491116245348,9496300
2016-12-13,91.08568572998048,91.35553380162824,90.54598958668493,91.28614681845316,12189200
2016-12-14,90.06796264648438,91.91064691556774,90.05254527869235,91.81041931930356,16618400
2016-12-15,90.52283477783205,91.20131057624312,90.22985191309589,90.63847971681196,12400500
2016-12-16,90.31466674804688,90.91604399051856,90.05253036327528,90.67703659472735,14924600
2016-12-19,91.28614807128906,91.42492792179068,90.77728665870082,90.96233038086756,10868300
2016-12-20,90.83124542236328,90.90063828044732,90.49971614589684,90.69246558844138,7030600
2016-12-21,91.23216247558594,91.28613208120262,90.76956501569344,90.91605058394111,4624700
2016-12-22,91.06903839111328,91.2159133591925,90.8294052517383,90.85259479456224,5177800
2016-12-23,91.2545928955078,91.51741565364505,91.17728653356404,91.40146200837675,4461600
2016-12-27,90.96082305908205,90.98401260355448,90.62069991074264,90.76756899161684,5276600
2016-12-28,91.62564849853516,91.89620310492263,90.98404336221046,91.10772883807222,7578600
2016-12-29,91.95030975341795,92.19767479599876,91.72614015971948,91.83436199724558,8581400
2016-12-30,92.0894546508789,92.49142653848996,91.77252094877012,91.81890005209142,10613900
2017-01-03,92.48365020751952,92.75420467608284,91.35504735462324,91.5328436611906,13217300
2017-01-04,92.83927917480467,92.94750101148252,92.33681727728748,92.5764563993436,6699600
2017-01-05,94.29254913330078,94.33119641719892,92.8933853488852,93.1098290111866,13265800
2017-01-06,93.4267807006836,93.9524321905663,93.3417484083755,93.63549257420914,8369300
2017-01-09,94.17662048339844,94.30803189929776,93.89060219792724,94.21526777755464,8839100
2017-01-10,94.11478424072266,94.23846974492922,93.75146544417768,93.9601832581139,8417900
2017-01-11,94.43167114257812,94.84136882538895,93.85190893535987,94.26160661817072,9402500
2017-01-12,94.22299194335938,95.18926268352644,94.1766128350789,94.92643987307233,9977600
2017-01-13,93.77462768554688,94.11475682538692,93.2412503225632,93.7900913178929,9820000
2017-01-17,94.7563705444336,95.0346569755083,94.30028771108684,94.93416104905738,7853300
2017-01-18,93.54271697998048,94.27708020692448,93.46541651887802,94.13020520247684,9064700
2017-01-19,92.90111541748048,93.2103231710874,92.41411718646152,93.14074862514336,11795600
2017-01-20,92.71558380126952,93.00159607903664,92.21312198938972,92.63827744740588,16953200
2017-01-23,93.64324951171876,94.20755433953904,92.77746862034992,93.02483374679105,13118400
2017-01-24,93.00162506103516,93.63549843578164,92.6073908421803,93.35721198856136,8395000
2017-01-25,91.83436584472656,92.45277552826344,91.64883763178224,92.20541047531908,11115100
2017-01-26,92.1435546875,92.18993968299068,91.47103417818126,91.91938511615858,7827900
2017-01-27,92.4759521484375,92.63055897093722,92.18220803215888,92.29816167462188,7197800
2017-01-30,92.19766235351562,92.66920282380624,92.14355144205508,92.32907962218869,6569500
2017-01-31,92.83927917480467,93.07118648062732,92.18221633850423,92.24405907307664,13298500
2017-02-01,92.26522827148438,92.59834394589366,91.86239359820472,92.26522827148438,10975500
2017-02-02,92.22648620605467,93.07089216694672,92.18774949337104,92.908208612382,6978600
2017-02-03,92.18777465820312,92.8617546342865,91.77719139740528,92.52863890961,10275600
2017-02-06,92.74553680419922,93.0631554289404,92.28072574508909,92.77652499619234,8433800
2017-02-07,93.42725372314452,93.74487823933,92.55185951553854,92.79201060116652,8418400
2017-02-08,94.69776916503906,94.72100883721455,94.05478323006932,94.062525847198,15734200
2017-02-09,93.60543823242188,94.19419613847636,93.47374285162492,94.05475814261597,16890600
2017-02-10,93.55121612548828,93.69840265585268,93.04766832693164,93.04766832693164,7978500
2017-02-13,93.25684356689452,93.28008914776498,92.86949996457425,93.1561363580332,11536800
2017-02-14,92.58287048339844,93.19487409093466,92.0560829421264,93.14838883908504,13210500
2017-02-15,92.15679931640624,92.3582196667327,91.91664814781372,92.00186422255204,8481000
2017-02-16,92.66033172607422,93.12514284022438,92.28073667239757,92.35820420635692,10005800
2017-02-17,93.21034240722656,93.50472134833969,93.06314998147352,93.43500235323116,7886400
2017-02-21,93.04766082763672,93.43500434755516,92.65256878240986,92.71454516409116,8703800
2017-02-22,93.20262145996094,93.59771361365922,92.64484569247976,93.58222246918238,8101500
2017-02-23,93.48150634765624,93.53573421717924,93.21811552722876,93.40403880696547,5330800
2017-02-24,94.5195541381836,94.62026131150644,93.93853893973711,94.00825792656242,11336000
2017-02-27,93.9617691040039,94.434328557137,93.915289784152,94.36460366696753,11039800
2017-02-28,94.3104019165039,94.57379859278568,93.98503476673812,94.12447867526537,8410500
2017-03-01,92.7301025390625,92.79219827791924,92.32648615826936,92.70681811743512,10717100
2017-03-02,92.39635467529295,92.5283036923563,92.07036089603903,92.37307025131427,8201200
2017-03-03,92.63697814941406,92.63697814941406,92.01603839735225,92.54384044358204,9515200
2017-03-06,92.19454193115234,92.45844587407858,91.99273373030005,92.45844587407858,4489200
2017-03-07,91.91512298583984,92.11693119980475,91.7831739666912,91.96169775630946,7080100
2017-03-08,91.41834259033205,91.55029157156348,90.99144778250528,91.05353758899535,11336300
2017-03-09,90.68875122070312,91.18551122711088,90.634418927752,91.07684071943282,10575400
2017-03-10,91.00701141357422,91.06134372083064,90.56458950540704,90.92163122763166,9218500
2017-03-13,90.4326629638672,90.882842512387,90.41713605977202,90.68104013338044,6993100
2017-03-14,90.86725616455078,91.08458529131644,90.5878313096308,90.63440014485928,9869200
2017-03-15,91.97722625732422,92.233366789647,91.14671483094352,91.24761598529334,14600500
2017-03-16,91.5114974975586,91.70554223104716,91.30192586919678,91.58135075916232,8018200
2017-03-17,92.0858917236328,92.17127190187352,91.61242197948944,91.67451773126032,7266800
2017-03-20,92.48171997070312,92.54381570584364,91.97720248579309,92.01601380069972,5497800
2017-03-21,93.25012969970705,93.37432116233336,92.3808072266473,92.4040975672209,12540700
2017-03-22,93.62268829345705,94.04958307722626,93.47521242758306,93.70030498852653,11661400
2017-03-23,93.49073791503906,93.93315961226304,93.18802864440028,93.78568966103806,6746500
2017-03-24,93.82451629638672,93.9952766255238,93.45195368897474,93.55285482811216,5819600
2017-03-27,94.25141143798828,94.6705487873941,94.06513014551088,94.56188420663432,6878500
2017-03-28,93.62268829345705,94.5541004778392,93.5217812602699,94.5308160614958,6811200
2017-03-29,94.18157958984376,94.21262746789805,93.82453787488542,93.87111265285546,6291000
2017-03-30,93.42090606689452,93.98751342769408,93.3898581958982,93.97199245308384,7042400
2017-03-31,93.69255828857422,93.77017499751648,93.30446882208766,93.35880111052477,5144800
2017-04-03,94.63762664794922,94.79319465017753,93.6497950546276,93.6886826044503,12996500
2017-04-04,94.12428283691406,94.57541528313428,94.07760946127416,94.40429935349958,6976700
2017-04-05,94.41205596923828,94.52095060188152,93.61867994079296,93.77424200619404,8555200
2017-04-06,94.2720947265625,94.43544269126052,93.7431751325216,94.30320834201376,6497000
2017-04-07,93.89092254638672,95.08876951662783,93.87536871257365,94.76985954748842,10270000
2017-04-10,94.32648468017578,94.5987271661586,94.1164753215472,94.2253699422156,5314500
2017-04-11,95.22098541259766,95.39988711675548,94.6765122857034,94.73873948143762,11297400
2017-04-12,95.74211883544922,95.81990579240696,95.11986471996882,95.2909865303772,11532500
2017-04-13,96.03768920898438,96.24769855083196,95.60211076111602,96.0221294448112,8396700
2017-04-17,95.74211883544922,96.09992222138222,95.56322307679436,96.02991514698256,8015000
2017-04-18,96.99444580078124,97.2122410461409,96.09995483531571,96.34107786764326,11529700
2017-04-19,96.46548461914062,96.5821591093776,96.2165818093136,96.52771180517514,7344000
2017-04-20,96.0921401977539,96.387710450948,95.7810101797903,96.0765804329844,7932900
2017-04-21,96.0921401977539,96.63661327845658,96.05324672014164,96.30992943003498,9798500
2017-04-24,95.61768341064452,95.79658512798014,95.25210602666792,95.3221131106036,8066400
2017-04-25,94.46651458740234,95.25211676058466,94.41206726456672,95.05766118841272,8122300
2017-04-26,94.98763275146484,95.00318658167392,94.45093362742436,94.5209347648324,5766200
2017-04-27,94.95650482177734,95.1665141366091,94.56759384783592,94.69982215474148,4978300
2017-04-28,95.1665267944336,95.23653386489596,94.54427271394935,94.58316025592951,8166300
2017-05-01,94.37541198730467,95.20162362246312,94.08701455488776,94.85087497081838,8795900
2017-05-02,94.85865783691406,94.92101499803684,94.26628264636624,94.28966509511072,6727800
2017-05-03,94.9210433959961,95.3965064850679,94.741773937518,95.26400193806964,8932900
2017-05-04,94.4533462524414,94.48452483236552,94.05582679179156,94.32084174779348,9707200
2017-05-05,94.5390853881836,94.67938602378804,94.22730553720638,94.6092327326328,5605400
2017-05-08,94.02464294433594,94.4221623827156,93.94669947224531,94.39877993575898,8057800
2017-05-09,94.01683807373048,94.02462825702864,93.64270114075023,93.82976663388796,5536700
2017-05-10,93.90769958496094,94.3597739519342,93.65827698891565,94.24286175590028,6517000
2017-05-11,93.90769958496094,93.97784690258128,93.46341539992076,93.53356271754112,7479800
2017-05-12,94.61699676513672,94.69494021476194,94.29742683766204,94.32080927787922,7463900
2017-05-15,94.35980224609376,94.47672042388982,94.11817570623263,94.35980224609376,5173200
2017-05-16,94.71055603027344,95.00674359120232,94.3987762075188,94.3987762075188,6722700
2017-05-17,96.09020233154295,96.29286016837298,95.39649514243624,95.58356071282157,11236400
2017-05-18,96.19931030273438,96.60462591695712,96.02004089186023,96.45652914098652,8350500
2017-05-19,96.4253387451172,96.47989976957304,95.87972850055876,96.15253362283798,11277400
2017-05-22,96.16034698486328,96.30843782251934,96.07460736725396,96.19152556824,4062900
2017-05-23,95.51338958740234,96.3551933647317,95.46662469311931,96.26945376074228,7901300
2017-05-24,96.05125427246094,96.07463673046315,95.51343395157556,95.7160918321091,7355200
2017-05-25,96.08236694335938,96.09016307339655,95.68485351203518,95.88750531936346,6464800
2017-05-26,96.24609375,96.44874563693818,96.06681836894695,96.30065478828446,2963800
2017-05-30,96.72151947021484,96.7604941763708,96.44871436723884,96.67475458019187,4819400
2017-05-31,96.96316528320312,97.15802694737889,96.6747678794088,96.69036014269824,8000200
2017-06-01,96.97333526611328,97.0045799068278,96.59059884614555,96.62183752755422,9037300
2017-06-02,98.1215591430664,98.23871910695117,97.67633340238518,97.80911866765882,13245000
2017-06-05,97.51231384277344,97.7622710323487,97.46544984938178,97.5591837954725,6775500
2017-06-06,98.04339599609376,98.3167850012386,97.94966807140725,98.17618715490538,12841500
2017-06-07,97.57477569580078,98.0434333758226,97.4732350855762,97.82472685576612,12852400
2017-06-08,97.31698608398438,97.54350519378656,97.09047293348632,97.54350519378656,8758600
2017-06-09,97.16860961914062,97.35607150377088,96.8405498312112,96.91865845319832,5130500
2017-06-12,97.13735961914062,97.6294492738848,96.96551708466647,97.02019371297138,4335800
2017-06-13,97.15298461914062,97.2623378821214,96.84835682093612,96.86398212096532,4742600
2017-06-14,98.65269470214844,98.97294183173824,98.20746901319283,98.35587360330756,20212300
2017-06-15,98.49647521972656,98.67613041576776,98.28558134197084,98.48866256964496,5863700
2017-06-16,98.6917495727539,98.76205150474546,98.42617906353362,98.48085569539109,6672500
2017-06-19,98.5511474609375,98.79329192823138,98.44179420189084,98.66831336971768,5641300
2017-06-20,99.43376159667967,99.51187019210326,99.03540001292453,99.03540001292453,8405700
2017-06-21,99.63689422607422,99.69938351841704,99.12918511388284,99.28540238543296,5914800
2017-06-22,99.85555267333984,99.87899061615474,99.4415717398376,99.75401209169154,6608100
2017-06-23,99.8087387084961,99.90247264880232,99.5119235031536,99.56660014517216,4329900
2017-06-26,100.1836166381836,100.42576700914708,100.10551399601576,100.1914352454264,5541600
2017-06-27,99.11351776123048,99.58217533635504,98.90262393818097,99.5353113666339,8354200
2017-06-28,98.78547668457033,98.9729385581128,98.402740287957,98.94169391930478,7357900
2017-06-29,97.95751190185548,98.19965039678216,97.5591502172137,97.64507148173064,9115800
2017-06-30,97.73097229003906,97.94186610288024,97.52007251789378,97.78564890516856,10189800
2017-07-03,97.41632843017578,97.87030279366408,97.07193326178904,97.83899359911815,11021100
2017-07-05,97.4398193359375,97.56505612762004,97.1502197055047,97.21283212972706,11394500
2017-07-06,96.6336669921875,96.77455545547792,96.21883039794942,96.68062782274384,10853100
2017-07-07,96.054443359375,96.29708223353812,95.95268695024576,96.14836500273093,9401800
2017-07-10,96.1953125,96.35185252193932,96.02311489289532,96.171832093871,3859200
2017-07-11,96.35965728759766,96.53185485176552,96.04657135016676,96.16397932315554,4425600
2017-07-12,97.02499389648438,97.08761229941368,96.65711824379916,96.97020428682612,7839900
2017-07-13,96.41446685791016,96.7823424627518,96.12486126074108,96.74320447310612,7449300
2017-07-14,96.53186798095705,97.18152034445151,96.36749918506416,97.13455356589758,6566800
2017-07-17,96.79802703857422,97.04849473139018,96.48494092964906,96.53190772754137,4737300
2017-07-18,97.64334106445312,97.65899267999684,97.23633337249878,97.3928734144151,9163000
2017-07-19,97.68248748779295,97.84685633747114,97.51811266649447,97.66682989927868,5140900
2017-07-20,97.96422576904295,98.41037132000343,97.81550859485016,98.22251616156473,12239100
2017-07-21,98.37908935546876,98.64520861281753,98.2851617502529,98.41039855720736,6201500
2017-07-24,97.99552154541016,98.35557425258746,97.96421832633324,98.19119950853728,5378500
2017-07-25,96.7197265625,97.20501017717596,96.64145655280876,97.16587218652089,9743300
2017-07-26,96.87625122070312,97.12671879497108,96.33618405933608,96.48489526268337,8459500
2017-07-27,96.39881134033205,96.57100296158936,96.13268615908238,96.35967335227166,6390800
2017-07-28,96.97022247314452,97.04849250567555,96.4771158937404,96.484938716859,5491800
2017-07-31,97.08759307861328,97.09542187033443,96.58665789759,96.63361870468016,5464600
2017-08-01,97.76924896240234,97.82415764038754,96.60832091797332,96.62400654685608,9676800
2017-08-02,97.8241958618164,98.1850253130718,97.80066441699968,97.8712587514499,5745600
2017-08-03,98.8360595703125,98.85174520051343,98.25559549931704,98.2791269369172,10324500
2017-08-04,97.99673461914062,98.19283790574065,97.61237385309188,98.16930646888422,8485500
2017-08-07,98.10655212402344,98.1300835609142,97.74572279430458,97.92613446686532,4684600
2017-08-08,97.75357818603516,98.03596742560678,97.38490301300564,97.94968149214893,6197400
2017-08-09,98.28695678710938,98.79682047792872,98.20851069504802,98.7811348502744,9221800
2017-08-10,99.12630462646484,99.18121331461944,98.45954857581876,98.5379946885523,10378200
2017-08-11,99.17334747314452,99.19687890837191,98.48306610655452,98.6556319597543,5717800
2017-08-14,98.66349029541016,99.05569689126382,98.62427322658344,98.82821634751696,5111000
2017-08-15,98.24776458740234,98.47524515968864,97.82418069258628,97.8398723097638,7473200
2017-08-16,98.60858917236328,98.85175536536649,97.9026160487754,97.91830766518748,5283800
2017-08-17,99.34593963623048,99.36947107627218,98.45170900705664,98.60074345552016,9364700
2017-08-18,99.3223876953125,99.73812567583305,99.03999850390292,99.60477688672208,8382500
2017-08-21,99.56555938720705,99.63615369669522,99.22826150003644,99.4400504130983,7669800
2017-08-22,99.18122100830078,99.4714501033751,99.04786619706807,99.45576447037054,6140700
2017-08-23,99.85580444335938,99.86364426658164,99.43222059004076,99.65185533222126,7446400
2017-08-24,99.48711395263672,99.86362888564184,99.40082803369867,99.5263310165014,5569400
2017-08-25,99.87147521972656,99.97344676782966,99.51849172009535,99.63614889690776,7303300
2017-08-28,99.8087158203125,99.9263789759272,99.40866946965782,99.55770388114622,4448500
2017-08-29,100.1303482055664,100.81278985784792,99.86364460017214,100.7657269799657,7659400
2017-08-30,100.0989761352539,100.20094770413796,99.8871812046355,99.9813129498657,4735200
2017-08-31,100.39704132080078,100.42841856618008,100.06758922121448,100.12249790447888,7978400
2017-09-01,99.62908935546876,100.09284318479502,99.37756053346192,100.06926329475066,14128600
2017-09-05,101.20897674560548,101.24042458705756,100.3679328912404,100.3679328912404,15215700
2017-09-06,100.5880126953125,101.3976206448302,100.4072236012552,101.17753374557314,9066400
2017-09-07,101.61775970458984,101.84571467758192,100.87103505639912,100.87103505639912,13618900
2017-09-08,101.39763641357422,101.5234038023758,101.05965004923804,101.48409999414552,9808500
2017-09-11,100.1871566772461,100.65091644764608,100.02995343126749,100.50943112749754,17856700
2017-09-12,99.66050720214844,99.89631204271284,99.45613820945763,99.86487619483924,7557400
2017-09-13,99.26750946044922,99.76270510428768,99.2596474987287,99.75484913948686,6740000
2017-09-14,99.67623901367188,99.69196293671816,99.29894881743463,99.33039066660768,6674500
2017-09-15,99.7155532836914,99.83345873122768,99.46402446084348,99.82559676887988,9769200
2017-09-18,99.14179229736328,99.48764682528012,98.91384326732016,99.4326250591954,6863000
2017-09-19,98.89810943603516,99.283261736719,98.8273697468352,99.25968184031902,5554900
2017-09-20,98.96883392333984,99.07887741424996,98.5129360341862,99.01599370603832,8037000
2017-09-21,98.9137954711914,99.47973678997856,98.89807754430058,99.16533027680332,6147800
2017-09-22,99.19676208496094,99.61336209207526,99.08671861045364,99.43257295714491,5660700
2017-09-25,99.81777954101562,100.0378666100271,99.19681616949164,99.29114176917778,9679000
2017-09-26,99.63692474365234,99.73910623889851,99.37753402850603,99.64478070695844,7251900
2017-09-27,98.1356201171875,98.4893364073091,97.94697502727422,98.15134403954984,12145700
2017-09-28,97.84481811523438,97.9784415043074,97.44394195109446,97.6325870884282,8883700
2017-09-29,98.0648956298828,98.27712063925571,97.67973743236423,98.0648956298828,11285500
2017-10-02,97.88532257080078,98.45240941045432,97.85381707870246,98.3027598252518,7860700
2017-10-03,97.97982025146484,98.06645883585068,97.60176042786694,97.60176042786694,6219800
2017-10-04,97.98770141601562,98.12946709443666,97.57025821856602,98.08221186829633,7447000
2017-10-05,97.61752319335938,97.9010665791781,97.42061839815511,97.87743295614531,8180300
2017-10-06,97.34185791015624,97.74354540064776,96.9007930635352,97.10557574620547,10375000
2017-10-09,97.64903259277344,97.71203756287863,97.38123893585994,97.49150514486618,3590900
2017-10-10,97.8065948486328,98.35005425486035,97.68057283771503,97.77508934590335,6666800
2017-10-11,97.99561309814452,98.18464609762744,97.86959710754893,98.11375722055644,4385900
2017-10-12,98.41300964355467,98.43664326548378,97.85380077237669,98.09796679318644,7141600
2017-10-13,99.12190246582033,99.19279133808844,98.58632102169165,98.90924786713448,7746900
2017-10-16,99.05097198486328,99.16123816955168,98.75167290437504,98.86981696198583,5737300
2017-10-17,99.177001953125,99.31089576648812,98.75956476495924,98.75956476495924,4969600
2017-10-18,98.5232925415039,98.5941814011916,98.2003717624281,98.49179305837406,5943800
2017-10-19,98.69660949707033,99.247946818842,98.66510399219246,99.03528616318158,8966500
2017-10-20,97.64903259277344,97.88531475104776,97.38123893585994,97.6647823330353,12326900
2017-10-23,97.8223114013672,98.05072171185392,97.68053969172227,97.79081191838672,6871100
2017-10-24,97.21587371826172,97.42065646783448,96.99534122290328,97.16861847184488,6842800
2017-10-25,96.75116729736328,96.86143954521464,96.42036858098722,96.50700719847514,9961400
2017-10-26,96.42821502685548,96.92441293968312,96.42821502685548,96.92441293968312,8179400
2017-10-27,97.0662078857422,97.13709675259123,96.68027608330252,96.82992568404924,10480900
2017-10-30,97.99561309814452,98.02711859805837,97.3182598726466,97.55454811747042,9051600
2017-10-31,98.02709197998048,98.18461943677488,97.97983674747115,98.082225087594,4424300
2017-11-01,98.46355438232422,98.7713758341216,98.10837763695248,98.14783837433713,8940400
2017-11-02,98.8976821899414,99.07132030444389,98.59774921934527,98.6608936365006,7222700
2017-11-03,99.16606903076172,99.21342434806584,98.77142532846746,99.03189161721008,10984100
2017-11-06,99.53700256347656,99.62382463136616,99.22918105797096,99.39493063618298,6246700
2017-11-07,99.9553451538086,100.06584489623654,99.55280693680145,99.6317404857794,6422700
2017-11-08,99.73429870605467,100.08158688831676,99.61590446012156,99.9158313309415,3356200
2017-11-09,99.45015716552734,99.63958435021996,99.09498044150595,99.34755202835667,6280400
2017-11-10,97.95053100585938,98.53460179224656,97.84003129010458,98.43199663384075,11981000
2017-11-13,98.15575408935548,98.51093091129049,98.11628732168124,98.50304237518226,5880800
2017-11-14,98.8187484741211,98.85032068264012,98.4793547597704,98.4793547597704,6195900
2017-11-15,99.89219665527344,99.97901873818591,99.16605379980894,99.49755301359264,9568200
2017-11-16,99.02395629882812,99.71063822602464,99.01606174193184,99.45806660138614,5894900
2017-11-17,99.75798034667967,99.7974471041654,99.4185867063605,99.50540875540368,6938800
2017-11-20,99.71855926513672,99.75013148123054,99.37917149114318,99.37917149114318,4232300
2017-11-21,100.03424072265624,100.46835101621076,99.6948470445452,100.31048999047164,5818400
2017-11-22,100.35783386230467,100.39729459554258,99.8526907113214,99.93951275493863,4140700
2017-11-24,100.08158111572266,100.26311373013888,99.99475907516494,100.18418624466308,3141400
2017-11-27,99.93946838378906,100.27886185221398,99.78160745558056,100.12889547586056,6079900
2017-11-28,100.07369995117188,100.38152140096288,99.82112835078487,100.05791083889534,5983000
2017-11-29,99.08712768554688,99.19762742504686,98.73983934895595,99.10291078185364,14547100
2017-11-30,98.75555419921876,99.07126406220226,98.2188390016553,98.90551457760202,9630000
2017-12-01,100.0882797241211,100.98990418121252,98.94147245214968,99.55046811514715,24583100
2017-12-04,100.1356964111328,100.18314840768753,99.50297496470188,99.58997431443812,9609200
2017-12-05,100.63397979736328,100.83961521204398,100.0091689084304,100.02499026637204,10958900
2017-12-06,100.98197174072266,101.41696251504806,100.96615641772598,101.13224446254983,11834200
2017-12-07,100.1910629272461,101.3141438394326,99.8905235474098,101.1796864539066,13056800
2017-12-08,100.1989974975586,100.2385388276062,99.84308932264663,100.1199027693022,4786100
2017-12-11,99.99333190917967,100.51532196058125,99.97751658874638,100.33341862224388,3863800
2017-12-12,99.95378875732422,99.9775207900896,99.39225133012386,99.78770073244064,7502400
2017-12-13,100.70516204833984,100.7526140531604,100.1198924965132,100.29389122629516,8532900
2017-12-14,101.13228607177734,101.21928546925284,100.2781134606081,100.4837489486486,6885000
2017-12-15,101.51192474365234,101.70173284223117,100.88710757072388,101.0848323855201,7239400
2017-12-18,100.58655548095705,101.2350925512502,100.3730153626027,101.21136654188658,7239700
2017-12-19,99.28154754638672,99.95381046954007,98.91773474131642,99.90635846185972,11045800
2017-12-20,98.18218231201172,98.63299441310868,98.03190960028628,98.31663366772428,10005800
2017-12-21,98.75444793701172,98.960518304109,98.27890605257755,98.3026822397728,7026900
2017-12-22,98.88916015625,98.94463992878028,98.69894465712358,98.83368038371972,3974300
2017-12-26,99.1823959350586,99.49149833291062,99.0476602327827,99.05558764081088,3168400
2017-12-27,100.47433471679688,100.64078013306738,99.62628304580616,99.63421045773418,9059700
2017-12-28,100.3871612548828,100.5218970286514,100.15731467483084,100.28412303636486,5297100
2017-12-29,100.54568481445312,100.75175522841133,100.24450963008692,100.26035840954007,7580500
2018-01-02,99.45980834960938,100.26823476750508,99.12692972898948,100.25237994928048,16238200
2018-01-03,99.9353485107422,100.02253186906682,99.4598067678705,99.86401997039005,8605100
2018-01-04,99.91950225830078,99.9908368472924,99.3647045521058,99.5866236345838,9217900
2018-01-05,99.6341781616211,100.00668779252362,99.3567793024942,99.7609925239886,10915400
2018-01-08,99.57080078125,99.8878307352119,99.20621845058902,99.85612713513136,8850600
2018-01-09,98.2392578125,98.93672476439492,98.128298260488,98.92086994448346,16226400
2018-01-10,98.1203842163086,98.22341636605016,97.21685291290552,97.33573383689864,14302600
2018-01-11,98.5246124267578,98.74653159458006,97.73204051491044,97.8905585253862,12511000
2018-01-12,98.69107818603516,98.90507604567524,98.20761475365867,98.35819934531216,9987100
2018-01-16,99.1031723022461,99.29338782904692,98.72273520180188,99.20620445283768,9125900
2018-01-17,98.96843719482422,99.57871478538532,98.75443943480482,99.13487653770451,8327000
2018-01-18,98.04908752441406,98.49292593717264,97.91435172723304,98.2234543428106,10843900
2018-01-19,97.53385162353516,97.93013739290996,97.47045049603432,97.80332909106733,11374300
2018-01-22,97.62898254394533,98.04904457872446,97.47839198549912,97.84297424298371,8984700
2018-01-23,98.04908752441406,98.4374461355778,97.6765776936296,98.12834352000024,12325700
2018-01-24,97.51802825927734,97.58935681386404,97.12174238666007,97.36743769269316,9038900
2018-01-25,98.31853485107422,98.39779082222344,97.32782009460166,97.6131464282132,12173300
2018-01-26,97.95394134521484,98.20757011449535,97.56558287422874,98.18378788224332,6462900
2018-01-29,97.2723159790039,97.46253147155126,96.9315099461508,97.46253147155126,12223000
2018-01-30,96.70166015625,96.98698640875992,96.45595885463013,96.9156518222118,12064400
2018-01-31,97.2723159790039,97.43082788165312,96.64618368390904,97.38327552022665,18045100
2018-02-01,95.86260986328124,97.31603783357949,95.80701455586497,97.27633036224444,18632800
2018-02-02,94.97307586669922,95.51314711259266,94.70303721403576,95.42578220079862,23944400
2018-02-05,95.87054443359376,96.75213140768987,94.22650500665868,94.6474417302583,28606200
2018-02-06,95.27484893798828,95.9975937037617,95.0842373975532,95.64019024858536,10935400
2018-02-07,94.36946868896484,95.56874574401672,94.16296924849117,95.409897690024,16271100
2018-02-08,94.26619720458984,94.6553642305045,93.5990476721612,93.72612608193126,15155100
2018-02-09,93.67054748535156,94.58389796575383,93.55141296981942,93.80556377521916,15661600
2018-02-12,94.08351135253906,94.75066079879132,93.86907413804128,94.1629323186704,10944600
2018-02-13,94.50447845458984,94.5203662886072,94.02794644443482,94.20267626202607,8157600
2018-02-14,93.45610809326172,94.1470834649896,93.29726610546454,94.08354424609736,12043300
2018-02-15,93.77377319335938,94.35355780757484,93.71023399136254,93.86908199635462,8222400
2018-02-16,94.28208923339844,94.67920021798496,93.98822492340862,94.5441839374894,8454100
2018-02-20,93.86911010742188,94.12326093208816,93.54347614424404,93.94058718649976,8268800
2018-02-21,92.71746826171876,93.94851470155704,92.53480060745582,93.90880118049158,12054300
2018-02-22,92.99542236328124,93.4481345805822,92.92394531387444,93.11455683839038,9317900
2018-02-23,93.82147216796876,93.96443241528044,93.4958441965246,93.62291660556004,9072900
2018-02-26,93.85320281982422,94.44093140333842,93.7499561516334,94.25825769561214,8771600
2018-02-27,93.71817779541016,94.24236712211514,93.13045532621544,94.13117048903656,12525700
2018-02-28,94.31385040283205,94.37738960894607,93.91673945376748,94.09146924086502,9311600
2018-03-01,94.95764923095705,95.19639868310163,94.02653729656444,94.24936688035233,12287700
2018-03-02,94.18572998046876,94.64730916553177,94.0026939367852,94.5836418148363,10064300
2018-03-05,93.93108367919922,94.5438714153502,93.61275293966074,94.5040777960377,5658200
2018-03-06,94.01860809326172,94.44835360459795,94.0026942913542,94.19369027250826,5452000
2018-03-07,93.9151611328125,94.448361580708,93.875367517204,94.36082048369194,4461800
2018-03-08,94.456298828125,94.69504224946586,94.11409445971648,94.15388199411404,7086700
2018-03-09,93.83557891845705,94.12206987533536,93.5809094960706,93.89924020240042,6570400
2018-03-12,94.37669372558594,94.43240719215451,94.05836922414106,94.15386414591426,5801300
2018-03-13,94.85419464111328,94.99744309847443,94.05837122725153,94.1538661510584,7455300
2018-03-14,95.68980407714844,95.8171387357553,94.99744160383844,95.02131533441457,10175000
2018-03-15,95.68980407714844,95.88875992748362,95.44310076566104,95.6340966819206,6757900
2018-03-16,95.34762573242188,95.50679409901792,95.14071596332556,95.33967186783134,6084300
2018-03-19,95.04521942138672,95.47496492396478,94.8621773090904,94.87013724570832,8491200
2018-03-20,94.66320037841795,94.87807611782736,94.56770544681494,94.63137278231784,5446000
2018-03-21,94.76667785644533,95.03725497208028,93.99472797578316,94.43243339419544,9742400
2018-03-22,95.70574951171876,96.15140879259285,95.23621042223871,95.74553704942404,12136600
2018-03-23,95.63410949707033,95.74552430245576,95.1964102106708,95.24415767822128,7250400
2018-03-26,95.26799774169922,95.856905229408,95.23616408403262,95.4987872060451,8237900
2018-03-27,96.28668975830078,96.39015070581254,95.34761772503164,95.36353759618044,9168500
2018-03-28,96.5413589477539,96.80398219288158,96.25486196609688,96.6527737659925,7412500
2018-03-29,97.01091766357422,97.32128844457866,96.7005468825698,96.72442062393114,9694300
2018-04-02,97.20230102539062,97.5851155301928,96.62808839513256,96.77961393932851,12036500
2018-04-03,96.4526596069336,96.88332376636278,96.36493138457033,96.78761859161231,9855000
2018-04-04,96.25326538085938,96.86735676977472,96.18148498833985,96.7796285592681,6654300
2018-04-05,95.53549194335938,95.9183004216187,95.51953804073044,95.78272267242816,7603700
2018-04-06,96.58023834228516,96.62011701047228,95.87841880845728,96.22933161768648,8831200
2018-04-09,96.7397689819336,96.7397689819336,95.98211670608708,96.21339964810558,6307500
2018-04-10,96.56427001953124,96.80352372395498,96.32501023047834,96.65996906744908,6046000
2018-04-11,96.90724182128906,97.21029906004308,96.71583148505673,97.17839733733769,5901300
2018-04-12,96.19744110107422,96.55632481802404,96.02996162752224,96.5324000481782,6622800
2018-04-13,96.4207534790039,96.60418078310964,96.10174232903516,96.11769014844936,4964000
2018-04-16,96.4526596069336,96.47658437946323,95.84653900277787,95.88641768008186,4491300
2018-04-17,96.7158432006836,96.9630800604414,96.3569594248798,96.43671069898816,5590400
2018-04-18,95.94222259521484,96.77164291794546,95.92626869402936,96.73177033424273,8138400
2018-04-19,95.16063690185548,95.32811634099671,94.75389764415245,95.2403881464994,9875800
2018-04-20,94.47476196289062,95.00910197653138,94.45083719879176,94.8176977791106,7579400
2018-04-23,94.49870300292967,94.60238511138878,94.17172102954451,94.37110221088182,7073200
2018-04-24,94.06802368164062,94.46678597971392,93.91649814592104,94.27538178033508,8190800
2018-04-25,93.4380111694336,93.82879662894877,93.2625547348586,93.637392375154,6603800
2018-04-26,94.09194946289062,94.21157327816591,93.78090928928644,93.89256832459247,6528600
2018-04-27,94.81768798828124,94.8655375115381,94.45880439459674,94.48272915622516,5401800
2018-04-30,94.98517608642578,95.35203666239568,94.85757531786784,94.96922827209217,8321100
2018-05-01,94.6430892944336,94.98677508069576,94.49921813128094,94.93082552269442,7979200
2018-05-02,94.5391845703125,95.01076467291688,94.52320159475322,94.82692691473842,4644000
2018-05-03,94.96282958984376,95.36247116690468,94.85892497510466,94.98680710877996,6345300
2018-05-04,95.1066665649414,95.29849884346822,94.70702513174368,95.29849884346822,4283500
2018-05-07,94.954833984375,95.13067114265549,94.9068728520748,95.0907106467924,3647800
2018-05-08,94.86688995361328,95.11466570280936,94.55517010848124,94.75499083474766,6091200
2018-05-09,94.29940795898438,94.65108832088607,94.29940795898438,94.41130708750472,7832500
2018-05-10,95.05878448486328,95.09875109806798,94.59519860310444,94.75505895787424,7101500
2018-05-11,95.29852294921876,95.40242755283684,94.97081396404138,95.37045549832838,4273400
2018-05-14,94.7949447631836,95.10666458675058,94.7869502272335,94.95480499196422,4996200
2018-05-15,93.7159194946289,93.97968431366688,93.27631146289896,93.9636952408524,12901000
2018-05-16,93.35626983642578,93.93974309275244,93.34827529786008,93.85182146266824,6518000
2018-05-17,92.88468170166016,93.37224484576738,92.78876554119712,93.22037911621231,7330300
2018-05-18,93.68399810791016,93.7479422376576,93.12450221773956,93.12450221773956,9606500
2018-05-21,93.73189544677734,93.81981704653604,93.47612518330956,93.61999633763794,4448500
2018-05-22,93.58804321289062,93.79585849961045,93.39621700101982,93.74790347115407,4700700
2018-05-23,94.26746368408205,94.40334036617192,94.0436653610994,94.11559792289512,9634000
2018-05-24,95.0187530517578,95.16262422388006,94.8269268549431,94.8668934408834,8204100
2018-05-25,95.6102523803711,95.78608955061124,95.49035868853508,95.5622912448088,8482800
2018-05-29,97.70433044433594,97.92812865878716,96.25763048803056,96.54537279176613,21668100
2018-05-30,97.04895782470705,97.09691895999084,96.50544504318016,96.71326036795271,11616300
2018-05-31,96.8891143798828,97.49657134378864,96.6733044922893,97.16086775175954,10769900
2018-06-01,96.37715911865234,96.70562339031136,96.0166423964345,96.2730069909784,8718800
2018-06-04,95.6801528930664,96.24896157415738,95.63208644774453,96.22492835149644,7156500
2018-06-05,95.90445709228516,96.26497371610402,95.83235743484884,96.10474206811372,5635900
2018-06-06,95.12738037109376,95.4157913161068,94.8710157657726,95.399771202368,7813300
2018-06-07,96.04866790771484,96.5293506542273,95.0792893037878,95.08730241468994,13238300
2018-06-08,95.76025390625,96.01661843682167,95.68815424712632,95.78428712595787,6790600
2018-06-11,95.58401489257812,95.64810756182162,95.28759699370036,95.391742997061,6844200
2018-06-12,95.6080551147461,95.70419412564944,95.24754452023264,95.27959085720042,6048200
2018-06-13,95.55994415283205,95.84835493898431,95.03920211604536,95.69613643734534,8834700
2018-06-14,96.35309600830078,96.37713534028885,95.72020084683696,95.96053915680469,10078800
2018-06-15,96.44125366210938,97.01006246230686,96.3771670923318,96.80177041415423,7992800
2018-06-18,96.35309600830078,96.58542731981838,96.16883724854677,96.52134077115451,4893700
2018-06-19,96.91390991210938,97.12220803026533,96.6975986822746,96.91390991210938,6133300
2018-06-20,96.064697265625,96.76969824271104,96.05668415446124,96.75367202038356,6879100
2018-06-21,96.56941223144533,96.73765089083338,96.31304768682354,96.42520679308224,7235800
2018-06-22,96.56140899658205,96.63351477924492,96.1848721961104,96.20890541959352,4082500
2018-06-25,96.77772521972656,97.0260766914688,96.6495398715926,96.66556609621628,8363700
2018-06-26,96.91390991210938,96.96197635775562,96.665558459986,96.75367823959968,5450000
2018-06-27,97.82722473144533,97.88330429775826,97.3785882009418,97.53881378691752,8173400
2018-06-28,97.85125732421876,97.9393832295988,97.60290583390092,97.84324421130758,7109500
2018-06-29,97.51477813720705,98.13966646408532,97.45869857228756,97.87528875280168,11164700
2018-07-02,97.4384765625,97.75965942030308,97.39030127794828,97.75162816419328,9662000
2018-07-03,97.96041870117188,97.9845063485526,97.58302922272811,97.58302922272811,3808800
2018-07-05,98.2414321899414,98.38596417192451,97.96843073844752,98.0085747675212,3860400
2018-07-06,98.56261444091795,98.69911516581752,98.34581953231596,98.56261444091795,4679900
2018-07-09,97.92828369140624,98.12902222130649,97.8801084045674,98.01660913464666,5952700
2018-07-10,97.92022705078124,98.06475899988416,97.80781399326256,97.85599539366498,5759700
2018-07-11,98.29766082763672,98.40204880401132,98.03268444676186,98.32174847570626,6869100
2018-07-12,98.28958892822266,98.33776420143931,98.07278794664352,98.09687558325189,4824700
2018-07-13,98.53852081298828,98.65896514425272,98.3377823028986,98.45019537846456,4079000
2018-07-16,98.12902069091795,98.19325848973712,97.67133709492546,98.12902069091795,5517100
2018-07-17,97.94432830810548,98.27353625144136,97.88009052002194,98.1932420793633,3764300
2018-07-18,97.55089569091795,97.99252291352995,97.4706015030032,97.97646040031468,6330000
2018-07-19,98.1691665649414,98.32172367291584,97.7757146588752,97.79980842692176,6166700
2018-07-20,96.96477508544922,97.63122258182648,96.9165936557182,97.62319744858458,10469500
2018-07-23,95.7683334350586,96.65961298194576,95.69607050609385,96.65961298194576,11571800
2018-07-24,96.0975341796875,96.20994724868456,95.6639382881047,95.7763513571018,9053500
2018-07-25,95.94499206542967,96.56327020696786,95.76031603690572,96.37055679539397,7357900
2018-07-26,95.76031494140624,96.25814260047495,95.68002075052942,96.12164186337895,6821100
2018-07-27,95.9208755493164,96.25008960045788,95.87270027395026,96.23402709130096,4542000
2018-07-30,95.59169006347656,95.8807540356331,95.52745226387428,95.54350865074798,7111200
2018-07-31,96.11360931396484,96.24208491848331,96.0011962230382,96.18587837302,6797400
2018-08-01,95.33058166503906,95.6363841256116,95.01672999399791,95.19377578581572,13312600
2018-08-02,95.4674072265625,95.55593014072198,95.201844623834,95.4593641541843,4451100
2018-08-03,95.94217681884766,95.9985090032909,95.61222678157452,95.62832519984268,6162400
2018-08-06,95.99853515625,96.4411435432422,95.98243673359616,96.19972246117808,4200200
2018-08-07,95.49959564208984,95.84563807829012,95.4191219419909,95.78930587424588,5346900
2018-08-08,95.5961456298828,95.78928369334731,95.45129054734734,95.49153045795376,5640900
2018-08-09,96.4009246826172,96.4331153931566,95.86174409552017,95.95026701456597,7144100
2018-08-10,97.10102081298828,97.41487244320498,96.79521225244537,96.8676428577442,8457900
2018-08-13,96.89990234375,97.13327432491418,96.7389487397979,96.77113946058832,7923200
2018-08-14,96.68256378173828,97.0205569560646,96.59404088278391,97.00446467432236,4251200
2018-08-15,97.24586486816406,97.47924281170653,97.02858534265764,97.1010159443248,7649800
2018-08-16,97.23786163330078,97.31833533720524,96.79524705220116,97.22176320866986,5400400
2018-08-17,97.35856628417967,97.68851028169762,97.17347125648708,97.4470830524898,3537600
2018-08-20,98.01042938232422,98.10700151986548,97.80924203392624,97.88971574533532,5603700
2018-08-21,97.68045806884766,97.8011716797426,97.43098777548094,97.6724149972708,4695000
2018-08-22,98.0667953491211,98.2196997512538,97.84146642371668,98.17945981182328,5309600
2018-08-23,98.21966552734376,98.28404081234768,98.00237975373489,98.17942560193453,5328700
2018-08-24,98.41276550292967,98.4449562028252,97.76896378451566,97.87358509411315,6092200
2018-08-27,97.84942626953124,98.0747611430196,97.79309408609603,98.00233054160432,6407400
2018-08-28,97.26197814941406,97.4470670068805,97.11712306369108,97.37464253389324,4929300
2018-08-29,97.39078521728516,97.4954065854094,97.06889031775356,97.32640992122982,5613300
2018-08-30,97.59998321533205,97.7448383187352,97.43903582921703,97.62412470927435,5302900
2018-08-31,97.37467956542967,98.11504755635391,97.28615663828104,98.09090605617716,9677500
2018-09-04,96.8116455078125,96.86810460728675,96.5858091099154,96.75518640833822,18343600
2018-09-05,96.55358123779295,96.70683005829252,96.42453445756908,96.59391181800314,9422600
2018-09-06,96.90846252441406,97.11010310138803,96.53744460121176,96.5939037166212,9566000
2018-09-07,96.0857391357422,96.30351434507112,95.97282093593472,96.24705524516736,11212600
2018-09-10,96.44064331054688,96.46483919230072,96.11801719547267,96.11801719547267,6386400
2018-09-11,95.70667266845705,96.11801495585024,95.65827475249576,96.04542731228008,5440000
2018-09-12,95.93255615234376,96.11806210151175,95.90029291040491,96.02127852927948,3347200
2018-09-13,96.07770538330078,96.44065596439316,95.96478715124616,96.2551439239708,4833000
2018-09-14,95.61795043945312,95.90831332121314,95.4163098912076,95.50503222472211,5579500
2018-09-17,95.61795043945312,95.83571952398256,95.2711284503276,95.31952021276054,5433000
2018-09-18,94.61783599853516,95.23082516383177,94.49685655779098,95.22275781658784,10182300
2018-09-19,94.05322265625,94.45650377349536,93.71446799462343,94.45650377349536,13379600
2018-09-20,94.48876953125,94.60975510037932,93.94030695096792,94.02902929142395,8657300
2018-09-21,94.4484405517578,94.59362200644802,94.23873263863156,94.26293467573142,6173800
2018-09-24,94.20648193359376,94.58556105698123,94.1419554707942,94.158084009703,5505500
2018-09-25,94.10965728759766,94.1580490399338,93.88382090525576,93.94834734409056,6650900
2018-09-26,94.77108001708984,94.8356064845996,94.0935705689852,94.31133970485236,9512700
2018-09-27,94.83560180664062,94.89206092453104,94.44844917426175,94.5613674100426,5758500
2018-09-28,94.5855712890625,95.1017768937189,94.5452468606372,95.05337896459255,12807700
2018-10-01,93.89118957519533,94.44087564257109,93.86693971693458,94.30345566755436,22442400
2018-10-02,94.4651107788086,94.6833656364499,94.25493509445587,94.31152014401532,8266900
2018-10-03,92.82414245605467,94.06093443012426,92.3472060157898,93.98817869601586,20829200
2018-10-04,92.16934967041016,92.46844556176936,91.918759649219,92.25826990386,16207400
2018-10-05,91.37718200683594,91.9268680573269,91.03767166699672,91.66010729003526,18096500
2018-10-08,91.07000732421876,91.43376752340356,91.05383664092108,91.33676192554358,5855900
2018-10-09,91.99151611328124,92.03193047688924,91.40140966537928,91.45799470827616,11530800
2018-10-10,91.74092864990234,91.81368437900922,91.17507816710544,91.45800340850388,15290100
2018-10-11,92.85648345947266,93.08282368230536,91.98345159942498,92.1532067665495,16086800
2018-10-12,92.53313446044922,92.96965037546975,92.37954381424524,92.46846406548876,6794100
2018-10-15,92.49270629882812,92.81605207967296,92.38762154115938,92.6867174677197,7146300
2018-10-16,92.7029037475586,92.73523894996596,92.28255845088124,92.46847815558706,4762300
2018-10-17,92.15321350097656,92.79181984338496,92.13704898415376,92.6867350657642,5880700
2018-10-18,92.12084197998048,92.4684375440615,91.78941709365569,91.84600213118952,5728800
2018-10-19,91.91878509521484,92.11279012767248,91.67628034646998,92.0319552114242,10892400
2018-10-22,91.79750061035156,92.2178519096195,91.77325075987588,92.1127610011491,3244200
2018-10-23,92.08853149414062,92.9777278227552,92.02386110038113,92.7675582939991,10330700
2018-10-24,92.78369903564452,92.81603422423932,92.34718324057468,92.44418880635908,16008000
2018-10-25,92.39569854736328,92.7513733236328,92.33911350336764,92.58970353144731,12613200
2018-10-26,92.95346069335938,93.220221392564,92.79179090631192,92.90496099070656,18582500
2018-10-29,92.7433090209961,92.97772840705817,92.3633781644066,92.83222310383894,7679900
2018-10-30,92.28253173828124,92.58970682127088,92.16935547896142,92.36336663724614,9939500
2018-10-31,91.81365966796876,92.12083468062616,91.51456382624278,91.94299424323803,8706400
2018-11-01,91.89875030517578,92.02029383039589,91.43686018023963,91.44496514267928,6100200
2018-11-02,90.7562026977539,91.77721170914084,90.67517161037176,91.70427940290392,11314800
2018-11-05,91.11278533935548,91.33156998581504,91.03985300235009,91.14519902443806,4760200
2018-11-06,91.0560302734375,91.34774715226106,91.023616599982,91.24240116796162,3159900
2018-11-07,91.1776123046875,91.8907010571324,91.08848239291056,91.72053383637495,9313100
2018-11-08,91.1694793701172,91.54222735914774,91.08844827376733,91.53412239482984,6905100
2018-11-09,91.85018157958984,91.97173135969274,91.33967992189204,91.36398864145688,6465300
2018-11-12,92.44977569580078,92.6280477981731,92.30392344725146,92.33633093652308,6840000
2018-11-13,92.39305114746094,92.39305114746094,91.95548204753246,92.14185292671024,6525800
2018-11-14,92.44977569580078,92.79821493708968,91.80962577513756,91.95548420596258,8690800
2018-11-15,92.40924072265624,92.81440224484489,92.1175239320985,92.733371176862,7879600
2018-11-16,92.9441146850586,93.03325077586908,92.31206326460486,92.53895288402124,9236700
2018-11-19,93.20335388183594,93.20335388183594,92.7090625122578,92.7090625122578,7027200
2018-11-20,93.2358169555664,93.55994758167564,93.13047712954884,93.38167542820167,6332600
2018-11-21,93.20335388183594,93.26007624767436,92.8144022824508,93.09801411164293,4951100
2018-11-23,93.30062103271484,93.80302368691612,93.26010239620916,93.73009137766108,3027900
2018-11-26,93.08991241455078,93.2357708150036,93.00888134369356,93.0737086732891,6599000
2018-11-27,93.19532775878906,93.38980371009734,92.99274683967822,93.03325931413298,5967200
2018-11-28,92.74152374267578,93.20340789855534,92.668597593879,93.06565438486514,7814000
2018-11-29,93.10614776611328,93.38975968270748,92.85494334089316,93.12235151180032,7295600
2018-11-30,93.4546127319336,93.52753888099566,93.1710007373403,93.43840279951236,9127800
2018-12-03,94.11813354492188,94.11813354492188,93.12725054119151,93.1434918836767,9763800
2018-12-04,95.69386291503906,96.38423498829675,94.72733829450392,94.87353524385692,18100500
2018-12-06,95.99436950683594,96.8146908867018,95.94563306492807,96.2786395987015,15319400
2018-12-07,96.17303466796876,96.2704951375942,95.4501677373891,95.6857075333538,8608400
2018-12-10,96.571044921875,96.87968017300264,96.19743187157609,96.54667979634176,8777700
2018-12-11,96.55477142333984,96.96087326407893,96.33547915585456,96.62787297691648,8071900
2018-12-12,96.1242904663086,96.42480801547916,96.03494757862605,96.3111000123598,6182200
2018-12-13,95.8968734741211,96.31109902215222,95.8237781285622,96.21363236478568,5564200
2018-12-14,96.22988891601562,96.46542251595046,96.01871423692644,96.28674292231402,8169200
2018-12-17,96.79032135009766,96.89591180556334,96.31112410232346,96.31924167841854,9726800
2018-12-18,97.37000274658205,97.52468952315073,96.8326798675012,96.93851459228252,10018800
2018-12-19,98.65628051757812,99.0470656777676,97.6304749069852,97.78516160537762,23046300
2018-12-20,98.29808044433594,99.34830916730516,98.2410915777246,99.33202929598218,18543700
2018-12-21,98.2817840576172,98.68070605686113,98.01311964103026,98.62371719982626,9945100
2018-12-24,98.77029418945312,98.85170598249864,98.43650397457002,98.61560743474148,8377500
2018-12-26,97.71192932128906,98.82729022187388,97.67122652747982,98.50163681478936,11700400
2018-12-27,97.72815704345705,98.81908816265276,97.6793112355284,98.72139654679548,12146500
2018-12-28,98.55047607421876,98.55047607421876,97.93173530218498,98.02129013279465,9879100
2018-12-31,98.92496490478516,98.96566768904766,98.070125688104,98.22481241773524,17409000
2019-01-02,99.44598388671876,99.45412692614552,98.78653434217024,99.04706191327423,19841500
2019-01-03,100.57764434814452,100.83816576031089,99.51113578760736,99.55998161135092,21187000
2019-01-04,99.41343688964844,99.77979298653652,99.03893775178142,99.60068335292178,12970200
2019-01-07,99.12039184570312,99.85311056362386,99.01455711307352,99.82868764158032,8498100
2019-01-08,98.85980987548828,99.27501793031102,98.82724392890226,99.0714854226378,7737100
2019-01-09,98.70518493652344,98.85987172675635,98.346971722601,98.72147102566537,9349200
2019-01-10,98.07012176513672,98.8435491710338,97.9724239064376,98.73770827127969,8222900
2019-01-11,98.4527816772461,98.72958300976023,98.24924909346043,98.37136988599616,5786900
2019-01-14,98.0864028930664,98.51789087738308,97.89100718553728,98.42833606426224,6730500
2019-01-15,97.72815704345705,98.15964491034244,97.65488212024566,98.15150187191487,8997400
2019-01-16,97.8258819580078,98.0131284144606,97.29669611741843,97.36182180891672,6048400
2019-01-17,97.85033416748048,98.12713552035952,97.60609256443968,97.87475708552016,8153400
2019-01-18,97.3373794555664,97.79329647290815,97.19897884821216,97.56533485857784,14106400
2019-01-22,97.9968719482422,98.2818163269736,97.75263036000293,97.94801990380137,8881100
2019-01-23,97.95614624023438,98.20038778681882,97.5572241780456,97.597926961596,5776800
2019-01-24,98.59928894042967,98.72140968782548,98.2736356844807,98.4364654181148,7121900
2019-01-25,98.12708282470705,98.30619240924293,97.95611627891876,98.17592863455548,6460800
2019-01-28,98.02943420410156,98.4609222772116,98.02943420410156,98.13526890896888,6435800
2019-01-29,98.52603912353516,98.5423252067098,98.0131393073085,98.12711704424775,5750100
2019-01-30,98.4527816772461,98.49349067853184,97.96430471842486,98.37950671719608,10571300
2019-01-31,99.29947662353516,99.47044324623629,98.91683437739964,98.9575433781329,11843400
2019-02-01,98.6997299194336,99.1974721147716,98.60181127883436,99.12403780333992,12024600
2019-02-04,98.25909423828124,98.36517430991344,97.93270503196644,98.27541712254296,8966200
2019-02-05,98.70784759521484,98.92000144309851,98.45489900085435,98.51201662620528,6983300
2019-02-06,98.75684356689452,99.06691613687782,98.51205631335468,99.02611514860946,5184000
2019-02-07,99.40962982177734,99.47490891798256,98.92004905095276,99.10771867084615,8781000
2019-02-08,99.83390808105467,99.9318267023964,99.60543752327986,99.76047378406528,5885400
2019-02-11,99.44227600097656,99.69522473394254,99.34435735013923,99.43411455706736,4352800
2019-02-12,99.1893310546875,99.34436737782298,98.89558129788252,99.27093305130089,7939600
2019-02-13,98.81395721435548,99.050589240946,98.65892716099764,98.85475820097184,4757700
2019-02-14,99.37701416015624,99.71155871424465,99.20566116044871,99.66260249300214,5868900
2019-02-15,99.53201293945312,99.56464625772918,99.17298418485235,99.18930084399038,5527200
2019-02-19,99.78500366210938,99.98899622674072,99.50757053702404,99.89107755458842,5872800
2019-02-20,99.49935150146484,99.61358676636335,99.2137571138635,99.50750671656114,4455800
2019-02-21,98.60997009277344,98.86292501790466,98.48757335162696,98.78948448307402,7382500
2019-02-22,99.19745635986328,99.50752266781278,99.07505963489298,99.11586061833508,6374600
2019-02-25,98.90369415283205,98.97713466863227,98.66706217469492,98.87105461529362,6293500
2019-02-26,99.39329528808594,99.40145673049454,99.02611130933364,99.3280224248867,6028900
2019-02-27,98.26725006103516,98.8384264704063,98.14485333749678,98.83027125409812,7737300
2019-02-28,97.93273162841795,98.42231868352978,97.67978288187274,98.3733562428038,9533400
2019-03-01,97.02753448486328,97.73892398957749,97.01117711779648,97.57538774995548,13541100
2019-03-04,97.78799438476562,97.93517951204043,97.35461768737548,97.5426899983132,9808500
2019-03-05,97.9923858642578,98.01692190955774,97.5263008196602,97.53447950142684,5595200
2019-03-06,98.35220336914062,98.54844812259238,98.03330330534097,98.05783311970887,7766700
2019-03-07,98.99002075195312,99.15356327376064,98.62206099527752,98.64659081392132,8187200
2019-03-08,99.4070281982422,99.50515369337496,98.81828770446188,99.03906850888356,7517600
2019-03-11,99.11262512207033,99.28434000279408,98.92455911682788,99.26798887827536,5157800
2019-03-12,99.80768585205078,99.9466985151109,99.15353466906404,99.1862431639895,6422300
2019-03-13,99.61961364746094,99.7259115705184,99.44789873859555,99.48060723149952,4386300
2019-03-14,98.90007019042967,99.56240646135107,98.87554037271208,99.50516814050692,8188400
2019-03-15,99.55419921875,99.7177354489631,99.26800769662344,99.54602053568716,4302000
2019-03-18,99.49697875976562,99.6523425732887,99.36614476132335,99.40703194546369,3893300
2019-03-19,99.27620697021484,99.44792191910558,98.851002701859,99.01453896599055,5220200
2019-03-20,100.31465911865234,100.45366554452552,99.5378526319421,99.54602507687046,10123700
2019-03-21,100.5354461669922,100.64992279530264,100.36373122452656,100.54362485144532,7182600
2019-03-22,102.09722137451172,102.44065118247332,101.44306401205507,101.56571929732908,13077000
2019-03-25,102.26078033447266,102.9803548408802,101.8110525064763,102.05635689306294,9736300
2019-03-26,102.18716430664062,102.44882599403492,101.90097281081978,101.96638355378832,7502000
2019-03-27,103.12752532958984,103.30741269214892,102.46518923125336,102.5551360317866,14207200
2019-03-28,103.48728942871094,103.59359357847624,103.03756173784066,103.23380643497484,9143200
2019-03-29,103.38922119140624,103.41375101083294,102.73506356031702,102.76777206572244,10841400
2019-04-01,101.92066955566406,102.73196844531404,101.77316009824996,102.67460400366718,16501500
2019-04-02,102.109130859375,102.22385972111584,101.82230870502292,102.01079540774232,9725000
2019-04-03,101.2240753173828,101.51090372692518,101.10115600158365,101.29783315911644,10407000
2019-04-04,101.51092529296876,101.52731245447208,101.15854192422084,101.28965797301368,7503400
2019-04-05,101.64203643798828,101.75676531974264,101.2732659255286,101.30604649920916,6321800
2019-04-08,101.28147888183594,101.5764978582512,101.22411442821388,101.47816236761712,4446400
2019-04-09,101.60104370117188,101.89605629675177,101.4289441630574,101.79772084897638,7020300
2019-04-10,101.84689331054688,102.04357046750036,101.69938387976823,101.83869660543304,7519900
2019-04-11,101.24866485595705,101.63382246369028,101.13393599369536,101.56007087463097,8679300
2019-04-12,100.5274658203125,100.84706841995413,100.4946852649324,100.70775574877732,7005500
2019-04-15,100.78155517578124,100.78974562881952,100.568484603956,100.61765233120252,3070000
2019-04-16,100.15056610107422,100.49475278544048,100.09320165367984,100.39641730548205,8927300
2019-04-17,100.19151306152344,100.4455546442013,100.06858749652469,100.08497465413932,6118500
2019-04-18,100.71598815917967,100.8798847419376,100.61764645817264,100.64223032036094,27589400
2019-04-22,100.23248291015624,100.44555347018007,100.17511848079452,100.36360517855672,6241200
2019-04-23,100.44554901123048,100.55208116038632,100.29803959195506,100.4783295768754,6239700
2019-04-24,101.26504516601562,101.28143232283595,100.87168462753732,100.88807803661132,7302000
2019-04-25,101.11754608154295,101.30603279163849,100.879891643707,101.19949437852848,5380900
2019-04-26,101.46173095703124,101.63382425345428,101.32241822929652,101.60104993702016,5950700
2019-04-29,100.81433868408205,101.0847737131029,100.67502594267908,100.98643824964424,10246000
2019-04-30,101.33059692382812,101.40434850107746,100.7405592968212,100.7569464521256,7957400
2019-05-01,101.74861145019533,102.20027625923682,101.50224427044348,101.57615693052009,14371900
2019-05-02,101.26410675048828,101.67471460368512,101.04238126652857,101.56795881739023,6612800
2019-05-03,101.55152130126952,101.73218346536716,101.31336803199557,101.55152130126952,6191700
2019-05-06,101.8307647705078,102.14282453604204,101.77327991197836,102.0853396775126,4482500
2019-05-07,102.6108627319336,102.76689566438692,102.150984108336,102.2659537642354,8984900
2019-05-08,102.16742706298828,102.89830838323138,102.07709285348612,102.77512480069412,6907600
2019-05-09,102.58625030517578,102.89831624014856,102.085308292551,102.74228327266218,9411900
2019-05-10,102.44664764404295,103.02149606655576,102.31525013868124,102.56161732854554,6037800
2019-05-13,103.25143432617188,103.4156749307652,102.85724810361948,102.9804316897532,10501600
2019-05-14,102.94758605957033,103.18573933065557,102.81618855881528,103.07076965018376,5690400
2019-05-15,103.57991790771484,103.69488758663888,103.28427980037372,103.6456166572079,9566300
2019-05-16,103.23503112792967,103.33357927341578,103.08721204239004,103.31715144981196,7666400
2019-05-17,103.46492004394533,103.71950106253615,103.21855919852383,103.7030732469492,4747100
2019-05-20,103.25143432617188,103.7852194237889,103.18573557818355,103.57170789089308,6043100
2019-05-21,103.08715057373048,103.24318347803298,102.89827457256186,103.144635391309,4021800
2019-05-22,103.6784896850586,103.74418844954008,103.24324633478196,103.28430336354862,5675300
2019-05-23,104.8446273803711,105.1895365380045,104.19586609889124,104.20408001180054,9743700
2019-05-24,104.93489837646484,104.93489837646484,104.6146248852252,104.75422999363714,4981900
2019-05-28,105.69043731689452,105.85467791847172,105.18949533709358,105.33732065004132,8098600
2019-05-29,106.01071166992188,106.67589425628329,105.93680527827168,106.48701818959228,13260600
2019-05-30,106.92227935791016,106.9469148259252,105.84648881873048,106.20782572396024,13024800
2019-05-31,108.26085662841795,108.31833520579308,107.42321318786956,107.49711958624728,18933600
2019-06-03,108.98503875732422,109.10024442498936,108.25265717935088,108.54890211855783,17822400
2019-06-04,107.742431640625,108.42544103913194,107.4297377707653,108.12097165968537,14250000
2019-06-05,107.13349151611328,107.75889180433468,107.075882414534,107.4050503739719,8815200
2019-06-06,107.47911071777344,108.2855502615366,107.24047492907404,107.77535560926437,9621100
2019-06-07,108.40892028808594,108.68047896962544,108.1620476179168,108.4500552693928,11378500
2019-06-10,107.3886260986328,107.55320385722015,107.24050988284765,107.536742314418,8288700
2019-06-11,107.45442199707033,107.602538160867,107.24047224165054,107.32275481382412,5115100
2019-06-12,107.53665924072266,107.5942683177873,107.22396550791078,107.2980235585924,5278700
2019-06-13,107.906982421875,108.00572649660172,107.62718661603378,107.63542365990725,5560400
2019-06-14,108.17861938476562,108.38434472680866,107.8741373401366,107.8823743899645,5838800
2019-06-17,108.36780548095705,108.42540200606204,107.9069830542394,108.1209327362242,6046400
2019-06-18,108.91089630126952,109.33057107487538,108.58172853685348,109.23182702378372,10320700
2019-06-19,109.06732177734376,109.2154505257727,108.27734364064302,108.50775497688709,11962500
2019-06-20,109.35530853271484,109.86550311199254,109.10843573238066,109.37177006779638,10721500
2019-06-21,108.15390014648438,109.05909650127406,108.11276513111063,109.04263496123896,14495000
2019-06-24,108.96029663085938,109.05904070760128,108.68873786334962,108.75457143333406,6378800
2019-06-25,109.29774475097656,109.51991903703755,109.21544960737738,109.273046162716,9604600
2019-06-26,108.59825897216795,109.19897325825244,108.52420088685774,109.18251172046986,12766800
2019-06-27,109.36356353759766,109.51991677331876,108.6147329948174,108.87805484723528,9724200
2019-06-28,109.2894515991211,109.5116383275988,108.99320681330734,109.10018793377245,8149200
2019-07-01,109.03390502929688,109.454403292409,108.49796254925876,109.30599658111228,14131200
2019-07-02,109.87488555908205,109.9820765557049,109.2152834967647,109.30598066749876,10494300
2019-07-03,110.6581802368164,110.72413037531216,110.08100958560868,110.08926278874742,5380300
2019-07-05,109.19051361083984,109.28946396435676,108.56388675036726,109.28121076258851,12180100
2019-07-08,109.3389663696289,109.84192116876702,109.3389663696289,109.70175508784054,6490000
2019-07-09,109.29771423339844,109.42139904093791,108.96791324216254,109.39665201454892,6215700
2019-07-10,108.6958236694336,109.19877836760612,108.4319728069358,109.12457503044168,9470000
2019-07-11,107.24469757080078,108.34954491385388,106.98908729194213,108.26708836182162,14126800
2019-07-12,107.36837768554688,107.55801267179314,106.9231324017112,107.12102059242754,6992000
2019-07-15,107.98673248291016,108.05269519381896,107.55798115255334,107.55798115255334,6055500
2019-07-16,107.66516876220705,107.6816625846934,107.15397349503203,107.32711459728796,6172700
2019-07-17,108.82776641845705,108.85250086811448,108.05272011291356,108.06096073576484,9662200
2019-07-18,108.83600616455078,109.09985706690968,108.20937914310366,108.39901411598444,5724900
2019-07-19,108.58038330078124,108.778258850586,108.43196405732712,108.4979267676289,5804800
2019-07-22,108.78650665283205,109.23999240045964,108.62160617581289,109.22349857842774,5204100
2019-07-23,108.19287109375,108.6216224631692,107.98674232129294,108.50619085383732,8108900
2019-07-24,108.66282653808594,108.75352369151672,108.39898827971486,108.50617925588774,6389700
2019-07-25,108.14337921142578,108.34950794006248,107.60743696831084,108.2175825342712,8893100
2019-07-26,108.39900207519533,108.65459974527442,108.21760774524844,108.58863702701174,6188400
2019-07-29,108.43196868896484,108.79475732057072,108.34127153106336,108.68757892021524,6231800
2019-07-30,108.6958236694336,108.9184462620284,108.36601009131137,108.83598972222244,5678500
2019-07-31,109.56978607177734,109.93257464576614,108.55563625347165,108.58861131424376,15798700
2019-08-01,111.7458953857422,111.85329973754162,110.09358280369348,110.20098715549292,26664800
2019-08-02,112.77857208251952,112.77857208251952,111.86153824702328,112.07634691506722,15143100
2019-08-05,114.72834777832033,114.74487443784828,113.72870548446228,114.12525707009988,18543000
2019-08-06,115.64533996582033,115.64533996582033,114.0839052707049,114.17478295586582,12747400
2019-08-07,115.68663787841795,118.18988985733888,115.48009885305392,117.6446238049038,32582000
2019-08-08,115.93450927734376,116.01711733951392,113.99303702725534,114.9513813126668,14746000
2019-08-09,115.70321655273438,116.9424512621043,115.55450183241337,116.21542953197346,10626000
2019-08-12,118.11553955078124,118.49556430031892,116.90934608862987,117.08284441769136,14094300
2019-08-13,117.71074676513672,118.89215683606506,117.27288493213284,118.8095361631363,15974900
2019-08-14,120.36275482177734,120.39579553845422,119.55312489862862,119.92489284045158,15068900
2019-08-15,121.7010726928711,122.7668212931147,120.27182593918866,120.57749971149954,23588700
2019-08-16,120.72624969482422,121.04018058306367,119.6605007829044,120.66841269063828,17150500
2019-08-19,118.99960327148438,119.51182898798277,118.56174123725468,118.61132122748398,13614700
2019-08-20,120.23054504394533,120.30489609766144,119.66049508649468,120.0240059350804,7451500
2019-08-21,119.4291534423828,120.44532216788517,119.20608771029627,119.56134147666704,9372000
2019-08-22,118.6360321044922,119.54479633584992,118.5368847910376,118.96648953295994,13878800
2019-08-23,120.58580017089844,120.84190665167802,118.49561276891872,118.56997642958612,16191800
2019-08-26,120.0983428955078,120.85840521420133,120.03224887568943,120.51142106476377,12174500
2019-08-27,121.94892120361328,122.0397988928528,121.01536063289316,121.13929163066172,11332300
2019-08-28,122.10592651367188,123.0146910500627,121.99026511427132,122.91555630947568,10095900
2019-08-29,121.64325714111328,121.72586520674116,120.7262231514748,121.65151416583268,8884900
2019-08-30,121.6762924194336,121.84152114946488,120.9162301763745,121.1227692404496,13550800
2019-09-03,121.83355712890624,123.04187140264794,121.30388252361426,121.73423445836238,15660800
2019-09-04,122.0156478881836,122.17289724136984,121.2294137506938,121.27079715339148,7962200
2019-09-05,119.80582427978516,120.66655297355769,119.08580157952792,120.5506871065228,19382900
2019-09-06,120.65834045410156,120.85697318500654,120.07073914638912,120.21970422323794,9466400
2019-09-09,118.51485443115234,119.1769511297844,118.50658280023043,119.03625763344728,15862700
2019-09-10,116.43753814697266,118.58933662526688,116.41271062584018,118.2169111798356,13851400
2019-09-11,116.23058319091795,116.81818444020396,116.18919979753927,116.19747142483958,10941700
2019-09-12,115.46920013427734,117.35616707299972,115.08849051787772,117.10787929086445,19163300
2019-09-13,113.00286102294922,114.798801683927,113.00286102294922,114.44291967676163,18922200
2019-09-16,114.44292449951172,114.6829405994806,113.59047965156375,114.11188261565484,10971600
2019-09-17,115.06365203857422,115.53540004252451,114.2277629677563,114.50914986742492,9081200
2019-09-18,115.55197143554688,116.41270085739416,115.47748887839944,115.80853088468342,10984600
2019-09-19,115.89959716796876,116.68584422151297,115.84167048575532,116.49548302515694,13176200
2019-09-20,117.43061065673828,117.50509317813392,116.2305681744285,116.50368338131616,11519800
2019-09-23,117.40579986572266,118.4817049655593,117.27337805654057,117.72029850542044,15246700
2019-09-24,118.8210678100586,119.05279973347096,117.8610283396687,117.86929996963246,12421600
2019-09-25,117.08300018310548,118.80444538466664,116.8098850059484,118.56442933727004,14147100
2019-09-26,117.836181640625,118.34102881197776,117.43891615506044,117.74514321207153,9636500
2019-09-27,118.12584686279295,118.33275124589174,117.63755554950576,117.7865332721264,10386900
2019-09-30,118.41551208496094,118.42378371362928,117.38926185025262,117.42237362180748,8006900
2019-10-01,118.77197265625,119.31087306513396,117.01435705004556,117.11384090683713,16613700
2019-10-02,119.06217193603516,119.60935854673428,118.7554215560418,118.9378170929415,12891500
2019-10-03,120.1482391357422,120.77003861469856,119.3191731638004,119.36891509803004,13470500
2019-10-04,121.0353546142578,121.06851168931183,120.38038536441152,120.50475285958746,11516200
2019-10-07,120.0321807861328,120.65398031886268,119.97415274136084,120.34722993088998,11013900
2019-10-08,120.35548400878906,120.98556948008466,119.8994952760236,120.89438438407208,14529700
2019-10-09,119.67568969726562,119.89124231664536,119.2197008384393,119.88295621031904,8608800
2019-10-10,117.8931655883789,118.70564660850664,117.50350361279348,118.65590467980064,15054200
2019-10-11,116.43405151367188,116.98123820590592,115.82883676952868,116.88174166606174,26294000
2019-10-14,117.27970123291016,117.321144419298,116.9646520528727,117.29627344724716,5936900
2019-10-15,115.86199951171876,116.856876404966,115.69618880460187,116.62473888489316,11832300
2019-10-16,116.0029067993164,116.11897552688843,115.53034578368124,115.77076934417236,7729500
2019-10-17,115.72105407714844,116.38430952348668,115.48891656851184,115.67131213251852,6219300
2019-10-18,115.72105407714844,116.25994201136643,115.61327143008666,115.9117357484116,6456100
2019-10-21,114.85047912597656,115.23185494315956,114.60175686699112,114.88364884079574,8038000
2019-10-22,115.5220947265625,115.67961934699656,114.94175084907992,115.55526446273164,6683300
2019-10-23,115.6381607055664,116.32628723313604,115.5386768005603,116.0941496877568,5995400
2019-10-24,115.40597534179688,116.26821099640784,115.265035651254,115.8039234474792,6161700
2019-10-25,114.84222412109376,115.69616107610425,114.66811469749432,115.67957621420358,5669800
2019-10-28,113.79759216308594,114.06289934965174,113.57375345628184,114.06289934965174,11402100
2019-10-29,113.87218475341795,114.19551988686015,113.72294634153889,114.0960233954277,5296600
2019-10-30,115.53862762451172,115.61324052150924,114.22041584205398,114.22041584205398,10914100
2019-10-31,117.0972900390625,117.4620684639606,116.42573593170285,116.46719176310188,15834100
2019-11-01,116.73680877685548,117.32647809548538,116.09731074702545,116.87799434945988,11425500
2019-11-04,115.20038604736328,115.55750031345744,115.05088721850905,115.4163147194704,11124300
2019-11-05,113.90477752685548,114.14563323418524,113.55596381832908,113.96291948125037,13493000
2019-11-06,114.59410858154295,114.9512355381373,114.06258110060062,114.62733617744767,9351900
2019-11-07,112.51783752441406,113.24869262883936,111.66241060565078,113.24039206542211,19209800
2019-11-08,112.04438018798828,112.90810711691392,111.93640956964464,112.24369496325924,10222900
2019-11-11,112.11919403076172,112.44309341772372,111.82020900644171,112.43479285438166,4577000
2019-11-12,112.63409423828124,112.90816486706797,111.94476738514147,112.3517230471486,5772900
2019-11-13,113.36492919921876,113.7469704340079,113.0908586189028,113.62238598516682,6672400
2019-11-14,114.53597259521484,114.9761431705835,114.3366450492952,114.44461572074508,10213300
2019-11-15,114.41145324707033,114.74366601269072,114.13738246766644,114.17891064744664,4657600
2019-11-18,114.61905670166016,115.11736940608384,114.55261416289576,114.78516938488038,5943900
2019-11-19,115.57408142089844,115.64052391797244,114.91796968267444,114.91796968267444,7893100
2019-11-20,116.77008056640624,116.77008056640624,116.0807535644489,116.19702482546478,7905500
2019-11-21,116.03919219970705,116.33817716715352,115.54087969642508,115.97274968776188,5980900
2019-11-22,116.18868255615234,116.5042813311713,116.00596880983755,116.35479517833949,4664800
2019-11-25,116.52919006347656,116.71190380096918,116.42121939879095,116.52088950181351,4157300
2019-11-26,117.21027374267578,117.3597599615526,117.05247428544844,117.10230302507402,4281100
2019-11-27,116.86975860595705,117.0275580606832,116.62060223915886,116.77010112828546,4095700
2019-11-29,116.6205596923828,116.83648837276688,116.08903221768662,116.78665965211016,6251100
2019-12-02,115.06564331054688,115.36514228063936,114.7661443404544,114.9242150044476,17702200
2019-12-03,117.47834014892578,117.94422486348677,116.41344447997818,116.50495845565312,13062400
2019-12-04,116.30521392822266,116.88756938628562,115.81437237745509,116.75445594032924,8586300
2019-12-05,115.73949432373048,116.00572122988991,115.30689464281772,115.3568090141232,7273800
2019-12-06,115.09901428222656,115.73959955560537,114.6913587219235,114.83278713401008,7931100
2019-12-09,115.34852600097656,115.73122415266022,115.2819819431557,115.63139537152642,4016900
2019-12-10,115.35684967041016,115.93089053153317,115.14886458707004,115.78944950378808,4947600
2019-12-11,116.26364135742188,116.58809752320148,115.83102890491578,115.88927081143,6256700
2019-12-12,114.35021209716795,115.8726646411146,113.65138516714768,115.79779304741324,14857000
2019-12-13,115.6729736328125,116.1471856967413,114.16716372213588,114.90759008076034,11335100
2019-12-16,114.63311004638672,115.19052151845594,114.3336108694218,115.14059441028812,9156600
2019-12-17,114.4749984741211,115.09062621535256,114.15054224189298,114.98248260087816,6179700
2019-12-18,113.53495025634766,114.35024860164218,113.3768794895807,114.22546257230398,6244700
2019-12-19,113.71658325195312,114.04155868731964,113.12495478514928,113.32494455872728,6591100
2019-12-20,113.86651611328124,113.89985408494972,113.26655977035686,113.43322419927756,5455700
2019-12-23,113.69986724853516,114.13317188810878,113.32489770348788,113.99984542751518,5175000
2019-12-24,114.02481842041016,114.20813908625554,113.2332133895551,113.2582105062878,4667400
2019-12-26,114.29978942871094,114.34145552452638,113.74982747924466,114.08314353106088,5290200
2019-12-27,114.42488861083984,114.68320083207335,114.3998787595322,114.52487715719644,7300500
2019-12-30,114.00824737548828,114.07489792679227,113.04164909024738,113.23329803336168,7979700
2019-12-31,112.89161682128906,113.70823202824332,112.80829730191728,113.49991415774323,10707400
2020-01-02,114.16651153564452,114.5998162298326,113.8832023072077,113.98319080790006,11034100
2020-01-03,115.9246597290039,115.95799768989454,114.89141180611456,115.21638699391148,12366000
2020-01-06,115.26639556884766,116.4163137832888,115.1164001555818,116.39964480076854,11369800
2020-01-07,114.69982147216795,115.38311023253284,114.69149333413226,115.1747923492091,8381200
2020-01-08,113.94151306152344,115.2497422866465,113.5915406691712,114.9330951491664,10621700
2020-01-09,114.34146118164062,114.5247818405326,113.24987807668876,113.32486942404245,7411500
2020-01-10,115.35812377929688,115.38312091043188,114.68317580922056,114.716501079162,8776000
2020-01-13,115.00811004638672,115.06643242657894,114.48314505110076,114.89145257129108,5966900
2020-01-14,115.5997543334961,115.6747584334297,115.10812718855068,115.14145245485446,13920300
2020-01-15,116.36634826660156,116.4580086310352,115.84139592003864,116.25803162842564,6290500
2020-01-16,115.99971771240234,116.26635794995616,115.60807913545644,116.04137111082044,6798600
2020-01-17,115.00811004638672,115.10809853512264,114.45814792891676,114.64146863474008,9693100
2020-01-21,116.21636962890624,116.36635238617308,115.63308215945762,115.66640742283472,6794900
2020-01-22,116.62464904785156,116.77463176889478,116.31633004119026,116.42465937175048,6317000
2020-01-23,117.44124603271484,117.80788739840992,117.30791958796942,117.36625467556163,9747400
2020-01-24,118.3911590576172,118.78279749061568,117.74120861874904,117.8411970817417,8585000
2020-01-27,120.23272705078124,120.23272705078124,119.57444822644725,119.94941782080016,10935200
2020-01-28,119.2911376953125,120.06607400087518,119.0078284684216,119.9327475242044,10612900
2020-01-29,120.45769500732422,120.57435247871528,119.5160943859252,119.52443523619576,9566800
2020-01-30,120.4743423461914,121.3826048327321,120.23268659655967,120.7409824980133,14711800
2020-01-31,121.57427215576172,121.64927623259312,120.89932446725224,120.96598769404102,14538100
2020-02-03,121.47581481933594,121.65944013731723,120.2906049624448,120.98337089194904,15309000
2020-02-04,119.8398895263672,120.3072947687482,119.40586491451154,120.18210148448104,11388300
2020-02-05,118.52945709228516,119.1053715908122,118.4376444514209,118.7715143890345,10782600
2020-02-06,119.0636978149414,119.2556779042652,118.52117639759923,118.6714083953214,6683100
2020-02-07,120.5493392944336,120.80809330816672,120.0819340523208,120.37406869656012,11374800
2020-02-10,120.8832015991211,121.23375550843542,120.75799558704227,121.10856223219346,6699300
2020-02-11,120.27391052246094,120.79139306299189,120.140362532699,120.68288372933064,7784100
2020-02-12,119.66458129882812,119.81482594453112,119.34742079938404,119.66458129882812,5595500
2020-02-13,120.12367248535156,120.35737511242549,119.5811512587524,119.72304122977312,7883400
2020-02-14,120.64946746826172,121.09183390984596,120.56599681535266,120.8247380092038,7137400
2020-02-18,121.47581481933594,121.90149748185549,120.95833223366417,121.30888618549068,6909200
2020-02-19,121.4674072265625,121.54252316083829,121.00834417960245,121.12519543375303,5707700
2020-02-20,122.41893768310548,122.64429826548232,121.8597199486276,121.9264939262146,9332900
2020-02-21,123.56238555908205,124.26350580692224,123.23687044737568,123.36207640469736,13860300
2020-02-24,125.40705871582033,125.99967005461944,125.19839472461264,125.89116070372287,15929300
2020-02-25,126.07476043701172,126.66735891965212,125.315220606629,125.37365262550615,20802900
2020-02-26,125.40705871582033,126.63400400298868,124.84784074768444,125.15665937920323,22589500
2020-02-27,126.76750183105467,127.76908604519087,125.89111086774768,127.4519128286446,30687900
2020-02-28,129.63047790527344,130.18969614106842,128.67062818064014,128.91267292252184,44935200
2020-03-02,128.6766815185547,130.816554100802,128.5262149517094,129.8134904222044,28152400
2020-03-03,130.67446899414062,133.4914095512528,127.35599016509212,128.56802610851545,38608000
2020-03-04,129.28684997558594,131.52703739313347,128.8856271376088,130.7413003008887,23463700
2020-03-05,132.50503540039062,132.75580447635576,131.0756605956409,131.34315101124238,17786200
2020-03-06,139.40109252929688,141.54096449306604,137.17762663536928,139.84411229892206,76288300
2020-03-09,143.1793212890625,150.20914593484835,142.3852298441012,149.70762053759938,41552800
2020-03-10,135.8402557373047,144.55021367156723,135.43903276895995,141.80014570978722,37728300
2020-03-11,130.84156799316406,139.6183933598166,130.08927377787867,138.2809672497085,29519300
2020-03-12,131.6524200439453,139.0583916118413,130.1143884835942,136.676104623474,24361800
2020-03-13,128.6766815185547,132.23756204170243,127.2138766004946,129.56272131389335,19812900
2020-03-16,137.010498046875,138.8828802735542,131.9115726874776,134.05981242640894,30496700
2020-03-17,127.87415313720705,138.44814485563737,127.64847254207136,136.66769918839557,18570900
2020-03-18,120.66046142578124,128.84380092916155,116.19680894202357,127.75714376637949,47061000
2020-03-19,123.9455108642578,128.26705166202234,121.41277044269218,122.83377794169532,21175300
2020-03-20,133.26571655273438,133.26571655273438,127.14701848728558,128.14172798574245,20863100
2020-03-23,138.75746154785156,139.33422653117296,130.87504078817545,131.6524108059435,19971800
2020-03-24,136.1746368408203,138.29778861506404,134.08491500392103,134.78705848000322,11948600
2020-03-25,135.86526489257812,139.3258415934736,135.09624926511714,136.74295006950535,10750600
2020-03-26,136.53404235839844,138.49001864270758,135.63964817901865,137.0857319015568,10576200
2020-03-27,140.17843627929688,140.63817729985306,137.5788236953963,138.3562062855441,12550000
2020-03-30,139.0249786376953,142.19299037674298,138.70733693261624,140.6800342630071,13473200
2020-03-31,137.896484375,139.52646389682127,137.55376713448717,138.50667922067825,11464800
2020-04-01,139.82850646972656,141.43574198692414,139.2927655550177,141.03392672108927,11334700
2020-04-02,140.71583557128906,141.6533789563485,140.01266525942384,141.3269120438317,5771200
2020-04-03,141.05067443847656,142.58256163428612,140.7493193708899,141.09253179262743,6570800
2020-04-06,140.68226623535156,140.85806190868647,139.401511155406,139.79494705819332,9434800
2020-04-07,139.20904541015625,139.30949282693925,137.04097017746165,138.08734001251534,13811400
2020-04-08,138.19613647460938,139.11694692331287,137.3925316948933,138.21288196633154,10147100
2020-04-09,138.4473114013672,138.78214470295484,137.0995862869085,137.51813430042895,14259100
2020-04-13,137.18331909179688,138.7152065560892,137.18331909179688,137.91158864399014,8750300
2020-04-14,137.14981079101562,137.90320488351406,136.8484557086306,137.14981079101562,9019100
2020-04-15,140.78277587890625,141.13436738109434,139.5773685675282,139.6275922755353,10027800
2020-04-16,142.38162231445312,142.57416354608728,141.4859364456803,141.6868312639861,8265400
2020-04-17,140.4730987548828,143.00949899291228,140.02107246733445,142.15567014164617,8612100
2020-04-20,141.60321044921875,141.7120242804337,140.59869746315985,141.0005001029683,6462600
2020-04-21,143.3861541748047,144.1060571752112,142.95923985492772,143.92189505140465,7850700
2020-04-22,141.9211883544922,142.63272475355242,141.22641021765807,142.28114611957884,6230200
2020-04-23,142.67457580566406,143.08474447403407,141.97978492636702,142.19742518360283,5968600
2020-04-24,143.00949096679688,143.00949096679688,141.94638814385235,141.97986636683612,6211800
2020-04-27,140.3474884033203,142.0970156035358,140.16332630086936,142.0216800451882,9039500
2020-04-28,141.96315002441406,142.18080322426255,141.00886080998447,141.09257554424545,9905400
2020-04-29,141.22645568847656,142.52394412218064,140.59863376001206,141.9128676882681,8619600
2020-04-30,139.577392578125,141.66175345739404,139.55228071980162,141.25158458939788,11606100
2020-05-01,140.77259826660156,140.90671039316652,139.50694864494008,140.3954191015694,10209400
2020-05-04,140.11045837402344,140.54630365674006,139.54048815792314,140.44572594374975,8300900
2020-05-05,139.21359252929688,139.36447188270677,138.52629020049346,138.77774726308493,7831800
2020-05-06,136.96728515625,137.1600633809155,135.8273574453623,136.81640578808316,14721500
2020-05-07,139.25543212890625,139.44821023498497,136.9085220749323,137.09292297279225,9164800
2020-05-08,137.445068359375,138.63528515707003,137.1936112241682,137.87254932611896,8129800
2020-05-11,136.37217712402344,137.64621704880142,135.86927571477588,137.17683728431464,8713500
2020-05-12,137.77194213867188,138.24132191315792,136.73260486363554,136.75774929515163,10057300
2020-05-13,138.7358856201172,139.3812765394751,138.15753800461712,138.3754607162603,13305600
2020-05-14,140.09371948242188,140.9402785804006,140.01828618242826,140.2445988720497,10080000
2020-05-15,139.73330688476562,141.2252696084484,139.41479367758373,141.06601300485747,7225600
2020-05-18,136.66558837890625,138.35032972679758,136.13752958479617,138.24136196556384,10073100
2020-05-19,137.17689514160156,137.2104168005008,136.18783354386994,136.22136799241392,8639100
2020-05-20,137.5875244140625,138.04852691863314,136.52304283671708,136.7661099084154,10927300
2020-05-21,137.9312286376953,138.60177679933813,137.70491591534184,138.18268579701666,8920000
2020-05-22,138.7610321044922,138.86998706710085,137.97313898129187,138.06533951250984,4956700
2020-05-26,136.90028381347656,137.28584041695416,136.60691496286393,137.21879710389672,8098900
2020-05-27,136.6487579345703,137.38636190385867,136.27995594992615,136.44758972759055,8047400
2020-05-28,136.1459197998047,136.2632775782725,135.50052875609916,135.7519859577617,10272600
2020-05-29,137.11817932128906,137.53727028770143,136.0788419099568,136.38058791735935,14632700
2020-06-01,136.19491577148438,136.32920025169165,135.68296739600788,136.04385533580583,13341400
2020-06-02,135.6997833251953,136.0354817868488,135.33050733373122,135.68299456029,11517100
2020-06-03,133.89537048339844,134.55839224132,133.3918227848773,134.432495712133,12255700
2020-06-04,131.95672607421875,133.45060648962718,131.92316133945795,133.37507623185567,14038600
2020-06-05,131.0167694091797,131.05873493525934,128.5409570434471,129.75788046327358,17778500
2020-06-08,131.5203094482422,131.63780521915837,130.12713616017976,130.14392492919026,10346700
2020-06-09,133.01422119140625,133.9793643374347,132.85475986329612,133.48420438620556,9095300
2020-06-10,134.98643493652344,135.03678843517966,133.48416673360842,133.64362801673843,13135500
2020-06-11,137.53787231445312,137.831605501413,136.48879777655569,137.0091346494054,17086400
2020-06-12,136.2117156982422,137.35310826141773,136.00190098299723,136.30403468519293,9716100
2020-06-15,136.2873077392578,137.82315368820642,136.07749292884537,137.54619660173242,7759800
2020-06-16,134.19757080078125,135.31378732173795,133.19046209803355,133.7863418972217,13698900
2020-06-17,134.75144958496094,134.9276996444183,133.72755237840315,134.50807006160213,7113900
2020-06-18,136.17811584472656,136.36275378835492,135.6326027969612,135.9934779010982,7691400
2020-06-19,136.2873077392578,136.3796267680825,135.0452076473185,135.12073790560785,8565500
2020-06-22,136.30404663085938,137.15169354455006,136.0187016665764,136.95866757530862,9319700
2020-06-23,135.3724365234375,136.01026855188326,135.22136329197255,135.52349694883043,9088600
2020-06-24,136.8244171142578,136.8747706138857,135.55714041800235,135.5655283992476,11436500
2020-06-25,137.21881103515625,137.93218612321152,137.1348800344182,137.8146904058219,10968000
2020-06-26,138.6876220703125,138.74637637786714,137.78960832511603,137.84836263267067,12119300
2020-06-29,138.2511444091797,138.7043514829519,137.95741141536467,138.35186420672753,7274400
2020-06-30,137.57972717285156,138.72111997030711,137.20206316910685,138.6707664772847,14841700
2020-07-01,137.31259155273438,137.43022513016567,136.24547871533017,136.80004250369126,13181000
2020-07-02,137.45542907714844,137.58147329296358,136.32110806140102,136.70761288593192,7599800
2020-07-06,136.89247131347656,136.97650079304046,135.90938794385193,136.39673071890576,7972700
2020-07-07,138.8166046142578,138.92582752757244,137.12770733463472,137.31256189082328,12791900
2020-07-08,138.2620391845703,138.5729251064295,137.65706297585837,138.06878681323315,7253900
2020-07-09,140.46348571777344,140.69875284086697,138.304066876287,138.35447942822182,13373100
2020-07-10,139.7576446533203,141.33730587779075,139.6148048563767,141.11883445332987,8478000
2020-07-13,140.2198028564453,140.2870238574665,138.83339374993648,139.0602630257461,8054000
2020-07-14,140.42141723632812,141.27846875446417,140.30378371980683,141.10201206913638,11344600
2020-07-15,139.76608276367188,140.27863174569242,139.33756324929928,139.41318207752445,7840300
2020-07-16,140.42991638183594,140.9676717707368,140.35428471411723,140.6567729216927,9107400
2020-07-17,140.13580322265625,140.6567500650661,139.8753298014513,140.5475271336207,8549900
2020-07-20,140.48023986816406,140.8415382314228,140.15254558617224,140.74911098157423,6907200
2020-07-21,140.56430053710938,140.92561183470085,140.38785661824724,140.5727111758809,8454400
2020-07-22,140.98439025878906,141.54736444291245,140.90037363777878,141.37930555870636,6592100
2020-07-23,142.63128662109375,142.74052234246383,141.5641741415922,141.93388320983487,10471800
2020-07-24,142.6229248046875,142.77416246836472,141.89190430028907,142.00953786795935,7520700
2020-07-27,142.093505859375,143.09339716249335,141.9926807938813,143.0513824448404,6146400
2020-07-28,143.07662963867188,143.12704218583937,142.36241769754457,142.45484497438346,8520700
2020-07-29,142.83294677734375,143.16903893030337,141.98429293631594,142.88335931817832,6733700
2020-07-30,143.77407836914062,143.90010977672122,143.4715901698478,143.7236658061084,9376100
2020-07-31,143.68162536621094,144.068142982163,142.7909693890006,142.96741332805698,8886000
2020-08-03,142.95819091796875,142.99184522397638,142.1338401157796,142.36096175758166,9066200
2020-08-04,144.32089233398438,144.32929949189906,143.6058860152116,143.69841609369567,9878900
2020-08-05,143.05914306640625,143.47131205577404,142.73949133150293,143.05072307210426,6954100
2020-08-06,143.8582763671875,144.89292179393462,143.52179743974546,144.161100984206,9481800
2020-08-07,142.89932250976562,144.26202676018588,142.6469665431136,144.07696657366492,8176900
2020-08-10,142.25997924804688,143.21051422806332,142.2179306281574,143.185279921988,6408500
2020-08-11,140.56924438476562,140.88889610545485,139.53459912484607,140.61971300690465,19234200
2020-08-12,139.2906951904297,139.6944699682747,138.7859959711645,139.3832253059324,11744800
2020-08-13,137.80174255371094,139.28221074491884,137.25496932536362,139.05508916282523,12744700
2020-08-14,137.26339721679688,138.07934076891294,137.24658290103045,137.79334337661703,6398100
2020-08-17,137.60826110839844,138.34009445801914,137.47366959176088,137.92791275157424,6901500
2020-08-18,138.5924835205078,138.6850136144971,138.0288957972485,138.25601745256003,8140600
2020-08-19,137.72604370117188,139.30746214253998,137.36434339211928,139.105574840869,12497700
2020-08-20,138.97100830078125,139.3411157998605,138.73546667721257,139.1224141637651,10319900
2020-08-21,139.80377197265625,139.91312921288358,138.80276816387115,139.44207161706868,6836000
2020-08-24,139.5766143798828,140.45144640563947,139.5177386132502,139.9046860160567,6490600
2020-08-25,138.50839233398438,138.87009276464914,137.81021295406916,138.24762917041497,10518300
2020-08-26,137.9784698486328,138.23082589532862,137.3475861495741,137.9952970078423,8276600
2020-08-27,135.63148498535156,138.6429024255278,135.56418923505495,138.59242098629136,19860100
2020-08-28,135.53057861328125,136.3128807316222,135.12681681675218,136.07735194736722,8415400
2020-08-31,136.43060302734375,137.3222492690947,135.90065700860976,135.934311301894,11388100
2020-09-01,137.99114990234375,138.16800250716372,135.73423927582564,136.2226752535785,10587000
2020-09-02,139.3048095703125,139.42270697407753,137.67950872913354,137.69634203691908,15167700
2020-09-03,139.7006378173828,140.837515955983,139.32168272113466,139.58274039077548,16416600
2020-09-04,137.04788208007812,138.69844536351607,136.8036578234411,138.45423395672947,13780300
2020-09-08,137.8900909423828,139.17011669232323,137.8900909423828,138.42062302760968,13790400
2020-09-09,137.51954650878906,138.31956578047024,137.06479005550847,138.05850807759234,9558900
2020-09-10,138.21847534179688,138.4037445332566,136.38262958547423,136.812123097428,8847700
2020-09-11,138.5132293701172,138.5890306666926,138.17638326256886,138.37006913191638,5458200
2020-09-14,138.50482177734375,139.01852047737256,138.302706389677,138.77429611104324,4274900
2020-09-15,138.1680145263672,138.50486075073957,137.93220674947477,138.2522196575304,6928500
2020-09-16,137.75538635253906,138.85857266984542,137.2501040950597,138.76593801763624,8815200
2020-09-17,138.1764373779297,138.91751452459752,137.94064244032816,138.8669760238026,7813900
2020-09-18,137.7469024658203,138.3111267630477,137.55320374673298,138.2521716268415,7246300
2020-09-21,138.44583129882812,139.28795925770143,138.2268826554681,138.85847862462307,11086900
2020-09-22,138.3363494873047,138.85004800454038,137.99949062772708,138.4795096839308,10524100
2020-09-23,138.52171325683594,138.5553927408707,137.67115529909833,138.36170679548488,6224800
2020-09-24,139.05218505859375,139.05218505859375,138.63112101677402,138.91745433110108,8278100
2020-09-25,139.05218505859375,139.30482605365654,138.70692231019123,139.0437684037051,5140300
2020-09-28,138.65635681152344,138.86688879140723,138.42056202204176,138.84162598180936,4470100
2020-09-29,138.8163604736328,139.15321934480974,138.58056568873496,138.78268101144113,10297600
2020-09-30,137.48583984375,138.1090193129395,136.88793604142435,138.1090193129395,12971000
2020-10-01,137.71253967285156,138.03288392667545,136.65036384730112,136.99598421977117,11523900
2020-10-02,137.19839477539062,137.97395405020228,136.71787809402025,137.92337605493648,8828800
2020-10-05,134.5176239013672,135.6809560860615,134.47547129497786,135.6809560860615,14726000
2020-10-06,135.2425994873047,136.0687494553159,133.76734822564634,134.31530641216443,22419400
2020-10-07,134.25621032714844,135.23409366892977,133.91901538461266,134.50911296563154,9429200
2020-10-08,134.9812774658203,135.09087168074632,134.59350431990956,134.8548324971909,8431500
2020-10-09,134.95596313476562,135.107709931802,133.87692339447645,134.47545948101526,8441500
2020-10-12,135.38592529296875,135.45335403322804,134.97285029564966,135.24260384619862,3962000
2020-10-13,136.35545349121094,136.42289513543713,135.87493659979108,135.900238471657,7914300
2020-10-14,136.66729736328125,137.19839202928725,136.54085237764767,136.84433320634074,6954800
2020-10-15,136.4312744140625,137.5693308731399,136.26267679205912,137.44287300925683,9458800
2020-10-16,136.05189514160156,136.83589255453626,135.80743057560665,136.2795089535079,8416300
2020-10-19,135.53759765625,135.7061951566178,134.9222109914834,135.30155858310215,9286600
2020-10-20,134.24786376953125,134.88853968174038,133.99496098257472,134.76209471984717,11189000
2020-10-21,133.7842559814453,134.34906510724832,133.5060641081678,133.8601229842007,10453700
2020-10-22,132.39324951171875,133.7251920305537,132.32580791875853,133.43856204468062,12664900
2020-10-23,133.20254516601562,133.3711556081841,132.14036884147632,132.19094682885856,8783800
2020-10-26,134.44171142578125,134.89693888319775,134.04550017561616,134.21411056023936,7227300
2020-10-27,135.34375,135.47019494575787,134.79579188765615,135.07398363149193,6062300
2020-10-28,135.4701690673828,136.11085763861684,135.04866884448293,136.04341605937293,11765800
2020-10-29,134.15516662597656,135.57984024665467,133.5903575500768,135.49553500892557,11932400
2020-10-30,132.83164978027344,134.33219026050818,132.83164978027344,134.0624238148528,13095400
2020-11-02,133.8266143798828,134.3413975524797,133.6156378809002,133.9278789787597,10810500
2020-11-03,133.0501708984375,133.32021401655646,132.5269406271806,133.21051503590434,16228700
2020-11-04,135.93637084960938,136.85622523704365,135.48065442925915,136.40895611739276,21570800
2020-11-05,136.1726531982422,136.49334155300875,135.51440764255003,136.40894581428643,18537500
2020-11-06,134.52700805664062,134.9573953193835,134.13037135535694,134.70422103901404,12408400
2020-11-09,131.6999053955078,131.7758538087563,130.49312657285694,131.62395698225933,23245000
2020-11-10,130.94046020507812,131.4889939633107,130.6197717991665,130.77168157769762,12561000
2020-11-11,131.4130096435547,131.59866994609268,130.78008030589706,130.8222781704703,5888200
2020-11-12,133.6493377685547,133.6746539086728,132.24846413309697,132.4425588329954,15999700
2020-11-13,133.47215270996094,133.7590776093098,133.26117624685477,133.64093130504958,7344600
2020-11-16,133.15145874023438,133.57341164862072,133.00799629662072,133.10926087399957,6310400
2020-11-17,134.0206756591797,134.31604783472986,133.8350153563162,133.98692509365011,7444600
2020-11-18,134.408935546875,134.66210996620006,133.6325434374011,134.55239804652916,10333300
2020-11-19,135.10092163085938,135.63258658336687,134.88994511027514,134.9996570216141,10637200
2020-11-20,136.29922485351562,136.32454099805022,135.3540544522751,135.47220075243018,7246800
2020-11-23,135.67471313476562,135.8603734054316,135.26119473610447,135.71691099209482,11300000
2020-11-24,134.32449340820312,135.04181853581562,134.18946538091444,135.01650239032165,10891700
2020-11-25,133.91094970703125,134.94896298489817,133.86031742557023,134.39198213486893,9145800
2020-11-27,135.21055603027344,135.25275388559658,134.67045696227882,134.6957731000772,4708200
2020-11-30,135.04185485839844,135.4722423245396,134.82243103578992,135.05028928350458,13071600
2020-12-01,133.05067443847656,134.0981891506854,132.35795997795722,133.9376815127549,13662800
2020-12-02,131.99472045898438,132.56915529516937,131.34424686733186,132.52692729671003,12114300
2020-12-03,133.0591583251953,133.3210467512608,132.27353171733787,132.57764815363078,9626500
2020-12-04,131.1077880859375,131.60619734083872,130.7445445954519,131.52172840566652,12734500
2020-12-07,132.2904052734375,132.52693880182554,131.9355920907449,132.07921370236886,9316100
2020-12-08,132.91552734375,133.5322160273201,132.79726057664672,133.10983287479252,7397200
2020-12-09,132.4762420654297,132.8986251666865,131.7919706137019,132.24815158152043,7750100
2020-12-10,133.6505126953125,133.71808267153642,132.484730808687,132.8310881648748,10025100
2020-12-11,134.1235809326172,134.64733203824306,133.7434385853044,134.0222001872503,8135900
2020-12-14,133.7518768310547,134.0559932760619,132.72126070575874,133.04227608940897,7535900
2020-12-15,133.30416870117188,133.8025778889933,132.89022843715415,133.28726976036512,6847500
2020-12-16,132.9493408203125,133.38016704602208,132.11301743969844,132.2735251189174,9954200
2020-12-17,132.59762573242188,134.00140468662363,132.28472715846803,133.7223392629402,9422700
2020-12-18,132.20010375976562,133.0880364071436,132.07324886524898,132.86815975140527,6505000
2020-12-21,132.72442626953125,133.0542284118889,132.30160234837723,132.93583823010826,8988200
2020-12-22,133.40936279296875,133.4685643195919,132.83432860978783,133.24023585106605,7370800
2020-12-23,132.4876251220703,132.5045416892601,131.46439861939027,132.44534015587593,9266600
2020-12-24,133.01190185546875,133.130292000237,132.6398277601671,132.68209981621732,3117100
2020-12-28,133.07110595703125,133.14721114366532,132.0055946334795,132.2423749276021,7791100
2020-12-29,132.9019775390625,133.01190295067943,132.22545689043432,132.25082528569652,9030900
2020-12-30,133.18951416015625,133.21488255914005,132.49607684510568,132.61447991177675,9097300
2020-12-31,133.3839874267578,133.67996923728967,133.1472071397555,133.15567187372136,7742100
2021-01-04,133.2233428955078,133.76455694764496,132.37769513257095,132.4876334708922,13152900
2021-01-05,132.23394775390625,132.72442504635214,131.63354501739556,132.72442504635214,10458100
2021-01-06,129.5193634033203,130.10286219426337,128.78364136521327,130.077493803662,22827300
2021-01-07,128.37771606445312,128.68214961219036,127.91260746324988,128.3607995052583,14651900
2021-01-08,127.9634246826172,128.50463873053042,127.4052940665802,128.09871851692495,13622500
2021-01-11,127.75199127197266,127.87038142181932,127.26151410730552,127.69278974527003,8370700
2021-01-12,127.6505126953125,127.82810438286846,126.78794846236528,127.51520597179936,12186300
2021-01-13,129.08807373046875,129.44325700262746,128.1747858703783,128.25089104145988,12533300
2021-01-14,127.87886810302734,129.0796864940289,127.51523281996768,129.02894968791873,14835500
2021-01-15,128.38621520996094,128.84285920219398,128.09023341070576,128.6991006693881,11624700
2021-01-19,128.8005828857422,128.8428678461237,128.12406223031286,128.21708398172888,9575600
2021-01-20,128.92742919921875,128.94433285940144,128.3608339941636,128.5299738244497,5368900
2021-01-21,128.0226593017578,128.3270931195349,127.7774270418988,128.0649442854757,8162700
2021-01-22,128.4369659423828,128.54689135966498,128.04796235571706,128.41159754581318,9507200
2021-01-25,129.9506072998047,129.9675238572711,129.07959169179685,129.18106522949014,8712600
2021-01-26,129.70538330078125,129.89142673375505,129.31637987632143,129.46860309582428,7690300
2021-01-27,130.03517150878906,130.65249034207093,129.8322115387071,130.2888682455035,7895200
2021-01-28,129.31640625,129.77306309808887,128.67371883455036,129.72231341220208,10667800
2021-01-29,128.5384063720703,128.95277824841813,127.9464557655416,128.04792932564496,14965900
2021-02-01,128.6874542236328,128.99224081616634,128.25567860025942,128.39960380805056,8165500
2021-02-02,127.85769653320312,127.9169537442233,127.43438275716017,127.62064185209996,9177500
2021-02-03,126.72325134277344,127.49368579252732,126.63859630824447,127.35822223506196,9633100
2021-02-04,126.3845672607422,126.5623647411213,125.97818962939108,126.2829760825324,8262600
2021-02-05,125.32633209228516,126.63014634559464,125.31787046360752,126.2322301829563,10258900
2021-02-08,125.87660217285156,126.36764779663233,125.33476095325103,125.55489242648837,11574800
2021-02-09,125.96980285644533,126.71483979846212,125.8597499762081,126.33385969621116,5218300
2021-02-10,126.8079071044922,126.8079071044922,126.2660658452393,126.38459321699727,8079800
2021-02-11,126.11366271972656,126.81635231370376,125.93586522585024,126.72322275377104,11962700
2021-02-12,124.5473861694336,125.36861597106838,124.47965441152937,125.04689335065132,14088400
2021-02-16,122.65103149414062,123.31987505174186,122.47324679449004,122.94735655158756,17789100
2021-02-17,123.42986297607422,123.92938320301832,122.74409651560144,123.5653265263816,11199100
2021-02-18,122.9303970336914,123.26905602341854,122.18537309333078,122.43088955717836,10755300
2021-02-19,121.29637145996094,122.1853332551871,120.94078932557352,121.96520175400777,12741700
2021-02-22,120.37355041503906,121.6943008102761,119.98410880960448,121.09318930817044,13203900
2021-02-23,120.02645874023438,120.64449358139602,119.49307895047494,119.81480173395124,12658500
2021-02-24,119.23907470703124,119.52692510314029,117.81674598377458,117.97760735763464,17363100
2021-02-25,117.29180908203124,118.46015957352296,115.65782363791536,118.1215136227936,52621700
2021-02-26,121.16940307617188,121.32180284367466,118.25700050052566,119.17983489838628,45423300
2021-03-01,119.56907653808594,119.86575814381666,118.7468579629572,119.23002293216452,22048000
2021-03-02,119.57750701904295,119.62836374344492,118.91633079963718,119.0095724390608,12482200
2021-03-03,118.28058624267578,118.79765112208152,117.6194230111811,118.14497263333618,19763700
2021-03-04,117.51771545410156,118.6196585397804,116.9413220168891,118.35689018257708,22366600
2021-03-05,117.74664306640624,118.11112505317186,116.96680941033604,117.11937965575432,20598000
2021-03-08,116.83111572265624,117.73809072924276,116.83111572265624,117.6787622014386,15236600
2021-03-09,118.45014190673828,118.51795518760788,117.79745039567165,118.05174696541742,14463400
2021-03-10,118.68746185302734,118.7976470985052,118.06019881159769,118.50097859568496,12387600
2021-03-11,117.8313217163086,118.1449596802891,117.36512654233384,117.96694824483758,14150700
2021-03-12,115.33080291748048,115.66986934317374,114.98326468141796,115.61899967877352,20402700
2021-03-15,116.0088882446289,116.2038432974846,115.62744994676072,115.6952632116796,11366500
2021-03-16,115.54268646240234,116.22927802299334,115.06800651602134,116.14452113774443,15567900
2021-03-17,114.67811584472656,114.88155570808902,113.7117991283636,114.559445824614,27107500
2021-03-18,113.51686096191406,113.98306930128588,112.8980824027828,112.99979588262244,21615100
2021-03-19,114.2203598022461,114.28817307072777,113.41509825687127,113.65243822952787,18685000
2021-03-22,115.50030517578124,115.62745990873094,114.74590032289174,115.01715340593732,17047500
2021-03-23,116.54293060302734,116.58530258392922,115.40707437872268,115.78004093589196,16768400
2021-03-24,117.17024230957033,117.2126272467892,116.08525517391428,116.1784968621691,13863000
2021-03-25,116.24626922607422,117.53469584608057,116.2038843037858,117.30582761297298,20782000
2021-03-26,115.83941650390624,116.33105320725868,115.46644983694482,115.63597661263714,8433300
2021-03-29,114.85614776611328,116.00047618316528,114.40689597193776,115.98351962468756,13968100
2021-03-30,115.45793151855467,115.7122151126356,114.4407454059962,114.68657012568605,15020800
2021-03-31,114.8137435913086,115.7800603175272,114.41534860528265,115.56814864130328,19271300
2021-04-01,116.71934509277344,116.81271430019788,115.6922967628606,115.90449832957466,14885900
2021-04-05,116.2100067138672,116.26093299025676,115.3866640409054,115.90443610378088,8243000
2021-04-06,116.9993896484375,117.11822194367254,116.2948792724909,116.42220791493838,9282400
2021-04-07,116.18457794189452,117.22012237394902,116.18457794189452,116.6683906624513,11052700
2021-04-08,117.14371490478516,117.19465414578175,116.59199616896674,116.617459313589,7847900
2021-04-09,116.71934509277344,117.2965400891487,116.3628480149045,116.71086169273696,8717800
2021-04-12,116.6683120727539,116.7362180661996,116.37123792214086,116.67680841677458,7659000
2021-04-13,117.54265594482422,117.56811908970036,116.45618525760158,116.5410710416902,13232800
2021-04-14,117.16915893554688,117.3389304743365,116.77023208429124,117.1606755393074,7293200
2021-04-15,119.1299057006836,119.66464457662612,118.3744690155987,118.399932154846,23896700
2021-04-16,118.20471954345705,118.6036594017777,117.9246120077158,118.06892042604608,15238400
2021-04-19,117.8651885986328,118.24714866589656,117.60206084011224,117.7633360344959,13886800
2021-04-20,118.40843963623048,118.62912453851315,117.50021097916895,117.51719072603748,11476500
2021-04-21,118.64607238769533,118.75642128504565,118.04342752927856,118.4423543352982,11902200
2021-04-22,119.16389465332033,119.16389465332033,118.15381326446474,118.83286077352138,14156400
2021-04-23,118.88378143310548,119.23179504586162,118.39996868638028,119.15540560455028,12302200
2021-04-26,118.71401977539062,119.26573855091178,118.70553637715676,118.96016784170313,9103500
2021-04-27,117.67845153808594,118.68004925270088,117.58508236936548,118.48481456698966,14137300
2021-04-28,117.75482940673828,117.8906414482318,117.1012582415804,117.68692338599152,15263700
2021-04-29,117.40682220458984,117.4407687371646,116.3967412498244,116.66835236566769,17178200
2021-04-30,117.67845153808594,117.7548409620162,117.1182365257632,117.56810262457527,15692000
2021-05-03,117.74905395507812,118.70960264915772,117.54503707020636,117.90205689067145,16447700
2021-05-04,118.54806518554688,119.1430980254646,118.29304740536982,118.57356566649028,18639700
2021-05-05,118.7435531616211,118.87956435086645,118.08901066277626,118.1825167340398,11127900
2021-05-06,118.93911743164062,119.1686348007768,118.32707976110883,118.3695848992077,21907600
2021-05-07,118.35255432128906,119.51713259047752,118.08054484439258,119.0921072440971,18346900
2021-05-10,117.15399169921876,118.3695579535022,117.04348095946786,118.1145401537085,15146200
2021-05-11,116.49095916748048,116.86498360521104,116.26145478402908,116.6524708992956,15158600
2021-05-12,115.26687622070312,116.28693443215086,115.06285939011602,116.17642369423986,20859400
2021-05-13,115.4453582763672,115.92138448907554,115.292355409743,115.54736018744998,13073900
2021-05-14,116.52491760253906,116.52491760253906,115.7938736944506,116.05738725944634,17566700
2021-05-17,116.27841186523438,116.60143523275543,116.0914126727532,116.31242115167994,6113800
2021-05-18,115.98089599609376,116.09140671525718,115.66638145169529,115.94688671139345,11423100
2021-05-19,115.7003936767578,116.71195601846377,115.28386419171903,116.0659092277307,14296000
2021-05-20,116.6524429321289,116.87346439456914,116.17641666032397,116.25291810313338,13310500
2021-05-21,117.0264663696289,117.05196685036697,116.50793497671673,117.01797053296389,10171600
2021-05-24,117.45997619628906,117.800004191275,117.2134672493233,117.29847749075522,6868700
2021-05-25,118.54806518554688,118.58206150322373,117.83401280690248,117.84252161437902,12346900
2021-05-26,118.34403228759766,118.93056921108791,118.05501822901272,118.65854682366115,9793700
2021-05-27,117.86800384521484,117.89350432220986,117.2984715744241,117.73199265408064,10695200
2021-05-28,117.68099975585938,118.41204374482244,117.5959895128959,117.80000631356305,10258000
2021-06-01,117.65461730957033,117.69717062963537,116.83738833158104,117.32262087869648,11778500
2021-06-02,117.92701721191406,118.14834383396574,117.74825689894529,117.94404633342998,7347900
2021-06-03,117.48434448242188,117.90998157088868,117.34815048606644,117.90998157088868,10994000
2021-06-04,119.09325408935548,119.09325408935548,117.91850453892944,117.91850453892944,15773700
2021-06-07,118.72721099853516,118.93152147805256,118.59952506722,118.82935974358728,7799800
2021-06-08,119.56149291992188,119.74026626829313,119.35719536683148,119.74026626829313,11230900
2021-06-09,120.61703491210938,121.00861374223447,120.24247221239835,120.67661734738384,12768300
2021-06-10,121.3406219482422,121.35765106972644,119.75725137496656,119.88495030197764,19698300
2021-06-11,121.1448211669922,121.2214327223747,120.74472128077792,121.1448211669922,8646700
2021-06-14,120.21691131591795,120.96603656758334,120.03813806653056,120.96603656758334,9401300
2021-06-15,120.0722427368164,120.10628799350896,119.58701015039638,119.85942416159676,18207300
2021-06-16,119.9700927734375,120.60004049416142,119.35718716685652,120.37019277330836,19676300
2021-06-17,121.76628112792967,123.37518918031742,120.57450219631512,120.76178359834256,35225800
2021-06-18,124.05613708496094,124.32002990560446,122.68558563858564,122.82179257485598,26616900
2021-06-21,121.97909545898438,123.00063506685576,121.74926073768744,122.9155024363946,16485000
2021-06-22,122.27702331542967,122.31106856746048,120.9830829182352,121.0256492253336,14530200
2021-06-23,121.96202850341795,122.15781788459532,121.4853171460764,121.82582154720316,12040900
2021-06-24,122.15785217285156,122.49835666955386,122.01313711228238,122.08974867562831,8788400
2021-06-25,120.88944244384766,122.07271304248006,120.34462748453662,121.95353517604994,15562200
2021-06-28,122.13238525390624,122.41330747055044,121.47690008173646,121.49392921319344,11460700
2021-06-29,122.33660888671876,122.34511695168766,121.7662437984978,121.81733115654774,11217900
2021-06-30,122.88143157958984,123.3751591672827,122.64307585125088,122.7962989668632,15708900
2021-07-01,122.8882064819336,123.00753972824675,122.34268121216654,122.72625143200536,10810000
2021-07-02,123.62979888916016,123.62979888916016,122.83708782464429,122.93936976681388,9650200
2021-07-06,125.07887268066406,125.29196874853643,124.2094370819662,124.2094370819662,20037200
2021-07-07,126.18698120117188,126.6302247321732,125.48803275454844,125.78637249791264,20964400
2021-07-08,126.68138885498048,127.38035043563036,126.29781840513034,126.90301716414076,17487800
2021-07-09,124.89981842041016,125.29192075790296,124.86572878540274,125.18962584018708,14483600
2021-07-12,124.73796081542967,125.4965825987417,124.59305699236526,125.37724927349116,10610400
2021-07-13,123.7832489013672,125.6925944127982,123.28886444734437,125.14706898186824,23340200
2021-07-14,125.1897201538086,125.2323419844378,124.28619457243856,124.45666888859876,16038600
2021-07-15,126.57052612304688,126.66428889906544,125.32603955101386,126.11023140210116,18462400
2021-07-16,126.33187103271484,126.44267213705204,125.57324959678624,125.5902879166221,12787900
2021-07-19,129.10211181640625,129.51977173468907,128.3860992304139,128.66738756663406,40203900
2021-07-20,127.857666015625,130.1676335711032,127.65308906771244,130.0141976085802,25674800
2021-07-21,126.23810577392578,126.57905425287473,125.0191895992994,126.30628506463496,19988900
2021-07-22,127.43144989013672,127.6956869359829,126.20401444563014,126.2466362609106,18136900
2021-07-23,126.57901763916016,126.71540219383,126.05906290503498,126.10168470416268,12639300
2021-07-26,126.20403289794922,127.05641730277812,126.05060994812986,127.005276319505,10737700
2021-07-27,127.55084228515624,127.59346412019067,126.9967974487826,127.28660511684394,13036500
2021-07-28,127.55931091308594,127.5763622416159,126.38302937157512,126.7239779040574,14346700
2021-07-29,126.85184478759766,127.192793323921,126.60464604336325,126.81774213015356,11532000
2021-07-30,127.44857788085938,127.61905223817368,127.05647515331272,127.1161483318706,14342100
2021-08-02,128.5852508544922,129.063165684417,127.31364580742608,127.54407367978357,21232700
2021-08-03,128.65357971191406,129.06321930457958,128.34634676186295,128.65357971191406,13361900
2021-08-04,128.91810607910156,129.56671604315238,127.77452212023924,129.2936143694037,18267900
2021-08-05,128.26097106933594,128.7986318695072,128.01348406325053,128.66208102784387,15345400
2021-08-06,126.1188735961914,126.95522464712688,126.04206863708798,126.57972939521991,21144300
2021-08-09,125.6665267944336,126.78450875231248,125.64945468956964,126.43460222470443,12942400
2021-08-10,125.08626556396484,125.93968890648586,125.07772299632732,125.87141347641936,13716900
2021-08-11,125.00946044921876,125.64952802207222,124.35233378374568,124.94972758063396,17227600
2021-08-12,124.80462646484376,124.97530851819366,124.11334266213682,124.67660515817686,14709400
2021-08-13,126.77605438232422,126.78458392871347,125.29109291147152,125.3081650264583,18653800
2021-08-16,127.0832061767578,128.0305061092843,126.99785867854104,127.32216354512484,19170900
2021-08-17,127.03204345703124,127.56116165280037,126.8784205156184,127.05764511023273,14126900
2021-08-18,127.45870971679688,127.56111629318788,126.69062132726611,126.91251960571252,13144000
2021-08-19,128.39755249023438,128.40609505875096,127.851362015705,128.2780737308751,15474300
2021-08-20,128.48287963867188,128.7047650073293,128.10737130540082,128.5170108406938,12388400
2021-08-23,128.39755249023438,128.440226266193,127.94523911393075,128.18419663264933,10615000
2021-08-24,127.39898681640624,128.07319829163643,127.39898681640624,127.80862621796526,13835900
2021-08-25,126.34074401855467,127.47579825053316,125.94817670355609,127.33926045786546,16743800
2021-08-26,126.6906509399414,126.7930705624714,125.88843117816928,126.28101151642888,16657400
2021-08-27,127.55265808105467,127.5782597394691,126.58828554008964,126.79311182961162,15384700
2021-08-30,127.88545989990234,127.9281206381927,127.10029916898704,127.15151549490156,10596300
2021-08-31,127.01496887207033,128.0902773521872,126.73333767013888,127.73184119214824,15262400
2021-09-01,127.22774505615234,127.6549992222404,126.88594693878684,127.55246239478323,10807100
2021-09-02,127.78319549560548,127.7917489254246,127.1081395169084,127.52685337633125,9765900
2021-09-03,126.62102508544922,126.90301437005962,126.4159514521042,126.6979407367146,12928000
2021-09-07,125.55294799804688,126.05711800423228,125.32224005356076,125.83493741340808,15547800
2021-09-08,126.4073715209961,126.62955196221657,125.94594290395668,126.17666373185554,14533700
2021-09-09,127.93702697753906,128.082291873005,126.3391000886472,126.61253605694596,20324600
2021-09-10,126.80908203125,127.46705736121544,126.60400829426058,127.23633636833476,14894600
2021-09-13,127.57810974121094,127.74046842724808,127.27902657864108,127.35592920715432,15036100
2021-09-14,129.12472534179688,129.51780482259608,127.81732893287608,127.94549993815872,19918400
2021-09-15,128.67185974121094,129.24437873027378,128.11642153002214,129.21020413576392,11940300
2021-09-16,128.0822296142578,128.5607521052532,127.74897194811749,127.8942367729725,13328900
2021-09-17,127.46703338623048,127.62939208998782,127.0654133418092,127.4755737774095,13782900
2021-09-20,129.04782104492188,129.3468910662427,128.37275232260146,128.66329499536124,14660400
2021-09-21,128.936767578125,128.996589422701,128.3471547159353,128.78296232995186,10035800
2021-09-22,129.70587158203125,129.70587158203125,128.55229264476267,128.8513628705279,22277800
2021-09-23,126.77487182617188,128.56079132444106,126.75777800663307,128.53515711451482,23853300
2021-09-24,125.53582000732422,126.33905991168244,125.3905551580538,126.3305064837028,20203900
2021-09-27,125.07437896728516,125.501633128451,124.65567823415046,124.80948347356428,13464300
2021-09-28,123.12609100341795,123.96351847898002,122.74156489745152,123.33117767802194,26613500
2021-09-29,123.3397216796875,124.27113257312132,122.78429651466114,123.73280122450298,23569400
2021-09-30,123.32264709472656,123.48499272308968,122.75011504578072,123.13465422108273,22567600
2021-10-01,124.3604965209961,124.403265743511,123.3765563521072,123.93269985330132,26151800
2021-10-04,124.04389190673828,124.45458602080096,123.29097880825432,123.77866011764496,28027600
2021-10-05,122.8460922241211,123.8043525786409,122.74342520194205,123.71880107859776,22659200
2021-10-06,123.53911590576172,123.8214632610364,123.23110179594548,123.40221784466168,18696500
2021-10-07,122.24717712402344,122.6407427382645,121.9990477514942,122.51240896303764,14856000
2021-10-08,121.39156341552734,121.79369325077428,121.0921005832147,121.71667994325782,17257800
2021-10-11,121.08354949951172,121.40866602763988,121.02365171084963,121.1519985199902,7213400
2021-10-12,123.15408325195312,123.21396798522184,121.90491147664206,122.0332582856163,17968700
2021-10-13,124.3519287109375,124.51449352890904,123.70168249436918,123.7273492492786,23584600
2021-10-14,124.81389617919922,124.88234517769924,124.01818799503415,124.37753544567558,12946400
2021-10-15,124.08670043945312,124.1808162285984,123.60757026028382,124.06103368380606,11811500
2021-10-18,124.66847229003906,124.91658853662976,123.65031444530804,124.06099546446104,12115900
2021-10-19,122.94876861572266,123.8300287707654,122.90598633478172,123.77014402170342,12156300
2021-10-20,122.11883544921876,122.93164652238032,121.93060386739374,122.56374764765228,12782500
2021-10-21,121.97337341308594,122.47817030468455,121.69102606982302,122.34983653743647,13660000
2021-10-22,123.31664276123048,123.54764350792097,122.52949864343864,122.73483264049683,13740000
2021-10-25,123.12848663330078,123.4621676381882,122.88892145314178,122.92313945516884,8137900
2021-10-26,124.14661407470705,124.14661407470705,122.98300646745284,123.73591982133269,13671000
2021-10-27,126.40533447265624,126.78178448561486,124.85669993174542,125.2588297496456,22092300
2021-10-28,125.97754669189452,126.91014014087388,125.63530158081304,126.44811250474292,17497600
2021-10-29,126.36251068115234,126.62774237701122,125.19035264901058,125.31868635497104,19087300
2021-11-01,125.4526824951172,125.72681430552444,124.81873225863244,124.90440580235516,18035500
2021-11-02,126.00961303710938,126.42083065997085,125.50417274829375,125.50417274829375,9836700
2021-11-03,124.70745086669922,126.77204862224512,124.67317619884832,126.63498916670856,20639400
2021-11-04,126.0181884765625,126.24092155206124,124.94733375827748,124.964458021961,15922400
2021-11-05,127.90289306640624,128.14276348298432,126.90057459599988,127.234680752802,21513000
2021-11-08,127.66302490234376,127.88575798682268,127.22610779361533,127.61162596530689,12083800
2021-11-09,129.3249969482422,130.0189087602082,129.05085184763652,129.18792439793936,23430200
2021-11-10,126.9605484008789,129.29929173311706,125.95822982991967,129.2136311882927,28170600
2021-11-11,126.77204132080078,127.35459299311292,126.69494293051028,127.2260826040071,5552500
2021-11-12,126.21519470214844,127.22607506235929,125.72687878201144,126.78917113798998,12712000
2021-11-15,124.63037109375,125.89827268754956,124.4076379839004,125.83829853953678,15232700
2021-11-16,124.31339263916016,125.40138477693006,124.09065954649682,124.81027083537036,12998700
2021-11-17,125.2986297607422,125.32432924167728,123.75660861678196,123.85084440419855,14239900
2021-11-18,125.76969909667967,125.84679747229806,125.03295078399267,125.06722544334694,11054600
2021-11-19,127.09756469726562,127.30317344335369,126.42935261242046,126.42935261242046,14022100
2021-11-22,125.60698699951172,126.4808082221086,125.18722026203612,126.27519938386266,15266000
2021-11-23,123.79083251953124,125.170094221347,123.79083251953124,125.01588431075474,15318500
2021-11-24,125.77835083007812,125.77835083007812,124.03927028836073,124.16778073120548,13769700
2021-11-26,128.9566650390625,129.0851624337592,127.36323198500904,127.50030458732742,20064800
2021-11-29,127.92003631591795,128.1941683452695,126.93484206403988,127.05477727787328,23234200
2021-11-30,129.86463928222656,130.27585674443998,128.71668661210586,129.21356457498317,31481100
2021-12-01,130.66580200195312,130.72584902430413,128.4786009918761,129.07901886401535,30826500
2021-12-02,130.8287811279297,131.22334035016496,129.31060435345557,131.1718658611262,17754200
2021-12-03,132.38986206054688,133.05030090264054,129.81668700077216,130.09972474004363,34427100
2021-12-06,130.57150268554688,132.38988899750376,130.31418250964424,132.13256882160113,30924200
2021-12-07,129.51644897460938,130.82876691388103,129.39636802225257,130.13401189754217,22115900
2021-12-08,127.27780151367188,129.07044347170466,127.25207081286518,129.06187093405035,33633900
2021-12-09,127.98969268798828,128.5214778633517,127.35497163931728,128.09261547345434,17544900
2021-12-10,127.68092346191406,128.86458795940834,127.63803460125187,128.5901097214445,14298700
2021-12-13,129.5679473876953,129.7823786558698,128.92465358317185,128.9932731595292,17860500
2021-12-14,129.25914001464844,129.4564130773609,128.066902925297,128.97608922666444,14015500
2021-12-15,128.01541137695312,129.33630165529175,127.91248860114084,128.32419279223024,25383900
2021-12-16,128.06520080566406,128.70063698956636,127.71313428069438,127.73031177285053,18677900
2021-12-17,129.5164337158203,129.64523219301955,128.94111201334414,129.0956701859832,18093500
2021-12-20,128.5460662841797,129.67954492448516,128.4602050282274,129.4476946384977,17147300
2021-12-21,128.05662536621094,128.11672693804675,126.75999324306504,127.20651634456756,16598200
2021-12-22,128.64910888671875,128.68345076611342,127.96215337554612,128.57181672855424,12253900
2021-12-23,127.53289794921876,128.46028657931998,127.11213428939816,128.4516912764569,11642500
2021-12-27,127.84201049804688,127.95363149706634,127.36114529508713,127.48136159582708,7821800
2021-12-28,127.33535766601562,128.6148127269534,127.09492509253091,128.46025454511005,9174600
2021-12-29,125.94427490234376,126.49383691279914,125.7210198396122,126.15036556973646,11771200
2021-12-30,127.00045776367188,127.06057245325609,125.75535780571263,126.44231357297714,10355000
2021-12-31,127.24945068359376,127.97074814504076,126.59683698768544,126.9231438356396,13402300
2022-01-03,123.90918731689452,126.17613237559355,123.89200981799586,125.72102692422314,33860400
2022-01-04,123.39395141601562,123.7631955309336,122.56961501042498,123.3166723347273,21996400
2022-01-05,122.72422790527344,123.78901043183748,122.54390996851625,123.7718329274712,20911700
2022-01-06,123.04188537597656,123.17069694798666,122.18319397293996,122.44080401436914,18996400
2022-01-07,122.15741729736328,122.99894418921996,121.55633601931508,122.90448762391316,18756800
2022-01-10,122.4580078125,122.62974350947424,121.38464332816864,121.63365812339224,13775800
2022-01-11,123.27375793457033,123.33387263285782,122.5352826707992,122.68985396454325,24388700
2022-01-12,122.80144500732422,123.6601363556513,122.7928628107734,123.56567978323172,14440600
2022-01-13,123.89200592041016,124.01222220373371,122.81864156838095,123.12777102586904,15166000
2022-01-14,122.0200653076172,123.18788625178104,121.7538599409848,123.15353125491583,22997500
2022-01-18,120.30267333984376,121.34168262194692,120.23397645384324,121.04114848610996,21171700
2022-01-19,121.13561248779295,121.68517450687402,120.48299858210216,120.67191175452928,17930500
2022-01-20,121.88262939453124,121.92556657447464,121.15273664325662,121.3931691278344,13959000
2022-01-21,123.33380889892578,123.73739477072016,122.50945966433248,123.1363005088398,28916600
2022-01-24,122.32056427001952,123.9692498751735,122.3033867765295,123.90914830184111,25001600
2022-01-25,122.12312316894533,123.40257839888658,121.76247426108009,122.88735818616806,15599000
2022-01-26,120.64615631103516,122.42365401354536,120.63757411292852,122.15744864112976,23655500
2022-01-27,122.86158752441406,123.11060230670188,122.21756886727069,122.28626576301048,21501800
2022-01-28,122.90447235107422,123.18784201178144,121.80534869277275,122.01142618958708,12826500
2022-01-31,122.26910400390624,122.7499692333966,121.8998728821886,122.08877299154996,13998400
2022-02-01,121.86320495605467,122.41353219371128,121.29567630198612,122.34473964889966,20806100
2022-02-02,122.27593994140624,123.45399416114712,122.04376675637184,122.0609681717762,18404600
2022-02-03,121.32144165039062,121.65679702230236,120.53894140898552,120.76252040414872,17234100
2022-02-04,119.53289794921876,120.50457454570048,119.335127595179,120.25521306633168,23609800
2022-02-07,119.6103515625,119.79092058237714,119.13741083284796,119.44697084490734,12962400
2022-02-08,118.81063079833984,119.16318775260194,118.50967810537706,118.84503363920606,16269200
2022-02-09,119.0341796875,119.84247576087412,118.82781515529383,119.28355432503244,14349100
2022-02-10,117.14241027832033,118.51823481993377,116.80705485041688,118.37205559452306,30896200
2022-02-11,118.87937927246094,119.10294517182372,116.39430633546854,117.6927309985968,43210300
2022-02-14,117.400390625,118.44085984156035,116.9188559240862,117.91632815931426,23157400
2022-02-15,116.06757354736328,116.807077083089,116.03318383165318,116.60071254715292,18198500
2022-02-16,116.75546264648438,117.00483723875276,115.66340241870952,116.9016418705432,16473700
2022-02-17,117.6239242553711,118.29464811411148,116.85862543284424,117.33156585594126,24508200
2022-02-18,118.86217498779295,118.98255864159395,117.94210273106414,118.25166257238588,17522600
2022-02-22,119.1717529296875,119.24054547385587,118.20868355300236,118.3978597692564,19534000
2022-02-23,117.52935028076172,118.5354296292409,117.43477530562105,118.3892372911419,17757800
2022-02-24,117.60678100585938,119.84247994817903,117.15963596906026,119.61031984133542,28150400
2022-02-25,117.69274139404295,118.07109381164068,117.09941720470437,117.68414724667416,15025400
2022-02-28,120.27240753173828,120.4185867679491,118.93959298957026,119.03416797696885,25817700
2022-03-01,121.66294860839844,122.54980413455442,120.54361243670112,120.85358225135252,35664400
2022-03-02,117.50421142578124,120.90526127106423,117.4525519713446,120.4058646478212,30397400
2022-03-03,118.70104217529295,119.42430084560782,117.97778350497812,118.38246676679536,20649100
2022-03-04,120.75025939941406,121.24965592543175,119.94949859690288,120.85357828817268,25853100
2022-03-07,119.82897186279295,121.09468097561532,119.484566761135,119.7859179405326,23710900
2022-03-08,118.62356567382812,119.03685450988188,118.17582843747768,118.3996904865453,28331300
2022-03-09,117.46112060546876,118.25326264717636,117.21142894138416,118.02079517523146,18819200
2022-03-10,115.77356719970705,116.3848883311318,115.13640319990674,116.0921426304998,26868900
2022-03-11,116.1610336303711,116.62598194085923,115.55831799151032,115.661636918682,15583800
2022-03-14,113.44876861572266,114.42173209348132,113.41433336030504,114.25813506926922,24385000
2022-03-15,113.25077056884766,114.6456287536113,112.95802482556434,114.39593694627357,17518800
2022-03-16,114.3614730834961,114.62838902611104,112.2089082066486,113.50905266250768,25857700
2022-03-17,113.50907135009766,114.80921602000632,112.85469624955964,114.36149191142452,19330600
2022-03-18,114.89529418945312,114.98138889352175,114.1462058868166,114.1462058868166,55891700
2022-03-21,112.23474884033205,113.37129637387862,111.71812796440156,113.03549674598818,26122000
2022-03-22,110.79681396484376,111.36509425027316,110.5040682923062,111.03791332023089,21830900
2022-03-23,113.22491455078124,113.31102240268324,110.9518065256325,111.3909250386201,21266100
2022-03-24,112.33808135986328,112.94940256089902,111.58899282347272,111.6320336198319,17141600
2022-03-25,110.7795867919922,111.52006953366696,109.909948861587,111.50284533831316,25684500
2022-03-28,111.72672271728516,112.415546106007,111.10678298125684,111.40814731951431,17657800
2022-03-29,112.57056427001952,113.26799335367522,111.70953811474752,112.415572730198,19319700
2022-03-30,113.44876861572266,113.66402509216748,111.92476222200644,111.9936458710543,16310200
2022-03-31,113.72429656982422,114.232298671393,113.36266728710348,113.63818872899036,19901000
2022-04-01,114.1572036743164,114.65736521470764,111.85474474139704,112.11343764303318,23489700
2022-04-04,113.36384582519533,113.81225561803063,112.71708726725645,113.7691357491674,13609900
2022-04-05,110.80267333984376,112.77743687931071,110.6301938761329,112.7601863012725,25196900
2022-04-06,109.9058074951172,110.6388056074718,109.00034968794378,109.02621897112492,22952000
2022-04-07,109.0780029296875,109.23322527253592,108.14667545176624,108.75031424108272,23458800
2022-04-08,107.89659118652344,108.5088552472533,107.1549740810379,108.181159989983,26859200
2022-04-11,106.18917083740234,107.09463578782916,105.68900912042048,106.8617989358128,30020700
2022-04-12,106.04253387451172,107.0687262218395,105.783827820493,106.9738677739772,23124200
2022-04-13,106.25812530517578,107.189459250616,105.97354994754096,106.11152827094035,17189500
2022-04-14,104.12813568115234,106.00804762783804,103.80906573333874,105.94768375437803,34274500
2022-04-18,103.6107177734375,104.41269861342964,103.21403999805628,104.23160701461435,18784300
2022-04-19,102.83462524414062,103.2399283837238,102.3344636429882,102.74839207339656,26012300
2022-04-20,104.90425872802734,105.18020883372124,103.4123991515397,103.6711052540144,31423200
2022-04-21,104.12813568115234,104.26611400858594,102.76562930400507,104.19712484486914,23323200
2022-04-22,103.47272491455078,104.72312851033205,103.31750262608024,103.5417140603526,19773400
2022-04-25,104.50758361816406,105.3699285435938,104.45583844880292,104.67142468016034,25418900
2022-04-26,105.55962371826172,106.09427325113916,104.99909831645331,105.5854930080244,26931300
2022-04-27,104.20573425292967,105.48200735107532,104.1453703848587,105.36990490442012,14560500
2022-04-28,104.3609619140625,104.40408178453708,103.4899984271588,103.81768707359272,16892500
2022-04-29,103.007080078125,104.31784781201048,102.71388601451574,102.88635233673664,26153400
2022-05-02,101.22160339355467,102.16315636101544,101.00565015253672,101.80899647273834,29233900
2022-05-03,101.90399932861328,103.06150534288624,101.83489272139344,102.82827878148022,21256700
2022-05-04,102.46549224853516,102.76782545631352,101.36844613554976,101.90401252530694,25575700
2022-05-05,99.65808868408205,100.60828148009948,98.4919360899477,100.50462156784764,48384500
2022-05-06,98.18960571289062,99.37303169757774,97.87863255764977,98.5955988094756,32790500
2022-05-09,99.0534210205078,99.08797432643094,97.28260857694002,97.48992182210954,26773000
2022-05-10,99.95179748535156,101.03156369263914,99.7531241938178,100.10728408281577,33640800
2022-05-11,101.87808990478516,101.87808990478516,98.85474492186556,99.11388482332296,34173600
2022-05-12,101.68804168701172,102.69870105962237,101.63621502904252,101.94718156722628,26405700
2022-05-13,100.18502044677734,101.19567993191065,100.11591383487868,101.04883332440292,20782700
2022-05-16,100.08135223388672,101.0142716460878,100.0727122605232,100.38368539792354,11050600
2022-05-17,98.87200927734376,99.64080211863327,98.78562931805575,99.08796247074795,15040800
2022-05-18,100.97970581054688,101.06608576235566,99.0015739393968,99.09659386349682,21337300
2022-05-19,101.22160339355467,102.55187614906974,100.9365435337222,102.4827695302552,21937500
2022-05-20,102.37045288085938,102.81099264704324,101.11792041426337,101.14383374281908,22780900
2022-05-23,100.6860122680664,102.14585792792028,100.6687389127878,101.6793982509782,15925200
2022-05-24,102.67277526855467,103.34654810184811,101.80896259194922,101.84351588985756,23388200
2022-05-25,103.07878112792967,103.32928762621052,102.43955492250888,103.32064765306468,14410800
2022-05-26,102.6123275756836,102.87146747225314,101.7571547133769,102.81100083735002,14912900
2022-05-27,102.86283111572266,103.43294414399176,102.56913133299048,103.104697648344,11190400
2022-05-31,100.6860122680664,101.26477182060852,100.1418126068181,101.22157854685956,28393700
2022-06-01,100.57096099853516,101.54014860880984,100.1123266326594,101.27189226697958,15544800
2022-06-02,100.62286376953124,100.99496441093808,99.91327726755716,100.92573484925904,9832000
2022-06-03,100.4065399169922,100.43249935560824,99.40273754529797,99.59310896251417,15330400
2022-06-06,98.55464935302734,99.95651785329925,98.4854198118082,99.64499151990547,20815400
2022-06-07,99.61908721923828,100.19021474511322,99.15179746056091,99.17775690236031,14278700
2022-06-08,98.73641204833984,99.62772129673576,98.71910795705332,99.23831652288544,11476100
2022-06-09,99.06525421142578,99.26428098071368,98.37297168724376,98.5114242308229,15527300
2022-06-10,98.45081329345705,99.1777103330026,97.75853762951547,98.96137295012842,21917100
2022-06-13,95.3615493774414,96.6336146939116,94.5308143263394,96.47785145919902,36968300
2022-06-14,94.1586685180664,96.03648178185344,93.96829058884532,95.64707058060338,21865900
2022-06-15,95.9153289794922,96.04513271620688,94.34904860218718,95.26631689801104,25202800
2022-06-16,96.67684936523438,96.67684936523438,93.5615924157636,93.84715273957951,26067300
2022-06-17,96.9883804321289,97.63739260321849,96.01918654654824,96.92780622691096,21614300
2022-06-21,95.34422302246094,96.0711135466583,95.02404128084424,95.26633812224335,17663800
2022-06-22,97.96623229980467,98.05276594369302,97.24799051155333,97.51625339032913,23703800
2022-06-23,98.77099609375,99.662305064755,98.20851757161203,98.56331405247046,20669200
2022-06-24,97.40374755859376,98.79696092409895,97.35182869595911,98.1825635085801,18161300
2022-06-27,96.572998046875,97.1095170867799,96.19224877535152,96.24416763008372,12053000
2022-06-28,97.02300262451172,97.0749214894984,95.94131558999784,96.304760849092,13706600
2022-06-29,98.53734588623048,98.5633053138272,97.06624783552112,97.2479704307908,12925400
2022-06-30,99.4027099609375,100.18151931167996,99.2988656331949,99.39405461643558,25802100
2022-07-01,100.4232406616211,101.95793932614598,99.9030041625533,100.49260729220772,21858800
2022-07-05,101.21227264404295,102.0966740435561,100.7267128381768,101.35099929202896,16689700
2022-07-06,99.5128173828125,101.91458559207966,99.5128173828125,101.7845248193295,20205400
2022-07-07,98.63709259033205,99.85964802826484,98.42032683185349,99.79895388049746,13088000
2022-07-08,97.54458618164062,98.41164916992189,97.15441048298032,98.41164916992189,15320000
2022-07-11,99.22667694091795,99.53014762232772,98.58504565432052,98.66308475249144,13639900
2022-07-12,99.81632232666016,100.77876304992476,99.68626151794406,100.1544764602215,18547300
2022-07-13,100.9608154296875,101.14289786152632,98.36829235858062,98.64575224735864,20594800
2022-07-14,100.13711547851562,100.71805278253024,99.25271402796818,99.78162304771544,15665000
2022-07-15,100.70069122314452,101.29029429808008,100.232476432887,100.44056969016854,16022600
2022-07-18,99.65157318115234,99.9897272977012,99.00127578545576,99.92903313870951,15838300
2022-07-19,99.11394500732422,99.84228118786484,98.55035948823412,99.63418797135212,9276800
2022-07-20,99.37409973144533,100.18914114024598,98.8885465254362,100.12844698949483,9117300
2022-07-21,101.09088134765624,101.2036037817914,99.7209267084339,99.87699832748028,14754900
2022-07-22,102.7903289794922,103.414608829417,102.28743081426153,102.5648907303946,17715300
2022-07-25,101.78453826904295,101.91459905897923,100.98684179301144,101.19493508780955,24868100
2022-07-26,101.86257934570312,103.388605690424,101.7932127077158,103.05912408273429,13536000
2022-07-27,101.29029846191406,102.73829207092976,101.1949210035798,102.32210553925808,15725600
2022-07-28,102.0966567993164,103.11111880789932,101.72381948652549,102.35677831620868,16637900
2022-07-29,101.81919860839844,103.44927451090672,101.73249363973105,102.05330268531692,16655900
2022-08-01,104.2713851928711,104.3235013915969,102.56885422022856,102.71652120140972,17974600
2022-08-02,102.0650634765625,104.83602349079668,101.88265011582445,104.36695772296096,17896300
2022-08-03,103.67201232910156,103.79362119910792,101.04872675543888,101.77837997547708,16731200
2022-08-04,103.63726806640624,103.84574609960912,102.96841926797664,103.3506223683287,11003000
2022-08-05,101.17034912109376,101.72627735162004,100.66653709118329,101.69153100881373,19492300
2022-08-08,102.80335235595705,102.95970753158647,102.11712723109363,102.18661989297006,17476300
2022-08-09,102.40382385253906,102.81208513394158,102.03030891712694,102.26484509576528,8223200
2022-08-10,101.73493957519533,103.2898032253845,101.39617110345873,102.26480956989832,14665300
2022-08-11,99.36354064941406,101.682803460931,99.10294649269284,101.51776668037996,20663800
2022-08-12,100.37117767333984,100.38854752674598,99.39830020295622,99.98028638625298,12178400
2022-08-15,100.28430938720705,101.41354205669978,100.28430938720705,101.04871548736295,9031800
2022-08-16,100.70127868652344,100.77945298376171,99.23327725130429,100.11060414103764,11066000
2022-08-17,99.65019989013672,99.9802801015896,99.29405495943466,99.94553376977584,14131300
2022-08-18,99.79788970947266,100.44936866917094,99.53729547471866,99.86738238903196,10738200
2022-08-19,98.19091033935548,98.4514979488823,97.93031610264188,98.3559537977532,16330900
2022-08-22,97.86084747314452,98.12143512906708,97.40046335602432,98.0345725770929,10457200
2022-08-23,97.32225799560548,98.57309955193946,97.0616637956406,97.45255509558788,17813200
2022-08-24,96.60999298095705,97.17460943630267,96.29728253267903,96.844522503572,13971600
2022-08-25,97.95638275146484,98.23434686886894,96.41020693420532,96.69685929417474,21429700
2022-08-26,98.6947021484375,99.01609413052223,97.29619372688909,97.54809967028694,18764400
2022-08-29,97.87821197509766,98.16486434539108,97.40045802460864,98.1040598996186,14278300
2022-08-30,98.12142181396484,98.5991757257734,97.46994282178248,97.82608785189194,14346600
2022-08-31,97.18328094482422,98.4514924633149,96.92269334981692,97.88688269387256,13623500
2022-09-01,95.404052734375,95.96986277740176,94.82954272355164,95.63908468881844,22490400
2022-09-02,95.94373321533205,96.23969145862264,95.29087711739558,95.4736760278743,13024400
2022-09-06,93.56732940673828,94.85563496421712,93.50639643963292,94.79470199711176,24648500
2022-09-07,95.0471420288086,95.29958050843408,94.1940738341709,94.28982658993212,17050100
2022-09-08,94.07220458984376,95.33439030239003,94.05479801722448,94.74246721540666,14671400
2022-09-09,94.28111267089844,94.70765005573558,93.68918960900528,94.2985258839748,12529800
2022-09-12,93.5063934326172,94.78599234187531,93.07115606980533,94.55966705367852,14806900
2022-09-13,93.7239990234375,93.78493198007274,92.47922007400804,92.75777168165408,22158900
2022-09-14,94.04608917236328,94.19406828028896,93.24525402702956,93.43675288606542,13077800
2022-09-15,93.98518371582033,94.17668927210184,93.64569900830196,93.8807243284312,10260200
2022-09-16,93.20173645019533,94.05480467522165,92.94059135405372,93.16691666129672,18903800
2022-09-19,93.41934204101562,93.85457937938062,92.9666981312417,93.10597062609725,11084400
2022-09-20,92.48796081542967,93.0015378335951,91.74805845714558,92.00049698243244,20133800
2022-09-21,94.0373992919922,94.04610590024087,92.2442231821436,92.87966611917706,23132900
2022-09-22,91.63487243652344,92.23550212888998,91.16482192384854,92.08752301781844,29030600
2022-09-23,92.00917053222656,92.64461996738682,91.01682993357775,91.69579911779066,23042200
2022-09-26,90.25084686279295,91.75677151151172,89.8504291659607,91.7132451057094,25104600
2022-09-27,87.87443542480469,89.64150498860023,87.8309156660448,89.4064730547513,34609500
2022-09-28,90.816650390625,90.92110313111137,89.20627310989313,89.77207649738517,39283100
2022-09-29,90.3465805053711,90.72959154347124,89.48481231084149,89.57185846281088,19127100
2022-09-30,89.18016052246094,91.27800844680216,88.98866160229285,90.76442474666833,26485700
2022-10-03,90.59716796875,91.33883659222197,90.00383173856238,90.61461609740984,27192200
2022-10-04,90.34413146972656,91.31266575779262,90.1347206298084,90.87638929135026,13788700
2022-10-05,89.48031616210938,89.7333506833756,88.6339386553009,89.63737597427023,20522100
2022-10-06,88.98295593261719,89.7333453717999,88.59030309693162,89.51520712654711,13965700
2022-10-07,88.11909484863281,88.66880730727198,87.66537037610485,87.96203509717145,14814800
2022-10-10,86.74921417236328,87.70030036576739,86.20823559463969,87.69157297214419,15652600
2022-10-11,87.13314056396484,88.04059645626836,86.37401707963042,87.02843181048912,33246700
2022-10-12,87.56071472167969,87.72650196454333,86.54855644322173,86.62708303801854,21447600
2022-10-13,86.72303771972656,87.5868632817486,85.8068544535769,85.82430924063635,30292500
2022-10-14,86.00753784179688,87.42107591587465,85.72832118412042,87.42107591587465,18728200
2022-10-17,85.58871459960938,86.95862910474376,85.4578369843869,86.63578212074354,18969900
2022-10-18,85.7894058227539,85.91156270325398,84.52420670741002,85.46655883454618,16931500
2022-10-19,84.22750854492188,85.004079892115,84.04427328225201,84.80339650506883,25431600
2022-10-20,82.78780364990234,84.05300914884668,82.66564679580416,83.70398671268792,25434900
2022-10-21,81.29576873779297,81.95891094152239,80.50174889791116,81.16488444458889,46280300
2022-10-24,80.62389373779297,81.62733095954229,80.14398695350613,80.99036437831164,31332600
2022-10-25,82.9710464477539,83.09320996996867,82.40389242679542,82.52604929196032,31213100
2022-10-26,84.16645050048828,84.36714059316954,83.56438687949469,83.56438687949469,24843900
2022-10-27,85.0477294921875,85.4229274933996,83.95703840227446,84.62018044891562,20270000
2022-10-28,84.46312713623047,85.18734101605516,84.1228320226723,84.51547818230075,22244100
2022-10-31,83.86105346679688,84.30605727642121,82.91869480772762,84.07919167544902,23956700
2022-11-01,84.64479064941406,85.2133474850907,84.15496035329255,85.17835865344811,17585100
2022-11-02,84.27742004394531,85.39703599087773,83.93628726865926,84.76725702580633,25010500
2022-11-03,83.82257843017578,84.30365986131841,83.17529503975217,83.24527270467972,29097500
2022-11-04,82.41429138183594,83.67386237800498,82.41429138183594,83.1840255053637,23561400
2022-11-07,81.59208679199219,82.97411561079544,81.55709796036507,82.92163570007341,14522800
2022-11-08,82.48428344726562,83.0615824724485,82.02068644378117,82.0469330719852,20360600
2022-11-09,82.75544738769531,83.11407126356055,81.95072421281141,82.06443292009789,15637500
2022-11-10,85.93934631347656,86.0967927110647,84.53107761100418,84.60980414651671,45380900
2022-11-11,85.62445831298828,86.044317621213,85.3183143764897,85.34455433198426,15943100
2022-11-14,85.41450500488281,85.71189997109491,84.92466818783464,85.64192900303249,13741100
2022-11-15,86.79656982421875,86.85779861786929,85.81690245237208,85.93936003967316,26608200
2022-11-16,88.69466400146484,88.73839503816498,87.24265744489279,87.48757260541394,28507700
2022-11-17,87.75869750976562,87.96862374862891,87.27760959420932,87.64498218057878,24528900
2022-11-18,87.15519714355469,88.24857326857263,87.07647726580377,87.99490920675588,14941300
2022-11-21,87.52255249023438,88.18732691042133,87.29513510639529,88.07361821850178,15534000
2022-11-22,88.76461791992188,88.88707546741975,87.93364836368823,88.03861483587319,18103100
2022-11-23,90.31283569335938,90.31283569335938,89.28943760722389,89.34191750699415,23234600
2022-11-25,90.00672149658203,90.03296145511821,89.59561101701377,89.75305744166889,9486100
2022-11-28,90.26038360595705,90.80269386651682,89.82303317727957,90.627756364421,14563200
2022-11-29,89.20196533203125,90.0591681368548,89.14073656025813,89.350662824418,16576400
2022-11-30,89.85800170898438,89.85800170898438,88.66840827789507,88.88708344282419,21581700
2022-12-01,92.72860717773438,92.77244233079192,90.39636030091084,90.44020214329436,53156800
2022-12-02,93.8947296142578,93.90349932113092,91.7203105625746,92.32529323961757,24479500
2022-12-05,92.57952880859376,92.93024340346962,91.9745529889905,92.7987245942256,20159700
2022-12-06,93.77197265625,94.15775945458154,93.10562215463747,93.37742284110244,21754500
2022-12-07,95.98147583007812,96.16559953361234,94.8679572129042,95.017015468521,30546700
2022-12-08,95.71841430664062,95.96391251687798,95.10466878104722,95.3063251583174,13377300
2022-12-09,93.22836303710938,94.84164097956982,93.17575149423767,94.63998458142488,25872200
2022-12-12,93.52648162841795,94.78905183740731,93.1670039207246,94.56985599219811,16897100
2022-12-13,94.42955017089844,95.63951529634085,94.21912407099218,95.60444316480228,23854700
2022-12-14,94.8328628540039,94.97314467088542,93.71934457629992,94.39447130609744,19517500
2022-12-15,95.20288848876952,95.90601442619338,95.0622673245883,95.26441150538118,20246200
2022-12-16,94.13941192626952,94.77222390570144,93.43628601456616,93.691168989921,20838300
2022-12-19,92.5573959350586,93.0232140719661,92.26736265533756,93.01442985823678,26126800
2022-12-20,90.91382598876952,91.23901615608158,90.6149951613557,90.8610871924583,28869000
2022-12-21,91.14234924316406,91.75758611456554,90.49196210985932,91.6609061305668,15894100
2022-12-22,91.12476348876952,91.5114833796801,90.86108961669322,91.11597257156562,11322500
2022-12-23,89.78885650634766,90.36013887331455,89.6658037489857,90.1579946619128,15408900
2022-12-27,88.01347351074219,88.8308547542359,87.89921836904149,88.32108866571133,26475700
2022-12-28,87.49492645263672,88.57597499526845,87.31914156791484,88.46171984933002,17302900
2022-12-29,88.4880599975586,88.76051810722082,87.70583592971707,87.76735894497969,16593000
2022-12-30,87.5036849975586,88.37380483428014,87.33669778794503,87.77614981256998,20810200
2023-01-03,89.1736068725586,89.94704004655155,88.62868393068491,89.8239940121778,25313200
2023-01-04,90.39529418945312,90.94900811816024,89.83279604685085,90.7204911522572,21678200
2023-01-05,90.77322387695312,90.78201479641504,89.45486758895204,89.53397245309566,14771100
2023-01-06,92.44314575195312,92.54861667190684,90.21072823756911,90.26346034479246,27473700
2023-01-09,92.93531799316406,93.10231191853104,91.6433278886022,91.76638063211364,21472200
2023-01-10,91.39722442626952,92.1267163503534,90.96656334690296,91.8718333875227,20545200
2023-01-11,92.88258361816406,92.9177405860912,92.02125466771356,92.2585625248454,18794000
2023-01-12,94.710693359375,94.75463453442096,91.89819664173388,93.00561751767091,32029600
2023-01-13,93.82301330566406,94.7458652990698,93.49781637249592,94.13062840163056,17750800
2023-01-17,93.2165756225586,93.74392349743914,92.85622839393078,92.8738035271903,13911700
2023-01-18,95.47537231445312,95.59841838081084,94.14823164080826,95.3259601918056,35497200
2023-01-19,94.87769317626952,95.2468379876978,94.42945692143792,95.00953012995777,17194700
2023-01-20,93.33963012695312,94.2536913659033,93.2605319618601,94.00759924493735,22754100
2023-01-23,92.90016174316406,93.33961379815634,92.71559268472808,92.78590662284832,12961500
2023-01-24,94.23609924316406,94.43824343229964,92.6277031211433,93.26930606843511,16417200
2023-01-25,94.46460723876952,94.84253623646492,93.72632437339703,94.36792725990522,11906500
2023-01-26,94.02516174316406,94.6140258694113,93.59449391455996,94.16578290957106,15549400
2023-01-27,93.78787231445312,94.0075983783626,93.26053110217188,93.33084505194466,11845500
2023-01-30,93.445068359375,94.18335116948047,93.33081325904544,93.5681143768084,11459700
2023-01-31,94.1921615600586,94.288841558556,93.04959012269096,94.02517432170512,13705300
2023-02-01,95.3244400024414,95.6857141946351,93.77358755683235,94.76930841420209,25305800
2023-02-02,95.44780731201172,96.35540632692044,95.24513637261396,95.97650504933408,19548400
2023-02-03,94.02035522460938,94.38163630293604,93.47403692261572,94.08203654008476,20619500
2023-02-06,93.32420349121094,93.67666417008924,93.12153255037504,93.1832138414544,15182400
2023-02-07,92.57521057128906,93.60617892906512,92.52234281239272,92.81312893183612,18290300
2023-02-08,93.01580810546876,93.03343517643836,91.9848463047548,92.55760510162628,13530700
2023-02-09,92.1346206665039,93.94982534322524,91.98482421302752,93.81764923372884,20469900
2023-02-10,91.1036605834961,92.02888664214484,90.8657489607684,91.99363923085993,16598300
2023-02-13,91.87027740478516,92.01126032832252,91.27108485354955,91.38563389909594,13134300
2023-02-14,91.6587905883789,92.3725388896414,90.88336772188757,91.81740057501987,15440300
2023-02-15,90.80409240722656,91.59713584751896,90.31944877348508,91.2446750841704,15246900
2023-02-16,89.517578125,90.07271655741734,89.28847999116066,89.94054042004379,19267300
2023-02-17,90.21371459960938,90.21371459960938,88.97127483506179,89.08582392114502,19560900
2023-02-21,88.46019744873047,89.1739392995306,88.36326871309603,89.0065224384192,22728000
2023-02-22,89.2708511352539,89.60569823960414,88.95363110100499,88.98887851845014,15165400
2023-02-23,90.14320373535156,90.39873573040468,89.41183499707671,89.47351629290971,15829100
2023-02-24,88.97123718261719,89.70260579586854,88.60995628109933,89.38538583645243,21403600
2023-02-27,89.21798706054688,89.61450875837953,88.91839408400801,89.25323447944987,14209200
2023-02-28,89.62332153320312,89.63213506854352,88.36325488983499,88.61879363264477,14955700
2023-03-01,88.66049194335938,89.24349056186999,88.29832072301004,89.05799069510194,19000000
2023-03-02,87.87432861328125,88.02449421900562,87.34432125772126,87.50332211652456,23763600
2023-03-03,90.003173828125,90.01200908193987,88.83716967955293,89.1551714236475,30877300
2023-03-06,89.30530548095703,90.4006406905616,89.20813794130515,90.29464463953892,16631900
2023-03-07,89.85298156738281,90.42715158726756,89.11097547140136,89.6233122115645,23096500
2023-03-08,89.9413070678711,90.9571452202734,89.58797117929791,90.45364376933613,20252400
2023-03-09,90.1621322631836,90.55963088654744,89.50846531435293,89.70280037086712,21550400
2023-03-10,93.271484375,93.35982340374296,91.86698277703324,91.89348178992743,43921500
2023-03-13,93.48348236083984,96.37198910007343,92.78564587426732,95.5769850812363,51502500
2023-03-14,91.94649505615234,93.28917033946664,91.6461638744748,92.87400109711712,38417800
2023-03-15,93.72201538085938,95.14418789864096,93.05951290633963,94.32268456066356,45164100
2023-03-16,92.98884582519533,95.4268568568984,92.78568217049228,94.85268668872564,43089300
2023-03-17,94.3844985961914,95.1618389875118,94.03999791888252,94.20783400143075,38129000
2023-03-20,93.55416870117188,94.48166795037052,93.3863326154168,94.41099941538708,24242800
2023-03-21,92.75032043457033,93.12132009887137,92.343986506147,92.82098896281484,18934900
2023-03-22,93.98698425292967,94.03114702461193,92.25564590287073,92.44998096837182,26388500
2023-03-23,93.98698425292967,94.11948604661872,92.5913112728046,93.06831368649246,25475100
2023-03-24,94.3844985961914,94.89683535604853,93.86333332412188,94.59649745776863,23652700
2023-03-27,92.16732025146484,93.42166310912314,92.15849173944036,92.79449504995507,22224500
2023-03-28,92.33515167236328,92.46765347858982,91.88464822692178,92.07898331081113,17794300
2023-03-29,92.14964294433594,92.26447423767615,91.51363972729824,91.60197200981544,16804400
2023-03-30,92.57366943359376,92.79450356226232,92.10549541978524,92.27333151415664,14315800
2023-03-31,93.96050262451172,94.12833197086609,92.82099777089428,93.05949565219912,25396700
2023-04-03,94.4023895263672,94.84517747607472,93.60536986561202,93.76477379776306,18234800
2023-04-04,94.87174987792967,95.46509090422038,93.64965748910232,93.6762236867973,18052400
2023-04-05,95.86360931396484,95.96988087438002,95.11972866028626,95.43852982871336,23047700
2023-04-06,96.11155700683594,96.41265634390248,95.98757691404629,96.01414311158574,16447300
2023-04-10,94.56179809570312,95.42966549250846,94.36697030725244,95.32339394706038,19134400
2023-04-11,94.75662994384766,94.83632853904209,94.32269960505808,94.80091144545024,13971200
2023-04-12,94.65921020507812,94.9071703833733,93.76477662787784,94.80090559633716,20563000
2023-04-13,93.9153289794922,95.10199746872264,93.76477593828469,94.80090489912376,22079400
2023-04-14,93.05632781982422,93.47254962137868,92.78179466511736,93.3308542181224,19801900
2023-04-17,91.9493408203125,92.62237359213437,91.84306928751604,92.47182732131164,19528800
2023-04-18,92.2770004272461,92.62237446658594,91.9227754940619,91.93162638790623,15922600
2023-04-19,92.18846130371094,92.31244140461706,91.63940850152922,92.02020645614336,16093900
2023-04-20,92.97661590576172,93.2334337387356,92.764079572283,92.834927268912,16450100
2023-04-21,92.45413208007812,93.39284044075276,92.33900288054816,93.25115179971152,15244700
2023-04-24,93.34854888916016,93.41938981872184,92.84376419393736,92.95003572289066,17034300
2023-04-25,94.72122192382812,94.87176824418286,94.1190298859995,94.16331139500252,21899900
2023-04-26,93.71166229248048,94.96917872838962,93.57882452667948,94.57067218739611,19610400
2023-04-27,92.78179168701172,93.22457967336196,92.64010304471203,93.16258962552926,20247600
2023-04-28,94.27843475341795,94.54411029713587,93.74709042239188,94.05704071912297,26954100
2023-05-01,91.5599365234375,93.59302431601328,91.30247054724654,93.45985132509249,32487300
2023-05-02,93.84162902832033,93.84162902832033,92.23469313106676,92.33235289234902,30057800
2023-05-03,94.36542510986328,94.64064433225248,93.46873416879345,94.10795912585472,23656200
2023-05-04,93.4332275390625,94.50747803389751,93.35332780049823,93.41547429942388,25110500
2023-05-05,93.12250518798828,93.13138519550505,92.43001361782562,92.64308638400004,15096500
2023-05-08,91.81739044189452,92.21690936219092,91.72861071742604,91.90617016636304,20587000
2023-05-09,91.48893737792967,92.01274268032616,91.44454411315049,91.8884496670978,19182500
2023-05-10,92.37670135498048,92.54538077346614,92.01269573519892,92.03932897109364,22886800
2023-05-11,93.35332489013672,93.68181061416276,92.97156590193497,93.48649789038572,19147200
2023-05-12,92.57205200195312,93.44210978118848,92.55429876188978,93.26455028671296,14198500
2023-05-15,91.61319732666016,91.86178326339868,91.55105084247552,91.79075677477088,20085300
2023-05-16,91.33799743652344,91.35575745047691,90.65438591544913,90.91185193008926,29251700
2023-05-17,91.07164764404295,91.58657961370416,90.86744814798426,91.51555311303504,21340900
2023-05-18,90.3969268798828,90.7875659354906,90.33478037316895,90.73429266297784,25536600
2023-05-19,89.75767517089844,90.43241331038936,89.60674895271707,89.89972815751094,29038000
2023-05-22,89.43807220458984,90.29924990019695,89.37592570972437,89.89085768058676,20131100
2023-05-23,89.69552612304688,89.89084558733576,89.02966800758513,89.16284098536929,21749500
2023-05-24,89.25164031982422,89.98852508844658,89.25164031982422,89.91749858156383,18473400
2023-05-25,89.0296630859375,89.49132848027338,88.80771039305336,89.40254198435281,22492800
2023-05-26,89.74878692626953,89.81981341305503,88.78107644428694,88.88761617446517,17030300
2023-05-30,90.64550018310548,90.76979317908656,89.89086220080313,90.02403520320007,23125200
2023-05-31,91.43566131591795,91.60434758877912,90.44131724042728,90.54785023510928,23787000
2023-06-01,91.79439544677734,92.24837756653378,91.3582069594561,91.93681921234914,21040400
2023-06-02,90.78849029541016,91.74987609609136,90.74398584386476,91.68756443075809,19136500
2023-06-05,90.6193618774414,91.18907046833807,90.09415773777792,90.21878106757018,14433200
2023-06-06,91.15348052978516,91.215792206779,90.25440622619097,90.65498032237092,14332100
2023-06-07,89.80038452148438,91.1801513121958,89.7113688427361,90.94870511428157,25251100
2023-06-08,90.85079193115234,90.92200719551768,89.72918207897469,89.79149373742901,23845100
2023-06-09,90.72618103027344,91.03773936518228,90.2098804801603,90.44132672529072,22147400
2023-06-12,90.9932098388672,91.06442509335476,90.01402385977465,91.01101025675884,19010300
2023-06-13,90.09415435791016,91.09114775030834,89.88051534220406,90.89530915613533,25910800
2023-06-14,90.81520080566406,91.05555066871804,90.31670744742271,90.46803481810846,29094200
2023-06-15,91.68757629394533,92.24838135450584,91.33150667820048,91.71428032662014,25732000
2023-06-16,91.3314971923828,91.53623940739676,90.82410024987088,91.18907343575503,16759100
2023-06-20,91.96350860595705,92.27507370201214,91.78547722946412,91.78547722946412,17162900
2023-06-21,92.18605041503906,92.26616928778246,91.10004137014202,91.51842257184448,19720100
2023-06-22,91.07337188720705,91.91013460799633,90.97545255641406,91.50956046672631,23630700
2023-06-23,91.98130798339844,92.5332092783918,91.66974970534392,92.42639317817948,22901900
2023-06-26,92.07925415039062,92.39971612750276,91.83000745518407,92.23948513894668,12894900
2023-06-27,91.83889770507812,92.53322967535333,91.47393129646844,92.21276772115512,18105700
2023-06-28,92.2305679321289,92.43530334809196,91.53623601458108,92.0525365450774,23826800
2023-06-29,90.5659637451172,91.1000647987376,90.30781343105026,90.9487374119801,41091600
2023-06-30,91.6341552734375,91.74097138903524,90.68167309107244,90.85080087125624,32024900
2023-07-03,91.11468505859376,92.16793108373663,91.09682962214772,91.79304182676096,16011800
2023-07-05,90.24888610839844,91.04328283540926,89.91862861127152,90.94509835815136,28170300
2023-07-06,88.97249603271484,89.59730016102257,88.78505479422252,89.43663526947856,41375700
2023-07-07,88.43693542480469,88.90107459208481,88.35659958613216,88.52619217122164,28996500
2023-07-10,88.55296325683594,88.83858891432476,88.23163354092941,88.24056125799704,24665200
2023-07-11,89.00817108154297,89.23131631317143,88.6243610107479,88.87428258059548,20485500
2023-07-12,89.99897766113281,90.25782706551928,89.05283681513453,89.34739029011104,31928000
2023-07-13,90.9450912475586,91.016499372682,90.17747092711598,90.4273925551943,32441500
2023-07-14,90.4095458984375,90.98972501046072,90.36491411679964,90.7933560670202,18569000
2023-07-17,90.45415496826172,90.58804347978372,90.07927258388214,90.35597732365498,18822000
2023-07-18,90.86474609375,91.10573996096944,90.65944947290554,90.86474609375,15407400
2023-07-19,91.89122772216795,91.9180108772522,90.80228442695947,91.043278343887,27192500
2023-07-20,90.77550506591795,91.31998014120596,90.400622597316,91.23965110215728,56951200
2023-07-21,90.80227661132812,91.3556725247344,90.71301305510484,91.18608674958726,20657500
2023-07-24,90.4720230102539,91.17716291334514,90.4184703221228,91.03434666519088,17546700
2023-07-25,90.30245208740234,90.59700556251268,89.97220135154087,89.9989777020318,17160600
2023-07-26,90.39167785644533,90.76656706430404,90.0882035751604,90.7576393472507,19310700
2023-07-27,88.63329315185547,90.0881976831636,88.28518711792375,89.89182877995036,44794400
2023-07-28,89.08853149414062,89.13316328013694,88.49943141614486,88.72257672641761,27434000
2023-07-31,89.30277252197266,89.5526942264332,88.91896224444946,88.94573859709084,28663800
2023-08-01,87.83935546875,88.53748661268678,87.6245474618364,88.46588166750777,34943400
2023-08-02,86.89955139160156,87.03380894437319,86.29092989913268,86.8548034264262,38121300
2023-08-03,84.8946533203125,85.31532376136266,84.61719274371438,85.198970867962,59394800
2023-08-04,86.3982925415039,86.53255003532392,85.14523398021674,85.1631386213233,42071800
2023-08-07,85.54805755615234,86.10297884673194,85.47645260619889,86.02242839950222,35862900
2023-08-08,86.5415267944336,87.1501550201517,86.31776651775225,86.69368214370769,24010500
2023-08-09,86.98906707763672,87.07856984288487,86.67579715633325,86.71159962815717,20151100
2023-08-10,85.5569839477539,87.1412106757381,85.5569839477539,86.85479776850681,37253200
2023-08-11,85.36009979248047,85.80762048732254,85.20793756648001,85.29744716834755,26753500
2023-08-14,85.1721420288086,85.86132089515064,84.93942935517896,85.2168900011756,19072000
2023-08-15,84.6529769897461,85.20789802350521,84.63507234623216,84.84988709667509,24125000
2023-08-16,83.99066162109375,84.84095484501364,83.88326104908617,84.38448192811443,23076700
2023-08-17,83.63265991210938,83.78481529179271,83.25673738240164,83.6863602040863,32244900
2023-08-18,83.92801666259766,84.30393918476254,83.50735300284718,83.62370590933695,24181700
2023-08-21,82.80921936035156,83.02403419230392,82.54966338849992,82.93453142663542,29254100
2023-08-22,83.4446792602539,83.4894272151329,82.75549383462933,82.91660149516042,21308700
2023-08-23,85.5122299194336,85.52118224269955,84.33972823060266,84.4023808362206,38294700
2023-08-24,84.94837951660156,85.52120544584504,84.93047486521186,85.14528288152223,22300800
2023-08-25,85.22582244873047,85.48538521096376,84.59034402889958,84.72460157193366,23865200
2023-08-28,85.31533813476562,85.61965573368468,84.93047009498828,85.61070340849265,16037300
2023-08-29,86.20142364501953,86.38043599851187,84.9752214595565,85.00207160542458,28478100
2023-08-30,86.1119155883789,86.28197560658549,85.81655034474305,86.06716762422424,17550100
2023-08-31,86.49678802490234,86.86375822435276,86.30883017711908,86.40728526338026,26959700
2023-09-01,85.14928436279297,86.0200794192256,84.942811279804,86.00212791818022,32469700
2023-09-05,83.95530700683594,84.64655965238259,83.92837633087247,84.63758047736017,29435900
2023-09-06,84.16178894042969,84.48497075788924,83.90144765141483,84.4670124074171,23636300
2023-09-07,84.39521789550781,84.4490792604228,84.09896669026459,84.38623871832019,18091500
2023-09-08,84.7183837890625,85.19417735359997,84.53883452473433,84.72735611545082,17052100
2023-09-11,84.10794067382812,84.36828200335027,83.98225959738363,84.11691300135631,17061500
2023-09-12,84.59268188476562,84.60165420894315,84.00915890541256,84.28745163516916,20034300
2023-09-13,84.57476806640625,84.86204012069014,84.22465546428234,84.31442669703867,23332300
2023-09-14,83.96427917480469,84.5747328924131,83.84757730566749,84.33234997986561,27800600
2023-09-15,83.45260620117188,83.91942754583621,83.45260620117188,83.90146919075377,25642900
2023-09-18,83.92838287353516,83.9642927273204,83.32690823311694,83.3538389111798,17963400
2023-09-19,83.30896759033203,83.87453245068795,83.30896759033203,83.56032975049021,24941800
2023-09-20,83.56929779052734,84.02713990109902,83.52441560657628,83.74884707364605,29451200
2023-09-21,81.42373657226562,82.02521813192924,81.41476424460123,81.95339841598357,59958700
2023-09-22,82.07905578613281,82.24064667578315,81.39678237993105,81.52246342198096,29524500
2023-09-25,80.0591812133789,80.83122589236683,80.0322505372218,80.4900925792039,45587900
2023-09-26,79.7809066772461,80.45420113160276,79.63726723941276,80.28363101145202,38104100
2023-09-27,79.36795043945312,80.45419796111642,79.08067157510736,80.38237824502998,47111200
2023-09-28,79.6103286743164,79.65521770647088,78.19192018713304,78.65874146476273,60238000
2023-09-29,79.61930847167969,80.33748504802102,79.11657733422554,80.13998426356812,49010100
2023-10-02,78.28644561767578,79.18701441260094,78.0883193834651,79.0879512954956,44704300
2023-10-03,76.6023941040039,78.03430233378027,76.44929902866562,77.72810531230773,71362600
2023-10-04,77.68309020996094,77.72811454116137,76.88158428414748,77.24180641693802,56281600
2023-10-05,77.29583740234375,77.6200427856461,77.12472709704637,77.54799561806868,35758800
2023-10-06,76.3592529296875,77.16976647385125,75.70183447975556,75.8279136009814,62787900
2023-10-09,78.15137481689453,78.16939004410156,76.50333193805,76.99864762430252,29424900
2023-10-10,78.0433349609375,78.50262033415792,77.01667968877888,77.31386919201432,54743900
2023-10-11,79.67333984375,79.67333984375,78.88984234700526,79.11498459506794,58517700
2023-10-12,77.51199340820312,79.42120265069276,77.38591426557436,79.295123508064,66986700
2023-10-13,78.89885711669922,79.09698341229137,78.50260452551491,78.88984950213681,44183800
2023-10-16,77.6290512084961,77.78215317244384,77.35888460954672,77.62005046475551,38309800
2023-10-17,76.77350616455078,77.11571990622582,76.09807942410019,76.4493007794708,52949100
2023-10-18,76.09807586669922,76.29620213396352,75.51270467818084,75.99000511979257,63724600
2023-10-19,74.54008483886719,76.16111160738146,74.5130688711912,75.53971686765175,87696900
2023-10-20,74.96336364746094,75.23353710302824,74.54009510677716,74.73822139142032,52188800
2023-10-23,75.86394500732422,76.42230036658188,74.22490939166836,74.57613081853765,70890400
2023-10-24,76.86357116699219,76.86357116699219,75.72885217929264,76.04405686034032,46267700
2023-10-25,75.15249633789062,75.76488366339505,74.86431447122958,75.66582050259304,60737200
2023-10-26,76.30520629882812,76.38625420224854,75.10744800689314,75.17949516824159,49704100
2023-10-27,75.98101806640625,76.5213581566981,75.41365513142235,75.818915352239,32362300
2023-10-30,75.63880157470703,76.09809376861305,74.96337470693828,75.47669885161064,45026900
2023-10-31,75.26957702636719,76.3412497255943,75.2425610491057,75.98102753437725,37269200
2023-11-01,76.90157318115234,76.91965026752337,75.92561734876902,75.94369443514005,72308500
2023-11-02,78.65467834472656,78.8986638558843,77.91367637366997,78.32935973359065,69739400
2023-11-03,79.18782043457031,80.47102444802927,79.14264151578973,80.2541408180889,77692300
2023-11-06,78.41973114013672,78.79926725388808,78.25707182075915,78.68179375993331,41341900
2023-11-07,79.5763931274414,79.97400621198732,79.15167131338318,79.1697483959827,37834200
2023-11-08,80.9319076538086,80.98613202256027,79.92884301176379,79.95595864333409,53893400
2023-11-09,79.07034301757812,80.45294334095503,78.38355867922573,80.37161715458546,88975100
2023-11-10,79.51314544677734,79.91075857292651,79.31433888370276,79.7300290943429,36516400
2023-11-13,79.33241271972656,79.46796327030765,78.5281548525028,78.81732614302834,25661500
2023-11-14,81.13069915771484,81.46505627431793,80.68790711256084,81.32950571924167,65666800
2023-11-15,79.99207305908203,80.5523453916873,79.80230506603509,80.4348719372449,56205300
2023-11-16,80.98613739013672,81.29337895774093,80.65178018916505,80.69696601705479,49473900
2023-11-17,81.36567687988281,81.71810428990979,81.0042109250273,81.47411873465636,44091400
2023-11-20,81.8626708984375,81.92593380576365,80.97708671730811,80.98612526041018,40477800
2023-11-21,81.82653045654297,82.05244577321548,81.23011071122112,81.78134463545312,27721000
2023-11-22,82.1156997680664,82.52234457032807,81.6729007943107,82.34161507918692,31197500
2023-11-24,81.1488037109375,81.56448716466264,81.13976516570284,81.41989801846783,20199600
2023-11-27,82.5042724609375,82.54041284281503,81.51927814226902,81.60061123746344,39804400
2023-11-28,82.66694641113281,82.71212534368249,82.04341785019996,82.15185969821978,44989300
2023-11-29,83.70616149902344,83.76941752767048,82.9380506099121,83.23626055684392,61647800
2023-11-30,82.73921203613281,83.3988877039676,82.37775309448965,83.10971641402065,60520900
2023-12-01,84.29753875732422,84.36099506577678,82.61140608562054,82.77458043824409,64172200
2023-12-04,83.96209716796875,84.15246601932714,83.48163454362665,83.84424484364007,33766300
2023-12-05,85.76610565185547,85.77517281459886,84.82332129688544,84.87771044090836,73588600
2023-12-06,86.90833282470703,87.07150718563948,86.00181013424215,86.19217906929346,61606100
2023-12-07,86.40973663330078,87.09869576719372,86.174038813455,86.28282401866508,47970200
2023-12-08,85.70265197753906,85.86582633083863,85.13154519910007,85.59386676993304,44809200
2023-12-11,85.52134704589844,85.61200484765237,84.78706588198234,85.22219981525583,33909700
2023-12-12,85.77516174316406,85.84767828709496,85.12246443426109,85.34909506006251,36996900
2023-12-13,87.78764343261719,87.91456295689024,86.13777261168877,86.27375238209541,70828500
2023-12-14,90.07125091552734,90.07125091552734,88.59795050637562,88.81622185932444,87798600
2023-12-15,90.17131042480467,90.35319632118818,89.6529279877593,89.75296731232089,59941300
2023-12-18,89.45281219482422,89.58013365712496,89.14359797316577,89.58013365712496,34746000
2023-12-19,89.9348373413086,90.27133382260168,89.72566929122175,89.90755515551474,30018400
2023-12-20,90.54415130615234,90.66238334782136,89.65290096857115,90.13490469337528,51229400
2023-12-21,89.97122955322266,90.7988193813774,89.80752947512033,90.70787643543213,65231200
2023-12-22,89.5619888305664,90.38048233743972,89.34371741946454,90.38048233743972,29244200
2023-12-26,89.81660461425781,89.91664391269408,89.56196165042016,89.61652601738525,24019700
2023-12-27,91.40813446044922,91.4263202708096,90.48959492098366,90.74423789703334,45082800
2023-12-28,90.74423217773438,91.46269306544998,90.54415358387682,91.02615732080622,36213000
2023-12-29,89.9257583618164,90.78063735406369,89.85300816512697,90.15311920541389,41616200
2024-01-02,89.40737915039062,89.71659351689065,89.12545391445144,89.33462895106933,47797400
2024-01-03,89.78025817871094,89.8984833289345,88.35243224476783,88.56160035197128,58159500
2024-01-04,88.41606903076172,88.79803350959321,88.27965116303591,88.59795489539549,52604500
2024-01-05,87.5702896118164,88.83441514878203,87.4975324880411,87.76127185785064,45894800
2024-01-08,88.43424987792969,88.56157136372684,87.38838886873825,87.51571729303599,39485800
2024-01-09,87.87039947509766,88.37058904349679,87.84311035231174,87.88858528512101,34374000
2024-01-10,87.46116638183594,88.26148098033768,87.41569837687702,88.14324890273963,48227800
2024-01-11,87.95226287841797,88.0613985749688,87.04281955600004,87.46116265169205,78858900
2024-01-12,87.77945709228516,88.4615395115653,87.55209628585844,88.01591427374927,38883900
2024-01-16,86.23339080810547,87.11555168786128,85.95146567937935,86.96094803265663,61716700
2024-01-17,86.09700012207031,86.39711809226289,85.63318901013864,86.03333936522662,55506800
2024-01-18,85.29667663574219,86.0151375801489,85.04203365564884,85.9060019007514,77339100
2024-01-19,85.56951904296875,85.64227617414477,84.81468635714887,85.22393307763558,47030900
2024-01-22,86.07882690429688,86.46988787884848,85.84236965634628,86.23343063089787,35756400
2024-01-23,85.39673614501953,85.47858272005655,84.96929663937522,85.38763976829237,35786700
2024-01-24,84.89651489257812,85.97875443880648,84.6691541098243,85.9514722550361,54574900
2024-01-25,85.45128631591797,85.68774350197867,85.09660400607758,85.48766487827356,57019400
2024-01-26,85.28759002685547,85.55132941172278,85.02385064198816,85.4240079070974,29276900
2024-01-29,86.26978302001953,86.55170819337548,85.5967969907984,85.76958648164509,38243600
2024-01-30,87.0519027709961,87.16103151254632,86.16064539683111,86.8336383493948,40151400
2024-01-31,87.90678405761719,88.13414486024271,87.30654820820527,87.5066268246759,80646700
2024-02-01,89.63116455078125,90.02348365652412,88.67318089314806,88.88302194922807,84291200
2024-02-02,87.65132904052734,88.15313500093181,87.3046311702282,87.83380013840559,63823300
2024-02-05,85.88131713867188,86.53822412878858,85.78095596180266,86.33750177505013,53827400
2024-02-06,86.7207260131836,86.81196157338941,85.95433199363521,85.98170196561425,33411500
2024-02-07,86.30101776123047,86.88494057818923,86.23715218199177,86.28277343608774,40120200
2024-02-08,85.79920959472656,86.03642756116994,85.45251176748265,85.78095831070958,50087700
2024-02-09,85.62586212158203,85.77184455880608,85.45251667841063,85.5437522212628,27951300
2024-02-12,85.7262191772461,85.89044593079893,85.30653013168339,85.67147924633696,27890300
2024-02-13,84.2573013305664,84.9050826818742,84.23905700779126,84.72261161082207,49768500
2024-02-14,84.68614196777344,84.89599002856188,84.14784727056005,84.21171286109092,44191600
2024-02-15,85.12407684326172,85.507270361353,84.85036320986688,85.36128790065526,49598500
2024-02-16,84.63140869140625,84.71351861677651,84.2482081571948,84.37594630915052,33116800
2024-02-20,84.7043685913086,85.02370343804313,84.5948887223261,84.65875429950783,24469300
2024-02-21,84.10220336914062,84.759110386814,83.9471022568637,84.69524481347494,36343100
2024-02-22,84.51280212402344,84.63141463899774,84.18434847780414,84.23909539272626,45190700
2024-02-23,85.64411163330078,85.76271714047017,84.62225547636818,84.62225547636818,38406700
2024-02-26,85.38863372802734,85.79007842061,85.02369160112481,85.7627084571748,27855000
2024-02-27,84.78645324707031,85.27913335282066,84.71346205492436,85.06928541560686,30242000
2024-02-28,85.32476806640625,85.39775927603688,84.75910359383113,84.92333033508758,34574200
2024-02-29,85.92695617675781,86.03644301805355,85.56200699993195,85.5985026136972,51038600
2024-03-01,86.46236419677734,86.49897448239012,85.12612019405184,85.51967203601673,45832800
2024-03-04,86.11456298828125,86.17863621992882,85.73931981091543,85.757621460888,23864200
2024-03-05,87.3409652709961,87.56977425399853,86.91995758019515,87.15792087767255,37721900
2024-03-06,87.85350799560547,88.01825076674726,87.32267638432373,87.3958899627335,40571600
2024-03-07,87.7711410522461,88.22875909007564,87.38674357631658,88.19214880912563,39075000
2024-03-08,87.61553955078125,87.90841477208018,87.38673056593221,87.67960578723114,25023200
2024-03-11,87.56979370117188,87.87182330165574,87.28607273370389,87.82605870181361,17787900
2024-03-12,86.83759307861328,87.1396226480681,86.66370297901247,86.98403419690538,29566000
2024-03-13,86.41661834716797,86.70949371292846,86.22441954301573,86.48983893428297,38270100
2024-03-14,85.0895004272461,85.80338346040512,84.98882389870344,85.785081810987,58365600
2024-03-15,85.06205749511719,85.29086655273676,84.92477066400578,85.17188137384768,34997700
2024-03-18,84.8057861328125,85.1078087594585,84.65934499517996,84.8698523848523,29519500
2024-03-19,85.04373931884766,85.36407056703634,84.83323891976545,84.97967306920992,26953100
2024-03-20,85.01628875732422,85.84000272124831,84.46714844227414,85.20848751845685,43460100
2024-03-21,85.19935607910156,85.51054009689751,84.86987738775854,85.36409891612298,34276600
2024-03-22,86.01388549804688,86.22438587543515,85.83083410173448,86.20608422715229,30262300
2024-03-25,85.58373260498047,85.80338732136786,85.3915338553043,85.76677703818703,24011800
2024-03-26,85.82169342041016,85.91322262445564,85.37322964791845,85.58373704144601,34423000
2024-03-27,86.67286682128906,86.67286682128906,85.97729232499944,86.02304994615898,50157800
2024-03-28,86.59964752197266,86.96573639790792,86.3250738823235,86.48066235286575,34540400
2024-04-01,84.98533630371094,85.67403430615333,84.90268890040271,85.66484970449723,48945400
2024-04-02,84.51702117919922,84.66393977927572,83.87423216219392,84.08543596918958,43086300
2024-04-03,84.4986343383789,84.5261881380781,83.60792431042184,83.80075887353401,45494400
2024-04-04,85.10472869873047,85.17819151816175,84.51704015488029,85.0588126851359,47957400
2024-04-05,83.9201431274414,84.64557249985229,83.91095852617599,84.19562511901954,42495900
2024-04-08,83.91095733642578,84.1037919254771,83.68139134863165,83.77322334838767,37879800
2024-04-09,84.69148254394531,84.81085432880799,84.3333531777621,84.36090697962048,32522000
2024-04-10,82.84578704833984,83.83751394367091,82.68968383494486,83.74568193033363,74368900
2024-04-11,82.46929168701172,83.0478025194055,82.19381667683254,82.99270191273071,65751200
2024-04-12,82.91006469726562,83.51611534758648,82.90088009483378,83.23145572439024,47900100
2024-04-15,81.6244888305664,81.96424904277292,81.28472861835989,81.92751764098314,55993100
2024-04-16,81.08270263671875,81.33981539975076,80.61438610074052,80.85313666889769,45103200
2024-04-17,81.98262023925781,82.07444525091178,81.2296439344164,81.60613558973677,57947000
2024-04-18,81.56939697265625,81.97342838937459,81.3490085572113,81.94588158889364,43839500
2024-04-19,81.86325073242188,82.08363216776384,81.64286929707993,82.08363216776384,44826800
2024-04-22,81.72550201416016,81.83569622435672,81.40411099166874,81.43165779276816,24969000
2024-04-23,81.7530288696289,82.2213453914586,81.31226614797508,81.47755392004456,27222700
2024-04-24,81.1745376586914,81.38573445195156,80.34809867119942,81.32145625324652,48986800
2024-04-25,80.6052017211914,80.7153959081344,80.20116337486446,80.31135756180745,49282600
2024-04-26,81.02761840820312,81.36737863129744,80.85315300135905,81.03680301039454,31589800
2024-04-29,81.70713806152344,81.74386245833516,81.24800603759125,81.41329384643879,39228600
2024-04-30,81.00926208496094,81.47757874950535,80.89906786806834,81.19291210731598,41054700
2024-05-01,81.60635375976562,82.20531780592164,81.31148012585925,81.64321384279667,59679500
2024-05-02,81.95654296875,82.02104637373293,81.1179916736281,81.28385857649046,58925400
2024-05-03,82.78585052490234,83.04387111306843,82.26060663066305,82.86878747154128,50066100
2024-05-06,83.1083984375,83.16368506428688,82.62922423753297,82.8135247107296,23868200
2024-05-07,83.61518859863281,84.07592912412944,83.49539859292699,83.76262894135613,30525800
2024-05-08,83.1083984375,83.3571952883852,83.08075512410656,83.21897169107378,31171700
2024-05-09,83.51382446289062,83.6428312465863,82.76742706717386,82.81350393149765,39606700
2024-05-10,83.04387664794922,83.2834566645582,82.8964363020274,83.19130996352838,21913800
2024-05-13,83.25582122802734,83.49540829762879,83.21896113806226,83.4401216778528,23157500
2024-05-14,83.72578430175781,83.78107092530732,83.32033031481133,83.53227408899075,25746400
2024-05-15,84.86841583251953,85.0158561968583,84.4353185502038,84.65647909671195,65142900
2024-05-16,84.78549194335938,85.16329560080398,84.7209885369496,85.13565228810609,37902400
2024-05-17,84.21417236328125,84.59198305702293,84.16809548782939,84.44454267985229,24755000
2024-05-20,83.96537017822266,84.14966360762887,83.86400668294614,83.92851008627268,17922800
2024-05-21,84.39847564697266,84.56434257546101,84.25104228295243,84.52748950721467,15334400
2024-05-22,84.49982452392578,84.57354470833897,84.09437757034067,84.10358732063452,38073700
2024-05-23,83.95616912841797,84.5919935305873,83.68893868446774,84.5919935305873,51294700
2024-05-24,84.20494842529297,84.28788538798844,83.76264139206228,83.82714479400607,19164400
2024-05-28,82.99781799316406,84.18652967919402,82.96095789859598,84.15888636585402,45973700
2024-05-29,81.9933853149414,82.380405661072,81.71693819322391,82.3251120185231,45508400
2024-05-30,82.78585052490234,82.905647555565,82.41726374534943,82.56469705110216,29548600
2024-05-31,83.34796142578125,83.54147864056428,83.16366802069797,83.37561176385223,41308800
2024-06-03,84.69607543945312,84.76079923347422,83.78069405133651,83.80843181243633,42272100
2024-06-04,85.6854476928711,85.80565408982969,85.05669910399067,85.2508705286553,42581500
2024-06-05,86.3141860961914,86.3141860961914,85.42654237917178,85.99056709327256,43153900
2024-06-06,86.18472290039062,86.38814253809348,85.86110395602877,85.9165794738154,22891900
2024-06-07,84.60363006591797,84.90875960510515,84.51116849311254,84.90875960510515,35240500
2024-06-10,84.03961181640625,84.19679720779807,83.81770261359625,84.14132167068716,20586500
2024-06-11,84.90873718261719,84.94572321284534,84.06732086724547,84.16903068678191,30329200
2024-06-12,85.54672241210938,86.51758625624814,85.51898465445346,86.00903718467762,42554600
2024-06-13,86.80424499511719,86.90595483970522,85.94433898001478,86.19399298195472,33093800
2024-06-14,87.53469848632812,87.69188385391735,87.13710740371904,87.30354104421507,28776700
2024-06-17,86.66555786132812,86.73952288708566,86.24947020140857,86.47137938741284,31040200
2024-06-18,87.46073913574219,87.46998740999445,86.66556390920586,86.81350102541042,26881000
2024-06-20,86.87821197509766,86.91519801226501,86.30493898055164,86.36966983636846,30246300
2024-06-21,86.87821197509766,87.35902340390793,86.53609642207363,87.13710718090383,22596400
2024-06-24,87.22956085205078,87.22956085205078,86.67478445348034,86.96142445199403,56939100
2024-06-25,87.37750244140625,87.42373674592525,86.95217364641626,86.97991140738189,22890200
2024-06-26,86.12926483154297,86.42514607695412,86.09227879407091,86.24946416255317,38489100
2024-06-27,86.47137451171875,86.64705642851445,86.37891294396091,86.47137451171875,23140800
2024-06-28,84.86251831054688,86.70252955916528,84.86251831054688,86.66555057657774,55119600
2024-07-01,83.39789581298828,84.48315197382425,83.31441075926043,83.87095183583243,49735400
2024-07-02,84.04718017578125,84.23269148171096,83.55556884594512,84.11210984053692,34204700
2024-07-03,85.15099334716797,85.23447131355402,84.49241192059806,84.56661927525423,35563300
2024-07-05,85.85595703125,86.01364945672883,85.24376394006404,85.58696063108505,34895500
2024-07-08,86.04145050048828,86.12492845729632,85.54056152923397,85.83738383699927,16095700
2024-07-09,85.6611557006836,85.96725574073295,85.21592571225096,85.77246673619328,30289800
2024-07-10,85.93016052246094,85.9672642046172,85.57768615718207,85.75391980141963,23572500
2024-07-11,86.76496124267578,87.32150222881276,86.7000315789065,86.89482057021432,49761800
2024-07-12,87.13599395751953,87.13599395751953,86.57944587521537,86.7556865730652,27796500
2024-07-15,86.13421630859375,86.54234968373149,86.06000895369546,86.26407564126433,37918900
2024-07-16,87.34931945800781,87.3864231302702,86.62581554089584,86.75567485541328,36383700
2024-07-17,87.3678970336914,87.56268605496561,86.9041116277613,87.11744895147909,29036800
2024-07-18,86.70003509521484,87.32150577032618,86.61655005166695,86.89482409442275,34553100
2024-07-19,86.18986511230469,86.4124871688012,86.09710946049911,86.30117614055295,32164700
2024-07-22,85.9394302368164,86.74641224921305,85.61478189408194,86.6351082898773,36160400
2024-07-23,85.81884002685547,86.29190307625623,85.791014037503,86.08783638526755,23498000
2024-07-24,84.89128112792969,86.12495205758525,84.8449068314849,85.88378165493887,50757100
2024-07-25,85.5869369506836,86.13420728975196,85.29939232656419,85.36432198610089,44999100
2024-07-26,86.25480651855469,86.40322124309014,85.9950878274212,86.21770283742082,34423800
2024-07-29,86.7186050415039,86.90412347524956,86.46816400195307,86.88556809347267,25801300
2024-07-30,87.05250549316406,87.23802387224193,86.54234587350571,86.95974984202641,28169800
2024-07-31,87.94297790527344,87.97080389465035,87.41426287670316,87.68325923535161,47445300
2024-08-01,88.70145416259766,89.25985742827345,88.5246330888333,88.543243217506,77254200
2024-08-02,91.46553802490234,91.54930136835333,90.17191731257424,90.27429078768454,91912900
2024-08-05,91.9494857788086,93.01044078314617,91.111887854228,92.7777750874512,90686300
2024-08-06,89.8927001953125,91.58651300152636,89.8927001953125,91.34453872915404,61316900
2024-08-07,89.2598648071289,89.76241642715365,88.87828968406625,89.29708506755121,51337100
2024-08-08,88.71078491210938,88.78523964616296,88.26406360818201,88.52465517736962,37815800
2024-08-09,89.58560180664062,89.84618625076868,89.42738373665411,89.81826750323977,32141800
2024-08-12,89.91133117675781,90.10676950727796,89.23194422746958,89.37154506366782,24261400
2024-08-13,90.53487396240234,90.6093286887817,90.25567938907,90.55349119419394,30366900
2024-08-14,91.10256958007812,91.3538524810094,90.74892031625548,90.78614767566724,31334100
2024-08-15,90.36737060546876,90.36737060546876,89.53908115184495,89.72521800121785,38723700
2024-08-16,90.68376922607422,90.77683406929002,90.28358400989312,90.68376922607422,28541000
2024-08-19,91.10256958007812,91.3538524810094,90.65585546792244,90.6651569824808,25322100
2024-08-20,91.8284912109375,92.00531940435508,91.31663096217105,91.50276067074188,25239300
2024-08-21,91.88434600830078,92.32175158205892,91.40039735164108,91.82850140921296,29230000
2024-08-22,90.97227478027344,91.48414208210976,90.67446301385756,91.41899598009356,33453800
2024-08-23,91.5679168701172,91.82850133099166,91.16773156223312,91.38178714103373,32005100
2024-08-26,91.33523559570312,91.85640442864866,91.2793981065712,91.8471029140552,23198700
2024-08-27,91.17701721191406,91.27939066724096,90.65584842144412,90.73029603408824,21507700
2024-08-28,91.06534576416016,91.39107629619686,90.95367078197218,91.21425520760154,18501400
2024-08-29,90.76752471923828,90.86989817606371,90.39525824899964,90.61862239137824,24988200
2024-08-30,89.7996597290039,91.19565405562504,89.78104959548912,90.90715083358285,42896200
2024-09-03,91.26834106445312,91.55778314022686,90.96022117014527,91.09093740588185,48947900
2024-09-04,92.4448013305664,92.46347202701794,91.32436720894344,91.38972533177552,40885200
2024-09-05,92.96766662597656,93.0703732655584,92.2300494523895,92.75291443680518,47450900
2024-09-06,92.95832061767578,94.0974253526004,92.61285933228103,92.94898883188176,57406400
2024-09-09,93.35980987548828,93.46251650903176,92.58485135443377,92.80893531693744,26961400
2024-09-10,94.0134048461914,94.2188181278194,93.20109062979924,93.24777805689698,31703400
2024-09-11,93.93871307373048,94.52693622120135,93.6959512615275,93.82666751652104,39497100
2024-09-12,93.49986267089844,93.88267959056536,93.07970436133768,93.70527593281722,41618700
2024-09-13,93.75196838378906,93.93870383727588,93.3878221395382,93.7986486854103,25722100
2024-09-16,94.6109619140625,94.64831042908372,93.75196743907756,93.95737358644284,30866300
2024-09-17,94.1534423828125,94.90039839208649,94.06007466252836,94.7416725552534,31699400
2024-09-18,92.98633575439452,94.05075064879256,92.93965545214527,93.59323667164308,48897000
2024-09-19,92.67823791503906,92.72491822481872,92.2207238640842,92.36077904042747,39979800
2024-09-20,92.32341003417967,92.66887844270845,92.17402310312713,92.42611666580984,37067600
2024-09-23,92.12732696533205,92.51947563618752,91.5204261422462,91.96860114000955,35703900
2024-09-24,92.10867309570312,92.33275707376384,91.36171700416575,91.50177216176668,31005400
2024-09-25,91.34304809570312,91.80055497088836,91.30569957804497,91.7445357561518,36738200
2024-09-26,91.55777740478516,91.7351810522434,90.96021547213655,91.5671163134672,33332300
2024-09-27,92.03397369384766,92.21137736381102,91.69784417365446,92.0059640877484,28317600
2024-09-30,91.59513854980467,92.16469095846612,91.38972527146764,92.09933283567716,34175500
2024-10-01,92.2564468383789,93.0432859391276,92.16277738856908,92.54683142326662,45254200
2024-10-02,91.47900390625,91.54457325005646,90.9169727918832,91.1979883490666,35810800
2024-10-03,90.61721801757812,91.33848788084934,90.61721801757812,91.17924193467816,39677800
2024-10-04,89.50253295898438,89.88657986907432,89.36202520299193,89.399494414358,56954100
2024-10-07,88.8281021118164,89.24024914688319,88.76253277806568,88.96860986885977,42606600
2024-10-08,88.97796630859375,89.01543551792261,88.36910416341155,88.41594246170285,33709600
2024-10-09,88.47215270996094,88.90304509272266,88.26608275512407,88.67822981131957,35807700
2024-10-10,88.12557983398438,88.13494177799936,87.49798655191745,87.93823375585251,53667400
2024-10-11,87.76962280273438,88.11620767531895,87.50734544900418,87.56355284374771,27406400
2024-10-14,87.83518981933594,87.84455890929918,87.09519608223893,87.15139632897498,28795300
2024-10-15,88.9030532836914,88.98735366209316,88.39722957371366,88.48152995211541,46429100
2024-10-16,89.27771759033203,89.56810219146206,89.11847880209639,89.35265601297986,32281500
2024-10-17,87.86329650878906,88.46278962508562,87.74151977963648,88.32228186265199,43427200
2024-10-18,87.92884826660156,88.3128951175196,87.91947917857325,88.09745611851002,25258600
2024-10-21,86.39266967773438,87.19823280063115,86.39266967773438,87.13266345993529,49504700
2024-10-22,86.47696685791016,86.88912106792606,86.26152066271406,86.78608251542208,32096900
2024-10-23,86.24276733398438,86.52378279480759,85.85872049381402,86.0273211944839,33354200
2024-10-24,86.7954330444336,87.11391057750545,86.13973265540037,86.3926480107413,32507400
2024-10-25,86.3083724975586,87.15141208360676,86.1959648372445,87.10457377184514,28667100
2024-10-28,86.07416534423828,86.44885026866028,85.63391109403146,86.43011209185289,33156500
2024-10-29,86.20531463623047,86.23341475838946,85.2217746280588,85.39974445057287,46545200
2024-10-30,86.4582290649414,87.3855688184579,86.327090398647,86.96404555120762,41951100
2024-10-31,86.59871673583984,87.05770914581554,86.05543111944208,86.36453956008417,52173800
2024-11-01,85.37784576416016,86.956828731151,85.34025724860861,86.71246752684624,80402000
2024-11-04,86.70305633544922,87.0038146180256,86.12033402580114,86.73125130402778,49747600
2024-11-05,87.1635971069336,87.31397984427441,86.09214520063281,86.49628984393178,46986000
2024-11-06,84.77631378173828,85.26505044317396,84.16540371090764,84.2499886115546,98895700
2024-11-07,85.83838653564453,86.11094987938316,85.19927421910248,85.29325984816728,56221400
2024-11-08,86.92861938476562,87.03200571204641,86.31770213373628,86.46808485365115,56756200
2024-11-11,86.50568389892578,86.75005224297264,86.11093999975681,86.70305584851027,22369200
2024-11-12,85.20866394042969,86.32710497210526,85.06768192969865,85.87597114253747,57908400
2024-11-13,84.40037536621094,86.03574805939348,84.32518400383306,86.01694663347752,49009100
2024-11-14,84.88912200927734,85.55642935108337,84.8421256056475,85.11468897128282,53328300
2024-11-15,84.66354370117188,85.1992696457929,84.12781775655085,84.51316096622531,73722400
2024-11-18,84.81391143798828,85.14286467702038,84.04321791912328,84.26879200072484,36010600
2024-11-19,85.24624633789062,85.59400098333815,85.1710621521159,85.35903337251636,29585100
2024-11-20,84.97368621826172,85.36843006490047,84.69172223029572,84.729317906734,27755400
2024-11-21,84.90790557861328,85.3872415868414,84.58835302022355,85.01129191706725,28365700
2024-11-22,84.95491027832031,85.24626789481175,84.7293433226703,85.06769734146744,21547500
2024-11-25,87.1541976928711,87.20118691714208,86.45868833548673,86.65606028696831,56858000
2024-11-26,86.81583404541016,86.88162468856692,86.28950172951382,86.61846211593989,31122200
2024-11-27,87.4173583984375,87.76510589894264,87.09779869536897,87.44555336651705,39442200
2024-11-29,88.31964874267578,88.33844300114886,87.82151843073072,88.14107101928256,31905700
2024-12-02,88.53182983398438,88.79590572145777,87.71130215888208,87.96594470879478,39406000
2024-12-03,87.7679214477539,88.68276126267324,87.7019024505706,88.58844943748724,32768900
2024-12-04,88.71104431152344,88.83365614672692,87.27748601834537,87.343505008251,35851100
2024-12-05,88.89021301269531,89.02225094975098,88.3337684487504,88.39035408019485,23695800
2024-12-06,89.02227783203125,89.45611792701165,88.6733162098485,89.33351329001613,31761500
2024-12-09,88.20173645019531,88.69216931417014,88.15458414881283,88.64500981725868,30509600
2024-12-10,87.78677368164062,87.99426398021845,87.62644288565953,87.7301808394186,28706500
2024-12-11,86.9568099975586,87.9848281213879,86.87193152995057,87.777337828751,38748400
2024-12-12,85.90049743652344,86.53239439345059,85.8250451204796,86.42864925777253,45368400
2024-12-13,85.02337646484375,85.68356618250618,84.95735749307751,85.63641388583216,39486000
2024-12-16,85.27802276611328,85.46665354769284,84.92906841236609,85.40063457302215,23482300
2024-12-17,85.48551177978516,85.81560664831846,85.3157476766068,85.3723333124901,23839900
2024-12-18,84.41659545898438,85.56222128922509,84.39765543535914,85.18350027524822,61328400
2024-12-19,83.13839721679688,83.68754223396326,82.85436192148762,83.38456691819927,99083300
2024-12-20,83.61182403564453,84.17990925967791,83.59289123247848,83.82012098798961,45542400
2024-12-23,82.84489440917969,83.53606070659123,82.78808879310532,83.46978508000394,32764600
2024-12-24,83.19523620605469,83.2141690089594,82.35258561847488,82.40939125069262,22377600
2024-12-26,83.14788055419922,83.28043182462282,82.5608626255358,82.57033263728106,19981800
2024-12-27,82.46617889404297,83.11000240491583,82.42830607299139,82.82596708228199,27262300
2024-12-30,83.12895202636719,83.35618175541364,83.00586353786062,83.15735483956014,48519600
2024-12-31,82.68395233154297,83.58340842608797,82.61767669535021,83.44138714181703,31917300
2025-01-02,82.91118621826172,83.43192854558639,82.5703380082861,83.12895316155284,27841300
2025-01-03,82.64608001708984,83.20468792222994,82.54193155621583,83.05320384864211,21962200
2025-01-06,82.27681732177734,82.58926266001423,82.0590504190209,82.4188385867488,30231500
2025-01-07,81.34896087646484,82.15373850786526,81.22587961822794,81.99278442628567,41757200
2025-01-08,81.45309448242188,81.61404853465271,80.79980104001292,80.92288949930801,44590800
2025-01-10,80.91341400146484,81.28266490730385,80.62937873270441,80.74298995080832,47115800
2025-01-13,80.8850326538086,81.10279958544388,80.51578165001611,80.97971110184467,33258900
2025-01-14,80.75247955322266,80.81875518769736,80.3737585461519,80.69567393038788,33412900
2025-01-15,82.14425659179688,82.35255345992708,81.80340848458397,82.08744375826087,54120700
2025-01-16,82.40938568115234,82.75023389843011,81.6898164198434,82.03066463712116,34651100
2025-01-17,82.55139923095703,82.82597178153276,82.40937794983132,82.77862894665671,29875600
2025-01-21,83.28988647460938,83.47924333357506,82.96797114616633,83.21414084162264,30548600
2025-01-22,82.85436248779297,83.29935906600376,82.67446840974996,83.1952106232948,25278400
2025-01-23,82.21053314208984,82.36201717839909,81.92649064169636,82.03063907694059,31949000
2025-01-24,82.57979583740234,82.63660145618326,81.9927779571593,82.10639641822301,21110400
2025-01-27,83.55499267578125,83.72541674581639,83.17627171753634,83.46978425251442,42864200
2025-01-28,83.4981918334961,83.50765462095461,82.99638960512388,83.16680646139953,25519100
2025-01-29,83.3277816772461,83.90532964280212,82.96799343565199,83.72543552200507,25342800
2025-01-30,83.64022064208984,83.99053887443311,83.47926654486584,83.70650350700895,25094900
2025-01-31,83.091064453125,83.94318481518503,82.77861911645272,83.67807508426515,48790100
2025-02-03,83.76758575439453,84.66074696983264,83.42552154447414,84.1666582495439,70657200
2025-02-04,84.0241470336914,84.04314738279685,83.12148184105104,83.18799393683217,33414000
2025-02-05,85.41138458251953,85.68693670059243,84.93629622362276,84.993304506923,48331200
2025-02-06,85.3733901977539,85.6584461580566,85.08834148672541,85.38289399623712,22509900
2025-02-07,84.82229614257812,84.9933282896098,84.50874324741595,84.79379199295202,31171200
2025-02-10,84.56573486328125,85.06932740539229,84.42320689399402,84.8127828600942,22736100
2025-02-11,84.0241470336914,84.26169126852042,83.97663528701571,84.11916327776807,21513000
2025-02-12,82.88394927978516,83.2355101573109,82.53238115298365,82.94095758440538,48536200
2025-02-13,84.26168060302734,84.46121686511428,83.68207216346698,83.70107251016744,42718100
2025-02-14,84.7082748413086,85.21186745481187,84.67977069326496,84.9268114758262,27460700
2025-02-18,83.71057891845703,84.41370775668017,83.6535706273042,84.12865905164195,29429200
2025-02-19,83.81510162353516,84.04314204468982,83.51104531223753,83.56805360520762,20584300
2025-02-20,84.128662109375,84.33770218356521,84.04314242026341,84.04314242026341,27913400
2025-02-21,85.1453628540039,85.44941920868975,84.39472214259429,84.44223389303205,46912300
2025-02-24,85.39239501953125,85.57292368919998,84.81278656855369,84.87929865722616,26218000
2025-02-25,86.86517333984375,86.94118923419137,86.27606828183639,86.43759662036908,50125100
2025-02-26,87.37825775146484,87.47327398171164,86.65612135289649,86.86516140900368,32220200
2025-02-27,86.76065826416016,87.21674640708056,86.59912991638058,86.76065826416016,53373600
2025-02-28,87.82484436035156,87.87235610138448,86.91267547685574,87.27374006117475,49388600
2025-03-03,88.23473358154297,88.36817647759928,87.0909352518911,87.12906283249183,42904200
2025-03-04,87.14811706542969,88.4444256294062,86.99560675338918,88.11081841193251,56722000
2025-03-05,86.45230102539062,87.50079123476921,86.36651942940068,87.27202576794558,50215900
2025-03-06,86.16633605957031,86.5476044812678,85.52771563467893,86.24259119832787,42827500
2025-03-07,85.88993072509766,86.89075958721908,85.77554799819788,86.87169216335671,36903600
2025-03-10,86.785888671875,87.33872019882178,86.65244582687858,86.81448252836142,41440800
2025-03-11,86.16633605957031,87.20528505480343,85.91851049465339,86.7096411970599,40555700
2025-03-12,85.6516342163086,86.1472781286513,85.57537906915091,85.78507708778898,32734600
2025-03-13,86.4046401977539,86.46182792390697,85.19411333217774,85.38475120617348,38675400
2025-03-14,85.94710540771484,86.17587082679307,85.65162583151843,85.79460240041973,24658000
2025-03-17,86.37604522705078,86.90981672321149,86.14727978118941,86.54761567540119,26700300
2025-03-18,86.46182250976562,86.75730210584229,85.89945717889834,85.91851732905873,23654700
2025-03-19,86.90982055664062,86.94794813263259,86.14728358098446,86.43323676487842,31378700
2025-03-20,86.96701049804688,87.9201781058311,86.89076261621386,87.88205052886872,35645800
2025-03-21,86.45230102539062,87.15765030662565,86.37605314187464,87.05280128568779,29192100
2025-03-24,85.56584167480469,86.03289897697402,85.49912024193632,85.97570398302202,27985600
2025-03-25,85.55630493164062,85.86131819831658,85.31801308979722,85.37520080477087,22333800
2025-03-26,84.99394989013672,85.40381223331643,84.91769473975646,85.20364791763676,25095600
2025-03-27,84.7461166381836,84.86049207152438,84.47922365884483,84.6889216494231,23674500
2025-03-28,85.91852569580078,86.10915630433173,85.6039786468423,85.67070008703729,39869400
2025-03-31,86.766845703125,87.06232533286841,86.12822515467043,86.95748358690437,38824300
2025-04-01,87.51872253417969,87.92049728317886,87.2508775669989,87.289142176343,39800100
2025-04-02,87.4613265991211,88.36052664568555,86.72475296186118,88.36052664568555,43488400
2025-04-03,87.86309051513672,88.70489726480261,87.85352253891939,88.504006255376,57467400
2025-04-04,88.81968688964844,90.00586054407816,88.79099025822133,89.5849644527676,92794200
2025-04-07,86.14122009277344,88.1883289453534,85.90207179412413,87.89178009223397,124987600
2025-04-08,84.51502990722656,86.28472633132402,84.39067538600159,85.40466210828069,73861900
2025-04-09,85.012451171875,85.05071578055062,82.16179986047865,83.48189601776193,131353500
2025-04-10,82.66879272460938,84.35239900646174,82.60183148433144,83.93149561144169,78592000
2025-04-11,83.11837768554688,83.51058437767541,81.31041722752244,82.14265589003627,94814100
2025-04-14,83.71149444580078,83.90281021557863,83.0514426330783,83.60626858295433,37596400
2025-04-15,84.00801849365234,84.36196062170495,83.26187693018272,83.36710277100303,22553900
2025-04-16,84.47673797607422,84.6584930083608,83.6732032404995,83.9888807287152,35607300
2025-04-17,83.7306137084961,84.37152949338959,83.4436400860292,84.21847835438618,31758400
2025-04-21,82.26701354980469,83.29056796134412,82.24788489740824,82.84096799864635,39343200
2025-04-22,82.72618103027344,83.24273492261523,82.64965182465734,83.05141920680173,32552100
2025-04-23,83.52973175048828,85.19420215033995,83.38624128710511,85.02201505392577,44082200
2025-04-24,84.4097900390625,84.51501588503633,83.95062934592909,84.20890632353819,24190800
2025-04-25,85.03157806396484,85.24202975820306,84.75416513048972,85.04114604049232,22513900
2025-04-28,85.5672607421875,85.64378995148049,84.76372593929244,84.81155851965732,20130500
2025-04-29,86.28471374511719,86.29428172173232,85.4237856036776,85.44291425868008,22129500
2025-04-30,85.58639526367188,86.1412210744355,85.45247279876023,85.88293682194379,42630600
2025-05-01,85.15242767333984,85.71889084964833,84.7779841745743,85.69969181192651,29932800
2025-05-02,84.23074340820312,84.55717841562104,84.04831953636182,84.21153704007078,32090400
2025-05-05,83.76026916503906,83.923493967621,83.36662658253442,83.8658821975583,22862800
2025-05-06,84.0386962890625,84.0386962890625,83.1841962382547,83.33781784630536,21095200
2025-05-07,84.39393615722656,84.69156885022663,84.31712535739395,84.4131351946442,23161600
2025-05-08,83.4530258178711,84.54755412551985,83.42422359794583,84.50914872392569,25483700
2025-05-09,83.5778579711914,83.82748213206253,83.45303856567335,83.52984938059485,17007900
2025-05-12,82.8001480102539,83.31860994020394,82.75214675243785,82.93456325226896,32115000
2025-05-13,82.46411895751953,82.84816568761234,82.08967541007662,82.69454406554237,53912200
2025-05-14,81.9168472290039,82.44491235004801,81.80163102302662,82.32969614407072,42119800
2025-05-15,82.63693237304688,82.87696064267058,82.07046917277403,82.21448027448308,59448000
2025-05-16,82.85775756835938,83.42422074104132,82.76174040512144,83.40502170344242,31778200
2025-05-19,82.61773681640625,82.68494444173007,81.44639763926388,81.52320844680018,49361900
2025-05-20,82.0224609375,82.18567840351842,81.66721645991741,82.0224609375,35493100
2025-05-21,80.62068939208984,81.66720904098952,80.4190665420747,81.30236873978319,77053100
2025-05-22,81.04315185546875,81.06235089480438,79.9774257078372,80.18864444085635,61747900
2025-05-23,81.17755889892578,81.43678619169853,80.9471264997044,81.3887776105905,47139200
2025-05-27,82.31047821044922,82.59850767165034,81.7536109970154,81.94563063781615,56773400
2025-05-28,81.95525360107422,82.12807424954505,81.58081008356766,82.00326218540337,34806800
2025-05-29,82.7137451171875,82.81935814430534,82.2240853846486,82.34889745075074,38933200
2025-05-30,82.83854675292969,83.02097056317874,82.45450009586467,82.65612294268064,49042100
2025-06-02,82.06759643554688,82.3663370818674,81.71102956400213,82.1928731108928,46213100
2025-06-03,81.92306518554688,82.62655284664018,81.80742005457829,82.3374510477454,33731300
2025-06-04,83.25294494628906,83.50350570200666,82.53981840562425,82.67473403892973,57441500
2025-06-05,83.31076049804688,83.77333361683709,83.08911654606324,83.53241180238079,37664700
2025-06-06,82.2507095336914,82.80964993191009,82.18325171682713,82.67473429818152,38130100
2025-06-09,82.33743286132812,82.5301673513541,81.95195652892669,81.95195652892669,26560800
2025-06-10,82.7614517211914,83.05056081385939,82.41452375092969,82.97346407550131,24857000
2025-06-11,83.01202392578125,83.26258468392436,82.59763809023137,82.69400535033236,36334800
2025-06-12,84.0046157836914,84.03352522480358,83.45531434550934,83.73478453017744,43017800
2025-06-13,83.19512939453125,83.725153017367,82.66509841934462,83.58060579899873,49374000
2025-06-16,82.35670471191406,83.29148244371207,82.35670471191406,82.95419340449362,36496600
2025-06-17,83.35894775390625,83.51314124419768,82.6361823109533,82.87710412527095,34521600
2025-06-18,83.50349426269531,83.92751161541818,83.21438517244599,83.7251381931835,38589000
2025-06-20,83.34930419921875,83.63841330130292,82.82891222687718,83.01201514835381,26001900
2025-06-23,83.619140625,84.26481667937865,83.619140625,83.77333411629948,36851800
2025-06-24,84.22627258300781,84.40936817278441,83.29149471350628,83.33004308828839,32959100
2025-06-25,84.332275390625,84.332275390625,83.64805830849502,83.94679901062702,26345300
2025-06-26,84.75628662109375,84.75628662109375,84.03352121834759,84.40935863958761,30467500
2025-06-27,84.21662139892578,84.95866463891097,84.07206685261117,84.3900853840334,74993500
2025-06-30,85.04539489746094,85.22849781713093,84.4286356812934,84.66955747986978,53695200
2025-07-01,85.25626373291016,85.42069995739482,84.79197234850896,85.24658884329975,38960600
2025-07-02,84.71459197998047,84.72425949026758,84.25029319393921,84.3373524449752,39382200
2025-07-03,84.12454986572266,84.43407993248604,84.0084733232693,84.31800339003269,26729100
2025-07-07,83.32170867919922,83.727965532306,83.10890536192062,83.70862313063492,38314700
2025-07-08,83.21528625488281,83.22496114319374,82.64459330075579,82.7703373296878,31407000
2025-07-09,84.08584594726562,84.08584594726562,83.3603842627027,83.37005915150134,29821900
2025-07-10,84.14388275146484,84.21159221529483,83.66024161559979,83.98912142547263,24525500
2025-07-11,82.98314666748047,83.44743802350176,82.83805285130704,83.40875322698169,40764800
2025-07-14,82.80904388427734,83.07020687580744,82.52853111276498,82.74133441389704,24609500
2025-07-15,82.22868347167969,83.0992391561382,82.12228181136923,83.07988937438385,40455000
2025-07-16,82.3447494506836,82.85741533038558,81.43550899752547,82.48984328909815,65987700
2025-07-17,82.32539367675781,82.69295827855993,82.20931714892548,82.43179531565963,31875500
2025-07-18,82.45114135742188,82.66394464462971,82.31572242552204,82.63492735633379,27534900
2025-07-21,83.186279296875,83.67959534508978,83.14758711860537,83.39908258746877,40019500
2025-07-22,83.68927764892578,83.9310982710248,83.29269566616884,83.3507302539431,35190300
2025-07-23,83.22498321533203,83.37974457046366,82.98316260186807,83.23465810620884,31008500
2025-07-24,83.07988739013672,83.41843476495723,82.71232272315721,82.75101490596232,25164800
2025-07-25,83.60222625732422,83.61190114860321,82.91545657211086,82.99284094278329,27196200
2025-07-28,83.06053161621094,83.37972915834972,83.02183943963513,83.17660076616028,26812500
2025-07-29,84.46308898925781,84.48243138789165,83.3797301713079,83.40875483892594,47828300
2025-07-30,84.02781677246094,84.11486863790782,83.72795423866107,83.93108263781549,40670900
2025-07-31,84.07618713378906,84.55016083843377,83.9988027681598,84.27931555873138,49814100
2025-08-01,85.2714614868164,85.37826987717982,84.98016452982722,85.0190046179584,63434500
2025-08-04,85.5044937133789,85.59188576275743,85.10639577817909,85.4073971980611,36425200
2025-08-05,85.76665496826172,85.88316781327876,85.23261306863822,85.3005813642277,28586100
2025-08-06,85.2714614868164,85.49479014157336,84.3975780238382,85.29087782688732,42589300
2025-08-07,85.12581634521484,85.68898653320896,85.04813616590745,85.3685613495582,29213100
2025-08-08,84.75684356689453,84.85394008355297,84.62090696197484,84.82481186935438,21596300
2025-08-11,84.85393524169922,85.12580843602522,84.74712685707273,84.99958371237071,20100900
2025-08-12,84.42669677734375,84.44612052322745,84.03831075553197,84.37815222861153,41052300
2025-08-13,85.12581634521484,85.26175295500796,84.89278321528231,84.90249508969313,30817500
2025-08-14,84.49466705322266,84.97045253467897,84.36844233397292,84.97045253467897,33397400
2025-08-15,83.8926773071289,84.26164705707782,83.74702881888939,84.14513419287807,36343600
2025-08-18,83.64993286132812,84.02861448851593,83.49457249735883,83.9897743975236,26777500
2025-08-19,84.13540649414062,84.2325029987086,83.94120607701625,83.94120607701625,28780600
2025-08-20,84.31988525390625,84.44611737347641,84.04801208558318,84.07714029533376,25912500
2025-08-21,83.90238952636719,84.16455087988305,83.6110925486919,84.04803060721495,28643900
2025-08-22,84.5238037109375,84.76654868723774,84.20337856430389,84.31018694651509,49871900
2025-08-25,84.28105163574219,84.5237965915963,84.13540318063208,84.21308334442256,27011900
2025-08-26,84.23250579833984,84.27134588305564,83.71788763983567,83.99947269803371,30259300
2025-08-27,84.13540649414062,84.14511836699396,83.50426810246616,83.61107647988746,38142800
2025-08-28,84.68888092041016,84.72772101126536,84.14513446441711,84.26164732899284,32205900
2025-08-29,84.08686828613281,84.3393251656772,83.93151533502142,84.24222864523387,41686400
2025-09-02,83.46112060546875,83.66580073484374,83.31492582459636,83.46112060546875,48760600
2025-09-03,84.3773193359375,84.61123843565578,83.7145423566073,83.75353011258603,52499500
2025-09-04,85.0206069946289,85.03034835660418,84.38706896699031,84.81591941468149,40501600
2025-09-05,86.31690216064453,86.36563870812984,85.90754193191918,85.98551743343442,69668000
2025-09-08,87.46701049804688,87.48650809054742,86.86271898127974,86.91144809022559,54538700
2025-09-09,86.96994018554688,87.28183476440203,86.7360136742905,87.13563255390514,37126400
2025-09-10,87.46701049804688,87.78865384893098,86.93094568272612,87.13562578706525,40713600
2025-09-11,88.05181884765625,88.18827969753345,87.62296844858982,87.6327172456139,46694400
2025-09-12,87.67169952392578,87.70094591565272,87.22335152077495,87.55474370163205,32968600
2025-09-15,87.87638854980469,88.16878554656566,87.78866424546887,87.8666397523999,24820100
2025-09-16,88.06156921386719,88.20777142722035,87.75942342611654,87.80815253979861,26794200
2025-09-17,87.83739471435547,88.73409067351308,87.59372684918308,88.4124473068088,49121800
2025-09-18,86.93094635009766,87.20385315797829,86.64829074589193,86.99917305206782,55717900
2025-09-19,86.7652587890625,86.96994635998196,86.54108849505182,86.81399534140596,32509200
2025-09-22,86.45337677001953,86.6580643707281,86.2974331649022,86.57034005097373,24758200
2025-09-23,87.05765533447266,87.09664308558037,86.5020928944558,86.71652180747164,26689000
2025-09-24,86.72628021240234,86.90172139374701,86.45336592441309,86.82374588289294,28098000
2025-09-25,86.72628021240234,86.77500932957064,86.21944682800486,86.59956814822598,29882500
2025-09-26,86.6482925415039,87.20385496510319,86.44361243135185,86.73600940178923,30955100
2025-09-29,87.35980224609375,87.46701670399551,86.99917855692715,87.02841751159976,32286200
2025-09-30,87.10639953613281,87.75942769322168,86.95044851799908,87.38905517938483,38584000
2025-10-01,87.33135223388672,87.67367320724755,87.13573491908227,87.48783862369271,39408900
2025-10-02,87.58564758300781,87.72257596699119,87.23354389218275,87.35090681443292,23208300
2025-10-03,87.41937255859375,87.75191825562737,87.31178490326265,87.66388860033946,25884500
2025-10-06,86.7249526977539,87.20420953878062,86.7053946966277,86.76407616204412,28371000
2025-10-07,87.22376251220703,87.41937236034504,86.86187608491059,87.0183699330509,29103300
2025-10-08,87.29222106933594,87.65410747326759,87.17485069080858,87.63454201249458,22506200
2025-10-09,87.22376251220703,87.33135016729415,87.05749339508598,87.21397978118891,21578700
2025-10-10,88.6321792602539,88.72998418648899,87.92797185210121,88.0062187779043,59389400
2025-10-13,88.5832748413086,88.59305757273941,87.88885015047454,88.29963532611647,28035500
2025-10-14,88.8669204711914,88.92560193973863,88.44635253518051,88.66152786923793,29800000
2025-10-15,88.67129516601562,89.29725559501685,88.48546059858069,88.96470991971418,31333900
2025-10-16,89.33637237548828,89.49286621512856,88.46589591309098,88.53436010242434,39631200
2025-10-17,89.1994400024414,89.28746964880631,88.90602525931058,89.2483461906482,40240400
2025-10-20,89.54177856445312,89.55155383357527,89.27769705740516,89.4537489080913,28429300
2025-10-21,89.9819107055664,90.1677453003105,89.8938885051327,89.97212797372777,24514300
2025-10-22,90.04058837890625,90.1579587699108,89.80585505893484,89.97212418299635,30496200
2025-10-23,89.4244155883789,89.77651931893446,89.28748718894487,89.60046745365669,28275100
2025-10-24,89.46353149414062,89.5906771508598,89.16033398702086,89.58089441971602,28266000
2025-10-27,89.76673126220703,89.7765139935972,89.09186457500074,89.31682262474872,30033600
2025-10-28,90.00145721435547,90.15795105563798,89.79606464419997,89.8351881045206,23564500
2025-10-29,89.09187316894531,89.87432759080731,89.02340896668527,89.86454485847348,39551600
2025-10-30,88.57347869873047,88.97448854426132,88.36808614200854,88.40720959977033,42649200
2025-10-31,88.30941009521484,88.67129650514897,88.22138044434999,88.57348412373534,38247300
2025-11-03,88.08855438232422,88.16708397685623,87.77444349319046,87.97076747952052,40752300
2025-11-04,88.28488159179688,88.4026684989008,88.08855759829935,88.12782239699885,26383800
2025-11-05,87.32290649414062,87.90205287225031,87.24437690236404,87.86278807636202,44643400
2025-11-06,88.10820007324219,88.1965402599179,87.8824293367457,87.91187606563761,33027400
2025-11-07,87.92168426513672,88.21616649897724,87.71554969704606,87.71554969704606,28530100
2025-11-10,87.90205383300781,88.019840732966,87.74499464773801,87.84315289403456,24093500
2025-11-11,88.30451202392578,88.41248835027397,88.12782417071917,88.29469395180465,18942300
2025-11-12,88.46156311035156,88.65787960080435,88.22597433501535,88.29468585557322,23594900
2025-11-13,87.73516845703125,88.28486806560988,87.73516845703125,88.14744503571359,33825900
2025-11-14,87.23456573486328,88.18670894503843,87.23456573486328,88.13763356725288,38550500
2025-11-17,87.45051574707031,87.65665780782851,87.34254691433215,87.4407051643633,25605800
2025-11-18,87.42107391357422,87.8038963524169,87.16586394700899,87.70573809689222,31967400
2025-11-19,87.24437713623047,87.66646433191843,87.21493041148383,87.58794222892544,25782400
2025-11-20,87.58794403076172,87.77444245432504,87.352355249954,87.352355249954,32945000
2025-11-21,87.85298156738281,88.01985135512406,87.55849930396117,88.00022269909364,41938600
2025-11-24,88.35358428955078,88.4124777372185,88.12781359183482,88.29468335288922,30865700
2025-11-25,88.579345703125,88.92290328921383,88.47136939192654,88.64805722034276,36503300
2025-11-26,88.97200012207031,88.97200012207031,88.17690851386902,88.49101942603453,34099000
2025-11-28,88.54991149902344,88.86402240628401,88.29469404656336,88.79531087935185,40704300
2025-12-01,87.44757080078125,87.66429461570996,87.38846703879625,87.5263808272531,47086600
2025-12-02,87.48696899414062,87.63473590332204,87.14218454987548,87.26039958036804,27605700
2025-12-03,87.73324584960938,87.83176213421207,87.41801327979775,87.59533207005038,23278600
2025-12-04,87.2603988647461,87.60518330618366,87.1618900980121,87.58548455913173,25541500
2025-12-05,86.85650634765625,87.23085019705614,86.73829882951938,87.23085019705614,32808100
2025-12-08,86.5708236694336,86.88605623680628,86.2555911020609,86.87621062101204,32255200
2025-12-09,86.65949249267578,87.03382884225925,86.53142432159737,87.02397571008298,25771800
2025-12-10,86.99442291259766,87.2012935916932,86.55112967392685,86.68904345999056,46833500
2025-12-11,86.876220703125,87.5066859110368,86.84666882083822,87.36877211653972,26778700
2025-12-12,86.03887176513672,86.19649181486653,85.89111236318705,86.07827677756917,47030100
2025-12-15,86.09798431396484,86.5708294386665,86.08813118177672,86.41321690234518,28611800
2025-12-16,86.5708236694336,86.61022867982234,85.87140164544222,85.89110790850522,41018700
2025-12-17,86.49201965332031,86.6791840547254,86.27529585783716,86.32454648315971,24668300
2025-12-18,86.90577697753906,87.06338952961352,86.75801004289903,86.81711381045965,39048900
2025-12-19,86.58140563964844,86.78908142814535,86.44295511398381,86.6407394235082,37858100
2025-12-22,86.39350128173828,86.49239343194196,86.284717653018,86.452835062863,25547100
2025-12-23,86.53194427490234,86.61106100617909,86.06714290988499,86.10670127552335,33624100
2025-12-24,87.05608367919922,87.10553352491553,86.68029050471152,86.78907412929769,25942000
2025-12-26,86.76929473876953,87.19453777644875,86.63084421905884,87.12531251659341,26522700
2025-12-29,87.09564208984375,87.09564208984375,86.8187410616646,86.97696698705819,29399800
2025-12-30,86.88796997070312,87.06597885986979,86.70006960297513,86.76929486292953,25106800
2025-12-31,86.19571685791016,86.93741930085689,86.16604242240285,86.70996056522543,36500000
2026-01-02,86.06715393066406,86.44295467985593,86.05726245174118,86.43306320093306,40731300
2026-01-05,86.49239349365234,86.5517272748194,86.14626719519879,86.2154924548895,30178000
2026-01-06,86.31438446044922,86.3737182415168,85.93859127204219,86.18582541980699,39015200
2026-01-07,86.81874084472656,87.03630809346286,86.51217292786386,86.86818314535664,39930900
2026-01-08,86.38361358642578,86.58140544048294,86.28472143189107,86.36383817351394,28204900
2026-01-09,86.95719909667969,87.02642435971177,86.15616283231026,86.33417172939099,57348800
2026-01-12,86.70006561279297,86.93741581741664,86.44294754193135,86.53194820992488,36103100
2026-01-13,86.8484115600586,86.93741977709324,86.57151052037295,86.90774534142338,30451400
2026-01-14,87.35277557373047,87.4516677291311,86.91764103598227,86.9374239940551,39233500
2026-01-15,87.33299255371094,87.67912641484939,87.33299255371094,87.6593434567906,37988900
2026-01-16,86.8286361694336,87.34287987969319,86.7396279523769,87.15497951200821,46382400
2026-01-20,85.69136047363281,86.0671536767282,85.58257684076536,85.67157751584543,66009500
2026-01-21,86.34405517578125,86.51218013789922,85.66169402831517,85.83970292439062,51220100
2026-01-22,86.7198486328125,86.7890738896319,86.17593051138364,86.30448954690904,42419300
2026-01-23,86.95719909667969,87.05609125172725,86.53195603948613,86.85830694163212,35968800
2026-01-26,87.37254333496094,87.51099384939427,87.22420134235746,87.42199318082449,38882400
2026-01-27,86.8286361694336,87.27365461975464,86.70996106168717,87.13520409987754,35180100
2026-01-28,86.63084411621094,86.72973626660296,86.32427618649945,86.54184344435436,38750300
2026-01-29,86.65061950683594,86.76928705894919,86.11659288736601,86.18581814109433,43855000
2026-01-30,86.1660385131836,86.59128152964661,86.1660385131836,86.41327264961588,45832200
2026-02-02,85.91985321044922,86.42613456943744,85.91985321044922,86.38642489099483,38171400
2026-02-03,86.12832641601562,86.1481774690221,85.80072723755627,85.8602879704227,27438200
2026-02-04,85.90991973876953,86.1481702240456,85.83050038572871,85.99926083055567,37872900
2026-02-05,86.84307861328125,86.84307861328125,86.11839026758608,86.2970800258502,50268900
2026-02-06,86.90264129638672,86.90264129638672,86.56511282369637,86.81329262832146,33461800
2026-02-09,86.8827896118164,86.94235791990107,86.39635927656684,86.56511973947117,24708900
2026-02-10,87.88543701171875,87.88543701171875,87.57769645727124,87.59754751046103,37253700
2026-02-11,87.41885375976562,87.83580159625511,87.29973229835154,87.39900270747886,37014000
2026-02-12,88.5803451538086,88.62997657376198,87.70674733554166,87.71667664907118,48454900
2026-02-13,89.0667724609375,89.15611355813057,88.86822406631927,88.97742378989759,56785200
2026-02-17,89.21568298339844,89.46386279940158,89.10648325844929,89.27524371560817,32356700
2026-02-18,88.87815856933594,89.20575775920024,88.81859783439599,89.03699729430552,35415400
2026-02-19,88.9675064086914,89.06677682393995,88.71932658364648,88.74910695083632,28658600
2026-02-20,88.759033203125,89.08662480476147,88.28252462298124,89.04691512526225,49610800
2026-02-23,89.08662414550781,89.34473327341927,88.87815401006479,88.89801263659092,33614600
2026-02-24,89.2454605102539,89.39436990988779,89.1064804236214,89.29509192756741,24933900
2026-02-25,89.2553939819336,89.4241544415866,89.05684558188855,89.05684558188855,23625800
2026-02-26,89.61276245117188,89.66240144270441,89.39437058043028,89.40429231965939,29447100
2026-02-27,90.15876007080078,90.1984697488206,89.89072921147527,90.02970929762134,51272000
2026-03-02,89.25337982177734,89.63186480068077,89.00437474641227,89.6219100689691,55465500
2026-03-03,89.0740966796875,89.31313942649925,88.58604885522918,88.62589057953646,51850400
2026-03-04,88.79521179199219,89.08405859259092,88.74540773708377,88.9147293653214,47069500
2026-03-05,88.4366455078125,88.58605007626616,88.15776103284942,88.27727860838674,45768900
2026-03-06,88.10795593261719,88.58604902619531,87.66970456342324,87.96851369678855,58136900
2026-03-09,88.87489318847656,88.96453136640409,87.85894824444097,87.9485940214002,52478700
2026-03-10,87.92867279052734,88.5960045823495,87.91871045958064,88.44660761330871,48651500
2026-03-11,86.793212890625,87.46054470289154,86.73345410117791,87.40078591344445,54679900
2026-03-12,86.62388610839844,86.90277057462666,86.43463982101568,86.56412732250148,48977000
2026-03-13,86.19560241699219,86.80317544134782,86.1258812961169,86.58404974744484,43460000
2026-03-16,86.86293029785156,86.99241020246227,86.61392522042428,86.8330509044054,37341500
2026-03-17,87.10197448730469,87.22149966210122,86.97249458054914,87.01233630548131,19578100
2026-03-18,86.61392211914062,87.13185691710217,86.58404272676431,87.01233174856529,37596600
2026-03-19,87.14181518554688,87.38086553232348,86.62388796559476,86.71352614636204,60307400
2026-03-20,85.4884262084961,86.51432592608066,85.4187050897971,86.46452187028196,78948500
2026-03-23,86.04619598388672,86.37488451763586,85.59798987352485,85.83703262578237,69686700
2026-03-24,85.66770935058594,85.94659382271199,85.21949564978455,85.37886254758911,51799400
2026-03-25,86.49440002441406,86.53424174867557,86.13583970412427,86.4047618440996,37861000
2026-03-26,85.7673110961914,86.26532126044799,85.58802713309775,85.99639151629148,39537000
2026-03-27,85.29917907714844,85.75734750967298,85.10993278581128,85.15973684112062,39928900
2026-03-30,86.43463897705078,86.60396060146007,86.14579218298283,86.2852344147354,36473200
2026-03-31,86.34500122070312,86.81313197202907,86.22547605046084,86.58404396215595,47112200
2026-04-01,86.26000213623047,86.70999908447266,86.2300033569336,86.27999877929688,31157600
2026-04-02,86.79000091552734,86.8499984741211,86.1500015258789,86.20999908447266,33310600
2026-04-06,86.6500015258789,86.8499984741211,86.38999938964844,86.5,14660300
2026-04-07,86.63999938964844,86.68000030517578,85.91000366210938,86.5199966430664,22747200
2026-04-08,86.91999816894531,87.37000274658203,86.7300033569336,87.36000061035156,22244900
2026-04-09,86.69999694824219,87.12999725341797,86.38999938964844,86.69000244140625,18909100
2026-04-10,86.48999786376953,86.68000030517578,86.33000183105469,86.5999984741211,13247700
2026-04-13,86.75,86.80000305175781,86.25,86.44000244140625,12719700
2026-04-14,87.20999908447266,87.23999786376953,86.62999725341797,86.69999694824219,16606900
2026-04-15,86.83000183105469,87.06999969482422,86.7300033569336,87.0199966430664,15119600
2026-04-16,86.27999877929688,86.97000122070312,86.19999694824219,86.91999816894531,20001000
2026-04-17,87.06999969482422,87.20999908447266,86.88999938964844,87.05000305175781,29604100
2026-04-20,87.05000305175781,87.12999725341797,86.70999908447266,87.11000061035156,14623500
2026-04-21,86.56999969482422,87.08999633789062,86.52999877929688,86.97000122070312,19798700
2026-04-22,86.73999786376953,87.15499877929688,86.70500183105469,87.02999877929688,13367088
