Date,Close,High,Low,Open,Volume
2016-08-01,20.667810440063477,20.68451883430755,20.642747848697372,20.67616463718551,705500.0
2016-08-02,20.52579116821289,20.559207954897857,20.50908277487041,20.550853758226616,1902300.0
2016-08-03,20.642751693725582,20.642751693725582,20.58427389637913,20.600982293735395,1459400.0
2016-08-04,20.676166534423828,20.692874930201057,20.651103940757988,20.667812336535217,349800.0
2016-08-05,20.784767150878903,20.851599138113876,20.759706151540957,20.818183941196523,834700.0
2016-08-08,20.801475524902344,20.82653811761509,20.801475524902344,20.82653811761509,601800.0
2016-08-09,20.75970458984375,20.80982817814925,20.742996195941867,20.801473981198303,671700.0
2016-08-10,20.65110206604004,20.67616465743069,20.62604106804957,20.634395265179787,1372100.0
2016-08-11,20.70958137512207,20.71793397882354,20.64274779830893,20.676164586715498,740500.0
2016-08-12,20.676166534423828,20.676166534423828,20.600980346826624,20.60933454471524,745900.0
2016-08-15,20.642751693725582,20.65946009108185,20.61769069109166,20.65946009108185,539000.0
2016-08-16,20.458959579467773,20.5257915607156,20.45060538263678,20.517437363884607,1974600.0
2016-08-17,20.47566795349121,20.53414573785196,20.40883597230748,20.49237634713717,1490000.0
2016-08-18,20.32529640197754,20.41719097726751,20.31694220482389,20.40883678011386,1147700.0
2016-08-19,20.400482177734375,20.43389737228505,20.400482177734375,20.425544768697492,1072200.0
2016-08-22,20.42554473876953,20.442251539320313,20.400482147843135,20.43389734234485,1017400.0
2016-08-23,20.408836364746097,20.417190561729715,20.3754195768116,20.392127970778848,1427500.0
2016-08-24,20.46731185913086,20.500728643324692,20.450603467033943,20.4589576630824,1047400.0
2016-08-25,20.46731185913086,20.475666055179317,20.433895074937027,20.442249270985485,987200.0
2016-08-26,20.617687225341797,20.642748223763068,20.350359286180183,20.425545468244415,2873900.0
2016-08-29,20.63439559936523,20.69287338682365,20.62604140209972,20.68451918955813,1152900.0
2016-08-30,20.742998123168945,20.768060716350323,20.69287453020647,20.701228727933604,4898800.0
2016-08-31,20.734642028808594,20.77641301362336,20.717933634882684,20.76805881666041,2955800.0
2016-09-01,20.65945625305176,20.776413419417313,20.651102055925634,20.759705025165065,1397600.0
2016-09-02,20.70958137512207,20.726288175925184,20.609332603302526,20.61768680040417,2454100.0
2016-09-06,20.46731185913086,20.659453588045483,20.46731185913086,20.651099391997025,3033400.0
2016-09-07,20.500734329223633,20.52579533091973,20.450609139030615,20.46731753576162,1175200.0
2016-09-08,20.52579116821289,20.542499561555378,20.400481404944458,20.417189798286937,1295000.0
2016-09-09,20.58426856994629,20.63439374904458,20.575914373429907,20.59262276646267,1208100.0
2016-09-12,20.550853729248047,20.600977315804723,20.500730142691367,20.5842689224858,1337500.0
2016-09-13,20.63439559936523,20.65945659776158,20.56756361464131,20.609333007568686,771400.0
2016-09-14,20.58426856994629,20.642746352160906,20.550853377280824,20.63439374904458,413600.0
2016-09-15,20.575918197631836,20.626043386046295,20.55085719682496,20.59262659376999,994000.0
2016-09-16,20.742998123168945,20.75135232089607,20.676166134752226,20.701228727933604,1459600.0
2016-09-19,20.692873001098633,20.692873001098633,20.65110201554968,20.676164606879055,2601000.0
2016-09-20,20.726287841796875,20.73464203876384,20.69287264732916,20.701226844296126,2403400.0
2016-09-21,20.63439559936523,20.742996977016546,20.592624613037653,20.71793438521999,1220700.0
2016-09-22,20.609331130981445,20.609331130981445,20.51743656282845,20.534144955838094,1275800.0
2016-09-23,20.617687225341797,20.651102421036896,20.600978830794144,20.642748223763068,632200.0
2016-09-26,20.575918197631836,20.575918197631836,20.534148800686804,20.55921139489404,362400.0
2016-09-27,20.59262466430664,20.65110245191064,20.584270467020325,20.626041453451904,317200.0
2016-09-28,20.609331130981445,20.66780891311515,20.5926227379718,20.617685327486267,259900.0
2016-09-29,20.626039505004883,20.651100501096224,20.575914326022083,20.642746304599093,958900.0
2016-09-30,20.617687225341797,20.651102421036896,20.58427043624649,20.617687225341797,1338600.0
2016-10-03,20.65945625305176,20.68451884443013,20.634395255073564,20.634395255073564,732500.0
2016-10-04,20.75135040283203,20.82653658202636,20.70122681450253,20.776412993696855,1735000.0
2016-10-05,20.776412963867188,20.809828158238833,20.751350373038346,20.759704569981295,4292500.0
2016-10-06,20.8850154876709,20.910078079880183,20.83489189665255,20.84324609405565,1200900.0
2016-10-07,20.85159492492676,20.943489486332105,20.83488812654392,20.859949120818147,2114200.0
2016-10-10,20.935138702392575,20.951847096898447,20.893369309528108,20.926784505139643,818600.0
2016-10-11,21.09386444091797,21.118927031699545,21.00196986811899,21.010324065046188,2256000.0
2016-10-12,21.152341842651367,21.17740443297872,21.102218255396775,21.143987645875583,1502100.0
2016-10-13,21.077157974243164,21.13563576468026,21.060449578861057,21.11057476500738,919700.0
2016-10-14,21.18575668334961,21.194110879357865,21.110570512675263,21.143985703308328,689500.0
2016-10-17,21.13563346862793,21.16905025576194,21.118926668461036,21.16069605897844,945200.0
2016-10-18,21.152341842651367,21.16069603942715,21.11057245217256,21.1356334490998,1219300.0
2016-10-19,21.16069793701172,21.169052134536663,21.11892854278724,21.143989541961822,1853000.0
2016-10-20,21.227529525756836,21.252592117861703,21.1941143296839,21.20246693365197,676300.0
2016-10-21,21.302715301513672,21.336132090348137,21.294361104305057,21.302715301513672,3574000.0
2016-10-24,21.327777862548828,21.34448466354191,21.286006876565654,21.294361073762293,721000.0
2016-10-25,21.319425582885746,21.40296596896577,21.29436298904163,21.3862575730697,1204400.0
2016-10-26,21.31106758117676,21.31106758117676,21.235881406464564,21.260943995835312,833800.0
2016-10-27,21.35283851623535,21.377901107420897,21.286006533140725,21.30271492726442,1390300.0
2016-10-28,21.227529525756836,21.33613249814438,21.210821131020253,21.33613249814438,1992400.0
2016-10-31,21.235883712768555,21.311069895646273,21.235883712768555,21.286007303553625,1010000.0
2016-11-01,21.12728500366211,21.17740860078123,21.085514011562484,21.16905440236131,2885900.0
2016-11-02,21.052093505859375,21.060446108773903,20.985261528742996,21.043739309544826,1744300.0
2016-11-03,20.99361801147461,21.05209739648399,20.96855701129947,21.03538900076703,1328500.0
2016-11-04,20.935138702392575,21.010324884268783,20.935138702392575,21.00197068701585,940800.0
2016-11-07,21.110572814941406,21.14398800921865,21.09386442110272,21.09386442110272,2672900.0
2016-11-08,21.169050216674805,21.169050216674805,21.09386403916222,21.110572432698373,913400.0
2016-11-09,21.302715301513672,21.302715301513672,21.19411392460204,21.202466528410465,2429100.0
2016-11-10,21.344482421875,21.402961796109743,21.302713033678774,21.3611908145135,2705400.0
2016-11-11,21.377899169921875,21.402961758835975,21.311067192884295,21.319421389188992,1098700.0
2016-11-14,21.58675193786621,21.636875528425595,21.553335148559817,21.57839774053961,7033900.0
2016-11-15,21.620166778564453,21.653583567321828,21.586751583207263,21.620166778564453,4443000.0
2016-11-16,21.67864418029785,21.720413569032125,21.62851900173667,21.645227394590396,3750500.0
2016-11-17,21.803955078125,21.803955078125,21.64522852452873,21.64522852452873,2053000.0
2016-11-18,21.87914276123047,21.920912155017906,21.82066497256796,21.85408016891786,1549400.0
2016-11-21,21.79560089111328,21.86243287264716,21.770538300513028,21.812309284846783,3162100.0
2016-11-22,21.829015731811523,21.88749510893211,21.795600538285573,21.8123089317486,2045200.0
2016-11-23,21.96268081665039,22.012804402567944,21.92926403043864,21.97103341980326,2362100.0
2016-11-25,21.920909881591797,21.929264078162916,21.85407790242292,21.879140492136276,3108300.0
2016-11-28,21.86243438720703,21.92926637337082,21.85408018976153,21.920912175925313,2102900.0
2016-11-29,21.81231117248535,21.90420415917178,21.78724857971618,21.895849961582055,1772200.0
2016-11-30,21.92926597595215,21.987743763610656,21.879142385587745,21.89584918677574,3417000.0
2016-12-01,21.81231117248535,21.92926675194095,21.803956974895627,21.887497357392597,1638200.0
2016-12-02,21.762184143066406,21.803955127475824,21.74547734270277,21.778892536830178,1791600.0
2016-12-05,21.620166778564453,21.703707157057707,21.56168899163923,21.686998762679018,4654700.0
2016-12-06,21.70370864868164,21.72041704420864,21.645230857737435,21.670293451027938,2478800.0
2016-12-07,21.636873245239254,21.686996830509457,21.628519048794217,21.686996830509457,1903600.0
2016-12-08,21.829015731811523,21.862432518737577,21.75383114802811,21.78724634155406,2135000.0
2016-12-09,21.920909881591797,21.971033467618437,21.895847291878443,21.91255568502068,1499800.0
2016-12-12,21.79560089111328,21.870787069513913,21.770538300513028,21.820663481713535,1717500.0
2016-12-13,21.82066345214844,21.837370252459177,21.75383147070511,21.803955058437573,1766700.0
2016-12-14,22.02951431274414,22.087992099241724,21.745477983984284,21.787247376225366,3033900.0
2016-12-15,22.27178001403809,22.355320393263927,22.19659383207485,22.21330222660006,3657600.0
2016-12-16,22.196598052978516,22.28013844809039,22.13812025442035,22.263430050387917,2103900.0
2016-12-19,22.263425827026367,22.27178002429282,22.163178646629365,22.221656434094317,1334000.0
2016-12-20,22.30519676208496,22.36367454941549,22.271779973095978,22.35532035216824,2896300.0
2016-12-21,22.23836326599121,22.263424262629385,22.188238085914683,22.213300675952947,1278800.0
2016-12-22,22.263425827026367,22.27178002429282,22.146470252096464,22.213302236827868,1713900.0
2016-12-23,22.246715545654297,22.28013233188588,22.21330035282278,22.26342393877009,909600.0
2016-12-27,22.23836326599121,22.263424262629385,22.23836326599121,22.263424262629385,655300.0
2016-12-28,22.296844482421875,22.36367647274737,22.27178188852469,22.330259680884453,1247400.0
2016-12-29,22.171533584594727,22.246718175704117,22.16317938704918,22.246718175704117,1331900.0
2016-12-30,22.104700088500977,22.104700088500977,22.01280710195017,22.08799328674645,1767900.0
2017-01-03,22.30519676208496,22.41379813949877,22.23001058025994,22.31354936593201,3455500.0
2017-01-04,22.13811492919922,22.213301107374168,22.11305233867419,22.19659271369082,3534000.0
2017-01-05,21.904203414916992,22.037867385010443,21.870788219093733,22.029514781104787,4269600.0
2017-01-06,22.06292724609375,22.087989834909234,21.971032680503654,22.046218853550094,3202700.0
2017-01-09,22.004453659057617,22.087994044296472,21.979391065465865,22.071285648568637,3506100.0
2017-01-10,22.012805938720703,22.037866936728317,21.937619757897505,21.99609754444884,2060000.0
2017-01-11,21.96268081665039,22.230008732744107,21.86243205141521,22.138114164061868,4496600.0
2017-01-12,21.87914276123047,21.912557957580372,21.76218559050521,21.829017576605256,2173900.0
2017-01-13,21.854082107543945,21.954330892286972,21.82901951300809,21.87079050390118,1828400.0
2017-01-17,21.653581619262695,21.695351008051457,21.645227422824934,21.661935815700456,3444500.0
2017-01-18,21.854082107543945,21.87079050390118,21.695355528950973,21.737126519844058,3939800.0
2017-01-19,21.82066345214844,21.954327415035095,21.812309255293005,21.89584803704707,1595500.0
2017-01-20,21.74547958374023,21.862435165339512,21.737125385997388,21.82901837436812,11995800.0
2017-01-23,21.628520965576172,21.712061344030115,21.60345996742012,21.678646148688653,2300900.0
2017-01-24,21.636873245239254,21.66193583457438,21.570041267078985,21.628519048794217,1638200.0
2017-01-25,21.561689376831055,21.64522975681673,21.561689376831055,21.62852136213955,2168900.0
2017-01-26,21.70370864868164,21.745479637499145,21.661939253264435,21.68700025315464,3848100.0
2017-01-27,21.71206283569336,21.72877123121209,21.661939242537475,21.6786476380562,2262300.0
2017-01-30,21.670289993286133,21.77053716365197,21.645227403994653,21.76218296722147,1139200.0
2017-01-31,21.494853973388672,21.53662495343915,21.453084586738154,21.528270757429055,3570300.0
2017-02-01,21.511564254760746,21.595104628799056,21.478147467785373,21.570042038567532,4271800.0
2017-02-02,21.54498291015625,21.55333551422434,21.42802573899983,21.46144252887316,1361500.0
2017-02-03,21.5366268157959,21.570042009325864,21.478147438668284,21.570042009325864,2033200.0
2017-02-06,21.55333709716797,21.62852328650463,21.536630294404542,21.603462285659315,1703300.0
2017-02-07,21.661937713623047,21.72876969758061,21.6034599268352,21.686998711732016,1601500.0
2017-02-08,21.636873245239254,21.65358163812934,21.586749659969065,21.636873245239254,1412300.0
2017-02-09,21.720415115356445,21.728769312378063,21.62852054151881,21.636874738540428,1191500.0
2017-02-10,21.74547958374023,21.803957374539873,21.712062792768844,21.795603176797027,1022100.0
2017-02-13,21.79560089111328,21.820663481713535,21.77889249737978,21.78724669424653,1089600.0
2017-02-14,21.845726013183594,21.879142802997524,21.77053982950248,21.77053982950248,2502000.0
2017-02-15,21.803955078125,21.937619041132347,21.795600881262025,21.9209106474064,934400.0
2017-02-16,21.67864418029785,21.72876776545899,21.66193578744412,21.720413569032125,2129400.0
2017-02-17,21.78724670410156,21.78724670410156,21.68699793505533,21.68699793505533,999100.0
2017-02-21,21.88749885559082,21.929268252998284,21.862436261106115,21.895851460352013,1421800.0
2017-02-22,21.83736991882324,21.945972882884472,21.82901572209545,21.912556095973297,2048700.0
2017-02-23,21.78724670410156,21.829016095054083,21.770538310360504,21.81230929471315,1291600.0
2017-02-24,21.829015731811523,21.829015731811523,21.770537948091036,21.78724634155406,714500.0
2017-02-27,21.829015731811523,21.837369928543037,21.728768557833572,21.778892144822542,768600.0
2017-02-28,21.81231117248535,21.84572636944398,21.745479185167827,21.78724857971618,2266900.0
2017-03-01,21.96268081665039,22.004450206015008,21.91255563733277,21.987741812909135,1646400.0
2017-03-02,22.054576873779297,22.071285269219956,22.012807478577937,22.046222676058967,2871200.0
2017-03-03,21.86243438720703,22.021160951871114,21.86243438720703,21.9793899646436,2932900.0
2017-03-06,21.93761825561523,21.95432664874291,21.88749466963228,21.88749466963228,1043200.0
2017-03-07,21.96268081665039,21.987741812909135,21.937618226991574,21.979387616356195,687200.0
2017-03-08,22.03786849975586,22.04622269748431,21.996099104513902,22.004453302242357,1171800.0
2017-03-09,21.9960994720459,22.021162065650017,21.96268427397406,21.97939107630982,1519800.0
2017-03-10,21.845726013183594,21.954328986678636,21.820665014223383,21.93762059177167,2008600.0
2017-03-13,21.87914276123047,21.87914276123047,21.829017576605256,21.85408016891786,1252100.0
2017-03-14,21.954330444335938,21.954330444335938,21.887498453671004,21.929267850311454,1214100.0
2017-03-15,21.69535255432129,21.92926529104988,21.69535255432129,21.92926529104988,3038700.0
2017-03-16,21.620166778564453,21.69535295986836,21.620166778564453,21.653583567321828,2869100.0
2017-03-17,21.628520965576172,21.653583557132414,21.60345996742012,21.645229359947,1814700.0
2017-03-20,21.636873245239254,21.66193583457438,21.603458052859143,21.611812249304187,742900.0
2017-03-21,21.503210067749023,21.52827265799189,21.48650167425378,21.52827265799189,1933800.0
2017-03-22,21.48650360107422,21.51992039106139,21.46979679948088,21.49485779857101,970200.0
2017-03-23,21.511564254760746,21.528272648248425,21.486501664529214,21.494855861273056,1110700.0
2017-03-24,21.503210067749023,21.51991846124427,21.461440677411016,21.503210067749023,2017600.0
2017-03-27,21.386255264282227,21.394609461328372,21.319423281313227,21.327777478359373,1814800.0
2017-03-28,21.503210067749023,21.51991846124427,21.36954610658727,21.38625450008251,1657600.0
2017-03-29,21.54498291015625,21.595106501566004,21.54498291015625,21.586752304097672,550700.0
2017-03-30,21.687000274658203,21.687000274658203,21.56169049488204,21.578398890425607,1195300.0
2017-03-31,21.67864418029785,21.695350979751534,21.62851900173667,21.65358159101726,880100.0
2017-04-03,21.67864418029785,21.720413569032125,21.670289983870987,21.695350979751534,645000.0
2017-04-04,21.70370864868164,21.728771241972144,21.68700025315464,21.712062846445143,813100.0
2017-04-05,21.69535255432129,21.812309719385663,21.670291556621905,21.712060948387652,4699400.0
2017-04-06,21.74547958374023,21.74547958374023,21.69535439728315,21.703708595025997,807500.0
2017-04-07,21.845726013183594,21.854080210637076,21.753833027995757,21.778894026955967,1037600.0
2017-04-10,21.803955078125,21.8290160753138,21.78724668439905,21.82066347185095,666800.0
2017-04-11,21.73712158203125,21.762182577473855,21.712058993188624,21.762182577473855,688200.0
2017-04-12,21.628520965576172,21.77053913092782,21.611814164605537,21.737123935586357,1544800.0
2017-04-13,21.70370864868164,21.712062846445143,21.645230857737435,21.645230857737435,820600.0
2017-04-17,21.64522933959961,21.66193773395473,21.57839735557932,21.628520945244492,880800.0
2017-04-18,21.461442947387695,21.57004432979335,21.461442947387695,21.53662913266864,1290900.0
2017-04-19,21.5366268157959,21.55333361586083,21.51156422559835,21.519918422330864,417500.0
2017-04-20,21.54498291015625,21.54498291015625,21.453088331404828,21.478149330409583,668900.0
2017-04-21,21.561689376831055,21.586751968846823,21.544982575554094,21.553335179492468,745900.0
2017-04-24,21.36119270324707,21.402963688536666,21.36119270324707,21.36119270324707,1643100.0
2017-04-25,21.302715301513672,21.377901482991028,21.28600690709644,21.377901482991028,1698300.0
2017-04-26,21.35283851623535,21.428024696391827,21.33613171551182,21.386255304482745,863600.0
2017-04-27,21.386255264282227,21.43637885315894,21.369546870189936,21.394609461328372,724600.0
2017-04-28,21.36119270324707,21.386255294420824,21.336131705473477,21.35283850618915,840200.0
2017-05-01,21.377899169921875,21.386253366226576,21.327775585493693,21.352836581007775,617700.0
2017-05-02,21.344482421875,21.402961796109743,21.344482421875,21.377899207152,332500.0
2017-05-03,21.428024291992188,21.436378488896377,21.344483916350477,21.36954650706303,876700.0
2017-05-04,21.294361114501953,21.394609887653164,21.294361114501953,21.394609887653164,885400.0
2017-05-05,21.26094627380371,21.319424061867576,21.2525920764517,21.311069864515563,680100.0
2017-05-08,21.377899169921875,21.394607562531277,21.34448238470307,21.34448238470307,773200.0
2017-05-09,21.48650360107422,21.511566193564597,21.444734206990503,21.46979679948088,1847600.0
2017-05-10,21.494853973388672,21.51991656141896,21.469792978758345,21.469792978758345,549000.0
2017-05-11,21.503210067749023,21.51991846124427,21.478147477506155,21.51991846124427,349100.0
2017-05-12,21.394611358642575,21.42802655639032,21.394611358642575,21.42802655639032,690600.0
2017-05-15,21.33612823486328,21.361189228560363,21.31941984346529,21.31941984346529,739800.0
2017-05-16,21.177404403686523,21.227527990871785,21.160696010158063,21.210819597343328,1746200.0
2017-05-17,21.03538703918457,21.127281613658266,21.03538703918457,21.118927416578824,1257800.0
2017-05-18,21.110572814941406,21.160696403057333,21.04374083298679,21.06044763342534,1206800.0
2017-05-19,20.9601993560791,21.001968745081392,20.943490963118165,20.98526194552051,1152100.0
2017-05-22,20.92678451538086,20.935138712637883,20.885015122495947,20.91843191152404,1134000.0
2017-05-23,21.018678665161133,21.02703286224858,20.90172309273724,20.910077289824684,1008900.0
2017-05-24,20.951847076416016,21.03538745546349,20.951847076416016,21.018679060973955,1115900.0
2017-05-25,20.976909637451172,20.993616438516057,20.95184704575355,20.96020124298609,1103100.0
2017-05-26,21.027034759521484,21.052097353045223,21.010326363838992,21.03538895736273,413400.0
2017-05-30,21.001970291137695,21.035387079519538,20.98526349034694,21.018678685328616,1113800.0
2017-05-31,20.951847076416016,20.96855547090555,20.901723486347613,20.96855547090555,959000.0
2017-06-01,20.976909637451172,21.0019706357486,20.96020124298609,20.993616438516057,917100.0
2017-06-02,20.87666130065918,20.910078090288195,20.859952905844672,20.90172389288094,1416000.0
2017-06-05,20.89336585998535,20.918428447606264,20.885011664111712,20.901720055858988,1086100.0
2017-06-06,20.843244552612305,20.87665974635327,20.834890355827035,20.85159715599746,895700.0
2017-06-07,20.868305206298828,20.92678298943368,20.83489001310752,20.893367796242373,522500.0
2017-06-08,20.943492889404297,20.976909678399693,20.9267844949066,20.9267844949066,724300.0
2017-06-09,21.01032257080078,21.052093552466008,20.993614178134692,21.052093552466008,652100.0
2017-06-12,20.976909637451172,21.01867903021368,20.968555440218633,20.98526383468371,429800.0
2017-06-13,20.951847076416016,20.96855547090555,20.93513868192648,20.960201273660783,398000.0
2017-06-14,20.935138702392575,20.976909688657248,20.809828930398968,20.843245719410703,1676600.0
2017-06-15,21.060449600219727,21.07715799561878,21.035388600521433,21.035388600521433,1148400.0
2017-06-16,20.985265731811523,21.03538932633789,20.968557335835957,21.027035128350104,917400.0
2017-06-19,21.077157974243164,21.077157974243164,21.010325986115017,21.018680183806072,637300.0
2017-06-20,21.110572814941406,21.127281208780097,21.077156027264028,21.077156027264028,615200.0
2017-06-21,21.068801879882812,21.110572864577748,21.052095079404975,21.102218667638763,1105800.0
2017-06-22,21.077157974243164,21.093866369625275,21.052096974570286,21.068803776552112,896800.0
2017-06-23,21.01032257080078,21.035385159799915,20.985261575201672,21.035385159799915,323100.0
2017-06-26,21.043739318847656,21.052093515165897,20.976907341701732,20.985261538019977,596600.0
2017-06-27,20.80982780456543,20.91843076957784,20.80982780456543,20.90172237597591,1282600.0
2017-06-28,20.742998123168945,20.818184309312795,20.72628972771469,20.818184309312795,944400.0
2017-06-29,20.642751693725582,20.72629208710644,20.642751693725582,20.72629208710644,1831800.0
2017-06-30,20.676166534423828,20.709583325978283,20.659458138646603,20.684520732312443,1529700.0
2017-07-03,20.801475524902344,20.801475524902344,20.759706130448027,20.776414525589857,794300.0
2017-07-05,20.80982780456543,20.851597195170132,20.801473607764464,20.851597195170132,1570200.0
2017-07-06,20.717933654785156,20.759704639640052,20.709581051214325,20.742996245698095,357800.0
2017-07-07,20.75135040283203,20.793119794206596,20.742996205877088,20.75970459978697,376400.0
2017-07-10,20.75970458984375,20.784765587296427,20.75135039289281,20.77641298374563,212900.0
2017-07-11,20.684520721435547,20.784767909245556,20.676166523551327,20.776415304761656,1556800.0
2017-07-12,20.684520721435547,20.742998513224773,20.676166523551327,20.70958331508821,900900.0
2017-07-13,20.692873001098633,20.734642393247412,20.684518803988844,20.692873001098633,411500.0
2017-07-14,20.567562103271484,20.617685689781137,20.55920790661986,20.609331493129513,768100.0
2017-07-17,20.567562103271484,20.58426890317464,20.542499513316617,20.567562103271484,508200.0
2017-07-18,20.458959579467773,20.47566797312976,20.42554438554392,20.45060538263678,970500.0
2017-07-19,20.50908470153809,20.50908470153809,20.467315307658065,20.467315307658065,785600.0
2017-07-20,20.383773803710938,20.484022574261385,20.342004412131672,20.475668377265503,1016700.0
2017-07-21,20.31694221496582,20.36706580451256,20.300233820650178,20.35871320075492,644600.0
2017-07-24,20.32529640197754,20.358713190592137,20.31694220482389,20.32529640197754,419700.0
2017-07-25,20.35871124267578,20.35871124267578,20.266816676178266,20.300231868195524,757900.0
2017-07-26,20.241756439208984,20.392128804260015,20.199987045983793,20.367066212284772,1329500.0
2017-07-27,20.31694221496582,20.36706580451256,20.26681862541908,20.28352701973472,1390700.0
2017-07-28,20.191635131835938,20.258467124593423,20.1832809335662,20.250112926323688,859200.0
2017-07-31,20.10809326171875,20.2334030397358,20.083032262155506,20.225048842081296,1432700.0
2017-08-01,20.14150619506836,20.158212993777603,20.083028416086073,20.116443606904532,1150800.0
2017-08-02,20.116445541381836,20.141508131955774,20.032905166202152,20.1331539350978,2221800.0
2017-08-03,20.066320419311523,20.141506591884298,20.066320419311523,20.1331523956651,2071800.0
2017-08-04,20.241756439208984,20.30023422708434,20.14150925810844,20.14986345543352,2543100.0
2017-08-07,20.233402252197266,20.27517323884396,20.225048054867926,20.27517323884396,852700.0
2017-08-08,20.266817092895508,20.32529487517813,20.191630917560687,20.208339310612885,1390400.0
2017-08-09,20.250110626220703,20.325296808707925,20.241756428899876,20.300234216745448,1164800.0
2017-08-10,20.21669578552246,20.28352777186302,20.20834158805486,20.26681937692782,947700.0
2017-08-11,20.14150619506836,20.225044968814498,20.124797802959144,20.183275581941427,1472100.0
2017-08-14,20.22504615783691,20.241754550928412,20.199985161599734,20.216693554691233,832100.0
2017-08-15,20.31694221496582,20.36706580451256,20.300233820650178,20.350359003597102,915100.0
2017-08-16,20.250110626220703,20.37542039923267,20.23340223157905,20.37542039923267,757500.0
2017-08-17,20.291879653930664,20.316940650073644,20.258462867873277,20.316940650073644,542600.0
2017-08-18,20.22504615783691,20.2751713371114,20.216693554691233,20.22504615783691,249100.0
2017-08-21,20.166568756103516,20.208339739620772,20.141507759393257,20.19998554291732,632900.0
2017-08-22,20.250110626220703,20.266819020862354,20.225048034258226,20.225048034258226,558000.0
2017-08-23,20.166568756103516,20.225046539627577,20.166568756103516,20.216693936324223,686900.0
2017-08-24,20.20833969116211,20.21669388784553,20.183277101111855,20.199985494478693,807600.0
2017-08-25,20.041259765625,20.22504731999191,20.02455137157342,20.183277928263117,1768700.0
2017-08-28,19.982778549194336,20.03290212934369,19.966070158011256,20.03290212934369,1302600.0
2017-08-29,20.00784492492676,20.00784492492676,19.890887757896497,19.890887757896497,1602900.0
2017-08-30,20.13315200805664,20.141506204115,20.05796583693137,20.07467422904809,1435200.0
2017-08-31,20.074676513671875,20.17492369098101,20.074676513671875,20.16656949397189,1254400.0
2017-09-01,20.116445541381836,20.141508131955774,20.04961355991811,20.066321953634077,1087700.0
2017-09-05,20.00784492492676,20.05796851456819,19.982782333405947,20.05796851456819,702800.0
2017-09-06,19.99113655090332,20.016197549049423,19.941012961210927,19.999490748085417,3111600.0
2017-09-07,19.849117279052734,19.907595062667184,19.824054688903644,19.8574714757691,2717600.0
2017-09-08,19.798992156982425,19.82405315178824,19.765575372708035,19.77392956877663,922300.0
2017-09-11,19.93265914916992,19.94101334651344,19.865827163822,19.890888162452335,1451100.0
2017-09-12,19.924304962158203,19.95772015814938,19.899242370114656,19.941013356853905,2010900.0
2017-09-13,20.041259765625,20.066322356702372,19.941012588115836,19.941012588115836,1976200.0
2017-09-14,19.982778549194336,20.041256324935222,19.966070158011256,20.041256324935222,1644000.0
2017-09-15,19.915950775146484,19.94101336720304,19.865827184433595,19.915950775146484,1469500.0
2017-09-18,19.96607208251953,19.999488868106695,19.90759430114203,19.94101108672919,611100.0
2017-09-19,19.90759658813477,19.966074376230218,19.890888193421716,19.91595078549129,582300.0
2017-09-20,20.066320419311523,20.108089807007502,19.832407705374003,19.89923968172758,2371000.0
2017-09-21,20.00784492492676,20.04961431739459,19.974428136232344,20.04961431739459,1203900.0
2017-09-22,19.99113655090332,19.999490748085417,19.93265876402883,19.96607395935703,1051700.0
2017-09-25,20.10809326171875,20.116447459373255,20.049615471537475,20.066323866846492,1238200.0
2017-09-26,20.174924850463867,20.241756836977608,20.14986385139637,20.18327904795311,1075800.0
2017-09-27,20.275171279907227,20.3002322760737,20.216693497652045,20.291879672951584,1619600.0
2017-09-28,20.21669578552246,20.24175678452502,20.19998739058726,20.24175678452502,816300.0
2017-09-29,20.199987411499023,20.241756805480023,20.174924819070277,20.191633214022776,642100.0
2017-10-02,20.31694221496582,20.350359003597102,20.275172822576906,20.300233820650178,1225700.0
2017-10-03,20.30858612060547,20.32529451336023,20.275170928495974,20.31694031698285,442700.0
2017-10-04,20.283525466918945,20.300232266555405,20.26681707388242,20.283525466918945,637400.0
2017-10-05,20.39212989807129,20.40048409584448,20.333652107059255,20.350360502605636,831400.0
2017-10-06,20.35871124267578,20.44225001941895,20.342002849967137,20.425543220110335,1172000.0
2017-10-09,20.32529640197754,20.358713190592137,20.30858800767024,20.35035899343849,1368300.0
2017-10-10,20.21669578552246,20.25846517946022,20.19998739058726,20.25846517946022,2710800.0
2017-10-11,20.15821647644043,20.208341661428022,20.149863872342745,20.18327906893423,1299800.0
2017-10-12,20.199987411499023,20.233402608003775,20.16657062159403,20.199987411499023,1161600.0
2017-10-13,20.199987411499023,20.208341608975275,20.12480122761303,20.13315542508928,824600.0
2017-10-16,20.250110626220703,20.25846482354153,20.19998703569596,20.23340223157905,733500.0
2017-10-17,20.300233840942383,20.35035902393941,20.283527040010224,20.316942235274723,1242500.0
2017-10-18,20.275171279907227,20.333649062162408,20.26681708338505,20.32529486564023,726100.0
2017-10-19,20.22504615783691,20.25010874747416,20.199985161599734,20.233400354382663,490100.0
2017-10-20,20.34200668334961,20.358715079206895,20.30023569370639,20.308589891635037,577900.0
2017-10-23,20.367063522338867,20.41718869966915,20.35871091951716,20.40883450344744,610200.0
2017-10-24,20.400482177734375,20.40883637472208,20.350358589208287,20.392127980746668,419800.0
2017-10-25,20.35036277770996,20.37542378043097,20.32530018158847,20.35036277770996,459500.0
2017-10-26,20.567562103271484,20.575914706523022,20.41718975034243,20.41718975034243,2757500.0
2017-10-27,20.617687225341797,20.676165012858373,20.59262463352032,20.642748223763068,2014700.0
2017-10-30,20.517438888549805,20.642748663526323,20.509084691098007,20.642748663526323,707600.0
2017-10-31,20.53414535522461,20.559207945226543,20.517436961889985,20.55085374855923,683200.0
2017-11-01,20.575918197631836,20.600980791839067,20.534148800686804,20.59262659376999,1327300.0
2017-11-02,20.575918197631836,20.59262659376999,20.509086206479573,20.58427239570091,1168200.0
2017-11-03,20.626039505004883,20.642746304599093,20.550853329930742,20.550853329930742,1159700.0
2017-11-06,20.575918197631836,20.651104386853177,20.575918197631836,20.651104386853177,753800.0
2017-11-07,20.609331130981445,20.66780891311515,20.600976934476623,20.634393720495915,830000.0
2017-11-08,20.600975036621097,20.626037623826686,20.5926208408859,20.600975036621097,1051800.0
2017-11-09,20.517438888549805,20.592625072215764,20.500732087046444,20.584270874763963,794900.0
2017-11-10,20.500734329223633,20.509086934188723,20.46731753576162,20.500734329223633,779300.0
2017-11-13,20.517438888549805,20.542501480905205,20.509084691098007,20.517438888549805,383600.0
2017-11-14,20.37542152404785,20.45060771068569,20.358714721884123,20.425546710739948,2395500.0
2017-11-15,20.367063522338867,20.39212611100401,20.325294134630298,20.342002527073728,976000.0
2017-11-16,20.39212989807129,20.408838293617674,20.36706730475172,20.3837757002981,751700.0
2017-11-17,20.333650588989254,20.375419981336496,20.31694219469029,20.358713180437707,969800.0
2017-11-20,20.433897018432617,20.442251215275657,20.37541923393148,20.37541923393148,737700.0
2017-11-21,20.408836364746097,20.425544758713336,20.383773773795227,20.425544758713336,914100.0
2017-11-22,20.250110626220703,20.350359400670403,20.241756428899876,20.350359400670403,1565200.0
2017-11-24,20.15821647644043,20.166570673938363,20.13315547734688,20.166570673938363,751900.0
2017-11-27,20.183279037475582,20.1916332349605,20.099738656026716,20.10809285351163,1222300.0
2017-11-28,20.266817092895508,20.275171289421607,20.208339310612885,20.208339310612885,1448100.0
2017-11-29,20.258464813232425,20.300234206415084,20.233402221282695,20.27517320786557,869700.0
2017-11-30,20.20833969116211,20.24175488449569,20.149861907778273,20.23340068781227,2147600.0
2017-12-01,20.191635131835938,20.26682132286316,20.12480313907845,20.250112926323688,1941700.0
2017-12-04,20.258464813232425,20.283527405182145,20.250110615915847,20.258464813232425,1310800.0
2017-12-05,20.291879653930664,20.316940650073644,20.266817064387624,20.30023225704495,593900.0
2017-12-06,20.34200668334961,20.358715079206895,20.308589891635037,20.308589891635037,327700.0
2017-12-07,20.383773803710938,20.392128000706823,20.33365021513579,20.375419606715056,431300.0
2017-12-08,20.417192459106445,20.44225345898609,20.3921298658265,20.40048406358648,370500.0
2017-12-11,20.417192459106445,20.425546656866427,20.36706727254656,20.40048406358648,562900.0
2017-12-12,20.450605392456055,20.48402217979607,20.44225119562105,20.458959589291062,503300.0
2017-12-13,20.30858612060547,20.43389587946613,20.30023192422809,20.4171890801114,2250900.0
2017-12-14,20.32529640197754,20.383774188652907,20.30858800767024,20.35035899343849,1208600.0
2017-12-15,20.408836364746097,20.425544758713336,20.350358579260885,20.350358579260885,1388900.0
2017-12-18,20.37789726257324,20.37789726257324,20.302640233443423,20.327724846552265,1257400.0
2017-12-19,20.31936264038086,20.37789712534449,20.31936264038086,20.369535056063967,591800.0
2017-12-20,20.294279098510746,20.336087852218235,20.269192889345216,20.32772578249639,421500.0
2017-12-21,20.28591537475586,20.32772412505443,20.277553305715827,20.3193620560144,1463000.0
2017-12-22,20.294279098510746,20.336087852218235,20.294279098510746,20.311003237954427,184700.0
2017-12-26,20.27755546569824,20.28591753562901,20.269193395767473,20.28591753562901,517500.0
2017-12-27,20.235748291015625,20.252470837281148,20.21902414984822,20.22738622043192,678700.0
2017-12-28,20.17721176147461,20.193935900954905,20.160489216896043,20.17721176147461,426100.0
2017-12-29,20.09359359741211,20.110316141444347,20.05178325007733,20.101955666879064,1459200.0
2018-01-02,20.00997543334961,20.04342211787979,20.00161336349163,20.00997543334961,546200.0
2018-01-03,20.085229873657227,20.093591942435452,20.04341952976609,20.05178159854432,679900.0
2018-01-04,20.018335342407227,20.035057885416393,20.001611204496484,20.0266974113626,650500.0
2018-01-05,20.035058975219727,20.068507252860627,20.026698500711163,20.051783114040177,370100.0
2018-01-08,20.12704086303711,20.13540293274614,20.10195624881174,20.11867879332808,969800.0
2018-01-09,20.168851852416992,20.185574397464663,20.15212771246755,20.16048978244227,1158400.0
2018-01-10,20.11867904663086,20.14376525607379,20.068508222646727,20.068508222646727,485100.0
2018-01-11,20.035058975219727,20.051783114040177,20.009974361890716,20.051783114040177,586800.0
2018-01-12,19.826011657714844,19.9179928246232,19.826011657714844,19.901268686112292,1098700.0
2018-01-16,19.717308044433594,19.800927142498868,19.69222183654352,19.784203003905485,2527000.0
2018-01-17,19.767480850219727,19.784204990492427,19.66713919838713,19.767480850219727,1057700.0
2018-01-18,19.742395401000977,19.76748001544892,19.717309191651307,19.7507574707842,425700.0
2018-01-19,19.775840759277344,19.775840759277344,19.717307869621095,19.7340320080662,748900.0
2018-01-22,19.70894432067871,19.76747720594039,19.70058225208397,19.725668457868192,1338400.0
2018-01-23,19.658777236938477,19.708948063132155,19.642053096573314,19.700585992949573,735500.0
2018-01-24,19.466453552246097,19.499900236605235,19.441367342800437,19.491538166790015,2078500.0
2018-01-25,19.491539001464844,19.550071897776164,19.307578242357582,19.374473208842208,4503100.0
2018-01-26,19.449729919433594,19.466454059499828,19.391197024103555,19.458091989466713,1603500.0
2018-01-29,19.499900817871097,19.55843371342068,19.483176677742133,19.516624958000055,1411200.0
2018-01-30,19.466453552246097,19.499900236605235,19.40791906353956,19.416281133354776,1466600.0
2018-01-31,19.44136619567871,19.491537016708,19.374471236005775,19.407917918391423,1401800.0
2018-02-01,19.34102439880371,19.44136764323525,19.32430185381659,19.433005573290806,1743300.0
2018-02-02,19.458093643188477,19.524988614236964,19.424645360213276,19.458093643188477,3709800.0
2018-02-05,19.541709899902344,19.566794513565966,19.51662369133704,19.524985760858808,3408900.0
2018-02-06,19.583518981933594,19.658776013993386,19.54171022852336,19.633689805006213,2694900.0
2018-02-07,19.734033584594727,19.74239565448532,19.608605726039393,19.625328270918818,2405400.0
2018-02-08,19.734033584594727,19.74239565448532,19.658776550481175,19.66713862037177,1663600.0
2018-02-09,19.750757217407227,19.775841831533363,19.71730893870343,19.742395147731276,1841300.0
2018-02-12,19.683862686157227,19.73403351041041,19.675500616298073,19.73403351041041,1097600.0
2018-02-13,19.57515335083008,19.60023955525314,19.55842921454804,19.59187748711212,1308500.0
2018-02-14,19.42464256286621,19.63368951665057,19.42464256286621,19.62532744711099,1639500.0
2018-02-15,19.34102439880371,19.424643503346363,19.332663923761032,19.38283474852592,1538000.0
2018-02-16,19.47481346130371,19.49153600417702,19.399556436218344,19.44136518575397,812600.0
2018-02-20,19.600242614746097,19.60860468419239,19.558432267514625,19.56679433696091,1366800.0
2018-02-21,19.675498962402344,19.692221505813233,19.5667936582727,19.616964478308592,1138000.0
2018-02-22,19.608606338500977,19.63369095405449,19.583520128045656,19.62532888390272,2011900.0
2018-02-23,19.650415420532227,19.667139561113373,19.61696713936993,19.642053350241653,523300.0
2018-02-26,19.625328063964844,19.6755004827793,19.625328063964844,19.642052203569666,1095400.0
2018-02-27,19.750757217407227,19.775841831533363,19.66713811554945,19.675500185225395,1527100.0
2018-02-28,19.80929183959961,19.826014385509684,19.767481487569796,19.77584355797576,1119700.0
2018-03-01,19.742395401000977,19.876185327729093,19.717309191651307,19.85109911837942,1405800.0
2018-03-02,19.658777236938477,19.700585992949573,19.650415166755895,19.683863447486218,602700.0
2018-03-05,19.658777236938477,19.708948063132155,19.642053096573314,19.700585992949573,1274300.0
2018-03-06,19.608606338500977,19.616966813750945,19.575158057893884,19.616966813750945,1492700.0
2018-03-07,19.591880798339844,19.683861968535407,19.57515665923125,19.58351872878555,443000.0
2018-03-08,19.717308044433594,19.734032183026976,19.61696480777494,19.61696480777494,520100.0
2018-03-09,19.692222595214844,19.734032943309103,19.67550005087884,19.734032943309103,641000.0
2018-03-12,19.667137145996097,19.70894589741303,19.650413007468664,19.692221758885605,1024800.0
2018-03-13,19.616968154907227,19.67550264997147,19.591883537638747,19.650416437801084,609600.0
2018-03-14,19.625328063964844,19.65877634317448,19.616965994162435,19.625328063964844,1280200.0
2018-03-15,19.70058250427246,19.725668710377818,19.65041168696328,19.65041168696328,564300.0
2018-03-16,19.750757217407227,19.775841831533363,19.70058479935153,19.70058479935153,782500.0
2018-03-19,19.667137145996097,19.70058382814932,19.64205093820495,19.683861284523523,403400.0
2018-03-20,19.784204483032227,19.784204483032227,19.72567158848093,19.72567158848093,841100.0
2018-03-21,19.625328063964844,19.750757516099245,19.616965994162435,19.71730923688961,1043800.0
2018-03-22,19.650415420532227,19.692224177083265,19.642053350241653,19.650415420532227,723600.0
2018-03-23,19.583518981933594,19.61696566568144,19.566794842608815,19.60860519092076,798700.0
2018-03-26,19.491539001464844,19.533349352331363,19.474816456020044,19.516625211984756,1186400.0
2018-03-27,19.583518981933594,19.60024312125837,19.54171022852336,19.583518981933594,533400.0
2018-03-28,19.759117126464844,19.759117126464844,19.65041341359319,19.65041341359319,696500.0
2018-03-29,19.742395401000977,19.759117945665693,19.700585052084858,19.700585052084858,942600.0
2018-04-02,19.734033584594727,19.750757724375905,19.683862760152945,19.683862760152945,301100.0
2018-04-03,19.767480850219727,19.784204990492427,19.750758304848823,19.767480850219727,541300.0
2018-04-04,19.759117126464844,19.759117126464844,19.70894630474729,19.7340325130569,634500.0
2018-04-05,19.834375381469727,19.85946159132867,19.7842045566536,19.800928696559563,720400.0
2018-04-06,19.759117126464844,19.792565404210993,19.742394582493436,19.759117126464844,1083700.0
2018-04-09,19.70894432067871,19.71730638927345,19.692220183489223,19.70058225208397,2411100.0
2018-04-10,19.658777236938477,19.692223922766992,19.633691026390732,19.650415166755895,876800.0
2018-04-11,19.64204978942871,19.667135995752673,19.591878971682327,19.64204978942871,696500.0
2018-04-12,19.683862686157227,19.73403351041041,19.667138546438917,19.7173093706921,1713300.0
2018-04-13,19.683862686157227,19.70058523097379,19.667138546438917,19.692223161114637,1506500.0
2018-04-16,19.616968154907227,19.633692296354155,19.591883537638747,19.60024560836221,512100.0
2018-04-17,19.616968154907227,19.66714057924801,19.616968154907227,19.650416437801084,574000.0
2018-04-18,19.658777236938477,19.667139307121055,19.61696688602557,19.633691026390732,388000.0
2018-04-19,19.717308044433594,19.734032183026976,19.642051015665015,19.642051015665015,298900.0
2018-04-20,19.834375381469727,19.85109952137569,19.792566626606583,19.809290766512547,1691000.0
2018-04-23,19.95980453491211,19.968165009837268,19.901270046123813,19.901270046123813,1482900.0
2018-04-24,19.934717178344727,19.96816386082599,19.90963097030754,19.95144131703618,1062600.0
2018-04-25,20.018335342407227,20.035057885416393,19.99324913554111,20.009973273451855,816400.0
2018-04-26,20.11031723022461,20.11867930014429,19.976527301313233,19.976527301313233,958500.0
2018-04-27,20.09359359741211,20.16885062771303,20.09359359741211,20.152126488779125,826800.0
2018-04-30,20.17721176147461,20.185573831214757,20.127040937935455,20.17721176147461,782700.0
2018-05-01,20.31100082397461,20.33608543525709,20.26919048033459,20.277552549062595,2809700.0
2018-05-02,20.402982711791992,20.402982711791992,20.260830717043824,20.311003135120856,1757300.0
2018-05-03,20.31936264038086,20.36117298678345,20.294278027440942,20.32772470966138,883200.0
2018-05-04,20.34444999694824,20.411344960067897,20.327725857442896,20.39462082056255,925100.0
2018-05-07,20.38625717163086,20.41970544805055,20.36953462832262,20.402981309840705,997100.0
2018-05-08,20.461517333984375,20.503327685915572,20.428070647341265,20.469879404370616,767000.0
2018-05-09,20.461517333984375,20.469879404370616,20.419708576955028,20.436432717727502,583000.0
2018-05-10,20.369537353515625,20.444794390626782,20.344451142844633,20.369537353515625,673200.0
2018-05-11,20.336088180541992,20.361174390112534,20.30264149601635,20.311003565873197,369600.0
2018-05-14,20.361175537109375,20.369537607437277,20.277556428732172,20.285918499060077,946400.0
2018-05-15,20.48659896850586,20.55349392174982,20.461512762951315,20.520047242578585,1044400.0
2018-05-16,20.536771774291992,20.570220051605148,20.511687161208773,20.536771774291992,2209100.0
2018-05-17,20.561861038208008,20.58694724992122,20.536774826494796,20.57022310877908,796700.0
2018-05-18,20.60366439819336,20.637112671714508,20.578579787953963,20.62875060333422,484000.0
2018-05-21,20.586944580078125,20.64547747158283,20.5785825105915,20.62039126312295,971300.0
2018-05-22,20.578582763671875,20.603667377538574,20.561858624492945,20.570220694082412,740900.0
2018-05-23,20.662202835083008,20.72909940010428,20.662202835083008,20.687289046965983,2260800.0
2018-05-24,20.637117385864254,20.653841526445134,20.59530703441206,20.653841526445134,471600.0
2018-05-25,20.737457275390625,20.745819344969696,20.712372661555108,20.737457275390625,604700.0
2018-05-29,20.879608154296875,20.90469436169549,20.829437334401256,20.837799403534127,1098400.0
2018-05-30,20.72073554992676,20.79599258421053,20.704011410107753,20.779268444391523,2345800.0
2018-05-31,20.70401382446289,20.754184654868716,20.68728968269363,20.720737966232143,3064000.0
2018-06-01,20.737457275390625,20.8043522371215,20.712372661555108,20.72909680071325,1583400.0
2018-06-04,20.72073554992676,20.73745809484401,20.65384058555249,20.67056313046974,2888900.0
2018-06-05,20.695650100708008,20.77926920797406,20.653841344525887,20.737458856890125,1837200.0
2018-06-06,20.637117385864254,20.637117385864254,20.57022241844257,20.61203117499294,1524800.0
2018-06-07,20.595306396484375,20.595306396484375,20.553497641229008,20.561859711260436,1027100.0
2018-06-08,20.60366439819336,20.64547474009479,20.60366439819336,20.637112671714508,586500.0
2018-06-11,20.620389938354492,20.62875200730389,20.578581188509062,20.603665800455698,948400.0
2018-06-12,20.662202835083008,20.695651117593645,20.603669935591288,20.62039407684661,1051300.0
2018-06-13,20.628753662109375,20.72073483302978,20.6036674532488,20.64547780134976,1800800.0
2018-06-14,20.896333694458008,20.896333694458008,20.754181699465704,20.754181699465704,3826300.0
2018-06-15,20.879608154296875,20.90469436169549,20.862885610932743,20.871246085164003,1226700.0
2018-06-18,20.879608154296875,20.91305643082836,20.879608154296875,20.90469436169549,1152700.0
2018-06-19,20.938142776489254,20.979951527528083,20.92978070730117,20.963227389151903,849600.0
2018-06-20,20.95486640930176,20.97159054854734,20.92978179533509,20.93814386495788,1258100.0
2018-06-21,20.896333694458008,20.954866587413356,20.862887010584256,20.93814404292734,3080000.0
2018-06-22,20.82107734680176,20.896334381619617,20.82107734680176,20.83780148673945,1596700.0
2018-06-25,20.78763008117676,20.82107676521613,20.77090594170621,20.80435262574558,941900.0
2018-06-26,20.896333694458008,20.896333694458008,20.82943873180879,20.837800801502656,1220600.0
2018-06-27,21.02176094055176,21.046847148906,20.938143435840953,20.938143435840953,1612500.0
2018-06-28,21.02176094055176,21.046847148906,20.979952188196354,21.030123010003173,798900.0
2018-06-29,20.85452651977539,20.938145628143097,20.85452651977539,20.921421487489187,1134200.0
2018-07-02,20.95486640930176,20.996676757415713,20.95486640930176,20.996676757415713,788600.0
2018-07-03,20.887969970703125,20.90469410876652,20.87124583263973,20.90469410876652,492100.0
2018-07-05,20.82107734680176,20.862887696645995,20.812715276832908,20.83780148673945,860800.0
2018-07-06,20.754180908203125,20.77090504695324,20.72073422560454,20.745818838828065,727600.0
2018-07-09,20.762544631958008,20.795992912123435,20.704011736570298,20.712373806611648,791800.0
2018-07-10,20.770904541015625,20.837799499485016,20.770904541015625,20.821075361142263,873200.0
2018-07-11,20.913055419921875,20.929779557379195,20.770903441337698,20.770903441337698,795600.0
2018-07-12,20.92978286743164,20.938144937482768,20.89633458722714,20.92978286743164,1109800.0
2018-07-13,20.904695510864254,20.988314611888057,20.904695510864254,20.971590472702957,543700.0
2018-07-16,20.871246337890625,20.896332545593005,20.846161725089875,20.862885863558127,458500.0
2018-07-17,20.96323013305664,20.996678414187087,20.904697235980187,20.904697235980187,1234200.0
2018-07-18,20.98831558227539,21.030124337269456,20.97159144231706,21.030124337269456,507500.0
2018-07-19,21.030122756958008,21.105379786213536,20.963227797053275,21.097017716862737,1390200.0
2018-07-20,20.86288833618164,20.913059162630905,20.84616419573128,20.896335022180544,1048500.0
2018-07-23,20.896333694458008,20.921419903539608,20.862887010584256,20.862887010584256,1576300.0
2018-07-24,20.904695510864254,20.913057580456808,20.85452468821066,20.896333441271707,353900.0
2018-07-25,20.804353713989254,20.90469696115962,20.795993238718385,20.854526135025345,397200.0
2018-07-26,20.946504592895508,20.946504592895508,20.871247560282328,20.879609630006208,1280000.0
2018-07-27,20.92142105102539,20.9381451913304,20.913058980872886,20.9381451913304,439700.0
2018-07-30,20.846160888671875,20.87960756936476,20.829436750874653,20.87960756936476,591300.0
2018-07-31,20.887969970703125,20.896332039734823,20.854523289477925,20.87124583263973,576200.0
2018-08-01,20.913055419921875,20.929779557379195,20.89633128246455,20.913055419921875,445800.0
2018-08-02,21.030122756958008,21.0468468956596,20.971589866404074,20.988314005105668,906700.0
2018-08-03,21.04684829711914,21.06357243693436,20.99667747257525,21.06357243693436,730700.0
2018-08-06,21.08029556274414,21.113743843296287,21.071935087507907,21.097019703020216,647900.0
2018-08-07,21.05520820617676,21.071932344275613,21.021759929979048,21.030121999028477,304900.0
2018-08-08,21.030122756958008,21.071933103711995,21.02176068760721,21.0552089650104,288500.0
2018-08-09,21.15555191040039,21.15555191040039,21.055210261814015,21.063572331679836,474400.0
2018-08-10,21.306068420410156,21.33951670370749,21.25589759036609,21.31443049123449,718400.0
2018-08-13,21.314428329467773,21.347876609372697,21.272619574488395,21.297704189515315,700800.0
2018-08-14,21.39804458618164,21.423130792771275,21.314425492451075,21.32278756131429,1770600.0
2018-08-15,21.39804458618164,21.46493954218578,21.389682517318427,21.456577473322568,877900.0
2018-08-16,21.381322860717773,21.42313320975092,21.322789966973108,21.372960790911144,640800.0
2018-08-17,21.27261734008789,21.331150228871643,21.27261734008789,21.314426090675827,1019300.0
2018-08-20,21.22244453430176,21.29770155989409,21.21408406025956,21.27261694796436,606200.0
2018-08-21,21.09701919555664,21.17227623008695,21.046848370837026,21.155552090213156,1564500.0
2018-08-22,21.03848648071289,21.080295235852947,21.02176234069616,21.03848648071289,983300.0
2018-08-23,21.172273635864254,21.197359842601156,21.097016610555137,21.13882695511663,1141900.0
2018-08-24,21.071931838989254,21.13046472603009,21.03848356359361,21.113740588332263,767500.0
2018-08-27,20.98831558227539,21.046848477227787,20.97159144231706,21.03848640724862,1301900.0
2018-08-28,20.98831558227539,20.98831558227539,20.913058547364663,20.913058547364663,993500.0
2018-08-29,20.95486640930176,21.021761371382382,20.946504339678967,20.98831468779292,597200.0
2018-08-30,20.97159194946289,21.03012484583076,20.97159194946289,20.99667816000704,610000.0
2018-08-31,21.063570022583008,21.105378772427084,21.00503713484067,21.038483815735617,988600.0
2018-09-04,21.15555191040039,21.214086399461152,21.147191435436316,21.172276050132037,2664700.0
2018-09-05,21.08029556274414,21.122105913434325,21.08029556274414,21.08029556274414,476900.0
2018-09-06,21.08029556274414,21.10538177315825,21.046848877093797,21.06357301736987,873700.0
2018-09-07,21.13882827758789,21.163912890992545,21.09701793041069,21.11374206928157,741000.0
2018-09-10,21.09701919555664,21.105381265493538,21.071934580647714,21.09701919555664,955000.0
2018-09-11,21.11374282836914,21.138829037577366,21.097018688896988,21.11374282836914,621900.0
2018-09-12,21.03848648071289,21.105381445878045,21.0050397955812,21.08865730586131,850100.0
2018-09-13,20.979951858520508,20.996675997160537,20.93814310682208,20.946503581240453,518500.0
2018-09-14,21.05520820617676,21.080292818423448,20.988313248682932,21.005037386781787,1536400.0
2018-09-17,20.95486640930176,20.97995261817013,20.95486640930176,20.96322847892455,338400.0
2018-09-18,20.98831558227539,21.01340019731112,20.921420617343827,20.94650523237956,393500.0
2018-09-19,20.979951858520508,21.01339854089892,20.954865650560468,20.98831392784052,267900.0
2018-09-20,20.829437255859375,20.88797014466715,20.821075186758033,20.854523463163396,1248000.0
2018-09-21,20.896333694458008,20.92978197323347,20.87960955507027,20.91305783384574,742700.0
2018-09-24,20.896333694458008,20.91305783384574,20.812714592421056,20.82943873180879,2013500.0
2018-09-25,20.913055419921875,20.913055419921875,20.85452253372278,20.87960714500723,695100.0
2018-09-26,20.92142105102539,20.954867736733608,20.846164014554653,20.954867736733608,629000.0
2018-09-27,21.071931838989254,21.088654381785528,21.00503688309951,21.046845632442523,2658200.0
2018-09-28,21.122106552124023,21.163915309176616,21.08865827056047,21.15555323878573,1125200.0
2018-10-01,21.15555191040039,21.18063811999786,21.113743155973022,21.130467295704673,1595100.0
2018-10-02,21.18899917602539,21.23080792845232,21.17227503709395,21.21408538442255,1471500.0
2018-10-03,21.255895614624023,21.280981824765252,21.214086859290425,21.222447334435717,1033800.0
2018-10-04,21.264257431030273,21.306066185865173,21.222447081293605,21.264257431030273,1018000.0
2018-10-05,21.23917007446289,21.28098042194217,21.23080800496703,21.247532143958747,1279500.0
2018-10-08,21.264257431030273,21.331152395707175,21.264257431030273,21.32279032575984,761000.0
2018-10-09,21.255895614624023,21.356238860287153,21.247533544576942,21.331152650145924,898600.0
2018-10-10,21.230806350708008,21.255892557240912,21.197359670232352,21.230806350708008,1051600.0
2018-10-11,21.11374282836914,21.1889998610921,21.11374282836914,21.147191107313443,446700.0
2018-10-12,21.18063735961914,21.205723568316024,21.15555115092226,21.16391322048789,1070400.0
2018-10-15,21.13046646118164,21.147190600252785,21.113742322110493,21.13046646118164,422600.0
2018-10-16,21.13882827758789,21.13882827758789,21.08029379153981,21.08029379153981,244900.0
2018-10-17,21.24753189086914,21.26425602966164,21.180636930600787,21.20572313878954,641500.0
2018-10-18,21.339513778686523,21.347875848364662,21.255894676806847,21.272618816163124,541900.0
2018-10-19,21.29770278930664,21.339513136438985,21.25589403707596,21.331151067012517,667200.0
2018-10-22,21.372961044311523,21.381323114217295,21.339514359590193,21.339514359590193,1247000.0
2018-10-23,21.339513778686523,21.372960462497367,21.314427569652107,21.3562379180428,711300.0
2018-10-24,21.448217391967773,21.473303600882037,21.423132777955217,21.456579461605862,1189200.0
2018-10-25,21.506750106811523,21.531836315518483,21.456579284299295,21.456579284299295,1760100.0
2018-10-26,21.448217391967773,21.53183649344694,21.4314932526916,21.53183649344694,585100.0
2018-10-29,21.506750106811523,21.531836315518483,21.481665493006258,21.498388037242535,400700.0
2018-10-30,21.598731994628903,21.60709406447566,21.53183703075661,21.54019910060336,571700.0
2018-10-31,21.590370178222656,21.640541002990386,21.57364603833283,21.623818458002315,814100.0
2018-11-01,21.448217391967773,21.50675028453268,21.423132777955217,21.50675028453268,781400.0
2018-11-02,21.498388290405273,21.523474499407648,21.423132853201576,21.46494160663715,802900.0
2018-11-05,21.490028381347656,21.498388856333488,21.43985596202216,21.498388856333488,752800.0
2018-11-06,21.439857482910156,21.47330576483322,21.431495412429392,21.464943694352456,422200.0
2018-11-07,21.39804458618164,21.423130792771275,21.339511699040713,21.339511699040713,892800.0
2018-11-08,21.523473739624023,21.556922017113124,21.41477002758776,21.43985464080293,960500.0
2018-11-09,21.565284729003903,21.615455551830696,21.54856058976107,21.582007273345035,756900.0
2018-11-12,21.757606506347656,21.757606506347656,21.673987409029237,21.69907361669525,617600.0
2018-11-13,21.682350158691406,21.71579684172743,21.64053981126928,21.699074297660253,1204600.0
2018-11-14,21.60709571838379,21.6907148283502,21.57364743643648,21.68235275786337,714100.0
2018-11-15,21.657262802124023,21.690711078288533,21.607091982778854,21.690711078288533,475800.0
2018-11-16,21.498388290405273,21.531836569075107,21.49002781563953,21.523474499407648,991400.0
2018-11-19,21.481666564941406,21.498389110012145,21.439856215010135,21.481666564941406,496700.0
2018-11-20,21.590370178222656,21.6154563880574,21.506751073675275,21.506751073675275,374800.0
2018-11-21,21.590370178222656,21.590370178222656,21.540199353454938,21.54856142339985,514600.0
2018-11-23,21.63218116760254,21.640541642892902,21.590370816641652,21.590370816641652,147200.0
2018-11-26,21.673986434936523,21.673986434936523,21.590367341376194,21.590367341376194,244700.0
2018-11-27,21.732521057128903,21.76596933518424,21.65726402640609,21.65726402640609,1076000.0
2018-11-28,21.623815536499023,21.774329585368633,21.58200519242327,21.740881310108033,1654300.0
2018-11-29,21.590370178222656,21.640541002990386,21.590370178222656,21.6154563880574,535900.0
2018-11-30,21.673986434936523,21.73251932195829,21.64053815955177,21.64053815955177,325700.0
2018-12-03,21.682350158691406,21.682350158691406,21.632179336686537,21.64053981126928,478600.0
2018-12-04,21.640541076660156,21.68235142652706,21.55692356672988,21.55692356672988,879100.0
2018-12-06,21.63218116760254,21.640541642892902,21.56528620096693,21.63218116760254,492100.0
2018-12-07,21.573646545410156,21.61545689611746,21.556924000029035,21.590370685693077,1236600.0
2018-12-10,21.715797424316406,21.73252156373393,21.61545577761471,21.61545577761471,1093100.0
2018-12-11,21.77433204650879,21.8077787306483,21.72415962794693,21.73252169770724,554600.0
2018-12-12,21.690711975097656,21.740882796517155,21.65726369755022,21.740882796517155,874300.0
2018-12-13,21.690711975097656,21.749244865904014,21.682349905710797,21.707434518969716,832900.0
2018-12-14,21.77433204650879,21.841227009689543,21.77433204650879,21.81614080040861,446600.0
2018-12-17,21.715797424316406,21.74088363344269,21.69071281009184,21.72415949402517,437300.0
2018-12-18,21.70743751525879,21.72416165634095,21.665628757455263,21.665628757455263,903600.0
2018-12-19,21.715797424316406,21.715797424316406,21.582007498779667,21.640540391839277,850000.0
2018-12-20,21.548561096191406,21.632180199469055,21.49838867728377,21.59036985037936,1127500.0
2018-12-21,21.690711975097656,21.71579658835658,21.590368737357,21.590368737357,1157000.0
2018-12-24,21.5943603515625,21.653524338554508,21.54364997476602,21.653524338554508,907100.0
2018-12-26,21.704235076904297,21.7380414579805,21.602812709568013,21.619716706133033,723700.0
2018-12-27,21.611265182495117,21.687331556654502,21.569006802208293,21.687331556654502,571600.0
2018-12-28,21.55210304260254,21.594361423354712,21.5267470469189,21.5267470469189,892100.0
2018-12-31,21.509845733642575,21.57746011344748,21.509845733642575,21.56900811446512,625300.0
2019-01-02,21.670429229736328,21.72114122445326,21.65352684355135,21.687333227975305,1241600.0
2019-01-03,21.55210304260254,21.645073414721992,21.55210304260254,21.645073414721992,486200.0
2019-01-04,21.518295288085938,21.653525654518017,21.518295288085938,21.653525654518017,1367300.0
2019-01-07,21.42532539367676,21.45913177445613,21.416873395468457,21.433777391885055,947600.0
2019-01-08,21.49294090270996,21.50984490001956,21.467584906745564,21.48448890405516,1929000.0
2019-01-09,21.290096282958984,21.44222902400332,21.290096282958984,21.425325027875324,1293800.0
2019-01-10,21.41687393188477,21.425325930304755,21.349259556578694,21.349259556578694,691400.0
2019-01-11,21.43377685546875,21.459131237405288,21.40842086147843,21.40842086147843,624700.0
2019-01-14,21.43377685546875,21.44222885346553,21.399968863481657,21.4168728594752,597000.0
2019-01-15,21.509845733642575,21.58591211242984,21.459133739748424,21.476037737713146,1286500.0
2019-01-16,21.535202026367188,21.552106025829456,21.51829802690492,21.51829802690492,268900.0
2019-01-17,21.535202026367188,21.594364412431,21.526750026636055,21.535202026367188,330400.0
2019-01-18,21.602813720703125,21.62816971673746,21.543651342010257,21.543651342010257,1957700.0
2019-01-22,21.602813720703125,21.661976099395996,21.585911335400816,21.661976099395996,794700.0
2019-01-23,21.55210304260254,21.619717419038352,21.55210304260254,21.594361423354712,1153800.0
2019-01-24,21.67888069152832,21.704236688258316,21.577459928716248,21.577459928716248,267400.0
2019-01-25,21.501392364501953,21.594361123275604,21.49294036605819,21.594361123275604,619100.0
2019-01-28,21.518295288085938,21.526747286741312,21.46758490820761,21.501392902829103,932700.0
2019-01-29,21.52674674987793,21.52674674987793,21.484488369708867,21.51829475143334,591200.0
2019-01-30,21.41687393188477,21.552102682496905,21.3830659382048,21.52674668723693,1213100.0
2019-01-31,21.459131240844727,21.476035236840985,21.39151686891348,21.39151686891348,1455000.0
2019-02-01,21.459131240844727,21.484487234839115,21.425324860906,21.425324860906,1043600.0
2019-02-04,21.518295288085938,21.552103282707435,21.518295288085938,21.518295288085938,806700.0
2019-02-05,21.57746124267578,21.602815628895776,21.53520124555236,21.560557243826413,633000.0
2019-02-06,21.661975860595703,21.67042785918064,21.594361483970097,21.594361483970097,575200.0
2019-02-07,21.71268844604492,21.71268844604492,21.67042845196423,21.67888045078037,396900.0
2019-02-08,21.7380428314209,21.7380428314209,21.69578444939224,21.712688447025283,263800.0
2019-02-11,21.82256126403809,21.8479172605533,21.788754880738413,21.788754880738413,829300.0
2019-02-12,21.746492385864254,21.8225587546089,21.73804038799777,21.80565475887592,437000.0
2019-02-13,21.864822387695312,21.864822387695312,21.780304006999263,21.822562391320275,374100.0
2019-02-14,21.839466094970703,21.890176477881973,21.822562096648944,21.839466094970703,522600.0
2019-02-15,21.79720687866211,21.87327164409667,21.788754879824054,21.831013261960365,480000.0
2019-02-19,21.71268844604492,21.79720682215236,21.704236447228784,21.79720682215236,1069200.0
2019-02-20,21.729589462280273,21.746493458847304,21.678879084633024,21.73804146056379,352200.0
2019-02-21,21.746492385864254,21.763396381597236,21.712686006452063,21.712686006452063,209100.0
2019-02-22,21.7380428314209,21.763398827870457,21.712688447025283,21.74649483023742,165800.0
2019-02-25,21.72113990783691,21.75494629021171,21.704235910622565,21.704235910622565,372100.0
2019-02-26,21.636621475219727,21.729590235539053,21.602813480882592,21.687331854671537,391400.0
2019-02-27,21.653526306152344,21.67042869191783,21.61126631160371,21.61126631160371,389100.0
2019-02-28,21.670429229736328,21.695785227094795,21.636622845312377,21.645074844431864,340500.0
2019-03-01,21.754945755004883,21.763397753404124,21.645072999922466,21.661975384667087,886700.0
2019-03-04,21.780302047729492,21.822560428249105,21.780302047729492,21.780302047729492,254100.0
2019-03-05,21.839466094970703,21.873272479560217,21.805658098327186,21.814110097488065,426200.0
2019-03-06,21.839466094970703,21.847918094131582,21.822562096648944,21.831014095809824,782600.0
2019-03-07,22.033855438232425,22.033855438232425,21.932434680701068,21.932434680701068,689700.0
2019-03-08,21.96624183654785,21.96624183654785,21.940885840244608,21.96624183654785,512400.0
2019-03-11,21.915531158447266,21.96624153831132,21.915531158447266,21.932435155753257,605700.0
2019-03-12,21.873271942138672,21.89862793899832,21.847917557332995,21.890175940045104,593800.0
2019-03-13,21.7718505859375,21.847916962391107,21.76339858721444,21.83946496366805,519800.0
2019-03-14,21.839466094970703,21.847918094131582,21.822562096648944,21.831014095809824,266500.0
2019-03-15,21.8056583404541,21.82256233896356,21.78030395474394,21.82256233896356,349800.0
2019-03-18,21.780302047729492,21.814108429734404,21.763398050700093,21.763398050700093,381500.0
2019-03-19,21.754945755004883,21.77184975180337,21.7380417582064,21.74649375660564,269400.0
2019-03-20,21.6281681060791,21.788752844896596,21.602812111933034,21.763396850750528,1034500.0
2019-03-21,21.763397216796875,21.814107593888128,21.704234841514776,21.712686839705626,575800.0
2019-03-22,21.8056583404541,21.85637033598248,21.7972079532534,21.8056583404541,690100.0
2019-03-25,21.8056583404541,21.81411033970883,21.771851955489208,21.771851955489208,416100.0
2019-03-26,21.873271942138672,21.873271942138672,21.822561560473343,21.83101355942656,254000.0
2019-03-27,21.89862632751465,21.907078325845895,21.864819946243507,21.881722330852153,225300.0
2019-03-28,21.974693298339844,22.000049294023484,21.949337302656204,21.96624129977863,315000.0
2019-03-29,22.00005149841309,22.00005149841309,21.9493395019645,21.957791501372597,582400.0
2019-04-01,21.98314666748047,22.000050665656804,21.940886672039625,21.94933867112779,877300.0
2019-04-02,22.008501052856445,22.059211431617467,22.000049054387297,22.01695143927172,325500.0
2019-04-03,21.974693298339844,21.974693298339844,21.93243491758767,21.957789301217417,2471200.0
2019-04-04,22.00005149841309,22.016953885175223,22.00005149841309,22.016953885175223,294000.0
2019-04-05,22.02540397644043,22.05075997246804,22.008501591142608,22.008501591142608,222400.0
2019-04-08,21.94933700561523,21.97469300095573,21.940885007168404,21.957789004062068,329800.0
2019-04-09,21.95779037475586,21.95779037475586,21.91553199193763,21.91553199193763,958800.0
2019-04-10,21.923982620239254,21.9915969957536,21.91553062179323,21.9915969957536,1064300.0
2019-04-11,21.991596221923828,22.00004822007245,21.957788229329346,21.98314422377521,287100.0
2019-04-12,21.940887451171875,21.95779144994848,21.89862906628441,21.907081065672713,336400.0
2019-04-15,21.93243408203125,21.949336466455858,21.915530085552813,21.915530085552813,197500.0
2019-04-16,21.98314666748047,21.98314666748047,21.940886672039625,21.96624266930413,267200.0
2019-04-17,21.96624183654785,21.983145834083345,21.957789837780105,21.96624183654785,162200.0
2019-04-18,22.084566116333008,22.093018114917495,22.042307735464487,22.05075973404897,491700.0
2019-04-22,22.033855438232425,22.059211433642197,22.033855438232425,22.05075943517227,230300.0
2019-04-23,22.10992431640625,22.16063470091499,22.10992431640625,22.12682831526052,734000.0
2019-04-24,22.21979522705078,22.2620536055333,22.135276858031936,22.16908323840719,565400.0
2019-04-25,22.262056350708008,22.270508349857504,22.228248354110026,22.25360435155851,709900.0
2019-04-26,22.23669815063477,22.23669815063477,22.185987772814837,22.22824615232247,268300.0
2019-04-29,22.185989379882812,22.25360375922506,22.185989379882812,22.23669976137601,293500.0
2019-04-30,22.11837387084961,22.1521802527671,22.101469873863927,22.109921872356768,1107300.0
2019-05-01,22.14373207092285,22.169086456871742,22.033857691630864,22.093020074916993,732900.0
2019-05-02,22.194438934326172,22.2028909323198,22.152178944358027,22.152178944358027,240100.0
2019-05-03,22.10992431640625,22.21134669747779,22.10992431640625,22.202894698050656,1292700.0
2019-05-06,22.1268253326416,22.16908371202693,22.11837333435377,22.160631713739093,453100.0
2019-05-07,22.14373207092285,22.18599045554036,22.135280071588543,22.15218245820312,451300.0
2019-05-08,22.152179718017575,22.169083714595203,22.118373336916168,22.135277333493793,254100.0
2019-05-09,22.10992431640625,22.169086700342124,22.076117930751774,22.15218270148786,205000.0
2019-05-10,22.101470947265625,22.10992294616895,22.0507605658996,22.07611656260959,273200.0
2019-05-13,22.101470947265625,22.10992294616895,22.03385656809294,22.03385656809294,395400.0
2019-05-14,22.152179718017575,22.152179718017575,22.135277333493793,22.135277333493793,200100.0
2019-05-15,22.160633087158203,22.194441082404808,22.13527870277719,22.177537084781505,414700.0
2019-05-16,22.21979522705078,22.24514960931877,22.194439232728985,22.194439232728985,169400.0
2019-05-17,22.2705078125,22.2705078125,22.228247817772193,22.228247817772193,399700.0
2019-05-20,22.253604888916016,22.2620568882696,22.24515288956243,22.2620568882696,400400.0
2019-05-21,22.287410736083984,22.304313121106404,22.236698744855055,22.287410736083984,758700.0
2019-05-22,22.30431365966797,22.30431365966797,22.278959275495183,22.28741127423742,311500.0
2019-05-23,22.262056350708008,22.371929115543452,22.23670035325952,22.363477116393955,538400.0
2019-05-24,22.185989379882812,22.23669976137601,22.185989379882812,22.22824776245148,228000.0
2019-05-28,22.278959274291992,22.295861659721627,22.22824728184131,22.22824728184131,455000.0
2019-05-29,22.329669952392575,22.338121951247043,22.29586195697472,22.312765954683652,355200.0
2019-05-30,22.33812141418457,22.363475798084433,22.329669415533314,22.346573412835827,228300.0
2019-05-31,22.24515151977539,22.304313899553417,22.236699520942253,22.304313899553417,569600.0
2019-06-03,22.1268253326416,22.22824608798792,22.101469337778106,22.22824608798792,2164100.0
2019-06-04,22.101470947265625,22.160633327534978,22.084566949458964,22.143730941782277,880800.0
2019-06-05,22.177536010742188,22.177536010742188,22.06766325561965,22.08456564037044,1373700.0
2019-06-06,22.101470947265625,22.135278942878944,22.0507605658996,22.101470947265625,567000.0
2019-06-07,22.008501052856445,22.042307434679167,21.974693058979845,22.02540343774087,685100.0
2019-06-10,22.033855438232425,22.093017815468023,22.033855438232425,22.042307436702345,497700.0
2019-06-11,22.042306900024418,22.06766289481683,22.025402903496136,22.042306900024418,160500.0
2019-06-12,22.101470947265625,22.10992294616895,22.03385656809294,22.067664563706263,407200.0
2019-06-13,22.11837387084961,22.135277867835295,22.101469873863927,22.11837387084961,288800.0
2019-06-14,22.23669815063477,22.253602147259357,22.17753577450254,22.194439771127133,541100.0
2019-06-17,22.24515151977539,22.25360351860853,22.20289313766364,22.20289313766364,226000.0
2019-06-18,22.278959274291992,22.295861659721627,22.219796895153458,22.219796895153458,782400.0
2019-06-19,22.177536010742188,22.253602384309275,22.135277630784408,22.23669838750462,853600.0
2019-06-20,22.042306900024418,22.07611489308097,22.033854901760275,22.050758898288553,652300.0
2019-06-21,21.93243408203125,22.05075883327265,21.93243408203125,22.025402838554996,1123300.0
2019-06-24,21.89862632751465,21.940884707117036,21.8901743291834,21.92398232250839,3073800.0
2019-06-25,21.94933700561523,21.983144999402565,21.88172263009445,21.898626626988115,1605700.0
2019-06-26,21.96624183654785,21.983145834083345,21.9155314559953,21.957789837780105,224300.0
2019-06-27,21.96624183654785,21.9746938353156,21.957789837780105,21.957789837780105,753200.0
2019-06-28,21.94933700561523,21.983144999402565,21.923982622328612,21.94933700561523,285900.0
2019-07-01,22.10992431640625,22.118376315833384,22.008503547388766,22.016953934761844,1022300.0
2019-07-02,22.093017578125,22.109921574883256,22.050759198283227,22.076115193420605,383900.0
2019-07-03,22.093017578125,22.109921574883256,22.050759198283227,22.076115193420605,677800.0
2019-07-05,22.211345672607425,22.2620560547763,22.20289367357028,22.20289367357028,389700.0
2019-07-08,22.253604888916016,22.2620568882696,22.228248890855255,22.236700890208844,316900.0
2019-07-09,22.2705078125,22.28741181039112,22.26205581355444,22.27895981144556,370400.0
2019-07-10,22.177536010742188,22.23669838750462,22.16908401233986,22.219796002753828,540500.0
2019-07-11,22.177536010742188,22.20289200594917,22.16908401233986,22.16908401233986,158900.0
2019-07-12,22.135278701782227,22.17753708378464,22.118374704159685,22.17753708378464,208900.0
2019-07-15,22.169084548950195,22.169084548950195,22.135278166576448,22.135278166576448,217900.0
2019-07-16,22.2705078125,22.27895981144556,22.228247817772193,22.228247817772193,485600.0
2019-07-17,22.228248596191406,22.262056593157585,22.21134620976234,22.262056593157585,260000.0
2019-07-18,22.10992431640625,22.245153083132266,22.10992431640625,22.228249084278,350600.0
2019-07-19,22.21979522705078,22.253601607426035,22.194439232728985,22.211343228943516,332100.0
2019-07-22,22.262056350708008,22.262056350708008,22.23670035325952,22.245152352409015,286100.0
2019-07-23,22.363475799560547,22.37192779821236,22.33812141565901,22.33812141565901,309900.0
2019-07-24,22.363475799560547,22.38037979686418,22.329669417007196,22.355025412962643,292300.0
2019-07-25,22.405736923217773,22.422640921374235,22.32121854448947,22.34657454172416,1315600.0
2019-07-26,22.43954086303711,22.464896857509657,22.414186480618376,22.414186480618376,438500.0
2019-07-29,22.456449508666992,22.48180550838917,22.4479975087596,22.473353508481775,803900.0
2019-07-30,22.456449508666992,22.49025750829656,22.456449508666992,22.473353508481775,274300.0
2019-07-31,22.591676712036133,22.600128711355765,22.439543948390792,22.464899946349696,810400.0
2019-08-01,22.52406120300293,22.65083796234869,22.515609204106017,22.65083796234869,1117900.0
2019-08-02,22.473350524902344,22.532512904345495,22.464898526117047,22.532512904345495,370700.0
2019-08-05,22.363475799560547,22.39728379416781,22.329669417007196,22.38037979686418,1188500.0
2019-08-06,22.388830184936523,22.405734181024137,22.355023804815097,22.388830184936523,369900.0
2019-08-07,22.37192726135254,22.380379259801533,22.312764884263466,22.346572878059433,1999900.0
2019-08-08,22.388830184936523,22.405734181024137,22.329667810683674,22.405734181024137,2407900.0
2019-08-09,22.363475799560547,22.38883179551599,22.32121741835538,22.363475799560547,523600.0
2019-08-12,22.34657287597656,22.355024874424767,22.321216880631948,22.33812087752836,650200.0
2019-08-13,22.447994232177734,22.447994232177734,22.33812147352732,22.346573472201033,483800.0
2019-08-14,22.49870491027832,22.49870491027832,22.42263853871117,22.439540923017567,813600.0
2019-08-15,22.515607833862305,22.540963829009936,22.473349454003444,22.481801452385987,2435300.0
2019-08-16,22.53251266479492,22.574771046218213,22.51560866740404,22.574771046218213,730300.0
2019-08-19,22.583221435546875,22.591673433639997,22.540963057135077,22.5494150552282,517900.0
2019-08-20,22.53251266479492,22.600127042304543,22.52406066609948,22.5916750436091,516700.0
2019-08-21,22.55786895751953,22.57477134307877,22.53251296109977,22.54096495990636,1076900.0
2019-08-22,22.54096221923828,22.566318212575105,22.515606225901458,22.54096221923828,299600.0
2019-08-23,22.4141902923584,22.625485446067536,22.40573829276354,22.566323060957632,2520300.0
2019-08-26,22.53251266479492,22.53251266479492,22.49025428337163,22.498706282067072,487700.0
2019-08-27,22.515607833862305,22.515607833862305,22.49025345076853,22.498705449151075,284900.0
2019-08-28,22.566322326660156,22.574772713925952,22.54096632870066,22.549418328020497,808700.0
2019-08-29,22.6254825592041,22.642386556236975,22.56632018164293,22.591674565138355,1463500.0
2019-08-30,22.71000099182129,22.75225937246032,22.608578621412175,22.64238661556651,623500.0
2019-09-03,22.760713577270508,22.82832796007937,22.735357579196915,22.811423961363644,1803600.0
2019-09-04,22.61703109741211,22.676193476377264,22.6085790986951,22.66774147766025,1136600.0
2019-09-05,22.6254825592041,22.6254825592041,22.54096418609362,22.549416184610056,799900.0
2019-09-06,22.633935928344727,22.633935928344727,22.566321548172652,22.59167593320344,813300.0
2019-09-09,22.591676712036133,22.6085807106754,22.566322326131267,22.600128711355765,936100.0
2019-09-10,22.61703109741211,22.62548309612912,22.60012709997809,22.6085790986951,286900.0
2019-09-11,22.68464469909668,22.710000694380337,22.676192700668796,22.68464469909668,449500.0
2019-09-12,22.61703109741211,22.735355855342416,22.583223102544064,22.718451857908395,450400.0
2019-09-13,22.583221435546875,22.608577429826237,22.56631905141444,22.574769437453757,2010800.0
2019-09-16,22.68464469909668,22.70154869595245,22.650836705385142,22.650836705385142,433100.0
2019-09-17,22.583221435546875,22.68464380061052,22.583221435546875,22.667739804424276,395400.0
2019-09-18,22.667739868164062,22.70154786063161,22.608577493399665,22.61702949151655,895600.0
2019-09-19,22.61703109741211,22.64238709356314,22.591675101261075,22.61703109741211,517200.0
2019-09-20,22.676193237304688,22.701549233188395,22.667741238676783,22.676193237304688,303200.0
2019-09-23,22.71000099182129,22.726903376844568,22.693096994744124,22.726903376844568,355300.0
2019-09-24,22.6254825592041,22.693096935281712,22.6254825592041,22.693096935281712,513600.0
2019-09-25,22.802968978881836,22.811420977133995,22.718450608414084,22.7353546049184,894900.0
2019-09-26,22.86213493347168,22.87058693304693,22.76071416267686,22.777618161827355,821500.0
2019-09-27,22.828325271606445,22.85368126669388,22.802969276519008,22.85368126669388,394300.0
2019-09-30,22.904394149780273,22.91284614906711,22.870586152632907,22.904394149780273,427500.0
2019-10-01,22.828325271606445,22.963554021298396,22.819873273243964,22.95510202293592,972700.0
2019-10-02,22.811420440673828,22.853680430940788,22.802968442620436,22.845228432887396,713300.0
2019-10-03,22.802968978881836,22.82832497363831,22.7353546049184,22.81987297538615,896300.0
2019-10-04,22.78606605529785,22.819874049898395,22.77761566870163,22.802970052598123,2127300.0
2019-10-07,22.828325271606445,22.828325271606445,22.769162895122943,22.777614893485424,452900.0
2019-10-08,22.86213493347168,22.887490932197423,22.81987654764952,22.81987654764952,1320500.0
2019-10-09,22.84522819519043,22.86213057906755,22.819872201294075,22.819872201294075,346000.0
2019-10-10,22.752260208129883,22.81142258801906,22.743808209280868,22.786066591472007,467300.0
2019-10-11,22.667739868164062,22.70154786063161,22.642385485867212,22.667739868164062,558800.0
2019-10-14,22.735355377197266,22.735355377197266,22.70154899509412,22.718451380118747,336600.0
2019-10-15,22.667739868164062,22.76071023539601,22.659287870047176,22.743806239162236,413600.0
2019-10-16,22.608579635620117,22.667742015990303,22.591675637784647,22.650838018154833,614600.0
2019-10-17,22.52406120300293,22.549417199693664,22.507157205209104,22.53251320189984,545400.0
2019-10-18,22.43954086303711,22.50715523624342,22.43954086303711,22.4902528519822,397300.0
2019-10-21,22.456449508666992,22.473353508481775,22.431095120998965,22.431095120998965,391100.0
2019-10-22,22.50715446472168,22.51560646258947,22.447992091700907,22.49025208103986,2139300.0
2019-10-23,22.49870491027832,22.53251129094493,22.481800913918104,22.515607294584715,408100.0
2019-10-24,22.566322326660156,22.583224713245784,22.490255944835702,22.490255944835702,624900.0
2019-10-25,22.591676712036133,22.6085807106754,22.557870326811635,22.574772713396865,368600.0
2019-10-28,22.574769973754883,22.583221972048797,22.5578675892209,22.574769973754883,505800.0
2019-10-29,22.566322326660156,22.583224713245784,22.54096632870066,22.574772713925952,325400.0
2019-10-30,22.515607833862305,22.63393419916406,22.50715583547976,22.566319824157567,319200.0
2019-10-31,22.473350524902344,22.515608906774897,22.473350524902344,22.49025452247294,293500.0
2019-11-01,22.46489715576172,22.490253150570904,22.447993159222264,22.481801152301177,648800.0
2019-11-04,22.549415588378903,22.549415588378903,22.490253212382058,22.49870521067501,389200.0
2019-11-05,22.633935928344727,22.650838314347254,22.583223934175184,22.59167593320344,1795200.0
2019-11-06,22.633935928344727,22.642387927372983,22.608579931259953,22.608579931259953,425200.0
2019-11-07,22.68464469909668,22.710000694380337,22.650836705385142,22.650836705385142,548200.0
2019-11-08,22.735355377197266,22.75225937427578,22.718451380118747,22.743807375736523,237400.0
2019-11-11,22.701549530029297,22.710001528767716,22.69309753129088,22.710001528767716,135500.0
2019-11-12,22.735355377197266,22.75225937427578,22.718451380118747,22.735355377197266,347500.0
2019-11-13,22.726903915405273,22.752259911621888,22.726903915405273,22.752259911621888,150900.0
2019-11-14,22.71000099182129,22.7607113709989,22.693096994744124,22.743807373921733,123200.0
2019-11-15,22.659290313720703,22.68464631080586,22.659290313720703,22.676194311777476,439200.0
2019-11-18,22.61703109741211,22.64238709356314,22.591675101261075,22.64238709356314,528700.0
2019-11-19,22.64238548278809,22.64238548278809,22.61702948844087,22.625481486556613,269700.0
2019-11-20,22.64238548278809,22.67619186319723,22.64238548278809,22.650835868850017,473500.0
2019-11-21,22.676193237304688,22.693097234560497,22.63393485621908,22.642386854846983,111300.0
2019-11-22,22.743806838989254,22.752258837329048,22.659288467645176,22.659288467645176,225800.0
2019-11-25,22.760713577270508,22.76916557662837,22.726905579839052,22.760713577270508,601200.0
2019-11-26,22.735355377197266,22.769163371354296,22.735355377197266,22.75225937427578,307900.0
2019-11-27,22.769163131713867,22.7860655165606,22.760711133263563,22.769163131713867,176000.0
2019-11-29,22.743806838989254,22.80296921531396,22.735354840649464,22.77761483234843,2004200.0
2019-12-02,22.650835037231445,22.72690140542652,22.64238465147977,22.718449407621097,704800.0
2019-12-03,22.6254825592041,22.642386556236975,22.60857856217123,22.6254825592041,499700.0
2019-12-04,22.600128173828125,22.617032172065347,22.54941779117047,22.566321789407688,317000.0
2019-12-05,22.549415588378903,22.583221969496893,22.549415588378903,22.583221969496893,270800.0
2019-12-06,22.633935928344727,22.667742312403774,22.608579931259953,22.617031930288213,313400.0
2019-12-09,22.608579635620117,22.633935632373323,22.600127636702386,22.600127636702386,212200.0
2019-12-10,22.583221435546875,22.608577429826237,22.56631905141444,22.574769437453757,205700.0
2019-12-11,22.49870491027832,22.58322166797176,22.473348915737997,22.56631928366536,552300.0
2019-12-12,22.53251266479492,22.600127042304543,22.49025428337163,22.49025428337163,627300.0
2019-12-13,22.53251266479492,22.53251266479492,22.464898287285305,22.464898287285305,291700.0
2019-12-16,22.49025535583496,22.507157741977927,22.456447359441036,22.473351357638,814400.0
2019-12-17,22.53251266479492,22.53251266479492,22.507156668708596,22.51560866740404,199300.0
2019-12-18,22.574769973754883,22.583221972048797,22.54941559092699,22.5578675892209,237900.0
2019-12-19,22.574769973754883,22.591673970342708,22.5578675892209,22.583221972048797,427300.0
2019-12-20,22.650835037231445,22.65928703503687,22.617028658063493,22.617028658063493,686800.0
2019-12-23,22.63876724243164,22.73359885677167,22.621524831764944,22.73359885677167,826000.0
2019-12-24,22.63876724243164,22.656009653098337,22.621524831764944,22.647388447764985,274200.0
2019-12-26,22.604284286499023,22.638769110678243,22.59566308045422,22.621526698588635,235100.0
2019-12-27,22.492210388183594,22.53531477119001,22.474967977250305,22.51807400458353,573300.0
2019-12-30,22.449106216430664,22.45772577765161,22.41462139423957,22.449106216430664,527600.0
2019-12-31,22.388757705688477,22.39737891120856,22.35427452793496,22.38013650016839,505200.0
2020-01-02,22.466346740722656,22.483589151632103,22.405999946866388,22.45772553526793,556500.0
2020-01-03,22.492210388183594,22.51807400458353,22.449106005177185,22.51807400458353,663500.0
2020-01-06,22.440486907958984,22.457727676185208,22.43186570168239,22.43186570168239,308800.0
2020-01-07,22.518075942993164,22.53531671108377,22.500833530575605,22.500833530575605,145100.0
2020-01-08,22.57842063903809,22.595661405522783,22.535314612009348,22.543935817415097,685600.0
2020-01-09,22.621524810791016,22.656009632092427,22.621524810791016,22.621524810791016,167000.0
2020-01-10,22.604284286499023,22.64739031672305,22.59566308045422,22.638769110678243,211800.0
2020-01-13,22.604284286499023,22.638769110678243,22.59566308045422,22.63014790463344,217000.0
2020-01-14,22.612905502319336,22.656011532562,22.604284296270805,22.647390326513463,589900.0
2020-01-15,22.57842063903809,22.60428261092853,22.569799433632337,22.569799433632337,242500.0
2020-01-16,22.612905502319336,22.621526708367867,22.57842232245213,22.57842232245213,108600.0
2020-01-17,22.690494537353516,22.690494537353516,22.66463256373439,22.66463256373439,284500.0
2020-01-21,22.673254013061523,22.6818752197613,22.63877083058947,22.63877083058947,327200.0
2020-01-22,22.6560115814209,22.699115967429595,22.647390375353776,22.647390375353776,216500.0
2020-01-23,22.716358184814453,22.73360059680088,22.69049456683481,22.699115772828023,126400.0
2020-01-24,22.75084114074707,22.776704758472388,22.74221993483863,22.74221993483863,221800.0
2020-01-27,22.78532600402832,22.793947209951764,22.759462386257997,22.759462386257997,226800.0
2020-01-28,22.78532600402832,22.82843038931863,22.78532600402832,22.811187977471747,158400.0
2020-01-29,22.819808959960938,22.837051371638996,22.793946986770734,22.82843016579997,152600.0
2020-01-30,22.75084114074707,22.793947170289268,22.75084114074707,22.785325964380828,160900.0
2020-01-31,22.6560115814209,22.72497958563097,22.647390375353776,22.716358379563843,784700.0
2020-02-03,22.768081665039062,22.78532407542651,22.742218049457897,22.742218049457897,860600.0
2020-02-04,22.802568435668945,22.802568435668945,22.785326023807094,22.785326023807094,469400.0
2020-02-05,22.888776779174805,22.888776779174805,22.845672394651498,22.862914806191565,388100.0
2020-02-06,22.931882858276367,22.94912526985422,22.88877682933173,22.88877682933173,140600.0
2020-02-07,22.98361015319824,22.98361015319824,22.923263352527165,22.923263352527165,95700.0
2020-02-10,23.01809310913086,23.026712670531985,22.98360828621891,23.000850697674885,256100.0
2020-02-11,22.99222755432129,23.009469964324193,22.98360634931984,23.009469964324193,268900.0
2020-02-12,23.05257797241211,23.06119917877014,22.983609965874848,22.983609965874848,172400.0
2020-02-13,23.078439712524418,23.078439712524418,23.035333684243795,23.05257609555604,592400.0
2020-02-14,23.0698184967041,23.087060908008752,23.04395487974713,23.078439702356427,162600.0
2020-02-18,23.156030654907227,23.16465186120961,23.10430341709295,23.156030654907227,148400.0
2020-02-19,23.199132919311523,23.224996535852075,23.190511713798006,23.199132919311523,246100.0
2020-02-20,23.26810073852539,23.26810073852539,23.216375150172514,23.22499635561913,385600.0
2020-02-21,23.130165100097656,23.224996717159833,23.121543894516837,23.224996717159833,1199500.0
2020-02-24,23.13878631591797,23.173269493929674,23.087060726736997,23.16464993267187,335800.0
2020-02-25,23.0698184967041,23.138786497595856,23.04395487974713,23.13016529194353,355000.0
2020-02-26,23.08706283569336,23.13878842959936,23.069820422949032,23.095684042065525,1037600.0
2020-02-27,22.94912338256836,23.000848968721257,22.923259767328545,22.9663641484015,1103600.0
2020-02-28,22.87153434753418,23.026711107121564,22.837049526963597,22.949123549491247,4081100.0
2020-03-02,22.75084114074707,22.776704758472388,22.66463237031646,22.76808355256395,1447200.0
2020-03-03,22.6560115814209,22.750841559505417,22.612905551085277,22.750841559505417,1429500.0
2020-03-04,22.73360061645508,22.768083796130835,22.707736998453075,22.73360061645508,613900.0
2020-03-05,22.56117820739746,22.656009822446332,22.552557001999674,22.62152500085518,848300.0
2020-03-06,22.43186378479004,22.449106195869792,22.345653373718097,22.35427457925797,1574800.0
2020-03-09,22.190475463867188,22.19909666960179,21.24216420931009,22.190475463867188,2684400.0
2020-03-10,22.518075942993164,22.552559123501325,22.33703390126272,22.33703390126272,5135700.0
2020-03-11,22.55255889892578,22.56118010504871,22.42324409573571,22.4491077141045,722700.0
2020-03-12,22.7939453125,22.983606894046883,22.578420115335778,22.630145702243695,3224700.0
2020-03-13,23.65604591369629,24.112958275694552,22.880155538918917,22.906017510004556,1333500.0
2020-03-16,22.897397994995117,23.00947202572791,22.69911519517786,22.97498720263263,1673200.0
2020-03-17,23.302583694458008,23.36293048342549,23.199130881708985,23.2163732912216,1456000.0
2020-03-18,23.65604591369629,24.1474430962444,23.466382689325616,23.47500389446308,4116300.0
2020-03-19,24.21641540527344,24.914716702488032,23.92330095571135,24.90609549581538,4056500.0
2020-03-20,24.14744758605957,24.20779438891554,23.862954340933538,24.13882637931914,6811700.0
2020-03-23,24.112958908081055,24.13882252417174,23.906054912335943,24.018128937735455,2220200.0
2020-03-24,23.83708953857422,23.914678751063217,23.716395938847764,23.750879119772335,5991000.0
2020-03-25,23.61294174194336,23.828466954321307,23.535352533941147,23.750877746319095,4433200.0
2020-03-26,23.233617782592773,23.41465816571742,23.22499657706396,23.406036960188604,7221000.0
2020-03-27,23.043956756591797,23.371556020754504,22.992231162791835,23.345692401691036,4150600.0
2020-03-30,23.14740753173828,23.23361794329591,23.13878632614983,23.18189070976523,2272500.0
2020-03-31,23.130165100097656,23.31982668989518,23.09568192210121,23.25947989515628,1534800.0
2020-04-01,23.276723861694336,23.31982824815188,23.23361947523679,23.268102655537437,3000000.0
2020-04-02,23.397417068481445,23.457763866244942,23.311208297006107,23.380176300782527,3650000.0
2020-04-03,23.5267333984375,23.57845898993324,23.48362736858529,23.500869780526173,3110700.0
2020-04-06,23.535350799560547,23.587078030634693,23.49224641799218,23.50948882835023,1704900.0
2020-04-07,23.319828033447266,23.36293406383488,23.27672364738658,23.2853448534641,2140300.0
2020-04-08,23.40603828430176,23.40603828430176,23.33707028049644,23.33707028049644,2153400.0
2020-04-09,23.233617782592773,23.276722165910027,23.181890549419883,23.233617782592773,1685500.0
2020-04-13,23.199132919311523,23.250858508065807,23.173269302770972,23.224996535852075,1185600.0
2020-04-14,23.0698184967041,23.138786497595856,23.0698184967041,23.121544086291205,2435900.0
2020-04-15,23.24223899841309,23.328449415511745,23.173270993599548,23.319828209369184,2069600.0
2020-04-16,23.34568977355957,23.43190018307239,23.26810056943071,23.293964185582595,2609300.0
2020-04-17,23.28534507751465,23.311208695996072,23.250860252872744,23.29396628367512,881600.0
2020-04-20,23.362934112548828,23.362934112548828,23.28534490201627,23.33707049426233,1298900.0
2020-04-21,23.397417068481445,23.46638507225786,23.362933888756693,23.449144304558946,1643800.0
2020-04-22,23.466384887695312,23.475006093640424,23.362933705007784,23.362933705007784,947700.0
2020-04-23,23.475004196166992,23.50086781191178,23.36293181659311,23.483625401415257,1491100.0
2020-04-24,23.423280715942383,23.47500630775794,23.414659509918636,23.44914433401362,843600.0
2020-04-27,23.362934112548828,23.388796086508393,23.319828082071336,23.328449288166833,2184200.0
2020-04-28,23.337068557739254,23.345689763119363,23.25085814826499,23.259479353645094,1051400.0
2020-04-29,23.24223899841309,23.311208647553563,23.224998230454904,23.259481410698207,781800.0
2020-04-30,23.09568214416504,23.27672253012244,23.069818527173904,23.250858913131303,1839200.0
2020-05-01,23.121543884277344,23.138786295431345,23.052575883988165,23.09568191187317,1096100.0
2020-05-04,23.2508602142334,23.259481420379547,23.19913462168345,23.216377033975743,1000500.0
2020-05-05,23.26810073852539,23.302585560311844,23.190511533832673,23.276721943972003,4938200.0
2020-05-06,23.380176544189453,23.38879610596519,23.31120853969502,23.3370705136761,755100.0
2020-05-07,23.311208724975582,23.431902322718397,23.285345106462007,23.406038704204818,653200.0
2020-05-08,23.302583694458008,23.328445664400256,23.199130881708985,23.302583694458008,1091300.0
2020-05-11,23.3887939453125,23.41465756123123,23.328447152495563,23.345689563108053,4346000.0
2020-05-12,23.34568977355957,23.34568977355957,23.26810056943071,23.293964185582595,629400.0
2020-05-13,23.3887939453125,23.40603635592499,23.276721564984875,23.293963975597364,826600.0
2020-05-14,23.41465759277344,23.45776197503595,23.388793976819866,23.440521208727013,940300.0
2020-05-15,23.431900024414062,23.449142435065237,23.354310820810564,23.380174436787325,450800.0
2020-05-18,23.24223899841309,23.362934240081984,23.233619436597465,23.345691827796863,1819600.0
2020-05-19,23.22499656677246,23.233617772297453,23.16464977242432,23.216375361247465,803400.0
2020-05-20,23.14740753173828,23.15602873732673,23.095681942534437,23.130165120561387,1790200.0
2020-05-21,23.199132919311523,23.224996535852075,23.130164919530205,23.138786125043723,1025400.0
2020-05-22,23.26810073852539,23.302585560311844,23.259479533078775,23.276721943972003,2072200.0
2020-05-26,23.09568214416504,23.121544116829327,23.061197321510193,23.112922911165615,1059900.0
2020-05-27,23.08706283569336,23.16465204871585,23.069820422949032,23.08706283569336,581800.0
2020-05-28,22.966365814208984,23.05257622693469,22.94050384142007,23.03533381552418,3065100.0
2020-05-29,22.931882858276367,22.974987242894137,22.871536062080743,22.91464044669851,1369300.0
2020-06-01,22.802568435668945,22.888777206324395,22.802568435668945,22.871536438789445,1381400.0
2020-06-02,22.776704788208008,22.7939472000474,22.724979197016737,22.759462376368617,787400.0
2020-06-03,22.63876724243164,22.750839623111577,22.63876724243164,22.742218417778233,6785400.0
2020-06-04,22.55255889892578,22.656011728074,22.50083330651514,22.656011728074,3238700.0
2020-06-05,22.59566116333008,22.61290357395676,22.535314370463475,22.552556781090157,4095300.0
2020-06-08,22.535314559936523,22.578420586865654,22.518073793491663,22.552556970708174,1794500.0
2020-06-09,22.466346740722656,22.54393594548837,22.440484768685288,22.535314740033648,1034100.0
2020-06-10,22.35427474975586,22.474968339581025,22.311168721727704,22.40600033906281,1231100.0
2020-06-11,22.57842063903809,22.587041844443835,22.388757408765237,22.44910584660547,1079800.0
2020-06-12,22.63876724243164,22.73359885677167,22.535314422758265,22.569799244091648,1784900.0
2020-06-15,22.54393768310547,22.67325248623991,22.50945450295552,22.656011718328408,725200.0
2020-06-16,22.612905502319336,22.673252300332138,22.561179910355065,22.561179910355065,1421400.0
2020-06-17,22.63014793395996,22.699115938080855,22.621526727903984,22.621526727903984,751200.0
2020-06-18,22.716358184814453,22.742220158467184,22.66463259318208,22.6818733608416,616000.0
2020-06-19,22.74221992492676,22.776704748545487,22.673251922016192,22.673251922016192,1957900.0
2020-06-22,22.621524810791016,22.69049280906706,22.595661194814955,22.69049280906706,935100.0
2020-06-23,22.54393768310547,22.54393768310547,22.457727266240195,22.500833296836294,1563800.0
2020-06-24,22.647390365600582,22.66463277772741,22.587043567483633,22.595663129220117,1174900.0
2020-06-25,22.68187141418457,22.733598645704397,22.68187141418457,22.71635623519779,1144800.0
2020-06-26,22.716358184814453,22.768083776446822,22.69049456683481,22.699115772828023,556200.0
2020-06-29,22.724977493286133,22.750839464779403,22.65600949542612,22.65600949542612,551400.0
2020-06-30,22.690494537353516,22.76808374686472,22.656011357752377,22.750841334900695,995400.0
2020-07-01,22.63876724243164,22.69911403543828,22.6129036264316,22.68187162477159,736900.0
2020-07-02,22.6560115814209,22.699115967429595,22.58704357721083,22.6215267571524,519300.0
2020-07-06,22.535314559936523,22.561178176094003,22.492210177334183,22.518073793491663,984100.0
2020-07-07,22.58704376220703,22.604284530155564,22.54393773151836,22.54393773151836,598100.0
2020-07-08,22.466346740722656,22.54393594548837,22.45772553526793,22.535314740033648,439000.0
2020-07-09,22.54393768310547,22.55255888922469,22.440486498328685,22.449107704447908,629200.0
2020-07-10,22.50945472717285,22.526695495256096,22.466348696147367,22.492212314762657,219500.0
2020-07-13,22.4749698638916,22.49221227627229,22.423244271076488,22.4749698638916,374500.0
2020-07-14,22.43186378479004,22.49221057924235,22.406000168170408,22.49221057924235,774400.0
2020-07-15,22.371517181396484,22.39737915391016,22.302549180815287,22.328411153328965,525400.0
2020-07-16,22.449106216430664,22.45772577765161,22.33703218863644,22.397378983144023,373900.0
2020-07-17,22.35427474975586,22.388757927851547,22.337032338544596,22.388757927851547,420100.0
2020-07-20,22.31979179382324,22.388759800108897,22.311170587496665,22.354276619129557,296500.0
2020-07-21,22.181854248046875,22.302549483949573,22.13874986372032,22.29392827821889,1351000.0
2020-07-22,22.12150764465332,22.138750056264644,22.087024465757544,22.112886438847656,653800.0
2020-07-23,22.07840347290039,22.14737147568402,22.035297443456315,22.138750269795207,1249900.0
2020-07-24,21.983572006225582,22.05254000949165,21.974950800276467,22.026676391644287,1095200.0
2020-07-27,21.81977272033691,21.85425754466836,21.76804712816667,21.837015132502636,1412600.0
2020-07-28,21.854257583618164,21.86287878971639,21.802531991355732,21.837015171421708,1246000.0
2020-07-29,21.750802993774418,21.79390902077559,21.6990774056998,21.79390902077559,1282400.0
2020-07-30,21.664594650268555,21.76804748061096,21.65597508837306,21.724943093825683,537200.0
2020-07-31,21.793909072875977,21.80253027829682,21.6645926358901,21.681835046731788,1742100.0
2020-08-03,21.793909072875977,21.90598145469336,21.785287867455132,21.888739043851672,1447400.0
2020-08-04,21.716320037841797,21.854256036997867,21.716320037841797,21.845634831509763,1094400.0
2020-08-05,21.621488571166992,21.647352187809982,21.56114177666017,21.604246160071664,1266200.0
2020-08-06,21.621488571166992,21.69045657122148,21.58700539330316,21.630109776714654,766900.0
2020-08-07,21.750802993774418,21.8197709926495,21.74218178837418,21.768045404574885,1201700.0
2020-08-10,21.785287857055664,21.811149828979055,21.733560624555288,21.785287857055664,1037600.0
2020-08-11,21.81977272033691,21.837015132502636,21.742183509918085,21.776668334249532,1124600.0
2020-08-12,21.750802993774418,21.785287815375355,21.71631981650027,21.750802993774418,607700.0
2020-08-13,21.742183685302734,21.759426097607545,21.64735370628016,21.69907929886765,1077600.0
2020-08-14,21.707698822021484,21.71632002750549,21.66459279460147,21.699077616537483,1913500.0
2020-08-17,21.612869262695312,21.65597529421728,21.612869262695312,21.65597529421728,951900.0
2020-08-18,21.492172241210938,21.53527662154307,21.457687421483868,21.48355103627917,1104800.0
2020-08-19,21.664594650268555,21.68183706271345,21.483554252578035,21.509417871245375,1512800.0
2020-08-20,21.604246139526367,21.716320167212594,21.604246139526367,21.716320167212594,933200.0
2020-08-21,21.707698822021484,21.776666821566696,21.707698822021484,21.72494123298949,1667500.0
2020-08-24,21.742183685302734,21.742183685302734,21.64735370628016,21.64735370628016,450400.0
2020-08-25,21.664594650268555,21.716321887603236,21.65597508837306,21.673215856491,869200.0
2020-08-26,21.638731002807617,21.716320208483435,21.621488591695915,21.716320208483435,879900.0
2020-08-27,21.664594650268555,21.74218386194362,21.552522258030653,21.569764670475543,698300.0
2020-08-28,21.492172241210938,21.56114023633837,21.48355103627917,21.51803421167953,1200300.0
2020-08-31,21.466312408447266,21.50079723425003,21.42320802052081,21.466312408447266,1732200.0
2020-09-01,21.509418487548828,21.52665925616076,21.38010203483381,21.38010203483381,1022900.0
2020-09-02,21.587005615234375,21.63873120472531,21.578384409598076,21.595625176543827,1923900.0
2020-09-03,21.595624923706055,21.66459292366212,21.58700536249751,21.612867334776777,1004400.0
2020-09-04,21.630109786987305,21.707698992626305,21.587005403555334,21.67321417041927,1193400.0
2020-09-08,21.742183685302734,21.76804730375995,21.707700505020057,21.73356247915033,1556900.0
2020-09-09,21.707698822021484,21.72494123298949,21.681835205569477,21.72494123298949,646300.0
2020-09-10,21.750802993774418,21.75942419917465,21.587005024150333,21.61286699602424,950300.0
2020-09-11,21.707698822021484,21.75080320511469,21.699077616537483,21.699077616537483,467800.0
2020-09-14,21.655975341796875,21.681837316439903,21.621490516503535,21.638732929150205,611900.0
2020-09-15,21.67321395874023,21.6990775751429,21.63010957572926,21.638730781196816,448500.0
2020-09-16,21.69908142089844,21.72494504188495,21.621492202266005,21.638734616257015,601600.0
2020-09-17,21.621488571166992,21.724941393412134,21.621488571166992,21.724941393412134,875600.0
2020-09-18,21.64735221862793,21.664592985420978,21.595624985268305,21.64735221862793,820100.0
2020-09-21,21.80253219604492,21.845636582613803,21.75080495896993,21.759426165149097,1408500.0
2020-09-22,21.88011932373047,21.9146041477548,21.793910552323464,21.81115132000872,1328300.0
2020-09-23,22.00081443786621,22.018056849779924,21.89736161071083,21.940467640495115,12116400.0
2020-09-24,21.966331481933594,22.035299491126203,21.93184829950081,22.01805872207333,2385000.0
2020-09-25,22.026676177978516,22.069782207305977,22.01805661643991,22.0439185897095,1410500.0
2020-09-28,21.957706451416016,21.983570066981866,21.923223274988313,21.94046568536554,756400.0
2020-09-29,21.854257583618164,21.91460438197882,21.854257583618164,21.897361969782366,1239000.0
2020-09-30,21.854257583618164,21.9404680002735,21.81115155312703,21.897361969782366,1218000.0
2020-10-01,21.81977272033691,21.880119518590018,21.81977272033691,21.837015132502636,915800.0
2020-10-02,21.871498107910156,21.880117668937427,21.83701328649391,21.871498107910156,1354000.0
2020-10-05,21.776668548583984,21.785289754751695,21.74218372391312,21.785289754751695,1047100.0
2020-10-06,21.83701515197754,21.85425756415864,21.742183529308413,21.742183529308413,2283000.0
2020-10-07,21.8111515045166,21.828393916674628,21.793910736685504,21.819772710595615,1158500.0
2020-10-08,21.80253219604492,21.85425778879297,21.79391098986576,21.811151757897143,885300.0
2020-10-09,21.67321395874023,21.72494119154557,21.65597319213193,21.6990775751429,1993200.0
2020-10-12,21.64735221862793,21.67321419098091,21.64735221862793,21.664592985420978,676000.0
2020-10-13,21.776668548583984,21.785289754751695,21.73356251774541,21.74218372391312,12537500.0
2020-10-14,21.72494125366211,21.75080322581191,21.69907763718549,21.733560814827506,879300.0
2020-10-15,21.828392028808594,21.854255644808777,21.81114961814181,21.828392028808594,1417200.0
2020-10-16,21.80253219604492,21.811151757897143,21.776668577507422,21.79391098986576,951300.0
2020-10-19,21.733562469482425,21.75080488177956,21.69045808306651,21.69907928921508,545900.0
2020-10-20,21.664594650268555,21.699079475158342,21.638732675928168,21.68183706271345,1538500.0
2020-10-21,21.552520751953125,21.595625135726294,21.51803592947312,21.595625135726294,1624000.0
2020-10-22,21.638731002807617,21.638731002807617,21.587005413799343,21.587005413799343,1276100.0
2020-10-23,21.587005615234375,21.63873120472531,21.578384409598076,21.578384409598076,481500.0
2020-10-26,21.664594650268555,21.664594650268555,21.63011146970572,21.63011146970572,368300.0
2020-10-27,21.621488571166992,21.630109776714654,21.58700539330316,21.604246160071664,181800.0
2020-10-28,21.759424209594727,21.78528782580782,21.72494103230407,21.750803004190363,648700.0
2020-10-29,21.84563446044922,21.905981253514124,21.811149639082537,21.811149639082537,1219600.0
2020-10-30,21.871498107910156,21.89736007964555,21.811149670431725,21.82839208113985,608500.0
2020-11-02,21.897361755371097,21.923225373412528,21.880119343343473,21.91460416739872,1713500.0
2020-11-03,21.776668548583984,21.785289754751695,21.707700543569207,21.75080493008084,6207800.0
2020-11-04,21.742183685302734,21.811151690195036,21.716321711172466,21.78528971606476,1126600.0
2020-11-05,21.5352783203125,21.612867526492177,21.509416347803832,21.561141937148005,1556800.0
2020-11-06,21.45768928527832,21.526657286396247,21.44044851824398,21.483552902320113,3497000.0
2020-11-09,21.595624923706055,21.6301097458475,21.43182695151466,21.43182695151466,1846300.0
2020-11-10,21.595624923706055,21.604246129241417,21.55252054035607,21.55252054035607,734400.0
2020-11-11,21.621488571166992,21.681835365673816,21.621488571166992,21.655973393357648,495700.0
2020-11-12,21.621488571166992,21.647352187809982,21.595624954524,21.63873098226232,497400.0
2020-11-13,21.578384399414062,21.604246371983905,21.569763193781835,21.595625166351677,1036000.0
2020-11-16,21.526657104492188,21.56976313253092,21.526657104492188,21.561141926923177,2991700.0
2020-11-17,21.492172241210938,21.509414651074472,21.474929831347403,21.474929831347403,1027300.0
2020-11-18,21.500797271728516,21.500797271728516,21.449070032934205,21.48355485879708,408400.0
2020-11-19,21.466312408447266,21.561144035077863,21.457691201996575,21.561144035077863,302800.0
2020-11-20,21.492172241210938,21.500793446142705,21.457687421483868,21.457687421483868,333800.0
2020-11-23,21.526657104492188,21.578384338138665,21.414584720245156,21.4232059258529,749600.0
2020-11-24,21.423206329345703,21.52665750993343,21.423206329345703,21.50079553694993,665600.0
2020-11-25,21.388721466064453,21.44044870058796,21.380100260310535,21.423206289080124,599100.0
2020-11-27,21.345619201660156,21.38010238377382,21.336997995049984,21.38010238377382,198300.0
2020-11-30,21.39734268188477,21.39734268188477,21.276649089926863,21.28527029568484,435700.0
2020-12-01,21.207679748535156,21.336994538082426,21.190437338108385,21.311130922442267,980900.0
2020-12-02,21.18181610107422,21.242162893150503,21.173194895873785,21.23354168795007,1125200.0
2020-12-03,21.069746017456055,21.112850403827252,21.043882399037173,21.069746017456055,1003000.0
2020-12-04,21.09560775756836,21.121471375700377,21.035260959587237,21.04388216563124,1834200.0
2020-12-07,21.13009262084961,21.13871382690957,21.069745822756804,21.10422900266973,896900.0
2020-12-08,21.155956268310547,21.164575830055515,21.11285023795108,21.11285023795108,612100.0
2020-12-09,21.164573669433594,21.20767969539251,21.112848082609656,21.13009049299322,518700.0
2020-12-10,21.104228973388672,21.16457577139775,21.078366999571593,21.16457577139775,608700.0
2020-12-11,21.155956268310547,21.164575830055515,21.130092650094863,21.13871385616676,1017700.0
2020-12-14,21.09560775756836,21.121471375700377,21.035260959587237,21.04388216563124,455400.0
2020-12-15,21.026639938354492,21.07836717507318,21.01801873223471,21.052503556713837,853900.0
2020-12-16,21.000778198242188,21.086986971746377,20.96629337337895,20.97491457959476,749800.0
2020-12-17,20.888702392578125,20.897323598063753,20.85421921496242,20.880081187092497,922000.0
2020-12-18,20.914566040039062,20.949049217705884,20.90594483454065,20.92318724553747,898400.0
2020-12-21,20.957670211791992,21.018017005345293,20.914565829061576,21.00939744426065,618900.0
2020-12-22,21.069746017456055,21.07836722359568,20.98353560038672,20.98353560038672,1401500.0
2020-12-23,20.974912643432617,21.01801702620581,20.94904902717262,20.974912643432617,758600.0
2020-12-24,20.992156982421875,21.000778188633745,20.974914569998145,20.974914569998145,280500.0
2020-12-28,20.992156982421875,21.009399394845605,20.93181018326577,20.957672157574414,1036100.0
2020-12-29,20.923187255859375,20.9404296668647,20.880081228346057,20.923187255859375,1444700.0
2020-12-30,20.836978912353516,20.871462093458355,20.82835770599556,20.86284253142738,1463900.0
2020-12-31,20.89732360839844,20.92318722486812,20.836976814296,20.836976814296,801500.0
2021-01-04,20.914566040039062,20.914566040039062,20.80249201288655,20.80249201288655,1322800.0
2021-01-05,20.793874740600582,20.880083516420484,20.7852535341532,20.862842747852703,723300.0
2021-01-06,20.768009185791016,20.880081570508533,20.768009185791016,20.84559839225962,1042800.0
2021-01-07,20.888702392578125,20.923187214520645,20.871459981606865,20.871459981606865,1018000.0
2021-01-08,20.923187255859375,20.9835340500512,20.845598050662225,20.854219256164885,1677700.0
2021-01-11,21.052501678466797,21.09560606089311,21.009397296040483,21.06974408916804,1445200.0
2021-01-12,20.9404296875,21.043880864980267,20.923187276477684,21.043880864980267,1360500.0
2021-01-13,21.009397506713867,21.0266382732612,20.966291479528515,21.000776301276797,956500.0
2021-01-14,20.966293334960938,21.052503752634113,20.93181015448784,21.0438825464341,614300.0
2021-01-15,21.104228973388672,21.104228973388672,21.043882175379593,21.052503381427595,1177500.0
2021-01-19,21.043882369995117,21.061124782250577,21.01801875161193,21.026639957739658,1408600.0
2021-01-20,21.035261154174805,21.086986746590412,21.018018741927293,21.061124772546076,489300.0
2021-01-21,20.9404296875,20.992155276240133,20.93180848198884,20.974912865217817,803900.0
2021-01-22,20.98353385925293,20.992155064677203,20.94904903755584,20.992155064677203,847100.0
2021-01-25,21.009397506713867,21.043880684135345,20.983533890402654,20.992155095839728,580600.0
2021-01-26,20.949050903320312,20.992156934280786,20.940431341455167,20.974914521896597,857300.0
2021-01-27,21.078365325927734,21.13009091378175,21.026638093746932,21.043880504473865,982200.0
2021-01-28,21.026639938354492,21.061124762833614,21.009399170441867,21.052503556713837,663600.0
2021-01-29,21.052501678466797,21.06112288381742,21.009397296040483,21.009397296040483,876000.0
2021-02-01,21.155956268310547,21.164575830055515,21.095607825807292,21.104229031879186,2183100.0
2021-02-02,21.18181610107422,21.21630092187596,21.16457369067335,21.18181610107422,1459000.0
2021-02-03,21.17319679260254,21.21630282246622,21.17319679260254,21.19043920454801,1656900.0
2021-02-04,21.268028259277344,21.2852706710974,21.23354343563723,21.23354343563723,1394400.0
2021-02-05,21.14733505249023,21.207681850638743,21.14733505249023,21.199060644570825,1402500.0
2021-02-08,21.13871192932129,21.16457390085266,21.12146951874919,21.155954339893388,1732500.0
2021-02-09,21.026639938354492,21.0697459689534,21.009399170441867,21.052503556713837,2006900.0
2021-02-10,21.018016815185547,21.018016815185547,20.98353363817856,20.992154843512004,654000.0
2021-02-11,21.009397506713867,21.0266382732612,20.983533890402654,20.992155095839728,257000.0
2021-02-12,21.026639938354492,21.07836717507318,21.000777964322083,21.0697459689534,501800.0
2021-02-16,21.026639938354492,21.061124762833614,21.009399170441867,21.035261144474273,1107500.0
2021-02-17,21.112850189208984,21.155956219468937,21.112850189208984,21.130092601312967,937800.0
2021-02-18,21.043882369995117,21.104229168562288,21.03526116386739,21.061124782250577,585300.0
2021-02-19,20.992156982421875,21.01801895673052,20.96629336378628,20.992156982421875,1163300.0
2021-02-22,20.931808471679688,20.97491285488743,20.90594485515895,20.949049238366698,706800.0
2021-02-23,20.949050903320312,20.974914521896597,20.91456772287888,20.949050903320312,441600.0
2021-02-24,20.914566040039062,21.01801721736635,20.914566040039062,20.983534039699524,913600.0
2021-02-25,20.98353385925293,20.98353385925293,20.836976655693903,20.85421906654245,952200.0
2021-02-26,21.13871192932129,21.13871192932129,21.02663790492942,21.02663790492942,1347700.0
2021-03-01,21.155956268310547,21.17319703612741,21.121471444022973,21.121471444022973,2242400.0
2021-03-02,21.078365325927734,21.173195296272297,21.078365325927734,21.147333324508683,1381600.0
2021-03-03,21.13871192932129,21.155954339893388,21.09560590289104,21.147333134607337,1015200.0
2021-03-04,21.276649475097656,21.30251144851289,21.1473346750408,21.181817854370077,2128000.0
2021-03-05,21.354238510131836,21.38872168918035,21.319753686756435,21.328374892600287,2631000.0
2021-03-08,21.474931716918945,21.474931716918945,21.40596371573589,21.423206127113367,1656300.0
2021-03-09,21.354238510131836,21.3973428950242,21.354238510131836,21.380100483336506,1468100.0
2021-03-10,21.319751739501953,21.397340940683055,21.319751739501953,21.336994149614803,2050200.0
2021-03-11,21.2163028717041,21.32837526095595,21.2163028717041,21.293892081311885,1643300.0
2021-03-12,21.285268783569336,21.36285798555226,21.276647578423816,21.34561557526122,789100.0
2021-03-15,21.3283748626709,21.362859685997908,21.311132451007396,21.3456172743344,504500.0
2021-03-16,21.3283748626709,21.38010045333453,21.319753656839147,21.33699606850265,338800.0
2021-03-17,21.22492218017578,21.371479380296304,21.21630097495378,21.336994559408293,3055700.0
2021-03-18,21.354238510131836,21.354238510131836,21.28527050770792,21.328374892600287,901800.0
2021-03-19,21.36285972595215,21.41458531671252,21.3456173142564,21.388721699168897,2222500.0
2021-03-22,21.319751739501953,21.354236559727656,21.3025093293891,21.328372944558375,850600.0
2021-03-23,21.449068069458008,21.449068069458008,21.39734247972573,21.41458489107877,1252400.0
2021-03-24,21.500797271728516,21.509418478194235,21.457691239399924,21.492176065262797,1726800.0
2021-03-25,21.561140060424805,21.587003675009093,21.5007932707215,21.5007932707215,1476700.0
2021-03-26,21.5352783203125,21.561141937148005,21.51803590908883,21.55252073153617,654800.0
2021-03-29,21.587005615234375,21.587005615234375,21.526657175780297,21.54389958705289,1128400.0
2021-03-30,21.67321395874023,21.68183516420779,21.647351986664376,21.65597319213193,749900.0
2021-03-31,21.655975341796875,21.655975341796875,21.595626897533535,21.647354135473535,1381600.0
2021-04-01,21.561140060424805,21.63010805498954,21.561140060424805,21.595623235543822,1955700.0
2021-04-05,21.492172241210938,21.552519031406604,21.48355103627917,21.543897826474836,1704600.0
2021-04-06,21.440448760986328,21.483553145550477,21.431827555208123,21.474931939772276,1845900.0
2021-04-07,21.466312408447266,21.483554821348648,21.397344401168738,21.42320802052081,758900.0
2021-04-08,21.37148094177246,21.41458532670507,21.36285973592056,21.41458532670507,582000.0
2021-04-09,21.388721466064453,21.43182749483404,21.380100260310535,21.423206289080124,691200.0
2021-04-12,21.38010025024414,21.397342661743856,21.371480688821144,21.371480688821144,479900.0
2021-04-13,21.302513122558594,21.362861568699344,21.302513122558594,21.362861568699344,498700.0
2021-04-14,21.276649475097656,21.311132654426935,21.250785857355527,21.2852706810117,632200.0
2021-04-15,21.276649475097656,21.293891886925746,21.250785857355527,21.25940706326957,390300.0
2021-04-16,21.25078392028809,21.26802633054448,21.233541510031692,21.25078392028809,431700.0
2021-04-19,21.13009262084961,21.17319700682249,21.13009262084961,21.14733503296953,1068000.0
2021-04-20,21.164573669433594,21.18181607981716,21.12146928780144,21.138711698185,827200.0
2021-04-21,21.13871192932129,21.22492233785501,21.13871192932129,21.207679927282907,417300.0
2021-04-22,21.19906234741211,21.216304760932967,21.164577520370393,21.164577520370393,358100.0
2021-04-23,21.078365325927734,21.147333324508683,21.06974412056427,21.104227297691345,567800.0
2021-04-26,21.078365325927734,21.112848503054813,21.0611229152008,21.104227297691345,802000.0
2021-04-27,21.086984634399418,21.11284825018004,21.06974386820577,21.095605839659623,364800.0
2021-04-28,21.009397506713867,21.13009109417925,21.009397506713867,21.121469888742176,472700.0
2021-04-29,21.018016815185547,21.06112284185276,21.018016815185547,21.02663802051899,266300.0
2021-04-30,21.190439224243164,21.190439224243164,21.078366835147243,21.078366835147243,1124700.0
2021-05-03,21.09560775756836,21.13871378778839,21.078366989807268,21.13871378778839,1026600.0
2021-05-04,21.190439224243164,21.199060430223913,21.14733483866633,21.16457560630092,1225600.0
2021-05-05,21.18181610107422,21.199058511475087,21.173194895873785,21.190437306274653,1427800.0
2021-05-06,21.078365325927734,21.12146970841828,21.078365325927734,21.12146970841828,476200.0
2021-05-07,20.923187255859375,21.03525963874036,20.923187255859375,21.018017227735033,1844700.0
2021-05-10,20.923187255859375,20.93180846136204,20.880081228346057,20.880081228346057,659600.0
2021-05-11,20.905946731567383,20.91456793784809,20.880083112725263,20.905946731567383,549500.0
2021-05-12,21.061124801635746,21.061124801635746,20.97491438460603,21.00077800301303,2379900.0
2021-05-13,21.026639938354492,21.07836717507318,21.01801873223471,21.043882350594057,450000.0
2021-05-14,20.9404296875,20.966291659706656,20.9404296875,20.957670454195497,638300.0
2021-05-17,20.914566040039062,20.957670423204295,20.90594483454065,20.949049217705884,251800.0
2021-05-18,20.819734573364254,20.85421939560549,20.81111336780395,20.819734573364254,673700.0
2021-05-19,20.914566040039062,20.940429656534292,20.811113218384957,20.86284045137542,1294600.0
2021-05-20,20.811113357543945,20.862840590880293,20.811113357543945,20.862840590880293,848700.0
2021-05-21,20.880083084106445,20.914567909182008,20.836978697088956,20.836978697088956,685900.0
2021-05-24,20.82835578918457,20.854219405878236,20.819734583620015,20.84559820031368,716000.0
2021-05-25,20.802494049072266,20.836978874441343,20.785253280714706,20.802494049072266,618800.0
2021-05-26,20.880083084106445,20.897325496644225,20.811115078282285,20.85422110962674,336300.0
2021-05-27,20.862842559814453,20.897325740966213,20.854221353444768,20.88008332822684,354600.0
2021-05-28,20.880083084106445,20.94905108993061,20.87146187783755,20.94905108993061,600300.0
2021-06-01,20.845600128173828,20.845600128173828,20.7938745343296,20.819736509088223,740200.0
2021-06-02,20.845600128173828,20.89732572201806,20.845600128173828,20.88008330929432,1497400.0
2021-06-03,20.974912643432617,21.000776259692618,20.931808260659423,20.931808260659423,2083200.0
2021-06-04,20.89732360839844,20.90594481388833,20.871459991928756,20.89732360839844,1383300.0
2021-06-07,20.862842559814453,20.888704534596528,20.84560014707508,20.871462121857157,842900.0
2021-06-08,20.888702392578125,20.905944803549385,20.871459981606865,20.897323598063753,691000.0
2021-06-09,20.905946731567383,20.91456793784809,20.828357519367987,20.836978725648695,814700.0
2021-06-10,20.888702392578125,20.940429625491905,20.862840420448048,20.940429625491905,769600.0
2021-06-11,20.992156982421875,21.01801895673052,20.94905095136255,20.94905095136255,1090100.0
2021-06-14,20.974912643432617,20.992155054272615,20.95767023259262,20.95767023259262,905900.0
2021-06-15,20.992156982421875,21.009399394845605,20.98353577621001,20.98353577621001,469600.0
2021-06-16,21.164573669433594,21.173194874625377,20.983533293386422,20.99215449857821,1917600.0
2021-06-17,21.3283748626709,21.33699606850265,21.24216444868026,21.259406860343763,1970500.0
2021-06-18,21.39734268188477,21.42320629915869,21.37148070893771,21.38872147612679,1275600.0
2021-06-21,21.29388999938965,21.345615585961944,21.28526879423981,21.328373175662264,655200.0
2021-06-22,21.25940704345703,21.345617458190222,21.25078583755102,21.3197538404722,454500.0
2021-06-23,21.29388999938965,21.30250956021274,21.21630079736783,21.23354156334076,1048400.0
2021-06-24,21.276649475097656,21.311132654426935,21.25940706326957,21.276649475097656,414200.0
2021-06-25,21.285268783569336,21.302509549533625,21.21630078673193,21.23354155269622,356900.0
2021-06-28,21.29388999938965,21.31975197051242,21.276647589089965,21.30250956021274,777600.0
2021-06-29,21.345619201660156,21.371482821490677,21.32837678843981,21.35424040827033,634300.0
2021-06-30,21.40596389770508,21.43182751499116,21.37148071898384,21.37148071898384,869600.0
2021-07-01,21.466312408447266,21.466312408447266,21.388723194718047,21.41458681407012,2239600.0
2021-07-02,21.38010025024414,21.46631066341586,21.371480688821144,21.449068251916145,1107400.0
2021-07-06,21.45768928527832,21.483552902320113,21.414584901202183,21.43182731256338,1152100.0
2021-07-07,21.492172241210938,21.526655416611295,21.4490662165521,21.466308626415636,699100.0
2021-07-08,21.40596389770508,21.43182751499116,21.388721486181023,21.397342691943052,1236800.0
2021-07-09,21.354238510131836,21.38872168918035,21.345617304287984,21.371480921819536,1252200.0
2021-07-12,21.38010025024414,21.397342661743856,21.35423827732143,21.397342661743856,426500.0
2021-07-13,21.509418487548828,21.509418487548828,21.42320806718115,21.474933661670956,1477500.0
2021-07-14,21.40596389770508,21.43182751499116,21.40596389770508,21.414585103467104,890100.0
2021-07-15,21.466312408447266,21.483554821348648,21.4318292269715,21.449069995545884,376900.0
2021-07-16,21.492172241210938,21.500793446142705,21.457687421483868,21.474929831347403,812600.0
2021-07-19,21.526657104492188,21.535278310099933,21.466310309564797,21.49217392638804,1113000.0
2021-07-20,21.552520751953125,21.595625135726294,21.54389954633312,21.58700557443313,1459200.0
2021-07-21,21.500797271728516,21.57838648559298,21.492176065262797,21.56976527912726,754900.0
2021-07-22,21.526657104492188,21.535278310099933,21.431827131460647,21.431827131460647,953500.0
2021-07-23,21.5352783203125,21.561141937148005,21.526657114700665,21.526657114700665,429200.0
2021-07-26,21.466312408447266,21.50079723425003,21.440450433422193,21.50079723425003,449400.0
2021-07-27,21.431827545166016,21.46631072393581,21.397342722069357,21.431827545166016,787300.0
2021-07-28,21.37148094177246,21.50079574089717,21.37148094177246,21.46631091748958,749500.0
2021-07-29,21.29388999938965,21.31975197051242,21.28526879423981,21.31113076536258,826200.0
2021-07-30,21.354238510131836,21.362859715975684,21.29389171355177,21.311132480912587,624000.0
2021-08-02,21.3283748626709,21.3456172743344,21.302511245175644,21.311132451007396,908000.0
2021-08-03,21.33699607849121,21.354238490162786,21.31113246098385,21.31113246098385,584100.0
2021-08-04,21.37148094177246,21.388721709149372,21.276649321728456,21.276649321728456,651900.0
2021-08-05,21.37148094177246,21.388721709149372,21.345617324216764,21.37148094177246,154500.0
2021-08-06,21.492172241210938,21.509414651074472,21.4490662165521,21.466308626415636,1315500.0
2021-08-09,21.5352783203125,21.543899525924335,21.483552730968327,21.483552730968327,432600.0
2021-08-10,21.552520751953125,21.57838436881313,21.552520751953125,21.57838436881313,868700.0
2021-08-11,21.509418487548828,21.543901669099697,21.492176074609898,21.518038049691295,993700.0
2021-08-12,21.5352783203125,21.55252073153617,21.526657114700665,21.5352783203125,178900.0
2021-08-13,21.431827545166016,21.4921743412583,21.414585133617685,21.474931929709967,741000.0
2021-08-16,21.449068069458008,21.45768927513453,21.423206096755298,21.431827302431813,487200.0
2021-08-17,21.578384399414062,21.578384399414062,21.518035959988467,21.518035959988467,1009400.0
2021-08-18,21.578384399414062,21.604246371983905,21.526657165620698,21.561141988149608,537400.0
2021-08-19,21.681835174560547,21.681835174560547,21.62148838058565,21.638730791528996,990400.0
2021-08-20,21.655975341796875,21.690458522763237,21.647354135473535,21.681837316439903,775600.0
2021-08-23,21.526657104492188,21.587005543746415,21.526657104492188,21.56976313253092,1123400.0
2021-08-24,21.509418487548828,21.552522875569167,21.492176074609898,21.53528046263023,1077100.0
2021-08-25,21.492172241210938,21.56976144127014,21.492172241210938,21.543897826474836,668400.0
2021-08-26,21.552520751953125,21.561141957573128,21.526657135093117,21.526657135093117,322000.0
2021-08-27,21.45768928527832,21.578384520479833,21.449068079597723,21.56114210911864,860300.0
2021-08-30,21.45768928527832,21.483552902320113,21.449068079597723,21.45768928527832,380200.0
2021-08-31,21.45768928527832,21.474931696639516,21.40596369552159,21.423206106882784,697100.0
2021-09-01,21.41458511352539,21.423206319291467,21.388721496227166,21.405963907759315,1026700.0
2021-09-02,21.36285972595215,21.405964110864645,21.35423852010427,21.388721699168897,806600.0
2021-09-03,21.319751739501953,21.336994149614803,21.293889768659405,21.311130534445525,726500.0
2021-09-07,21.423206329345703,21.431827535115826,21.380100300495094,21.39734271203534,452600.0
2021-09-08,21.45768928527832,21.50079531368131,21.44044851824398,21.46631049095892,1004800.0
2021-09-09,21.40596389770508,21.449068282188342,21.388721486181023,21.40596389770508,197600.0
2021-09-10,21.440448760986328,21.44906832243766,21.388721526317106,21.397342732095307,399600.0
2021-09-13,21.440448760986328,21.46631073399407,21.431827555208123,21.46631073399407,157500.0
2021-09-14,21.440448760986328,21.457689528215862,21.371480759087564,21.3801003205389,380500.0
2021-09-15,21.39734268188477,21.43182750491666,21.39734268188477,21.405963887642734,187700.0
2021-09-16,21.492172241210938,21.51803421167953,21.492172241210938,21.500793446142705,424200.0
2021-09-17,21.569765090942383,21.578386297332884,21.509418290535848,21.526659058989868,2018400.0
2021-09-20,21.578384399414062,21.604246371983905,21.561141988149608,21.595625166351677,1386000.0
2021-09-21,21.561140060424805,21.595623235543822,21.561140060424805,21.569761265286235,625000.0
2021-09-22,21.621488571166992,21.647352187809982,21.526656954469512,21.578384187755496,883600.0
2021-09-23,21.5352783203125,21.561141937148005,21.51803590908883,21.55252073153617,515700.0
2021-09-24,21.595624923706055,21.612867334776777,21.578384156962155,21.604246129241417,459200.0
2021-09-27,21.621488571166992,21.630109776714654,21.595624954524,21.630109776714654,255500.0
2021-09-28,21.69908142089844,21.716323834889447,21.664596592916425,21.68183900690743,2258100.0
2021-09-29,21.854257583618164,21.854257583618164,21.759425960864597,21.768047166962827,843000.0
2021-09-30,21.81977272033691,21.85425754466836,21.785289540332393,21.837015132502636,777700.0
2021-10-01,21.776668548583984,21.793910960919412,21.75080493008084,21.75080493008084,1521900.0
2021-10-04,21.707698822021484,21.72494123298949,21.681835205569477,21.707698822021484,875100.0
2021-10-05,21.750802993774418,21.768045404574885,21.71631981650027,21.768045404574885,648000.0
2021-10-06,21.8111515045166,21.854257534911664,21.802531942764514,21.83701512275364,1121500.0
2021-10-07,21.80253219604492,21.811151757897143,21.776668577507422,21.80253219604492,480000.0
2021-10-08,21.785287857055664,21.802530267889125,21.759424240805476,21.768045446222207,383500.0
2021-10-11,21.84563446044922,21.84563446044922,21.77666646204264,21.793908872725986,1882400.0
2021-10-12,21.871498107910156,21.88873887429149,21.84563449184797,21.85425569720203,778800.0
2021-10-13,21.750802993774418,21.8197709926495,21.750802993774418,21.811149787249263,759800.0
2021-10-14,21.750802993774418,21.75942419917465,21.724941021900506,21.724941021900506,509000.0
2021-10-15,21.72494125366211,21.768045636796327,21.716320048169905,21.742182020319703,488200.0
2021-10-18,21.733562469482425,21.759426087928137,21.70770049536365,21.74218367563099,1630300.0
2021-10-19,21.681835174560547,21.699077585503893,21.64735199700067,21.6645927636172,968400.0
2021-10-20,21.64735221862793,21.690456602100788,21.630109807508052,21.67321419098091,780500.0
2021-10-21,21.69908142089844,21.69908142089844,21.638734616257015,21.64735582325252,538700.0
2021-10-22,21.655975341796875,21.690458522763237,21.638732929150205,21.664594903793233,378400.0
2021-10-25,21.69045639038086,21.716320006808218,21.69045639038086,21.699077595856643,354900.0
2021-10-26,21.733562469482425,21.75080488177956,21.69045808306651,21.69045808306651,784000.0
2021-10-27,21.72494125366211,21.72494125366211,21.673214020708873,21.690456431693285,336100.0
2021-10-28,21.595624923706055,21.66459292366212,21.569762951426792,21.66459292366212,567800.0
2021-10-29,21.768047332763672,21.811151719256188,21.65597494128696,21.65597494128696,799200.0
2021-11-01,21.69908142089844,21.768049432535367,21.69908142089844,21.759428225539864,2226100.0
2021-11-02,21.750802993774418,21.77666660997512,21.724941021900506,21.733560582973944,1107800.0
2021-11-03,21.69908142089844,21.785291846526377,21.690460213902934,21.768049432535367,1701600.0
2021-11-04,21.8111515045166,21.84563632883265,21.78528953060649,21.78528953060649,1068900.0
2021-11-05,21.793909072875977,21.87149827733678,21.785287867455132,21.8370134556534,636700.0
2021-11-08,21.750802993774418,21.77666660997512,21.733560582973944,21.768045404574885,604700.0
2021-11-09,21.72494125366211,21.768045636796327,21.707698842677697,21.733560814827506,305300.0
2021-11-10,21.957706451416016,21.957706451416016,21.75942366505813,21.77666607543536,1698500.0
2021-11-11,22.009437561035156,22.009437561035156,21.957710320788127,21.957710320788127,568000.0
2021-11-12,21.983572006225582,22.026676391644287,21.966329594327345,22.01805683002207,259500.0
2021-11-15,22.104265213012695,22.104265213012695,21.97495041469868,21.99219282629438,505600.0
2021-11-16,22.190475463867188,22.190475463867188,22.112886256582627,22.13874987378643,1412100.0
2021-11-17,22.147371292114254,22.199096882691528,22.130128880479543,22.173233265239453,683000.0
2021-11-18,22.087024688720703,22.147371485642655,22.087024688720703,22.130129073857272,708100.0
2021-11-19,22.1990966796875,22.20771788542602,22.147371089583245,22.155992295321767,678500.0
2021-11-22,22.311168670654297,22.319789876240193,22.250821875879858,22.28530669822344,1089500.0
2021-11-23,22.30255126953125,22.328413244466994,22.276687650268517,22.31979203804608,776400.0
2021-11-24,22.388757705688477,22.414621322248728,22.362895733455048,22.39737891120856,1009200.0
2021-11-26,22.216339111328125,22.25944349573298,22.190475494089092,22.250822289986637,1100400.0
2021-11-29,22.259443283081055,22.29392810573699,22.250822077417073,22.26806448874504,750000.0
2021-11-30,22.15599250793457,22.34565410302144,22.08702450569145,22.11288647882832,2115600.0
2021-12-01,22.216339111328125,22.22496031707447,22.11288628669886,22.15599231543058,1826900.0
2021-12-02,22.224958419799805,22.233579624810183,22.155990424043495,22.155990424043495,732400.0
2021-12-03,22.216339111328125,22.29392831871836,22.190475494089092,22.233581522820813,1324100.0
2021-12-06,22.250822067260746,22.285306889900937,22.233581300267495,22.242200861600697,682100.0
2021-12-07,22.259443283081055,22.31979007840209,22.250822077417073,22.31979007840209,2785100.0
2021-12-08,22.15599250793457,22.233581715998945,22.14737130211332,22.224960510177695,584500.0
2021-12-09,22.23358154296875,22.26806472165851,22.199096719952124,22.20771792570628,751800.0
2021-12-10,22.1990966796875,22.268064681268793,22.18185426821046,22.242201064053237,560700.0
2021-12-13,22.268064498901367,22.27668570456928,22.20771770355281,22.20771770355281,711700.0
2021-12-14,22.311168670654297,22.319789876240193,22.24220067029396,22.250821875879858,621700.0
2021-12-15,22.276687622070312,22.397381223156316,22.259445209250313,22.31979200979332,734900.0
2021-12-16,22.181854248046875,22.22496027670029,22.16461183658551,22.181854248046875,1118600.0
2021-12-17,22.337034225463867,22.337034225463867,22.20771941910921,22.20771941910921,545200.0
2021-12-20,22.311168670654297,22.319789876240193,22.268064287051647,22.28530669822344,1423000.0
2021-12-21,22.285306930541992,22.33703252026976,22.285306930541992,22.302549341893535,887000.0
2021-12-22,22.1990966796875,22.250822269791755,22.190475473948982,22.242201064053237,2101600.0
2021-12-23,22.181854248046875,22.250822249565477,22.181854248046875,22.250822249565477,2216500.0
2021-12-27,22.190475463867188,22.2249602868056,22.190475463867188,22.2249602868056,1344300.0
2021-12-28,22.216339111328125,22.250822289986637,22.199096699835437,22.20771790558178,820200.0
2021-12-29,22.15599250793457,22.190475686892693,22.121507684649572,22.190475686892693,1252000.0
2021-12-30,22.190475463867188,22.2249602868056,22.16461184666338,22.190475463867188,367600.0
2021-12-31,22.095643997192383,22.164611999217033,22.087024435725315,22.147371231956026,1161300.0
2022-01-03,22.23358154296875,22.2508223101502,22.190475514197967,22.190475514197967,3449500.0
2022-01-04,22.250822067260746,22.25944327292079,22.190475271967255,22.250822067260746,1310300.0
2022-01-05,22.224958419799805,22.233579624810183,22.147369219033116,22.17323118973753,1029900.0
2022-01-06,22.24220085144043,22.259443262752647,22.190475261830617,22.216338878798947,1398600.0
2022-01-07,22.12150764465332,22.19909685257741,22.104265233041993,22.19047564677175,540400.0
2022-01-10,22.17323303222656,22.22496026658712,22.155992265099904,22.216339060860363,1004300.0
2022-01-11,22.07840347290039,22.190475860801207,22.07840347290039,22.16461224313476,1311700.0
2022-01-12,21.93184471130371,22.00943391449216,21.923223506024243,22.00943391449216,3489200.0
2022-01-13,21.92322540283203,21.92322540283203,21.862878604981287,21.871499811006668,3801200.0
2022-01-14,21.983572006225582,22.00943562407295,21.914604002959525,21.93184641485777,2303000.0
2022-01-18,22.12150764465332,22.13012885045898,22.052539642534892,22.069782054146216,1940200.0
2022-01-19,22.06978225708008,22.08702466884995,22.04391863942527,22.061161051195143,1510100.0
2022-01-20,22.138750076293945,22.138750076293945,22.035297250859273,22.06116086829966,1033000.0
2022-01-21,22.07840347290039,22.08702467878921,22.052539855233945,22.052539855233945,1224500.0
2022-01-24,22.147371292114254,22.199096882691528,22.121507674662183,22.173233265239453,1946000.0
2022-01-25,22.15599250793457,22.224960510177695,22.14737130211332,22.207718098535196,1312800.0
2022-01-26,22.276687622070312,22.29393003489031,22.164613583067315,22.164613583067315,1583300.0
2022-01-27,22.466346740722656,22.47496794617738,22.397378741411664,22.42324235777584,1530300.0
2022-01-28,22.457725524902344,22.474967935803836,22.414621141975424,22.449105963778408,1791500.0
2022-01-31,22.30255126953125,22.40600245792821,22.28530885668943,22.388760045086386,2055800.0
2022-02-01,22.24220085144043,22.285306879720977,22.233581290111168,22.24220085144043,4019500.0
2022-02-02,22.15599250793457,22.190475686892693,22.13875009629207,22.15599250793457,4401600.0
2022-02-03,22.04391860961914,22.087024638985536,21.992193018706356,22.078403433112257,6514000.0
2022-02-04,22.026676177978516,22.09564418057557,22.01805661643991,22.069782207305977,2243900.0
2022-02-07,22.035297393798828,22.061161011406988,22.009435420517555,22.061161011406988,1159800.0
2022-02-08,22.06978225708008,22.095644230407995,22.052539845310207,22.061161051195143,1590900.0
2022-02-09,22.04391860961914,22.069782227238974,22.018056636326193,22.03529740374586,638800.0
2022-02-10,22.07840347290039,22.155992681572837,21.966329440672684,22.138750269795207,2931500.0
2022-02-11,22.17323303222656,22.19047544368008,22.078403057885925,22.121507442192865,2208700.0
2022-02-14,22.23358154296875,22.259443515904355,22.199096719952124,22.224960337214593,1933900.0
2022-02-15,22.147371292114254,22.2249605001436,22.1387500862969,22.181854471056813,1251000.0
2022-02-16,22.104265213012695,22.138750036204097,22.078403239946017,22.138750036204097,695200.0
2022-02-17,22.112886428833008,22.130128840436523,22.087024455754605,22.112886428833008,859500.0
2022-02-18,22.17323303222656,22.199096649406844,22.121507442192865,22.130128647919623,1144300.0
2022-02-22,22.181854248046875,22.181854248046875,22.13012865798964,22.16461183658551,1171700.0
2022-02-23,22.207719802856445,22.216341009339327,22.130130588837524,22.147373001803285,1214300.0
2022-02-24,22.388757705688477,22.552557321916417,22.362895733455048,22.44910614432906,4162400.0
2022-02-25,22.276687622070312,22.362898041843312,22.276687622070312,22.35427683543331,1293400.0
2022-02-28,22.311168670654297,22.35427469858378,22.293927903809337,22.35427469858378,1352500.0
2022-03-01,22.48358917236328,22.518073994213974,22.397378762063347,22.414621172988696,2498000.0
2022-03-02,22.466346740722656,22.578420767307275,22.449105974140014,22.518073973451006,1451400.0
2022-03-03,22.55255889892578,22.604284491336426,22.50945451263807,22.526695280556993,1780800.0
2022-03-04,22.724977493286133,22.819807462639417,22.724977493286133,22.802566696419493,3212400.0
2022-03-07,22.888776779174805,22.914640396484913,22.776704392818072,22.78532559858811,2507900.0
2022-03-08,22.845672607421875,22.906019404047292,22.7680833990958,22.845672607421875,1497200.0
2022-03-09,22.621524810791016,22.681871603741705,22.57842042849103,22.630146016116367,1594900.0
2022-03-10,22.73360061645508,22.742220178128832,22.664632612776657,22.681873380451076,1098000.0
2022-03-11,22.854293823242188,22.897398208185752,22.724979024084615,22.750840997319997,1661300.0
2022-03-14,22.845672607421875,22.854293813272204,22.759462193245472,22.81118778402056,1739500.0
2022-03-15,22.819808959960938,22.86291498915608,22.733600190224415,22.759462163414614,762600.0
2022-03-16,22.6560115814209,22.845673181916855,22.6560115814209,22.73360079169809,1958400.0
2022-03-17,22.604284286499023,22.66463272881266,22.526695076422698,22.64739031672305,3088600.0
2022-03-18,22.63014793395996,22.733600762304764,22.621526727903984,22.724979556248787,913700.0
2022-03-21,22.716358184814453,22.716358184814453,22.630147769209227,22.647390181195657,1232300.0
2022-03-22,22.70773696899414,22.724979380973103,22.664632583373635,22.690494557015175,928500.0
2022-03-23,22.73360061645508,22.79394741413284,22.724979410454413,22.768083796130835,465600.0
2022-03-24,22.759462356567383,22.811187947713655,22.733600383157697,22.78532597430397,1666300.0
2022-03-25,22.768081665039062,22.78532407542651,22.71635607820349,22.750839254651616,599200.0
2022-03-28,22.83704948425293,22.89739627581184,22.811185868873363,22.89739627581184,1086700.0
2022-03-29,22.699115753173828,22.716358165145326,22.59566292567175,22.630147749614743,1542200.0
2022-03-30,22.57842063903809,22.587041844443835,22.5266934066036,22.56117822822659,3972300.0
2022-03-31,22.673254013061523,22.69049642646107,22.57842402801809,22.65601324398902,1679100.0
2022-04-01,22.70773696899414,22.759462560604128,22.70773696899414,22.733600586962588,1824200.0
2022-04-04,22.811187744140625,22.828430155811137,22.76808335929122,22.785325770961737,1158100.0
2022-04-05,22.931882858276367,22.931882858276367,22.776704442729407,22.802568060096192,2081500.0
2022-04-06,22.94912338256836,23.000848968721257,22.888774947008788,22.897396152088724,1653400.0
2022-04-07,22.99222755432129,23.009469964324193,22.914638353634945,22.93188076363785,880400.0
2022-04-08,22.99222755432129,23.087059165010537,22.98360634931984,23.061195550006182,1706700.0
2022-04-11,23.043956756591797,23.052577962946287,23.009473575500817,23.035335550237303,797200.0
2022-04-12,23.121543884277344,23.121543884277344,23.009471500429992,23.026712267257164,1410200.0
2022-04-13,23.02671241760254,23.16465006340834,23.00085044502951,23.156028857775052,2906500.0
2022-04-14,23.130165100097656,23.216375511579013,23.104301483355197,23.104301483355197,1525700.0
2022-04-18,23.22499656677246,23.242237333495627,23.156028566899323,23.173269333622493,1149000.0
2022-04-19,23.276723861694336,23.28534506785123,23.23361947523679,23.268102655537437,1498500.0
2022-04-20,23.112924575805664,23.156030607228804,23.095683807563372,23.138788194659547,1235200.0
2022-04-21,23.1818904876709,23.1991328986826,23.06119689924262,23.078439310254325,2180300.0
2022-04-22,23.319828033447266,23.354312857757353,23.250860029154012,23.259481235231533,1207300.0
2022-04-25,23.431900024414062,23.475004406715215,23.406036408437306,23.431900024414062,2316400.0
2022-04-26,23.578458786010746,23.58707999190662,23.48362716548295,23.492248371378835,2241400.0
2022-04-27,23.725013732910156,23.80260293423989,23.690528912618394,23.750875703802244,3872300.0
2022-04-28,23.862953186035156,23.940542398616895,23.854331979711965,23.897436367000942,2427100.0
2022-04-29,23.76811790466309,23.81122392964823,23.69052870401655,23.79398151965417,3029200.0
2022-05-02,23.888813018798828,23.914676635449457,23.81122545750059,23.862951046475025,2294100.0
2022-05-03,23.8457088470459,23.87157246392611,23.75949843510536,23.776740846358837,2199600.0
2022-05-04,23.64742660522461,23.888813791127266,23.61294178190887,23.79398381566274,10608800.0
2022-05-05,23.8457088470459,23.957782875866652,23.79398325761231,23.79398325761231,3165300.0
2022-05-06,23.888813018798828,23.914676635449457,23.793983046400168,23.819845018723974,2506400.0
2022-05-09,23.89743423461914,23.97502344027755,23.828466234514647,23.91467664572697,3017700.0
2022-05-10,23.94916343688965,23.96640420508808,23.880195431115048,23.880195431115048,10162000.0
2022-05-11,23.97502326965332,23.97502326965332,23.81984485944087,23.888812859054536,2300200.0
2022-05-12,24.181928634643555,24.181928634643555,24.043992627623577,24.069856245562413,3214900.0
2022-05-13,24.112958908081055,24.199169317389885,24.0784757309536,24.199169317389885,2855600.0
2022-05-16,24.018131256103516,24.11296123560265,24.000888843712055,24.07847805514668,1721900.0
2022-05-17,23.819847106933594,23.871574344769616,23.80260633864856,23.85433193215761,7703800.0
2022-05-18,23.940540313720703,23.949161519293103,23.819845080033932,23.87157231346833,2184000.0
2022-05-19,23.69053077697754,23.75949877866186,23.65604759829881,23.75949877866186,6258400.0
2022-05-20,23.74225616455078,23.802602955789265,23.72501375438929,23.73363495947004,2677600.0
2022-05-23,23.5267333984375,23.595701401874127,23.509490986496616,23.57845898993324,3716700.0
2022-05-24,23.457761764526367,23.50948899596932,23.41465738265067,23.50086779072883,3642500.0
2022-05-25,23.543973922729492,23.595701158017555,23.500869537649667,23.56121633449218,1545200.0
2022-05-26,23.466384887695312,23.518112123365977,23.44914412013199,23.500869711475755,1289400.0
2022-05-27,23.41465759277344,23.48362559098953,23.380174415828783,23.43190000340915,2677900.0
2022-05-31,23.457761764526367,23.526731406450303,23.42327858789117,23.483625380247844,2716100.0
2022-06-01,23.638805389404297,23.67328856837858,23.475005767377528,23.48362697320282,3746400.0
2022-06-02,23.431900024414062,23.561214815644306,23.431900024414062,23.526731638668736,6241000.0
2022-06-03,23.535350799560547,23.56121441509762,23.45776159727608,23.49224641799218,5713900.0
2022-06-06,23.587080001831055,23.612941975202684,23.51811199896189,23.526733204861397,2805900.0
2022-06-07,23.561216354370117,23.67328874226836,23.5525951484815,23.67328874226836,1496600.0
2022-06-08,23.630184173583984,23.630184173583984,23.56121617133771,23.58707978880264,1002500.0
2022-06-09,23.802602767944336,23.811223972957045,23.621560751330893,23.64742436636902,4253600.0
2022-06-10,23.992267608642575,24.009510021013288,23.940542015857396,23.94916322204275,2510900.0
2022-06-13,24.225034713745117,24.250896687409572,24.112960680109435,24.138824298100804,6183800.0
2022-06-14,24.276758193969727,24.319862575879498,24.16468581440827,24.173307019655574,4136500.0
2022-06-15,24.087099075317383,24.319865063496646,24.069856663059085,24.225035084729885,5882000.0
2022-06-16,23.85433006286621,24.104338448841084,23.785362062149677,24.03537044812455,4908000.0
2022-06-17,24.095718383789062,24.181927149637307,24.052612356538138,24.06123356198832,2106900.0
2022-06-21,24.00950813293457,24.05261251614472,23.957782544217025,24.000886927427175,2527800.0
2022-06-22,23.97502326965332,24.00950809162356,23.888812859054536,24.00950809162356,1780800.0
2022-06-23,24.000886917114254,24.061233711313267,23.940540122915248,24.009508122617948,2163500.0
2022-06-24,23.94916343688965,24.009510236401553,23.914678611838863,23.98364661761347,1427100.0
2022-06-27,23.90605735778809,23.93192097652447,23.845710558396817,23.914678564033547,1464900.0
2022-06-28,24.043991088867188,24.06123349972294,23.992265500626733,24.01812911691036,1676900.0
2022-06-29,24.181928634643555,24.190549840623166,24.095719863501248,24.104339425153952,2025400.0
2022-06-30,24.104339599609375,24.21641363382856,24.078477625810272,24.199171221744542,2113500.0
2022-07-01,24.181928634643555,24.31986464166353,24.17330907299085,24.259517844133153,2964500.0
2022-07-05,24.526771545410156,24.58711834601336,24.49228671973576,24.526771545410156,3325500.0
2022-07-06,24.63884162902832,24.699188423970877,24.59573724530559,24.62159921780849,4650600.0
2022-07-07,24.647462844848633,24.69056722858922,24.59573725549456,24.63884163923515,2323700.0
2022-07-08,24.630220413208008,24.71643082494457,24.595737235109485,24.656084030027028,1736300.0
2022-07-11,24.91471290588379,24.93195531660163,24.828502496621375,24.8802297287749,4233500.0
2022-07-12,24.906091690063477,24.92333410077407,24.828502486192573,24.906091690063477,1586700.0
2022-07-13,24.854368209838867,24.975061806393953,24.74229581937013,24.957821038548175,1624200.0
2022-07-14,25.02678871154785,25.173345924421525,24.957820708097117,25.121618688588295,3071100.0
2022-07-15,24.880231857299805,24.966440629610663,24.84574703291392,24.940578655648174,2392000.0
2022-07-18,24.74229431152344,24.750913872757568,24.604358311201747,24.725051900401517,3623300.0
2022-07-19,24.58711814880371,24.59573935515316,24.50952893598564,24.55263332340591,3228200.0
2022-07-20,24.656084060668945,24.70780965004443,24.552631237591136,24.56125244320819,2222100.0
2022-07-21,24.58711814880371,24.716432955391497,24.58711814880371,24.69056933634315,2831800.0
2022-07-22,24.552631378173828,24.595737406505915,24.440558993164103,24.587116200839496,3151300.0
2022-07-25,24.51814842224121,24.56125280663745,24.466421187773488,24.47504239351811,2012600.0
2022-07-26,24.707809448242188,24.707809448242188,24.638841448195897,24.638841448195897,2452400.0
2022-07-27,24.500905990600582,24.74229481827084,24.475042373387993,24.6560844052224,4947700.0
2022-07-28,24.483665466308594,24.604360711610255,24.475044259906547,24.51815029191678,2361500.0
2022-07-29,24.38883399963379,24.569874390073213,24.38883399963379,24.535389566564625,5538600.0
2022-08-01,24.294002532958984,24.328485712358773,24.242276941695856,24.302623738890656,5826900.0
2022-08-02,24.44917869567871,24.49228307703386,24.319862262959763,24.35434708350528,15058800.0
2022-08-03,24.51814842224121,24.612978396778313,24.483663599262727,24.492284805007348,2811300.0
2022-08-04,24.36297035217285,24.526769974984315,24.34572794043967,24.509527563251133,2536100.0
2022-08-05,24.56987571716309,24.621601310892927,24.535390891791874,24.604360542534295,3199400.0
2022-08-08,24.535388946533203,24.544010152192484,24.449180178594084,24.50952697388221,2802800.0
2022-08-09,24.5095272064209,24.526769617903053,24.44055920481915,24.449180410560224,1437600.0
2022-08-10,24.24227523803711,24.276758415013543,24.121580007802624,24.24227523803711,6198200.0
2022-08-11,24.259519577026367,24.259519577026367,24.121583560153415,24.164689593130603,2888900.0
2022-08-12,24.35434913635254,24.41469593306713,24.319864312900265,24.3371067246264,3069800.0
2022-08-15,24.56987571716309,24.56987571716309,24.43193970433219,24.43193970433219,4475400.0
2022-08-16,24.56125259399414,24.604358622344044,24.509527004301106,24.604358622344044,3038700.0
2022-08-17,24.59573745727539,24.6388418413696,24.5353890174859,24.6043586629596,2704800.0
2022-08-18,24.785400390625,24.81988521522802,24.638843174716055,24.638843174716055,2970300.0
2022-08-19,24.94057846069336,24.966440434453688,24.906093636577033,24.923336048635196,3143700.0
2022-08-22,25.14748191833496,25.173345535852352,25.009545913562636,25.009545913562636,4688200.0
2022-08-23,25.04402732849121,25.14748014694668,24.94057615436251,25.138858941714822,14555300.0
2022-08-24,25.06127166748047,25.18196526136054,25.00092487054043,25.14748208210633,4544400.0
2022-08-25,25.018165588378903,25.087133586544475,24.983680767132736,25.0526487652983,2440300.0
2022-08-26,25.11299705505371,25.13023946670456,24.82850384012222,24.880231075074764,2743800.0
2022-08-29,25.121618270874023,25.15610309418944,25.05265026857007,25.10437750354319,3902000.0
2022-08-30,25.11299705505371,25.19058626315565,25.04402905277719,25.06127146442804,2619700.0
2022-08-31,25.09575653076172,25.19058650710598,25.026788527817303,25.173345739615048,2497800.0
2022-09-01,25.319902420043945,25.4061111886701,25.233692007090937,25.25093441854691,4864200.0
2022-09-02,25.328521728515625,25.337142934157523,25.15610254865823,25.21644934382466,2678200.0
2022-09-06,25.475078582763672,25.544046582616303,25.40611058291104,25.457837816045632,15048800.0
2022-09-07,25.29404067993164,25.5612915000245,25.29404067993164,25.552670293656732,3382800.0
2022-09-08,25.34576416015625,25.440595777966433,25.31990218753663,25.406110955371147,2431100.0
2022-09-09,25.164724349975582,25.19920752903258,25.13023952659171,25.173345555821555,3388900.0
2022-09-12,25.035409927368164,25.05265069499245,24.957820717914707,25.02678872139257,3580900.0
2022-09-13,25.3802490234375,25.397489790435937,25.21644940450102,25.268174994150016,7862100.0
2022-09-14,25.328521728515625,25.36300655108321,25.268174933349194,25.311280961558676,2120700.0
2022-09-15,25.34576416015625,25.371627777102713,25.302659776238993,25.354385365805072,2349500.0
2022-09-16,25.34576416015625,25.44921698361525,25.29403857059017,25.43197457231761,3646500.0
2022-09-19,25.328521728515625,25.440595757533433,25.311280961558676,25.43197455189154,1741700.0
2022-09-20,25.449216842651367,25.483700020728804,25.397489609044964,25.457838048252437,2065100.0
2022-09-21,25.69922637939453,25.79405800092898,25.552669166262618,25.56991157823741,4722000.0
2022-09-22,25.73371124267578,25.76819442235116,25.63025841499582,25.66474323899811,2584200.0
2022-09-23,26.138896942138672,26.182002970300132,25.906129323047317,25.906129323047317,4964300.0
2022-09-26,26.4320125579834,26.46649738208032,26.199244928309945,26.242350958431093,7721000.0
2022-09-27,26.44063377380371,26.51822298372361,26.311318972046188,26.371665769911235,7688600.0
2022-09-28,26.095792770385746,26.492358366733026,26.061307947576314,26.46649639395281,9864700.0
2022-09-29,25.992338180541992,26.173380199339014,25.966476209518664,26.130274173755563,6257300.0
2022-09-30,25.992338180541992,26.09579099761554,25.94061259416859,26.09579099761554,4762000.0
2022-10-03,25.871646881103516,26.052687271553193,25.82854085171534,26.009582886491906,3432000.0
2022-10-04,25.51818466186523,25.72508866184061,25.50094225078558,25.707846250760955,12310600.0
2022-10-05,25.75957298278809,25.888889427297254,25.72508980342537,25.794057806477703,4949000.0
2022-10-06,26.01820182800293,26.035444238257593,25.863023424364464,25.914749010801703,3243700.0
2022-10-07,26.121654510498047,26.156139333000315,26.00096092039379,26.069928921071487,4733000.0
2022-10-10,26.23373031616211,26.27683470288264,26.138898692184593,26.225109109952612,4099600.0
2022-10-11,26.2509708404541,26.285454018484906,26.04406519496197,26.216486018096468,4843100.0
2022-10-12,26.2509708404541,26.319938840842536,26.190622401328245,26.259590401716675,2466400.0
2022-10-13,26.078550338745117,26.36304354939472,25.98371872041963,26.34580113800338,7358300.0
2022-10-14,26.25958824157715,26.285451856217808,26.130273457027258,26.147515866787693,3993800.0
2022-10-17,25.992338180541992,26.09579099761554,25.94061259416859,26.07854858738216,4010000.0
2022-10-18,25.97509765625,26.061308069349536,25.914750860378383,25.931993271863664,5326500.0
2022-10-19,26.16476249694824,26.216488090246248,26.095794491108585,26.13027767186493,3372900.0
2022-10-20,26.18200302124023,26.207864993860586,26.00096099126355,26.13027578734584,3437500.0
2022-10-21,25.957857131958008,26.285454731609075,25.9061298970182,26.268212319962473,6352400.0
2022-10-24,25.983718872070312,26.0613080794573,25.92337207617529,26.044065667965334,3132200.0
2022-10-25,25.69922637939453,25.81992161889117,25.68198561174665,25.81992161889117,5338900.0
2022-10-26,25.431974411010746,25.59577402864571,25.414731999822465,25.59577402864571,7681000.0
2022-10-27,25.630258560180664,25.64750097227948,25.457839372173257,25.587154174260544,4312800.0
2022-10-28,25.673364639282227,25.750953849547628,25.63887981501897,25.673364639282227,2480000.0
2022-10-31,25.88888931274414,25.906130080185765,25.82854087155434,25.845783283322852,2920800.0
2022-11-01,25.880268096923828,25.931993687882624,25.70784726795866,25.72508967972055,3313600.0
2022-11-02,25.992338180541992,25.992338180541992,25.604393816251363,25.794055395838335,5314900.0
2022-11-03,26.20786476135254,26.23372837807028,26.09579237756265,26.20786476135254,8854500.0
2022-11-04,25.716468811035156,25.975098413547183,25.690605193053187,25.888889642261116,5481400.0
2022-11-07,25.56991195678711,25.664743579725492,25.53542877665393,25.61301634303532,3220200.0
2022-11-08,25.457839965820312,25.604397183423956,25.380250753893268,25.595775977173513,4722300.0
2022-11-09,25.64750099182129,25.69060537777425,25.466460597626533,25.58715419375637,2870800.0
2022-11-10,25.06127166748047,25.25955447009113,25.06127166748047,25.22507129083692,10429200.0
2022-11-11,24.699188232421875,24.914713438017753,24.664705054576487,24.83712423245709,8430900.0
2022-11-14,24.811262130737305,24.888851335893253,24.74229413107944,24.854366513900914,6588500.0
2022-11-15,24.725053787231445,24.87161100429823,24.58711777638352,24.61297975071316,5245200.0
2022-11-16,24.67332649230957,24.75953525989773,24.63884166981283,24.6560840810612,2510600.0
2022-11-17,24.768157958984375,24.897472762490843,24.768157958984375,24.854368376097668,3651700.0
2022-11-18,24.83712577819824,24.86298939643703,24.742295799976542,24.785400186047596,3321400.0
2022-11-21,25.052648544311523,25.095754570489007,25.00092295722531,25.0267865729318,3623300.0
2022-11-22,24.897472381591797,24.99230400339831,24.88885281990658,24.97506159137405,3115900.0
2022-11-23,24.63884162902832,24.837124425075825,24.630220423418404,24.828503219465908,4713200.0
2022-11-25,24.63884162902832,24.733673246410532,24.630220423418404,24.70780962958079,1306400.0
2022-11-28,24.81988525390625,24.828504815743496,24.595738826618152,24.621600800783774,2833000.0
2022-11-29,24.86298942565918,24.86298942565918,24.742295829056843,24.828504601300267,1322500.0
2022-11-30,24.664705276489254,24.931956073421137,24.604358481471753,24.7595352496624,4062300.0
2022-12-01,24.36297035217285,24.466421533918176,24.34572794043967,24.406074737178923,6989500.0
2022-12-02,24.33710670471191,24.518148739034427,24.31124473147076,24.449180736513203,3845600.0
2022-12-05,24.535388946533203,24.544010152192484,24.32848494369099,24.354348560668836,5149200.0
2022-12-06,24.552631378173828,24.595737406505915,24.431937787497684,24.48366337716934,4039400.0
2022-12-07,24.47504234313965,24.53538913890091,24.440559164559005,24.457801576012756,2869900.0
2022-12-08,24.39745330810547,24.483663721655777,24.38883374664462,24.449180542831776,2483300.0
2022-12-09,24.44917869567871,24.475040666761103,24.33710467323252,24.43193628540595,2643000.0
2022-12-12,24.466421127319336,24.52676956738257,24.388833564463187,24.43193794875292,4195200.0
2022-12-13,24.250896453857425,24.26813886568561,24.15606647745617,24.164687683370268,9962200.0
2022-12-14,24.138822555541992,24.285379758259428,24.095718172994957,24.216411759588095,5789100.0
2022-12-15,24.36297035217285,24.440559560645287,24.1733087560885,24.190549523494795,9086600.0
2022-12-16,24.40607452392578,24.423316935508304,24.31124454887565,24.380212550878863,5050300.0
2022-12-19,24.41216278076172,24.455648213245222,24.34258774758775,24.37737609357455,5859400.0
2022-12-20,24.246919631958008,24.299102147014953,24.18604168985775,24.281707975329304,3683600.0
2022-12-21,24.30780029296875,24.342586979057653,24.238225261991364,24.281709034302384,4431800.0
2022-12-22,24.342586517333984,24.403464460934533,24.32519234521967,24.351283603391146,2743500.0
2022-12-23,24.333890914916992,24.394768862229277,24.307801313954386,24.35998217467925,1852300.0
2022-12-27,24.325193405151367,24.359981750895844,24.281709631770397,24.35128466445973,3022400.0
2022-12-28,24.41216278076172,24.41216278076172,24.246921454923676,24.28170980091048,1992100.0
2022-12-29,24.264314651489254,24.333889681863436,24.23822505184867,24.30780008222285,2110500.0
2022-12-30,24.1860408782959,24.29040424610837,24.15125419489138,24.229526306050868,3437100.0
2023-01-03,24.446949005126953,24.490432775037096,24.34258563502333,24.41216066215925,4482600.0
2023-01-04,24.3599796295166,24.412160484789545,24.299101688564924,24.32519128680165,1979100.0
2023-01-05,24.586101531982425,24.612191133032496,24.516526497849455,24.525223584466033,3417800.0
2023-01-06,24.264314651489254,24.63828106180031,24.264314651489254,24.57740311757285,3794000.0
2023-01-09,24.11646842956543,24.16865094844717,24.055590483003034,24.15995386196688,9855100.0
2023-01-10,24.133859634399418,24.168647976042095,24.081678780734823,24.116465463578074,1670000.0
2023-01-11,24.133859634399418,24.186040488064005,24.107768378167403,24.125162548988744,1929800.0
2023-01-12,23.89904403686523,24.13386037374872,23.864257352956283,23.97731614915973,4370500.0
2023-01-13,23.89034843444824,23.968620551602353,23.881651348231166,23.959923465385277,2049500.0
2023-01-17,23.959922790527344,23.986014048443685,23.83816690451682,23.864258162433163,2566900.0
2023-01-18,23.959922790527344,23.97731696247157,23.751197703595217,23.76859187553945,3212900.0
2023-01-19,23.89904403686523,23.97731614915973,23.864257352956283,23.91643820821945,2509100.0
2023-01-20,23.864259719848633,24.00340978688451,23.864259719848633,23.96862144072572,2634900.0
2023-01-23,23.89904403686523,23.942529465250775,23.864257352956283,23.92513529389656,3615600.0
2023-01-24,23.872955322265625,23.986014122653824,23.85556115026758,23.90774200746217,1754000.0
2023-01-25,23.7946834564209,23.890348085813535,23.78598637033074,23.864258486342617,2230900.0
2023-01-26,23.855562210083008,23.93383432875201,23.8207738645414,23.8294709509268,2657100.0
2023-01-27,23.89034843444824,23.951228037967784,23.86425883459659,23.93383386553363,2554400.0
2023-01-30,23.977317810058594,23.977317810058594,23.872956092303163,23.899045692342224,3006500.0
2023-01-31,23.92513656616211,24.012105768758467,23.916439480022515,23.959923251920912,2126300.0
2023-02-01,23.699018478393555,23.92513775283969,23.67292721868066,23.85556271907162,7138000.0
2023-02-02,23.855562210083008,23.8990459832104,23.751198832257803,23.75989591864321,4302100.0
2023-02-03,24.168651580810547,24.168651580810547,24.003410250960837,24.046894025700382,7868200.0
2023-02-06,24.30780029296875,24.359981151501895,24.238225261991364,24.264314861858143,6884400.0
2023-02-07,24.264314651489254,24.403464712237614,24.16865002147449,24.359980940303593,4282800.0
2023-02-08,24.2904052734375,24.29910235935633,24.22952733080525,24.246919843843376,1416500.0
2023-02-09,24.255617141723633,24.255617141723633,24.09907291141585,24.09907291141585,3609000.0
2023-02-10,24.333890914916992,24.35998217467925,24.246921707842446,24.26431588101729,3201800.0
2023-02-13,24.264314651489254,24.351283854156875,24.24692047919582,24.34258676801015,2010600.0
2023-02-14,24.246919631958008,24.325191745743915,24.159952091128787,24.281707975329304,3456700.0
2023-02-15,24.41216278076172,24.47304072743899,24.40346569426502,24.42955695375512,4805900.0
2023-02-16,24.446949005126953,24.50782694652095,24.40346357641732,24.47303860355324,4101800.0
2023-02-17,24.429555892944336,24.551311781011837,24.412161720706244,24.516525095335226,4187800.0
2023-02-21,24.507829666137695,24.52522383955177,24.403466284452936,24.46434423260251,2532000.0
2023-02-22,24.586101531982425,24.60349570521558,24.47304106476656,24.507829411232876,1745200.0
2023-02-23,24.594797134399418,24.65567507824206,24.568705876124184,24.58610004830767,4056600.0
2023-02-24,24.77743148803711,24.78612857431212,24.733947715461664,24.77743148803711,4869300.0
2023-02-27,24.6469783782959,24.69915923686432,24.60349460595548,24.681765064408317,3470300.0
2023-02-28,24.716552734375,24.716552734375,24.577402676125985,24.620886447278973,4060400.0
2023-03-01,24.586101531982425,24.64697947949881,24.54261609889953,24.577404445365843,3932300.0
2023-03-02,24.716552734375,24.777430677509003,24.699158562393983,24.751339419537484,3976200.0
2023-03-03,24.620887756347656,24.74264530788893,24.612190669894737,24.67307027506519,2795100.0
2023-03-06,24.586101531982425,24.620888219649075,24.53391901228295,24.594798618599,4169000.0
2023-03-07,24.890491485595703,24.899186912908593,24.646978050845657,24.65567513695811,4149300.0
2023-03-08,24.88179397583008,24.93397483281678,24.82961146004384,24.88179397583008,3127600.0
2023-03-09,24.812219619750977,24.83830921955203,24.78612836115034,24.829612133351823,2749300.0
2023-03-10,24.65567398071289,24.673068152122088,24.52522101274288,24.65567398071289,5632800.0
2023-03-13,24.429555892944336,24.516525095335226,24.4034646345872,24.490433836978085,5300200.0
2023-03-14,24.429555892944336,24.525222181454268,24.42085880682529,24.446950065182424,3386400.0
2023-03-15,24.69046401977539,24.794827403612423,24.68176693288899,24.76003905606684,5141900.0
2023-03-16,24.66437339782715,24.70785717166098,24.62088796519368,24.69046299860759,2670100.0
2023-03-17,24.525222778320312,24.638281583020262,24.48173734666679,24.603494896497047,2192400.0
2023-03-20,24.386072158813477,24.429555930676297,24.386072158813477,24.403464672278865,2226300.0
2023-03-21,24.377376556396484,24.412163244244105,24.325194036425557,24.3425882097492,2354900.0
2023-03-22,24.194740295410156,24.38607287837117,24.099074003929648,24.342587446425657,5645600.0
2023-03-23,24.229528427124023,24.255618027261455,24.11646796386315,24.15995339542487,3328800.0
2023-03-24,24.377376556396484,24.40346615758228,24.35128529641102,24.35128529641102,2368700.0
2023-03-27,24.299102783203125,24.351283640826736,24.299102783203125,24.34258655475621,1910500.0
2023-03-28,24.212133407592773,24.28170843685829,24.203436321584643,24.24692009282576,2077200.0
2023-03-29,24.273012161254883,24.307800506448892,24.23822547486047,24.273012161254883,1684100.0
2023-03-30,24.15995216369629,24.186041762503613,24.142557991958395,24.15995216369629,1006600.0
2023-03-31,24.246919631958008,24.264313803643656,24.168649176971613,24.21213294738622,2569800.0
2023-04-03,24.133859634399418,24.229525915117357,24.125162548988744,24.203434658885342,1753500.0
2023-04-04,24.038196563720703,24.14255994378591,24.00340987623207,24.13386285721384,2610700.0
2023-04-05,24.107770919799805,24.142559265110147,23.994712115140395,24.046892974306303,2528900.0
2023-04-06,24.125164031982425,24.177344888854613,24.081680261055517,24.168649461708856,2156600.0
2023-04-10,24.264314651489254,24.333889681863436,24.264314651489254,24.29040590992941,1882500.0
2023-04-11,24.17734718322754,24.22083261708064,24.151257581715367,24.168651755256608,785100.0
2023-04-12,24.046892166137695,24.09037759631417,24.020802566831364,24.046892166137695,2645600.0
2023-04-13,23.933834075927734,23.942531162221265,23.881651558166553,23.91643990334067,2468300.0
2023-04-14,24.072982788085938,24.107769472508284,23.968619417219884,23.97731650302535,2777400.0
2023-04-17,24.194740295410156,24.229528640966564,24.14255943587516,24.159953608653364,2011700.0
2023-04-18,24.107770919799805,24.168650524092907,24.107770919799805,24.151256351437738,1713400.0
2023-04-19,24.15995216369629,24.177344676634664,24.11646673435155,24.142557991958395,2011200.0
2023-04-20,24.15995216369629,24.15995216369629,24.099072562613657,24.142557991958395,1992300.0
2023-04-21,24.133859634399418,24.229525915117357,24.116465463578074,24.125162548988744,1885500.0
2023-04-24,24.05558967590332,24.116467620423172,24.03819550352634,24.09907344804619,1424500.0
2023-04-25,24.168651580810547,24.194741182134408,24.10777197385563,24.10777197385563,2056500.0
2023-04-26,24.090377807617188,24.0990732349292,23.968620260854653,23.97731734696623,2395100.0
2023-04-27,24.09907341003418,24.168650099432355,24.08168089648421,24.15125592708281,1971100.0
2023-04-28,24.133859634399418,24.212131744296016,24.090375866145493,24.177343402653335,3285800.0
2023-05-01,24.255617141723633,24.273011313713287,24.151255427384804,24.151255427384804,3558800.0
2023-05-02,24.194740295410156,24.325193273647457,24.186043209021054,24.29040658689066,7964800.0
2023-05-03,24.064287185668945,24.125165131260363,24.003409240077524,24.107770958577213,3155000.0
2023-05-04,24.090377807617188,24.133861579375516,24.046892377059297,24.090377807617188,3589400.0
2023-05-05,24.05558967590332,24.151255965177132,24.03819550352634,24.13386179280015,2238100.0
2023-05-08,24.090377807617188,24.0990732349292,24.02080277752412,24.029498204836138,1426500.0
2023-05-09,24.168651580810547,24.203438268842255,24.14256032068701,24.186044095426563,1240200.0
2023-05-10,24.125164031982425,24.15995237576357,24.081680261055517,24.09907277414656,1378900.0
2023-05-11,24.281709671020508,24.299103843920864,24.22952881111907,24.2469213252198,3647200.0
2023-05-12,24.43825340270996,24.43825340270996,24.31649585373218,24.32519294000199,2961100.0
2023-05-15,24.368677139282227,24.412160909633176,24.368677139282227,24.394766737972994,1000300.0
2023-05-16,24.429555892944336,24.446950065182424,24.351283776672496,24.394767548468156,2215200.0
2023-05-17,24.473039627075195,24.54261465712091,24.464342540969536,24.481736713180855,1376300.0
2023-05-18,24.65567398071289,24.673068152122088,24.603493125284785,24.603493125284785,2358100.0
2023-05-19,24.586101531982425,24.64697947949881,24.53391901228295,24.612191133032496,1897300.0
2023-05-22,24.603492736816406,24.629582334718783,24.56870439454729,24.603492736816406,1093400.0
2023-05-23,24.67306900024414,24.699158599455263,24.620886484222805,24.664371914240583,925500.0
2023-05-24,24.76003646850586,24.777430640460864,24.68176435350788,24.68176435350788,2664200.0
2023-05-25,24.87309837341309,24.881795459896193,24.820917513314075,24.820917513314075,2450100.0
2023-05-26,24.86440086364746,24.90788463652311,24.82091709077181,24.83830960464231,1989400.0
2023-05-30,24.838308334350582,24.86439959202137,24.80352164958906,24.80352164958906,2059000.0
2023-05-31,24.88179397583008,24.977458603839107,24.864399803901332,24.90788357492366,1903400.0
2023-06-01,24.586101531982425,24.838310408664555,23.829471584336694,24.838310408664555,5617500.0
2023-06-02,24.847007751464844,24.855704838171093,24.69916059505796,24.70785768176421,7704500.0
2023-06-05,24.80352210998535,24.916580911058276,24.80352210998535,24.907883825006586,2170600.0
2023-06-06,24.88179397583008,24.93397483281678,24.864399803901332,24.91658066088803,704000.0
2023-06-07,24.890491485595703,24.899186912908593,24.768733938820898,24.82961188280852,890200.0
2023-06-08,24.69046401977539,24.77743322983963,24.69046401977539,24.77743322983963,1922100.0
2023-06-09,24.768733978271484,24.777431064397792,24.716553120313208,24.742644378692127,1252100.0
2023-06-12,24.77743148803711,24.820916919412152,24.751340229212087,24.760037315487093,1207500.0
2023-06-13,24.699159622192383,24.742645054010797,24.664372935537266,24.699159622192383,2690300.0
2023-06-14,24.577404022216797,24.707857001620145,24.560009849283116,24.60349528161732,6221200.0
2023-06-15,24.43825340270996,24.586100551697587,24.42955631644015,24.586100551697587,1918400.0
2023-06-16,24.48173713684082,24.51652548186548,24.429556278103423,24.446950450615756,1682400.0
2023-06-20,24.55131149291992,24.612189436239316,24.55131149291992,24.560008578936912,1405700.0
2023-06-21,24.43825340270996,24.5947976379674,24.42955631644015,24.577403465427775,1237700.0
2023-06-22,24.525222778320312,24.542615292182116,24.45564774647428,24.490434432997493,1311100.0
2023-06-23,24.65567398071289,24.6904606647318,24.612188552189895,24.620885637894496,1626800.0
2023-06-26,24.62958335876465,24.646977530622426,24.60349375977752,24.62958335876465,1055900.0
2023-06-27,24.568706512451172,24.60349485771916,24.52522273966579,24.54261525350018,1113700.0
2023-06-28,24.681764602661133,24.733947119052907,24.646977917199504,24.67306917539539,1333200.0
2023-06-29,24.7861270904541,24.812218347717135,24.73394623472753,24.7861270904541,722600.0
2023-06-30,24.681764602661133,24.7426442051182,24.6556750032648,24.72525003298761,1517000.0
2023-07-03,24.707855224609375,24.725249396292053,24.655674368360856,24.716552310450716,847300.0
2023-07-05,24.8209171295166,24.8209171295166,24.71655375213268,24.71655375213268,828400.0
2023-07-06,24.76003646850586,24.873096927413844,24.751339382528357,24.76003646850586,882700.0
2023-07-07,24.55131149291992,24.69915863760968,24.54261440690293,24.69046155159269,1959500.0
2023-07-10,24.490434646606445,24.60349511109213,24.481737560199885,24.586100938279007,1270700.0
2023-07-11,24.429555892944336,24.49913092309713,24.412161720706244,24.46434257862095,2025000.0
2023-07-12,24.142559051513672,24.255617855172815,24.142559051513672,24.255617855172815,1287900.0
2023-07-13,23.977317810058594,24.06428701405452,23.95992363749949,24.055589927774967,1183700.0
2023-07-14,24.02080345153809,24.038195965449702,23.968620933404395,23.99471219247124,838300.0
2023-07-17,23.994712829589844,24.081682036655632,23.994712829589844,24.046893690309457,1196900.0
2023-07-18,24.01210594177246,24.064286800186427,23.98601468316569,24.01210594177246,669900.0
2023-07-19,24.107770919799805,24.168650524092907,24.072984233289063,24.099073833472215,1566900.0
2023-07-20,24.246919631958008,24.281707975329304,24.159952091128787,24.168649176971613,2486600.0
2023-07-21,24.31649398803711,24.35128233044721,24.299101475631527,24.299101475631527,2215600.0
2023-07-24,24.403465270996097,24.41216235734195,24.333890239028875,24.37737567075814,1487700.0
2023-07-25,24.377376556396484,24.473041192077183,24.377376556396484,24.473041192077183,1526200.0
2023-07-26,24.30780029296875,24.394767837590795,24.281709034302384,24.368678237724016,1435500.0
2023-07-27,24.533918380737305,24.542615467130005,24.43825374801683,24.43825374801683,3183500.0
2023-07-28,24.49913024902344,24.525221506662696,24.429555220784945,24.50782733490319,1139000.0
2023-07-31,24.542613983154297,24.560008154887957,24.473038955019184,24.525221470220156,889000.0
2023-08-01,24.65567398071289,24.6904606647318,24.612188552189895,24.64697689500829,1082000.0
2023-08-02,24.742645263671875,24.786129037059148,24.69915983148498,24.69915983148498,726900.0
2023-08-03,24.725250244140625,24.794825274457605,24.69046189958235,24.77743110217847,519600.0
2023-08-04,24.603492736816406,24.620885249151502,24.54261313784545,24.577401480114567,851800.0
2023-08-07,24.620887756347656,24.664373188612267,24.603495242241443,24.620887756347656,348300.0
2023-08-08,24.73394775390625,24.81221987170339,24.73394775390625,24.76873444026076,649200.0
2023-08-09,24.751340866088867,24.751340866088867,24.690462919396953,24.725251265392124,889100.0
2023-08-10,24.79482650756836,24.79482650756836,24.63828226686991,24.69916021407494,1192400.0
2023-08-11,24.847007751464844,24.864401924877345,24.777432716614527,24.820918150145776,1444900.0
2023-08-14,24.933977127075195,25.003552162392474,24.864402091757917,24.96876381533399,846800.0
2023-08-15,24.942670822143555,24.96006499330754,24.855701625123075,24.881792881869057,952900.0
2023-08-16,25.01224708557129,25.029641257595916,24.916580798235383,24.942672056272325,1066900.0
2023-08-17,25.003551483154297,25.05573234352481,24.92527936319871,24.93397644972707,686700.0
2023-08-18,25.02094459533691,25.05573128117577,24.986156250698485,25.03833876765613,677100.0
2023-08-21,24.994853973388672,25.038339405294128,24.97745980062649,25.00355105976976,2276700.0
2023-08-22,25.081823348999023,25.099217521879517,25.03833957559742,25.04703500323804,649000.0
2023-08-23,24.994853973388672,25.11660986512472,24.994853973388672,25.107914437543243,2112800.0
2023-08-24,25.194881439208984,25.194881439208984,25.08182263629761,25.12530640846362,1421000.0
2023-08-25,25.22966957092285,25.29924460108067,25.12530619628634,25.19488122644416,2377400.0
2023-08-28,25.18618392944336,25.229669359677622,25.18618392944336,25.21227518758392,710700.0
2023-08-29,25.047035217285156,25.28185157677962,25.038339789570227,25.28185157677962,2199100.0
2023-08-30,25.003551483154297,25.012248569682654,24.92527936319871,24.968763137040863,2983600.0
2023-08-31,25.12530517578125,25.15139643308053,25.099215577281463,25.099215577281463,2707600.0
2023-09-01,25.281850814819336,25.290547901071783,25.055731548654368,25.06442863490682,1260500.0
2023-09-05,25.41230201721191,25.438393274148083,25.360121162139055,25.360121162139055,1215500.0
2023-09-06,25.42099952697754,25.47318204172048,25.37751575682459,25.403605355396557,647600.0
2023-09-07,25.48187828063965,25.51666662491007,25.46448576730399,25.4731828533716,1034600.0
2023-09-08,25.507970809936523,25.507970809936523,25.403607430724257,25.473184122732192,1033200.0
2023-09-11,25.386213302612305,25.412302901657014,25.35142495881998,25.394910388560387,630500.0
2023-09-12,25.429697036743164,25.46448538048513,25.403605778936686,25.45578829454964,1827200.0
2023-09-13,25.447092056274418,25.447092056274418,25.386214111497615,25.421000797598825,549400.0
2023-09-14,25.603635787963867,25.61233287401829,25.507969500164823,25.542757844382496,1268500.0
2023-09-15,25.586240768432617,25.603634939965353,25.54275699840027,25.586240768432617,1295700.0
2023-09-18,25.54275703430176,25.603634975952403,25.51666577696598,25.568846632838035,479400.0
2023-09-19,25.560152053833008,25.56884914046455,25.507971192843396,25.525365366106488,366500.0
2023-09-20,25.603635787963867,25.62102830127315,25.44709155658345,25.52536367227366,827900.0
2023-09-21,25.621028900146484,25.681908503950428,25.603636386430665,25.65581724517731,980500.0
2023-09-22,25.681907653808594,25.70799725291848,25.621028052019938,25.681907653808594,1063900.0
2023-09-25,25.777572631835938,25.82105806227534,25.751483032371855,25.760180118459733,1412600.0
2023-09-26,25.855844497680664,25.864541583684403,25.78626946845029,25.794966554454028,1642700.0
2023-09-27,25.977603912353516,26.012390600072276,25.908028878116333,25.916724305946275,1609900.0
2023-09-28,25.838449478149418,25.908026163897155,25.821056965511968,25.88193490674175,1106400.0
2023-09-29,25.855844497680664,25.873238669688146,25.78626946845029,25.78626946845029,1590300.0
2023-10-02,26.055871963500977,26.06456904932585,25.960207337026375,25.960207337026375,3727200.0
2023-10-03,26.08196449279785,26.151539523989992,26.021086547854676,26.090661579046817,2486400.0
2023-10-04,26.003692626953125,26.07326765881843,25.986298454286896,25.99499554062001,1114900.0
2023-10-05,25.916723251342773,26.003692455300214,25.916723251342773,25.968905768996997,1368300.0
2023-10-06,25.86454200744629,26.047177498918018,25.829755321660933,26.01238915433309,1492000.0
2023-10-09,25.855844497680664,25.942813698918513,25.855844497680664,25.934116612914774,1777700.0
2023-10-10,25.794967651367188,25.855845597182615,25.777573478620035,25.838451424435465,2275900.0
2023-10-11,25.794967651367188,25.86454268355619,25.751483878298917,25.777573478620035,1343600.0
2023-10-12,26.012388229370117,26.021085315207095,25.881935259414504,25.881935259414504,1691000.0
2023-10-13,26.02978515625,26.073268931238047,26.00369389597736,26.012390982734907,942200.0
2023-10-16,25.916723251342773,26.021086627851624,25.916723251342773,25.9776028552727,761500.0
2023-10-17,25.9254207611084,25.994995793650936,25.89063407423694,25.986298707233168,603400.0
2023-10-18,26.021085739135746,26.04717699707174,25.96890488206328,25.986297395221076,799000.0
2023-10-19,25.942811965942383,26.012386990525155,25.890631112205163,25.9949928196796,1728900.0
2023-10-20,25.95151138305664,25.986298069073825,25.93411721064826,25.95151138305664,769500.0
2023-10-23,25.82105827331543,25.977602506577632,25.79496701483854,25.95151124810074,1462800.0
2023-10-24,25.968904495239254,25.994994093987096,25.908026553094945,25.91672198014455,1564900.0
2023-10-25,26.038480758666992,26.05587327239093,25.98629824109641,26.038480758666992,1347000.0
2023-10-26,26.09935760498047,26.15153846155477,26.064569261397917,26.081963433189195,1026300.0
2023-10-27,26.0645694732666,26.0906607311656,26.021085702234476,26.047176960133474,1032400.0
2023-10-30,25.960208892822266,26.02978392479139,25.951511806476177,26.021086838445296,719400.0
2023-10-31,26.11675262451172,26.15153931042391,26.02978342153188,26.04717759388776,970400.0
2023-11-01,26.12544822692871,26.238507023221775,26.108054055560707,26.203718680485768,3264600.0
2023-11-02,25.994993209838867,26.038478637605415,25.925418184211843,25.951509440871774,1849900.0
2023-11-03,25.751483917236328,25.82975603591726,25.699301398915964,25.78627060398362,3525400.0
2023-11-06,25.777572631835938,25.78626971792382,25.707997601932448,25.734088860196092,1529900.0
2023-11-07,25.86454200744629,25.91672286552411,25.829755321660933,25.890633265884983,1004600.0
2023-11-08,25.855844497680664,25.916722440907296,25.838450325673183,25.9080270137031,585300.0
2023-11-09,25.968904495239254,25.977601581088376,25.8297544392524,25.86454112384936,1062400.0
2023-11-10,25.95151138305664,25.994995155278016,25.93411721064826,25.95151138305664,836200.0
2023-11-13,25.916723251342773,25.98629828274881,25.89933073759096,25.96020868272129,3831800.0
2023-11-14,25.507970809936523,25.67321213585609,25.49927372343553,25.6645150493551,2938300.0
2023-11-15,25.603635787963867,25.638422473381983,25.55145327163736,25.58624161585503,1378300.0
2023-11-16,25.621028900146484,25.629725986404193,25.525364268910906,25.586242213915252,790900.0
2023-11-17,25.48187828063965,25.586241654651356,25.48187828063965,25.56015039644854,1455100.0
2023-11-20,25.403608322143555,25.447093756174432,25.368821633718554,25.438396669368256,1715000.0
2023-11-21,25.429697036743164,25.46448538048513,25.342727836187773,25.342727836187773,1349700.0
2023-11-22,25.51666831970215,25.603637527355055,25.51666831970215,25.55145500748351,4330300.0
2023-11-24,25.403608322143555,25.455790842980605,25.39491289413708,25.447093756174432,983600.0
2023-11-27,25.35142517089844,25.42100020026559,25.35142517089844,25.394910601002625,1450400.0
2023-11-28,25.26445770263672,25.33403273677673,25.220973928349085,25.307943135724013,1524100.0
2023-11-29,25.290546417236328,25.32533476020505,25.238365561582743,25.281849331494147,1900400.0
2023-11-30,25.473180770874023,25.4818761974312,25.38621157610748,25.420998258734446,4121100.0
2023-12-01,25.39491081237793,25.51666670008399,25.36012246800502,25.49057544180431,2520400.0
2023-12-04,25.507970809936523,25.560151670142837,25.473184122732192,25.525364982938505,2271800.0
2023-12-05,25.603635787963867,25.62102830127315,25.499272414110408,25.542757844382496,1836800.0
2023-12-06,25.664514541625977,25.664514541625977,25.5688482508073,25.5688482508073,1537500.0
2023-12-07,25.525362014770508,25.594937039888407,25.438392818673275,25.57754286890907,2570400.0
2023-12-08,25.621028900146484,25.664514331435015,25.560150955142134,25.664514331435015,1460900.0
2023-12-11,25.65581512451172,25.690603466667,25.62972386789526,25.67320929558936,956200.0
2023-12-12,25.586240768432617,25.655815795764063,25.57754368266625,25.62102745269859,1034200.0
2023-12-13,25.368818283081055,25.62972421760784,25.32533451359308,25.56884627680489,1509200.0
2023-12-14,25.134004592895508,25.229670886400395,25.0992179054026,25.212276713254116,3746200.0
2023-12-15,25.299243927001953,25.316638098777844,25.23836598458585,25.247063070473796,4411500.0
2023-12-18,25.295543670654297,25.32330093747784,25.267786403830755,25.27703882610527,1916800.0
2023-12-19,25.18451690673828,25.24003144157274,25.17526448426587,25.23077901910033,2544400.0
2023-12-20,25.295543670654297,25.30479609292881,25.20302121262826,25.212273634902775,2362500.0
2023-12-21,25.129003524780273,25.21227356028535,25.129003524780273,25.147508369274536,1696100.0
2023-12-22,25.1197509765625,25.138255820963963,25.04573336367574,25.082743052478666,1511500.0
2023-12-26,25.064237594604492,25.10124551778252,25.05498517263022,25.0919948605273,1106200.0
2023-12-27,24.934709548950195,25.017979589789164,24.9162047032706,25.017979589789164,783700.0
2023-12-28,25.01797866821289,25.045734170990652,24.906951362944387,24.962464133219065,2087100.0
2023-12-29,25.064237594604492,25.07349001657876,24.999472405503656,25.05498517263022,983800.0
2024-01-02,25.27703857421875,25.286290996401064,25.22152580584396,25.2492830723909,2109400.0
2024-01-03,25.36030960083008,25.415822371375643,25.31404925282864,25.3695620233742,1222900.0
2024-01-04,25.36030960083008,25.37881444591832,25.304796830284516,25.3695620233742,2839300.0
2024-01-05,25.36030960083008,25.38806686846244,25.22152679210659,25.37881444591832,1082100.0
2024-01-08,25.314048767089844,25.341804269470455,25.267786655256945,25.33255184710388,1193100.0
2024-01-09,25.39731788635254,25.425073387730663,25.332550932125777,25.34180335415817,407200.0
2024-01-10,25.351057052612305,25.406569822882673,25.341804630114055,25.38806674260532,1514800.0
2024-01-11,25.36956024169922,25.462082695923517,25.332550554121887,25.39731750738222,1172800.0
2024-01-12,25.39731788635254,25.406568543665873,25.304795430747653,25.351055776190563,849300.0
2024-01-16,25.61937141418457,25.637874494030957,25.554606222924445,25.563856880488085,1061500.0
2024-01-17,25.637874603271484,25.711893981848856,25.637874603271484,25.674884292560172,930100.0
2024-01-18,25.665632247924805,25.702641937758113,25.656379825466477,25.674884670383133,2123700.0
2024-01-19,25.628623962402344,25.684136731652504,25.61937154007413,25.66563188699608,1116600.0
2024-01-22,25.637874603271484,25.65637944791583,25.591614256379746,25.61937152334626,2171700.0
2024-01-23,25.702640533447266,25.767405722397847,25.674883267588857,25.674883267588857,996900.0
2024-01-24,25.628623962402344,25.63787462001144,25.499091814526484,25.508344236854697,851100.0
2024-01-25,25.702640533447266,25.74890087849224,25.64712600173044,25.64712600173044,1250900.0
2024-01-26,25.702640533447266,25.702640533447266,25.637873579777636,25.66563084563605,1154700.0
2024-01-29,25.702640533447266,25.795161223537217,25.69338811149446,25.767405722397847,1286200.0
2024-01-30,25.68413734436035,25.74890253748373,25.65638007671355,25.68413734436035,460600.0
2024-01-31,25.7489013671875,25.776658633572723,25.58236129831431,25.63787406636568,3424500.0
2024-02-01,25.61937141418457,25.75815421898757,25.59161414733633,25.730396952139326,3755500.0
2024-02-02,25.850677490234375,25.878432993236565,25.77665987436326,25.795162954791667,3216000.0
2024-02-05,25.98945999145508,26.026467916592548,25.96170272406262,25.96170272406262,3422600.0
2024-02-06,25.915441513061523,26.007963969901432,25.906189090905624,25.998711547745533,621700.0
2024-02-07,25.887685775756836,25.91544304386413,25.869180930351973,25.9061906211617,849000.0
2024-02-08,25.915441513061523,25.980206703433733,25.906189090905624,25.961701859121938,1686900.0
2024-02-09,25.896936416625977,25.93394610488926,25.887683994560156,25.92469368282344,1118200.0
2024-02-12,25.924694061279297,25.970954407564655,25.906189216877515,25.933946483480188,1127700.0
2024-02-13,26.12824249267578,26.14674733738715,26.072729723260785,26.072729723260785,3596900.0
2024-02-14,26.081981658935547,26.128242005131657,26.06347681456947,26.128242005131657,3242200.0
2024-02-15,25.980207443237305,26.03572021303438,25.96170259839857,26.00796471049541,948900.0
2024-02-16,25.98945999145508,26.072730028913313,25.97095514652677,26.072730028913313,643500.0
2024-02-20,25.952449798583984,25.96170222086881,25.87843218502453,25.906189451878987,1142700.0
2024-02-21,25.924694061279297,25.980206829765542,25.924694061279297,25.943198905681076,878600.0
2024-02-22,25.924694061279297,25.980206829765542,25.924694061279297,25.961701985363764,895300.0
2024-02-23,25.943199157714844,25.95244981528651,25.90618946855174,25.915441890842516,538700.0
2024-02-26,25.896936416625977,25.92469368282344,25.887683994560156,25.896936416625977,636800.0
2024-02-27,25.915441513061523,25.933946357373323,25.878431824437925,25.915441513061523,1424900.0
2024-02-28,25.933948516845703,25.98020886675813,25.924696093919373,25.952451597979135,502900.0
2024-02-29,25.98945999145508,26.017217258847538,25.87843268660438,25.90618995399684,1038700.0
2024-03-01,25.943199157714844,26.054224695765935,25.93394673542407,26.00796434903117,779700.0
2024-03-04,25.943199157714844,25.95244981528651,25.90618946855174,25.943199157714844,853200.0
2024-03-05,25.915441513061523,25.952449436966035,25.869179402282025,25.933946357373323,1249300.0
2024-03-06,25.822919845581055,25.86918019305556,25.78591192054528,25.85992953533597,841600.0
2024-03-07,25.693389892578125,25.79516301167586,25.693389892578125,25.776659931206652,1081500.0
2024-03-08,25.702640533447266,25.702640533447266,25.62862292254388,25.637873579777636,940100.0
2024-03-11,25.730396270751953,25.748901114827408,25.702640769357835,25.71189319139556,541900.0
2024-03-12,25.7489013671875,25.813666557367277,25.73964894505909,25.76740621144431,832000.0
2024-03-13,25.721145629882812,25.74890289791816,25.684137703888197,25.730398052561263,304700.0
2024-03-14,25.85993003845215,25.878433118970452,25.77665999960267,25.77665999960267,1062900.0
2024-03-15,25.887685775756836,25.9061906211617,25.869180930351973,25.896938198459267,396600.0
2024-03-18,25.943199157714844,25.95244981528651,25.89693704626097,25.89693704626097,659700.0
2024-03-19,26.007963180541992,26.03571868144821,25.989458336791827,26.017215602417075,909000.0
2024-03-20,25.887685775756836,26.09123554577196,25.887685775756836,26.081983123069527,837900.0
2024-03-21,26.0634765625,26.072728984593557,25.97095410628352,25.98020652837707,719600.0
2024-03-22,26.202259063720703,26.202259063720703,26.128241452540887,26.146746296515605,736500.0
2024-03-25,26.137495040893555,26.146747463293796,26.10973777369283,26.137495040893555,255200.0
2024-03-26,26.1560001373291,26.165252559818356,26.10048560239358,26.109738024882834,245800.0
2024-03-27,26.174503326416016,26.20225882740872,26.165250904512103,26.183753983600894,209600.0
2024-03-28,26.24852180480957,26.24852180480957,26.18375484934073,26.202259693760396,392000.0
2024-04-01,26.350296020507812,26.378053288296925,26.248522901386075,26.25777355926327,664400.0
2024-04-02,26.31328773498535,26.33179081520588,26.276278045106007,26.33179081520588,582100.0
2024-04-03,26.19300842285156,26.29478330691412,26.174505342337696,26.2855308842976,3024900.0
2024-04-04,26.19300842285156,26.19300842285156,26.109738384022048,26.11899080663857,1404900.0
2024-04-05,26.220766067504883,26.304036107531022,26.19300879925644,26.28553126203206,469200.0
2024-04-08,26.18375587463379,26.2115131423502,26.165252794208676,26.2115131423502,379200.0
2024-04-09,26.174503326416016,26.193006405504807,26.109736373088623,26.11898879499254,599900.0
2024-04-10,26.452070236206055,26.479827503294057,26.35954777729851,26.35954777729851,1016800.0
2024-04-11,26.4705753326416,26.54459294752765,26.424313220388356,26.424313220388356,1112400.0
2024-04-12,26.68337631225586,26.701881157543717,26.646366621680144,26.664871466968,620700.0
2024-04-15,26.72963523864746,26.73888766079913,26.683374892608203,26.69262731475987,614100.0
2024-04-16,26.766645431518555,26.803653356103347,26.70188023995583,26.729635742214647,1490800.0
2024-04-17,26.68337631225586,26.757393928688114,26.646366621680144,26.7203842381124,1293500.0
2024-04-18,26.738889694213867,26.738889694213867,26.674124498946068,26.68337692180135,826400.0
2024-04-19,26.738889694213867,26.75739453992444,26.66487207609078,26.68337692180135,831000.0
2024-04-22,26.748140335083008,26.80365310379721,26.72038306836636,26.80365310379721,302600.0
2024-04-23,26.637115478515625,26.729636173831143,26.60935821108948,26.72038375135576,780900.0
2024-04-24,26.664871215820312,26.70188090604745,26.646366370706744,26.65561879326353,299700.0
2024-04-25,26.609357833862305,26.720383372554632,26.600105411518093,26.711132714929537,639700.0
2024-04-26,26.72963523864746,26.78514977155747,26.683374892608203,26.69262731475987,1018400.0
2024-04-29,26.64636611938477,26.720383734421755,26.60010577175633,26.69262823173235,783200.0
2024-04-30,26.81290626525879,26.81290626525879,26.701880724769456,26.729636227532215,819900.0
2024-05-01,26.7851505279541,26.82215845288677,26.664870801304872,26.80365360806087,3025300.0
2024-05-02,26.581600189208984,26.729635415175164,26.572347766996213,26.692627491043165,1344600.0
2024-05-03,26.50758171081543,26.553843820368947,26.415059256427437,26.46132136598095,856400.0
2024-05-06,26.53533935546875,26.544591777511577,26.489077245254617,26.489077245254617,1365000.0
2024-05-07,26.609357833862305,26.627862678550738,26.526087797483505,26.535340219827717,450300.0
2024-05-08,26.64636611938477,26.6648709643238,26.627863039164875,26.64636611938477,361700.0
2024-05-09,26.553844451904297,26.637114486362016,26.553844451904297,26.62786206423126,388400.0
2024-05-10,26.59085273742676,26.627862426453223,26.55384481311939,26.58160031517014,406200.0
2024-05-13,26.581600189208984,26.60010503363453,26.544592265076982,26.544592265076982,371700.0
2024-05-14,26.52608871459961,26.563096640536862,26.52608871459961,26.544593559927826,525200.0
2024-05-15,26.359548568725582,26.498331378894203,26.359548568725582,26.424313762489664,705600.0
2024-05-16,26.424312591552734,26.452069858244126,26.38730466734998,26.424312591552734,1726900.0
2024-05-17,26.424312591552734,26.479827124935515,26.396557089580444,26.47057470270505,698000.0
2024-05-20,26.461322784423828,26.461322784423828,26.433565517203807,26.44281793961048,296000.0
2024-05-21,26.461322784423828,26.489078286924716,26.44281793961048,26.4705752068305,281200.0
2024-05-22,26.544593811035156,26.563096891819228,26.489079274525352,26.507584120028618,309400.0
2024-05-23,26.600107192993164,26.600107192993164,26.479829223901312,26.489079882145944,326300.0
2024-05-24,26.516836166381836,26.544593434242735,26.48907889852094,26.526088589002136,253100.0
2024-05-28,26.479827880859375,26.498330961129415,26.424313345891814,26.424313345891814,402200.0
2024-05-29,26.62786293029785,26.62786293029785,26.535340470700103,26.55384531556348,383000.0
2024-05-30,26.544593811035156,26.553846233786793,26.507584120028618,26.544593811035156,322100.0
2024-05-31,26.52608871459961,26.544593559927826,26.452071098005927,26.47982836599825,797000.0
2024-06-03,26.387304306030273,26.516834686044913,26.387304306030273,26.49832984183737,786900.0
2024-06-04,26.396556854248047,26.45206962241682,26.378052009952096,26.44281720026884,540300.0
2024-06-05,26.43356704711914,26.489079820053004,26.405811543011826,26.415062201234775,1348600.0
2024-06-06,26.396556854248047,26.461322044564792,26.396556854248047,26.44281720026884,222500.0
2024-06-07,26.61861038208008,26.627862804468045,26.57234827014025,26.57234827014025,369400.0
2024-06-10,26.68337631225586,26.738889083400256,26.67412388961193,26.729636660756327,752800.0
2024-06-11,26.72038459777832,26.76664671162067,26.701881516960583,26.7573942888522,396600.0
2024-06-12,26.600107192993164,26.600107192993164,26.47057680093744,26.489079882145944,835200.0
2024-06-13,26.701879501342773,26.738887424903872,26.433564555468767,26.461321821678897,2156700.0
2024-06-14,26.82215881347656,26.886924006518775,26.80365396840189,26.859168503625916,434500.0
2024-06-17,26.75739288330078,26.84066291912368,26.75739288330078,26.812905652276346,204900.0
2024-06-18,26.748140335083008,26.78515002403854,26.72038306836636,26.78515002403854,179600.0
2024-06-20,26.859169006347656,26.859169006347656,26.79440204737405,26.803654470084567,346900.0
2024-06-21,26.923933029174805,26.94243787379071,26.89617576225094,26.905428184558897,935100.0
2024-06-24,26.831411361694336,26.868421052017045,26.812906516532983,26.831411361694336,1158700.0
2024-06-25,26.859169006347656,26.91468177789156,26.849916583637143,26.886924509760014,872400.0
2024-06-26,26.988697052001953,27.016454317723927,26.951687364372656,26.988697052001953,334700.0
2024-06-27,26.951688766479492,26.960941188868155,26.905428419255305,26.914680841643968,314400.0
2024-06-28,26.951688766479492,26.99795087842281,26.92393326403263,26.970193611256818,941200.0
2024-07-01,26.960941314697266,26.99795100442464,26.86842061981709,26.905428544825337,770900.0
2024-07-02,26.923933029174805,26.979445798303413,26.91468060686685,26.960940953687505,544000.0
2024-07-03,26.81290626525879,26.859168377728633,26.75739349501412,26.859168377728633,1535700.0
2024-07-05,26.72038459777832,26.80365463797535,26.72038459777832,26.7573942888522,969300.0
2024-07-08,26.766645431518555,26.77589785384453,26.71113266228181,26.72038331988867,333900.0
2024-07-09,26.803653717041016,26.822158561942157,26.76664579195788,26.785150636859015,633200.0
2024-07-10,26.775897979736328,26.79440105975616,26.775897979736328,26.79440105975616,929600.0
2024-07-11,26.637115478515625,26.655618558747243,26.57234852118796,26.6001057886141,1004700.0
2024-07-12,26.544593811035156,26.600106582825767,26.535341388283523,26.57234931457086,1111400.0
2024-07-15,26.59085273742676,26.60935758193999,26.535339968606156,26.544592390862775,1727000.0
2024-07-16,26.59085273742676,26.66487035076059,26.59085273742676,26.646365506247356,382600.0
2024-07-17,26.4705753326416,26.507583257725056,26.452070487740304,26.47982775509225,1065900.0
2024-07-18,26.59085273742676,26.60935758193999,26.516835124092925,26.52608754634954,1840600.0
2024-07-19,26.664871215820312,26.664871215820312,26.627863290312337,26.627863290312337,378000.0
2024-07-22,26.64636611938477,26.674123386793315,26.64636611938477,26.65561854185428,1065600.0
2024-07-23,26.692628860473633,26.711133705848543,26.674124015098723,26.692628860473633,359000.0
2024-07-24,26.68337631225586,26.68337631225586,26.609358695823605,26.627863541111463,313800.0
2024-07-25,26.68337631225586,26.701881157543717,26.63711596375539,26.68337631225586,272000.0
2024-07-26,26.664871215820312,26.683376060933877,26.646366370706744,26.65561879326353,230400.0
2024-07-29,26.738889694213867,26.794402466626376,26.729637271358577,26.75739453992444,1107000.0
2024-07-30,26.75739288330078,26.8036532299939,26.73888803873589,26.785150150148116,273800.0
2024-07-31,26.609357833862305,26.711132714929537,26.59085298917388,26.600105411518093,533400.0
2024-08-01,26.701879501342773,26.72963500283383,26.637114311571548,26.674122235132646,1206500.0
2024-08-02,26.43356704711914,26.489079820053004,26.405811543011826,26.489079820053004,1180300.0
2024-08-05,26.28553009033203,26.350295281972244,26.193007631680675,26.202260054017724,2084300.0
2024-08-06,26.368799209594727,26.39655647564053,26.350294365564192,26.39655647564053,787300.0
2024-08-07,26.424312591552734,26.452069858244126,26.405809511810904,26.442817436013662,921900.0
2024-08-08,26.461322784423828,26.52608797655141,26.452070362017153,26.489078286924716,304900.0
2024-08-09,26.43356704711914,26.452071893003502,26.415062201234775,26.442819470061323,350500.0
2024-08-12,26.43356704711914,26.489079820053004,26.43356704711914,26.470576738887875,181600.0
2024-08-13,26.294782638549805,26.396557520025432,26.294782638549805,26.396557520025432,229400.0
2024-08-14,26.322540283203125,26.322540283203125,26.23001782278191,26.30403543817505,615900.0
2024-08-15,26.41506004333496,26.46132215426663,26.38730454149505,26.46132215426663,378400.0
2024-08-16,26.28553009033203,26.39655739365748,26.28553009033203,26.350295281972244,320200.0
2024-08-19,26.146747589111328,26.248522471284577,26.146747589111328,26.248522471284577,4595700.0
2024-08-20,26.05422592163086,26.11899111599442,26.03572107617865,26.10048627054221,487200.0
2024-08-21,25.97095489501953,26.118990123574097,25.91544212549135,26.054224931671364,568500.0
2024-08-22,26.09123420715332,26.118989709117425,26.017216594050552,26.017216594050552,3506400.0
2024-08-23,25.869178771972656,26.10048402607707,25.850675692830773,26.091233368865648,968500.0
2024-08-26,25.924694061279297,25.943198905681076,25.887684372475736,25.91544163907841,318200.0
2024-08-27,25.84142303466797,25.92469306656186,25.84142303466797,25.91544064471598,1806500.0
2024-08-28,25.98945999145508,26.017217258847538,25.943199643853458,25.98945999145508,588200.0
2024-08-29,26.081981658935547,26.128242005131657,26.05422439238643,26.072729236752508,1799000.0
2024-08-30,26.1560001373291,26.183755640077713,26.10048560239358,26.137495292350593,2138600.0
2024-09-03,26.202259063720703,26.230016329682776,26.118989030553532,26.146746296515605,2698700.0
2024-09-04,26.072731018066406,26.165253481498933,26.06347859525123,26.156001058683756,738600.0
2024-09-05,26.03571891784668,26.100484106841275,25.99871099472936,26.03571891784668,426500.0
2024-09-06,26.072731018066406,26.118991367423064,25.96170370900353,26.06347859525123,759100.0
2024-09-09,26.18375587463379,26.18375587463379,26.137495526492263,26.1467479490644,361600.0
2024-09-10,26.19300842285156,26.230018113317648,26.183756000235043,26.20226084546809,371600.0
2024-09-11,26.220766067504883,26.230018490254366,26.19300879925644,26.220766067504883,332800.0
2024-09-12,26.10973739624023,26.202259854185968,26.100484973973753,26.183755009653,330200.0
2024-09-13,26.072731018066406,26.091235863696753,26.026468903990537,26.03572132680571,957300.0
2024-09-16,25.98945999145508,26.026467916592548,25.96170272406262,25.97095514652677,1623800.0
2024-09-17,26.072731018066406,26.072731018066406,26.017218245894572,26.017218245894572,456000.0
2024-09-18,26.100486755371097,26.118991601167043,25.87843389997736,25.98946121003384,638800.0
2024-09-19,25.98945999145508,26.109737954050782,25.97095514652677,26.072730028913313,331100.0
2024-09-20,26.03571891784668,26.100484106841275,25.99871099472936,26.04497133980577,370000.0
2024-09-23,26.072731018066406,26.10048652179272,26.03572132680571,26.06347859525123,310900.0
2024-09-24,25.924694061279297,26.054224442653577,25.924694061279297,26.017216518569107,213000.0
2024-09-25,26.100486755371097,26.109739178269063,25.91544359156926,25.924696014467237,263300.0
2024-09-26,25.980207443237305,26.09123474755059,25.97095502081794,26.04497263545375,389400.0
2024-09-27,25.97095489501953,26.007964584517737,25.9061897031168,25.9246945478659,845300.0
2024-09-30,26.072731018066406,26.10048652179272,25.970956131818703,25.970956131818703,1322300.0
2024-10-01,26.18375587463379,26.23001798749447,26.128243103920127,26.156000371636537,1300200.0
2024-10-02,26.294782638549805,26.31328748331249,26.248522291362224,26.248522291362224,815000.0
2024-10-03,26.378053665161133,26.4335664368133,26.350296396975452,26.36880124243257,1203700.0
2024-10-04,26.52608871459961,26.58160148586508,26.5168362919355,26.553845982591938,456200.0
2024-10-07,26.544593811035156,26.553846233786793,26.507584120028618,26.535341388283523,283200.0
2024-10-08,26.544593811035156,26.581601737322497,26.516836542780258,26.516836542780258,5172200.0
2024-10-09,26.664871215820312,26.664871215820312,26.609358445198772,26.618610867755557,222300.0
2024-10-10,26.65561866760254,26.738888705501875,26.64636624508937,26.64636624508937,349900.0
2024-10-11,26.674121856689453,26.683374278628225,26.64636459087314,26.66486943475068,270200.0
2024-10-14,26.75739288330078,26.794400807711455,26.720383194171,26.75739288330078,1291800.0
2024-10-15,26.775897979736328,26.79440105975616,26.711132787869097,26.711132787869097,373800.0
2024-10-16,26.84991455078125,26.868419394801247,26.775896939420328,26.785149361430324,191500.0
2024-10-17,26.933185577392575,26.933185577392575,26.89617588798775,26.92393315504137,720000.0
2024-10-18,26.859169006347656,26.877672087049497,26.840664160926625,26.859169006347656,352900.0
2024-10-21,26.979446411132812,26.997951256169053,26.88692395067077,26.88692395067077,304500.0
2024-10-22,27.0072021484375,27.01645457043137,26.970192460462023,26.98869730444976,197200.0
2024-10-23,27.09972381591797,27.145984159823563,27.090471394193052,27.090471394193052,1481600.0
2024-10-24,26.99795150756836,27.0719691236834,26.99795150756836,27.04421185587057,294400.0
2024-10-25,27.090473175048828,27.099725597381976,27.016455561102756,27.016455561102756,211400.0
2024-10-28,27.090473175048828,27.10897625499601,27.06271590804938,27.06271590804938,208700.0
2024-10-29,27.09972381591797,27.182992082004237,27.081218972468132,27.17374142499832,423900.0
2024-10-30,27.034957885742188,27.118227919694995,27.016454806311952,27.108975497620342,395000.0
2024-10-31,27.016454696655273,27.090472308232997,26.98869743054398,26.997949852581076,754400.0
2024-11-01,27.127479553222656,27.13673197502836,27.01645402099227,27.025704678078956,591000.0
2024-11-04,27.025707244873047,27.025707244873047,26.95168962811655,26.979446896169932,504800.0
2024-11-05,26.91468048095703,26.98869809435529,26.88692321416302,26.951688405296604,1181500.0
2024-11-06,27.349533081054688,27.40504761330703,27.284767891479348,27.395795191264973,1287600.0
2024-11-07,27.127479553222656,27.220002006560655,27.099724052524568,27.173741662251164,1276600.0
2024-11-08,27.31252670288086,27.386544318685992,27.229256664510192,27.23850908707573,439600.0
2024-11-11,27.46981430053711,27.516074648550447,27.46056187799061,27.46981430053711,1832800.0
2024-11-12,27.590091705322266,27.65485689711668,27.56233620296415,27.57158686060411,1604300.0
2024-11-13,27.747379302978516,27.747379302978516,27.599344074954335,27.599344074954335,778700.0
2024-11-14,27.858407974243164,27.876911055115375,27.710372738950248,27.756633088209583,678000.0
2024-11-15,27.830650329589844,27.858407597601698,27.756632712944096,27.812145484248617,738200.0
2024-11-18,27.69186782836914,27.77513786861588,27.65485813727317,27.76588544584189,1559100.0
2024-11-19,27.682613372802734,27.728873718556507,27.664108528613596,27.673360950708165,707200.0
2024-11-20,27.82139587402344,27.86765798399617,27.802891030034345,27.802891030034345,717900.0
2024-11-21,27.91391944885254,27.941676715949495,27.74737937570903,27.81214456754948,706200.0
2024-11-22,28.061954498291016,28.135972112025044,28.01569415147691,28.04344965367773,337600.0
2024-11-25,27.867658615112305,27.941676228025894,27.80289165968371,27.81214408188779,1069600.0
2024-11-26,27.90466690063477,27.96017966985919,27.858406553734262,27.876909633662994,904800.0
2024-11-27,27.66411018371582,27.75663264547791,27.617849835194363,27.70111987430833,780700.0
2024-11-29,27.617849349975582,27.70111938762658,27.617849349975582,27.673362120169863,475200.0
2024-12-02,27.78438949584961,27.867659533712107,27.73812738330425,27.78438949584961,850200.0
2024-12-03,27.775136947631836,27.784389370099035,27.70111933261341,27.710371755080608,375700.0
2024-12-04,27.76588249206543,27.84915252345378,27.701117304256496,27.82139525808466,475100.0
2024-12-05,27.617849349975582,27.70111938762658,27.608596927490016,27.65485727519873,1046900.0
2024-12-06,27.69186782836914,27.7473806002939,27.617850210896396,27.62710263367039,557500.0
2024-12-09,27.738126754760746,27.756631599359565,27.64560429648572,27.664109141084545,1351700.0
2024-12-10,27.802892684936523,27.867659642753452,27.78438960456513,27.79364202711041,480300.0
2024-12-11,27.895414352416992,27.913919196981325,27.830649161160927,27.839901583443098,1269400.0
2024-12-12,27.98793601989746,27.98793601989746,27.8491532190236,27.91391840845013,815600.0
2024-12-13,27.997190475463867,28.006442898156703,27.950928361999676,27.960180784692515,1272800.0
2024-12-16,27.950927734375,28.03419777202157,27.932424654123988,27.98793742431532,1629900.0
2024-12-17,27.97868537902832,27.997190224247955,27.932425030698404,27.9694329564185,392100.0
2024-12-18,28.302513122558594,28.339521048293157,27.97868538996509,28.015695080418823,988500.0
2024-12-19,28.3580265045166,28.39503619576774,28.265504041107963,28.284008886733535,713700.0
2024-12-20,28.219242095947266,28.3117645541237,28.163729326929047,28.302512131834145,992000.0
2024-12-23,28.322710037231445,28.38072804416753,28.284030136367935,28.322710037231445,818700.0
2024-12-24,28.400068283081055,28.400068283081055,28.31304034961333,28.33237845588233,388600.0
2024-12-26,28.34204864501953,28.38072854656776,28.31304056321758,28.371058571180704,554600.0
2024-12-27,28.293699264526367,28.342047294799123,28.28402928959999,28.293699264526367,462200.0
2024-12-30,28.322710037231445,28.41940610067185,28.322710037231445,28.36138809373577,775000.0
2024-12-31,28.448415756225582,28.487093812362698,28.3710577995922,28.38072777471627,752400.0
2025-01-02,28.690160751342773,28.728838809030357,28.51610488085054,28.535444831873956,1397600.0
2025-01-03,28.603132247924805,28.699830156761823,28.58379229728556,28.65148028016371,7968000.0
2025-01-06,28.41940689086914,28.45808679280814,28.38072883328938,28.41940689086914,3883300.0
2025-01-07,28.525774002075195,28.525774002075195,28.390398037684015,28.400068012906125,1505600.0
2025-01-08,28.63214111328125,28.68048914372923,28.60313118839698,28.670819168767807,2158500.0
2025-01-10,28.77718734741211,28.835205353423177,28.699829391277632,28.7578473972887,1409900.0
2025-01-13,28.86421585083008,28.91256388273792,28.835205925069857,28.86421585083008,1352600.0
2025-01-14,28.680490493774418,28.79652835441448,28.680490493774418,28.777188403581267,1161100.0
2025-01-15,28.63214111328125,28.71916904357493,28.52577323306473,28.554783157949,1056200.0
2025-01-16,28.63214111328125,28.728837174177208,28.593461213435557,28.690159118690655,658100.0
2025-01-17,28.738508224487305,28.748178199810564,28.603132258680105,28.70950014287674,1072300.0
2025-01-21,28.371057510375977,28.50643347201458,28.351717560324992,28.467755416271757,1743100.0
2025-01-22,28.41940689086914,28.44841681732339,28.39039880877413,28.400068784258877,1497400.0
2025-01-23,28.40973663330078,28.516104518217656,28.35171862532759,28.43874655946699,876500.0
2025-01-24,28.235681533813477,28.293699539576615,28.177661683691184,28.274359589535855,10044500.0
2025-01-27,28.245349884033203,28.25501985912875,28.158323796891587,28.158323796891587,978000.0
2025-01-28,28.361387252807617,28.40006715252425,28.3420473029493,28.35171727787846,390100.0
2025-01-29,28.41940689086914,28.45808679280814,28.371058857804627,28.43874684183864,1136700.0
2025-01-30,28.41940689086914,28.46775676829289,28.31304084925537,28.33237895586563,897100.0
2025-01-31,28.535444259643555,28.545114234961343,28.35171841732393,28.49676435837239,810300.0
2025-02-03,28.661149978637695,28.79652778744555,28.564453915093896,28.748177911314464,2511700.0
2025-02-04,28.400068283081055,28.53544424876009,28.400068283081055,28.51610429813188,1148400.0
2025-02-05,28.35171890258789,28.35171890258789,28.245351016630813,28.29370089404732,1628200.0
2025-02-06,28.332378387451172,28.438746271290192,28.322710256519624,28.40973634541795,1254400.0
2025-02-07,28.458086013793945,28.516104020755016,28.342048155512614,28.351718130732657,1054500.0
2025-02-10,28.54511451721191,28.55478449262532,28.49676464014488,28.535444541798505,754200.0
2025-02-11,28.448415756225582,28.506433762610833,28.39039774984034,28.487093812362698,973400.0
2025-02-12,28.467756271362305,28.564454180162617,28.36138838724604,28.516104303582857,865600.0
2025-02-13,28.235681533813477,28.429075501143668,28.20667160875233,28.409735551102905,1642600.0
2025-02-14,28.158323287963867,28.158323287963867,28.10030343843921,28.119643388280764,658600.0
2025-02-18,28.21634292602539,28.245351008107303,28.177663024103857,28.20667295054501,1484900.0
2025-02-19,28.245349884033203,28.3227096847976,28.22601177820127,28.25501985912875,518600.0
2025-02-20,28.022947311401367,28.17766323150782,28.022947311401367,28.167993255956265,1311300.0
2025-02-21,28.119644165039062,28.14865409060274,28.08096610864667,28.129314140226953,680500.0
2025-02-24,28.13898468017578,28.167992761962484,28.080966672243157,28.129314704793806,885500.0
2025-02-25,28.032615661621097,28.109973617189105,28.013275711639302,28.071295561584673,1099300.0
2025-02-26,28.090635299682617,28.138985177446923,28.02294731517184,28.10997525078834,610400.0
2025-02-27,28.293699264526367,28.3227091893055,28.226011284400855,28.255019364820857,1078900.0
2025-02-28,28.41940689086914,28.42907686635389,28.31304084925537,28.33237895586563,2018300.0
2025-03-03,28.14865493774414,28.216342921737297,28.1196450113074,28.197002970779472,1346700.0
2025-03-04,27.897239685058594,28.10030362667779,27.897239685058594,28.051955596109163,971100.0
2025-03-05,27.55879783630371,27.65549574144327,27.539457886403973,27.636155791543533,1374200.0
2025-03-06,27.539459228515625,27.56846915477901,27.413753236759423,27.47177124492696,575500.0
2025-03-07,27.452430725097656,27.491110625980475,27.3654027924705,27.375072767691204,531300.0
2025-03-10,27.471771240234375,27.510451141912277,27.413753232076747,27.423423207496224,1299800.0
2025-03-11,27.317054748535156,27.375072755474307,27.28804482288599,27.326724723751543,1346900.0
2025-03-12,27.384742736816406,27.442760743768535,27.33639470508283,27.413752662472064,408700.0
2025-03-13,27.481441497802734,27.500781448840247,27.42342348904944,27.49111147332149,468900.0
2025-03-14,27.452430725097656,27.471770675539062,27.413752668574023,27.433092619015433,1693600.0
2025-03-17,27.34606552124023,27.40408352997652,27.326725570208396,27.394413554460595,569900.0
2025-03-18,27.326725006103516,27.41375293959104,27.307385055470903,27.384743013642133,457600.0
2025-03-19,27.39441299438477,27.49111090320775,27.37507304374833,27.423422920339423,382600.0
2025-03-20,27.471771240234375,27.55879917465043,27.471771240234375,27.53945922381148,765300.0
2025-03-21,27.55879783630371,27.58780776115332,27.52011793650423,27.539457886403973,621400.0
2025-03-24,27.607147216796875,27.665167069333503,27.558799184042247,27.558799184042247,551000.0
2025-03-25,27.57813835144043,27.59747830173656,27.520118500552048,27.54912842599624,329100.0
2025-03-26,27.70384407043457,27.70384407043457,27.616816139306863,27.655496039523246,318900.0
2025-03-27,27.61681747436523,27.674837327494615,27.56846944111666,27.65549737645149,618200.0
2025-03-28,27.56846809387207,27.61681612475792,27.529788193676065,27.597478019019075,364700.0
2025-03-31,27.59747886657715,27.655496874293817,27.56846894053921,27.56846894053921,980900.0
2025-04-01,27.62648582458496,27.655495749442963,27.578137794180765,27.62648582458496,371300.0
2025-04-02,27.51045036315918,27.578138344820204,27.48144043772195,27.549128419382978,382800.0
2025-04-03,27.02696228027344,27.09465026095333,26.8722463689025,26.930264374576815,5057800.0
2025-04-04,27.326725006103516,27.365403063009524,27.09465113158984,27.11399108222245,1486100.0
2025-04-07,27.442760467529297,27.481440368014155,27.31705447967185,27.31705447967185,2740500.0
2025-04-08,27.317054748535156,27.452430712846233,27.268706716812396,27.326724723751543,491600.0
2025-04-09,27.35573387145996,27.404081901807803,27.05597018135412,27.05597018135412,1720700.0
2025-04-10,26.785219192504883,26.978613164985113,26.71752936555964,26.95927321442933,1867600.0
2025-04-11,26.543476104736328,26.649842147124648,26.388760184572178,26.40809829132326,1811600.0
2025-04-14,26.45644760131836,26.59182356746688,26.42743767527544,26.5724836167716,967700.0
2025-04-15,26.60149383544922,26.62083378635725,26.485455974360267,26.51446590072231,757700.0
2025-04-16,26.37908935546875,26.466117288290025,26.34040945449965,26.437107362563204,1330500.0
2025-04-17,26.398427963256836,26.45644781581306,26.369419881337947,26.42743788953495,499900.0
2025-04-21,26.14701461791992,26.18569267325055,26.09866474330772,26.12767466807504,1208900.0
2025-04-22,26.29206085205078,26.31139895775646,26.16635302098855,26.19536294608579,2219200.0
2025-04-23,26.53380584716797,26.562813929165905,26.35008000229104,26.37908992864821,3933500.0
2025-04-24,26.41776657104492,26.47578457629232,26.38875849060079,26.41776657104492,757100.0
2025-04-25,26.485454559326172,26.543474408950445,26.446776503935787,26.51446448413831,680600.0
2025-04-28,26.321069717407227,26.485455609140228,26.311399742086554,26.475785633819555,520300.0
2025-04-29,26.408098220825195,26.417768196354547,26.340410236478984,26.350080212008336,852100.0
2025-04-30,26.50479507446289,26.5144650496065,26.427437117673197,26.46611701824763,829300.0
2025-05-01,26.65951156616211,26.717529573922725,26.57248363234158,26.582153607694885,1921400.0
2025-05-02,26.620832443237305,26.640170548810424,26.45644655753139,26.533804512901284,1285500.0
2025-05-05,26.57248306274414,26.611162963328233,26.48545513078911,26.48545513078911,617700.0
2025-05-06,26.408098220825195,26.49512615623011,26.408098220825195,26.466118074001304,650000.0
2025-05-07,26.60149383544922,26.611163810903232,26.456447892357453,26.485455974360267,812100.0
2025-05-08,26.823896408081055,26.852906333005,26.60149251674156,26.61116249171621,869400.0
2025-05-09,26.74654006958008,26.765880020698553,26.678852085024666,26.73687009402084,1307000.0
2025-05-12,27.123659133911133,27.18167898563939,27.0269630697491,27.055971151254028,1948500.0
2025-05-13,26.891584396362305,27.03663033230592,26.891584396362305,27.01729222671014,736900.0
2025-05-14,26.949604034423828,26.949604034423828,26.794886280359577,26.814226230162497,1026600.0
2025-05-15,26.881916046142575,26.92059594839025,26.83356801269224,26.862577939377992,850400.0
2025-05-16,26.959272384643555,26.997952284564583,26.852906348579012,26.8915844041409,807800.0
2025-05-19,26.775548934936523,26.80455701610517,26.72719905905681,26.73686903423275,894200.0
2025-05-20,26.69819068908691,26.79488675108199,26.67885073894423,26.79488675108199,430300.0
2025-05-21,26.5821533203125,26.591823295561262,26.495125387432836,26.572483345063738,859200.0
2025-05-22,26.65951156616211,26.717529573922725,26.620833509108103,26.630503484461407,656700.0
2025-05-23,26.46611785888672,26.5628139246758,26.437107932534456,26.533805842682767,1261300.0
2025-05-27,26.611164093017575,26.611164093017575,26.49512623069847,26.49512623069847,1060500.0
2025-05-28,26.69819068908691,26.69819068908691,26.620832732875357,26.669180763872895,801300.0
2025-05-29,26.553142547607425,26.591822447368703,26.51446449220527,26.572482497488064,980400.0
2025-05-30,26.543476104736328,26.64017217156948,26.53380612918116,26.60149411370807,1030000.0
2025-06-02,26.35974884033203,26.446776771289084,26.350078865296897,26.427436821218816,1051200.0
2025-06-03,26.53380584716797,26.54347582262036,26.47578599445363,26.5047959208108,1306600.0
2025-06-04,26.41776657104492,26.48545455122674,26.379088515666368,26.46611644571703,769700.0
2025-06-05,26.398427963256836,26.42743788953495,26.301731897714912,26.301731897714912,1105500.0
2025-06-06,26.53380584716797,26.57248390461829,26.495125945358417,26.562813929165905,758400.0
2025-06-09,26.46611785888672,26.543475818133523,26.46611785888672,26.543475818133523,604600.0
2025-06-10,26.49512481689453,26.524134742016123,26.446776786051025,26.446776786051025,732100.0
2025-06-11,26.398427963256836,26.4661177912391,26.369419881337947,26.446777840387025,833300.0
2025-06-12,26.205034255981445,26.24371231372218,26.166354353881463,26.19536428045645,1260800.0
2025-06-13,26.272722244262695,26.388760106220904,26.243712317683332,26.36942015516799,2720900.0
2025-06-16,26.30173110961914,26.30173110961914,26.15668332693396,26.20503320261541,1534100.0
2025-06-17,26.475786209106445,26.495126160168024,26.292062207099207,26.292062207099207,2361400.0
2025-06-18,26.52413558959961,26.543475540298683,26.388759623424516,26.44677763116253,2202600.0
2025-06-20,26.49512481689453,26.514464766975593,26.427436835969964,26.45644676109156,1191600.0
2025-06-23,26.38875961303711,26.620833488257013,26.36941966234565,26.611163512911283,2885600.0
2025-06-24,26.253381729125977,26.32106971199756,26.20503369689176,26.311399736678876,1538800.0
2025-06-25,26.185693740844727,26.32106970655992,26.17602376552804,26.32106970655992,1828600.0
2025-06-26,26.07932472229004,26.11800462187424,26.011636742376815,26.069654747393987,1559900.0
2025-06-27,26.127676010131836,26.156684092030037,26.059988026557072,26.098666083874413,1373700.0
2025-06-30,25.992298126220703,26.10833598656795,25.98262999518772,26.10833598656795,1023100.0
2025-07-01,25.982629776000977,26.021307832884297,25.924609924137194,25.943949874758456,1503800.0
2025-07-02,25.963289260864254,26.079325273350467,25.963289260864254,26.050317192408496,774500.0
2025-07-03,26.0889949798584,26.10833492986005,26.02130699921178,26.059986899215076,1148900.0
2025-07-07,26.176023483276367,26.243711465404097,26.12767545157347,26.137345426785885,1337800.0
2025-07-08,26.19536399841309,26.29206190826265,26.185694022992205,26.253382006579137,1337300.0
2025-07-09,26.19536399841309,26.234042055737376,26.185694022992205,26.205033973833963,703200.0
2025-07-10,26.243711471557617,26.31139945370122,26.22437336548744,26.243711471557617,1244700.0
2025-07-11,26.321069717407227,26.34040966804857,26.263051709842404,26.29206163580442,597500.0
2025-07-14,26.38875961303711,26.39842774402363,26.321069785616995,26.350079711654185,1313500.0
2025-07-15,26.53380584716797,26.553143953713512,26.3887599041006,26.398428035193753,1713300.0
2025-07-16,26.43710708618164,26.60149297486338,26.28239117264108,26.562813074298653,2539400.0
2025-07-17,26.553142547607425,26.582152472428387,26.533804442085913,26.553142547607425,1520200.0
2025-07-18,26.51446533203125,26.51446533203125,26.40809744867773,26.427437399170948,910600.0
2025-07-21,26.340410232543945,26.41776819240795,26.292062199263658,26.39842824135214,2401200.0
2025-07-22,26.205034255981445,26.35008020013788,26.19536428045645,26.33074024908789,1688600.0
2025-07-23,26.166353225708008,26.282391082645677,26.156683250599936,26.26305113242954,2129500.0
2025-07-24,26.234041213989254,26.243711189099862,26.15668325746357,26.2050331330166,895000.0
2025-07-25,26.29206085205078,26.37908878298336,26.29206085205078,26.35007885788611,871000.0
2025-07-28,26.59182357788086,26.601493553232284,26.466117587030748,26.495125668725812,1843200.0
2025-07-29,26.65951156616211,26.72719954927603,26.6401716154555,26.707861442928635,1876000.0
2025-07-30,26.920595169067383,26.939935119631347,26.75620927799207,26.84323721117072,1900300.0
2025-07-31,26.978612899780273,26.99795285014594,26.901254942676783,26.978612899780273,1316200.0
2025-08-01,26.65951156616211,26.74653949998264,26.620833509108103,26.65951156616211,3105600.0
2025-08-04,26.64984130859375,26.669181259095556,26.59182330144753,26.611163251949336,935500.0
2025-08-05,26.64984130859375,26.717529290990875,26.611163251949336,26.678851234346457,1073700.0
2025-08-06,26.49512481689453,26.57248277285963,26.46611673613209,26.562812797819095,1137500.0
2025-08-07,26.475786209106445,26.58215409558587,26.475786209106445,26.50479613569881,1405500.0
2025-08-08,26.52413558959961,26.543475540298683,26.485455688201466,26.51446561425007,490900.0
2025-08-11,26.630502700805664,26.649840806584,26.572482850393182,26.59182280053068,1225200.0
2025-08-12,26.49512481689453,26.60149269798122,26.437106811010494,26.60149269798122,863100.0
2025-08-13,26.42743682861328,26.42743682861328,26.369418822745395,26.42743682861328,962300.0
2025-08-14,26.52413558959961,26.562813646638546,26.495125663551,26.504795638900536,657100.0
2025-08-15,26.43710708618164,26.456447036464,26.408097160758096,26.43710708618164,660600.0
2025-08-18,26.50479507446289,26.53380499989372,26.485455124175676,26.485455124175676,646000.0
2025-08-19,26.57248306274414,26.57248306274414,26.504795081081152,26.514465056227177,582100.0
2025-08-20,26.553142547607425,26.562812522547745,26.51446449220527,26.543474417026236,658600.0
2025-08-21,26.688520431518555,26.688520431518555,26.591822526187865,26.591822526187865,1186400.0
2025-08-22,26.42743682861328,26.70786057163317,26.38875877282107,26.698190596595328,1552700.0
2025-08-25,26.64017105102539,26.659511001322244,26.45644705628283,26.485455137368938,791300.0
2025-08-26,26.57248306274414,26.601492988182212,26.543474981665245,26.58215303789017,675500.0
2025-08-27,26.5821533203125,26.698191178938448,26.562813369814975,26.698191178938448,524000.0
2025-08-28,26.485454559326172,26.55314253952869,26.45644647887317,26.533804434013067,819400.0
2025-08-29,26.46611785888672,26.5628139246758,26.46611785888672,26.55314394922505,661500.0
2025-09-02,26.64017105102539,26.659511001322244,26.553143119048737,26.659511001322244,931700.0
2025-09-03,26.59182357788086,26.6498415856302,26.553143676475155,26.620833503935135,577200.0
2025-09-04,26.630502700805664,26.67885073179024,26.62083272573692,26.62083272573692,906000.0
2025-09-05,26.49512481689453,26.514464766975593,26.408096885888902,26.475784866813463,1127400.0
2025-09-08,26.408098220825195,26.475786205171406,26.408098220825195,26.4274381718839,513600.0
2025-09-09,26.51446533203125,26.52413530727786,26.3887593425437,26.427437399170948,385200.0
2025-09-10,26.53380584716797,26.54347582262036,26.466117863360477,26.5047959208108,465200.0
2025-09-11,26.44677734375,26.504795350857496,26.44677734375,26.504795350857496,926000.0
2025-09-12,26.485454559326172,26.543474408950445,26.47578458438879,26.543474408950445,1069900.0
2025-09-15,26.398427963256836,26.45644781581306,26.398427963256836,26.437107864960986,586800.0
2025-09-16,26.234041213989254,26.321069145625557,26.21470310812721,26.31139917051495,874700.0
2025-09-17,26.321069717407227,26.330739692727896,26.118005768750745,26.272721685163074,1662000.0
2025-09-18,26.44677734375,26.504795350857496,26.417767418016656,26.427437393261105,1542100.0
2025-09-19,26.52413558959961,26.533805564949148,26.475785712851923,26.51446561425007,715300.0
2025-09-22,26.42743682861328,26.504794784556843,26.42743682861328,26.4564467537268,805500.0
2025-09-23,26.408098220825195,26.466118074001304,26.398428245295843,26.4467781229426,886000.0
2025-09-24,26.60149383544922,26.611163810903232,26.56281393363316,26.58215388454119,802100.0
2025-09-25,26.785219192504883,26.804557298701464,26.67885130880728,26.67885130880728,1273600.0
2025-09-26,26.688520431518555,26.746538436973314,26.678850456549572,26.746538436973314,605500.0
2025-09-29,26.630502700805664,26.649840806584,26.59182280053068,26.601492775599425,748800.0
2025-09-30,26.60149383544922,26.630503761811266,26.55314395817914,26.62083378635725,1106800.0
2025-10-01,26.59182357788086,26.620833503935135,26.514465619428663,26.52413559478009,1273400.0
2025-10-02,26.630502700805664,26.69819068192773,26.572482850393182,26.572482850393182,949500.0
2025-10-03,26.5821533203125,26.620833221307542,26.562813369814975,26.601493270810025,707700.0
2025-10-06,26.707860946655273,26.756208978164207,26.67885102113441,26.746539002990584,967700.0
2025-10-07,26.862577438354492,26.862577438354492,26.77554950427967,26.804557586065133,891000.0
2025-10-08,26.920595169067383,26.97861317640008,26.891585243221435,26.9109251937854,937200.0
2025-10-09,27.104320526123047,27.133328607091176,26.959272743845737,26.959272743845737,2422400.0
2025-10-10,26.96894264221191,27.084980498831733,26.93026458624475,27.084980498831733,1210600.0
2025-10-13,27.06564140319824,27.07531137858513,27.02696334600991,27.036631477037584,580700.0
2025-10-14,26.988283157348633,27.07531109054555,26.97861318206462,27.05597113997753,805500.0
2025-10-15,26.910924911499023,26.96894291822313,26.88191498595738,26.96894291822313,1133500.0
2025-10-16,26.80455780029297,26.891585735063337,26.794887824834124,26.872247628504883,868100.0
2025-10-17,26.833566665649418,26.881914696672684,26.823896690572926,26.833566665649418,670700.0
2025-10-20,26.901254653930664,26.901254653930664,26.843236647815583,26.862576597973664,714500.0
2025-10-21,27.00762367248535,27.00762367248535,26.94960566392766,26.98828372151304,1433400.0
2025-10-22,26.978612899780273,27.036630906518095,26.949604818590952,27.036630906518095,1081100.0
2025-10-23,26.988283157348633,27.02696305848469,26.988283157348633,27.02696305848469,501300.0
2025-10-24,26.988283157348633,27.036631189409498,26.97861318206462,26.988283157348633,691800.0
2025-10-27,26.959272384643555,27.00762225954484,26.959272384643555,26.968942359623817,818000.0
2025-10-28,26.9399356842041,27.0076236682373,26.920595733234833,26.988283717268033,1573900.0
2025-10-29,27.094650268554688,27.1333283242287,26.930264382132055,26.988282387822647,1968800.0
2025-10-30,27.201017379760746,27.201017379760746,27.152669347167993,27.19134924872957,1519100.0
2025-10-31,27.27837562561035,27.27837562561035,27.230027592508776,27.230027592508776,972400.0
2025-11-03,27.29771423339844,27.346064108480174,27.249366202675848,27.32672415844748,852300.0
2025-11-04,27.384742736816406,27.413752662472064,27.346064680301385,27.375072761597856,1204600.0
2025-11-05,27.39441299438477,27.442761026616655,27.384743019066548,27.413752945021205,1340000.0
2025-11-06,27.249366760253903,27.32672471760844,27.249366760253903,27.30738476718001,1293800.0
2025-11-07,27.230026245117188,27.24936619514454,27.18167821440796,27.22035627010351,1150600.0
2025-11-10,27.249366760253903,27.288044816751583,27.230026809825475,27.23969678503969,997900.0
2025-11-11,27.2106876373291,27.220357612819775,27.16233960423498,27.17200957972565,1383900.0
2025-11-12,27.220355987548828,27.288043967582787,27.20101603772223,27.278373992669486,1043900.0
2025-11-13,27.14299964904785,27.18167955100455,27.094651615961222,27.172009575515375,1014100.0
2025-11-14,27.181678771972656,27.21068685324956,27.133328895912506,27.142998871124533,1099300.0
2025-11-17,27.249366760253903,27.268706710682338,27.22035683461126,27.23969678503969,1188500.0
2025-11-18,27.27837562561035,27.29771557659468,27.220357617016617,27.2493675434931,1428100.0
2025-11-19,27.452430725097656,27.46210070031836,27.336394711167575,27.355734661608984,1917200.0
2025-11-20,27.471771240234375,27.471771240234375,27.394413281237796,27.413753232076747,1492900.0
2025-11-21,27.452430725097656,27.510450576421885,27.433092619015433,27.491110625980475,1305200.0
2025-11-24,27.452430725097656,27.48144065075977,27.433092619015433,27.44276074987695,996000.0
2025-11-25,27.375072479248047,27.394412429485676,27.30738449777551,27.38474245436686,1281600.0
2025-11-26,27.29771423339844,27.394412139202768,27.28804425838209,27.394412139202768,1130500.0
2025-11-28,27.27837562561035,27.336395478563333,27.2493675434931,27.336395478563333,1215800.0
2025-12-01,27.268707275390625,27.27837540644587,27.18167934101961,27.19134931643408,2996300.0
2025-12-02,27.259037017822266,27.317055025349333,27.249367042507888,27.288045099406197,1528300.0
2025-12-03,27.123659133911133,27.17200901035135,27.094651052406203,27.162339035063304,1962500.0
2025-12-04,27.181678771972656,27.181678771972656,27.094650839423565,27.094650839423565,1479800.0
2025-12-05,27.152667999267575,27.201016029460256,27.133328049446856,27.152667999267575,1639400.0
2025-12-08,27.191349029541016,27.230027086431587,27.152669128291237,27.152669128291237,1143400.0
2025-12-09,27.230026245117188,27.268706145171887,27.201016320076164,27.210686295089836,1191700.0
2025-12-10,27.084980010986328,27.23002594587921,27.0559700862641,27.23002594587921,2309500.0
2025-12-11,26.988283157348633,27.017293083200673,26.939935125287768,26.97861318206462,1143000.0
2025-12-12,27.02696228027344,27.05597036093102,27.007622330262283,27.02696228027344,1141700.0
2025-12-15,27.00762367248535,27.036631754584576,26.959273795054575,26.98828372151304,568400.0
2025-12-16,26.978612899780273,27.01729280051161,26.89158496749395,26.930264868225287,881400.0
2025-12-17,27.036630630493164,27.065640555745496,26.997952574515885,27.065640555745496,655400.0
2025-12-18,27.055971145629883,27.08498107148798,27.00762311355891,27.00762311355891,764300.0
2025-12-19,27.14299964904785,27.14299964904785,27.084981640472048,27.094651615961222,553300.0
2025-12-22,27.030000686645508,27.040000915527344,27.0,27.020000457763672,1148200.0
2025-12-23,26.940000534057617,26.989999771118164,26.93000030517578,26.969999313354492,1032800.0
2025-12-24,26.950000762939453,26.959999084472656,26.93000030517578,26.940000534057617,699400.0
2025-12-26,26.969999313354492,27.0,26.920000076293945,26.920000076293945,743400.0
2025-12-29,26.979999542236328,27.020000457763672,26.940000534057617,26.959999084472656,794700.0
2025-12-30,27.049999237060547,27.049999237060547,27.0,27.020000457763672,627500.0
2025-12-31,27.030000686645508,27.11000061035156,27.030000686645508,27.059999465942383,575900.0
2026-01-02,27.11000061035156,27.1200008392334,27.040000915527344,27.079999923706055,2375000.0
2026-01-05,27.06999969482422,27.190000534057617,27.049999237060547,27.170000076293945,1632900.0
2026-01-06,27.15999984741211,27.15999984741211,27.09000015258789,27.100000381469727,1253200.0
2026-01-07,27.200000762939453,27.200000762939453,27.13999938964844,27.149999618530273,1122800.0
2026-01-08,27.270000457763672,27.280000686645508,27.219999313354492,27.25,591000.0
2026-01-09,27.329999923706055,27.36000061035156,27.299999237060547,27.299999237060547,806900.0
2026-01-12,27.280000686645508,27.280000686645508,27.219999313354492,27.25,991700.0
2026-01-13,27.350000381469727,27.3700008392334,27.270000457763672,27.270000457763672,747800.0
2026-01-14,27.329999923706055,27.350000381469727,27.280000686645508,27.309999465942383,535700.0
2026-01-15,27.43000030517578,27.450000762939453,27.38999938964844,27.40999984741211,700000.0
2026-01-16,27.43000030517578,27.450000762939453,27.3700008392334,27.3799991607666,1463100.0
2026-01-20,27.209999084472656,27.229999542236328,27.149999618530273,27.170000076293945,931300.0
2026-01-21,27.270000457763672,27.299999237060547,27.18000030517578,27.18000030517578,1005400.0
2026-01-22,27.149999618530273,27.219999313354492,27.1200008392334,27.209999084472656,826800.0
2026-01-23,26.90999984741211,27.13999938964844,26.90999984741211,27.1299991607666,686100.0
2026-01-26,26.780000686645508,26.81999969482422,26.719999313354492,26.809999465942383,1392400.0
2026-01-27,26.469999313354492,26.670000076293945,26.399999618530273,26.65999984741211,1780800.0
2026-01-28,26.6299991607666,26.739999771118164,26.559999465942383,26.600000381469727,2744700.0
2026-01-29,26.59000015258789,26.709999084472656,26.56999969482422,26.56999969482422,1592500.0
2026-01-30,26.850000381469727,26.850000381469727,26.700000762939453,26.729999542236328,2763800.0
2026-02-02,26.989999771118164,27.030000686645508,26.90999984741211,26.959999084472656,2780900.0
2026-02-03,26.920000076293945,26.989999771118164,26.899999618530273,26.979999542236328,1165000.0
2026-02-04,27.010000228881836,27.030000686645508,26.950000762939453,26.969999313354492,1122400.0
2026-02-05,27.09000015258789,27.09000015258789,27.0,27.010000228881836,1840300.0
2026-02-06,27.010000228881836,27.020000457763672,26.969999313354492,27.020000457763672,1305200.0
2026-02-09,26.790000915527344,26.850000381469727,26.780000686645508,26.809999465942383,1344900.0
2026-02-10,26.799999237060547,26.809999465942383,26.729999542236328,26.729999542236328,1037900.0
2026-02-11,26.829999923706055,26.8700008392334,26.760000228881836,26.81999969482422,1454400.0
2026-02-12,26.81999969482422,26.86000061035156,26.770000457763672,26.809999465942383,1103000.0
2026-02-13,26.81999969482422,26.88999938964844,26.799999237060547,26.81999969482422,840600.0
2026-02-17,26.90999984741211,27.010000228881836,26.88999938964844,26.950000762939453,1048600.0
2026-02-18,27.079999923706055,27.079999923706055,26.969999313354492,26.989999771118164,1865700.0
2026-02-19,27.1200008392334,27.170000076293945,27.100000381469727,27.15999984741211,937600.0
2026-02-20,27.09000015258789,27.15999984741211,27.040000915527344,27.13999938964844,1281600.0
2026-02-23,27.09000015258789,27.09000015258789,27.020000457763672,27.06999969482422,713500.0
2026-02-24,27.11000061035156,27.149999618530273,27.09000015258789,27.1299991607666,817300.0
2026-02-25,27.079999923706055,27.13999938964844,27.049999237060547,27.13999938964844,1029100.0
2026-02-26,27.100000381469727,27.170000076293945,27.059999465942383,27.09000015258789,1354900.0
2026-02-27,27.079999923706055,27.1200008392334,27.049999237060547,27.100000381469727,1037400.0
2026-03-02,27.329999923706055,27.399999618530273,27.280000686645508,27.31999969482422,3348800.0
2026-03-03,27.459999084472656,27.649999618530273,27.450000762939453,27.540000915527344,3237200.0
2026-03-04,27.40999984741211,27.459999084472656,27.38999938964844,27.420000076293945,2493200.0
2026-03-05,27.479999542236328,27.59000015258789,27.479999542236328,27.489999771118164,4089300.0
2026-03-06,27.469999313354492,27.59000015258789,27.440000534057617,27.56999969482422,3315900.0
2026-03-09,27.459999084472656,27.59000015258789,27.40999984741211,27.510000228881836,4290500.0
2026-03-10,27.450000762939453,27.479999542236328,27.34000015258789,27.36000061035156,3283500.0
2026-03-11,27.549999237060547,27.56999969482422,27.469999313354492,27.520000457763672,3203200.0
2026-03-12,27.68000030517578,27.709999084472656,27.6200008392334,27.6299991607666,2316100.0
2026-03-13,27.88999938964844,27.90999984741211,27.75,27.770000457763672,4225700.0
2026-03-16,27.729999542236328,27.780000686645508,27.68000030517578,27.739999771118164,7286100.0
2026-03-17,27.68000030517578,27.709999084472656,27.63999938964844,27.670000076293945,3599400.0
2026-03-18,27.850000381469727,27.850000381469727,27.700000762939453,27.739999771118164,4278500.0
2026-03-19,27.579999923706055,27.809999465942383,27.5,27.790000915527344,5031400.0
2026-03-20,27.68000030517578,27.75,27.65999984741211,27.65999984741211,4216900.0
2026-03-23,27.559999465942383,27.63999938964844,27.479999542236328,27.600000381469727,4152900.0
2026-03-24,27.649999618530273,27.709999084472656,27.579999923706055,27.65999984741211,3131800.0
2026-03-25,27.700000762939453,27.719999313354492,27.6299991607666,27.6299991607666,3161100.0
2026-03-26,27.809999465942383,27.81999969482422,27.719999313354492,27.760000228881836,2410200.0
2026-03-27,27.84000015258789,27.8799991607666,27.780000686645508,27.829999923706055,2421300.0
2026-03-30,27.979999542236328,28.0,27.90999984741211,27.90999984741211,2470800.0
2026-03-31,27.780000686645508,27.88999938964844,27.770000457763672,27.850000381469727,3450000.0
2026-04-01,27.729999542236328,27.739999771118164,27.6299991607666,27.670000076293945,4154600.0
2026-04-02,27.86000061035156,27.88999938964844,27.780000686645508,27.850000381469727,3579400.0
2026-04-06,27.829999923706055,27.8700008392334,27.770000457763672,27.809999465942383,3497200.0
2026-04-07,27.75,27.84000015258789,27.729999542236328,27.829999923706055,3871900.0
2026-04-08,27.530000686645508,27.61000061035156,27.450000762939453,27.450000762939453,5403000.0
2026-04-09,27.479999542236328,27.559999465942383,27.440000534057617,27.510000228881836,3167600.0
2026-04-10,27.440000534057617,27.489999771118164,27.420000076293945,27.420000076293945,4865800.0
2026-04-13,27.3799991607666,27.540000915527344,27.3799991607666,27.540000915527344,3728900.0
2026-04-14,27.31999969482422,27.329999923706055,27.270000457763672,27.299999237060547,4075700.0
2026-04-15,27.290000915527344,27.34000015258789,27.280000686645508,27.309999465942383,1926300.0
2026-04-16,27.3700008392334,27.3799991607666,27.329999923706055,27.34000015258789,1324700.0
2026-04-17,27.36000061035156,27.36000061035156,27.200000762939453,27.239999771118164,1974600.0
2026-04-20,27.31999969482422,27.3799991607666,27.299999237060547,27.350000381469727,1209500.0
2026-04-21,27.469999313354492,27.469999313354492,27.34000015258789,27.350000381469727,1641300.0
2026-04-22,27.479999542236328,27.489999771118164,27.399999618530273,27.440000534057617,768400.0
2026-04-23,27.530000686645508,27.579999923706055,27.469999313354492,27.530000686645508,830200.0
2026-04-24,27.479999542236328,27.530000686645508,27.450000762939453,27.5,1463800.0
2026-04-27,27.450000762939453,27.459999084472656,27.38999938964844,27.40999984741211,1210300.0
2026-04-28,27.530000686645508,27.549999237060547,27.489999771118164,27.530000686645508,3308700.0
2026-04-29,27.61000061035156,27.6299991607666,27.549999237060547,27.559999465942383,2659200.0
2026-04-30,27.36000061035156,27.5,27.34000015258789,27.479999542236328,3652900.0
2026-05-01,27.40999984741211,27.420000076293945,27.260000228881836,27.329999923706055,2575400.0
2026-05-04,27.479999542236328,27.510000228881836,27.420000076293945,27.43000030517578,1855900.0
2026-05-05,27.5,27.5,27.440000534057617,27.479999542236328,691900.0
2026-05-06,27.350000381469727,27.3700008392334,27.31999969482422,27.34000015258789,2479300.0
2026-05-07,27.40999984741211,27.40999984741211,27.299999237060547,27.31999969482422,1528600.0
2026-05-08,27.34000015258789,27.350000381469727,27.309999465942383,27.31999969482422,1070300.0
2026-05-11,27.350000381469727,27.36000061035156,27.329999923706055,27.350000381469727,959200.0
2026-05-12,27.450000762939453,27.510000228881836,27.440000534057617,27.479999542236328,2007800.0
2026-05-13,27.510000228881836,27.540000915527344,27.5,27.520000457763672,2113600.0
2026-05-14,27.6200008392334,27.6299991607666,27.540000915527344,27.549999237060547,2309200.0
2026-05-15,27.770000457763672,27.770000457763672,27.709999084472656,27.719999313354492,1851100.0
2026-05-18,27.700000762939453,27.729999542236328,27.670000076293945,27.68000030517578,2992100.0
2026-05-19,27.790000915527344,27.809999465942383,27.760000228881836,27.790000915527344,1914800.0
2026-05-20,27.729999542236328,27.81999969482422,27.670000076293945,27.790000915527344,2509300.0
2026-05-21,27.729999542236328,27.829999923706055,27.709999084472656,27.799999237060547,1832400.0
2026-05-22,27.770000457763672,27.81999969482422,27.75,27.760000228881836,2021800.0
2026-05-26,27.75,27.780000686645508,27.729999542236328,27.75,1929200.0
2026-05-27,27.75,27.790000915527344,27.709999084472656,27.719999313354492,2693300.0
2026-05-28,27.700000762939453,27.790000915527344,27.690000534057617,27.770000457763672,2942100.0
2026-05-29,27.65999984741211,27.739999771118164,27.6299991607666,27.709999084472656,4610000.0
2026-06-01,27.760000228881836,27.829999923706055,27.75,27.770000457763672,2057400.0
2026-06-02,27.760000228881836,27.809999465942383,27.739999771118164,27.739999771118164,2048200.0
2026-06-03,27.86000061035156,27.8799991607666,27.829999923706055,27.86000061035156,1725500.0
2026-06-04,27.84000015258789,27.850000381469727,27.780000686645508,27.790000915527344,880100.0
2026-06-05,28.020000457763672,28.049999237060547,27.899999618530273,27.920000076293945,2008900.0
2026-06-08,28.030000686645508,28.040000915527344,27.969999313354492,27.989999771118164,2424900.0
2026-06-09,28.010000228881836,28.049999237060547,27.940000534057617,27.959999084472656,2008200.0
2026-06-10,28.049999237060547,28.049999237060547,27.950000762939453,27.979999542236328,1741900.0
2026-06-11,27.950000762939453,28.1299991607666,27.920000076293945,28.079999923706055,2647800.0
2026-06-12,27.950000762939453,27.989999771118164,27.940000534057617,27.959999084472656,2225500.0
2026-06-15,27.969999313354492,27.969999313354492,27.8700008392334,27.88999938964844,4139500.0
2026-06-16,27.93000030517578,27.969999313354492,27.88999938964844,27.959999084472656,1794200.0
2026-06-17,28.18000030517578,28.219999313354492,27.940000534057617,27.940000534057617,2963900.0
2026-06-18,28.299999237060547,28.31999969482422,28.209999084472656,28.229999542236328,2054900.0
2026-06-22,28.36000061035156,28.3700008392334,28.290000915527344,28.34000015258789,2516200.0
2026-06-23,28.450000762939453,28.479999542236328,28.399999618530273,28.43000030517578,2494600.0
2026-06-24,28.530000686645508,28.559999465942383,28.489999771118164,28.540000915527344,2043800.0
2026-06-25,28.479999542236328,28.510000228881836,28.440000534057617,28.489999771118164,2075800.0
2026-06-26,28.459999084472656,28.469999313354492,28.3799991607666,28.38999938964844,1893400.0
2026-06-29,28.3700008392334,28.440000534057617,28.3700008392334,28.440000534057617,1750400.0
2026-06-30,28.40999984741211,28.469999313354492,28.3799991607666,28.450000762939453,1484200.0
2026-07-01,28.489999771118164,28.489999771118164,28.420000076293945,28.479999542236328,1996400.0
2026-07-02,28.34000015258789,28.350000381469727,28.270000457763672,28.290000915527344,2644200.0
2026-07-06,28.31999969482422,28.40999984741211,28.309999465942383,28.38999938964844,2837900.0
2026-07-07,28.399999618530273,28.40999984741211,28.329999923706055,28.34000015258789,1902000.0
2026-07-08,28.36000061035156,28.459999084472656,28.350000381469727,28.40999984741211,1338200.0
2026-07-09,28.36000061035156,28.3700008392334,28.329999923706055,28.350000381469727,1543400.0
2026-07-10,28.38999938964844,28.38999938964844,28.309999465942383,28.36000061035156,1810500.0
2026-07-13,28.5,28.5,28.3700008392334,28.3799991607666,3187900.0
2026-07-14,28.38999938964844,28.399999618530273,28.290000915527344,28.31999969482422,2503500.0
2026-07-15,28.25,28.3700008392334,28.219999313354492,28.3700008392334,2209200.0
2026-07-16,28.34000015258789,28.350000381469727,28.280000686645508,28.280000686645508,2893800.0
2026-07-17,28.329999923706055,28.3799991607666,28.329999923706055,28.3799991607666,1134200.0
2026-07-20,28.38999938964844,28.43000030517578,28.3799991607666,28.3799991607666,1898100.0
2026-07-21,28.479999542236328,28.479999542236328,28.420000076293945,28.43000030517578,1231400.0
2026-07-22,28.450000762939453,28.469999313354492,28.43000030517578,28.43000030517578,1230800.0
2026-07-23,28.559999465942383,28.59000015258789,28.530000686645508,28.540000915527344,1529300.0
2026-07-24,28.579999923706055,28.579999923706055,28.520000457763672,28.579999923706055,1113500.0
2026-07-27,28.600000381469727,28.600000381469727,28.549999237060547,28.559999465942383,1602600.0
2026-07-28,28.579999923706055,28.600000381469727,28.520000457763672,28.59000015258789,1037400.0
2026-07-29,28.420000076293945,28.59000015258789,28.299999237060547,28.56999969482422,2286600.0
2026-07-30,28.13999938964844,28.36000061035156,28.1200008392334,28.36000061035156,4809000.0
2026-07-31,28.170000076293945,28.309999465942383,28.1299991607666,28.239999771118164,2728400.0
