Date,Close,High,Low,Open,Volume
2016-04-25,55.479270935058594,55.48599794730529,54.83361630196205,54.84707032645544,2385600
2016-04-26,55.694488525390625,56.01059139177277,55.49272434110045,55.68103963225402,3190800
2016-04-27,55.660850524902344,55.76845703809284,55.05554785318818,55.68102642542521,3244500
2016-04-28,55.54651641845703,55.88279513792329,55.109358188115735,55.324576363325896,2870600
2016-04-29,55.03538131713867,55.39856298196387,54.497333266018416,55.277502427022135,4117300
2016-05-02,55.889530181884766,56.030766648615355,55.00175444014475,55.00175444014475,4008000
2016-05-03,55.97694778442383,56.01729958148182,55.54650638058303,55.86933615066235,3305700
2016-05-04,56.77730941772461,56.88492109302188,55.62723657682226,55.62723657682226,4138600
2016-05-05,56.93873977661133,57.04634634497861,56.582279870173565,56.851303987904146,3324300
2016-05-06,57.564208984375,57.61129294762061,56.66971117565762,56.93200825861196,3499300
2016-05-09,58.19639587402344,58.29055350741117,57.58437125700316,57.745783609781256,4568700
2016-05-10,58.18967819213867,58.39144751386512,57.98791400161922,58.32419278369197,4034800
2016-05-11,56.94544982910156,58.156055541783616,56.723504593241984,58.156055541783616,4063900
2016-05-12,57.27501678466797,57.463332121613526,56.5486532296996,57.01271455825598,3471000
2016-05-13,56.76385498046875,57.12030964046787,56.36704338057077,57.12030964046787,3991500
2016-05-16,57.301902770996094,57.47004216308376,56.710053958082014,56.75713278261828,3374900
2016-05-17,56.239280700683594,57.16068153090807,55.929904752537354,57.16068153090807,4308300
2016-05-18,55.358211517333984,56.064399012864854,54.726010895635525,56.00386616380452,4708500
2016-05-19,54.73945999145508,55.136271624385415,54.45026003227095,55.00848404461356,4316000
2016-05-20,55.17662048339844,55.27750513933442,54.84706872980051,54.94794825452975,3296100
2016-05-23,55.18335723876953,55.39184846829739,55.04884263003571,55.27078788604077,2744000
2016-05-24,55.8693733215332,55.96353099811669,55.32460317398469,55.526367424717066,2998500
2016-05-25,55.8693733215332,56.0173368507954,55.31787615959771,56.0173368507954,3250000
2016-05-26,55.97694778442383,56.145087113772306,55.633942115815515,55.76172964810599,3053400
2016-05-27,56.27961349487305,56.51500760069874,56.0173164724949,56.071122305599815,3006900
2016-05-31,56.27288436889648,56.44102374262777,55.92988374095333,56.192180753477615,4810900
2016-06-01,56.31996536254883,56.46120182619082,56.024043542577985,56.07784424453207,4417500
2016-06-02,56.609161376953125,56.62933728018791,56.017312646838825,56.15854910068862,8043500
2016-06-03,56.837852478027344,57.32881672394667,56.56210135894847,57.1539554169878,4295200
2016-06-06,56.40069580078125,57.012720711913104,56.10476873580706,56.89166010635172,3231900
2016-06-07,56.743682861328125,56.91182225037071,56.48810770601094,56.64952521396083,2424600
2016-06-08,57.10684967041016,57.153928481820984,56.5284499123882,56.703311136939504,3099000
2016-06-09,57.23463821411133,57.34224986955157,56.90508649893632,57.10685578728372,4132700
2016-06-10,56.96561813354492,57.18083632805497,56.723497023320306,57.01942396497407,2538400
2016-06-13,56.97907257080078,57.40950896294681,56.9118178466292,56.98579958257991,3250300
2016-06-14,56.83111953735352,57.18084724600594,56.62262831476501,56.97908303643213,3437300
2016-06-15,57.369163513183594,57.564200695536144,56.878194223022085,56.95890297969726,2829400
2016-06-16,57.69197463989258,57.71215054149029,57.005968329540835,57.28844121432061,2827100
2016-06-17,57.59783172607422,57.72561931044666,57.153946383908036,57.72561931044666,4408400
2016-06-20,57.67853164672851,58.371265038845216,57.60454991250184,57.87357393412554,3987000
2016-06-21,57.89839172363281,58.06804242666471,57.63373704108934,57.89160424585954,3614700
2016-06-22,57.81018829345703,58.0273410353455,57.66768229196738,58.02055355603749,3994500
2016-06-23,58.10197067260742,58.319123350573925,57.97982196766824,58.074825940695575,1672700
2016-06-24,57.586238861083984,58.169837732309325,56.69048329690793,57.0908564974331,5661700
2016-06-27,57.62696838378906,57.7151900916684,56.805859334226945,57.3555261348216,4769800
2016-06-28,58.84164810180664,58.848435579451134,57.78302939171963,58.00018208038693,5128700
2016-06-29,59.55419921875,59.63562826319291,59.045246981662224,59.11989372395482,4395600
2016-06-30,60.171730041503906,60.17173004150391,59.22168475434406,59.71027976930228,6555800
2016-07-01,60.19207763671875,60.667102792669475,60.0156446031334,60.37530332656514,4731800
2016-07-05,60.85710144042969,60.857101440429695,60.1242091482276,60.1988558730257,3808400
2016-07-06,60.592437744140625,60.836735138551184,60.293850889343744,60.76887590173223,4577200
2016-07-07,59.96815872192383,60.57211507591316,59.635639470193766,60.53139536870958,5342000
2016-07-08,60.93855285644531,60.965692421011944,60.226017619312934,60.300664365196525,2663400
2016-07-11,61.3456916809082,61.474622687124025,60.619586921290896,60.98603303978864,3381400
2016-07-12,61.33891677856445,61.44070825079227,60.85710933250408,61.352491736103815,3727600
2016-07-13,61.67820739746094,61.67820739746094,61.20318751363212,61.481411966352304,4902800
2016-07-14,61.12855911254883,61.64429366174949,60.986053104691024,61.48821787199902,3060500
2016-07-15,61.1489143371582,61.19641633819517,60.70782136905511,61.12176959694711,3345600
2016-07-18,61.311771392822266,61.33212865158681,61.07426141168712,61.237124659132746,2699700
2016-07-19,61.610355377197266,61.610355377197266,61.02675649302428,61.311768456737866,1916500
2016-07-20,61.61714172363281,61.780004960287414,61.42034627306608,61.718928010711345,2100600
2016-07-21,61.73929977416992,61.739299774169915,61.209985114738195,61.48142733506299,2179600
2016-07-22,62.28216171264648,62.46538736076352,61.54926947483491,61.67820565852258,2482900
2016-07-25,62.16682052612305,62.52647928359597,61.95645525529849,62.302539053623406,2374700
2016-07-26,61.8614387512207,62.41110540706369,61.712145294737695,62.2210974360231,2460200
2016-07-27,61.379600524902344,61.847837956009805,60.87064859624701,61.847837956009805,3935200
2016-07-28,61.949649810791016,62.19394723131122,61.1421108275532,61.284616793301915,2853100
2016-07-29,62.73685073852539,63.05579500465321,61.88859691470904,62.119324646998926,3502600
2016-08-01,62.87255096435547,62.94041020943902,62.60789628439964,62.65539827369098,3335100
2016-08-02,61.868221282958984,62.79790906168123,61.75286003972942,62.68933011935064,3877100
2016-08-03,61.50856399536133,61.90894238264782,61.176050037238994,61.65106997741376,3829400
2016-08-04,61.2574577331543,61.698550482447885,61.14888400349908,61.58318927677445,2649700
2016-08-05,61.29819869995117,61.48141919745496,61.08104598789936,61.29141122157576,2941600
2016-08-08,61.40678024291992,61.691797420157954,61.1489129826214,61.25748676373089,2240200
2016-08-09,61.73929977416992,61.739299774169915,61.03355207225735,61.50857207482843,3474300
2016-08-10,61.67142868041992,62.02430508195813,61.47463322135615,61.91572613461432,5302900
2016-08-11,60.97248077392578,61.67822854135752,60.64675422116049,61.65108379907205,4788300
2016-08-12,61.23035430908203,61.79359089504443,60.92497983602115,61.10820555532374,2972100
2016-08-15,61.16927719116211,61.53572345152415,61.14213244846896,61.32535816731512,2961400
2016-08-16,60.43638229370117,61.04033855721404,60.35495324615432,60.96569181207604,4166800
2016-08-17,60.6806640625,60.72816605369979,59.96813419450324,60.38208233667082,5192000
2016-08-18,60.45673751831055,60.863903451644426,60.171725506840765,60.59246122186514,4074800
2016-08-19,60.06991958618164,60.44315320959067,59.8934865799598,60.37529396278775,3284900
2016-08-22,60.39564895629883,60.44315094501402,60.083492290837825,60.22599825698339,3671000
2016-08-23,60.42957305908203,60.74172968266007,60.40242832955423,60.606006035021075,6526100
2016-08-24,60.16493225097656,60.59245019034692,59.82563081985848,60.58566271207245,6064800
2016-08-25,60.43638229370117,60.80282853965225,60.13780049047924,60.32780850452867,3219700
2016-08-26,59.83920669555664,60.91818287132142,59.43882827383529,60.544954365464015,5844000
2016-08-29,60.42957305908203,60.61958098844886,59.96133553505108,59.96812301176497,3318600
2016-08-30,60.314231872558594,60.63317610615311,59.78492236886129,60.55852936308504,3431900
2016-08-31,60.37528991699219,60.578867643759025,60.03598852838581,60.25314121000076,5003000
2016-09-01,60.22600936889648,60.46351935629385,59.92064012471836,60.443162096992566,4098000
2016-09-02,60.748512268066406,61.488191913530194,60.483857625584,60.57886159071472,4439500
2016-09-06,61.21675491333008,61.22354239064351,60.477080383341494,61.0131771898813,3874300
2016-09-07,61.583213806152344,61.61714602243181,60.93175563675521,61.13533340244408,2874200
2016-09-08,60.82997131347656,61.41357029622376,60.76889952979205,61.31177881275298,3123900
2016-09-09,58.420921325683594,60.30744174147754,58.40735154567367,60.13779101604253,7589300
2016-09-12,59.11309051513672,59.38453267148843,58.129118522856345,58.305551523755724,7088200
2016-09-13,57.62901306152344,58.838446352555934,57.49919074733718,58.81794836679597,7223000
2016-09-14,57.813480377197266,58.13462925031351,57.58115780836366,57.77931360694852,4781900
2016-09-15,58.0321159362793,58.12094221267918,57.48547906259313,57.79296425895994,4320500
2016-09-16,58.0594596862793,58.11412442699035,57.63581576544349,57.96379899659324,6251400
2016-09-19,58.585601806640625,58.65393013568302,58.189295412947786,58.250789345150736,3407700
2016-09-20,58.49675369262695,58.934061091211056,58.49675369262695,58.85889839334985,3905800
2016-09-21,59.24837875366211,59.33720503193182,57.80662905175312,58.599252013971544,6905000
2016-09-22,60.3074951171875,60.36215464369167,59.64469948535728,59.79502491275586,3575700
2016-09-23,60.49199295043945,60.6969831542379,59.64471018676627,60.14351168922908,4722300
2016-09-26,60.63547134399414,60.77896237143765,60.1298355501766,60.321156920101274,3440200
2016-09-27,59.99318313598633,60.8336313862584,59.89068804828769,60.8336313862584,6479800
2016-09-28,60.48514938354492,60.53297972876418,59.90435084499204,60.08884304306392,2676300
2016-09-29,59.67887115478515,60.32116892142165,59.501218540576346,60.2801729663146,4662800
2016-09-30,59.26887512207031,60.259653798055005,59.26204594069892,59.89067469249335,6718600
2016-10-03,58.16195297241211,58.96140523139054,58.04578909871584,58.77008385793756,10473900
2016-10-04,57.36933517456055,58.10729357987899,57.027688343926116,58.07996120785421,7415500
2016-10-05,56.207725524902344,57.772468286500754,56.14622639825586,57.47865186902829,8125200
2016-10-06,56.22821044921875,56.63818541697605,55.42192408694644,55.92755970674328,6760300
2016-10-07,56.132572174072266,57.14384381680297,55.872917260928375,56.576714071661414,6036800
2016-10-10,56.48106384277344,56.720215612503736,56.13258257081351,56.13258257081351,2818300
2016-10-11,55.93440628051758,56.53570268329571,55.78408087654413,56.40588046332238,4306600
2016-10-12,56.576717376708984,56.65870927986699,55.934419665347626,56.02324596480777,3492600
2016-10-13,57.02085876464844,57.11651946825795,56.18041040963381,56.35123383938184,3633600
2016-10-14,56.768043518066406,57.38983809254744,56.65188483679551,56.91836897058986,3187500
2016-10-17,56.89102935791016,57.23950535738591,56.7680362954138,56.81586664121145,3154000
2016-10-18,57.253170013427734,57.58798240982448,57.061848644058166,57.26683359133285,2533200
2016-10-19,57.37617874145508,57.458170657517535,56.945700329656184,57.26684923588147,2871000
2016-10-20,57.246337890625,57.622151461889736,56.93202345516565,57.36933094911923,3261100
2016-10-21,57.03453063964844,57.18485610004678,56.781710073240525,56.973031490795634,3193800
2016-10-24,57.16432571411133,57.74512403474495,56.938837651346546,57.29414790921539,3948800
2016-10-25,57.06184005737305,57.13700275733149,56.754354863057,56.93201262778746,3161400
2016-10-26,56.31706619262695,56.925197176026,55.9275889873813,56.84320526741678,4093100
2016-10-27,54.84114456176758,56.24189328238138,54.69081913905121,56.21456091342238,5969300
2016-10-28,54.970951080322266,55.442425187104995,54.765966191414655,54.92995514516371,4819100
2016-10-31,55.86609649658203,55.96859159810395,54.98464696448136,55.21013514520611,5009700
2016-11-01,54.64981842041016,55.66792431293442,54.45849185440283,55.62009397471155,7465200
2016-11-02,53.85038375854492,54.71816982079123,53.83672017605074,54.56100994995862,7847600
2016-11-03,53.43355941772461,53.987030799183664,53.419895838988786,53.891370108682914,7221900
2016-11-04,53.85720443725586,54.034862243133865,53.33789981175224,53.56338796385317,4432600
2016-11-07,54.80013275146485,54.820635934036595,54.260335512061175,54.260335512061175,5860500
2016-11-08,55.08712387084961,55.27161082215951,54.52682340912882,54.786473062520905,4023300
2016-11-09,54.253517150878906,54.66349230050936,53.13974515886124,53.775208465379336,10045800
2016-11-10,53.3447380065918,54.21251869646568,52.59995038906635,54.185191536492354,13504700
2016-11-11,53.66588592529297,54.32868162494718,53.262739945732186,53.296906714770515,5066000
2016-11-14,54.936798095703125,55.08028910422311,53.31055623957863,53.57021110433298,6755200
2016-11-15,54.47898864746094,55.57908629751857,54.1031751675763,55.121280940652035,7719900
2016-11-16,54.32183837890625,54.66348516116352,53.91186328282076,54.49949616535256,10337100
2016-11-17,53.76839065551758,54.70449982277729,53.69322792065641,54.2945245864278,3645200
2016-11-18,53.925533294677734,54.06902433477305,53.583886471655525,53.836706997414005,3655600
2016-11-21,53.76154327392578,54.49266725299617,53.70004413611112,54.10319009055899,3488200
2016-11-22,54.70448303222656,54.73181540134308,53.86403483763816,54.02802383922091,4226700
2016-11-23,54.472164154052734,54.5268288907199,54.00752431861428,54.22617805216672,6542100
2016-11-25,54.786468505859375,55.09394847017426,54.48581772253618,54.52681887406269,1904500
2016-11-28,55.039306640625,55.40145144792108,54.75231934019234,54.78648610858957,4065700
2016-11-29,55.5654411315918,55.84559403907054,55.05297087820902,55.093966830282206,3754200
2016-11-30,54.92998504638672,55.38096143107987,54.663500896565374,55.039314550476334,6826400
2016-12-01,54.12367630004883,54.80696978478084,53.816196317165655,54.60881404863469,6361900
2016-12-02,54.66349029541016,55.230625258373045,54.27401313558003,54.36283943058807,3695900
2016-12-05,55.066619873046875,55.13495339255952,54.478992267539915,54.67031361069785,3457200
2016-12-06,55.42194366455078,55.667929774721784,55.005134156378595,55.210124319226566,4024800
2016-12-07,56.52888488769531,56.61771118379101,55.39461494788067,55.46294326896327,5754300
2016-12-08,56.91836166381836,57.07551627992404,56.036912252453746,56.33755790578855,4404200
2016-12-09,56.85687255859375,57.38984085180716,56.72704507733287,56.95253326695935,4506200
2016-12-12,57.232662200927734,57.26682374637584,56.597199068700064,56.69969413127526,3610700
2016-12-13,57.2053337097168,57.526482494741515,56.80902222125584,57.4649833677865,4015100
2016-12-14,55.95492172241211,57.28051319340066,55.85926101967246,57.137022139291176,4857300
2016-12-15,55.626930236816406,56.35121972939302,55.45610684984146,55.90707788063496,3915200
2016-12-16,56.460548400878906,56.82952757116914,55.65426174278909,55.74309324735606,6581100
2016-12-19,57.068660736083984,57.31464676964116,56.64502217738033,56.65185657084436,3663600
2016-12-20,57.198516845703125,57.451337399577135,56.836372007125085,57.04136220898156,5193600
2016-12-21,56.33073425292969,57.57432857744979,56.317065459594545,57.19851495749156,4998400
2016-12-22,56.2365608215332,56.424920609704,55.74821668734826,56.25748909549086,3891700
2016-12-23,56.38304901123047,57.40159887818184,56.15282741404648,56.31328634247635,4504400
2016-12-27,56.50163650512695,56.717907660929185,56.23653627976723,56.46675783793595,3833000
2016-12-28,56.159793853759766,56.6341873563581,55.978406693856165,56.6341873563581,3979500
2016-12-29,56.857460021972656,57.02489154276573,56.12493846935586,56.341209728038656,4259400
2016-12-30,57.57599639892578,57.69459344373119,56.64813765946123,56.92021573756747,6673400
2017-01-03,57.764366149902344,57.90389147020823,57.303923012303294,57.88994106719756,9380300
2017-01-04,58.60850524902344,58.73408016346771,57.78529310378867,57.84110535966383,6598700
2017-01-05,58.79685974121094,58.866622393588635,57.848072765736454,58.3922289058514,8555700
2017-01-06,58.803855895996094,59.089884456487574,58.47596547301619,58.61549082117532,3901200
2017-01-09,58.27363204956055,58.97126922065079,58.25270378603571,58.97126922065079,3546100
2017-01-10,57.7783203125,58.30154828151777,57.75041418211303,58.30154828151777,3959600
2017-01-11,57.42253112792969,57.87599649009803,57.366724182587305,57.8132116806313,4498000
2017-01-12,57.715545654296875,57.743446467037145,56.927211969331815,57.48532403005658,4670700
2017-01-13,57.631805419921875,57.91783388385825,57.43646786941917,57.70854593226923,3658100
2017-01-17,58.07828903198242,58.12712341646473,57.73644834060632,57.87597363268469,4139200
2017-01-18,58.17597579956055,58.371313397923736,57.9248259380792,58.05737873234723,3317400
2017-01-19,57.58299255371094,58.078314476909995,57.4434618779535,57.959717394429454,3169200
2017-01-20,58.00155258178711,58.0364365685212,57.47134685421369,57.60389961674432,3285400
2017-01-23,58.48991012573242,58.58060638341073,57.90389733404337,58.08528452684965,3165600
2017-01-24,58.50387191772461,58.7480439395747,58.25272203166426,58.4899161893041,4204200
2017-01-25,58.12017059326172,58.71316664642924,57.945761241753864,58.468989296277435,3461500
2017-01-26,58.0085334777832,58.40618646362526,57.92481509877195,58.12713052280379,4093700
2017-01-27,57.443450927734375,58.25271272520799,57.22020721162959,58.175972198807905,2996000
2017-01-30,57.05278396606445,57.394624791238854,56.906280755275425,57.27602771429785,3182600
2017-01-31,57.464378356933594,57.869003889745166,57.06672536392001,57.06672536392001,11091400
2017-02-01,56.77372741699219,57.82716133902177,56.73187087788862,57.40160211629958,4555800
2017-02-02,57.450435638427734,57.50624790474379,56.80163267951803,56.808610543445205,4754800
2017-02-03,57.764366149902344,58.06435037885481,57.52716671832259,57.8759853416371,4165000
2017-02-06,57.666709899902344,57.94576060118932,57.54810749704933,57.83414138518472,2985800
2017-02-07,57.464378356933594,57.92481614342589,57.373682114065055,57.71552817594738,3250700
2017-02-08,57.9178581237793,58.04343307630826,57.41556363621472,57.63880740487163,3316700
2017-02-09,58.05738067626953,58.1689998836928,57.8480873438439,57.91785001380226,2806600
2017-02-10,58.4689826965332,58.50386669191761,57.92482643285903,58.03645096004881,2983800
2017-02-13,58.48991012573242,58.7410599857564,58.168997598490755,58.51781625712957,3968200
2017-02-14,58.18292617797851,58.385241544297045,57.72946106881961,58.35035756568949,2687900
2017-02-15,57.98762130737305,58.078312251226635,57.443459676599026,57.82018450288066,3687300
2017-02-16,58.329463958740234,58.720139202999626,57.98762312001327,58.05040793174738,3097800
2017-02-17,58.44106674194336,58.53176298567841,57.952722823945074,58.46897286905033,2624100
2017-02-21,59.18755340576172,59.25034353836857,58.301556265482965,58.37829680391863,5646700
2017-02-22,58.99220275878906,59.47357415309748,58.69221853549608,59.27125871668596,3464400
2017-02-23,59.29916763305664,59.34800202879363,58.75501141697305,59.152664445845666,3430900
2017-02-24,59.5782470703125,59.59917534493571,58.96432262775383,59.28524058048334,3667400
2017-02-27,59.89213943481445,60.10841053876918,59.52239265142344,59.57122703182323,3326700
2017-02-28,59.480560302734375,59.892163773001975,59.341029643071295,59.892163773001975,5778100
2017-03-01,59.29916763305664,59.641008403215565,59.08987432415528,59.29916763305663,6282800
2017-03-02,58.97826385498047,59.264292408743,58.77594837912369,59.215458005781066,3060400
2017-03-03,58.74803161621094,58.98523104664519,58.14806316120344,58.929418789772456,4177700
2017-03-06,58.48293685913086,58.67129659053648,58.20388087117231,58.643390459485595,3237400
2017-03-07,58.2038688659668,58.45501867107198,57.924812935566685,58.35734989381432,4658000
2017-03-08,57.12953567504883,57.931819881774125,57.087679127367245,57.862057194787546,4814100
2017-03-09,56.27143478393555,57.359747415921504,56.14585984004864,57.01790658299915,5604300
2017-03-10,56.09701156616211,57.00393676107581,55.797027347851895,56.71790826783098,6278800
2017-03-13,56.2365608215332,56.585379580965835,56.04819571081053,56.159820268653874,4691000
2017-03-14,56.22257995605469,56.362110590981274,55.85981095034454,56.18072342685146,4582400
2017-03-15,57.35973358154297,57.65273993909302,56.35513427274321,56.39001826306806,7177800
2017-03-16,57.24811172485352,57.63879220891713,57.14347039412654,57.29694612004273,4456700
2017-03-17,57.51322555541992,57.69460743644853,57.206263414370504,57.485319422365365,4380600
2017-03-20,57.464378356933594,57.72250071574537,57.31787518293379,57.55506927725267,2748500
2017-03-21,57.21324920654297,57.70857116116106,57.12255293090987,57.541139662182744,6969700
2017-03-22,57.18162536621094,57.31514154902112,56.60538210988617,57.280007968892015,4618000
2017-03-23,57.603240966796875,58.067043698813926,57.10429930838497,57.18862415341675,7610200
2017-03-24,57.540008544921875,57.94056775853884,57.46973603333887,57.687582427680866,4399200
2017-03-27,57.01999282836914,57.70867639756399,56.84430884618623,57.45569103430463,4556000
2017-03-28,57.26594543457031,57.35027567040187,56.6194297108762,57.15351048157751,4232100
2017-03-29,57.58919906616211,57.59622792566075,57.06917605368935,57.244860011013145,3123200
2017-03-30,57.69461441040039,57.785973505707815,57.118371205908225,57.4978492227371,4593300
2017-03-31,58.03894805908203,58.249770946969115,57.617307644756615,57.71569022938425,7167900
2017-04-03,58.207618713378906,58.32005367489097,57.84922188575042,57.87733196649086,7469000
2017-04-04,58.207618713378906,58.5870967612003,58.0459870894838,58.123288471157586,5359300
2017-04-05,58.29192352294922,58.61518665943276,58.20056981308517,58.26381881333555,4738600
2017-04-06,58.60113906860352,58.70655051293581,57.926513330905074,58.16544093403943,4711500
2017-04-07,58.68545150756836,58.94546024846533,58.516791103181674,58.741666280916775,4483800
2017-04-10,59.050880432128906,59.14223950510375,58.5800487965359,58.720593792953885,2547800
2017-04-11,59.45848846435547,59.570923427089106,58.987656670099454,59.071981551787246,3864200
2017-04-12,59.353084564208984,59.66229013366589,59.247673087216825,59.437414818092805,3526900
2017-04-13,59.21953201293945,59.48657499643576,59.14223602247475,59.33197229261109,2759500
2017-04-17,59.93632507324219,59.950377427402536,59.247641767537736,59.31089076487832,3875000
2017-04-18,60.09796142578125,60.15418157481591,59.84498147802231,59.88714390907405,2807300
2017-04-19,60.0136604309082,60.23853575503048,59.90824894990856,60.048794016940995,3622900
2017-04-20,60.02067184448242,60.06283428004526,59.59200254476329,59.90120267463925,3109100
2017-04-21,59.80280303955078,60.05578830372232,59.70442047697825,59.98551581066301,3261900
2017-04-24,59.14225769042969,60.11906019179578,58.60114802879692,60.08392125116264,6595300
2017-04-25,59.38821792602539,59.47957167138829,59.043873442800006,59.14226141047149,3412300
2017-04-26,58.94544982910156,59.46547794186816,58.79787602243414,59.34600883618349,4185400
2017-04-27,58.79086685180664,59.17736824111877,58.678426574695656,59.03682325617754,4822200
2017-04-28,58.17950439453125,58.72763752541663,57.96868148506027,58.63628379075217,5983700
2017-05-01,58.523826599121094,58.6995105192008,57.94758355571755,58.43247289080083,6003600
2017-05-02,58.425445556640625,58.741674476452864,58.20759920572322,58.59410062311063,4930000
2017-05-03,57.64543533325195,58.46763519661441,57.45569896534154,58.39736266633094,6207500
2017-05-04,57.36431884765625,57.45567792888048,56.71077436854888,57.28701748421195,8025100
2017-05-05,57.90543746948242,57.90543746948242,57.46271043463267,57.49082051315085,5458100
2017-05-08,57.49783706665039,58.031917721285865,57.17457927505338,58.031917721285865,3940600
2017-05-09,57.18864059448242,57.56811859056318,56.96376534066963,57.49081721942919,5790900
2017-05-10,57.63840103149414,57.8351716037459,57.04107653828847,57.18162694703973,3801400
2017-05-11,57.35026931762695,57.518924409158615,56.85132754081963,57.42757068488078,3542600
2017-05-12,57.118370056152344,57.46973798746376,57.069178760226706,57.35027417756567,3115400
2017-05-15,57.28702926635742,57.77894762230684,57.13243186912141,57.16756544790024,3263900
2017-05-16,56.90052795410156,57.40649867125563,56.71781511480713,57.28702949088069,4338600
2017-05-17,57.13241958618164,57.35026595670385,56.74591277256316,56.86537656533674,7243700
2017-05-18,57.44866561889648,57.59623952940589,56.731877287643655,57.041077469041944,4128200
2017-05-19,57.757869720458984,58.102208836388314,57.16756873170171,57.406501743790315,6390100
2017-05-22,57.98273468017578,58.18652871370722,57.73677821262021,57.77894064664434,3433700
2017-05-23,58.03191757202149,58.320036431888305,57.996778641122745,58.102190072370846,2960100
2017-05-24,58.50273513793945,58.537874060378805,58.08109487590133,58.10920494156344,2578500
2017-05-25,58.50979232788086,58.78385889899378,58.383299651871106,58.60114606443536,3146900
2017-05-26,58.08815002441406,58.558981774106066,57.90543719563462,58.48870925886758,3046100
2017-05-30,57.72272491455078,58.20058552873552,57.72272491455078,58.08112171555166,1865200
2017-05-31,57.757869720458984,57.99679737109775,57.532994429849026,57.821113382763414,5515000
2017-06-01,58.06004333496094,58.13031585430119,57.455690018025585,57.596235056706085,6557200
2017-06-02,58.65736770629883,58.7838603855073,58.29897088829988,58.29897088829988,3999500
2017-06-05,58.40438079833984,58.59411713139384,58.13734308773992,58.509792255125134,4919900
2017-06-06,58.12326431274414,58.453550922351525,58.038934105573915,58.43949856854688,4358300
2017-06-07,58.53086853027344,58.63627997815496,58.06003680604481,58.109228100196326,3191200
2017-06-08,58.39031600952149,58.55194760521911,57.87029301016832,58.55194760521911,2963600
2017-06-09,58.79789352416992,58.99465865829545,58.18651690905815,58.39030553979688,4950400
2017-06-12,59.324951171875,59.33900888939117,58.65735434896213,58.74870806702388,4049500
2017-06-13,59.45848846435547,59.51470862644716,59.0509003313653,59.29685683870428,2787500
2017-06-14,59.54279327392578,59.943352375194145,59.33899929448082,59.81685974524374,5317300
2017-06-15,59.84498596191406,60.00661220068793,59.24063271813155,59.28982401186041,3757200
2017-06-16,59.69035720825195,59.957394777627115,59.43034313388516,59.92225585679902,4497900
2017-06-19,59.69740676879883,59.725516845445625,59.40928786570476,59.690383270723814,4892200
2017-06-20,59.556861877441406,59.90120093458316,59.10008251346623,59.73254583578194,3194300
2017-06-21,59.437408447265625,59.725527401281575,59.05793038763863,59.55687227304175,2559700
2017-06-22,59.49361038208008,59.61307417125336,59.1211559358868,59.360088875681576,6220800
2017-06-23,59.7000617980957,60.04059387269218,59.41628146082549,59.5156037669711,3759000
2017-06-26,60.125736236572266,60.34566345122701,59.849051865664585,59.849051865664585,6417400
2017-06-27,59.586544036865234,60.1824832517818,59.55107487967912,59.827759203964135,3925300
2017-06-28,59.72846221923828,60.01223724764169,59.5440041206467,59.74974480510237,2956300
2017-06-29,59.047367095947266,59.53688259896161,58.94094879958436,59.53688259896161,3985800
2017-06-30,59.047367095947266,59.50850402575421,58.877095656702856,59.21053712606558,4206900
2017-07-03,59.79939270019531,59.91999760175728,59.14670161951357,59.28149310428143,3169500
2017-07-05,58.95514678955078,59.905810231674415,58.84163788741299,59.905810231674415,5370200
2017-07-06,57.84840393066406,58.86291502149027,57.77746019681005,58.593321255121104,4091400
2017-07-07,58.17475128173828,58.337926746172144,57.77036603201797,57.99029323773915,3249800
2017-07-10,57.64267349243164,58.359217780005686,57.60010832713487,58.30246061783606,4164100
2017-07-11,57.578819274902344,57.74198933198002,57.16733801439814,57.68523217618766,3346600
2017-07-12,58.28826522827149,58.62170132716028,57.84840540689593,57.96901029879146,3189200
2017-07-13,58.380470275878906,58.52235769551942,58.17472972853949,58.33080913773892,2556100
2017-07-14,58.94096374511719,59.04738206846436,58.678465935882265,58.735223096688856,2577600
2017-07-17,59.416290283203125,59.50851660612971,58.82744694314897,58.94096125997603,2730700
2017-07-18,59.28858184814453,59.54398361588598,59.125406391608664,59.4375653105504,3012500
2017-07-19,59.73553466796875,59.75682266003066,59.253109688440226,59.38081057751131,2949700
2017-07-20,59.45884704589844,59.87032826727554,59.43046847070073,59.77100596041345,3140400
2017-07-21,59.416290283203125,59.572369762510064,59.13250990379602,59.50142602082342,2967100
2017-07-24,59.30278015136719,59.473051638623815,59.0331917488689,59.40210789193067,2659300
2017-07-25,59.38081741333008,59.43757457337547,58.97643212016285,59.345348247797226,2785000
2017-07-26,59.79228210449219,59.99802269304131,59.2672920514774,59.40208891599628,2976800
2017-07-27,59.863243103027344,60.111554327776176,59.224743989846786,59.57946812501854,2828800
2017-07-28,59.7000617980957,60.06188186343172,59.579456913870274,59.87742383230712,3024500
2017-07-31,59.77811813354492,59.86324846951483,59.309879635065435,59.76392613577577,2967600
2017-08-01,60.04770278930664,60.30310460653543,59.57237373438787,59.96256704601008,3142900
2017-08-02,59.501426696777344,59.91999856634601,59.30277664007327,59.91999856634601,2192000
2017-08-03,59.38081741333008,59.72135496094175,59.16798618215088,59.39500940967177,2032500
2017-08-04,59.579463958740234,59.692972859474146,59.23892643121776,59.36662732745614,2068700
2017-08-07,59.51559829711914,59.67167773890608,59.28857513069975,59.59363801801261,1642700
2017-08-08,59.23182678222656,59.53688971484318,59.08284331457566,59.40209824182191,2324400
2017-08-09,59.03319549560547,59.30278391521407,58.91968657622442,59.27441074486475,4508400
2017-08-10,58.60750579833984,59.011890983821566,58.60750579833984,58.90547269024022,4190800
2017-08-11,58.245704650878906,58.66428196464305,57.98321224261457,58.62171138581183,2692800
2017-08-14,59.217655181884766,59.331164104338534,58.38760190383527,58.486924240730346,2160200
2017-08-15,59.04026794433594,59.10411567114599,58.650069349410835,59.10411567114599,2260000
2017-08-16,59.2744026184082,59.458855263696805,59.11122714163387,59.11122714163387,2945300
2017-08-17,58.905460357666016,59.416263729786195,58.87708179114177,59.203427187183415,2053900
2017-08-18,58.30955123901367,58.84872799191998,58.13927976820709,58.75650167139505,2011600
2017-08-21,58.93387222290039,59.03319455552512,58.22442389691741,58.316650230737174,2487600
2017-08-22,58.76359558105469,59.118319680306264,58.60751611135836,58.94095763068047,1835300
2017-08-23,59.36662292480469,59.43756665908471,58.63589217766648,58.78487564345252,1889800
2017-08-24,59.18216323852539,59.82776365162467,59.14669407870246,59.48722615883366,2012200
2017-08-25,59.46595001220703,59.68587722993978,59.104129901856055,59.37372369150049,2147300
2017-08-28,59.01190185546875,59.55108400632994,58.82744380678935,59.49432685094239,2072000
2017-08-29,58.94804000854492,59.20344175746072,58.884192277645695,58.92675743157851,1401700
2017-08-30,59.281490325927734,59.28858632352838,58.61461269329473,58.8487264875132,2054100
2017-08-31,59.62202453613281,59.78519458326695,59.331148189918096,59.444662494585295,3212700
2017-09-01,59.8277587890625,60.07606453828099,59.55816505048867,59.6362047734801,3385900
2017-09-05,59.66459274291992,60.07607399937529,59.36662579693234,59.891615951195256,3705200
2017-09-06,59.820674896240234,60.22506017326163,59.72844857434429,59.78520031946307,3330500
2017-09-07,60.20376968383789,60.30309199057429,59.8490456133051,59.941271923086106,2313000
2017-09-08,60.2534294128418,60.47335659932202,59.990931658295345,60.04059281048958,2334500
2017-09-11,60.806793212890625,60.870646353545254,60.303085734509715,60.388221451162806,2352600
2017-09-12,60.09024429321289,60.87064143448635,59.870317142122424,60.71456200623166,3991300
2017-09-13,59.93418502807617,60.13282965377666,59.728444404983485,60.104451076868,1840100
2017-09-14,60.43080520629883,60.45918378725264,59.714260922032366,59.856153826801446,2839400
2017-09-15,60.54430389404297,60.572682470204825,60.00512718494756,60.39532042868819,3172800
2017-09-18,60.21796417236328,60.6365414451388,60.02641553069345,60.53012312747313,3442200
2017-09-19,59.820674896240234,60.28181733104089,59.778109734236025,60.26762533526583,2916500
2017-09-20,59.657501220703125,60.06189192258579,59.39500883021029,59.976756183348286,2741300
2017-09-21,59.54399108886719,60.0406026925466,59.536895090911614,59.65040940755864,6278500
2017-09-22,59.12397766113281,59.83355535755726,59.08814388356566,59.61136187611574,4549600
2017-09-25,59.46800994873047,59.71169929797404,59.12397181463884,59.12397181463884,5536300
2017-09-26,59.56834411621094,59.761861777458535,59.42499810553122,59.58267652995899,3099300
2017-09-27,59.03078079223633,59.56116752559208,58.82292527563631,59.44649182543636,3812800
2017-09-28,59.43217468261719,59.48951528685217,58.90895670680065,58.90895670680065,4114300
2017-09-29,59.55403137207031,59.61854093191569,59.21716755795193,59.346181209340585,4245200
2017-10-02,59.46800994873047,59.67586552395032,59.37483010600741,59.64719522375096,4533800
2017-10-03,59.38199996948242,59.51818253046716,59.2458228767984,59.46084192917878,6710800
2017-10-04,59.68304061889648,59.726048811720126,59.224326662990045,59.43218227868229,4137400
2017-10-05,59.89803314208984,60.19906298934328,59.75468715814975,59.76185062953762,3398700
2017-10-06,59.704532623291016,59.75470427887495,59.2028105991514,59.58268248690119,2594800
2017-10-09,59.847877502441406,59.998392466311394,59.66869224045804,59.73319630998794,2248200
2017-10-10,60.027076721191406,60.43561899477074,59.84789141754606,60.03424566446164,6012600
2017-10-11,60.227760314941406,60.414114552353574,60.07007638084659,60.07724532375123,2944800
2017-10-12,60.61478805541992,60.61478805541992,60.156074238473884,60.24924860281291,2787500
2017-10-13,60.772491455078125,60.923006461905445,60.49296280407,60.83699554301764,2662600
2017-10-16,60.47145080566406,60.851322727744936,60.421279145545846,60.72947804864368,1972300
2017-10-17,60.54312896728515,60.57896274567005,60.29227064538575,60.40694639183921,2191300
2017-10-18,60.478614807128906,60.70080827670496,60.35677012696516,60.47145133297872,1935900
2017-10-19,60.2994499206543,60.59331650924074,60.091594265671795,60.46430284298618,1838700
2017-10-20,59.95539855957031,60.27792989119383,59.72604160927556,60.24925958886936,2929900
2017-10-23,59.72603225708008,60.08440277756903,59.65435924664233,60.02706218189875,2618800
2017-10-24,59.367671966552734,59.8048845143517,59.15981637265641,59.61136133769255,2521400
2017-10-25,59.19564056396485,59.39633265089376,58.78709838509924,59.1168040794752,3490900
2017-10-26,58.708274841308594,59.489520131503895,58.49325029206692,59.35333755243074,3916400
2017-10-27,58.97345352172851,59.12396848808106,58.29971517570254,58.67242358902342,2979900
2017-10-30,58.92328643798828,59.159812318451024,58.672428141270565,58.672428141270565,3061000
2017-10-31,58.91611862182617,59.0236308848461,58.40723307638609,58.93045650665595,4422700
2017-11-01,59.20281219482422,59.331825808131626,58.88028089570594,59.01645798264674,3507700
2017-11-02,59.704532623291016,59.94822195947,59.29599043687893,59.381995864565475,5159300
2017-11-03,59.55403137207031,59.783393835252,59.15265799810656,59.410685300883856,2458400
2017-11-06,59.95539855957031,60.12024596255974,59.56835768064147,59.604196925622325,3156300
2017-11-07,60.44277572631836,60.636293409104795,59.97689293730606,59.9840618791279,3992500
2017-11-08,60.74381256103515,60.779651805913694,60.37110956848302,60.39977440242463,2058200
2017-11-09,60.808319091796875,61.17385862475357,60.35677411694536,60.52162699441249,3856400
2017-11-10,60.872833251953125,61.07351992264245,60.38544899386405,60.50013021614461,3657400
2017-11-13,61.18101501464844,61.26702590719691,60.81547555669258,60.90865539069512,3487200
2017-11-14,61.05201721191406,61.22403357323344,60.944504935476374,61.009014488659595,4039200
2017-11-15,60.43561172485352,61.066341949224835,60.39977248111502,60.95883515461103,5171100
2017-11-16,60.93732452392578,61.00183406496848,60.27792403938095,60.28509298134136,5137200
2017-11-17,60.67212677001953,60.97315667775835,60.60045376364837,60.78680248655342,2782600
2017-11-20,60.49294662475586,60.772475201001875,60.39260331370859,60.7151346037462,3613800
2017-11-21,60.94450759887695,60.98034684868961,60.57180455501348,60.6649789489039,3056900
2017-11-22,60.808319091796875,61.016174690211415,60.6578041001797,60.82982592057182,2347400
2017-11-24,60.88716506958008,60.987508403934264,60.83699340240298,60.85850023259454,1255000
2017-11-27,60.600467681884766,60.95883826434819,60.57896085356401,60.9516693215746,2218000
2017-11-28,60.37112808227539,60.65065677948678,60.05576012919476,60.571814791216624,2946800
2017-11-29,60.392608642578125,60.528785737700815,60.03423808055905,60.22058683563238,4633900
2017-11-30,60.48577117919922,60.67212536609199,60.30658593326764,60.58611447945693,4849800
2017-12-01,60.629119873046875,60.85848224756232,60.09873305272986,60.55744686516079,4664700
2017-12-04,60.32810974121094,60.99467932289716,60.313777322253955,60.750989922515984,4484100
2017-12-05,59.826393127441406,60.421289678477486,59.812055240164845,60.02707980289893,4372600
2017-12-06,59.769039154052734,60.04856774213961,59.48951056596585,59.7331999121747,3967900
2017-12-07,59.9195442199707,59.97688481017471,59.568342674495575,59.9195442199707,4049100
2017-12-08,60.227760314941406,60.33527258530616,59.88372761173564,60.15608729079864,3448600
2017-12-11,60.2205924987793,60.31377235337941,60.09157886558795,60.24209932789562,5326200
2017-12-12,60.51444625854492,60.67929910388584,60.01989319082234,60.53594761482848,4732000
2017-12-13,60.61478805541992,60.90148555808621,60.500112335333434,60.650627293865725,3887100
2017-12-14,60.600467681884766,60.83698811040177,60.47861752793835,60.6506393446976,4901000
2017-12-15,60.98033142089844,61.1021760901524,60.65779465909042,60.679301484517936,4909500
2017-12-18,61.381717681884766,61.740088292109824,61.102189043373336,61.10935798670227,5169400
2017-12-19,60.07723617553711,61.417543942947525,59.96972392154369,61.403206059321526,5259200
2017-12-20,59.38199996948242,60.27075741624955,59.374831027246195,60.105910022921336,7831900
2017-12-21,59.152000427246094,59.64693558171576,59.08649699870853,59.64693558171576,4701300
2017-12-22,59.55959701538086,59.64693491912741,59.11561082793479,59.18839426539702,6484400
2017-12-26,59.85801696777344,60.018143878569234,59.45042523339933,59.574157645188485,2874500
2017-12-27,60.05452728271485,60.280157586413125,59.90895486660315,60.280157586413125,4341500
2017-12-28,60.37478256225586,60.43301153551939,59.90896188218868,59.96719085545221,3172900
2017-12-29,60.3966178894043,60.61496819261058,60.30199442696348,60.49123579882501,2957300
2018-01-02,60.17098617553711,60.5349089256778,59.974470333790144,60.44029100972859,4639500
2018-01-03,59.99629211425781,60.36021478738736,59.8725597381184,60.21464793934326,5516900
2018-01-04,58.962764739990234,60.03269849950377,58.948204720488874,60.010858470251726,4734100
2018-01-05,58.99186706542969,59.122879448833125,58.8390146572763,59.07920495235247,5742900
2018-01-08,59.297584533691406,59.39948247794029,58.984610689777995,59.07195416471482,4763200
2018-01-09,58.5333366394043,59.48681806708101,58.51150216181993,59.31941115056623,4631000
2018-01-10,57.87826919555664,58.395044364704496,57.57985544112587,58.30042089989309,6244400
2018-01-11,57.681766510009766,58.176701763383704,57.623537526548944,58.016574835377206,5067100
2018-01-12,57.2159423828125,57.67448310629579,57.11404444426066,57.52163619846803,5154600
2018-01-16,57.32511901855469,58.249480455099864,57.310558997368815,57.4270169547716,5760800
2018-01-17,57.72542953491211,57.790938522824305,57.28144329946824,57.56530262337223,5560300
2018-01-18,56.98301696777344,57.572569964138886,56.932068011951976,57.50706654366259,4548200
2018-01-19,57.288719177246094,57.29599918716028,56.91751641391045,57.07764331389918,4546800
2018-01-22,57.812767028808594,57.84188151453736,57.3105518677729,57.37606084891773,4767400
2018-01-23,58.6134147644043,58.62797478845231,57.98019254386917,58.0748104880927,4599700
2018-01-24,58.30771255493164,58.67163536176406,58.103916671588905,58.53334291820091,6242500
2018-01-25,58.205806732177734,58.307704660052096,57.82732395462674,58.205806732177734,4765000
2018-01-26,58.00202941894531,58.28588881634453,57.66722104132118,58.20582533984502,4966400
2018-01-29,57.22322845458984,57.85645063222914,57.18683394995739,57.84917617372006,5280200
2018-01-30,56.80834197998047,57.201373652832345,56.713718513572886,56.968463321169594,6937600
2018-01-31,57.82731628417969,57.84915631127346,56.78649711350377,56.968458468146274,8845500
2018-02-01,56.58271026611328,58.03840133431392,56.48081233558089,57.56530062654457,7313200
2018-02-02,56.10232162475586,56.48079876824435,55.63650103906877,56.1605505862216,11151800
2018-02-05,54.43557357788086,56.43714899580672,54.362790127833264,55.82575579876011,8861900
2018-02-06,54.44285202026367,54.733985812066315,53.19823118231652,53.533045038327586,12554100
2018-02-07,54.209938049316406,55.258031846740025,54.173543551251235,54.42828837864515,7480000
2018-02-08,52.652339935302734,54.537462636751535,52.60139097326468,53.96974404460738,11116900
2018-02-09,53.96975326538086,54.399179511209354,52.441278590077765,52.97988278836105,12718500
2018-02-12,53.99159240722656,54.319120739850376,52.48495208171777,54.290006246480424,15209300
2018-02-13,54.370059967041016,54.52291241808397,53.51120200218746,53.867850317259936,8766100
2018-02-14,53.977012634277344,54.04251604888738,53.24916730028559,53.9042236584628,8225700
2018-02-15,54.50107192993164,54.59569540388059,53.90423881041525,54.05708570715497,7359200
2018-02-16,54.79948043823242,55.07605968915611,54.45739221420965,54.668468045053906,7002400
2018-02-20,54.15169906616211,55.0833402930434,54.08619009235529,54.63207414432664,5766000
2018-02-21,53.08176803588867,54.24631962653283,53.081768035888665,54.15170171864362,7852900
2018-02-22,53.685882568359375,54.08619423868167,53.227336375617995,53.33651430498595,7412700
2018-02-23,54.54475402832031,54.5593084977881,53.80234836596772,53.8824118305944,6884100
2018-02-26,54.69758987426758,54.850436761336525,54.32638711823133,54.81404226550183,6336100
2018-02-27,53.423858642578125,54.843155088772605,53.409298623477525,54.806766147061616,7635400
2018-02-28,53.38747024536133,54.11531579895322,53.38747024536133,53.613106143029015,9175500
2018-03-01,53.43840789794922,54.07891540343445,53.00898177769863,53.27100656575718,8794700
2018-03-02,53.41657257080078,53.47480153455429,52.85613406547725,53.18366226880638,8408100
2018-03-05,54.02069854736328,54.27544338368186,53.23462400699085,53.27101850633105,5558100
2018-03-06,54.27543640136719,54.39189434185724,53.634934387732606,54.108029500167795,6039100
2018-03-07,54.61025619506836,54.6539251554734,53.99886853731214,54.027983028589304,9868300
2018-03-08,54.71214294433594,54.84315535176832,54.435563663321034,54.73397742007129,6381300
2018-03-09,55.010555267333984,55.01055526733398,54.35549331337007,54.71213599546503,6293400
2018-03-12,55.250755310058594,55.38176217091264,54.864992525357415,55.04695390279322,6661400
2018-03-13,55.30170440673828,55.687461639347475,55.11246301890375,55.43271682092825,4877100
2018-03-14,55.35265350341797,55.57100382557884,55.1197431613007,55.25075557580545,5945100
2018-03-15,55.33808898925781,55.54188482793187,55.04694969700054,55.44726691798181,5680500
2018-03-16,55.72385025024414,55.79663924337531,55.14885163323517,55.27258958974585,4951000
2018-03-19,55.24348449707031,55.6656362957263,54.89411615090155,55.65107627341597,3999400
2018-03-20,55.05424118041992,55.592845373885034,54.84316528836789,55.20708809128078,5677000
2018-03-21,54.646636962890625,55.20707550831019,54.35549767631344,54.98872520814231,5905400
2018-03-22,54.326393127441406,55.294429072309256,54.30455864873358,54.51563453127762,5605700
2018-03-23,53.35835266113281,54.4646809480977,53.22006579002762,54.31183405707371,9530900
2018-03-26,53.96540451049805,54.060942496836034,53.41421217474069,53.67143414335711,6979200
2018-03-27,54.171180725097656,54.8840570252324,53.40686003253145,54.03889434355701,9132000
2018-03-28,55.53078842163086,55.63367720851437,54.266719774755295,54.36226336758882,8917300
2018-03-29,55.46464538574219,55.81740532192889,55.236821026662525,55.68511894410435,5993400
2018-04-02,54.71502304077149,55.611630127900675,54.347561487490225,55.36910415705065,6487700
2018-04-03,55.178016662597656,55.42788777527511,54.44309370952209,54.80320438656431,9987300
2018-04-04,55.75862503051758,55.92030342412282,54.74442742915408,54.869368634103125,5502800
2018-04-05,55.73653793334961,55.84677746579844,55.25884263776391,55.79533309825772,4195900
2018-04-06,55.31766128540039,56.03788841672977,55.13393050370619,55.6116316575148,4817500
2018-04-09,55.14128112792969,55.58223388117656,55.0530939414914,55.35440950685301,4466300
2018-04-10,55.082489013671875,55.47934819590037,54.99430182230029,55.37645940128766,7318500
2018-04-11,55.20005798339844,55.61896380085466,54.928134499183614,54.97957887651976,3892500
2018-04-12,54.58272933959961,55.295605554515426,54.421050987726886,55.288260361487744,4049600
2018-04-13,54.86935806274414,54.91345165186677,54.4504465380074,54.53128852274418,3817100
2018-04-16,55.2074089050293,55.39113962549823,54.80319907719101,54.935485420209304,4279000
2018-04-17,55.85416412353515,56.16283052695431,55.16333450986636,55.33236931574969,4503600
2018-04-18,55.73653793334961,56.0599057333287,55.729192742997746,55.98641458070132,4122900
2018-04-19,54.92813873291016,55.611617288495005,54.53863047348319,55.55282210786002,6917900
2018-04-20,54.42106628417969,55.0898434938187,54.34756947710403,54.869369893649214,5171200
2018-04-23,54.37694549560547,54.66356498697616,54.13442519238044,54.44309147431551,4325700
2018-04-24,54.58272933959961,54.81055928486211,54.274063021909534,54.421050987726886,5852200
2018-04-25,54.47984313964844,54.68562630151009,54.053592036193905,54.406351956778195,4055400
2018-04-26,55.19271087646485,55.50137716112837,54.56802750787905,54.64151867941556,5551000
2018-04-27,56.140777587890625,56.3245083708349,55.0971880864516,55.16332847694265,6278700
2018-04-30,55.920291900634766,56.37594620785934,55.90559590679688,56.16281785159387,6625500
2018-05-01,56.427398681640625,56.53763827578224,55.810065925677456,55.912954718337986,5251600
2018-05-02,56.22160720825195,56.46413313405013,55.72921016400762,56.30244918351801,5361800
2018-05-03,56.18486404418945,56.42003919220225,55.97174129722413,56.04523247966229,5839500
2018-05-04,56.80219650268555,56.9491788525293,56.15546631354889,56.15546631354889,3746600
2018-05-07,57.184356689453125,57.250502674933,56.84629278316014,56.88304117587312,4670300
2018-05-08,56.897735595703125,57.177009915758774,56.71400485125277,57.177009915758774,4311600
2018-05-09,57.279911041259766,57.294607036898576,56.70667189203078,56.78016308426194,4685300
2018-05-10,57.72820663452149,57.83844060414287,57.37544111067971,57.4930314876329,3664000
2018-05-11,57.529788970947266,57.96339658795343,57.441601772723054,57.75761337571877,2694500
2018-05-14,57.037384033203125,57.61062317210672,56.76546045912542,57.48568758686229,3536200
2018-05-15,56.111366271972656,56.750751258832,55.94233713291763,56.750751258832,5134300
2018-05-16,55.942359924316406,56.40535955424773,55.86151791808752,56.22162874136744,4400400
2018-05-17,55.663082122802734,56.11138572759067,55.545497325344094,55.920304123823904,3998100
2018-05-18,55.73653793334961,55.942321010528005,55.48666689301343,55.729192742997746,3343800
2018-05-21,56.397987365722656,56.493530940682845,55.56017562524725,55.86149673547967,3671500
2018-05-22,56.47883224487305,56.55232342453169,56.162815126025016,56.390645072089704,3470800
2018-05-23,57.04475784301758,57.221137893740746,56.434770059116595,56.44212086327777,3983200
2018-05-24,56.92713928222656,57.27990481642565,56.618472944188575,57.05942565667397,3173500
2018-05-25,57.12556457519531,57.33868730101436,56.897734643119406,56.978576617885494,3597300
2018-05-29,57.397483825683594,57.493027401922745,56.824244796318176,56.985928749629934,4611800
2018-05-30,58.176513671875,58.35289364101202,57.19906463033323,57.36074860496638,4901800
2018-05-31,57.97808837890625,58.19856757250906,57.75760918530344,57.99278998222314,5430500
2018-06-01,58.23529052734375,58.37492767618896,57.640004757242615,57.75758950862525,7233800
2018-06-04,58.742393493652344,58.757089486034104,58.13975687968851,58.35288521483658,5391500
2018-06-05,58.58805465698242,59.01431128591681,58.470464301269445,58.95551610806032,5543000
2018-06-06,58.72769927978515,58.72769927978515,58.29409179665808,58.588062116351736,4006100
2018-06-07,58.72769927978515,58.88203243604539,58.37493377474927,58.73504447268982,3353300
2018-06-08,58.94083786010742,58.992282259357886,58.63952226650299,58.77180866557833,2773200
2018-06-11,58.85263442993164,58.99226598536666,58.74239485994377,58.87468122252572,4168300
2018-06-12,59.20539855957031,59.359731725783554,58.66155707762588,58.815890243839114,3287900
2018-06-13,58.051570892333984,59.30828865107217,57.919284517360595,59.20539987131709,7230900
2018-06-14,58.60275650024414,58.80118884357184,58.2426458121904,58.2426458121904,4458200
2018-06-15,58.56603240966797,58.98493841516246,58.448442004677666,58.58807920884887,11131800
2018-06-18,58.58232879638672,58.63425010511731,58.18179056089428,58.433978157871984,6391600
2018-06-19,58.52299880981445,58.80485658395174,58.404318278178195,58.404318278178195,11275400
2018-06-20,59.17570877075195,59.257300199460495,58.530401946054134,58.567485357923125,7327500
2018-06-21,59.45758819580078,59.53176069858113,59.05704988998784,59.33890766415285,3719700
2018-06-22,59.92489242553711,59.96197585508208,59.31666872279582,59.5836943151213,4391700
2018-06-25,59.76914978027344,60.00650531830992,59.40569469155945,59.8210711273751,5904500
2018-06-26,59.961971282958984,60.20674566709327,59.61335990861617,59.88779877052434,3751000
2018-06-27,59.7320442199707,60.273514398265235,59.71721197874384,60.11775039987935,4559900
2018-06-28,60.26609420776367,60.34026673037308,59.66528941792651,59.732042990574755,3896700
2018-06-29,60.414432525634766,60.6740448143601,59.79879556342923,60.154825895909525,5235400
2018-07-02,60.08063507080078,60.48117331701926,59.39823909235377,60.46633542327133,7926500
2018-07-03,60.533103942871094,60.9558934357782,59.961963784646166,60.11031444996399,7325300
2018-07-05,61.252567291259766,61.2822374137558,60.481161083354415,60.71109745895219,7214700
2018-07-06,61.57896041870117,61.682808732753195,61.371275108597665,61.40836419640198,7887400
2018-07-09,61.089412689208984,61.66054724905596,60.777884747474275,61.66054724905596,6621300
2018-07-10,61.21550369262695,61.36385436682973,60.8446354956194,61.200671454706466,4561900
2018-07-11,61.01522064208984,61.348999664363554,60.95588038866402,61.1413144363712,5127900
2018-07-12,61.20068359375,61.30452625678915,60.88173665470098,61.20809688468086,4042100
2018-07-13,61.01522064208984,61.48993135150039,60.97071262252146,61.23032481650994,5013800
2018-07-16,60.6888542175293,60.97071192960166,60.3476562527055,60.90395838950478,3023900
2018-07-17,60.2883186340332,60.86687197614256,60.22156509101976,60.78528053979399,4031200
2018-07-18,60.02130889892578,60.41442829052309,59.74687004916901,60.199329711686595,5185600
2018-07-19,60.725955963134766,60.93364123210862,59.82103672632087,59.99163291483546,4358700
2018-07-20,60.13999938964844,60.67405059827887,59.9768164471224,60.51828094659446,3265500
2018-07-23,60.01388931274414,60.21415563233879,59.65785338357697,60.11031299862318,4379600
2018-07-24,59.70975875854492,60.10287800393797,59.56141379541466,59.99903539794726,4174900
2018-07-25,60.18449401855469,60.28833666696828,59.62819169105338,59.73945328835363,4521400
2018-07-26,60.38475036621094,60.688859283701944,60.11772486553674,60.266069850800875,4385400
2018-07-27,59.73944854736328,60.53310624525291,59.68010827897914,60.49601716276295,4788000
2018-07-30,59.77653121948242,59.917462940373426,59.33149053019431,59.71719661084356,4002000
2018-07-31,60.777889251708984,61.05232812876633,59.96197459288915,59.96197459288915,5737300
2018-08-01,61.20808410644531,61.215503054828055,60.17707098222632,60.340253892649386,7798900
2018-08-02,60.96331405639648,61.31193105570903,60.82980128344698,61.08198893290748,4748200
2018-08-03,61.62345504760742,61.65312517959508,60.9336400411417,60.992980305117015,4342700
2018-08-06,61.54186248779297,61.84597143192519,61.39351183053425,61.65312406598727,4655000
2018-08-07,61.43061447143555,61.84598508546209,61.11908651091563,61.653137676949875,3047100
2018-08-08,61.07456970214844,61.41577341066268,60.93364364063103,61.39351656610789,2415400
2018-08-09,61.10422897338867,61.304500925783785,60.96330293692369,61.074558844922784,3720900
2018-08-10,60.63694381713867,61.19324605399316,60.52568223796798,61.18582710631538,4524100
2018-08-13,60.518280029296875,60.7111331092682,60.36251603897408,60.57020701840503,2755400
2018-08-14,60.81496810913086,60.97073207983337,60.51085911652115,60.51085911652115,3249400
2018-08-15,61.28226089477539,61.35643339993694,60.68145058726819,60.85205244223922,5202600
2018-08-16,61.77921295166016,61.786631898680945,61.23774299911247,61.289664310261,3329800
2018-08-17,62.35035705566406,62.35777600383682,61.6457097722353,61.6457097722353,4698400
2018-08-20,62.394874572753906,62.713821484685376,62.30586415814505,62.43195800125743,4629200
2018-08-21,62.01658630371094,62.417124673970655,61.868241274281466,62.30586307239849,3149000
2018-08-22,61.66794967651367,62.03881779131541,61.43801325621606,61.95722635333916,2954900
2018-08-23,61.51219177246094,61.7866362415353,61.48994058883307,61.675374664397104,2528800
2018-08-24,61.87565994262695,61.883078892443315,61.4157869160238,61.512210627634,3897100
2018-08-27,61.65311050415039,61.97947056033226,61.44541962967396,61.92754925646258,4479000
2018-08-28,62.48387145996094,62.49129040832749,61.57895216522535,61.74213507529236,4653100
2018-08-29,62.49869918823242,62.63221194211039,62.35776748719496,62.47644800575253,3564900
2018-08-30,62.09818649291992,62.58031639480923,62.0462651594242,62.56547849438135,2968300
2018-08-31,62.34293365478515,62.47644640524282,62.09815933577971,62.14266169959944,3305800
2018-09-04,61.6011962890625,62.35776475522571,61.52701813871456,62.20200082569206,4718600
2018-09-05,61.95722961425781,62.17233381124393,61.252582422647,61.57894253273058,5407700
2018-09-06,62.135257720947266,62.305859588351474,62.038834023109985,62.053671920623295,3760300
2018-09-07,61.46027374267578,61.97207362946754,61.39351452922507,61.97207362946754,4234400
2018-09-10,61.73472595214844,62.08333732290942,61.645715542741435,61.749558190882986,3089200
2018-09-11,61.72731018066406,61.934995487637664,61.475116837195976,61.57154620043386,3980300
2018-09-12,61.75697326660156,61.912737229045,61.54928798334364,61.74213536979768,2827800
2018-09-13,62.06106185913086,62.253914841241894,61.81628757325891,62.01655950133512,3813600
2018-09-14,61.66794967651367,62.02398555668261,61.222909070551246,61.9720642469703,5215800
2018-09-17,61.86823272705078,61.99432655054571,61.4676944121263,61.66054179194229,4414700
2018-09-18,61.571537017822266,61.957237436250914,61.46769437982228,61.78664124196493,8039400
2018-09-19,60.85206604003906,61.623472715893854,60.75564232768246,61.60122152527315,4410600
2018-09-20,61.423187255859375,61.46027633812038,60.65178074862573,60.859471686688174,4308300
2018-09-21,61.400936126708984,61.71988299384963,61.24517216726812,61.33418256937694,7292200
2018-09-24,60.29832458496094,61.38139476829898,60.05012004489554,61.25353391007229,4111200
2018-09-25,60.30582809448242,60.636767374746874,60.23061618668616,60.31335100675228,4781800
2018-09-26,59.58378601074219,60.38104259657841,59.55370009867088,60.29830777295756,8971900
2018-09-27,59.86960220336914,60.147892626442726,59.704132532260616,59.88464803072545,4942200
2018-09-28,60.68189239501953,60.68189239501954,59.892153030118685,59.95232485070746,6092300
2018-10-01,60.11781311035156,60.78720904142785,60.110290195872494,60.62173935270294,7215600
2018-10-02,59.982418060302734,60.31335737551256,59.89216031843605,60.132841891779194,5746700
2018-10-03,59.34311294555664,60.18549565090969,58.99713351467209,59.98242288824117,7104300
2018-10-04,58.846702575683594,59.155078907711385,58.463120061900014,59.10242998984099,6759300
2018-10-05,58.81660842895508,59.18515654077333,58.77900534333952,58.86174016531497,4971600
2018-10-08,59.666526794433594,59.89216255005561,58.81661547384947,58.90687321907921,5246900
2018-10-09,59.74925994873047,60.01250452538245,59.388234716249606,59.681565207133445,5852000
2018-10-10,58.86174392700195,59.93729094311715,58.84669810115349,59.60635163406594,8837400
2018-10-11,57.17697525024414,58.95952713617205,57.10928623930738,58.95952713617205,12471700
2018-10-12,57.02652740478515,57.96669041642979,56.69558818843036,57.79369789743534,10167900
2018-10-15,57.41011047363281,57.94412232870878,56.95883341537275,57.003959399709025,8526800
2018-10-16,58.59097671508789,58.70379745626693,57.25218512345972,57.51542969400999,5315400
2018-10-17,58.365333557128906,58.66618694553546,57.95166516908336,58.53080320766757,5088900
2018-10-18,58.25250244140625,58.80156020780522,58.07951564724362,58.357800247844395,6818700
2018-10-19,58.75642776489258,58.944460361215874,58.29010486022299,58.29010486022299,5357300
2018-10-22,57.9366340637207,59.10243908813255,57.9366340637207,58.80910853794164,7499300
2018-10-23,58.19235610961914,58.56089855719827,57.49287430763311,57.741073085136264,6988400
2018-10-24,58.741397857666016,59.2528468877566,58.22994882757544,58.34276956359414,6016200
2018-10-25,59.4935302734375,59.81694666619423,58.56088992109532,58.81661157484189,6215700
2018-10-26,58.064491271972656,59.55371267329248,57.67338580906665,59.55371267329248,11721400
2018-10-29,58.80158233642578,59.207733630518625,58.4330398751998,58.455602879599034,7159600
2018-10-30,59.60634994506836,60.05762715661371,58.741398608930815,58.89182817164664,9053000
2018-10-31,58.906864166259766,59.704120709211146,58.79404343663629,59.58378280569994,8322000
2018-11-01,59.18515396118164,59.30549186352771,58.688745050964954,58.95198959200382,6062700
2018-11-02,58.696285247802734,59.31303224198347,58.02688932991031,59.29798641332167,7609100
2018-11-05,59.568748474121094,59.76430406064427,58.80157769360986,58.81661778258774,6753000
2018-11-06,59.86960220336914,59.89216520610179,59.4784967666323,59.62892061038451,4127900
2018-11-07,60.584136962890625,60.606699968288325,59.80943743498722,60.1328539017267,7559200
2018-11-08,60.62923812866211,60.67436412096549,60.132829260124275,60.48633150196786,3559700
2018-11-09,60.621734619140625,60.824813126101354,60.29080100583371,60.561562784611375,3388500
2018-11-12,60.74207305908203,61.24599921870344,60.576603397522405,60.70446423116339,4969800
2018-11-13,60.68189239501953,61.020348843805245,60.31335003593944,60.78719021189956,4882600
2018-11-14,60.53146743774414,60.922572787577586,60.245654164499946,60.764626065242894,4545800
2018-11-15,60.11781311035156,60.38105773409464,59.51610619467959,60.35097181448079,6413700
2018-11-16,60.764652252197266,60.85491002027169,59.94482663918792,60.00499848457087,4347600
2018-11-19,60.84737014770508,61.291124472554344,60.478827739472464,60.86993314885993,7117500
2018-11-20,60.22309494018555,61.027874426297295,60.215572027707616,60.546511317125834,5295700
2018-11-21,60.275760650634766,60.77968689939048,59.96739001270309,60.215588810642366,4139600
2018-11-23,60.15540313720703,60.43368776460174,59.80190086514286,60.080185492537574,2815500
2018-11-26,60.268211364746094,60.53146161494788,59.98992676857847,60.37350916950682,4422200
2018-11-27,60.52394104003906,60.531463951612366,59.97488326119175,60.21556478683573,5183600
2018-11-28,61.06549072265625,61.118139639842354,60.28327413996158,60.54651872589209,8681300
2018-11-29,61.08052062988281,61.38137399435603,60.66685227474519,61.02787172147254,5681000
2018-11-30,61.659671783447266,61.71232069819554,61.02035615511645,61.2309575524109,6641000
2018-12-03,61.9906120300293,62.09590987085608,61.34377915734939,62.03574377488503,7407000
2018-12-04,61.072998046875,62.148544957310214,60.91505132079298,61.9379493225342,9346700
2018-12-06,62.58479309082031,62.66000501103573,60.185494389327154,60.734552309672914,15059500
2018-12-07,61.76496505737305,62.494526896988845,61.531800676426926,62.381711901064335,9987800
2018-12-10,61.3663215637207,61.855207511071455,60.606673929623405,61.802558608329065,5804300
2018-12-11,61.396427154541016,61.96804809493515,61.396427154541016,61.71984358601774,5108800
2018-12-12,60.44873046875,61.86273374572122,60.36599565452452,61.764958846318535,6943900
2018-12-13,60.7981071472168,61.27000242406159,60.47082615665198,60.52410418735463,6131600
2018-12-14,60.623016357421875,60.897019150540885,60.31095536258832,60.569738359141304,10390400
2018-12-17,58.33967590332031,60.88180636635792,58.20267447791384,60.69152693145268,20329300
2018-12-18,58.94096755981445,59.33674628274747,58.659351867719984,58.97901996780453,9575700
2018-12-19,58.29398727416992,59.3671657500236,58.058042704386104,58.95616159800724,10760000
2018-12-20,57.41870880126953,58.39293831871304,57.00009183352461,58.217878730328984,13284100
2018-12-21,56.61954498291016,58.62128243440354,56.56626697642531,57.54810950181803,16609300
2018-12-24,54.60258483886719,56.57388279771633,54.55691963283441,56.38360336342308,9335800
2018-12-26,56.42926406860352,56.42926406860352,54.100245836816505,54.71674929655612,16977000
2018-12-27,56.421661376953125,56.48255219563038,54.81570232726584,56.01065706118372,12102300
2018-12-28,56.60433197021485,57.22083552014662,56.17049506343546,57.01533627245866,12729300
2018-12-31,56.75654602050781,56.87071483560147,55.78992910736476,56.55865379480328,15750600
2019-01-02,55.52354431152344,56.094382693644114,55.20387621118426,55.98782666019772,12880400
2019-01-03,55.91172409057617,56.7565654823516,55.340885626234346,55.38655084518357,12264300
2019-01-04,56.5662727355957,57.099052854688054,55.78993516108002,56.12482303299473,9389000
2019-01-07,57.12189865112305,57.5481228015046,56.62717087264815,56.77939212439341,9227900
2019-01-08,58.30159759521485,58.446211774087416,57.3349809541408,57.48720212684261,10761000
2019-01-09,58.21788787841797,58.50711630407737,57.662275241413,58.43861269547024,6434200
2019-01-10,59.00944900512695,59.176895813053555,57.90583076287134,58.03521936649947,8671800
2019-01-11,59.176910400390625,59.237801219531335,58.68218265689154,58.95618553615663,5141900
2019-01-14,58.97901916503906,59.32152567349775,58.74307449535977,58.98663196928078,4934500
2019-01-15,59.54226303100586,59.68687150072192,59.03992236931062,59.062754979956864,5377200
2019-01-16,59.96085739135742,60.17396943927975,59.4432970720313,59.52702049183904,6164000
2019-01-17,60.250099182128906,60.28053878981773,59.72492594302587,59.84670179438843,4327000
2019-01-18,60.455589294433594,60.50886731010487,59.991306954926095,60.50125450590377,6397100
2019-01-22,60.27289962768555,60.53928960432625,59.808617465454894,60.326177623013685,6062600
2019-01-23,60.28053665161133,60.43276371900124,59.88475789013532,60.37948569713199,3972000
2019-01-24,60.486045837402344,60.62304730389751,59.89237475154639,60.10548685345681,4142500
2019-01-25,61.23952102661133,61.28518622413625,60.577346628167895,60.691515428846614,5713400
2019-01-28,61.840816497802734,61.90170731077186,60.93508452720654,61.125363962584395,5471200
2019-01-29,62.32794189453125,62.35838730614804,61.62771484795068,61.74949068754931,4832200
2019-01-30,62.83026123046875,63.05859303008373,62.282255620406325,62.35075341823085,6635900
2019-01-31,63.48482894897461,63.530494151917296,62.244203404938666,62.754150860689,13041700
2019-02-01,63.0814208984375,63.743595262079566,62.19852755378087,63.545703071761345,16142500
2019-02-04,63.55332946777344,63.55332946777344,62.563874111396494,63.0662145926896,13612800
2019-02-05,63.9186897277832,63.956742142192695,63.21845678159113,63.614241378160905,10279100
2019-02-06,63.50004959106445,63.85016303429845,63.294550368225856,63.682716212128454,8419900
2019-02-07,64.02522277832031,64.10133338666614,63.10427106154123,63.30977028476169,8823200
2019-02-08,64.02522277832031,64.27638720517483,63.667496531541,63.78166534749334,6853900
2019-02-11,64.2002944946289,64.32207614742636,63.903458974521136,64.12418386506491,4999200
2019-02-12,63.79689025878906,64.35250877728586,63.56094561194938,64.35250877728586,8588900
2019-02-13,64.12419128417969,64.18508211762342,63.56857259102713,63.80452311890426,5697000
2019-02-14,64.3296890258789,64.5732465468683,63.9262974261342,64.22313297337537,6928100
2019-02-15,64.76351165771484,64.77112446173697,64.34490034638667,64.4971215856209,4998600
2019-02-19,64.748291015625,64.90051225288227,64.50473355189257,64.62651518719278,5981200
2019-02-20,64.34490203857422,64.70262834773727,63.91867791201477,64.70262834773727,7918900
2019-02-21,64.40579223632812,64.46667724891391,63.76645024579806,63.9795623070187,4756900
2019-02-22,64.78636169433594,65.03752620345183,64.32968628095628,64.53519137835094,4490300
2019-02-25,64.27639770507812,64.969017709963,64.21551269257587,64.91573969473095,4956800
2019-02-26,64.0785140991211,64.53518365095033,63.97195806392322,64.36773679367698,4777100
2019-02-27,63.758819580078125,64.03282238399281,63.286930378676814,63.86538138770408,8116400
2019-02-28,63.926292419433594,64.63413231669443,63.56856606824482,63.80451657191103,6547100
2019-03-01,63.7284049987793,64.11657095095589,63.035784915127095,63.88823906265239,10635700
2019-03-04,64.01762390136719,64.08612172171881,63.30978405672483,64.02523670591796,7103600
2019-03-05,64.19268035888672,64.47429606999127,63.85779243437364,63.98718108263707,9077500
2019-03-06,63.89583206176758,64.3905597550045,63.81972144900825,64.2535583292907,5370800
2019-03-07,63.758819580078125,64.35249619313761,63.5913785837894,64.05566079004113,8328500
2019-03-08,63.82735061645508,64.05568832014201,63.5457348894904,63.652290936045894,9264800
2019-03-11,64.76351165771484,64.80918267497955,63.94150883623469,64.04806486507226,4679300
2019-03-12,65.06035614013672,65.22019019124039,64.77874044617216,64.84723826513016,6072500
2019-03-13,65.38004302978516,65.55509693311531,65.13648548094363,65.13648548094363,4282900
2019-03-14,65.47896575927734,65.49419136767087,65.16691046962836,65.42568774363639,4303200
2019-03-15,65.27345275878906,65.60073358792862,65.15928394734652,65.54745558350436,4742200
2019-03-18,64.94615936279297,65.47893930394446,64.6340983923572,65.3038855262229,4125300
2019-03-19,64.748291015625,65.08318470583258,64.55039876169616,64.98423567543416,6169200
2019-03-20,64.94615936279297,65.34955071921708,64.26876523467214,64.73304738633237,6499300
2019-03-21,66.10308837890625,66.1335337916961,64.84724268395206,64.8548554888667,6948200
2019-03-22,65.62357330322266,66.53691228004588,65.60834769638396,66.16396620864428,8769700
2019-03-25,65.70728302001953,65.9203950163858,65.2658334236229,65.64639221909592,6324300
2019-03-26,66.23246765136719,66.26291305984677,65.7834109417462,65.85190875567432,8576400
2019-03-27,66.04219055175781,66.43797506919721,65.623579235732,66.3238062350563,7252600
2019-03-28,66.68302154541016,66.71368463286215,66.00078393266449,66.19242384295003,5600000
2019-03-29,66.62171173095703,66.81335167148094,66.36107837068336,66.74435825173117,13743500
2019-04-01,66.58336639404297,66.7136801206106,65.85513712356685,66.69068426867344,8528500
2019-04-02,67.0510025024414,67.11232870456084,66.09280252578228,66.67538974913981,10358100
2019-04-03,66.97433471679688,67.25795811204812,66.5220613741508,67.05098953042187,5004200
2019-04-04,66.86701965332031,67.07398824375333,66.53739867715836,67.02032928709384,4249100
2019-04-05,67.33460235595703,67.3729326809464,66.7673498061105,66.87466769801696,4827100
2019-04-08,66.95899963378906,67.3269509235725,66.74436381824344,67.28095335710748,4575500
2019-04-09,66.60638427734375,67.0586576257866,66.4913991312388,66.95900110324814,3507600
2019-04-10,67.21963500976562,67.28095535289238,66.70603546631796,66.84401647303132,4264500
2019-04-11,67.17363739013672,67.52625421849062,66.90534261295305,67.28862253704044,2925600
2019-04-12,67.49559783935547,67.51859369935451,66.66771178906441,67.1429751580782,4148900
2019-04-15,67.15062713623047,67.5645700673198,66.97432168403957,67.53390697815917,3468900
2019-04-16,65.6328353881836,67.19661768187075,65.37220208170957,67.16595459590994,7256100
2019-04-17,65.03492736816406,65.94713535596932,64.82029157065385,65.85515192754315,6121300
2019-04-18,65.53319549560547,65.67117649318546,64.83562912056406,65.24190487777535,4827400
2019-04-22,64.81262969970703,65.6865073535487,64.22237541257645,65.45653708742749,5012000
2019-04-23,65.67118072509766,65.7631700122079,64.78963573088394,65.09626083953056,4692300
2019-04-24,66.15411376953125,66.35341510877178,65.66351596028389,65.90114762927918,4853800
2019-04-25,66.01612091064453,66.19242635971459,65.51785595527993,65.98545782202666,3732500
2019-04-26,66.53738403320312,66.59104297805303,66.02378459148389,66.13876971570122,3109400
2019-04-29,65.88580322265625,66.66769738400333,65.80914842309325,66.46839022643046,4280600
2019-04-30,66.5143814086914,66.65236238616444,65.52552455991861,65.93946164395145,5541400
2019-05-01,66.56802368164062,67.32692179187862,66.47604028528559,66.51436475097192,7675800
2019-05-02,66.63704681396484,67.28862150524473,66.43773961894705,66.59871648278884,5675900
2019-05-03,67.20429992675781,67.29628921319298,66.6370472813763,66.87467896084947,4678400
2019-05-06,66.98965454101562,67.20429033032799,66.59104605349077,66.88233664635945,4836000
2019-05-07,65.77849578857422,66.9053396512511,65.3185610697068,66.9053396512511,7037100
2019-05-08,65.7094955444336,66.36873732545749,65.6711652217563,65.83214204990593,5976800
2019-05-09,65.8781509399414,66.00846470204455,65.12691976428792,65.59452170914003,4005000
2019-05-10,66.58336639404297,66.75201043942958,65.7018216966765,65.83213542324414,4269000
2019-05-13,66.5143814086914,66.61403791088021,65.98545920203331,66.16943188920195,5794100
2019-05-14,66.75968933105469,66.9743309849872,66.49139457412286,66.65237142828195,4740500
2019-05-15,67.21194458007812,67.37292139096222,66.47604808101421,66.69835106225,3410600
2019-05-16,67.48025512695312,67.77921296720953,67.03564905997139,67.18896452188933,4008500
2019-05-17,67.34994506835938,67.51092192592125,67.0049954947821,67.2502943989317,5346600
2019-05-20,66.37641906738281,67.21963963779046,66.10812427152034,67.01266518927662,4221100
2019-05-21,66.94367218017578,67.1123162805902,66.4990660696991,66.591055355849,2930100
2019-05-22,67.14295959472656,67.18895715245027,66.81334454662638,67.01264585267957,2825100
2019-05-23,67.2962875366211,67.35761372605003,66.75969215169886,66.98199520208827,3304500
2019-05-24,67.50324249267578,67.8175347637815,67.44958354985117,67.47257940414941,3121800
2019-05-28,66.83634948730469,67.90952850697961,66.79801915872186,67.71022717383258,4614500
2019-05-29,65.9471435546875,66.85168441978314,65.70184463441008,66.73669927156831,8170000
2019-05-30,66.22309112548828,66.52204893660118,65.94712916932464,66.01612258255871,3984100
2019-05-31,66.60638427734375,66.97433557520212,65.839824434494,66.04679886716042,5369200
2019-06-03,66.76734924316406,66.98965225977783,66.2920859682673,66.84400404411002,6347800
2019-06-04,66.46839141845703,66.88233436158438,65.88580440423486,66.88233436158438,6993200
2019-06-05,67.85585021972656,67.93251085504694,66.68301501930335,66.8516590595916,6775400
2019-06-06,67.98619079589844,68.13950041713532,67.49559298987579,68.07051284209487,4077200
2019-06-07,68.23916625976562,68.66077658449711,68.1625114321022,68.32348832471192,3525700
2019-06-10,68.01683807373047,68.44610959208411,67.76387199396386,68.36945479929037,2945500
2019-06-11,68.20082092285156,68.3694650011939,67.69488868782453,68.21614954434328,3834000
2019-06-12,68.43079376220703,68.66076405160848,68.14717036678431,68.25448827560167,2768500
2019-06-13,68.72206115722656,68.72206115722656,68.30045108788762,68.49209096515352,2799400
2019-06-14,68.7603988647461,69.08235836532465,68.6454195949531,68.68374406875542,2981700
2019-06-17,69.49630737304688,69.58829079694357,68.94438343612048,68.94438343612048,3574900
2019-06-18,69.42730712890625,70.2091953970661,69.11302071419013,70.00989409929919,4449200
2019-06-19,69.80291748046875,70.03288770699181,68.99803338440964,69.3123197890463,3694600
2019-06-20,70.15557098388672,70.40853719599949,70.05592028595845,70.18623408672362,4862000
2019-06-21,69.16670227050781,69.96391941900687,69.02105401819168,69.75695081953629,7941700
2019-06-24,68.9290542602539,69.6879526560039,68.72208569220473,69.47331100419196,3773600
2019-06-25,67.90953063964844,69.12069654090287,67.90953063964844,68.94439106001393,5381300
2019-06-26,66.55271911621094,68.00918385148701,66.39174226603015,67.94019043090272,12897000
2019-06-27,67.40947723388672,67.45591716987379,66.84451017029946,66.96833622212205,6924500
2019-06-28,67.6416244506836,68.07502426636303,67.44040057713401,67.49457555409394,9638200
2019-07-01,67.61068725585938,68.09052713113479,66.8135383907676,68.09052713113479,9746000
2019-07-02,68.78707122802734,68.78707122802734,67.67261320864402,67.67261320864402,7633700
2019-07-03,69.60743713378906,69.66161213072701,68.84124029971161,68.89541529664956,5418000
2019-07-05,69.35977172851562,69.58421266452982,68.27626600123826,69.11984884953152,5375100
2019-07-08,69.60743713378906,69.72352219534763,69.18177222596826,69.29012221984414,4509700
2019-07-09,69.83960723876953,69.95569819511478,69.27464030499063,69.46038229236426,4906800
2019-07-10,70.24205780029297,70.42779979480662,69.76995888973748,70.13370781144071,6833700
2019-07-11,69.32881164550781,70.24978646683776,69.0656717646771,70.24978646683776,4020600
2019-07-12,69.23593139648438,69.47584834170598,68.9340984961635,69.38298031368754,2948600
2019-07-15,69.18177032470703,69.6383932046051,69.11211928968605,69.32881927148242,3185700
2019-07-16,69.01924133300781,69.32107427651262,68.73288442817677,69.08889236398677,3611600
2019-07-17,68.78707122802734,69.41396013760232,68.38462920248409,69.19726013118424,6422000
2019-07-18,68.78707122802734,68.97281915178485,68.23758023900083,68.6090701818835,7048200
2019-07-19,67.66487121582031,68.90316116571185,67.57199725534136,68.85672713778848,5064600
2019-07-22,67.60294342041016,67.86608331010234,67.34754450222893,67.74225138445162,3265200
2019-07-23,68.36914825439453,68.36914825439453,67.55652321846615,67.76548225495276,4239800
2019-07-24,68.42333221435547,68.49298326141458,68.02862523378916,68.45428429884885,2946100
2019-07-25,68.0208740234375,68.44653892906874,67.78095702460814,68.40009900005238,5629200
2019-07-26,68.33043670654297,68.44652765301107,67.81963890393563,68.1137367556056,3111900
2019-07-29,68.51618194580078,68.98828082055725,68.40009099379604,68.44653091737659,4898200
2019-07-30,69.065673828125,69.3133317738543,68.4542669829677,68.46974892593082,3818100
2019-07-31,68.79480743408203,69.63839629162116,68.40010050423778,69.14307443388866,5979800
2019-08-01,68.79480743408203,69.43717234047658,68.37688349153493,68.88768138952537,8371300
2019-08-02,69.12757873535156,69.49132757660631,68.62452195286372,68.74061288799633,4794000
2019-08-05,67.76546478271484,68.9960193836025,66.90640003434919,68.95732043274135,6840000
2019-08-06,68.51618194580078,68.89540687802723,67.74999110997926,67.92025705230206,7789000
2019-08-07,69.18177032470703,69.64612827207522,67.61068955205165,68.26078949744078,8674600
2019-08-08,70.3968505859375,70.3968505859375,68.86446860709735,69.33656167186336,5766700
2019-08-09,70.31172180175781,70.5439037661954,69.65388077536149,70.27302874410664,3304800
2019-08-12,70.1259765625,70.41233351824543,69.76222759036273,70.22658559334617,2944000
2019-08-13,70.22655487060547,70.44325478355363,69.66158808393774,70.08724694019169,4540200
2019-08-14,69.15855407714844,70.0253599185427,68.99602908900546,69.91700402181566,4645100
2019-08-15,69.84735870361328,69.99440766405056,69.18177675218334,69.25916876649636,4582900
2019-08-16,70.56708526611328,70.6986522242499,69.84732862416112,70.00985355561745,3951100
2019-08-19,71.0779037475586,71.24043464466007,70.5593707852082,70.86894472999252,3255600
2019-08-20,70.57484436035156,71.36425221653347,70.52066936928645,71.31007722546835,2556300
2019-08-21,70.86893463134766,71.01598356270827,70.4897097029572,70.76832562309782,2739400
2019-08-22,71.1939926147461,71.24816761063782,70.46650065629025,70.86120166723069,2587300
2019-08-23,70.19559478759766,71.62737299229893,69.96341884697041,71.13205723340528,5776500
2019-08-26,70.73736572265625,70.79928168203612,70.24978492332826,70.58257582420654,2736200
2019-08-27,70.5361557006836,71.302346658878,70.48198070171291,71.12434562138807,3252300
2019-08-28,70.76832580566406,70.87667578548371,70.35814289568526,70.52840293209395,3498600
2019-08-29,71.31783294677734,71.39522496364343,70.92312598473818,71.08565099154669,2688000
2019-08-30,71.37197875976562,71.59641965012948,71.05466394436604,71.5190276649147,5678300
2019-09-03,72.08402252197266,72.16141453730381,71.20174055700642,71.35652458766873,5927900
2019-09-04,72.68765258789062,72.80374350583472,72.3161687360248,72.43999471843695,4757100
2019-09-05,72.16140747070312,72.7573383301227,72.02984046706098,72.7573383301227,6036600
2019-09-06,72.32393646240234,72.58707638888642,72.14593542518057,72.37037639333015,2986400
2019-09-09,71.97566223144531,72.331670174787,71.78217926845755,72.3239292029707,3772100
2019-09-10,71.23270416259766,71.72802018534423,70.61355618184807,71.71254414291023,5379400
2019-09-11,71.31005859375,71.42614951702365,70.75282688574025,71.13979269356595,3972200
2019-09-12,71.68928527832031,72.10720907009032,71.2713614865503,71.85955118288918,3486100
2019-09-13,70.9231185913086,71.96792547166517,70.70641860482063,71.60417653521817,6109300
2019-09-16,71.54226684570312,71.65835190719275,70.80702799668853,71.04695090124133,4688300
2019-09-17,72.31619262695312,72.34715060894102,71.67382778612478,71.85956977342083,3674800
2019-09-18,72.06851959228516,72.72636033411071,71.4648479268121,72.72636033411071,5655000
2019-09-19,72.32393646240234,72.63351041518217,72.14593542518057,72.22332743721752,2892800
2019-09-20,72.32393646240234,72.70316735925785,72.11497743943939,72.48646736370158,6900400
2019-09-23,72.44000244140625,72.74957628738495,72.1536515051957,72.17686851033386,3515200
2019-09-24,72.279296875,72.80978735663439,72.03745168723563,72.63815720787912,3705600
2019-09-25,72.41972351074219,72.59135366544521,72.09206918918575,72.27929937979793,7088700
2019-09-26,73.02822875976562,73.19985892073326,72.55234729597014,72.63816237645396,2984700
2019-09-27,72.62255859375,73.26227319567379,72.11547704159612,73.18425515508933,4090300
2019-09-30,72.74739074707031,73.11405415140372,72.63817262049544,72.70058467909294,3189800
2019-10-01,72.06086730957031,72.92681517486953,71.94384620173027,72.70837299599575,5226300
2019-10-02,71.7566146850586,72.12327208672345,71.29633325650887,72.06866303099117,3384300
2019-10-03,72.45094299316406,72.6459762139309,71.57719202142967,71.71761617845945,6634500
2019-10-04,72.88780975341797,72.91901578051201,72.5367523645069,72.5913614239362,2189400
2019-10-07,72.73179626464844,73.09065670108649,72.43534193963382,72.55236307045843,3667600
2019-10-08,72.34951782226562,72.94242044644875,71.99846042549235,72.64597211032779,3108100
2019-10-09,72.48994445800781,73.07504410732825,72.39633232335905,73.07504410732825,4166000
2019-10-10,72.60694885253906,72.74737297410556,72.201282474647,72.45872173756887,3719700
2019-10-11,72.57575988769531,73.16085953974309,72.53675681539033,72.87221418730871,3376300
2019-10-14,72.60694885253906,72.77857899578034,72.33390360280978,72.66155790248492,1877600
2019-10-15,72.70057678222656,72.77858887102887,72.20908931408441,72.66937075631746,3218500
2019-10-16,72.7083740234375,72.72398001240512,72.25590152637132,72.66156796041638,3413900
2019-10-17,73.18425750732422,73.30127862002126,72.74738503532569,72.85660315332532,3223100
2019-10-18,73.7459487915039,73.8551669016613,73.09064013055955,73.12184615516746,2492100
2019-10-21,74.30765533447266,74.33886136328178,73.65234658530524,73.83957680621859,2591900
2019-10-22,74.0892333984375,74.49489994744616,73.94880921763786,74.47149690930331,2644200
2019-10-23,74.25304412841797,74.32325322725556,73.66794449700637,74.19843506756386,3020200
2019-10-24,74.06582641601562,74.4012838327314,73.88639321323834,74.4012838327314,3148800
2019-10-25,73.43392944335938,74.10484441185534,73.29350524176851,74.01902929133074,4184600
2019-10-28,72.98921966552734,73.4338951039673,72.90340458513187,73.4338951039673,4897400
2019-10-29,73.43392944335938,73.63676572386694,73.02045983643723,73.11407795481229,5512200
2019-10-30,73.69914245605469,73.74594851682191,72.91900969958445,73.34807914447873,3861400
2019-10-31,73.56651306152344,73.92537337500161,73.2934618658436,73.85515833978855,4723500
2019-11-01,73.55093383789062,73.94880331036359,72.90342205859861,73.65235493099786,6520400
2019-11-04,73.03604125976562,73.55092585774116,72.88001111496892,73.52752282400702,3878100
2019-11-05,71.79562377929688,72.82539888236583,71.51477548282887,72.82539888236583,9141700
2019-11-06,71.95166778564453,72.29492225153406,71.7878346211758,71.94386478925499,4500400
2019-11-07,71.23392486572266,71.83463046157563,70.9764855622981,71.75661837108512,4945300
2019-11-08,71.06229400634766,71.53817549124814,70.92187581599106,71.155912085193,7330200
2019-11-11,71.21832275390625,71.44456197609736,70.99208353171514,71.07009561993327,3525200
2019-11-12,70.68002319335938,71.67859212196721,70.61761114733632,71.24171970368636,5701600
2019-11-13,71.32754516601562,71.45236332429803,70.71904250852864,70.75804557901763,4316000
2019-11-14,71.88142395019531,71.89702993672782,71.38213951607415,71.46015159291684,5136200
2019-11-15,72.27151489257812,72.29491792840496,71.81123931613858,71.99846955469518,2785200
2019-11-18,72.62255859375,72.9424158947119,72.32611027612795,72.37291633892595,3251900
2019-11-19,72.74739074707031,72.95802400490997,72.55235752790927,72.81759984903637,4065100
2019-11-20,72.7083740234375,72.92681620539808,72.38852267289174,72.80199210142061,5698800
2019-11-21,71.68640899658203,72.56015995427134,71.66300596277685,72.51334793471952,5002900
2019-11-22,71.4211654663086,71.87363800006537,71.03109903766014,71.81902893813225,5112000
2019-11-25,71.64739990234375,72.06087532295035,71.56938780575547,71.56938780575547,5183500
2019-11-26,72.59915924072266,72.63816826299134,71.7332113234398,71.80342637313521,4858500
2019-11-27,72.94243621826172,72.98144524942282,72.38073950041992,72.59917579026006,4121600
2019-11-29,72.60694885253906,73.21545139534717,72.57574283086429,72.94240614561791,3531100
2019-12-02,71.50698852539062,72.56796385376177,71.46797949740213,72.31832154968467,9430800
2019-12-03,71.9672622680664,72.06088036168329,71.41336860603572,71.47578066844697,4762900
2019-12-04,72.26371002197266,72.5289583089935,71.74882539131379,71.8268374926934,4129800
2019-12-05,72.30269622802734,72.33390224911813,71.89702985772712,72.24808717910346,4846800
2019-12-06,72.45094299316406,72.84100943469774,72.27931280657859,72.27931280657859,4486000
2019-12-09,72.59136962890625,72.72399079509023,72.24810924401432,72.55236060264426,3961000
2019-12-10,72.17009735107422,72.77079707442164,72.00627015379764,72.61477287280827,5227100
2019-12-11,71.436767578125,72.24810648749668,71.21833132405214,72.22470345340909,5112100
2019-12-12,70.46940612792969,71.70201753564015,70.36798504191374,71.44457225074967,7923900
2019-12-13,70.48502349853516,70.836086960238,69.96233575664645,70.50062949342495,6814200
2019-12-16,70.99210357666016,71.14812779715055,70.1963705290512,70.68785218034417,5185200
2019-12-17,70.3211669921875,71.24172389337413,70.20414588699738,71.21051786852738,9649900
2019-12-18,71.17828369140625,71.37540977520585,70.35035774893429,70.35035774893429,6340700
2019-12-19,71.80906677246094,71.84849438303011,71.06787100758322,71.1467262287216,6117400
2019-12-20,72.2033462524414,72.51874920942288,71.95102509001845,72.00622015630437,9514600
2019-12-23,71.84061431884766,72.58181015244936,71.76964581640465,72.58181015244936,5369100
2019-12-24,72.02986145019531,72.15602501676096,71.75388616809539,72.01409401227959,1962000
2019-12-26,72.34525299072266,72.3610204261625,71.98254181751639,72.08504518739784,2243900
2019-12-27,72.57394409179688,72.684334224089,72.30584947350816,72.51086229739823,4195900
2019-12-30,72.6448974609375,72.70797924740135,72.24276460780358,72.45565811735622,3466500
2019-12-31,73.16531372070312,73.19685461417006,72.54239461030437,72.61335710874724,4649500
2020-01-02,72.30583190917969,73.52012908523034,71.83273059773634,73.48070748516564,5106600
2020-01-03,72.7552719116211,72.90508961825718,71.77752849522788,71.94311363717931,5015500
2020-01-06,72.8420181274414,73.10222596544158,72.43988530414275,72.67643296211669,4889000
2020-01-07,72.02986145019531,72.68432141618221,71.63560932839259,72.68432141618221,6529100
2020-01-08,72.2506332397461,72.39256422765533,71.80118611400174,72.06139392780354,6766100
2020-01-09,72.21121215820312,72.43987908568201,72.03774028109436,72.23486632038899,4213800
2020-01-10,72.76319122314453,72.8499271957448,72.17181287313093,72.36893898980213,5838800
2020-01-13,73.63842010498047,73.64630683283677,72.81048813857953,72.83414832214845,5552600
2020-01-14,73.3624496459961,73.60688408343084,72.95242399166754,73.56746247316036,4120700
2020-01-15,74.02478790283203,74.18249238592004,73.54379975708272,73.57534065370032,4471500
2020-01-16,74.61614990234375,74.61614990234375,74.0168910447622,74.14304858790214,4426700
2020-01-17,74.68712615966797,74.93156056073953,74.52942169461355,74.576736042035,3581300
2020-01-21,75.39676666259766,75.45196171076245,74.58460235987427,74.78172839129266,4217400
2020-01-22,74.89214324951172,75.81469186367664,74.76597967023588,75.57813816043974,5024300
2020-01-23,75.52293395996094,75.55447485096336,74.66346723943195,74.97886411783645,4825000
2020-01-24,75.2627182006836,75.7279387742489,75.03405729264671,75.6175486752624,3518100
2020-01-27,74.9000244140625,75.15234555832866,74.69501762021603,74.87637024675796,3047000
2020-01-28,75.19966125488281,75.43620894797326,74.8842583149515,75.02618933713005,3006100
2020-01-29,74.92367553710938,75.52294048632147,74.85271303807905,75.42832382094771,3785500
2020-01-30,74.97886657714844,75.13657103733325,74.59250117736323,74.72654545666279,4142400
2020-01-31,74.06417846679688,74.98672667193955,73.85916574927364,74.90787747775613,6370900
2020-02-03,74.30865478515625,74.86849220092235,74.00113854291587,74.02479271296339,7508200
2020-02-04,75.07347869873047,75.3809948330948,74.37171049304679,74.57672325455941,4422900
2020-02-05,75.12081146240234,75.40467352737006,74.94734554786531,75.2154341559953,4413700
2020-02-06,75.37311553955078,75.59390177454037,75.23119055505786,75.34158066464776,3327500
2020-02-07,75.35736083984375,75.56237365622562,75.16023475142563,75.47563769605678,3176200
2020-02-10,76.2010498046875,76.21682325845126,75.57024400195661,75.65697995022737,4457000
2020-02-11,76.77665710449219,77.24187170087079,76.46125421728465,76.46125421728465,5362200
2020-02-12,77.23399353027344,77.47054722583678,76.58742024698539,76.90282316913306,6298700
2020-02-13,77.69920349121094,77.84902121215157,77.07628446012201,77.21821545474747,3683500
2020-02-14,78.50347900390625,78.51925245731762,77.77805655803962,77.88055994197408,3004800
2020-02-18,78.41674041748047,78.60598575718632,77.96729326334595,78.55079070372452,4186800
2020-02-19,77.36016082763672,78.4561813725818,77.3522740998557,78.4561813725818,4415200
2020-02-20,78.2826919555664,78.32211956984648,77.17090421941865,77.39957114746251,5556500
2020-02-21,78.51136779785156,78.62964463831166,78.08557478168117,78.27481411693134,3670800
2020-02-24,77.43900299072266,78.16442546929468,77.07629175143664,77.58093399877458,5214600
2020-02-25,75.34159088134766,77.7622989255747,75.13657807181859,77.62036790602544,7378900
2020-02-26,74.52943420410156,76.0591346849277,74.49001259307886,75.49141054706186,9407200
2020-02-27,70.56324768066406,73.56745313560101,70.56324768066406,73.4097486671024,11869100
2020-02-28,68.86006164550781,69.54605633398518,66.75475722947621,68.99410589316331,22471800
2020-03-02,71.80118560791016,71.80907233379654,68.72602425123424,69.11238959833801,14250500
2020-03-03,71.63561248779297,73.57533229071412,71.04423427900687,71.89582034345331,14654200
2020-03-04,74.34019470214844,74.43481739690031,72.64490901999746,72.74741844326479,10638200
2020-03-05,72.74740600585938,73.67784128983982,71.87216578042818,73.11011725001308,9803600
2020-03-06,71.49370574951172,71.76180042340218,69.22281482248634,71.15464855406373,10302700
2020-03-09,65.98204803466797,68.22928435795174,65.88742534154666,67.81137799100209,14017500
2020-03-10,68.76969146728516,68.83326555071761,65.02685369950483,67.58565296145751,11782100
2020-03-11,64.6374740600586,67.26779596944854,63.993803067441085,67.26779596944854,16447000
2020-03-12,58.08948516845703,62.40447735418043,57.69215626024219,60.3145294795633,16761500
2020-03-13,63.15940856933594,63.230924865693545,58.0259135244317,61.450892979724614,10968600
2020-03-16,51.962684631347656,59.08281937778292,51.84348472224504,57.12001320453866,11396500
2020-03-17,54.96648025512695,56.023376616572456,51.20775214110285,52.94804865375068,9100900
2020-03-18,49.73763656616211,53.59172908250999,48.07680148453219,51.68454896809256,15714500
2020-03-19,49.9124755859375,51.05678214107092,47.67948526792615,49.03834987053084,13090000
2020-03-20,47.42518615722656,51.811695323547504,47.16294758165744,50.5005115398403,18838000
2020-03-23,45.22397994995117,47.282143985886094,44.16708654305446,47.19473113383268,15558600
2020-03-24,49.29262924194336,49.4754001976806,46.709991031578205,47.36955855267201,14401600
2020-03-25,51.94678497314453,54.64861676800265,49.1336955033992,49.49923738078873,15209300
2020-03-26,55.610164642333984,55.82471961594864,52.1136685356872,52.43153292042943,14486100
2020-03-27,55.665794372558594,57.08028461831253,53.55994949604163,53.86986562571764,11521700
2020-03-30,56.881622314453125,57.08028681871196,54.38639662598287,56.23000298299451,12754300
2020-03-31,55.506858825683594,56.59554244352937,53.997007447453186,56.46839425629515,16815900
2020-04-01,51.859375,53.08314886399652,50.77069152068114,52.8526973510272,12174800
2020-04-02,52.03420639038086,53.114935648668144,50.99320033006224,51.11240023776396,10916700
2020-04-03,51.2792854309082,52.352072636786104,50.27801757418083,51.644827423730895,8986700
2020-04-06,55.07773208618164,55.3717576649615,53.09108751735087,53.09108751735087,8382200
2020-04-07,55.586307525634766,58.28814510462671,55.56246876303091,57.207410073029926,7675100
2020-04-08,59.37685012817383,59.72650160826736,55.70552777547096,56.42072122895331,9628300
2020-04-09,62.70646286010742,63.56468885367752,60.37811478267816,60.37811478267816,13840900
2020-04-13,60.06819152832031,62.46806193238325,59.65497206194842,62.309132767492294,10139000
2020-04-14,61.75286865234375,62.404487929734266,61.26017854006935,61.26017854006935,9400800
2020-04-15,59.30530548095703,60.52907913896986,58.66958292095857,59.84567299147234,8568200
2020-04-16,58.62986373901367,59.766224872469394,58.23253475616564,59.41657342748021,6252800
2020-04-17,60.48141098022461,60.79927534082624,59.65496606776374,60.330424044818194,8593100
2020-04-20,58.2325325012207,59.5675580744041,58.216642010136134,59.23380319679798,6631000
2020-04-21,57.175628662109375,57.652428212139746,56.41275786992215,56.7067834507398,8620400
2020-04-22,58.049766540527344,58.53450838229562,57.57296691319132,58.0577087549596,6484200
2020-04-23,57.56501770019531,58.71726917973254,57.366353233877966,58.22457912067251,7648200
2020-04-24,57.81137466430664,58.10540033316543,57.11207774443163,57.98620040996538,6419000
2020-04-27,59.79005432128906,60.004615333726214,58.20868691363098,58.3358350784468,7669500
2020-04-28,60.28274154663086,61.824379627756414,60.23506401843371,60.93436070394285,8177900
2020-04-29,61.18865966796875,62.02305290672638,60.93436937679404,61.585988626851666,7307000
2020-04-30,60.48141098022461,60.68007544775583,59.44835332395892,60.290694788966995,8606000
2020-05-01,58.43915557861328,59.098723236101534,57.8193232499896,58.86827166675889,6013600
2020-05-04,58.15306091308594,58.200738443353615,56.873661306999054,57.739841504330315,7288000
2020-05-05,58.43915557861328,59.32917480544418,58.351742705319175,58.72523297071036,7520300
2020-05-06,57.39019012451172,58.92387999687704,57.374293572581074,58.63780268970727,6266800
2020-05-07,58.20869445800781,59.04308772517158,57.89083006752833,57.93056538987288,6727300
2020-05-08,59.59138107299805,59.79004550415744,58.860297421393255,58.979497292640346,6625600
2020-05-11,58.72523498535156,59.662931788780824,58.40737053181008,58.90800295377479,6874900
2020-05-12,56.05516815185547,58.97950942245645,56.00749061865411,58.97950942245645,11764700
2020-05-13,54.69630432128906,55.91212992956132,54.44201403761616,55.64989136937279,8358600
2020-05-14,54.88703536987305,54.88703536987305,52.66199023860602,53.93344806376446,8609800
2020-05-15,54.67246627807617,54.70424725904213,53.70298266413033,54.53736982655683,11916700
2020-05-18,57.90672302246094,58.35172950381809,56.42865885194342,56.42865885194342,8617200
2020-05-19,57.12795639038086,57.97029183085067,57.12795639038086,57.68421449960457,5804700
2020-05-20,57.63655471801758,57.88289680472723,57.22333514714069,57.8431675348363,5133700
2020-05-21,57.68421173095703,58.081540664977425,57.13590192468459,57.382243923694546,5385100
2020-05-22,58.462982177734375,58.51065971223654,57.43787274662693,57.684214758566384,4737900
2020-05-26,60.648284912109375,60.96614925440218,60.03640105497113,60.20327847055429,6001000
2020-05-27,61.856163024902344,62.19786613678653,60.37015675220914,61.98331118874676,5880500
2020-05-28,62.15019989013672,62.634941742972025,61.649567545315,62.53163838816225,5642800
2020-05-29,61.530364990234375,62.09457140426192,61.1012489719404,61.64956489466475,8989500
2020-06-01,62.95278549194336,63.40574014942656,61.4031993016797,61.474721649049286,11218300
2020-06-02,63.46138381958008,63.65210002834735,62.80181627175955,63.42164849732238,7162100
2020-06-03,65.49571990966797,65.77384903535489,64.10506821847314,64.12096477580394,7485600
2020-06-04,64.84407806396484,65.25730353293034,64.25603296417655,65.17783289929673,5503500
2020-06-05,67.2995834350586,68.39620921873134,66.98966732091719,67.14064820808929,6158800
2020-06-08,68.96835327148438,68.97630154729652,68.07833432602446,68.19753421217433,7130500
2020-06-09,67.82405090332031,68.26111517568482,66.98966374165899,67.71279928176547,7168900
2020-06-10,66.09964752197266,67.63333758474464,65.58311864974726,67.63333758474464,6433900
2020-06-11,61.856163024902344,64.07325911418465,61.76875624070699,63.2309237483689,8611900
2020-06-12,64.07325744628906,64.30370894018955,62.33296095396695,64.00968942877974,8871700
2020-06-15,64.97917938232422,65.31294033661497,61.96743101852738,62.102521418038855,6138600
2020-06-16,66.2585678100586,67.41876751655582,65.17783267416236,67.23599961044934,5811700
2020-06-17,65.29702758789062,66.71151745022685,65.28908537536616,66.64794943624278,5041500
2020-06-18,64.58185577392578,64.93945552698324,64.22426208362798,64.51828773888505,5005900
2020-06-19,63.6441535949707,65.51954687999174,63.31834698150371,65.51954687999174,10402000
2020-06-22,63.58058547973633,63.7554112020847,62.52368893118235,63.52495966469449,3995500
2020-06-23,63.318355560302734,64.31167815251207,63.12763932017133,64.20837478551589,3958100
2020-06-24,61.51448440551758,62.682626681333346,60.12383277631028,62.52369749167078,7034900
2020-06-25,62.30015182495117,62.36435543692234,61.01611019949504,61.12846345904786,6626000
2020-06-26,61.10438919067383,62.31620635577246,61.03216471864484,62.08347285235659,7277100
2020-06-29,62.28411102294922,62.33226067597294,60.86363503080824,61.69826371238609,4687100
2020-06-30,63.02242660522461,63.32739069804198,62.09951959023422,62.4927621180468,5212200
2020-07-01,64.47499084472656,64.73180526145212,63.07859612914112,63.23910513959459,5023700
2020-07-02,64.29041290283203,65.72693639651466,64.00150280785716,65.54235256586135,4588100
2020-07-06,64.25833129882812,65.58250196321683,64.15400500171425,65.48619652702315,6174300
2020-07-07,62.9822883605957,63.79283579371503,62.902030804785035,63.50392573661385,3389200
2020-07-08,62.89400863647461,63.30329277317694,62.32421551428846,63.07055933631921,3848100
2020-07-09,62.50078582763672,62.83785174153224,61.51368127901075,62.781675109681935,3455900
2020-07-10,62.69338607788086,63.00637099142065,62.24396697621932,62.372374183206226,3809900
2020-07-13,61.94704818725586,63.27923954593989,61.79456612971967,62.91810492027334,6071800
2020-07-14,62.46867370605469,62.653257536110544,61.74640459374801,61.92296144263814,3473900
2020-07-15,63.07859420776367,63.71259100345977,62.63720821874481,63.51998631957504,3547200
2020-07-16,62.32422637939453,62.958217083507336,62.083465920592424,62.733510587448194,3605400
2020-07-17,63.13478088378906,63.39961619305326,62.171751188201846,62.53288579334868,3720500
2020-07-20,62.38039779663086,63.3996039251972,62.163712177236754,63.07859204785293,4364100
2020-07-21,62.53287887573242,63.190950523570535,62.36434900378772,62.90204042229597,3007200
2020-07-22,63.48789596557617,63.55209957937807,62.08347405832592,62.243976970037075,2682400
2020-07-23,63.22306823730469,63.72866410317258,62.44461616422724,63.359496340909466,4630900
2020-07-24,62.75758361816406,63.39960740812287,62.653257354482626,63.070568532001005,2702200
2020-07-27,63.3514518737793,63.423676328965065,61.979132120120994,62.72548210433432,4111800
2020-07-28,64.61140441894531,64.92438923597561,63.19092921292405,63.32736335897605,6613300
2020-07-29,65.86334991455078,65.86334991455078,64.86019178491354,64.9725450056096,5429600
2020-07-30,65.43802642822266,65.49420305108804,64.57932312282738,65.00466128492138,6602700
2020-07-31,65.3176498413086,65.40592827112988,64.29844359172606,65.36579948565002,9312300
2020-08-03,64.45092010498047,65.34172527032807,64.10583336414498,65.34172527032807,5629700
2020-08-04,65.41395568847656,65.57445858587901,64.30646487890323,64.33856668294233,4078000
2020-08-05,65.08490753173828,65.90348811132093,64.76389565979983,65.64667983832861,3374500
2020-08-06,65.1892318725586,65.3738095432791,64.7719146536583,64.8361182446878,3646500
2020-08-07,66.12018585205078,66.15228766038327,64.84417111550233,64.94849740048751,4447800
2020-08-10,66.22450256347656,66.62576592543431,65.93559857583655,66.3208079745519,3410000
2020-08-11,65.26949310302734,66.98689962286598,65.02070568111955,66.87454638308532,5193800
2020-08-12,65.92755889892578,66.0318851487398,65.51826863416152,65.77507689145067,2245300
2020-08-13,65.11703491210938,66.26464867223885,64.94850499076381,65.7109031286787,3585400
2020-08-14,65.12503814697266,65.73496010856383,64.87625072474374,64.94848130629161,3399300
2020-08-17,65.6546859741211,65.68678776639587,64.8682134931572,65.16514435681485,2749900
2020-08-18,65.34170532226562,65.73494771063048,64.94044207741341,65.65469016342706,3635300
2020-08-19,64.19409942626953,65.5423443257167,64.07371921469905,65.49419469020528,4376200
2020-08-20,64.80401611328125,65.2213272072271,63.70455258306773,63.881109396088,2949900
2020-08-21,64.90837860107422,65.18926793652383,64.11387862162358,64.7960253160123,3380700
2020-08-24,65.32567596435547,65.34975078620975,64.13793372960299,65.00466405311482,2553700
2020-08-25,65.49420928955078,65.64669133304936,64.86823939719933,65.49420928955078,3123500
2020-08-26,64.89231872558594,65.34975876504699,64.4990823007705,65.34975876504699,3139800
2020-08-27,65.84733581542969,66.05598840488777,65.01270708921398,65.02875493348212,4006700
2020-08-28,66.28067016601562,66.28067016601562,65.2775118976878,65.95163743785602,4548700
2020-08-31,65.60655975341797,66.20845479702731,65.35777842801987,66.19240695655998,4835100
2020-09-01,65.6546859741211,65.71086257990423,64.90833614140755,65.38182992397181,3498500
2020-09-02,66.87454223632812,66.97886848885759,65.19725847882054,65.72692896733619,3136500
2020-09-03,66.07201385498047,67.44433355239926,65.56641819823177,66.85848646335782,5716500
2020-09-04,65.72693634033203,66.68996590756329,64.627472584129,66.26462774665627,4956900
2020-09-08,64.92440795898438,65.47814719037737,64.45894102714128,65.43802453108968,3774000
2020-09-09,65.56640625,66.40103446389132,65.19724483049262,65.26144841374365,3158300
2020-09-10,64.763916015625,65.72695193413035,64.69971851929327,65.63867348853084,4308700
2020-09-11,64.40275573730469,64.98860281374091,63.80888780376604,64.9163722402773,4255400
2020-09-14,65.9757080078125,66.17633964855739,64.7478433461005,64.82809477784009,3732000
2020-09-15,66.77021026611328,67.39618615346386,66.20844409863561,66.25659373505026,3017500
2020-09-16,67.12334442138672,67.80549101096625,66.84246125188854,67.17149407250244,3722400
2020-09-17,65.81521606445312,66.89059889833413,65.38987789514816,66.43315892644863,5981400
2020-09-18,64.3305435180664,65.79114187412786,64.21818414656059,65.79114187412786,5024200
2020-09-21,62.396453857421875,63.536040355508305,62.05136711529226,63.52801949654218,5297300
2020-09-22,63.142799377441406,63.65641596241234,62.4606529245387,62.5890540093851,4486400
2020-09-23,61.24079132080078,63.182909979335165,61.16053990051544,63.182909979335165,7876400
2020-09-24,61.569854736328125,62.44460597615143,60.95190569504242,61.24884280396611,6813300
2020-09-25,62.83958053588867,62.88810950617515,61.23826643205045,61.432363802463904,3503300
2020-09-28,64.12547302246094,64.4327942904809,63.648309659484106,63.72110001021456,3470900
2020-09-29,63.66450500488281,64.15784070493989,63.14690790486296,64.11740092483915,3662900
2020-09-30,63.85859298706055,64.60263793767749,63.20351060339164,63.98799532816431,4507100
2020-10-01,65.13641357421875,65.19302555609495,63.83433182082276,64.11739173020379,6406300
2020-10-02,66.26057434082031,66.4708500739132,64.02843317095181,64.26297030204702,3346700
2020-10-05,66.64067840576172,66.8509541147968,65.3709473035473,66.50319305264927,2654800
2020-10-06,66.2039794921875,67.18256187646205,65.94518089610038,66.81053928022715,5830300
2020-10-07,66.30101776123047,66.64068969241698,65.99369024899543,66.61642829308138,2362400
2020-10-08,67.40900421142578,67.59501857903243,66.54364590002731,66.65686989065928,2269000
2020-10-09,67.14210510253906,67.83762731048044,66.90757414031472,67.82145510179879,6556200
2020-10-12,67.45751953125,67.64352769095973,66.7619973465887,67.22298240663225,5655800
2020-10-13,66.30101776123047,67.2229879574476,65.91281686112873,67.18254817839225,4406300
2020-10-14,65.49226379394531,66.3980555032821,65.3952120378407,66.23630874668432,4651400
2020-10-15,65.83193969726562,66.36570896276503,64.9665815392149,64.98275374776304,2915400
2020-10-16,65.36286926269531,65.85620495058355,65.24155609562962,65.84003274108865,2925400
2020-10-19,64.34384155273438,65.67018474167683,64.24679596394174,65.53269937739165,9873000
2020-10-20,64.8048324584961,65.2981681468575,64.64308568241601,64.77248186923129,4038600
2020-10-21,64.61072540283203,64.9180466993897,64.30340410627436,64.62690378016,2685900
2020-10-22,64.60264587402344,64.87762279752785,64.31958593088947,64.60264587402344,3828900
2020-10-23,64.9908447265625,65.24155407254506,64.44898625674814,64.8452701646466,2588700
2020-10-26,64.06078338623047,64.58646963078706,63.49466353531943,64.4894178690979,2691200
2020-10-27,63.03369903564453,64.48135589282391,63.03369903564453,64.13359467942053,2264100
2020-10-28,61.5294075012207,62.62121355065638,61.29487038137635,62.014653948720635,4422000
2020-10-29,62.35430908203125,62.82338319561722,61.02796626931634,61.62643652133607,4645500
2020-10-30,61.941864013671875,62.4513780317554,61.205908233458345,61.99848216700861,3978900
2020-11-02,63.42188262939453,63.45423322144858,62.176412601413666,62.59696412787189,4254500
2020-11-03,64.64306640625,65.02317800395961,63.82623123905968,64.05267912614401,4214600
2020-11-04,64.75631713867188,65.74298862934911,64.24680918195506,65.10407830062788,2867500
2020-11-05,65.06362915039062,65.67827798843865,64.79674759447946,65.25773268045452,3984900
2020-11-06,64.61882019042969,65.59740231529734,64.37619387143219,65.25773040489572,3696600
2020-11-09,66.90758514404297,71.40421266679654,66.77009358154021,68.36332480430934,8999300
2020-11-10,67.88615417480469,67.95084917777163,66.63259516738746,67.0046176579822,6146100
2020-11-11,68.14495849609375,68.4603690295296,67.48178683986401,68.16113070565076,3416100
2020-11-12,67.25533294677734,68.12069108241127,66.7943417168082,67.83762499308072,3939500
2020-11-13,69.05075073242188,69.2044144902357,67.65971240312446,67.65971240312446,3443000
2020-11-16,69.82714080810547,70.7167665243189,69.00222243608631,70.49840160479613,2978300
2020-11-17,69.89185333251953,70.16683028134464,68.8323976605557,69.30955501288474,3856900
2020-11-18,68.53314971923828,70.42561899320944,68.48462692280744,70.02932892154519,9655500
2020-11-19,68.80003356933594,68.88090694891856,67.71631670839334,68.43610027609243,4225400
2020-11-20,68.42801666259766,68.86474035222025,68.12069532704568,68.76768858666728,3136400
2020-11-23,68.55740356445312,69.36614965716706,68.44417960509261,68.89708161277767,4520000
2020-11-24,68.92134857177734,69.88375847427217,68.84047519002631,69.3176324615279,4805500
2020-11-25,68.9617919921875,69.07502214704611,67.15020206811566,68.97797037298633,5792800
2020-11-27,68.65445709228516,69.18823248899655,68.3713971865639,69.16396492258343,2063900
2020-11-30,67.93467712402344,68.62211012277736,67.71631837674622,68.5654981386504,6413600
2020-12-01,68.8081283569336,69.0911882936256,68.50080085117324,68.71107659139182,6489100
2020-12-02,68.26628112792969,69.05884908122765,68.20966296102068,68.65447591355668,3738500
2020-12-03,68.8404769897461,69.18823809358635,68.31479073925588,68.41992552125646,3386300
2020-12-04,69.89185333251953,69.90803171375636,69.13971903136536,69.13971903136536,3053200
2020-12-07,69.28530883789062,69.94848069871911,69.02651021342697,69.72203267359414,2620500
2020-12-08,69.04266357421875,69.4065968869438,68.94561181137834,68.97796239899182,2648100
2020-12-09,68.6140365600586,69.26912529157052,68.16114058389817,69.18825189157685,5024000
2020-12-10,68.3147964477539,68.75960318130389,68.06408708574857,68.24200607702204,3737900
2020-12-11,68.25009155273438,68.3956661160312,67.58691991332526,67.9832038249829,4044400
2020-12-14,67.95085144042969,69.29337306315428,67.90232864402788,68.80812658840507,3735200
2020-12-15,69.34187316894531,69.35805154261436,67.8133438800291,68.33902995992298,2867700
2020-12-16,69.42276000976562,69.9241847967837,69.07500512148236,69.54407315487806,3419900
2020-12-17,70.09400177001953,70.1587029192756,69.48744237878661,69.7624191780043,3341400
2020-12-18,68.68681335449219,70.17490336484794,68.2581788660798,70.16682034561865,3988500
2020-12-21,68.29859924316406,68.34712820035791,67.40897985101496,67.69203972530207,4993600
2020-12-22,68.77578735351562,68.84048853956071,68.02365303391456,68.33906360307843,2828900
2020-12-23,68.33094787597656,69.49554409153882,68.27433590273353,69.04264830559453,3659000
2020-12-24,68.92919158935547,68.94563029195699,68.39505287583927,68.60049277166183,1563600
2020-12-28,69.34008026123047,69.446913033238,68.86346440672433,69.26612489863652,5655100
2020-12-29,68.74842834472656,69.96462934605766,68.67446670206832,69.59483994135572,3880100
2020-12-30,69.12643432617188,69.66879251591706,68.78950981004131,68.92099438302773,3995900
2020-12-31,69.79205322265625,69.8906666460193,68.53476185504067,69.10177179817315,4827300
2021-01-04,67.52400207519531,70.07967558556182,67.44182734811078,70.01393329608227,5311500
2021-01-05,67.62261199951172,68.09923416920496,67.49112742737725,67.52399857041087,4932600
2021-01-06,67.73765563964844,68.18140665172734,67.16242632928464,67.59795798849284,6520100
2021-01-07,67.60616302490234,67.82804163929697,67.17885076942638,67.79517050125597,4068400
2021-01-08,68.2635726928711,68.50188373958864,67.7047758897644,67.81982173721033,4931600
2021-01-11,67.3596420288086,68.22248593180971,67.12133096906672,67.81982544374253,6565100
2021-01-12,67.5157699584961,67.57329287819256,66.75153329994131,67.2692395772095,7857300
2021-01-13,68.33753204345703,68.47722967219731,67.55685665376534,67.5650760053172,9024900
2021-01-14,68.74019622802734,69.20859897946077,68.31287769752716,68.5676274532391,5866400
2021-01-15,69.52909088134766,69.7427501654619,68.3539742230131,68.58406594304574,3939700
2021-01-19,69.33186340332031,69.99748670853846,69.01959072618308,69.96461557044357,5521200
2021-01-20,70.65489196777344,70.97537770477342,69.13463171794551,69.38938145290228,5198300
2021-01-21,70.31798553466797,70.45768319538375,69.70988504073541,70.44947011148025,4213200
2021-01-22,70.48233795166016,70.59739009597651,69.7838433491628,69.95641216134239,5272700
2021-01-25,71.0164794921875,71.55884396254226,70.06324139668017,70.45768258463849,7819700
2021-01-26,71.51773834228516,71.7478300315278,71.04933561217598,71.1726008084212,4706300
2021-01-27,70.25222778320312,71.64100353983649,69.90709024933287,70.98359333953555,5907600
2021-01-28,70.6302490234375,71.4191439120021,70.0385872613082,70.26867899150228,6237000
2021-01-29,69.81669616699219,70.94250909703898,69.44690684790025,70.2357953262838,7349800
2021-02-01,71.4109115600586,71.46021513054566,69.37294496303969,70.24401441532378,6149000
2021-02-02,71.8382339477539,72.10119681004504,71.23013350424236,71.87110508923143,3849800
2021-02-03,71.65745544433594,71.88755346563337,70.67134614546701,71.87933411177596,5148700
2021-02-04,72.15050506591797,72.55316556846205,71.57526950704025,71.67388292929817,4118200
2021-02-05,72.4052734375,72.54497113153127,72.15874293194855,72.45457703079782,2583900
2021-02-08,72.7996826171875,72.7996826171875,72.14227867486066,72.6682043365335,3212700
2021-02-09,73.05443572998047,73.24343694266078,72.63533654388478,72.93117052589012,2518800
2021-02-10,73.4488754272461,74.04054337971816,73.12838966457849,73.43244299280124,3421400
2021-02-11,73.60501861572266,74.03233091586134,73.17770631558398,73.58036682699742,3717000
2021-02-12,73.62146759033203,73.69542924265194,73.06267686828666,73.41602761209867,2297400
2021-02-16,73.05443572998047,73.93371832384949,72.65177524817881,73.89262783264313,2774500
2021-02-17,72.96404266357422,73.07908851709213,72.52029168449279,72.89008103229624,2939000
2021-02-18,72.65177154541016,72.96403794626585,72.52850634760215,72.70107511672201,3254600
2021-02-19,73.07087707519531,73.50640874916617,72.71752012412905,72.91474698253545,4170700
2021-02-22,73.67897033691406,73.99945608627462,72.73394552259492,72.89007558668831,3493000
2021-02-23,74.13916778564453,74.3446077290676,73.6707649654211,73.8597662024338,4378300
2021-02-24,74.70616149902344,74.93625316312045,73.9665766719061,74.14736477070451,3551200
2021-02-25,73.27632904052734,75.14994061610706,72.77505499817113,74.61580169482008,7548800
2021-02-26,72.20801544189453,73.56391371243384,72.1258344695351,73.55570063082027,6519800
2021-03-01,72.52851104736328,73.68718893497142,72.44633633334259,73.029784953277,4834000
2021-03-02,71.83000946044922,72.55315564955735,71.3533873889895,72.55315564955735,4715600
2021-03-03,71.41913604736328,72.0929787270982,71.27121905573713,71.79714474384592,6231400
2021-03-04,70.60559844970703,71.94507089709494,69.75096753031775,71.55884279924761,6869500
2021-03-05,71.3780517578125,71.62458218845262,69.39760776838361,71.14796003296401,7166100
2021-03-08,71.994384765625,72.75040236290023,71.15618616338166,71.68211826314969,4823000
2021-03-09,72.47097778320312,73.02977453617642,72.3723643787274,72.42166794620131,3873600
2021-03-10,73.19415283203125,73.65433636217286,72.43813524121852,72.66000765195668,3429700
2021-03-11,74.04878997802734,74.47610239563797,73.25990117430173,73.71186538741458,3830000
2021-03-12,75.28963470458984,75.32250584874636,73.98303336986969,74.0159045140262,3262800
2021-03-15,76.4072265625,76.58800844641634,75.07597347128643,75.46220156827906,6026400
2021-03-16,76.09492492675781,76.58797935004891,75.7662198880547,76.41541061537337,3122500
2021-03-17,76.16069030761719,76.19356144841852,75.24853652634955,75.95525037975563,3663100
2021-03-18,75.38822937011719,75.93059375449515,75.1334858820462,75.85663212502149,3496000
2021-03-19,74.36102294921875,75.70049508270952,74.29528694738559,75.50326826862583,4429400
2021-03-22,74.88697052001953,75.06775868446277,74.12273363275577,74.36926408782017,2677000
2021-03-23,74.78013610839844,75.36358476964793,74.36103688682824,74.86231082823808,2966400
2021-03-24,74.36102294921875,75.42109356418833,74.36102294921875,74.82121257921929,4144500
2021-03-25,75.1181869506836,75.29176475618134,73.42373334109857,74.25029792319486,4218800
2021-03-26,76.73823547363281,76.77956621589422,75.34961334272623,75.48186036682814,3864600
2021-03-29,76.29190063476562,76.82090137395292,75.6223791475237,76.57292951850239,5116600
2021-03-30,76.3910903930664,76.60599893109585,76.07699814993624,76.1761881612237,5822100
2021-03-31,75.92820739746094,76.7713003230529,75.62237629476721,76.39108145024193,4430400
2021-04-01,77.30856323242188,77.34989397270932,76.043920776327,76.32494963048782,5461200
2021-04-05,77.60612487792969,77.82930077975516,76.8539546125939,77.82930077975516,4239900
2021-04-06,77.80448913574219,77.81275654382021,77.27548853007208,77.65570732126093,5111600
2021-04-07,77.86237335205078,78.11034522444433,77.18459071452,77.82104891077631,3038500
2021-04-08,77.57305908203125,78.17645380188418,77.49867132124422,77.88715755518149,5034300
2021-04-09,77.48214721679688,77.79624573337642,77.30030203481631,77.69705573242717,5371000
2021-04-12,77.93675994873047,77.93675994873047,76.98620960412507,77.63919625292031,2828200
2021-04-13,78.32523345947266,78.42441713777393,77.72183875633807,77.82102874082439,3975300
2021-04-14,77.91197204589844,78.80465691904185,77.80451462423534,78.3996420771221,4569100
2021-04-15,79.27580261230469,79.27580261230469,78.22606218715474,78.3913725613235,6497000
2021-04-16,79.4493637084961,79.68080070619305,79.18486338167311,79.56508220734457,3754200
2021-04-19,79.60641479492188,79.60641479492188,78.9451670632111,79.49069628421783,2882900
2021-04-20,80.2593994140625,80.40818125355558,79.44936985941122,79.48243319109697,4968700
2021-04-21,80.78839874267578,80.92891947651076,80.06929178577275,80.35858805039958,4407000
2021-04-22,80.35033416748047,81.11077199285263,80.16848896876394,80.78015123829894,3207200
2021-04-23,80.82146453857422,80.98678119924942,80.29246383678517,80.53216826512487,5225600
2021-04-26,81.06117248535156,81.54058136283956,80.87105989386974,81.08596840898265,5404600
2021-04-27,81.05290985107422,81.3339450498861,80.84626873372501,81.30088171436785,3091100
2021-04-28,80.87933349609375,81.36700982085827,80.83800905560673,81.25955240198164,3509200
2021-04-29,81.57366180419922,81.93734593737122,81.02812614516012,81.41661251335086,3319100
2021-04-30,81.89599609375,82.07784125703579,81.17688284971591,81.32566468275105,4371300
2021-05-03,81.73895263671875,82.29274926869488,81.55710746056279,82.29274926869488,6844100
2021-05-04,81.20994567871094,82.0199814993881,80.74707167042992,81.35872751082775,6449000
2021-05-05,79.86265563964844,81.06943892264277,79.54029602393969,81.06943892264277,4580300
2021-05-06,80.30901336669922,80.37513373689522,79.56510402285832,79.92052702568303,5649700
2021-05-07,81.36699676513672,81.4165886082385,80.23460133355675,80.36685465674225,5884900
2021-05-10,81.34220123291016,82.3010126058519,81.33393382362512,81.66456082698575,3436700
2021-05-11,80.31726837158203,80.64789542219904,79.64775316606779,80.64789542219904,4036900
2021-05-12,78.28390502929688,80.28418914565314,78.22604577985469,80.1271462149873,4601200
2021-05-13,79.30060577392578,79.86266992604864,78.47404121528554,78.52363307082408,5118900
2021-05-14,80.24286651611328,80.52389536080577,79.60640845176913,79.72212695325254,3936600
2021-05-17,80.32551574707031,80.49909348645812,79.92050102183211,80.20979725414512,3320200
2021-05-18,80.34205627441406,80.86279587664913,79.84611890110254,80.34205627441406,3359800
2021-05-19,80.08583068847656,80.08583068847656,78.90384324863545,79.72214030508347,3602500
2021-05-20,80.98677825927734,81.24301119128992,79.87917874461174,80.1023546518751,2466500
2021-05-21,80.90414428710938,81.34222884130939,80.7140379523282,81.18517954251716,3020000
2021-05-24,81.91252899169922,82.21836008325391,81.19342201534677,81.26780978275464,3491500
2021-05-25,81.8877182006836,82.24314107264189,81.55709124669232,82.06129593263746,4243300
2021-05-26,82.25141906738281,82.71429307883695,81.871200228519,82.03651057369963,4518100
2021-05-27,82.06131744384766,82.51593041302907,81.96213374597991,82.50766300281133,4362900
2021-05-28,82.5572509765625,82.7969554121351,82.29275061768686,82.54072246308914,3409400
2021-06-01,84.04507446289062,84.05334187321473,82.6647133295247,82.96227703932874,4385000
2021-06-02,85.02867889404297,85.11960147911155,83.98720602355732,84.35915746706651,4446100
2021-06-03,84.7145767211914,84.92948521349763,84.31782937282576,84.92948521349763,4187600
2021-06-04,84.75590515136719,85.13612397743681,84.37568632529756,85.13612397743681,3121200
2021-06-07,85.75606536865234,86.12801686464417,84.89643754700974,84.92123347258432,4773100
2021-06-08,86.4668960571289,86.69833306319265,85.87176872371617,85.97095871468011,3935800
2021-06-09,86.58262634277344,86.96284523393253,86.54129559770094,86.71487968205642,3243000
2021-06-10,87.20255279541016,87.42572243068581,86.40905164993838,86.66528462121535,4010100
2021-06-11,86.85539245605469,87.30999911218322,86.42557541783236,87.21907651972028,3274100
2021-06-14,87.19428253173828,87.19428253173828,86.71487994087242,86.86365548873034,3531700
2021-06-15,86.26026153564453,87.19427704009371,86.26026153564453,87.11988927084981,4099600
2021-06-16,85.69819641113281,86.83059189835116,85.54114715868008,86.44210562513808,4498600
2021-06-17,85.59075927734375,85.7147389114211,85.02042773584043,85.4750407480803,5055100
2021-06-18,84.135986328125,85.52461469472475,84.135986328125,85.15265695181189,5358000
2021-06-21,85.87178039550781,86.13628076784406,84.14426371816494,84.56580704814107,3672900
2021-06-22,85.42542266845703,85.97095815593495,85.36756341731713,85.87176816561568,3088200
2021-06-23,85.2766342163086,85.75604300635865,85.20224645898269,85.42541603714534,3682900
2021-06-24,85.09268188476562,85.59214851243173,84.6265138790856,85.59214851243173,3229000
2021-06-25,85.66707611083984,85.7503194942686,84.97614396136137,85.11765834829656,2739100
2021-06-28,85.41734313964844,85.86686505001738,84.65149381875172,85.81691393704529,3940700
2021-06-29,85.18425750732422,85.9084819455781,85.12598650250996,85.5505296728439,3777300
2021-06-30,84.7347183227539,85.6587343185321,84.64314871228494,85.19256002403684,6640100
2021-07-01,85.10100555419922,85.75863267758137,84.50164307870213,84.93451244930417,6491100
2021-07-02,85.35905456542969,85.77527776517273,85.05104711123752,85.43397169287367,4451800
2021-07-06,85.98340606689453,86.13324670195031,84.7347362251175,85.3340987653406,4478800
2021-07-07,86.28307342529297,86.56610216195173,85.57549523258386,85.85019772667553,5085500
2021-07-08,86.04166412353516,86.38296385970504,85.33408592322581,85.51722515529555,6426800
2021-07-09,87.45681762695312,87.46514386933383,86.26641900899679,86.49118309584102,5780200
2021-07-12,88.20604705810547,88.28097055982654,87.22375974830719,87.40689902910985,5627600
2021-07-13,86.97400665283203,88.05618321179527,86.64102680735783,87.9812660808713,5474100
2021-07-14,87.58169555664062,87.83975193945896,86.78254767827755,86.98233306010262,3397400
2021-07-15,87.72322845458984,87.82312434212037,87.34030374565236,87.40690100400604,2990100
2021-07-16,87.66493225097656,88.40580907184564,87.60666125442717,88.0395369582761,6435400
2021-07-19,86.06663513183594,86.84913680148627,85.40067545327452,86.66599757232876,5097800
2021-07-20,88.09780883789062,88.4391085779404,86.40794356995704,86.53280545591284,4999700
2021-07-21,88.08948516845703,88.67219515681438,87.95629703585931,88.25597192196983,4329100
2021-07-22,87.39024353027344,87.68991845186837,86.9407216212861,87.68159855895135,3932400
2021-07-23,88.11446380615234,88.21435967599429,87.39023939075295,87.69824054173871,4128200
2021-07-26,88.15608215332031,88.3808399050137,87.51509481693311,88.03121391301842,2857700
2021-07-27,88.65555572509766,88.79707011138964,87.74819205304118,88.10613796505159,3096100
2021-07-28,88.3475341796875,88.90527809470971,88.07283169438868,88.73045876170772,3577300
2021-07-29,88.36418914794922,89.2216079482095,88.28094577578979,88.66387036857292,3357700
2021-07-30,88.48074340820312,89.67114221322775,88.43911854082049,88.539014411901,4325800
2021-08-02,88.28926849365234,89.62118789509049,88.11445550120263,88.96355443717256,4089800
2021-08-03,88.3974838256836,88.58894293800756,87.76482279356819,88.45575481870331,5178600
2021-08-04,88.1227798461914,88.73046218527779,87.78980000300292,88.3808362079079,4038300
2021-08-05,89.1550064086914,89.1716588929572,88.38083101794136,88.60559509809627,3294800
2021-08-06,88.99685668945312,89.61286530956825,88.86366220344843,89.2882116887601,2753600
2021-08-09,88.5223388671875,88.87197114936933,88.36417838466814,88.83867253434909,2727800
2021-08-10,87.68158721923828,88.65554805388511,87.56504522283929,88.64722181098163,3771000
2021-08-11,88.19770812988281,88.31425013707708,87.63997047387267,88.03954760644092,3256700
2021-08-12,88.38916778564453,88.43911254226565,87.98127078742591,88.39749402876893,2891900
2021-08-13,88.87200164794922,88.97189117622803,88.2809653183997,88.57232036098557,2601600
2021-08-16,88.76374816894531,89.25489479672129,88.54731670008532,88.78872689325503,3166800
2021-08-17,88.67219543457031,88.70549405558968,87.90634620431241,88.38916668249948,3004300
2021-08-18,87.86473083496094,88.53901046930558,87.80645983385786,88.48906571152088,3439200
2021-08-19,88.28926849365234,88.36419197673787,87.28200905083499,87.4235234231425,4069500
2021-08-20,88.73046112060547,89.09673957882407,87.59001358652658,88.0894801697851,3238900
2021-08-23,88.56398010253906,89.08841909620816,88.3142436192323,88.90528620632081,3230600
2021-08-24,88.17273712158203,88.75545351768146,87.78981247040632,88.68053002556928,2867100
2021-08-25,88.11446380615234,88.67220145621148,87.76483778830001,88.1560886730189,3329400
2021-08-26,88.14775085449219,88.43078593968004,87.7897986400577,88.19769560732327,2889400
2021-08-27,89.07177734375,89.34648621869142,88.37252531778589,88.46408859170346,3059300
2021-08-30,89.96247863769531,89.97080487966355,88.88862206201797,89.11338613772766,3600600
2021-08-31,90.38704681396484,90.49526257775402,89.52130165046228,89.68778841799377,4210100
2021-09-01,91.83550262451172,91.90209987239164,90.57018667010892,90.60347894298576,5683100
2021-09-02,92.3183135986328,92.3266398415226,91.27775552459742,92.01863236522564,5207100
2021-09-03,92.33496856689452,92.45151057425088,91.31938277330646,92.09355830849547,4460700
2021-09-07,91.29439544677734,92.18511284349628,90.58681727479608,92.11019571577378,4929300
2021-09-08,91.75223541259766,92.02694422546446,90.84486561129675,91.0696296767556,4265700
2021-09-09,89.88756561279297,91.35266671293304,89.86258688574907,91.2527772090056,6221300
2021-09-10,88.57229614257812,90.1123206760676,88.55564365837589,89.96248007355683,5894700
2021-09-13,89.17166900634766,89.91254586365443,88.92193252253212,89.34648200459348,5725300
2021-09-14,89.01349639892578,89.6794560787494,88.49737732950938,89.646157459652,3848200
2021-09-15,89.2965316772461,89.687782541479,88.64722443492877,89.12171867747317,4027400
2021-09-16,89.3714370727539,89.79598647258594,88.71380372040589,89.22159648169915,3405200
2021-09-17,88.57229614257812,89.62118036015346,88.39748316482587,89.17997844366043,6964300
2021-09-20,88.03121948242188,88.5390123676632,86.98233508901455,87.59002384302993,6207000
2021-09-21,88.07283782958984,89.12171579429508,88.04785910094809,88.4807348158641,4371800
2021-09-22,88.93025970458984,89.47135119119494,88.32257097478907,88.71382183973526,4650400
2021-09-23,88.75545501708984,89.49633195160776,88.67220527976698,89.18832443627768,4042800
2021-09-24,87.80643463134766,88.87019381548998,87.60540414123436,88.51840004345307,4881000
2021-09-27,86.62540435791016,88.43464042402505,86.54164484902134,87.83993960334124,4311000
2021-09-28,86.0390625,86.51649862524488,85.51136556811284,86.13119985666475,7096500
2021-09-29,86.68403625488281,87.10284018784351,86.35736969840873,86.52489510585754,6227000
2021-09-30,85.25171661376953,87.06932391549957,85.25171661376953,86.97718655085518,7019300
2021-10-01,86.4578857421875,87.05258656563684,85.3019827866474,85.80455262319923,6106100
2021-10-04,86.4746322631836,86.85155962828517,85.93856375278378,86.35736767593617,5638600
2021-10-05,85.87992858886719,86.60864969135558,85.57838926304031,86.54163953218506,4313800
2021-10-06,86.70079803466797,86.80968476426942,84.59840035532591,85.52814566254548,5587900
2021-10-07,86.93533325195312,87.96558749156061,86.82644651481043,87.16986246453233,4055300
2021-10-08,86.11446380615234,87.03583758338404,86.04746003271445,86.92694446947067,5295400
2021-10-11,86.3322525024414,86.70917352966562,85.72079587757459,86.13122838061794,2634200
2021-10-12,87.4630126953125,87.83156220492289,86.30711612940844,86.54164531172744,3666500
2021-10-13,88.09959411621094,88.13309919713898,86.80129938962277,87.35412363927422,3371000
2021-10-14,89.17174530029297,89.25550482068964,88.38439174959247,88.6105494841494,2721900
2021-10-15,89.10472869873047,89.95909236028112,88.71105834222604,89.88370432405426,3065400
2021-10-18,89.33087158203125,89.62403302880377,88.6021505082479,88.73617082130977,3424100
2021-10-19,89.37274932861328,89.89206846299157,89.29736769434113,89.71617159258288,3104500
2021-10-20,90.77992248535156,90.77992248535156,89.43975141007675,89.49838369491879,6018900
2021-10-21,90.90559387207033,90.94747682762718,90.52867283382574,90.72969696152671,4849600
2021-10-22,91.33277130126952,91.64268854219654,90.93909454373674,91.02285406034252,4873000
2021-10-25,91.6259307861328,91.860459983639,90.79670072625268,91.46678323477876,2625200
2021-10-26,91.87720489501952,92.18711570216124,91.59241490986054,91.80181686730896,2940600
2021-10-27,91.09823608398438,92.22062759136897,91.08985821574448,92.22062759136897,3573000
2021-10-28,92.37139892578124,92.38815466256185,91.11498706576694,91.18199723200692,3681000
2021-10-29,91.33277130126952,92.32952680307028,90.9223451965922,91.9693551302681,5990500
2021-11-01,91.7850570678711,91.96933179190668,90.28573845646495,91.550527924713,5846500
2021-11-02,92.22064971923828,92.57244358443194,91.50030624835073,92.08663574744942,3405900
2021-11-03,92.53055572509766,92.78183428796108,91.81021234209388,92.2792707717924,2723200
2021-11-04,91.65106201171876,92.89910248089268,91.2741409835832,92.56405801674906,3378800
2021-11-05,92.12010955810548,93.20061800710148,92.03634366493267,92.48028117125094,3209300
2021-11-08,92.0447235107422,92.62267495576656,91.45840058857294,92.4467780791158,2989800
2021-11-09,92.203857421875,92.4048814811453,91.9358232127014,92.14522513831952,2671500
2021-11-10,91.77667999267578,92.5137725047349,91.74317491615857,91.92744964178333,4021900
2021-11-11,91.92747497558594,91.94422432324043,91.29926899625391,91.91909710653783,2395200
2021-11-12,91.8604507446289,92.20387302818084,91.60079435785404,92.178745815324,3194300
2021-11-15,92.5054168701172,92.5305440841982,91.67618046279787,92.011224894907,2713500
2021-11-16,91.89396667480467,92.6310593642071,91.68456468902022,92.5640555854916,3043900
2021-11-17,92.17874908447266,92.30438515321256,90.43652317294897,91.65942990206436,4667900
2021-11-18,92.19550323486328,92.35465078414892,91.78507714456173,92.30438996359273,2812800
2021-11-19,91.65106201171876,92.28764585454743,91.30764606904172,92.20388633612195,2928800
2021-11-22,91.19874572753906,91.99447706572266,91.03960457225524,91.7431921398876,3352600
2021-11-23,91.93582916259766,92.20386338911788,91.04796059501687,91.39138284266718,3867100
2021-11-24,93.04987335205078,93.21739879297635,91.6594473398002,91.8772272177824,3227600
2021-11-26,90.46165466308594,91.71806653340656,89.92558610965109,91.71806653340656,3514700
2021-11-29,91.1317367553711,91.90233444467322,90.46164791831836,91.1317367553711,4825900
2021-11-30,89.40626525878906,90.8218246515971,89.33088361536765,90.58729546258677,6335800
2021-12-01,87.93207550048828,91.34951069490468,87.90694189684778,90.24386858103216,8641300
2021-12-02,90.5705337524414,91.09823078335177,88.16660333319453,88.36762742616763,7134400
2021-12-03,90.2689971923828,91.0982335834616,89.4900216189227,90.67105178112776,7798400
2021-12-06,91.8520736694336,92.51377820247204,90.81343540475184,90.81343540475184,7212400
2021-12-07,93.1754913330078,93.44352557756233,92.37976646679805,92.60591776452443,5363400
2021-12-08,93.84558868408205,94.07174000239912,92.97447571235658,93.1754998164652,5542400
2021-12-09,92.48866271972656,93.51892324780142,92.4635355052147,93.48541816497188,3724500
2021-12-10,92.77344512939452,92.9744692194646,92.3713905588138,92.95771987464234,3828200
2021-12-13,93.64456176757812,94.0549878316857,92.31276194055846,92.58917406943208,6555000
2021-12-14,92.44678497314452,93.56917647655158,92.00284742417855,93.38490171857345,5924500
2021-12-15,93.7450714111328,93.90421895160212,92.4467830450355,92.7231887857968,6675800
2021-12-16,93.71156311035156,94.58267603333016,93.20062181523488,94.03822965766344,6178900
2021-12-17,93.59429168701172,94.62455206973698,93.38488974170043,93.5524151322136,7201700
2021-12-20,92.86558532714844,93.1336195855428,91.81857550678912,92.61430041408587,6071100
2021-12-21,93.91259002685548,94.34814327658214,93.39327088371482,93.58592349195035,4251000
2021-12-22,94.87582397460938,94.96796133537669,94.0800991939169,94.18898589735107,4517500
2021-12-23,94.77533721923828,95.23601773996806,94.2811452244874,95.1103816645953,6977700
2021-12-27,96.3842544555664,96.40116113568544,94.71020930313163,94.7863054898406,9185100
2021-12-28,96.7393798828125,96.840839343347,96.10527276803192,96.32509837395445,3630400
2021-12-29,97.39037322998048,97.60174220985247,96.42653119780162,96.9338154594006,3842900
2021-12-30,97.81312561035156,98.21895049927392,97.43265752020775,97.43265752020775,3990400
2021-12-31,98.0836944580078,98.675525209914,97.77932251403564,97.8300490212072,5440300
2022-01-03,97.31430053710938,98.27814280198406,95.92772021043103,98.2527795503512,9845000
2022-01-04,97.19593811035156,98.14287372715008,97.11139178485394,97.5848563680176,5330700
2022-01-05,94.41431427001952,97.0606585837847,94.31286126660972,97.02683876582452,6928300
2022-01-06,94.49885559082033,94.879323684893,93.50965015707794,94.53267540699146,5974500
2022-01-07,93.87320709228516,94.56649721220002,93.64493139141646,94.25367519436034,6999300
2022-01-10,93.33210754394533,93.42511043235908,92.17380294763709,93.2982877253884,6571900
2022-01-11,93.47582244873048,93.5688253227313,92.03851586039544,93.2306336400437,5568500
2022-01-12,93.58574676513672,94.16067074161856,93.44201093316346,93.4842873161798,4331700
2022-01-13,93.3997573852539,94.2621402760248,93.23911484217568,93.84785874176526,3921700
2022-01-14,92.55426788330078,92.99391260846848,91.45514639467558,92.9009097232554,6465300
2022-01-18,91.58196258544922,92.07234022707398,90.97321881660058,91.94551753348549,5828700
2022-01-19,90.34757995605467,92.46127028545804,90.34757995605467,92.07235203890434,5111000
2022-01-20,89.18926239013672,91.56505436192904,89.13007932752097,90.46593296995653,6982000
2022-01-21,88.9694595336914,90.12775774951994,88.74117735725589,89.22309851248826,8031500
2022-01-24,89.1385498046875,89.36682552455291,85.90037463650673,88.06479794381225,15646100
2022-01-25,88.78343963623047,89.45981658933735,87.11785082655982,88.16623929668111,9942900
2022-01-26,87.39686584472656,90.34757559604591,86.805028710772,89.29918704938703,9589300
2022-01-27,85.95109558105469,88.66507284040671,85.57908406684203,87.92104981198138,7459300
2022-01-28,88.73270416259766,88.74116072878098,85.07179796256075,86.06945990668234,6924500
2022-01-31,89.82334899902344,89.9924480327179,87.9886680241014,88.4114059326347,7457700
2022-02-01,89.5020980834961,90.15311182498812,88.96099390991374,89.74728692003663,9610000
2022-02-02,90.64349365234376,90.90558918423994,89.85720060618434,89.9671166296021,4619300
2022-02-03,89.67964172363281,90.51666118234358,89.6120020935125,90.06855992111933,5453100
2022-02-04,88.79190063476562,89.84874580084082,87.95488106936595,89.09627255863296,6865600
2022-02-07,88.66507720947266,89.27381455753935,88.47061487642365,88.72426027597096,5860900
2022-02-08,88.25078582763672,88.93562579933051,88.03096670383052,88.6143407791257,6106100
2022-02-09,90.2461166381836,90.31375627394452,89.17236483497904,89.17236483497904,5746600
2022-02-10,88.11549377441406,90.24609006987404,87.61665967062144,89.01169610775858,6948000
2022-02-11,87.31231689453125,88.90181614336667,86.78812582350761,88.56362440209503,5679000
2022-02-14,86.51757049560547,87.9717904135372,86.14555894902647,87.43068622786085,5350200
2022-02-15,87.29541015625,87.81115111001468,86.98258166693458,87.2700469045027,3612600
2022-02-16,87.70125579833984,87.92107498287916,86.76277662824108,87.38842725814959,4333000
2022-02-17,86.77120971679688,87.63359895002652,86.65284357897644,87.37149697302067,4847000
2022-02-18,86.24701690673828,87.46449807815647,86.12865077132915,86.55138881221048,4809500
2022-02-22,85.93417358398438,86.55137385521944,85.36770625520789,85.91726690347784,6656900
2022-02-23,84.5137939453125,87.03331567371302,84.47997412575003,86.66130410899684,6201000
2022-02-24,85.93417358398438,86.20472562537535,82.6114528988396,82.86509825972404,9479200
2022-02-25,88.00560760498047,88.1324303150495,85.89191727206648,86.28084196973712,5870300
2022-02-28,86.69512176513672,87.62514420324801,85.78200601114925,87.27850234970718,7296900
2022-03-01,86.23856353759766,87.43913807010611,85.77354909519678,86.91494700827695,8896200
2022-03-02,87.85342407226562,88.29306880318123,86.4245674084662,86.55139011273035,6946100
2022-03-03,88.57206726074219,88.86798256962791,87.43067595477162,88.34378512926611,6517000
2022-03-04,88.9779052734375,89.06245159554359,87.5744182651578,87.80269397989134,6438500
2022-03-07,87.21931457519531,88.99481303409148,87.17703819145972,88.78344401635454,6506200
2022-03-08,86.79656982421875,88.35224257817342,86.50064806190628,87.17703144652049,7090600
2022-03-09,88.1324234008789,89.01171928444506,87.98869401762965,88.25924610099844,5785900
2022-03-10,88.35224914550781,88.56361816260232,86.96566890940542,87.202401176476,4034900
2022-03-11,87.65052032470703,89.44293227714967,87.59133724587728,89.02865072534136,5381600
2022-03-14,86.9656753540039,88.30152918914773,86.57675710778564,88.1493432275431,4539900
2022-03-15,87.5490493774414,88.20851967807359,86.7542998097716,87.74350526071987,5245000
2022-03-16,88.58898162841797,89.00326309680085,86.71202371997035,88.19160684323684,6561300
2022-03-17,89.95864868164062,89.95864868164062,88.25078353055292,88.26769666300252,3844300
2022-03-18,89.95864868164062,90.26302056103307,89.41754455171403,89.90791573476184,5815300
2022-03-21,89.40910339355469,90.44058533475666,89.02018513630121,90.02630382492791,4571900
2022-03-22,89.63737487792969,90.18693564279738,89.44291898373504,89.95020336266259,4749800
2022-03-23,88.6316909790039,89.68581629287684,88.51267714449088,89.26076503082528,4595400
2022-03-24,89.19276428222656,89.21826632280298,88.31715963167294,88.65720197281746,3893400
2022-03-25,90.306396484375,90.306396484375,89.26927033859062,89.5838041303081,4495100
2022-03-28,91.26700592041016,91.26700592041016,90.20437778374904,90.3914013735242,4130800
2022-03-29,93.9448471069336,94.09786584570888,92.07461735681692,92.1681291686112,5350500
2022-03-30,93.2647705078125,93.73232960751947,92.84822198265394,93.56230516864004,5216200
2022-03-31,92.12562561035156,93.9278390597551,92.12562561035156,93.64731011719503,7466900
2022-04-01,93.91934967041016,93.953348071122,92.2531426616964,92.550683796961,6568700
2022-04-04,93.46027374267578,94.15735755425771,92.63567325509656,93.95332827835504,6311800
2022-04-05,93.00122833251952,94.35288839107132,92.72069291010634,93.19674830394572,4993700
2022-04-06,94.1063461303711,94.1998579261947,92.18511910980958,92.6271695653477,5050800
2022-04-07,93.1712417602539,93.63880077501342,92.55916686302982,93.5622881699764,5338200
2022-04-08,93.32427978515624,93.7323319629518,92.64420146985611,93.30728058372571,5941000
2022-04-11,92.32115173339844,93.5878029377839,92.12563174483024,93.07774261598436,4315700
2022-04-12,92.18511962890624,93.02671931029016,91.8280716402204,92.3636403803654,5094800
2022-04-13,92.83970642089844,92.97572595336828,91.9471025606961,92.24463718076356,4673100
2022-04-14,92.44014739990234,93.61329304350986,92.36364128528494,93.20524097491428,4464700
2022-04-18,92.06612396240234,92.771704266233,91.61556408845544,92.25314110624002,4256900
2022-04-19,94.0723648071289,94.327391717296,92.44866559025976,92.54217740305162,7536100
2022-04-20,95.63654327392578,95.95108357334767,94.34439016520716,94.41239344457372,5395900
2022-04-21,94.97345733642578,96.41013271248734,94.888448379105,96.12109447467547,4820700
2022-04-22,93.30726623535156,94.82895071727545,93.2477593108414,94.73543890936398,4917800
2022-04-25,93.06924438476562,93.4517879969704,91.52205776452458,93.01823381357458,6032300
2022-04-26,91.53905487060548,93.3667768904006,91.47954794371763,92.79720966365028,6217500
2022-04-27,90.93547821044922,92.32964598702826,90.85896560212431,91.59005437347288,6007100
2022-04-28,92.61017608642578,92.90771068888525,90.41690989840832,91.38602630971504,7235300
2022-04-29,88.35966491699219,92.16812087251384,88.1386364284853,92.04060418738416,9573900
2022-05-02,86.22589874267578,88.86971809504692,84.4661867881627,88.30015096402613,11885700
2022-05-03,87.2970199584961,87.82407931025888,85.93685089206708,86.51492079956938,7245400
2022-05-04,88.30014038085938,88.47866111012158,85.80934003983892,87.35652617921146,8686700
2022-05-05,85.94537353515625,88.39367323023245,85.28229452966254,87.93461703740566,8884000
2022-05-06,84.92524719238281,85.60532535013316,84.04964259174645,85.33329278987945,9398500
2022-05-09,81.184814453125,84.16017414512434,80.88727978107895,84.16017414512434,8491700
2022-05-10,79.70561981201172,82.68097884556535,79.06804287625023,82.1029088310442,12528300
2022-05-11,79.53559112548828,81.39731775320033,79.36557321273904,79.8756334367544,9095800
2022-05-12,80.15617370605469,80.24968550948559,78.95752594522303,79.39108008060555,8312300
2022-05-13,82.27293395996094,82.29843600190247,80.33470094318174,80.8532640818881,7536700
2022-05-16,81.7543716430664,82.4514555681393,81.58435370456809,82.07741480628927,4614200
2022-05-17,82.86801147460938,82.89351351709388,81.64386154920386,82.73199193366712,4492000
2022-05-18,80.46220397949219,82.74047896886127,80.14766371548262,82.62146513615872,5130300
2022-05-19,80.10515594482422,81.06576936918539,79.81611774201244,79.81611774201244,6365100
2022-05-20,80.61524963378906,81.04030103143329,79.35709464302352,80.84477453477831,4471300
2022-05-23,81.55033874511719,81.77986358231165,80.14766822559959,81.31231106631766,4662400
2022-05-24,82.23892974853516,82.3919484872053,79.96065435376231,81.17630142048381,5895300
2022-05-25,82.9360122680664,83.15704077257394,81.67786398098649,81.91589168471683,4589300
2022-05-26,83.03803253173828,83.85413035071684,82.92752151490133,83.25055820811089,4355200
2022-05-27,85.26528930664062,85.2822885040917,83.47157238735025,83.47157238735025,4990000
2022-05-31,84.21965789794922,84.78072868431715,83.76060175067573,84.4831876084003,6276900
2022-06-01,83.5225830078125,84.59371413263011,82.44295552648775,84.50020232490493,4607100
2022-06-02,84.67021942138672,84.71272714657682,82.19642417660717,83.20804188129543,5450800
2022-06-03,83.5395736694336,84.45768596830973,83.31855167900493,84.0071326602782,4989900
2022-06-06,83.27604675292969,84.40668472454587,83.07202395269833,84.23666031954652,5445300
2022-06-07,84.42369079589844,84.46619852205122,82.54496474662373,82.86800789954059,6489200
2022-06-08,82.47694396972656,84.09214006140266,82.29842321809775,83.87961443054444,4566100
2022-06-09,80.52173614501953,82.58748615435245,80.52173614501953,82.12842987608187,4358600
2022-06-10,78.73650360107422,79.68011798741007,78.68549303575337,79.4675923415825,7260100
2022-06-13,74.800537109375,77.0278085882969,74.47750040809267,76.98530085765253,8559700
2022-06-14,74.23096466064453,75.20008118265439,73.64439174467117,75.05556528577559,8707300
2022-06-15,75.99066162109375,77.02778770424382,74.73251355867069,74.92803350077891,8851100
2022-06-16,73.99292755126953,74.80902523003229,73.66989091356172,74.18844750790896,8083300
2022-06-17,74.55400848388672,75.53162794227117,73.87393017623134,73.96744199747145,7791800
2022-06-21,75.59111785888672,76.40721553582233,75.20857430230582,75.24257918289912,5933100
2022-06-22,76.55174255371094,77.52935536568843,74.79203041207597,74.80052676841498,6250200
2022-06-23,78.0061264038086,78.2285628968572,76.7912924896916,76.83406447064607,6139300
2022-06-24,79.66581726074219,79.76847521602657,78.33120509830165,78.56219855185675,4656500
2022-06-27,79.54606628417969,80.41013476220516,79.07552877469308,79.60595228292486,3784200
2022-06-28,78.57931518554688,80.62400237610098,78.46810021201082,80.01658547063477,4735900
2022-06-29,78.09166717529297,78.2456606471512,77.22759233169499,78.13444567800813,4606700
2022-06-30,77.94624328613281,78.90442576864177,76.96239630868699,77.54414879323097,6402600
2022-07-01,79.34929656982422,79.57173308321008,77.6810390371415,77.82647553443496,4512500
2022-07-05,79.12686157226562,79.15252606909324,77.27894600274628,78.54510904486266,5154400
2022-07-06,78.98140716552734,80.03369698647698,78.71619872232384,79.37494459085883,3428900
2022-07-07,79.1952896118164,79.8968140098643,78.98996714892233,79.4604980650164,3032400
2022-07-08,78.77610778808594,79.36641083547275,78.39967773745632,79.02420881899317,3509800
2022-07-11,78.60498046875,78.92152443411655,77.99756355716833,78.51942998616222,3453200
2022-07-12,78.29698944091797,79.09262128909631,77.74090806945352,78.19433147798082,4396100
2022-07-13,77.92056274414062,78.49375810329973,76.9281589637313,77.41580384835787,5572400
2022-07-14,77.21904754638672,77.56125601209062,76.52607360838833,76.62873810622457,4494500
2022-07-15,78.52799224853516,78.90442222961647,77.76658180649984,78.47666326096366,5124800
2022-07-18,77.9719009399414,79.16107029963044,77.6639139735531,79.0755198149856,3397900
2022-07-19,79.99092102050781,80.08502850858096,78.58787223279606,78.6734227145671,3659100
2022-07-20,79.8027114868164,80.7780014051033,79.40917402216414,79.84548999416106,4212400
2022-07-21,80.43578338623047,80.44434039210113,79.03273466926329,79.96525249667322,5062800
2022-07-22,80.85501098632812,81.36832049982186,80.2390369593018,80.91489698745099,3615200
2022-07-25,80.99188232421875,81.45386279798312,80.58123736559527,80.9405533361618,3252800
2022-07-26,81.07743072509766,81.51374669359572,80.77800075733772,80.98332975844491,3337300
2022-07-27,81.56507110595703,81.76184308921168,80.581230770934,81.27419816132705,4160900
2022-07-28,84.20862579345703,84.28561927020921,82.09549557036758,82.10405257681231,4100300
2022-07-29,84.66204833984375,84.97003529778563,83.86641645300782,84.20862490928583,3301300
2022-08-01,83.97764587402344,84.43961982742006,83.57555138950784,84.22574033796145,3572700
2022-08-02,82.89968872070312,84.19152262255989,82.84835320648719,83.95197211941444,4731300
2022-08-03,83.1648941040039,84.02896900880289,83.12212212534239,83.41299507774158,3107000
2022-08-04,83.03656005859375,83.40443299352131,82.53180766236552,83.27610401118227,2884200
2022-08-05,83.26756286621094,83.31033484706309,82.1382794437885,82.42915241108517,2719300
2022-08-08,84.01184844970703,84.61071484805848,83.52420354679333,83.84074749422551,4694200
2022-08-09,84.47383880615234,84.48239581305866,83.75520687603391,84.12307984799943,3403700
2022-08-10,85.75712585449219,85.88545486494014,85.0983798405834,85.43203135149734,3165200
2022-08-11,85.55179595947266,86.509978423969,85.31225197511958,86.13354843308043,2151600
2022-08-12,87.0232925415039,87.0831785407902,86.03944553001404,86.06511002583895,3423700
2022-08-15,87.3740463256836,87.50237532424947,86.68963587847226,86.8436293713345,2135300
2022-08-16,87.14305114746094,87.57936709068242,86.82650718440483,86.98905766909355,3680800
2022-08-17,86.62120056152344,87.13451007424888,86.09933404091193,86.35599206081694,3683400
2022-08-18,86.04800415039062,86.84363617129722,85.64590963603892,86.6297566659684,2263400
2022-08-19,85.14114379882812,85.87688976047275,84.84171382073647,85.53468780098743,2788800
2022-08-22,83.28467559814453,84.54228809649175,83.19912510396863,84.47384509031728,3517500
2022-08-23,82.21527099609375,83.24189641871041,81.8987335422977,83.19911791177832,5605300
2022-08-24,82.68582153320312,83.1905740539468,82.22384099906827,82.29228401014413,2292200
2022-08-25,83.91773986816406,83.9434108855252,82.77134912185346,82.94245007509646,2129200
2022-08-26,81.80461883544922,84.00329943996145,81.77039733833783,84.00329943996145,3187200
2022-08-29,81.06888580322266,81.90728977042913,80.91489230537678,81.31698680125679,2833800
2022-08-30,79.94815063476562,81.37687058646935,79.7171636578189,81.37687058646935,3643600
2022-08-31,79.57171630859375,80.76088558675615,79.39205834503143,80.40156965963149,4100800
2022-09-01,79.7171630859375,79.73427057307289,78.28844967156724,79.09263210861012,4746100
2022-09-02,78.60498046875,80.5641171973022,78.41677201789027,80.41012371781083,3561800
2022-09-06,79.31507873535156,79.64873025732516,78.502339187382,78.93864869944912,4591800
2022-09-07,80.86356353759766,81.0261140564151,79.28085644418259,79.31507794956967,3681100
2022-09-08,81.08599853515625,81.36832105398018,80.2048160010252,80.44436000714805,3408300
2022-09-09,81.96717834472656,82.24950085416619,81.00044534441187,81.34265385339162,4129900
2022-09-12,82.76280975341797,82.91680325498697,82.18961425811058,82.2922787681847,2737500
2022-09-13,79.59739685058594,81.36831887947875,79.34073883540778,81.14588236812997,4824900
2022-09-14,78.6905288696289,79.50326815592375,78.13444100301957,79.26372422005086,5301500
2022-09-15,77.23616027832031,78.94719619596883,77.15060978785469,78.71620921900325,6727800
2022-09-16,77.24471282958984,77.33026331512043,76.2266444286499,76.83406136112588,6807800
2022-09-19,77.13351440429688,77.16772938418487,76.03844576241434,76.55176183992508,4467100
2022-09-20,75.25991821289062,76.48330919298088,74.8749312032463,76.41486618765511,5850800
2022-09-21,74.07073211669922,76.22663408408174,74.04506762723129,75.78176770344442,7128900
2022-09-22,73.12967681884766,73.8825302607832,72.87301882448484,73.84830875972924,6743600
2022-09-23,72.15764617919922,72.75434320764894,71.36203914495883,72.38248547790343,8982100
2022-09-26,70.1340560913086,71.8203906535703,69.3989902246852,71.76849907158116,8119600
2022-09-27,69.20008850097656,71.21503900935544,69.02713415082809,70.73941124755436,10015000
2022-09-28,70.63563537597656,70.92101599454527,69.12226170499083,69.83138510405558,9000200
2022-09-29,68.5601577758789,69.92651973969335,68.08452995658226,69.92651973969335,8576300
2022-09-30,69.3298110961914,69.82273827680294,68.75040673609793,68.92336109506182,9023600
2022-10-03,70.56646728515625,71.0075095613161,69.21740455547567,70.39351289337719,8718400
2022-10-04,71.99333953857422,72.52950852655654,71.2842162178414,71.38799277616262,6439300
2022-10-05,70.58374786376953,71.12855999062263,69.41628293827874,71.01614032571861,6518400
2022-10-06,68.62068176269531,70.67022438874791,68.47366991044882,70.38484378300919,7820800
2022-10-07,66.96894073486328,68.35259517199171,66.51924891918105,67.97208772761209,6913700
2022-10-10,66.33765411376953,67.63483156596945,66.23387754239069,67.06407691785004,6549500
2022-10-11,67.01217651367188,67.4705114308145,65.51610241046237,66.29441009890495,7189700
2022-10-12,66.31169891357422,67.02082218764828,65.89659930538686,67.02082218764828,6634400
2022-10-13,67.52240753173828,67.85102342318956,64.56484471532094,64.98858747494225,8561200
2022-10-14,65.8447265625,68.56015081880656,65.74959968873631,68.04128116050457,7320700
2022-10-17,68.32665252685547,68.58608402197328,67.0121758662334,67.06406744348479,5823800
2022-10-18,69.07037353515625,70.03892841735828,68.43042794766099,69.45087441125621,5609200
2022-10-19,67.34944915771484,68.62068408281853,66.93435607877417,68.3958381496841,6452100
2022-10-20,67.05543518066406,68.13641651914952,66.86518140944479,67.3840511323605,4959700
2022-10-21,67.58295440673828,67.61754660120442,66.19064991896192,67.28892405266933,6060100
2022-10-24,67.57429504394531,68.41313749586199,67.08136788942944,68.13640657749843,4918000
2022-10-25,70.22918701171875,70.3589060774958,67.8077930409521,67.8077930409521,5815800
2022-10-26,70.18595886230469,70.834547659391,69.71032443866015,70.16000976828063,5746800
2022-10-27,70.28971099853516,71.10261086242137,70.06486509192699,70.57509158025496,5239600
2022-10-28,71.83769226074219,72.01929632551655,69.80544875746403,70.00434561983234,4651400
2022-10-31,71.75985717773438,72.14900776136805,70.98154941268152,71.17180315500394,5112200
2022-11-01,71.7339096069336,72.75435612099977,71.56960495145375,72.5381598815602,4751100
2022-11-02,69.7621841430664,72.14034220365858,69.62382201402511,71.28420714922493,7240200
2022-11-03,69.66706085205078,70.19458010390082,68.34394117366061,69.12224880735612,5231600
2022-11-04,70.61834716796875,71.09397496536579,69.2692780642613,70.22054025684143,5664800
2022-11-07,70.61834716796875,71.38800529996607,70.14271277278567,70.99019838883875,5545800
2022-11-08,70.83454132080078,71.58690003551318,70.3848494336343,70.80859222909876,5578400
2022-11-09,70.10810852050781,71.44852769614391,69.9265044911648,70.66157030453932,5510300
2022-11-10,75.23628997802734,75.38330183474578,72.5986932649708,72.64193515119882,8312600
2022-11-11,75.2276382446289,76.00594599116387,74.94226423572053,75.26223043311772,5928000
2022-11-14,73.3943099975586,74.9076838439015,73.34241840776068,74.81255696002275,6181900
2022-11-15,74.18988800048828,74.70875755545353,73.40293067385991,74.3714920148369,5283900
2022-11-16,73.51536560058594,74.28502362752555,73.34240466331656,73.99964302936992,4258200
2022-11-17,73.01378631591797,73.16944785531629,72.2960132954821,72.60733637427874,4463400
2022-11-18,73.93911743164062,74.23314116443153,73.19540180450534,73.88723244298009,3854100
2022-11-21,74.32826232910156,74.39744670718854,73.45483429744893,73.67967362955343,3505900
2022-11-22,74.7347183227539,74.82984520083927,74.16396365202766,74.64824114207246,3514700
2022-11-23,74.79524230957031,75.15845697293213,74.18989553360899,74.63958076749668,4423800
2022-11-25,75.2708740234375,75.28816681738638,74.8644240888983,74.8644240888983,1524100
2022-11-28,73.25592041015625,75.20168623124295,73.08296608739568,74.84712789024842,4032700
2022-11-29,74.46662139892578,74.56174825697525,73.08296700609431,73.31645600453463,6035700
2022-11-30,76.1702651977539,76.22215018701708,73.74021483528142,74.29368331116126,7077800
2022-12-01,76.00593566894531,77.29446317568086,75.3832895562777,76.72370863759184,5038900
2022-12-02,75.78109741210938,76.16160487438106,74.79524316693737,75.10656625465327,3953700
2022-12-05,74.39744567871094,75.55626090339912,74.2331344324722,75.55626090339912,5983200
2022-12-06,73.69696807861328,74.58769544392118,73.3769952997672,74.5531032571985,5276900
2022-12-07,73.843994140625,74.62230199726625,73.40295192223057,73.5499703935529,6206700
2022-12-08,74.36285400390625,75.03738519112608,73.93911123717835,74.07747999239544,3994400
2022-12-09,74.2245101928711,74.94228344295776,73.93912951303611,74.12073360080736,4572500
2022-12-12,74.79524230957031,74.80389200573691,73.55859966914788,74.39744205711216,5115900
2022-12-13,76.17888641357422,77.37229360608573,75.30545855555201,76.86206716635502,6864400
2022-12-14,75.6600341796875,77.06098818780666,75.27953328440199,76.12701884906055,6553300
2022-12-15,74.64822387695312,75.34005435796556,74.23312426878879,74.81253510069507,5325500
2022-12-16,72.71976470947266,73.86993029907305,71.91552102402167,73.86993029907305,8166400
2022-12-19,71.79443359375,72.64192562911492,71.36204117929098,72.64192562911492,3776100
2022-12-20,71.61283874511719,72.02793841919794,70.79129569151809,71.45717719206009,6614800
2022-12-21,72.2268295288086,73.00513723232932,71.99334051664486,72.08846738028545,7101700
2022-12-22,71.92340850830078,71.96725488182247,70.59035296172284,71.62522238957747,6619400
2022-12-23,72.56361389160156,72.58992305155225,71.38842680688649,71.70415010837003,3539500
2022-12-27,72.53730010986328,72.76532396663656,71.8970882883961,72.53730010986328,3961900
2022-12-28,71.30072021484375,73.02841955809602,71.19547689457461,72.68638713101751,5168000
2022-12-29,72.8617935180664,73.01965515480032,71.59012847464405,71.80061511764728,5398400
2022-12-30,72.33558654785156,72.66007506303478,71.47611619434198,72.33558654785156,4897700
2023-01-03,72.40574645996094,73.54585903440655,71.61644496030776,72.94072163970449,5906600
2023-01-04,74.04574584960938,74.70350149554656,72.94071449094471,73.01087669902677,6860200
2023-01-05,72.0549545288086,73.45816548499465,71.87954897738682,73.45816548499465,6839500
2023-01-06,73.99313354492188,74.24746655158559,72.09002196968467,72.41451719012534,5962000
2023-01-09,74.01945495605469,74.83507242588338,73.70373163282822,74.22993494119297,5699200
2023-01-10,74.18606567382812,74.18606567382812,73.2038214970327,73.90542352459563,8040700
2023-01-11,76.84341430664062,76.86972346612411,74.7385945644742,74.7385945644742,5663300
2023-01-12,77.81687927246094,77.93088783993821,76.4136619042431,77.17666084638383,5890600
2023-01-13,77.33453369140625,77.64148502612143,76.76447738919963,77.00127319814938,4153800
2023-01-17,77.55377960205078,77.95720228090663,77.2468282910775,77.44853628498706,3943900
2023-01-18,76.42243957519531,78.03613699306187,76.29088710069495,77.77303204406115,5984200
2023-01-19,76.00147247314453,76.85216411996707,75.95761942212734,76.00147247314453,4696800
2023-01-20,76.90479278564453,76.93110194109461,75.1332338202593,76.01901330295192,4251100
2023-01-23,77.25560760498047,77.6941114693049,76.42245293917924,76.91357512609045,5154100
2023-01-24,77.44852447509766,77.77301963495199,76.29964687591361,77.0451018577585,3810600
2023-01-25,77.48362731933594,77.6064078594582,76.73817212829715,77.09774848939637,4953300
2023-01-26,78.35186004638672,78.36940394632445,77.50116824845266,77.92212817243527,3939000
2023-01-27,79.22886657714844,79.52705265254944,78.17646009099288,78.17646009099288,4972100
2023-01-30,78.22030639648438,79.43934636927342,78.18522529116942,78.59741991482437,4737700
2023-01-31,79.86030578613281,79.95677715242826,78.17645288703599,78.30800535844219,5449600
2023-02-01,80.3514404296875,80.8951808709881,78.57988129302927,79.43057975368785,9787400
2023-02-02,82.17560577392578,82.90352365526853,81.05303716662148,81.07934632288068,5218600
2023-02-03,80.632080078125,81.07058387373623,79.63229195941435,81.02673081776034,5353000
2023-02-06,80.04447937011719,80.14095073978777,79.22886204810756,79.63229142547738,3787500
2023-02-07,79.86907958984375,80.23742116550522,78.81667317622902,79.6673649035319,5912700
2023-02-08,79.49195861816406,79.93923431301626,79.21131648808813,79.50073056658286,4886900
2023-02-09,78.62373352050781,80.27250541739788,78.41325356774328,79.81646440456856,2905100
2023-02-10,78.8956069946289,79.04469668853076,77.84320049633214,78.2729323691823,3270300
2023-02-13,79.59720611572266,79.71998663590374,79.00084072154176,79.08854013723732,2921900
2023-02-14,78.96576690673828,79.94801784989939,78.49218198901974,79.34288045097506,4217600
2023-02-15,79.28148651123047,79.2990237187612,78.26415450748956,78.48340640232647,3669900
2023-02-16,78.50971984863281,79.20255667709597,77.54501279684966,78.16768740928276,4493100
2023-02-17,78.20277404785156,78.45710708066925,77.45731885016535,78.23785515834756,4299600
2023-02-21,76.63292694091797,77.72042125713301,76.29089448871665,77.71164930704037,4926400
2023-02-22,75.94007873535156,76.97494788736209,75.59804633427521,76.82585821325937,4456500
2023-02-23,76.51013946533203,76.71185415294543,75.67698494009751,76.4049028379136,6074900
2023-02-24,75.16830444335938,75.71205144731005,74.78241904113402,75.65066119614106,5065400
2023-02-27,75.28231811523438,76.43120245239749,74.95782963315719,75.89622735968882,5170800
2023-02-28,75.17708587646484,76.15933001910365,75.08938646244873,75.2472480840923,7261100
2023-03-01,74.22991943359375,74.87013789723024,73.6335540244254,74.65088600696299,7041800
2023-03-02,75.09815979003906,75.21217506244466,73.5984775687901,73.70372089154054,5208800
2023-03-03,76.23827362060547,76.41367247036789,75.4752745729608,75.69452648068243,4542100
2023-03-06,75.94007873535156,76.65923133263014,75.76467990594087,76.58906912445129,3893700
2023-03-07,74.16854095458984,75.95763746631599,74.0106793008776,75.88747524443549,6540600
2023-03-08,75.01923370361328,75.45773751996053,74.09837301286915,74.1334541211014,5750400
2023-03-09,73.30030059814453,75.21217753249103,73.14243895435308,75.14201531501988,5974200
2023-03-10,70.87097930908203,73.34414037901763,70.49386578783839,73.19505069855862,10351000
2023-03-13,71.80060577392578,72.75654072844335,70.23952681780166,70.50263174179823,16288000
2023-03-14,72.49345397949219,73.33538050220385,71.71291103226278,73.01965721980731,8706400
2023-03-15,72.44082641601562,72.66007831599815,71.30072055072874,71.30948580918141,10284900
2023-03-16,72.28297424316406,72.64255061790634,70.99377183192766,71.79185206404081,10324300
2023-03-17,70.6429672241211,72.05495004272879,70.57280500792062,71.98478782652833,9103200
2023-03-20,71.44981384277344,71.75676518003267,70.5464970398231,71.1779436142063,6300300
2023-03-21,71.13407897949219,72.10755784140649,70.51140445637303,71.91461512051734,5024500
2023-03-22,68.47675323486328,70.74819964815468,68.45920933633835,70.7218904914041,8283600
2023-03-23,68.04701232910156,69.71332800585145,67.80145128661904,68.82755520133043,6274400
2023-03-24,69.79204559326172,69.80975858486454,67.51554433940157,67.72813402915733,8380000
2023-03-27,69.71232604980469,70.46526003875485,69.60603457511428,70.20837771141143,4956700
2023-03-28,69.54402160644531,69.854049638342,68.93281865920311,69.19856083403126,4213800
2023-03-29,71.08531188964844,71.1738903659274,70.24380622784146,70.36781744625291,6364000
2023-03-30,72.01539611816406,72.23684566741044,71.66107548774907,71.76736694620082,4838000
2023-03-31,73.55667877197266,73.6275442455177,72.31656001734858,72.43171134328162,6148200
2023-04-03,72.97206115722656,74.07045590958509,72.60002749502674,73.46811279826433,7582700
2023-04-04,72.87461853027344,73.27323179477169,72.38743355113684,73.1226477152988,6243400
2023-04-05,72.48486328125,73.16692487419633,72.3785650717335,72.67088007932627,7024100
2023-04-06,72.98091888427734,73.02521150099463,72.16598609827325,72.74175632507563,7008200
2023-04-10,73.31752014160156,73.33523989161432,72.21913217446756,72.63545844440907,3972100
2023-04-11,73.62755584716797,74.22989895100623,73.16693695464804,73.45925201050439,4839400
2023-04-12,73.27323150634766,74.38933918120345,73.14922029337527,74.28304095946815,5920500
2023-04-13,73.05176544189453,73.3706532769506,72.35198417930498,73.32636067170843,3884400
2023-04-14,71.91796875,73.53012144419212,71.36877135114808,73.09607539560216,5078300
2023-04-17,73.41494750976562,73.43266725712759,71.91795324664746,71.91795324664746,5148900
2023-04-18,73.24665069580078,73.50353296855371,72.8746103391324,73.49467309484402,4189600
2023-04-19,73.68069458007812,73.84899840074848,72.60887956855959,72.87461497381896,3624200
2023-04-20,72.95433807373047,73.31751181047044,72.57344458899125,73.23779321878499,4604400
2023-04-21,72.96320343017578,73.3175173195392,72.35200048224664,72.98091642140226,5136600
2023-04-24,72.68859100341797,73.29093399069174,72.12168075164304,72.95433314060766,3673500
2023-04-25,71.97110748291016,72.53801781966565,71.8913888846653,72.28113551736953,5127500
2023-04-26,71.28018951416016,72.47601585465263,71.12074555155418,71.8293801290549,5128500
2023-04-27,72.89232635498047,73.09605613314925,71.40418527879982,71.52819647197293,6439300
2023-04-28,73.78699493408203,74.15016869255268,72.82147135346193,73.00748816996213,5352800
2023-05-01,73.23779296875,74.07044541117531,73.12264163956289,73.79584338295419,4817200
2023-05-02,71.99767303466797,73.2023590674141,71.45733561888757,73.05177500284672,5442500
2023-05-03,71.71421813964844,73.14921359010535,71.65221253884432,72.35199389540706,7538900
2023-05-04,72.30770874023438,72.73289487395112,71.24475354309901,71.67879279348378,7231800
2023-05-05,73.51239776611328,73.6718417277076,72.71517795814167,72.73289770837691,4560600
2023-05-08,73.08720397949219,73.58324875871038,72.78602910775025,73.3529393577434,4896000
2023-05-09,72.77718353271484,73.08721155184732,71.97110392486644,72.73289091936564,4522000
2023-05-10,73.47695922851562,73.76041438698185,72.72403209741198,73.48581910293446,6331600
2023-05-11,72.67089080810547,72.98977872563057,72.21913179859416,72.95434598389394,5175400
2023-05-12,72.66202545166016,72.89233487652183,72.06854227807808,72.81260952410265,3293800
2023-05-15,72.53799438476562,72.97203349278342,72.35197762418657,72.78601673220437,3477400
2023-05-16,70.72212982177734,72.45830035819665,70.71327670501411,72.36086200896584,5401000
2023-05-17,71.67877960205078,71.80279079362398,70.52724614342779,71.17387496261617,4849000
2023-05-18,71.33331298828125,71.70534653222789,70.78412254477026,71.3776055922236,4009000
2023-05-19,71.21817016601562,72.02424294062153,70.8727094400269,71.65220935234188,4803400
2023-05-22,71.6522216796875,72.08626094068768,70.90815437511577,71.28018802740164,4839100
2023-05-23,70.97901153564453,72.23685019027829,70.89043306202072,71.49277614400872,5460000
2023-05-24,69.45543670654297,70.77527406767727,69.3757113582309,70.58039739191845,4910700
2023-05-25,69.44657897949219,69.95148367406455,68.9239545367011,69.79203973061519,4810700
2023-05-26,70.24378204345703,70.37664633307907,69.25168587963175,69.56171381892021,3230700
2023-05-30,70.50952911376953,71.28903578580923,70.30579933037977,70.4918161249065,4449400
2023-05-31,70.86386108398438,71.02330504174752,70.07550117007341,70.32352360257065,4673800
2023-06-01,70.87271118164062,71.28903738937144,70.1109242394318,70.77527284544391,4016600
2023-06-02,72.60001373291016,72.80375027583989,71.51933893585547,71.65221000662675,5114900
2023-06-05,72.09510803222656,72.91004067600292,71.96223696336875,72.51143422753282,3936600
2023-06-06,72.78604888916016,72.93663298690446,71.92682340728196,72.44944794865435,4728200
2023-06-07,74.12358856201172,74.3184652339413,72.76831849026954,73.11377922392525,3825200
2023-06-08,73.66297912597656,73.91100153249843,72.86575942065357,73.7869903292375,3097900
2023-06-09,73.23779296875,73.82241624675862,72.93661807672444,73.68955192773647,3199400
2023-06-12,73.25548553466797,73.27320527766639,72.59113709236529,73.18462683697973,4072500
2023-06-13,73.7249755859375,73.81355404041132,72.9454689671209,73.1669184823569,3693700
2023-06-14,73.99957275390625,74.52219037961615,73.38836991330723,74.02614561513177,5042700
2023-06-15,74.38933563232422,74.51334683938043,73.23779527182633,73.72498698390712,4661000
2023-06-16,74.336181640625,75.00939014966661,74.17673769790734,74.54877806965106,4576900
2023-06-20,73.4592514038086,74.15903285381951,73.0517850072398,74.07045437771404,3826600
2023-06-21,73.0163345336914,73.2820766555788,72.48485704801949,73.05176726714993,4691300
2023-06-22,71.97110748291016,73.17579363804167,71.53706823466705,73.1137880311498,5114800
2023-06-23,70.97901153564453,72.14826495855013,70.95243866936782,71.5370687598728,3956400
2023-06-26,72.61773681640625,72.72402827142409,70.88156645927295,70.97900479844176,3246800
2023-06-27,73.51239776611328,73.71613434519114,72.40514991007065,72.9100546621019,3845900
2023-06-28,73.61868286132812,73.76926692094409,72.96319413974432,73.44152593920387,4691000
2023-06-29,74.44103240966797,74.46790533557524,73.15108412520318,73.40190721289311,5033400
2023-06-30,74.85310363769531,75.25621804975185,73.80501846829873,75.07705381069887,5758500
2023-07-03,75.58765411376953,75.9191028046932,74.46790333493925,74.73664625562508,3632400
2023-07-05,75.75785827636719,76.2326315121897,74.73664611475219,75.42640958606829,5766400
2023-07-06,75.17558288574219,75.2651615766831,73.77813617069903,74.76351543988115,5609000
2023-07-07,75.0053939819336,75.48912033509438,74.63811242242554,74.79935681828475,5865300
2023-07-10,75.32786560058594,75.39057820065095,74.5664364935847,74.77247362895524,3855600
2023-07-11,76.40282440185547,76.44761032558294,75.35473947170105,75.5338968354416,4038400
2023-07-12,76.81489562988281,77.53153878935062,76.7432299470529,77.4330001840634,5361600
2023-07-13,77.30760192871094,77.32551493528594,76.37596839522354,76.80594889719197,5067100
2023-07-14,77.15530395507812,77.20905663899492,76.66261772101863,77.02093933132679,5618100
2023-07-17,76.65364837646484,77.24487998594178,76.51032385061359,76.95822409982384,5610700
2023-07-18,76.23262786865234,76.88656529814487,75.5876503585819,76.7790667683278,4605100
2023-07-19,77.09260559082031,77.44196731496349,76.66262508468267,76.68053809143136,5363700
2023-07-20,76.84178161621094,76.87761446371785,75.8832751572561,76.79699568263995,5667100
2023-07-21,77.20008087158203,77.41507105986707,76.85967917059614,77.04779643964741,4767700
2023-07-24,77.83612060546875,77.9077863001905,77.17323001533467,77.22697586916757,4990600
2023-07-25,77.28071594238281,78.08693786165477,77.20009716766377,77.5494588602789,4968100
2023-07-26,77.63008880615234,77.79132636459782,77.11947586674155,77.15530871342389,7377400
2023-07-27,75.94597625732422,78.22131067583955,75.88327048665089,78.03319336381954,8010000
2023-07-28,75.88326263427734,77.03884614660632,75.73993810231936,76.85072885405263,5025800
2023-07-31,76.37596130371094,76.80594176575565,75.8474353941947,76.08930538420904,6121600
2023-08-01,76.25054931640625,76.51928539499532,75.84743494689837,76.17888362834935,4641600
2023-08-02,75.81160736083984,75.98181167317556,75.32787418453043,75.6145369566397,4147000
2023-08-03,74.98747253417969,75.09497107392122,73.98417333317533,75.07705123342264,6454100
2023-08-04,74.3783187866211,75.45328355035808,74.11853580624506,74.79038622067473,5148300
2023-08-07,75.30995178222656,75.34578462426944,74.43206423821563,74.57539560638713,3906500
2023-08-08,74.82623291015625,75.00539715447624,74.10959643612759,74.70978127716108,3854800
2023-08-09,74.8172607421875,75.22933501946078,74.31561460904227,74.58435751432206,2960200
2023-08-10,74.5306167602539,75.59662179820349,74.33354634384833,74.97851711779009,4451100
2023-08-11,74.64706420898438,74.75455590489985,74.01999970034113,74.25290976551811,3654700
2023-08-14,74.15438079833984,74.52166236559177,73.93043062350338,74.52166236559177,3376700
2023-08-15,73.32128143310547,73.82293444175482,73.16003704361398,73.57210452022187,3398400
2023-08-16,72.4165267944336,73.42878598024552,72.37174085916416,73.37504012415536,3703700
2023-08-17,71.83425903320312,72.95400988814436,71.80738610619123,72.48818970521538,4069800
2023-08-18,72.0582046508789,72.21048911726811,71.21614987415862,71.32364840983028,3307400
2023-08-21,71.39532470703125,71.91489083807782,70.80409970244776,71.88801790619922,3789800
2023-08-22,71.60134887695312,71.88800482218204,71.37739870616751,71.64614164487698,3380200
2023-08-23,72.73006439208984,72.81964309935971,71.84321673719158,71.84321673719158,3257800
2023-08-24,72.45234680175781,73.7333418753925,72.38964103596098,72.93607992408306,4523800
2023-08-25,72.506103515625,73.00774966990191,72.19256783478566,72.55088944544757,4252000
2023-08-28,73.18690490722656,73.58105935081298,72.80171038310785,72.80171038310785,3448800
2023-08-29,74.0737533569336,74.1006262812659,72.90024993056585,73.16003292313837,3515300
2023-08-30,74.34249114990234,74.5395683787744,74.01104929626872,74.09166807112567,3042100
2023-08-31,73.79605865478516,74.46790917477037,73.79605865478516,74.35145754502969,3410200
2023-09-01,73.92147827148438,74.50375015255972,73.72440783836106,74.26188694611612,3403900
2023-09-05,73.06149291992188,73.85875488720944,73.03461999610123,73.70647042928172,3578000
2023-09-06,72.90921783447266,73.20483370333334,72.36277886515452,72.962963689023,3681300
2023-09-07,73.3660659790039,73.6885547218544,72.67629573230087,72.67629573230087,5056100
2023-09-08,73.07941436767578,73.6168933591702,72.90921006717635,73.41981613425847,3317400
2023-09-11,73.08837890625,73.31232909066834,72.72110415770088,73.17796444755113,2813600
2023-09-12,73.05254364013672,73.20482810599675,72.56881048291982,72.93608518495968,2959200
2023-09-13,72.25527954101562,73.11524729527294,72.0761153207019,73.04358160714746,3989000
2023-09-14,73.56314849853516,73.72439288159113,72.66734788920557,72.66734788920557,3926600
2023-09-15,73.28543853759766,73.51834858701692,72.99878264385687,73.19585985225659,3784500
2023-09-18,72.63150787353516,73.28543842650775,72.44339058427938,73.28543842650775,3117700
2023-09-19,72.3000717163086,72.83755075485038,72.09404138816902,72.50610887886495,2742500
2023-09-20,72.36277770996094,73.25857838838961,72.35381778953995,72.89130366413059,3827800
2023-09-21,69.89932250976562,71.93279378006625,69.8724495842014,71.82529524339293,6202200
2023-09-22,69.37079620361328,70.31138267266205,69.31704352365638,69.92618816598043,5061200
2023-09-25,69.30810546875,69.37081124695125,68.7885394011298,69.09310837113094,3928200
2023-09-26,68.0450210571289,69.03936039118818,67.80315787276555,68.8960358315995,5220800
2023-09-27,67.58815002441406,68.6631148051142,67.22983526526329,68.28688020735633,6657600
2023-09-28,68.23668670654297,68.51708444780742,67.70301869794866,67.83869747307665,6659600
2023-09-29,68.4356918334961,69.43969836145456,68.03770253890735,69.14121329142323,6630600
2023-10-02,67.17841339111328,68.47187179952275,66.75329658493055,68.20956818114368,7564300
2023-10-03,65.8668441772461,67.06985191864489,65.65880249453697,66.80754149301526,7121000
2023-10-04,66.67188262939453,66.68092972288366,65.4326930559774,66.21962456768307,8748100
2023-10-05,67.042724609375,67.12412773233065,66.24674615784932,66.52715079459541,5306900
2023-10-06,67.2236328125,67.63970936895387,65.8035428847016,66.44574845450497,5919900
2023-10-09,67.956298828125,68.20956915793268,66.71711606517833,66.78947211564109,3848200
2023-10-10,68.28191375732422,68.8788976546744,67.65780238389686,67.97438161692664,4585700
2023-10-11,69.46683502197266,69.51205668368046,68.69799086293277,68.83366964987567,6128600
2023-10-12,68.45378875732422,69.33117060706792,68.10102797869281,69.24976055766233,4429000
2023-10-13,68.28191375732422,68.97839497089944,67.97438161692664,68.77940033844938,5860800
2023-10-16,69.09597778320312,69.28592531810494,68.06483007893063,68.76130437357065,4381800
2023-10-17,68.9964828491211,69.90099889465422,68.45377460198317,68.45377460198317,5419300
2023-10-18,67.53117370605469,68.71608756012137,67.47689804874773,68.48091144755125,4853700
2023-10-19,65.93016815185547,67.53116527478075,65.7944893768926,66.94322851721445,8238400
2023-10-20,65.48696899414062,66.4457538807498,65.44174042741324,66.02967729031732,5874400
2023-10-23,64.84476470947266,65.74928085539511,64.66385733974184,64.88094618341881,6906600
2023-10-24,65.67692565917969,65.85782614935118,65.08898871475532,65.10708290431927,5755200
2023-10-25,64.26587677001953,65.25179608489447,64.17541963210635,65.00757975489678,6254500
2023-10-26,65.49600982666016,65.93922075439673,64.54626522345778,64.5914937858616,8144400
2023-10-27,64.44677734375,65.74023574752766,64.22969539442606,65.74023574752766,12043000
2023-10-30,64.85381317138672,65.33321258661574,63.86789375905978,64.83572588256271,7041000
2023-10-31,65.95731353759766,66.0296764831127,64.74526525431719,65.36937668188104,5964700
2023-11-01,66.36434173583984,66.42765758011976,65.61359179587133,66.04775561353085,7021600
2023-11-02,68.54422760009766,68.73417514923695,67.32313226939647,67.47689834714113,6450300
2023-11-03,70.181396484375,71.10400671301319,69.66582261575122,69.68391680112595,6394100
2023-11-06,69.16835021972656,70.08191345192574,68.81558947776152,70.03668488463363,4432100
2023-11-07,68.59849548339844,69.22261378041756,68.49900506446738,69.07789479759151,5235300
2023-11-08,68.82461547851562,69.08692593271718,68.52613045903232,68.79748110409979,4398300
2023-11-09,67.73921966552734,69.10504110010022,67.58545356320694,69.05981252840074,4922800
2023-11-10,68.37238311767578,68.51710903665945,67.5583239765834,68.08293818062009,3943800
2023-11-13,67.80252075195312,68.09196560539407,67.39549129898951,67.86583659798991,3791200
2023-11-14,71.56531524658203,72.189426653634,69.87386768053783,70.00954647369176,7493800
2023-11-15,71.77334594726562,72.42459859615929,71.43867943113005,71.50199527749973,6033400
2023-11-16,71.61958312988281,72.1261099238416,71.39345411102121,71.90902799798926,4879800
2023-11-17,71.56531524658203,72.25274250365116,71.2668232818254,72.234655218322,4379000
2023-11-20,72.0899429321289,72.0899429321289,70.90502884359286,71.483918696077,4225000
2023-11-21,71.5833969116211,71.85475447662363,71.40249646889242,71.78239153916834,3703600
2023-11-22,71.93616485595703,72.44269166737728,71.61053850549823,72.23465682736263,5280200
2023-11-24,72.14421081542969,72.19847957670937,71.42964222130101,71.76430878373995,1893600
2023-11-27,72.4065170288086,72.804499422737,71.84571455889146,72.18038800236124,5790800
2023-11-28,72.88591766357422,72.94923352206887,71.84572264466703,72.21657070130397,5811300
2023-11-29,73.39241790771484,74.10698628060119,73.30196769995005,73.41051208981291,4605400
2023-11-30,73.92609405517578,73.97131571361393,73.07584682599102,73.33815728820566,4118600
2023-12-01,75.74417877197266,75.75322586552495,73.64570162701781,73.86279046681034,7182800
2023-12-04,76.29592895507812,76.31402314094755,75.24669390467872,75.41854726497874,6740500
2023-12-05,75.7894058227539,76.01553485066488,75.4004636187106,75.88890314710756,6149900
2023-12-06,75.56328582763672,76.68488400789555,75.50901706274212,76.16931003866348,4405000
2023-12-07,75.78036499023438,76.01554113094654,75.26479104003786,75.60850470653192,6631500
2023-12-08,75.6537094116211,75.84365692273224,74.88487227591163,75.5180306462821,3416900
2023-12-11,75.86175537109375,75.99742724315314,75.29190590480809,75.40045030336466,3143200
2023-12-12,75.81653594970703,76.09693372029896,75.41854667461406,75.85271742025274,3158400
2023-12-13,78.72003173828125,78.99138931712996,75.71703868975305,75.92508042032505,5649600
2023-12-14,80.99037170410156,81.48785141414513,80.17630584113651,80.18535293431115,6918500
2023-12-15,79.8506851196289,80.84565151069907,79.27179533206406,80.80042984346125,7666400
2023-12-18,79.66978454589844,80.29389599989456,79.57933431062905,80.23058014511494,6353800
2023-12-19,80.27581024169922,80.50193928463358,79.97731824880728,80.04968119876486,5786900
2023-12-20,79.29891967773438,80.91800421963133,79.24465092355216,80.35720178974604,6072600
2023-12-21,80.00216674804688,80.20360847200357,79.14143389126674,79.98384941840531,4430000
2023-12-22,80.31348419189453,80.95445793681654,79.91058680857292,80.31348419189453,5100300
2023-12-26,80.9086685180664,81.12842754331135,80.20359812413594,80.2860121248612,4336600
2023-12-27,81.30241394042969,81.40313829074263,80.69806783855199,81.06433756823417,5383600
2023-12-28,81.87928771972656,81.87928771972656,81.09181021071258,81.20169323034744,3879100
2023-12-29,80.9086685180664,81.65035959452648,80.81710283971546,81.58626292107948,5331500
2024-01-02,81.6045913696289,81.73278473399341,80.2860230664347,80.62482380712053,6057900
2024-01-03,79.65421295166016,80.96362267262361,79.49855056882198,80.96362267262361,5159600
2024-01-04,79.50770568847656,80.04794816459165,79.15974627645643,79.49854702341958,5609900
2024-01-05,79.30626678466797,80.00217870878828,78.47300281175852,78.93083831704537,3805800
2024-01-08,80.44168090820312,80.533246593875,79.07733332945432,79.26046470079808,5372100
2024-01-09,79.90144348144531,80.22192689439457,79.27878699942342,79.66336709496252,3819000
2024-01-10,79.99301147460938,80.36843291600549,79.69999706205095,80.06626682425265,3649900
2024-01-11,79.25130462646484,79.82817467249599,78.79346926059506,79.82817467249599,5512700
2024-01-12,79.72744750976562,80.30431753536828,79.32455016654362,80.04793085732265,3070300
2024-01-16,79.14143371582031,79.63589682483098,78.88504698952168,79.27878574377011,5125800
2024-01-17,77.69467163085938,79.04986758722225,76.90719412673211,78.06094137468834,4898900
2024-01-18,77.2734603881836,78.10672419249329,76.71490062586949,77.81370980783785,4537800
2024-01-19,78.19828033447266,78.45466701650489,76.87055360821559,77.45658230600728,6188700
2024-01-22,78.665283203125,79.42528467149118,78.30816515753756,78.47298618395718,4203000
2024-01-23,78.12503051757812,79.2329913208926,77.85948515357511,78.96744595688958,4821800
2024-01-24,77.0079116821289,78.99491561050525,76.95297367050989,78.92166725701777,3265600
2024-01-25,77.99684143066406,78.39973883062314,77.61226135943805,77.9327447521264,4394300
2024-01-26,77.77709197998047,78.37227250294036,77.6031122656301,78.15251343313956,2783200
2024-01-29,78.28985595703125,78.44551832147204,77.54816482033124,77.75876519904195,3591900
2024-01-30,77.55731964111328,78.22576244787491,77.41081593511954,77.95105839336699,4580900
2024-01-31,76.81563568115234,78.40890118314013,76.66913196141373,77.8137206525574,8892900
2024-02-01,78.20745086669922,78.23491987451243,76.31200549541697,76.73322023526693,8950700
2024-02-02,77.2368392944336,77.72214375540946,75.9457469535369,77.08117691751956,7935800
2024-02-05,75.61610412597656,76.27538828761779,75.3871864024075,76.27538828761779,6269400
2024-02-06,76.63249969482422,76.7790034057875,75.46044206305967,75.73513914087131,5482300
2024-02-07,76.5226058959961,76.98044128055656,76.09223951674709,76.90718594238363,5074200
2024-02-08,77.145263671875,77.36502270429266,76.30284822592927,76.30284822592927,3697200
2024-02-09,77.26428985595703,77.39248319292726,76.39440549994295,77.09946885327918,3478100
2024-02-12,77.28263092041016,77.84119076849937,77.1178098671049,77.41082429675701,3949000
2024-02-13,75.68936157226562,75.70767191681233,74.66380762728272,75.61610622204941,6203500
2024-02-14,76.2845458984375,76.71491236997451,75.652737682748,76.0190004801271,5264400
2024-02-15,78.06094360351562,78.14335063057256,76.93466533163611,76.98045167067741,5164800
2024-02-16,77.25514221191406,77.70381891473167,76.59585816678671,77.14525920905507,4781000
2024-02-20,77.1177978515625,77.42912257817952,76.44020339844418,76.8064661389315,4739900
2024-02-21,77.54817199707031,77.65804803577869,76.98045351502323,77.28262659350061,4053000
2024-02-22,77.69467163085938,78.088410382923,77.52985059543705,77.7953959850627,5000600
2024-02-23,77.65804290771484,78.10672665619462,77.46575286665818,77.74045691731868,4695600
2024-02-26,76.80647277832031,77.86865437839094,76.65996906666393,77.45659828070234,5943300
2024-02-27,76.8980484008789,77.57564293850758,76.73322735269736,77.22768351122717,3857800
2024-02-28,77.67636108398438,78.15250685950527,76.42188948510956,76.50430349561208,5170700
2024-02-29,78.33563995361328,78.7476890203608,77.97852889949507,78.29901228318913,6595400
2024-03-01,79.26962280273438,79.26962280273438,77.40165348702287,78.21659995994418,6560900
2024-03-04,80.01132202148438,80.05710836163094,78.49131193562071,79.04987175253845,5319000
2024-03-05,79.04070281982422,80.15782230854451,78.67443310427454,79.58095222211307,4722600
2024-03-06,79.4344482421875,79.73662130695683,78.96745414081799,79.55348294072647,4999400
2024-03-07,79.41612243652344,80.04793046546787,79.02238375830566,79.85564045787496,3164100
2024-03-08,80.33179473876953,80.60649176110759,79.93805605267316,80.12118740089853,4546400
2024-03-11,79.94721984863281,80.6431316522023,79.60842610445869,80.15782721842862,3467200
2024-03-12,79.77324676513672,80.10288882918384,79.08649362937422,79.80071577280495,3309000
2024-03-13,79.37035369873047,80.13036222052867,79.1139669651153,79.63589909740747,3418600
2024-03-14,78.17997741699219,79.19637265524173,77.51154158507114,79.04071028189183,4155000
2024-03-15,78.0060043334961,78.30817041386962,77.41081686558444,77.42912720929837,4214300
2024-03-18,78.04263305664062,78.45468216288316,77.89612236090093,78.17997810137848,3030800
2024-03-19,78.01515197753906,78.30816636390861,77.54816488383427,77.96937262761465,4165700
2024-03-20,78.5279312133789,78.76600059584274,77.20936300151928,77.52984639023128,4605800
2024-03-21,79.09564208984375,79.43444280466727,78.61949634226707,78.86672438723664,3753200
2024-03-22,78.1001205444336,79.30989904281695,78.04471299358279,79.13443944988236,3923200
2024-03-25,77.61990356445312,78.46028193136246,77.61990356445312,78.17400019751832,5262400
2024-03-26,77.305908203125,77.9154194093701,77.28744136917243,77.82306410244519,4923000
2024-03-27,79.30065155029297,79.32835531957055,78.00775496682313,78.1924514591533,5191400
2024-03-28,79.86400604248047,80.13181391316706,79.44842825672127,79.44842825672127,4626900
2024-04-01,78.52491760253906,80.10409600000278,78.37716180498488,80.10409600000278,5331200
2024-04-02,77.53677368164062,77.98005514970666,77.23201811270272,77.91541066954285,5116000
2024-04-03,77.61990356445312,77.7122518290105,77.0288662164208,77.35208866523207,3632700
2024-04-04,77.12122344970703,78.6265207696399,76.85340851934073,78.25712062273047,5953600
2024-04-05,77.51831817626953,77.70301470494718,76.6594659310487,76.85339939987651,4789000
2024-04-08,78.34945678710938,78.42333821421535,77.68454508031768,77.76765640152138,3866900
2024-04-09,79.39301300048828,79.39301300048828,78.46951629380952,78.63574598284052,4075600
2024-04-10,76.1053695678711,77.30591109995439,75.6620880334711,77.06579997524933,8332800
2024-04-11,76.36394500732422,76.79798958721864,75.5974410490307,76.64098979217631,7145900
2024-04-12,75.45891571044922,76.07765681830718,75.16339704358266,75.90219723360943,5451200
2024-04-15,74.17525482177734,76.03148516557327,73.75968412417141,75.95760373844134,5478600
2024-04-16,73.13169860839844,73.92590625456948,72.91929128853968,73.84278789611346,6598800
2024-04-17,72.59607696533203,73.3071663321948,72.54989931152555,72.98394389271172,5554700
2024-04-18,72.60531616210938,73.06706453164416,72.28208666685825,72.89159789659023,4158300
2024-04-19,72.95623779296875,73.27946022214793,72.61454148456761,72.64225230340057,4585600
2024-04-22,73.60269165039062,73.75045451935055,72.73460945527592,73.23329856943359,3846100
2024-04-23,74.27684020996094,74.58159581335816,73.62115839538309,73.74121043048471,5484100
2024-04-24,74.41537475585938,74.54466374580161,73.54728549848596,73.99056706808898,4513600
2024-04-25,73.99055480957031,74.1106068387064,73.20557701333172,73.6765622819308,4082800
2024-04-26,74.02750396728516,74.7755340913236,73.87974110313273,74.1013783536402,3367700
2024-04-29,74.7847671508789,75.0156413298452,74.35072256710694,74.35072256710694,4374000
2024-04-30,73.51956939697266,74.60929573361007,73.4918656245894,74.25836954055475,7003900
2024-05-01,73.54727935791016,74.91405762482697,73.29793833975987,73.41799037876245,7204200
2024-05-02,74.58159637451172,74.74782606436814,73.46416619936834,74.23990005488443,4804800
2024-05-03,75.08028411865234,76.31776630795476,74.90481749197907,75.87449183997683,4270000
2024-05-06,75.14493560791016,75.75443981960709,74.84941691981318,75.62515083392225,3044800
2024-05-07,75.85602569580078,76.09613683377758,75.52356628805487,75.73597364967306,3667300
2024-05-08,75.21880340576172,75.44044768670727,74.96946239684881,75.44044768670727,4129800
2024-05-09,76.76105499267578,76.82569948553335,75.8190843302126,75.8190843302126,5452200
2024-05-10,76.54862976074219,76.96420039698418,76.31775561933671,76.88108908802364,5649800
2024-05-13,76.79798889160156,77.25050030143242,76.43781869683093,76.83492255933739,2848700
2024-05-14,77.38902282714844,77.73071208164968,76.98268204263847,77.3151414034702,3099700
2024-05-15,78.46027374267578,78.88508135188044,78.2755772328373,78.52491822569127,3544900
2024-05-16,78.40486145019531,78.75578761592229,78.28480238492361,78.53415040839576,2577000
2024-05-17,78.39563751220703,78.58957098166846,78.10935577810504,78.49722271702792,2791700
2024-05-20,77.93389129638672,78.46952111010924,77.84154302919484,78.23864691926896,2842800
2024-05-21,77.90618896484375,78.03547795045307,77.58296650082045,77.74919620313547,2655100
2024-05-22,77.20433044433594,77.95236763735612,76.9734562462095,77.63837506412905,3888000
2024-05-23,75.54203033447266,77.204320111064,75.49585268273938,77.204320111064,4061100
2024-05-24,75.5974349975586,76.02224260356978,75.49584980419503,75.90219057764929,2317800
2024-05-28,75.0987548828125,76.2623627521644,75.01564355786215,75.95760713590445,3046600
2024-05-29,74.36918640136719,74.4800085392601,74.03672703340897,74.34148262832409,3203100
2024-05-30,75.45891571044922,75.49585642452263,74.73858940031955,74.73858940031955,2748800
2024-05-31,76.87186431884766,76.9272789126468,75.58820445307965,75.92066383299144,4176900
2024-06-03,76.69639587402344,77.28743313764664,76.29929205199035,77.28743313764664,3301600
2024-06-04,77.28744506835938,77.6106675209048,76.47476342113542,76.47476342113542,2720700
2024-06-05,77.1950912475586,77.44443931985185,76.73334286480046,77.33361717153028,2373300
2024-06-06,77.34285736083984,77.36132419680857,76.51170882781787,76.83493130018157,4002100
2024-06-07,76.61328887939453,76.81645928997258,76.06842918349972,76.1238367333952,3227900
2024-06-10,76.87186431884766,77.1304422708411,75.8190786310339,76.37317524897998,2450800
2024-06-11,76.59481048583984,76.95497359725063,76.29005491596304,76.51169212781893,3261700
2024-06-12,77.27821350097656,78.81121454494259,77.17662828801069,78.21094725378981,4123500
2024-06-13,77.5921859741211,77.84153401696376,77.00114867765598,77.4536671122311,2619900
2024-06-14,77.57372283935547,77.79536007466612,76.94574480120805,77.32438183034607,2178600
2024-06-17,77.26895904541016,77.65682592751351,76.79798085102176,77.12120325277455,2168100
2024-06-18,77.57372283935547,77.8600045618701,77.30590795073311,77.47213763864627,3073600
2024-06-20,77.35208129882812,77.61065923325222,77.10273325797611,77.33360742024338,2432900
2024-06-21,77.54601287841797,77.712242553068,77.01962008297956,77.49983522879069,2337000
2024-06-24,78.14629364013672,78.92202748966193,77.4629010061599,77.58296008695835,2834300
2024-06-25,77.18585968017578,78.053941829859,76.77028191726649,78.01700816027335,2445900
2024-06-26,76.94574737548828,77.18585849844499,76.50246584431596,76.65022870328038,3287900
2024-06-27,77.69377136230469,77.72148218047163,76.8903337784726,77.06579335254102,4244800
2024-06-28,78.31366729736328,78.65025955269854,77.72462728387274,78.061219539208,4090500
2024-07-01,77.57503509521484,78.44456390383405,77.10754664183479,78.24821960941135,3274800
2024-07-02,77.9396743774414,78.0612188055505,77.49088233010981,77.79942641681856,3141400
2024-07-03,77.86487579345703,78.48196397701437,77.85552402704649,78.02382015589778,1571500
2024-07-05,78.07992553710938,78.22951813681053,77.58438890480572,78.01447743724489,3217000
2024-07-08,78.3323745727539,78.51937425907494,77.97708586870692,78.17343018936252,3239200
2024-07-09,78.31366729736328,78.57545968855567,77.55633115620512,78.14537116969565,2123200
2024-07-10,78.89334869384766,78.95879679188023,78.13601968328392,78.63155630171735,2482400
2024-07-11,81.156005859375,81.43649467733717,79.9031329792239,79.9031329792239,4363500
2024-07-12,81.7730712890625,82.29665602219701,81.47387899394178,81.81047121761597,3562600
2024-07-15,82.32471466064453,82.42756268501502,81.68893011603934,81.92267432900732,2928700
2024-07-16,83.3344955444336,83.36255084577382,82.41822209995038,82.84831065416,3029300
2024-07-17,83.90481567382812,84.46580032475414,83.23163123939416,83.23163123939416,4757200
2024-07-18,83.16620635986328,84.88656785391984,82.96051739931994,83.43735056236764,4464700
2024-07-19,83.0166015625,83.42799368985791,82.66131290097768,83.28774572523065,2809000
2024-07-22,83.87678527832031,83.96093691710325,82.661319466068,83.2597041715817,3244400
2024-07-23,83.81133270263672,84.39102097599849,83.37189239755854,83.74588460187877,2655400
2024-07-24,82.5771713256836,84.30687741125442,82.49302681664423,83.7645890197496,3844900
2024-07-25,82.30602264404297,83.8487360921276,82.128374734675,82.88571094129591,4723200
2024-07-26,83.74588012695312,84.0357206814925,82.6893588045131,82.91375126179175,3326000
2024-07-29,84.17597198486328,84.45646791758061,83.13814702044019,83.87677965217513,3371100
2024-07-30,84.8304443359375,85.02678859899096,84.17595632578606,84.4938521326154,2854000
2024-07-31,84.5312728881836,85.58779431637157,84.28817687403732,84.98005784766005,5633800
2024-08-01,85.38209533691406,85.84958381491585,84.58736635097264,85.51299154008991,6988100
2024-08-02,85.33534240722656,86.13942314847802,84.56866159967377,85.1763980389882,5223600
2024-08-05,82.89505767822266,85.10159666080834,82.67065808001433,83.66173847216479,6852600
2024-08-06,84.5312728881836,85.42884994044483,82.53041557171427,82.8763596251798,7321600
2024-08-07,83.95158386230469,85.87763415780613,83.8487358238742,84.9052572429322,4998600
2024-08-08,84.77434539794922,84.94264150857973,83.69912064299365,83.96092014099092,5981200
2024-08-09,85.16703796386719,85.3259894499072,84.24141287837429,85.10158986960622,4133800
2024-08-12,84.54060363769531,84.87719586867716,83.94221903446251,84.86784410300902,2925500
2024-08-13,85.27925109863281,85.372747371735,84.66216998951161,85.13900312232532,3111300
2024-08-14,85.50363159179688,85.90567192974154,85.01744675985113,85.42883886378726,2966300
2024-08-15,85.43819427490234,85.82153826253212,85.06420918775211,85.6345385856487,4054400
2024-08-16,85.39144134521484,85.73737823028988,85.00809739511726,85.43818590987784,2260900
2024-08-19,86.10202026367188,86.10202026367188,85.38209118124466,85.3914429476758,2629800
2024-08-20,85.99917602539062,86.33576113745123,85.6999837109865,86.19552031297074,4934200
2024-08-21,86.45732116699219,86.5040657352963,85.67193680641688,86.0926807210027,2965900
2024-08-22,86.70975494384766,86.79390657342537,86.22357009879143,86.50405888633279,3182300
2024-08-23,88.61711120605469,88.73866277079307,87.0276532977134,87.08374963017248,8040200
2024-08-26,88.5797119140625,89.16875194237483,88.43011931532028,88.98175227731224,2748500
2024-08-27,88.71061706542969,88.7760651714795,87.85043991925819,87.92523979283186,1859300
2024-08-28,88.36466217041016,88.9256468415569,87.94391831706976,88.69190263413684,2664100
2024-08-29,88.09353637695312,88.46752861336064,87.73824054237711,88.3179288654742,3379500
2024-08-30,88.9443588256836,88.99111052868301,87.85043745525776,88.4955738634461,3490000
2024-09-03,88.8976058959961,89.29029448435227,88.34596581237486,88.57971003877368,5160800
2024-09-04,89.15003967285156,89.97282385188151,88.68255125596895,89.12199150916774,3041100
2024-09-05,88.8602066040039,89.88867978090725,88.70126224090137,89.7390871842542,6269400
2024-09-06,88.77605438232422,89.01915037524034,88.06547706965813,89.00045397577342,6965800
2024-09-09,89.76713562011719,89.93543175017508,88.63581440879221,88.78540700589491,2906400
2024-09-10,91.0667495727539,91.1041495039648,89.78582867868367,90.02892466490077,6001000
2024-09-11,90.8891143798828,90.9919624217536,89.21550467425895,90.24397795965844,3872100
2024-09-12,91.27245330810548,91.33790140990496,90.31877281524643,91.09480540323194,2713200
2024-09-13,92.22613525390624,92.2448387894806,91.63710228287188,91.86149477660275,3402700
2024-09-16,92.53466796875,92.94606010089892,92.2354756362711,92.6094678351967,4144500
2024-09-17,91.8895263671875,92.90865487284726,91.66513391394336,92.65620712130357,2990700
2024-09-18,91.77733612060548,93.10500160939807,91.6464327916877,92.02977674547992,5097000
2024-09-19,91.79603576660156,92.60946826806872,91.19765109884683,92.57206833467058,4450200
2024-09-20,91.431396484375,91.6838371213577,91.10415597965373,91.27245211541153,3708500
2024-09-23,92.3383331298828,92.4411811734574,91.88018925093836,92.0578371686233,3320700
2024-09-24,92.46922302246094,92.73101543064452,91.67449403095848,91.97368637364086,3279000
2024-09-25,91.85213470458984,92.76841526555688,91.64643863172124,92.56271919268826,2466000
2024-09-26,91.02000427246094,92.0671810200411,90.76756363567976,92.01108468593596,4776900
2024-09-27,91.13597869873048,91.99396934544446,91.09826379652364,91.77711045610062,4932800
2024-09-30,91.85254669189452,91.91854597703215,90.76826655601978,90.97569493599022,4207000
2024-10-01,91.258544921875,92.21082640186816,90.85311872293786,92.05053627232972,4240300
2024-10-02,90.93798065185548,91.0228409866874,90.27798779597424,90.50427003322172,5161600
2024-10-03,90.10826110839844,90.81539929032895,89.78769525207976,90.6174014625942,2664400
2024-10-04,89.674560546875,89.9008427761633,88.85427757480417,89.59913073931811,4602000
2024-10-07,88.882568359375,89.18428041796224,88.47714210626873,89.18428041796224,3420200
2024-10-08,89.06170654296875,89.4671327695634,88.7128490757279,89.10885197135187,3773700
2024-10-09,89.1559829711914,89.16541349477922,88.55255894244488,88.89198585778753,4120600
2024-10-10,88.36399841308594,89.25970400136505,88.09057075510816,88.64684940199295,2664300
2024-10-11,89.36341094970703,89.36341094970703,88.6468422211004,88.81655567804982,2654000
2024-10-14,89.90083312988281,90.05169272880948,88.89198294055088,89.09941129238425,2529100
2024-10-15,90.9851303100586,91.75826791718596,90.27799199158665,90.3251374235046,2808500
2024-10-16,91.98453521728516,92.107110443,91.0322609490584,91.20197440564822,3177100
2024-10-17,91.258544921875,91.7299704000167,90.985117281347,91.62625621935496,2904100
2024-10-18,91.9374008178711,91.9751157201719,91.13597892577974,91.48482918364353,2080200
2024-10-21,90.13655853271484,91.8525471482006,90.01399048638822,91.48483581583812,4143000
2024-10-22,90.26856231689452,90.59855876328024,89.72171414576239,89.86313605608268,2530000
2024-10-23,90.92854309082033,91.0982565405424,89.95740781483677,90.05169146615314,2710500
2024-10-24,91.12654876708984,91.69225791710508,90.96626582670558,91.0416884382274,2632300
2024-10-25,90.26856231689452,92.0316964638453,90.24027793483047,91.74883825643867,3834800
2024-10-28,90.5514144897461,91.4471200978701,90.43826977564706,90.91912581883972,2296500
2024-10-29,89.90083312988281,90.655116737753,89.60855164868939,90.2685444105396,2819600
2024-10-30,90.29683685302734,90.96626739133634,89.85370292670457,89.90084116054372,2930300
2024-10-31,88.76941680908203,90.1176939314395,88.7128408615843,89.57083866371258,4946300
2024-11-01,87.78885650634766,89.48599117057175,87.74171107935946,89.26913227716115,4835200
2024-11-04,88.75055694580078,89.06169948435189,88.04341873639291,88.07171030720998,3368200
2024-11-05,89.92913055419922,89.97627598404956,88.0528589789545,88.26028736088377,2398100
2024-11-06,88.01513671875,90.16483578204488,87.09114679531092,90.16483578204488,6335400
2024-11-07,89.07113647460938,89.33513360768033,88.19428474354802,88.43942802142065,4871300
2024-11-08,90.40054321289062,90.66454751174236,89.28797884456546,89.41055406737775,4093600
2024-11-11,89.94799041748047,90.92855635970058,89.8914144637295,90.33455560230216,2279800
2024-11-12,88.70343017578125,90.00456205959169,88.69399965095705,89.61799686239307,4645800
2024-11-13,89.1937026977539,89.99512460491219,89.06170413391052,89.43884597062684,2884300
2024-11-14,88.39228057861328,89.1937024838496,88.22256711216706,89.1937024838496,3708000
2024-11-15,88.43942260742188,88.60913606734705,87.69456948849371,88.07171130981432,2786400
2024-11-18,89.08056640625,89.08056640625,87.89257212195199,88.04342454268219,2468100
2024-11-19,89.51427459716797,89.73112629488952,88.42056400444007,88.84485126267367,3041600
2024-11-20,89.4011459350586,89.52371399518707,88.67515371318726,89.14657928913533,3143000
2024-11-21,90.06111907958984,90.33454671677973,89.05226885641844,89.41998014940921,2988600
2024-11-22,90.7399673461914,90.90968079357816,90.35340222309908,90.362825552734,2943700
2024-11-25,92.0033950805664,92.45595949672844,91.26797250926684,91.26797250926684,4001200
2024-11-26,92.37110900878906,92.46539266540496,91.49425733483557,91.85253810732875,2774500
2024-11-27,92.96510314941406,93.53081228632442,92.88025001589938,92.89910386999756,2383100
2024-11-29,92.55025482177734,93.4270993196873,92.43711011557184,93.10653344217812,1922400
2024-12-02,91.20197296142578,92.15424721457288,90.9568297072598,92.07882460769092,3659400
2024-12-03,90.7399673461914,91.56025020745764,90.6928291178726,91.28682258703556,1992500
2024-12-04,90.49484252929688,90.83426227282624,90.0139865031083,90.83426227282624,2220300
2024-12-05,90.27799224853516,90.36284539416948,89.77828231966731,90.1271326206746,2922300
2024-12-06,90.14598083496094,90.82483467690544,89.7499851582873,90.52312265752808,1866100
2024-12-09,90.40054321289062,90.7022552181967,90.13654610742051,90.26854466015556,2871900
2024-12-10,89.0899887084961,90.2968368339332,88.80713772537428,90.28741350319672,2902100
2024-12-11,88.882568359375,89.55199895795513,88.6374322572236,89.12771165490929,4294900
2024-12-12,88.74114990234375,89.6934243532168,88.65628956108172,88.65628956108172,2255100
2024-12-13,88.48656463623047,88.80713771579262,88.24142136284556,88.61856320034953,2796200
2024-12-16,88.17543029785156,89.17485733938099,88.10943100964157,88.43943464407447,3644900
2024-12-17,87.75114440917969,88.46771320069493,87.52486217784208,87.81714369304409,3020200
2024-12-18,84.13060760498047,87.93971975443087,84.11174655450957,87.52487015805114,5409800
2024-12-19,82.8294677734375,84.99802818280963,82.7728990092674,84.35688914647741,5403600
2024-12-20,84.22489166259766,85.1771661076263,82.82946885007199,82.82946885007199,7622200
2024-12-23,84.55426025390625,84.6589778880845,83.62132331203983,83.94499798031238,4548900
2024-12-24,85.11592864990234,85.21112451881827,84.25915130370058,84.2972311038628,2182600
2024-12-26,85.34439849853516,85.43007259996982,84.46858490107832,84.88744816861296,2577400
2024-12-27,84.48763275146484,85.45864234906621,84.24963941977057,84.8398654970452,3816700
2024-12-30,84.06875610351562,84.30674941805438,83.24054401722769,84.17347374295105,4402400
2024-12-31,84.80177307128906,85.00168656860133,84.04019161802225,84.6970554398904,5045100
2025-01-02,84.04972076416016,84.98265050020733,83.78316941100381,84.81129502132403,5296100
2025-01-03,85.15399932861328,85.2396806928531,83.9830763668421,84.24962769918093,3469900
2025-01-06,84.05924224853516,85.41104254242512,83.92596657240402,85.03977354991984,4206500
2025-01-07,83.25957489013672,84.71609271863166,83.04062512222104,84.42098335188484,5679000
2025-01-08,83.47853088378906,83.54516871619354,82.4503981012807,83.25005209013453,5250300
2025-01-10,81.4413070678711,82.3647149358502,81.37466923692457,82.16480144301067,10056500
2025-01-13,82.44088745117188,82.5170470593252,81.18428296856204,81.37468198894535,3740200
2025-01-14,83.19293975830078,83.37381699565333,82.58367747382617,82.79311274592294,3829900
2025-01-15,83.6689224243164,85.5538325212742,83.62132086000241,85.4776729235634,3886700
2025-01-16,85.40151977539062,85.4872011450307,83.59276913954646,83.85932048868527,4112800
2025-01-17,85.34439849853516,85.92510272930046,85.34439849853516,85.64902963082359,3672400
2025-01-21,86.94371795654297,87.00083402692371,85.69662807038759,85.77278767288155,3634900
2025-01-22,85.43008422851562,86.68668872812388,85.37296815311801,86.68668872812388,2966300
2025-01-23,86.05838012695312,86.07741639555074,84.77321773872616,85.57287175345253,2706900
2025-01-24,86.3534927368164,86.90563896557647,85.71567240168642,85.75375220328844,3267300
2025-01-27,87.50538635253906,87.53394439023236,86.23926008628176,86.34397773314394,4107700
2025-01-28,86.44869232177734,87.2483536638014,86.23925703546199,87.2483536638014,2373800
2025-01-29,85.30632019042969,86.7057219754927,84.8969714183567,86.47724317504785,2820000
2025-01-30,86.39156341552734,87.12457954576662,85.69661981989013,86.32492558550558,3485100
2025-01-31,86.20117950439453,87.03891333817361,85.96318619517531,86.16309970336192,2566200
2025-02-03,86.02030181884766,86.35349099742966,84.64945804070526,85.43959756632786,5187600
2025-02-04,86.08695220947266,86.28686574577722,85.20161668413505,85.49672610492078,3371500
2025-02-05,87.29593658447266,87.48633557582524,86.12501365531459,86.89610959710058,3310400
2025-02-06,87.51490020751953,87.78145155253256,86.95323221940255,87.78145155253256,3468600
2025-02-07,87.22929382324219,87.73384567457622,86.72474923488663,87.6767223489095,2516200
2025-02-10,87.19123077392578,87.42922409814283,86.53437413791305,87.38162979108733,2195400
2025-02-11,87.572021484375,87.61010128778082,86.71524406519343,86.80092543860152,2260000
2025-02-12,86.7628402709961,87.03891338138497,85.68711312746373,85.82038879965431,4747200
2025-02-13,87.62914276123047,87.78145470829381,86.44869067233606,86.62956791851724,3734300
2025-02-14,87.22929382324219,88.23839026293177,87.21025755667226,87.84807779995273,2344300
2025-02-18,87.61961364746094,87.92424477902227,86.98179335059487,87.09602548556845,2500700
2025-02-19,87.6862564086914,87.90520618834897,87.0579505791082,87.23882782028751,2339100
2025-02-20,88.1051254272461,88.20984306368614,87.19122473413682,87.61961704584043,2920000
2025-02-21,87.23883819580078,88.3145654787471,86.72477170945163,88.26697116849907,2534600
2025-02-24,87.58153533935547,88.1336815443925,86.98179483159544,87.36257830529622,3258700
2025-02-25,88.65727233886719,89.05710665160741,87.82906020193248,87.82906020193248,4329200
2025-02-26,88.28599548339844,89.04757697402933,87.98136433974194,88.85717796988192,2828800
2025-02-27,88.63822937011719,89.16181755974667,88.1622427479011,88.30504018716182,2379800
2025-02-28,89.3902816772461,89.42836147541682,88.36214891557289,89.03804899140096,4213800
2025-03-03,89.80915069580078,90.38985494496546,89.29509154494681,89.52356308565739,4596700
2025-03-04,88.7715072631836,90.34226460837203,88.64775335298533,89.79964013599563,4541100
2025-03-05,89.76155853271484,89.92339224195311,88.04800377907587,88.22888102056541,2574000
2025-03-06,87.45777893066406,89.12373200079561,87.23882190287888,88.85717340867221,4968800
2025-03-07,87.98136901855469,88.38119605405782,86.92467809402514,87.48634610740505,4447100
2025-03-10,87.13410949707031,88.83814246826591,86.65812287705967,87.88616922824465,3534300
2025-03-11,86.1155014038086,87.58154111578251,85.5919204614477,87.13411251539688,3918700
2025-03-12,85.84894561767578,86.59148357020524,85.44911860677212,86.2582943944522,3303000
2025-03-13,84.15442657470703,86.43916355097998,84.04970894883354,85.84893759269106,3881600
2025-03-14,85.83942413330078,85.9155837345739,84.39242802400834,84.87793640340026,3769100
2025-03-17,87.30545806884766,87.58153115818635,85.71566462680855,85.71566462680855,2233300
2025-03-18,86.8485107421875,87.68624447127168,86.50579983870341,87.17217811604554,1956000
2025-03-19,86.95323181152344,87.61009566792394,86.220215616176,86.85803594060525,1882100
2025-03-20,86.8961181640625,87.42922086644977,86.50581290352315,86.92467619983617,2041100
2025-03-21,85.93461608886719,86.53436384284878,85.40151343019824,86.3915664127113,3395100
2025-03-24,87.25787353515625,87.40066371547007,86.16310282054563,86.48677024656321,3719000
2025-03-25,86.27880096435547,87.26940469392194,85.75945382371529,87.15399910994945,4210000
2025-03-26,86.61540985107422,87.06743460640713,86.29803716841701,86.50000427104895,3094100
2025-03-27,86.39421844482422,87.46176417843066,86.18263174625885,86.82700408273456,2993000
2025-03-28,86.27880096435547,86.82699950098876,85.7209828498618,86.67312294316278,3602900
2025-03-31,87.07705688476562,87.59640402375086,86.29803984508175,86.29803984508175,2964400
2025-04-01,87.11553192138672,87.50984657973956,86.05760577600526,87.31749903970231,4276600
2025-04-02,87.64448547363281,87.78874978782298,86.58655939888459,86.82699747667228,3427200
2025-04-03,84.65343475341797,87.31749275033374,84.59573196308071,86.28841807632199,5784700
2025-04-04,80.97953796386719,83.91288531388618,80.8833642046639,83.77824058348408,7803800
2025-04-07,78.85407257080078,82.05670963493613,77.02674165105584,79.13298163086183,13294200
2025-04-08,76.73822021484375,80.93146101112129,75.83417066573432,80.7391061402533,7401100
2025-04-09,81.316162109375,81.69124492955889,73.97798716494246,75.33406146682877,10990300
2025-04-10,79.4599838256836,81.18152145661335,77.4210661501358,80.2293813227593,7442500
2025-04-11,80.43135070800781,80.59485419285467,77.96926690782591,78.91178748997658,5275900
2025-04-14,82.09518432617188,82.58568009797608,80.91222566184136,81.1430515177424,3228000
2025-04-15,82.3452377319336,82.88381669260228,81.87397380376046,82.33561815403937,2443200
2025-04-16,82.28752899169922,83.33584287223223,81.72971820341064,82.59528945121944,2393000
2025-04-17,83.51856994628906,84.14371043677322,82.42217286224708,82.42217286224708,3383500
2025-04-21,81.77780151367188,82.912669585271,80.75834636612268,82.6818510747593,2406100
2025-04-22,83.36469268798828,83.71092411558156,82.51835327475362,82.69146898855026,2209800
2025-04-23,83.51856994628906,85.19202430621678,83.05693293068616,84.29759433369956,2493100
2025-04-24,83.82633972167969,84.41300191421207,83.14348908491247,83.56666247387508,2080800
2025-04-25,83.68206787109375,84.00906012399291,83.07615923911725,83.82633218049709,2409500
2025-04-28,84.20142364501953,84.37453936659612,83.35507685616133,83.60513452901382,2914900
2025-04-29,84.65343475341797,85.05737629854208,83.86479815592847,84.16294636037577,2740300
2025-04-30,84.95158386230469,85.24972473233836,83.4320134414848,84.24950144284632,3738300
2025-05-01,85.23049926757812,85.97104537781213,84.59573916944461,85.24973108679956,3574100
2025-05-02,86.27880096435547,86.57694183973504,85.88448632313614,86.28842054221583,2237700
2025-05-05,86.0864486694336,86.60579578133782,85.62480434632288,86.13453188089898,2289900
2025-05-06,85.42284393310547,86.12492638125048,85.01890970476414,85.69213341866634,2579700
2025-05-07,85.5190200805664,86.22110254824563,85.33629211747353,85.59596203217833,2220300
2025-05-08,85.18240356445312,86.00951115516168,84.86502353456981,85.86524683816126,2652600
2025-05-09,85.7498550415039,85.98067358326283,84.99006969822544,85.11509487968044,3460200
2025-05-12,86.17301177978516,86.91356522142864,85.7017551681137,86.90394564310398,3657300
2025-05-13,85.07660675048828,86.25956529652774,84.82654910039444,86.15377195754911,4178600
2025-05-14,84.23988342285156,84.77846971951428,83.92251072916139,84.77846971951428,3052500
2025-05-15,85.77869415283203,85.79792597122785,84.46109079628091,84.54765232303237,2563000
2025-05-16,86.84624481201172,86.8750962100497,85.6248151527544,85.78831130002868,2580300
2025-05-19,86.86547088623047,86.97126423043161,85.94218952213802,86.10568565859867,2956400
2025-05-20,86.35574340820312,86.73082623344467,86.15377629750292,86.21147908982068,2003300
2025-05-21,84.05715942382812,86.06721837465402,83.98983705077626,85.72098693107633,2677200
2025-05-22,83.67244720458984,84.11485236677028,83.05692634089641,84.11485236677028,2540100
2025-05-23,83.7590103149414,84.00906798546814,83.23005091441317,83.51857222263178,2123000
2025-05-27,85.22087860107422,85.42284571946841,84.16295245528103,84.45147376544918,2117700
2025-05-28,85.13430786132812,85.26895992994504,84.56687754307391,85.24972077546225,1912800
2025-05-29,85.90371704101562,86.24994846367454,85.01890666648188,85.19202237781136,2440300
2025-05-30,85.90371704101562,86.12492330344301,85.06698987999191,85.56710519609386,2525900
2025-06-02,86.01913452148438,86.04798591863755,84.47071261516533,85.24011011040713,3101600
2025-06-03,85.84601593017578,85.98066067078011,85.10546251926392,85.62480966341836,2155700
2025-06-04,86.0864486694336,86.37496995098866,85.41321767062995,85.80753962761906,2598200
2025-06-05,86.01913452148438,86.47115931045293,85.56710973251582,86.12492786943822,3148400
2025-06-06,86.43268585205078,86.82700049779699,85.971041498097,86.36536348143127,2707200
2025-06-09,86.54808807373047,87.06743520014896,85.87486439369971,86.46153388812128,3676100
2025-06-10,87.28864288330078,87.34634567464822,86.67312198363508,86.69235380155493,4036000
2025-06-11,86.81737518310547,87.79836661883976,86.50000250692094,87.41366423889666,2874600
2025-06-12,87.24055480957031,87.32711633663756,86.61541431439805,86.75967863445136,2007200
2025-06-13,86.39421844482422,87.09629357633106,85.82678072252725,86.54809501077007,2334100
2025-06-16,86.4615478515625,87.51947409285948,86.17301917775924,86.73083736706475,2657500
2025-06-17,86.15377807617188,86.72120844591274,85.85562985533599,86.45191895941957,1879400
2025-06-18,86.45191955566406,87.09629187958659,85.97104337287026,86.38459718357646,2945800
2025-06-20,86.39421844482422,87.21170650398174,86.29804467390952,86.75968170933542,2940300
2025-06-23,87.69257354736328,87.75989591373882,86.4422926431462,86.55770555875608,3142100
2025-06-24,87.92340087890625,88.26001274461954,87.33673133969666,87.83684668668927,2727300
2025-06-25,85.80754852294922,87.43291239327854,85.75945796891088,87.43291239327854,4282500
2025-06-26,85.7279052734375,85.99013368142705,84.66929978621931,85.99013368142705,5886100
2025-06-27,85.94157409667969,86.83508464472062,85.60165522987498,85.74733686127001,3179200
2025-06-30,86.49515533447266,86.5340042621271,85.02864721631279,85.99984817864795,8752300
2025-07-01,87.12643432617188,87.78685125332943,86.21350308312833,86.32033577793875,5552800
2025-07-02,87.33039093017578,87.44693771604219,86.57285534623288,86.92248829415661,3469500
2025-07-03,87.42749786376953,87.76742409136926,87.0875790458443,87.38865635001336,2361700
2025-07-07,86.6796875,87.88397464097714,86.21350776915456,87.39837415078107,4467500
2025-07-08,86.55343627929688,87.01960861252742,86.20380332453614,86.41746873129833,3631300
2025-07-09,86.62141418457031,86.87392109393097,86.25235308528528,86.75738172335686,3837000
2025-07-10,87.165283203125,87.74800227742259,86.4174617495502,86.69910349788191,5303600
2025-07-11,87.17500305175781,87.37895437076497,86.24265098929268,86.54372092549247,3987600
2025-07-14,87.73828887939453,87.75771704750554,87.00018150402865,87.14586312616076,3256900
2025-07-15,86.44659423828125,87.82569773882989,86.28148445382413,87.7382858047438,4483000
2025-07-16,87.26240539550781,87.40808702248034,86.41746529648272,86.87392352680617,4126500
2025-07-17,87.165283203125,87.55376505588174,86.76708726638871,87.19441804538863,3406500
2025-07-18,87.34981536865234,87.68973421748386,86.99046835150176,87.35952204313668,2523700
2025-07-21,87.70915985107422,88.27245820883229,87.50520853043952,87.95196010083109,3904200
2025-07-22,89.21452331542969,89.30192784767114,87.96167315224048,87.9713872368258,2684200
2025-07-23,89.38933563232422,89.5253031714933,89.0008537734089,89.35048670546517,2981900
2025-07-24,89.07855224609375,89.47674078223429,89.0299892347637,89.21451978620762,3236600
2025-07-25,89.08826446533203,89.22423200259956,88.18504730509765,89.20480383460416,2960500
2025-07-28,87.66060638427734,88.89402842285837,87.60232928433537,88.85517949278899,2551300
2025-07-29,89.06884765625,89.1659662795873,87.71887878573631,88.15591629559216,3713600
2025-07-30,87.80628204345703,89.1853856235165,87.24298371030308,89.0299899138153,4407900
2025-07-31,86.57284545898438,87.75771171277492,86.45629868642845,87.31096019915587,4823500
2025-08-01,86.35919189453125,87.50520938090891,85.7473379266805,87.43722560670327,5395600
2025-08-04,87.24298095703125,87.46635302058333,86.51458026256357,86.54371510479427,3385600
2025-08-05,87.64117431640625,87.73829293242231,86.93220175078112,87.31096954001656,3752600
2025-08-06,86.96133422851562,87.786853556704,86.92248530123113,87.69944902757034,3604600
2025-08-07,87.21385192871094,87.40808916298069,86.6699743353397,87.40808916298069,3345600
2025-08-08,86.49515533447266,87.39837252583136,86.30091810587575,87.34981692351978,3228800
2025-08-11,85.92214965820312,86.58256660386566,85.89301481510665,86.15523581265012,2623500
2025-08-12,86.40775299072266,86.4271737502036,85.54338470514888,86.18437350347668,3240500
2025-08-13,87.21385192871094,87.34981947463487,86.26207169756792,86.59228388743712,3577300
2025-08-14,86.59228515625,86.80594315320718,86.03869347015099,86.66026893020812,3524500
2025-08-15,87.08758544921875,87.33038568125717,86.52428713256761,86.60198498514191,2399500
2025-08-18,86.34947967529297,87.23326868322206,86.32033742278252,87.09730114354066,2562500
2025-08-19,87.83541870117188,87.87426762939974,86.71853609606578,86.80594062732192,4168400
2025-08-20,88.08792877197266,88.79690877056696,87.83542184396981,88.04908725203045,2931900
2025-08-21,87.8257064819336,88.14620458936366,87.46635944545058,87.66060409071528,2629800
2025-08-22,89.52530670166016,89.95263750428505,88.28217063185187,88.43755893574017,3318700
2025-08-25,89.01056671142578,89.68069031450902,88.95228961705001,89.3601996389801,2968600
2025-08-26,88.77748107910156,89.26308154689752,88.60266461430801,88.98143238641485,2739800
2025-08-27,89.33106994628906,89.57387019277208,88.94258806998113,89.01057184260937,1885400
2025-08-28,89.09796905517578,89.39904637466013,88.57351967669565,89.36019744925329,2525000
2025-08-29,89.58358001708984,89.612714862144,89.13682843701604,89.21452629694429,2137100
2025-09-02,88.0976333618164,88.87459705108358,87.78684936804451,88.7774784423439,3424400
2025-09-03,88.14620208740234,88.359867486291,87.79656914552552,87.9325366885137,2505500
2025-09-04,88.80662536621094,88.8648950574474,87.96167779490271,88.41814346872408,3689000
2025-09-05,89.80695343017578,90.24399089574314,89.1853854121943,89.41847156651853,3446100
2025-09-08,89.28250122070312,89.30192197892198,88.61237021218976,88.90373345319775,2880400
2025-09-09,89.07855224609375,89.10768708902168,88.6997844686801,89.0299892347637,2533900
2025-09-10,88.93287658691406,89.6030076579063,88.78719495282762,89.08827230585312,2242800
2025-09-11,90.55477142333984,90.72958788478098,89.10768413176727,89.18538198344666,2671400
2025-09-12,90.1371612548828,90.65189659257328,90.04004263809367,90.49650828764572,2165500
2025-09-15,89.99148559570312,90.5547765279442,89.72925718392202,90.42852306910446,2754600
2025-09-16,89.51558685302734,90.12744817369118,89.26307994925891,89.98176655402479,3260300
2025-09-17,89.39905548095703,90.88499183317256,89.30192945270909,89.78752995524623,4570600
2025-09-18,89.59329223632812,89.98177411820396,89.29222229747026,89.50588770298575,2966000
2025-09-19,89.01056671142578,89.82637193593584,89.01056671142578,89.70983256653444,3076000
2025-09-22,89.02999114990234,89.22423578972572,88.46669280892758,89.03970523431235,3646000
2025-09-23,89.51558685302734,89.72925224058139,89.0299863939227,89.1465331715908,3421200
2025-09-24,88.63512420654297,89.47833504315332,88.62531734180675,89.43911506465447,2709200
2025-09-25,88.37039184570312,88.97829029605828,88.30175875295707,88.62531796752252,4246500
2025-09-26,89.2430191040039,89.39989902491111,88.53708190126058,88.73317432194823,5430800
2025-09-29,89.2724380493164,89.4489242168515,88.8802457347444,89.34107114333304,3155100
2025-09-30,89.63520812988281,89.70384122264444,89.01751029502816,89.30184953088235,3002800
2025-10-01,89.77247619628906,90.08622855269388,89.46853070489742,89.58619064371655,2933500
2025-10-02,89.30184936523438,89.57638173577166,88.74297775937033,89.57638173577166,4186000
2025-10-03,89.63520812988281,90.36076651672984,89.41950198679024,89.41950198679024,2496500
2025-10-06,88.79199981689453,89.71365064347744,88.76258670207955,89.69404439374955,4154400
2025-10-07,88.46845245361328,89.03712348923283,88.09586636631978,88.86063731115871,4546200
2025-10-08,88.00762939453125,88.34098802853799,87.78211636294968,88.06645562866258,3325100
2025-10-09,87.52718353271484,88.23312821018847,87.30167799879462,88.17430198054777,3122700
2025-10-10,86.40943908691406,87.93898836034849,86.37021910754947,87.77230157793741,3996300
2025-10-13,86.9585189819336,87.04675833294654,86.36042733468967,86.487886668524,2809800
2025-10-14,87.85073852539062,87.98800470823852,86.6643622419505,86.84084840281862,3047700
2025-10-15,89.1253662109375,89.38029234095049,88.08605544109056,88.15469601648887,3026500
2025-10-16,88.81161499023438,89.64501900546865,88.61551508753746,89.29204666106061,3719100
2025-10-17,89.39009857177734,89.49795165502586,88.49786826906781,88.77240066990151,2945200
2025-10-20,90.29212951660156,90.31174324699307,89.6057985618255,89.8116978482583,2036800
2025-10-21,90.0372085571289,90.64509953564934,89.8901355047479,90.2038878589525,2829500
2025-10-22,90.41959381103516,90.56666686310058,89.89994217679066,90.31174073821693,2490400
2025-10-23,90.36076354980467,90.7627552283677,89.60579207376959,90.51763597934644,2687000
2025-10-24,90.62549591064452,91.115734445814,90.62549591064452,91.007881369641,2619500
2025-10-27,90.8804168701172,90.91963684835171,90.28232529282091,90.6843169789445,2921900
2025-10-28,89.09595489501953,90.66471672591707,89.02732179868171,90.66471672591707,4635700
2025-10-29,86.80162811279297,88.59590282842852,86.50748949936731,88.43902291691144,5649700
2025-10-30,87.21343231201172,87.80172453788107,86.47807451012142,86.73300064263503,5183100
2025-10-31,87.4389419555664,87.73308805715172,86.44865805937171,86.77221727502632,3982700
2025-11-03,87.31148529052734,87.40953150055638,86.14471519397671,86.47807380416471,4522900
2025-11-04,87.45854949951172,87.58601630296052,87.02714468603192,87.4977694790001,4058700
2025-11-05,87.5369873046875,87.82132653864761,87.00752881529067,87.73308719730449,2885900
2025-11-06,87.11538696289062,87.80172540637838,87.0859738473955,87.44875305954386,3421600
2025-11-07,88.46845245361328,88.48805870431188,87.20363609082325,87.30168230520961,5277800
2025-11-10,88.41942596435547,88.81161830393621,87.89977429360083,88.2625460363445,3398100
2025-11-11,89.40970611572266,89.47833921118117,88.72336768069108,88.74298141107715,3190200
2025-11-12,88.74298095703125,89.39009192797978,88.713567842049,88.9782933573356,3652300
2025-11-13,87.65464782714844,88.64493172026808,87.5173816416205,88.27234566202418,3734400
2025-11-14,87.84093475341797,87.98800780606045,87.36050309653565,87.88015473281904,3662800
2025-11-17,87.11538696289062,88.09586404177615,86.87026769316924,88.0762577915949,4071900
2025-11-18,87.46835327148438,87.7232793889212,86.84084858275214,87.07616097091524,4281500
2025-11-19,86.78202819824219,87.5566059868904,86.49768894819817,87.4585522948124,4029400
2025-11-20,86.41924285888672,87.82132527909357,86.38982974552754,87.33108677525125,5316600
2025-11-21,87.82133483886719,88.14489408193111,86.65456467897127,86.92910455458252,5770400
2025-11-24,88.056640625,88.18410742776712,87.35069595887693,87.88996132340044,3330800
2025-11-25,88.87044525146484,89.26263759419983,88.29196734327698,88.29196734327698,4230300
2025-11-26,89.26263427734375,89.78228593296832,88.62532267913673,88.66454265999755,3298000
2025-11-28,89.55677032470703,89.81169645271112,89.15477862328355,89.15477862328355,1627100
2025-12-01,88.52726745605469,89.03711219445555,88.46844123097459,88.68413988308353,3120800
2025-12-02,88.2135238647461,88.87044171140266,87.92918461460076,88.752781769135,2736900
2025-12-03,88.43902587890625,88.65473202424369,88.05664043233392,88.10566727643649,3204000
2025-12-04,88.22332763671875,88.82141175104796,88.11547456353327,88.27234700061003,4837500
2025-12-05,88.12527465820312,88.58610006908262,87.96840221986221,88.06644842888106,3859800
2025-12-08,87.4487533569336,88.16449743790407,87.40953337599122,88.16449743790407,3971700
2025-12-09,87.11538696289062,88.22333084951701,87.0859738473955,87.69387232926525,4194000
2025-12-10,87.42913818359375,88.05664290742446,87.27226574285926,87.38991820329854,4633300
2025-12-11,87.8115234375,88.16449577889291,87.5173848066368,87.68406411217057,5207200
2025-12-12,87.70366668701172,88.50765754639573,87.48796802559565,88.19390519835432,3855900
2025-12-15,87.97821044921875,88.12527602480452,87.36050510997303,88.0664497945702,3914800
2025-12-16,87.33109283447266,88.2233305639851,87.19382664230865,87.89977133369291,3717900
2025-12-17,87.65464782714844,88.00762015577631,87.24284927056462,87.25264865492656,3715300
2025-12-18,87.1938247680664,88.23312805223858,87.09577855869198,88.08605499795381,3818000
2025-12-19,86.86045837402344,87.42913685901887,86.82124587476866,86.93889833342547,4162000
2025-12-22,87.30669403076172,87.43532386758174,86.55473789431865,86.72293801309938,3593800
2025-12-23,87.24732971191406,87.34627051268677,86.94061096490891,87.34627051268677,3955900
2025-12-24,87.82119750976562,87.96961248626324,87.27701177884076,87.27701177884076,2730800
2025-12-26,87.92013549804688,87.9794984672668,87.52436475628298,87.7618241818617,2065600
2025-12-29,88.09823608398438,88.38516969649565,87.85088030237459,88.29611768979245,2604000
2025-12-30,88.27632904052734,88.32579566566383,87.97949909491209,88.15759555254142,2813400
2025-12-31,87.55404663085938,88.25653611498714,87.51446880163681,88.2367509747254,3301700
2026-01-02,87.58373260498047,87.91024405127877,86.91092457110798,87.43532517366256,3524400
2026-01-05,87.7816162109375,88.12791277661589,86.9504969046104,87.36606033212344,5501600
2026-01-06,88.42474365234375,88.63252159394655,87.34626856646362,87.44520936503176,4889800
2026-01-07,87.5639419555664,89.05797290934794,87.54415681553508,88.91945428303167,6668200
2026-01-08,88.34558868408203,88.68198891158114,87.07912833563977,87.1681727904369,5165900
2026-01-09,88.52368927001953,89.06786746611812,88.36537794473303,88.36537794473303,4126100
2026-01-12,88.64241027832031,89.00849953613132,88.37526936765215,88.63252148256527,3342500
2026-01-13,89.13712310791016,89.20638997139118,87.87066275264235,88.67210059363147,3085200
2026-01-14,89.90888214111328,89.92866728219762,89.05797764919839,89.13712576223514,3535400
2026-01-15,90.53221130371094,90.91808569881444,90.05728490659178,90.33432970831905,3845600
2026-01-16,91.64037322998048,91.83825483695816,90.24528299007966,90.37390527974522,4819500
2026-01-20,89.93856048583984,91.09618369067611,89.87918996726167,90.84882791791456,4648700
2026-01-21,90.29475402832033,90.72020626236684,89.57247184542304,90.57179128794148,6140200
2026-01-22,89.4042739868164,90.65094923527384,89.35479981119295,90.40359345455524,3922700
2026-01-23,89.58236694335938,89.6714113975559,88.92934408445521,89.26575185838438,2838200
2026-01-26,89.46363830566406,90.09686850994224,89.36469750162675,89.82972758417155,3004300
2026-01-27,89.43395233154297,89.62194513387006,89.08765576043973,89.35479667280535,3217100
2026-01-28,88.51378631591797,89.66152069244842,88.29611203425193,89.52300206751528,4520400
2026-01-29,89.75056457519531,89.8692980595412,88.47420792609778,89.02828997101304,7283700
2026-01-30,89.8396224975586,89.85940763857099,88.71168074236853,89.50321471075314,4617900
2026-02-02,88.90956115722656,90.18591787337311,88.86998332703219,89.9385620961827,5280500
2026-02-03,88.71167755126953,89.2261742347773,88.12791400496165,88.80072200567125,4821700
2026-02-04,89.98802947998047,90.35411875083604,88.9392433914474,89.28553997268952,3941100
2026-02-05,89.85940551757812,90.36401341152614,89.28553830867247,89.80004254724278,3588500
2026-02-06,91.27428436279295,91.40290665303527,90.36401688869472,90.56189849655976,3638600
2026-02-09,91.66015625,91.73931191043904,90.63115531039044,91.18523738476436,3021500
2026-02-10,92.88703918457033,93.11460982211946,91.75909743899464,91.77889012853764,4266300
2026-02-11,92.37254333496094,93.2036551346154,92.24392104654756,93.07503284620202,4425400
2026-02-12,92.26370239257812,94.14360775803804,92.11528742054462,93.47079976035866,7469400
2026-02-13,93.58952331542967,93.92593108005106,92.31317421506596,92.600100258671,3906800
2026-02-17,94.48001098632812,94.54927030231916,93.38175072654194,93.93583280316965,3614800
2026-02-18,93.37185668945312,94.3513834031164,93.1541824089282,94.21286477890943,4163300
2026-02-19,93.1739730834961,93.80720327425789,92.79799501669984,93.26302508931848,2646600
2026-02-20,93.87645721435548,93.88635355859108,93.1146047795904,93.2927012323366,2840700
2026-02-23,93.88636016845705,94.62842751569346,93.54995992775224,93.74784153420218,3646100
2026-02-24,94.12381744384766,94.24255093420987,93.4806984633085,93.64889857979723,3788500
2026-02-25,93.86656951904295,94.31180688177778,93.42132460760918,94.02487328517353,3297000
2026-02-26,94.50968933105467,94.66800064731544,93.92593333691596,94.16339276260804,3761600
2026-02-27,94.67790222167967,95.21219162052488,94.1732943090982,94.1930794503742,4707900
2026-03-02,94.91535949707033,95.1825004160542,93.6192176351016,94.19307730341872,5477700
2026-03-03,94.41075134277344,94.73726278075524,92.68915724504096,93.39164674728408,4832600
2026-03-04,94.52947998046876,94.61852443242005,93.53016057705528,94.16339073103836,3896700
2026-03-05,93.5796356201172,93.83688018283564,92.88703494302406,93.56973927579756,4637600
2026-03-06,92.56053161621094,92.82767252483276,92.08560521914008,92.7880946960186,4606000
2026-03-09,92.768310546875,93.0849256320712,90.58168643525453,91.69973180357567,4971400
2026-03-10,92.62979125976562,93.46090302172952,92.05592406296256,92.5011614284862,5106500
2026-03-11,91.67005157470705,92.28348906453556,91.42269580011188,92.10539260487909,4686600
2026-03-12,91.0368194580078,91.71951624824447,90.68062654627607,90.88840448666976,3933900
2026-03-13,91.18523406982422,92.3230645652988,91.07639692785204,91.92730137488972,4063300
2026-03-16,91.94709014892578,92.66937234249696,91.828356657891,92.12518661112831,3479300
2026-03-17,92.35274505615234,93.045345729315,92.28348574370597,92.56053054219038,2960900
2026-03-18,90.9873504638672,92.05592925988832,90.93788383640477,91.98666994248136,2838600
2026-03-19,90.62125396728516,91.1060766992085,90.1166536443918,90.61136517180016,4704900
2026-03-20,87.8113021850586,90.67073440724512,87.39574628499743,90.67073440724512,6295400
2026-03-23,88.49400329589844,89.6615228402298,88.45442546658391,88.93924066546332,6256500
2026-03-24,87.91000366210938,88.77999877929688,87.6500015258789,87.97000122070312,3917100
2026-03-25,87.83999633789062,88.56999969482422,87.43000030517578,88.33999633789062,5061200
2026-03-26,87.72000122070312,88.5,87.30000305175781,87.66000366210938,6108000
2026-03-27,87.0,87.98999786376953,86.83999633789062,87.52999877929688,4435200
2026-03-30,87.33000183105469,88.5199966430664,87.04000091552734,87.91000366210938,5474800
2026-03-31,88.69999694824219,89.43000030517578,87.6500015258789,88.47000122070312,4928400
2026-04-01,89.0199966430664,89.36000061035156,88.55000305175781,88.69999694824219,4412000
2026-04-02,90.2300033569336,90.33000183105467,88.44000244140625,88.88999938964844,3288900
2026-04-06,90.36000061035156,90.62000274658205,89.7300033569336,89.95999908447266,2537600
2026-04-07,90.48999786376952,90.80999755859376,89.66000366210938,90.06999969482422,3184800
2026-04-08,92.12000274658205,92.22000122070312,91.54000091552734,91.9000015258789,5049600
2026-04-09,92.77999877929688,93.56999969482422,91.66999816894533,91.72000122070312,3845600
2026-04-10,92.9800033569336,93.27999877929688,92.56999969482422,92.79000091552734,2568500
2026-04-13,93.33000183105467,93.37999725341795,92.37000274658205,92.6999969482422,2036000
2026-04-14,94.22000122070312,94.31999969482422,93.04000091552734,93.1999969482422,1921100
2026-04-15,94.29000091552734,94.33999633789062,93.66999816894533,93.97000122070312,2758800
2026-04-16,95.16000366210938,95.22000122070312,94.37999725341795,94.5199966430664,2005200
2026-04-17,96.68000030517578,96.80999755859376,95.38999938964844,95.5,2584300
2026-04-20,97.02999877929688,97.02999877929688,96.33000183105467,96.5,2246600
2026-04-21,95.30999755859376,97.05999755859376,95.16999816894533,96.95999908447266,3236100
2026-04-22,94.5199966430664,96.01000213623048,94.12999725341795,95.5999984741211,2707745
