Date,Close,High,Low,Open,Volume
2016-04-25,15.835307121276855,15.848783846443585,15.720751793066368,15.801613726213384,38189682
2016-04-26,15.93638515472412,15.956600245765552,15.828569753689589,15.848786426877924,41664795
2016-04-27,15.963337898254396,16.01724480529657,15.869000810930586,15.922907717972762,56916147
2016-04-28,15.794872283935549,15.95659453655022,15.740965393779437,15.828564090283116,74850832
2016-04-29,15.707283020019531,15.76792830786406,15.565775766235014,15.707283020019531,60318138
2016-05-02,15.848785400390623,15.869000490122772,15.687061518239837,15.72075333446008,43564598
2016-05-03,15.646628379821776,15.68032177181703,15.5118611404268,15.666843465731024,44142060
2016-05-04,15.525341033935549,15.606201394080548,15.451217454989136,15.464694181679969,46466680
2016-05-05,15.518601417541504,15.619678452013092,15.478171236611614,15.559033180618258,47043157
2016-05-06,15.585986137390137,15.592724500663502,15.404048746862436,15.404048746862436,38964104
2016-05-09,15.54555606842041,15.633154791597796,15.48490921638155,15.559032795063084,31989258
2016-05-10,15.76792335510254,15.774661718302054,15.612939419366915,15.61967778256643,37549070
2016-05-11,15.59946346282959,15.761185769746016,15.58598673576546,15.720754006406754,31961192
2016-05-12,15.606197357177734,15.720749504418263,15.511860294744356,15.653365888394424,35254978
2016-05-13,15.417526245117188,15.68032559022624,15.390572790674597,15.572510190308982,45538875
2016-05-16,15.498382568359377,15.565767769046914,15.40404550240189,15.417522226110105,33796243
2016-05-17,15.410788536071776,15.525342304465296,15.343403314956255,15.457957083349774,45457629
2016-05-18,15.680327415466309,15.69380414425634,15.363619542459377,15.363619542459377,96899150
2016-05-19,15.532075881958008,15.68032302139948,15.437738806863695,15.606199451678744,66203303
2016-05-20,15.63988971710205,15.727490003170768,15.58598282238067,15.61293626974136,35765351
2016-05-23,15.626418113708496,15.680326608240474,15.559034473227266,15.606203021564127,38575724
2016-05-24,15.862261772155762,15.895953587622566,15.714016201955044,15.734231291235128,47386483
2016-05-25,16.030719757080078,16.111581690836864,15.922905954933244,15.929644317567424,51504178
2016-05-26,15.93638515472412,16.05767728311961,15.916170063682692,16.037462192078177,36198417
2016-05-27,16.044198989868164,16.05093893570238,15.943123534558604,15.963338625620516,37026264
2016-05-31,16.003765106201172,16.12505561252823,15.94985663235387,16.12505561252823,40884834
2016-06-01,16.037460327148438,16.05767541583914,15.82182955015418,15.889213179123184,38452378
2016-06-02,16.071151733398438,16.071151733398438,15.9431212594628,15.997028161268677,28227076
2016-06-03,15.842039108276367,15.889207632087802,15.673578512517928,15.87573091099882,86083215
2016-06-06,15.93638515472412,16.010507155209364,15.835309699516973,15.848786426877924,46925474
2016-06-07,15.902691841125488,15.99702892378244,15.88921353288488,15.949860382453965,26503799
2016-06-08,15.916162490844728,15.956592653691098,15.8757307458522,15.8757307458522,30469958
2016-06-09,15.801621437072754,15.848791580320992,15.720759464466791,15.821836534687389,39571234
2016-06-10,15.606197357177734,15.68032091695038,15.559028825961049,15.619674080382502,47349676
2016-06-13,15.498382568359377,15.700536588275511,15.491644206505269,15.518597653921692,56062079
2016-06-14,15.269283294677734,15.51860437338061,15.18842133526926,15.437743996119298,66888232
2016-06-15,15.289495468139648,15.464694500883557,15.276018741170644,15.309710558593151,58034633
2016-06-16,15.329922676086426,15.343399400441864,15.080601693364276,15.16820040167462,71488109
2016-06-17,15.317054748535156,15.391573084469035,15.249309216170328,15.350926719414192,46524537
2016-06-20,15.40511703491211,15.642223937816505,15.398342642863769,15.560929642630173,70566829
2016-06-21,15.493184089660645,15.52705604633332,15.398341020371062,15.466086524322504,40308110
2016-06-22,15.479639053344728,15.608354110458365,15.445765497867946,15.49318783929285,54005201
2016-06-23,15.8048095703125,15.8048095703125,15.655772943143011,15.66254733528708,73745517
2016-06-24,14.958003044128418,15.303498607617936,14.90380632052095,14.978324628397752,165914672
2016-06-27,14.53121566772461,14.75477224454255,14.443148551944386,14.734449063977884,140642119
2016-06-28,14.903810501098633,14.903810501098633,14.666703546496144,14.7954186140855,109722231
2016-06-29,15.242534637451172,15.242534637451172,14.99865485946804,15.032526829936984,100009025
2016-06-30,15.486413955688477,15.486413955688477,15.21543504660021,15.289953371765892,72707045
2016-07-01,15.40511703491211,15.513508898291796,15.37801946671875,15.425440211057127,45095346
2016-07-05,15.174789428710938,15.296730102818142,15.100269509298412,15.256082151044671,59557011
2016-07-06,15.21543312072754,15.235756297745802,15.012199759938587,15.046071721635691,58561132
2016-07-07,15.235761642456056,15.364476732664674,15.161243300581368,15.262859221319578,65731461
2016-07-08,15.527064323425291,15.547387508262682,15.425446808631404,15.445769993468794,55327418
2016-07-11,15.61513328552246,15.662555646300916,15.560938119612366,15.608360480390823,42557517
2016-07-12,15.811589241027832,15.831912422200304,15.709971744558825,15.730294925731297,55059306
2016-07-13,15.811589241027832,15.84546120964862,15.72352053200714,15.798040453579516,57377156
2016-07-14,15.960623741149902,16.123212349720927,15.919978974916797,16.123212349720927,67039521
2016-07-15,15.93353271484375,16.035148638538676,15.831915200541893,16.021599848712686,62710956
2016-07-18,15.98773193359375,16.008055123492998,15.926760773288672,15.940309566554838,38953149
2016-07-19,15.994500160217283,16.001274554237092,15.892882659313496,15.91320584137291,30777585
2016-07-20,16.021595001220703,16.05546696553738,15.953851072587346,16.05546696553738,31817657
2016-07-21,15.9403076171875,16.028376353254835,15.91998602038075,16.00127877003631,36524509
2016-07-22,16.041919708251953,16.048694101760738,15.933529412111376,15.96062539553992,23484772
2016-07-25,16.00804901123047,16.048695375509194,15.960626662298562,16.01482340527692,37096308
2016-07-26,16.021595001220703,16.04191817981071,15.953851072587346,15.967399858314018,34484126
2016-07-27,16.014820098876953,16.062240847411704,15.960623367087983,15.99449692093349,50709937
2016-07-28,16.048694610595703,16.082566579213566,15.91998112984782,15.974174689029752,33001387
2016-07-29,16.021595001220703,16.096113322717393,15.987723036904024,15.987723036904024,54440606
2016-08-01,15.98095417022705,16.102893283933426,15.9470821941975,16.03514933187433,39409726
2016-08-02,15.84546184539795,15.99450010391575,15.804813890815486,15.933530557952125,39709475
2016-08-03,16.00804901123047,16.01482340527692,15.84546196350884,15.84546196350884,33511513
2016-08-04,15.967395782470703,16.02159091154352,15.933523826800194,15.994493347007111,31363295
2016-08-05,16.272254943847656,16.272254943847656,16.08934627116184,16.13676703815446,51542339
2016-08-08,16.292577743530273,16.339998504769333,16.245155391684392,16.319675321381165,45019886
2016-08-09,16.30612564086914,16.333223217238388,16.26547927631527,16.28580086798547,32239890
2016-08-10,16.177410125732422,16.319673988436712,16.15031255009478,16.292576412799075,33545242
2016-08-11,16.21128273010254,16.25192909515068,16.15031318253033,16.21128273010254,25139605
2016-08-12,16.163862228393555,16.19095980552402,16.09611669496061,16.10289108924323,28861534
2016-08-15,16.272254943847656,16.285803734416977,16.211285386285716,16.224834176855037,26275941
2016-08-16,16.231605529785156,16.272250299284927,16.19095757907226,16.245152725880704,27637427
2016-08-17,16.285802841186523,16.292578826706556,16.190961312403076,16.231609272488626,25676567
2016-08-18,16.272254943847656,16.306128510877972,16.224834176855037,16.258706153278336,26595016
2016-08-19,16.26548194885254,16.27903073926333,16.163864430164622,16.224833987013174,31510153
2016-08-22,16.26548194885254,16.27903073926333,16.197736406191595,16.23838277742396,32517481
2016-08-23,16.285802841186523,16.367097170750693,16.285802841186523,16.326450801272074,29855443
2016-08-24,16.279027938842773,16.333223091162942,16.238379983995923,16.292576726922817,24299201
2016-08-25,16.31289291381836,16.33999047835858,16.238373020726705,16.258696194131872,27249662
2016-08-26,16.333219528198242,16.45515859431856,16.231603639764643,16.3603170984472,64953346
2016-08-29,16.47549057006836,16.53646012980059,16.353549859996825,16.373873046574236,40451522
2016-08-30,16.62452507019043,16.62452507019043,16.48226120599186,16.502584387933553,39359132
2016-08-31,16.63807487487793,16.651623663667003,16.502585396380375,16.631300480483393,56386078
2016-09-01,16.570323944091797,16.692264594089508,16.441608901905674,16.678715809712685,62960480
2016-09-02,16.644851684570312,16.6922724522132,16.570331744810172,16.590656521549874,66918391
2016-09-06,16.617748260498047,16.665169011468475,16.489033202971832,16.638071439485373,60299920
2016-09-07,16.610973358154297,16.631298129071105,16.522906243476662,16.55677821066037,38671003
2016-09-08,16.597421646118164,16.658392766909746,16.563549684904117,16.610970430603782,72066064
2016-09-09,16.285802841186523,16.56355621383762,16.285802841186523,16.50258665961969,66476831
2016-09-12,16.46871566772461,16.52968522558053,16.136767115961675,16.211285464452242,87153077
2016-09-13,16.177410125732422,16.319673988436712,16.11643898994104,16.279027624980255,83230864
2016-09-14,16.13676643371582,16.285803124395837,16.089345668499455,16.17741280390128,82876829
2016-09-15,16.231605529785156,16.279026283242544,16.0690169081467,16.10288887490198,68626527
2016-09-16,16.077768325805664,16.173063230046292,16.03012087368535,16.166258049382545,75235766
2016-09-19,16.180288314819336,16.297598589936463,16.071359057436496,16.071359057436496,50396100
2016-09-20,16.188669204711914,16.322736732841996,16.1635325420694,16.297600070199483,39903200
2016-09-21,16.289220809936523,16.30597805245915,16.130015019388924,16.264082548836054,64029700
2016-09-22,16.322734832763672,16.389768589025525,16.289218753738155,16.373011348618174,38355700
2016-09-23,16.23894500732422,16.3478758787089,16.2138083433209,16.264083269538627,59009500
2016-09-26,15.979187965393066,16.14677316913583,15.93729246356285,16.138393749127594,54189000
2016-09-27,16.104875564575195,16.121634404066658,15.870258204538356,15.920533124801835,47620000
2016-09-28,16.180288314819336,16.20542657338962,16.021084138506787,16.17190889529591,42936400
2016-09-29,15.954052925109863,16.255704085010585,15.870260314722008,16.171911474622732,62580800
2016-09-30,16.17190933227539,16.25570193156296,16.012705151661002,16.037841812699643,47336900
2016-10-03,16.096498489379883,16.180291100831173,16.054602982759803,16.12163675227861,33170500
2016-10-04,16.16352653503418,16.280835178998505,16.079733961540914,16.138388283523078,68471600
2016-10-05,16.423288345336914,16.456804428605338,16.205428210353602,16.23056647146318,58651900
2016-10-06,16.448423385620117,16.47356164424984,16.30597644980673,16.465182224706602,53337300
2016-10-07,16.440044403076172,16.473560480670933,16.331113554919018,16.381388470416532,55532800
2016-10-10,16.52383804321289,16.59925122764539,16.507080800836448,16.52383804321289,37997400
2016-10-11,16.373016357421875,16.52384115649298,16.264085471290667,16.47356622346928,78581200
2016-10-12,16.356252670288086,16.465181925952024,16.331114412114484,16.356252670288086,51378700
2016-10-13,16.197050094604492,16.230567778783676,16.01270762625242,16.22218835773888,73171100
2016-10-14,16.272457122802734,16.440042283805532,16.222182213786112,16.38976577657837,76176500
2016-10-17,16.197050094604492,16.31435879280934,16.15515458759166,16.280842706841305,41236100
2016-10-18,16.33111572265625,16.38139064482709,16.264081960358144,16.364633402910783,45958700
2016-10-19,16.47355842590332,16.51545391722378,16.364629189543795,16.38138642714565,49835900
2016-10-20,16.47355842590332,16.574109842567193,16.406524680864255,16.456799590090917,56238200
2016-10-21,16.46518325805664,16.481942098194903,16.314356893234194,16.33949515344159,39543100
2016-10-24,16.515459060668945,16.59925166761613,16.50708123836417,16.540597322216414,33808700
2016-10-25,16.498703002929688,16.55735735254247,16.456805897341155,16.548977931424766,36177800
2016-10-26,16.59925651550293,16.62439478439214,16.406534581986843,16.423293427912984,40419200
2016-10-27,16.641149520874023,16.716562710707255,16.56573633104079,16.691424448025806,45545800
2016-10-28,16.565736770629883,16.691424890950163,16.440048650309603,16.674666048717818,55749900
2016-10-31,16.540592193603516,16.64952302832283,16.540592193603516,16.64952302832283,38579100
2016-11-01,16.47355842590332,16.64114358760626,16.33949093582519,16.59924649807525,62758900
2016-11-02,16.3646297454834,16.44842073097087,16.289216579976195,16.440042910990606,66529900
2016-11-03,16.381391525268555,16.53221789809841,16.356254861937607,16.381391525268555,53462100
2016-11-04,16.33111572265625,16.465183247252458,16.25570254029451,16.389770064890723,64891400
2016-11-07,16.741695404052734,16.750074822958958,16.59086906016223,16.607627897974673,59001800
2016-11-08,16.75007438659668,16.83386697526524,16.58249080747025,16.691420053991894,63290400
2016-11-09,17.46230697631836,17.546099555310086,16.85062386663663,17.210930837553693,268936600
2016-11-10,18.107513427734375,18.18292661262354,17.66341373874386,17.73044750328856,241635500
2016-11-11,18.15778350830078,18.18292176262896,17.931544013978947,17.990198342534107,134954500
2016-11-14,18.601886749267575,18.71081600976189,18.30861345041395,18.333750111491383,261730900
2016-11-15,18.58512306213379,18.601881897288095,18.258333767677293,18.44267615974318,122754500
2016-11-16,18.31699562072754,18.45944258166335,18.26671909460115,18.417545476558026,117887700
2016-11-17,18.568368911743164,18.58512775112569,18.2750956153925,18.31699271384882,98536400
2016-11-18,18.568368911743164,18.63540267106238,18.48457631304142,18.551610072360635,92344300
2016-11-21,18.635404586791992,18.68567951189697,18.509716474924012,18.66892226900268,71943900
2016-11-22,18.64377212524414,18.727564679156902,18.534842923904566,18.719185263944627,98286500
2016-11-23,18.752714157104492,18.777852419940817,18.57675111188361,18.719198071533857,101948400
2016-11-25,18.777847290039062,18.811364964664165,18.702434120343263,18.794606127351617,33114800
2016-11-28,18.559986114501953,18.752707937696787,18.5097112037143,18.643778697955103,99791400
2016-11-29,18.61026382446289,18.668919760449967,18.526472826617315,18.59350658382028,74645700
2016-11-30,18.861642837524418,18.911917759138827,18.794609075968214,18.870022257495307,98843700
2016-12-01,19.18842887878418,19.230325971331595,18.937052716342336,18.962189373660124,120088300
2016-12-02,18.978946685791016,19.146531846094504,18.895154105639268,19.138152428258277,82108300
2016-12-05,19.205188751220703,19.27222250469993,19.096259501146,19.14653441670273,95145700
2016-12-06,19.37277603149414,19.389533273020177,19.138157069809544,19.330878932151755,79142600
2016-12-07,19.674427032470703,19.69118587210269,19.35601707051759,19.423050830834608,120172500
2016-12-08,19.8587703704834,19.97607904734149,19.666046917945433,19.783357193014385,116856500
2016-12-09,19.900665283203125,19.900665283203125,19.7163228538304,19.858769785049127,95677300
2016-12-12,19.70794105529785,19.925801135461064,19.65766454572976,19.842008551058196,85143200
2016-12-13,19.758216857910156,19.875525522439368,19.590631681544977,19.758216857910156,113420700
2016-12-14,19.66604995727539,19.967702713771,19.531982420657588,19.60739560978149,142995800
2016-12-15,19.83363914489746,20.001224398300906,19.69119215896796,19.766605363178368,110426000
2016-12-16,19.662763595581055,19.940533729008045,19.63751118146278,19.93211625763529,83096500
2016-12-19,19.67117500305176,19.72167821025151,19.51124630720652,19.688008335139667,73717600
2016-12-20,19.915271759033203,19.915271759033203,19.789012959961045,19.789012959961045,60793600
2016-12-21,19.864774703979492,19.92369538807076,19.79743654995115,19.91527791813369,37738000
2016-12-22,19.81427574157715,19.856361494825045,19.74693596763079,19.856361494825045,37796100
2016-12-23,19.847936630249023,19.847936630249023,19.755346081028893,19.814268361284963,18276700
2016-12-27,19.873193740844727,19.89844454717864,19.847941329042452,19.890027076577883,38241100
2016-12-28,19.67117500305176,19.923692644518542,19.65434006549583,19.906857706962622,30834400
2016-12-29,19.52808380126953,19.721680792103232,19.443910707938464,19.68801091258352,39251800
2016-12-30,19.57016944885254,19.637507602092228,19.50283129561285,19.60383932820649,44761200
2017-01-03,19.789018630981445,19.92369493598219,19.57858670373426,19.87319172297396,71259900
2017-01-04,19.948949813842773,19.974200620737506,19.78902107981312,19.84794176985868,45092200
2017-01-05,19.74693298339844,19.915279181886056,19.56175344943673,19.890026770472417,62201100
2017-01-06,19.81427574157715,19.89844724807294,19.713267686126187,19.822691607851866,38060800
2017-01-09,19.679594039916992,19.80585448647931,19.6375082947084,19.763767135802446,34022400
2017-01-10,19.721683502197266,19.890028106524586,19.62067545522612,19.713266031160632,46212100
2017-01-11,19.847936630249023,19.847936630249023,19.612252325628685,19.746928612420884,48001200
2017-01-12,19.679594039916992,19.78060207607319,19.51124945361435,19.755349665667076,57418100
2017-01-13,19.789018630981445,20.024702967466844,19.704845538988938,19.81427104021966,72479700
2017-01-17,19.31765365600586,19.654344454978737,19.30923618534799,19.64592698432087,96657800
2017-01-18,19.47757911682129,19.502831526635884,19.23347891048648,19.418658432722136,68289100
2017-01-19,19.393404006958008,19.570166026247897,19.32606426002708,19.519662821517635,56729700
2017-01-20,19.486000061035156,19.553338227078633,19.384993614704204,19.452331780747677,74805200
2017-01-23,19.3597412109375,19.519669957428604,19.292403044857327,19.401826962686915,46651200
2017-01-24,19.603839874267575,19.679593893987654,19.36815552862962,19.45232862389091,45229500
2017-01-25,19.932113647460938,19.9405311177314,19.72168170710425,19.81427227461104,92850100
2017-01-26,19.98261451721191,20.033117727436196,19.87319062748128,19.965779578647783,70704400
2017-01-27,19.906862258911133,19.991035360469944,19.847941569460477,19.982617889767223,43944500
2017-01-30,19.74693298339844,19.789020335754508,19.57017091990794,19.780602865283296,46168800
2017-01-31,19.620676040649418,19.79743972675592,19.51125212484519,19.64592845451277,56477300
2017-02-01,19.64592742919922,19.87319432570297,19.587006738728263,19.77218628098961,72132200
2017-02-02,19.57016944885254,19.66276001160769,19.44391061221165,19.536499569498588,39396500
2017-02-03,19.965782165527344,19.982617106272706,19.73009941696556,19.906861478386897,86346600
2017-02-06,19.873193740844727,20.0162875301209,19.831106387840936,19.847941329042452,34952100
2017-02-07,19.822681427001953,19.999445031888907,19.797430630209355,19.99102756446879,50838500
2017-02-08,19.688005447387695,19.82268171714531,19.59541651534669,19.82268171714531,54341100
2017-02-09,19.95737075805664,19.98262317684618,19.6375148140665,19.688018046176772,76813700
2017-02-10,20.016286849975582,20.083625007025173,19.940531222611263,20.075207536710437,55078700
2017-02-13,20.24355125427246,20.336141818276374,20.108874945976716,20.142544825784768,76687000
2017-02-14,20.479232788085938,20.504485194478967,20.193045270837004,20.226715146027708,75954300
2017-02-15,20.63916778564453,20.681253537014086,20.428735817859742,20.58024709153975,76869400
2017-02-16,20.588661193847656,20.64758348837375,20.46240234508561,20.613913605787413,64048200
2017-02-17,20.597076416015625,20.597076416015625,20.41189689841096,20.437149307594037,54156600
2017-02-21,20.698087692260746,20.74859091307644,20.63074952935033,20.7065051633081,55216100
2017-02-22,20.71491813659668,20.773838815666497,20.58024184001765,20.61391011142836,50438900
2017-02-23,20.71491813659668,20.765421346446793,20.59707517298896,20.72333560581638,53509400
2017-02-24,20.554990768432617,20.60549398156544,20.462400206465613,20.49607008553296,61686800
2017-02-27,20.66441345214844,20.706500798513485,20.571824501081537,20.580241970354543,39655000
2017-02-28,20.6560001373291,20.66441600217254,20.52132221780956,20.588660374835182,48913000
2017-03-01,21.245208740234375,21.2872960920512,21.026359327191827,21.05161173828192,92150000
2017-03-02,20.91694068908691,21.295717317982625,20.908523216604515,21.28730145096894,69446200
2017-03-03,21.0179386138916,21.068443428279213,20.92534966511711,20.93376713418171,57652800
2017-03-06,20.858015060424805,20.925353218909724,20.765424490457416,20.891683336933095,49017200
2017-03-07,20.799095153808594,20.89168573440141,20.74859193051639,20.89168573440141,53726500
2017-03-08,20.807506561279297,21.093694085644906,20.7990890922723,21.026355939057,104601000
2017-03-09,20.883264541625977,20.992690045639836,20.790675583000674,20.891682011586138,60804100
2017-03-10,20.866430282592773,21.00110658505145,20.73175237466594,20.98427164587707,62148600
2017-03-13,20.91694068908691,20.9421915010654,20.790681812788343,20.891688271639715,49418400
2017-03-14,20.858015060424805,20.87484839594478,20.706503802466653,20.83276264894233,49511100
2017-03-15,20.8243408203125,20.975852046562252,20.73175026972254,20.89167896470483,86455100
2017-03-16,20.858015060424805,21.017942183408778,20.84959758993065,20.90851827792141,89233700
2017-03-17,20.65358543395996,20.91545047504527,20.65358543395996,20.907003007759982,83056800
2017-03-20,20.48464584350586,20.670485349480344,20.48464584350586,20.611354670815288,78676400
2017-03-21,19.910228729248047,20.594457615386855,19.859545525768503,20.577564288353663,192257000
2017-03-22,19.867998123168945,19.960917085000503,19.623026289271184,19.76663007885495,133199500
2017-03-23,19.910228729248047,20.138305561690977,19.80041485317737,19.842650587545325,85238900
2017-03-24,19.884889602661133,20.045386695686872,19.74973169671769,19.944020280216943,97583400
2017-03-27,19.808866500854492,19.817312360557697,19.411843424810044,19.46252825017125,103963000
2017-03-28,20.07917594909668,20.155201563924447,19.741285222745528,19.741285222745528,82301100
2017-03-29,19.952472686767575,20.07918154305092,19.935577742945657,20.045391655407084,76524100
2017-03-30,20.21433448791504,20.26501769970728,19.944021876769423,19.969362677070414,92566000
2017-03-31,20.04538345336914,20.197434663170046,20.04538345336914,20.138303995178553,70540000
2017-04-03,20.00315284729004,20.12986168419155,19.76662850353435,20.079178471669,93489100
2017-04-04,19.977807998657227,20.02004534659938,19.88488905556464,19.91867732272829,105795900
2017-04-05,19.82575798034668,20.239674348341048,19.82575798034668,20.16365033977816,104651200
2017-04-06,19.952472686767575,20.03694418349612,19.70750083492133,19.808868886662317,80802100
2017-04-07,19.867998123168945,20.003154441460673,19.76663007885495,19.80041996402308,61525700
2017-04-10,19.81730842590332,19.994702057066014,19.749730283362773,19.867993241201237,60429000
2017-04-11,19.7581729888916,19.791962857610155,19.55543861014913,19.71593726418303,83801200
2017-04-12,19.597679138183594,19.749728738614586,19.546994326850047,19.732835412693284,74023000
2017-04-13,19.344263076782227,19.741286107836476,19.344263076782227,19.521656723063735,120159300
2017-04-17,19.682151794433594,19.690599263501245,19.335813618609784,19.394944290893363,86681200
2017-04-18,19.496320724487305,19.639924538246845,19.378059328870275,19.547003949581647,74890400
2017-04-19,19.437185287475582,19.69905043300381,19.4118428755121,19.623024808303633,55583800
2017-04-20,19.766626358032227,19.808863706541736,19.50476124203367,19.580786858160685,85720400
2017-04-21,19.56389045715332,19.791967288494924,19.55544298808252,19.71594167804772,94675300
2017-04-24,20.00315284729004,20.11296674295394,19.927127222911075,20.011600317908844,98770600
2017-04-25,20.18054580688477,20.281913847691985,20.155205005075725,20.18054580688477,71026100
2017-04-26,20.163652420043945,20.34949194795201,20.12141506516233,20.15520494906762,71691200
2017-04-27,20.070728302001953,20.205884591346877,19.952466951622657,20.205884591346877,68871800
2017-04-28,19.876445770263672,20.096075192227907,19.876445770263672,20.079180249494406,64091900
2017-05-01,20.00315284729004,20.104519272335136,19.89333734043586,19.977810435433625,69086600
2017-05-02,19.977807998657227,20.02849120499773,19.86799411638778,20.00315040742252,76511500
2017-05-03,20.1383056640625,20.1383056640625,19.893333892151094,19.910228830460156,78115400
2017-05-04,20.172090530395508,20.332589194906795,20.087619075464044,20.26501106424779,64482800
2017-05-05,20.1383056640625,20.239672071536877,20.07072752201625,20.23122621357234,46881500
2017-05-08,20.121410369873047,20.19743597972919,20.08762210504252,20.163647714898666,45893000
2017-05-09,20.04538345336914,20.23967039425258,19.977805316923167,20.172092257806607,65737900
2017-05-10,20.11296844482422,20.11296844482422,19.977812125867576,20.011602011201944,51192700
2017-05-11,19.986248016357425,20.07072106955581,19.82574937639943,20.036931203800663,77266700
2017-05-12,19.901779174804688,19.91022664303114,19.791965310240435,19.89333170657823,55787200
2017-05-15,20.0538330078125,20.096070354478403,19.93557165952803,19.94401912886121,52192100
2017-05-16,20.11296844482422,20.129863387491405,19.99470706853476,20.09607511334745,51529600
2017-05-17,19.479419708251953,19.842652865805416,19.403394088708662,19.69060162671883,141192800
2017-05-18,19.55544662475586,19.673709602550097,19.428737787510155,19.454080199435406,101656900
2017-05-19,19.724390029907227,19.83420391036249,19.580786271656464,19.58923374110534,69775600
2017-05-22,19.775074005126953,19.8342046823806,19.6399177110643,19.8342046823806,79181900
2017-05-23,19.9271183013916,19.98624895805972,19.699041530366387,19.791962054381745,65577800
2017-05-24,19.91867446899414,19.9693576680733,19.834201396402303,19.952464342506815,59441200
2017-05-25,19.952472686767575,20.045391655407084,19.901787855301823,19.960918547488017,49362400
2017-05-26,19.944021224975582,20.003151905332448,19.90178387387054,19.90178387387054,42601700
2017-05-30,19.808866500854492,19.91023292919624,19.766629146386823,19.884892127705967,46584200
2017-05-31,19.63991928100586,19.817311326946857,19.513210446592257,19.80886546768416,115877900
2017-06-01,19.884889602661133,19.901782931112702,19.61457540196437,19.74973169671769,81187600
2017-06-02,19.808866500854492,19.91023292919624,19.69905099042888,19.74128834489655,83704500
2017-06-05,19.84264755249023,19.9693563474032,19.817305149031743,19.817305149031743,44055800
2017-06-06,19.7581729888916,19.808857791969434,19.64835913793554,19.69059486264411,60397300
2017-06-07,19.910228729248047,19.96091193272759,19.758177507619425,19.791967384065774,83049100
2017-06-08,20.1383056640625,20.28190941730953,19.893333892151094,19.910228830460156,77987000
2017-06-09,20.518430709838867,20.55221897030997,20.248116570121244,20.265011505951673,133216200
2017-06-12,20.5606689453125,20.704272695002125,20.442407602458676,20.5606689453125,86644400
2017-06-13,20.670482635498047,20.73806077526958,20.6113519645967,20.670482635498047,94978600
2017-06-14,20.704275131225582,20.72961754104337,20.383277718294256,20.493093216314502,117605800
2017-06-15,20.619802474975582,20.729617975296296,20.535329385003543,20.55222432523599,59547700
2017-06-16,20.596906661987305,20.66474325727069,20.537548225931335,20.613864597794144,53818800
2017-06-19,20.80889892578125,20.85129619683028,20.707143210970468,20.73258254401122,58041300
2017-06-20,20.63082504272461,20.75801846220992,20.622345265778645,20.741058908317992,45689600
2017-06-21,20.46123504638672,20.664746481340305,20.452756885836557,20.664746481340305,51938200
2017-06-22,20.33403778076172,20.444273255367907,20.30860006920026,20.38491643858855,58380200
2017-06-23,20.257720947265625,20.427313234765776,20.18988435573595,20.418833458655577,85352600
2017-06-26,20.367958068847656,20.452754219464957,20.232284874800797,20.300121471824227,60302300
2017-06-27,20.469715118408203,20.622347888140364,20.39339873354212,20.444277401687696,75943400
2017-06-28,20.79194068908691,20.825858184606812,20.588430863910578,20.60538880299436,90097600
2017-06-29,20.93608856201172,21.215914705337916,20.783455826133444,21.215914705337916,119176700
2017-06-30,20.91913414001465,21.097204630642057,20.876736866251644,21.08872646977131,72754900
2017-07-03,21.22439956665039,21.360072782747807,21.01240996432914,21.03784768150221,61454400
2017-07-05,21.258316040039062,21.30919308929168,21.131122608231397,21.28375537334149,78100200
2017-07-06,21.097198486328125,21.343107131122014,21.097198486328125,21.24983121518615,97648100
2017-07-07,21.24135398864746,21.283752872502976,21.0972010182428,21.207436498915097,59432400
2017-07-10,21.215911865234375,21.266788897932415,21.13959550751145,21.20743209022608,55022500
2017-07-11,21.029361724853516,21.2074337795086,20.9700049124191,21.19895400382485,49857200
2017-07-12,21.097198486328125,21.114158037834983,20.970005084730392,21.029361897652542,47818600
2017-07-13,21.22439956665039,21.22439956665039,21.08024657237785,21.09720451137579,48875900
2017-07-14,21.13111686706543,21.16503435156797,20.851290746174328,20.961524592497337,61742300
2017-07-17,21.06328582763672,21.11416287646469,20.97848966802195,21.071765605333415,43257000
2017-07-18,21.029361724853516,21.063280827588517,20.893688548617185,20.919127875668433,63210700
2017-07-19,21.037845611572266,21.131121544968863,20.961529232857256,21.071764720935448,48259400
2017-07-20,21.029361724853516,21.148076967074186,20.9869644637866,21.054801051904768,40163500
2017-07-21,21.029361724853516,21.09719831297168,20.9700049124191,20.9700049124191,39108400
2017-07-24,21.12264633178711,21.1480856693064,21.020892216414943,21.020892216414943,26364800
2017-07-25,21.38550567626953,21.47030182154213,21.326148859784297,21.360067964834116,75786800
2017-07-26,21.24135398864746,21.44486539644984,21.19047694537289,21.41094628936543,56086500
2017-07-27,21.12264633178711,21.29223868054405,21.02937037823554,21.283758901370952,67826200
2017-07-28,21.12264633178711,21.18200316864629,21.003932658068752,21.088728832447224,43735800
2017-07-31,21.27527618408203,21.35159256874811,21.17352046540983,21.198959799415952,43039300
2017-08-01,21.42790412902832,21.44486368121404,21.317668657173048,21.419424352935454,60987500
2017-08-02,21.46181869506836,21.478778244945868,21.351584855567964,21.453338920129607,43341500
2017-08-03,21.38550567626953,21.46182204527967,21.35158818857166,21.4279045575818,40816800
2017-08-04,21.529661178588867,21.61445733386765,21.487263909625547,21.580539842167425,50792900
2017-08-07,21.495744705200195,21.538141976171993,21.461825594540983,21.52966219850719,39486800
2017-08-08,21.436384201049805,21.699250794149684,21.42790442483988,21.461821912327636,52736500
2017-08-09,21.436384201049805,21.453342136117712,21.25831213534528,21.25831213534528,46567000
2017-08-10,21.0548038482666,21.351589567207665,21.0548038482666,21.30071252369984,71130300
2017-08-11,20.970006942749023,21.165036950302703,20.91912990107241,21.05480309044471,50477800
2017-08-14,21.258316040039062,21.31767286705916,21.131122608231397,21.13960238599887,49472900
2017-08-15,21.27527618408203,21.46182644807007,21.27527618408203,21.43638873141623,48535000
2017-08-16,21.23287773132324,21.40246842988153,21.19895862120027,21.368550937110747,35084100
2017-08-17,20.868249893188477,21.215912593707316,20.859770117889024,21.181993492509495,76613100
2017-08-18,20.87673568725586,21.029366834594352,20.75802041618961,20.766500193933787,71725900
2017-08-21,20.817373275756836,20.885209867430003,20.73257874917932,20.85977215639752,45047200
2017-08-22,21.046321868896484,21.063281420741575,20.876731202501222,20.90216891291698,42644000
2017-08-23,20.97848320007324,21.09719681652157,20.876729133789453,20.893687066602272,36612700
2017-08-24,20.97848320007324,21.071759108626487,20.93608594201362,21.071759108626487,31067200
2017-08-25,21.037845611572266,21.131121544968863,21.01240789690203,21.020887674242825,37177300
2017-08-28,20.902172088623047,21.06328462092577,20.851295042709815,21.05480484371488,36486900
2017-08-29,20.834333419799805,20.868252525275803,20.647783191737737,20.66474274447573,42814200
2017-08-30,20.91913414001465,21.012410083116045,20.85129753158245,20.868257088028574,35176100
2017-08-31,20.944570541381836,21.01240714031347,20.8767339424502,20.986967809207073,44225200
2017-09-01,21.003925323486328,21.12263895574982,20.91912917871872,20.97000621863851,42132600
2017-09-05,20.55451202392578,20.87673713108051,20.495155192963686,20.842818017757978,96579200
2017-09-06,20.605384826660156,20.707140528288132,20.53754823135884,20.63082415640515,77593900
2017-09-07,20.249238967895508,20.656260090138716,20.17292422591113,20.639300539763635,87667800
2017-09-08,20.435794830322266,20.512111204756767,20.223805260749113,20.26620252772292,68639500
2017-09-11,20.79194068908691,20.851297519260974,20.630828137648525,20.673225411386476,73305700
2017-09-12,21.037845611572266,21.054805166253857,20.85129536213122,20.868254916812813,66350600
2017-09-13,21.07176399230957,21.08024376935715,20.927611017204917,21.00392739328103,51049400
2017-09-14,21.029361724853516,21.131117415706683,20.9869644637866,21.080240378956017,47163200
2017-09-15,21.091524124145508,21.108554407941252,20.97231376167255,20.997859187366167,59250200
2017-09-18,21.338459014892575,21.346974157697133,21.15113074548462,21.16816103109373,44010400
2017-09-19,21.500244140625,21.551333374924734,21.30440072239478,21.338459670562113,58443300
2017-09-20,21.62796401977539,21.704598669034407,21.415090354966388,21.517270428677467,70595500
2017-09-21,21.679054260253903,21.730145111551657,21.559845522086988,21.576875805852904,51050100
2017-09-22,21.653505325317383,21.679049120813353,21.534296615411208,21.593900970364295,42306600
2017-09-25,21.62796401977539,21.704598669034407,21.48320986274138,21.62796401977539,39774600
2017-09-26,21.619449615478516,21.69608426735065,21.559845247155135,21.66202532435038,46811000
2017-09-27,21.88341522216797,21.99410882252347,21.798265424303644,21.89192874026682,65919100
2017-09-28,21.9174747467041,21.96856397713539,21.80678114342009,21.9600504588113,37718900
2017-09-29,22.0196533203125,22.0196533203125,21.883414299115135,21.917473242365855,42740800
2017-10-02,22.206981658935547,22.206981658935547,21.97707770069159,21.97707770069159,52774000
2017-10-03,22.283613204956055,22.283613204956055,22.147374202197582,22.189948281523225,48062900
2017-10-04,22.181434631347656,22.292129843587855,22.172921114188068,22.224010337631245,39283800
2017-10-05,22.411340713500977,22.487975368033705,22.14737780572008,22.206982176112803,61260400
2017-10-06,22.436887741088867,22.5305510623493,22.317677367697787,22.47094668770246,66077800
2017-10-09,22.351736068725582,22.49649023394408,22.30064684103002,22.49649023394408,31340200
2017-10-10,22.453916549682617,22.453916549682617,22.32619104201411,22.385797036838152,35822500
2017-10-11,22.411340713500977,22.436886139710985,22.31767577482825,22.402825571430977,33748600
2017-10-12,22.241043090820312,22.47946057610481,22.215497664212418,22.470945433902173,53834800
2017-10-13,22.249557495117188,22.326192153895907,22.04519894640639,22.1303487477269,69561400
2017-10-16,22.39430809020996,22.40282323139053,22.25806907951508,22.266584220695645,42000700
2017-10-17,22.283613204956055,22.47945656840923,22.23252398494588,22.4709414277247,37844200
2017-10-18,22.40282440185547,22.436884968357287,22.283615667293507,22.377280601076304,52201500
2017-10-19,22.419857025146484,22.428372167660697,22.20698333458334,22.241043904640183,34671600
2017-10-20,22.683820724487305,22.700851010099665,22.581642259007996,22.65827692016619,56083800
2017-10-23,22.666793823242188,22.734913346884262,22.615702962437467,22.692337629547,43555200
2017-10-24,22.82857894897461,22.871154670549465,22.72640046539038,22.743429129922607,61259200
2017-10-25,22.69233512878418,22.92223910477667,22.564611239043035,22.89669367718949,68653500
2017-10-26,22.82005500793457,22.922235076227913,22.777480926868975,22.777480926868975,41832600
2017-10-27,22.80303001403809,22.84560410194463,22.658275841419535,22.777484586835747,56694400
2017-10-30,22.709367752075195,22.811547848847344,22.649763372332085,22.77748727522411,48157500
2017-10-31,22.649757385253903,22.79451153669425,22.624211961788983,22.709361749241616,39890800
2017-11-01,22.683820724487305,22.845605189609874,22.65827692016619,22.74342510003314,40921900
2017-11-02,22.89669418334961,22.9307547542188,22.59867230873125,22.709365915861294,51098300
2017-11-03,22.80303001403809,22.837088959543856,22.7349104989292,22.820058674742295,42387000
2017-11-06,22.77748680114746,22.82006089319285,22.700852136187763,22.743426228233147,33642100
2017-11-07,22.462430953979492,22.862634528816272,22.402826580901,22.794515013284087,70325500
2017-11-08,22.351736068725582,22.42837072231757,22.2751014151336,22.419855580352095,55844900
2017-11-09,22.275102615356445,22.35173727307764,22.045198642192855,22.20698310005953,94577000
2017-11-10,22.206981658935547,22.33470553881644,22.18995137519216,22.292131453555225,53209600
2017-11-13,22.241043090820312,22.2921323199388,22.053713210557,22.070743494962265,50579200
2017-11-14,22.23253059387207,22.241045737087845,22.079261264183113,22.15589592902759,54101800
2017-11-15,22.292131423950195,22.368766076596405,22.01965338080689,22.03668204043041,64952300
2017-11-16,22.300647735595703,22.44540190662085,22.28361745098161,22.39431105277857,53648100
2017-11-17,22.275102615356445,22.326191845804793,22.16440901203547,22.189952815210965,41938700
2017-11-20,22.377283096313477,22.411342042515923,22.24955758178649,22.317677098288772,35232400
2017-11-21,22.445404052734375,22.479463001121776,22.394313194007047,22.453919195855597,35972400
2017-11-22,22.33470344543457,22.505003018712127,22.33470344543457,22.44539865529411,30959400
2017-11-24,22.326194763183594,22.462433811579867,22.309166100207232,22.41985971799262,12172500
2017-11-27,22.309162139892575,22.42837088005303,22.292131855841863,22.309162139892575,42346400
2017-11-28,22.8881778717041,22.913723298551357,22.317676331560683,22.33470661612552,86507000
2017-11-29,23.279869079589844,23.433138410803867,23.04996508276881,23.109569461774814,135340600
2017-11-30,23.43313789367676,23.73967492524256,23.313927514197985,23.484227128254812,135241700
2017-12-01,23.48422622680664,23.59491983482633,22.947785224084797,23.467195941235172,148119600
2017-12-04,23.84185218811035,24.012151781950056,23.84185218811035,23.87591275651721,99820400
2017-12-05,23.714126586914062,23.969574335071545,23.654522220617128,23.9440305347141,77706200
2017-12-06,23.628978729248047,23.76521775595737,23.560859215893387,23.628978729248047,60299100
2017-12-07,23.705615997314453,23.790765804416232,23.48422714848883,23.705615997314453,59625500
2017-12-08,23.85037422180176,23.85037422180176,23.65453076916504,23.824828788115237,55001600
2017-12-11,23.790769577026367,23.884432918003203,23.722650045362418,23.8503739642201,43278400
2017-12-12,24.02917861938477,24.122843551301617,23.807789813824943,23.884424462830157,69517100
2017-12-13,23.73115921020508,24.05472649805395,23.71412892555584,24.00363726820357,97335300
2017-12-14,23.57789421081543,23.85037231867168,23.552348779167293,23.816311743140833,76970000
2017-12-15,23.790040969848633,23.95257676906932,23.63605985812796,23.721605101488315,111826100
2017-12-18,24.003902435302734,24.123666424536317,23.944021256505817,23.986794692532005,61275500
2017-12-19,23.901254653930664,24.157888799382047,23.901254653930664,24.140779421247927,57366300
2017-12-20,23.858474731445312,24.14077286745897,23.841366989595745,24.098001065375556,69680300
2017-12-21,24.063783645629883,24.13221951172171,23.96113066231202,23.986794723961363,46123500
2017-12-22,23.995349884033203,24.166440380088016,23.884142203745505,24.132221628221096,43020300
2017-12-26,23.92691421508789,24.072340648477237,23.83281590993472,23.995350087762883,33710100
2017-12-27,23.95257568359375,23.961130370706087,23.875585131222447,23.944020996481413,29421000
2017-12-28,24.046676635742188,24.05523132321937,23.952576705133,24.012457885833467,28129700
2017-12-29,23.875581741333008,24.12366273744869,23.875581741333008,24.12366273744869,55169800
2018-01-02,23.88414001464844,24.029566433474024,23.77293234455346,24.029566433474024,55436100
2018-01-03,24.0124568939209,24.0295662681685,23.849921101848135,23.926911654322616,56906200
2018-01-04,24.234874725341797,24.414519898045373,24.106557677204837,24.149329482703894,62247000
2018-01-05,24.303308486938477,24.36318966210362,24.1493273898626,24.36318966210362,37989500
2018-01-08,24.269092559814453,24.320419050805647,24.18354732040264,24.277645615279877,44252100
2018-01-09,24.45728874206543,24.585605774664764,24.328971709466096,24.371743509786008,51418700
2018-01-10,24.662601470947266,24.765256097448287,24.491510970658876,24.534284411550946,64670900
2018-01-11,24.78235626220703,24.80802031889263,24.64548455649602,24.765248522722732,42361700
2018-01-12,25.004772186279297,25.021881556714945,24.773800580316173,24.927781650958256,44537500
2018-01-16,24.936344146728516,25.261415760267138,24.79947240365116,25.21864232078054,67563800
2018-01-17,25.12453842163086,25.192974277927988,24.799466880489863,25.004774449381248,54312000
2018-01-18,25.090322494506836,25.218639535514928,25.056105378336536,25.210084848562428,49247400
2018-01-19,25.26996612548828,25.278519180282636,25.124539719390224,25.17586620635436,60727800
2018-01-22,25.47527503967285,25.483829726555,25.244303388773876,25.278520504662787,46868900
2018-01-23,25.50094223022461,25.543715672622028,25.29563460163697,25.41539697706976,60862000
2018-01-24,25.672027587890625,25.731908763597573,25.46672000047837,25.62070109894748,66371000
2018-01-25,25.62070655822754,25.77468605786705,25.535161304001132,25.77468605786705,45423700
2018-01-26,25.80889892578125,25.81745361241676,25.577927281541427,25.697691262798912,33871900
2018-01-29,25.706249237060547,25.94577561377275,25.68914149215535,25.826013241236623,41037700
2018-01-30,25.372621536254883,25.680583750896226,25.372621536254883,25.51804795631999,67316900
2018-01-31,25.441051483154297,25.569368498852064,25.355506262142654,25.441051483154297,49504500
2018-02-01,25.680580139160156,25.706242565677915,25.381172653883272,25.3897273399357,60824200
2018-02-02,25.115985870361328,25.6976915141485,25.09887649692296,25.62925402039504,73086000
2018-02-05,23.84992218017578,24.98766951284668,23.610397456438623,24.57705430217744,147871500
2018-02-06,24.28619384765625,24.346075009837524,23.242546772801504,23.302427934982777,159006400
2018-02-07,24.303308486938477,24.645487796196186,24.1407727031762,24.243427311773335,102699400
2018-02-08,23.23400115966797,24.388857956606003,23.21689178332461,24.346084515747595,135270500
2018-02-09,23.6788272857666,23.85847078275267,22.89181418355276,23.584727378789488,149504900
2018-02-12,24.0124568939209,24.251983238468146,23.704494684022976,23.918356967198815,83571800
2018-02-13,24.115110397338867,24.166436886078515,23.807148201621672,23.875584063821087,43365500
2018-02-14,24.68825912475586,24.696813810712904,24.012453618905045,24.097998846835967,57379700
2018-02-15,24.825132369995117,24.927785344540485,24.551388929021325,24.893568230238568,66976000
2018-02-16,24.79091453552246,25.0047768106011,24.671152183603116,24.70536929916307,47508200
2018-02-20,24.713926315307617,24.987669792146885,24.636935758491596,24.73959037812623,58236100
2018-02-21,24.748146057128903,25.150206600887916,24.69681956107539,24.7224819932822,44578800
2018-02-22,24.54283905029297,24.944899604028905,24.48295786480463,24.808027856729865,47602700
2018-02-23,24.91067886352539,24.91067886352539,24.611271347947405,24.619826034865596,41187300
2018-02-26,25.28707695007324,25.28707695007324,24.92778823423554,25.090324033020163,55124200
2018-02-27,25.04755401611328,25.466723942586786,25.03044463993724,25.304188132194227,72752100
2018-02-28,24.69681739807129,25.269968387330657,24.69681739807129,25.17586845977412,65254700
2018-03-01,24.269092559814453,24.902124720838295,24.132219197771715,24.70537018069921,82467900
2018-03-02,24.32897567749023,24.39741154814765,23.858477639035605,24.0980040021565,78991200
2018-03-05,24.67115020751953,24.80802192207568,24.13221640377009,24.14077108988479,58952100
2018-03-06,24.7738094329834,24.825137562631923,24.5171753113006,24.808028186082417,49746100
2018-03-07,24.731035232543945,24.78236172559087,24.44018238587836,24.46584644822172,41530200
2018-03-08,24.808025360107425,24.84224410930845,24.54283658035851,24.790915985506903,50803000
2018-03-09,25.406837463378903,25.423945204350147,24.970558251640448,25.073211224026217,54595700
2018-03-12,25.321298599243164,25.500942161911112,25.278525156960328,25.406843852168848,51784500
2018-03-13,25.038990020751953,25.466714476323503,24.979108858034227,25.44105042159906,47049400
2018-03-14,24.75669860839844,25.15020443024619,24.67970805514305,25.15020443024619,57278900
2018-03-15,24.765256881713867,24.902128633623057,24.68826631730995,24.85080050292712,47451600
2018-03-16,24.78671646118164,25.027113071855688,24.78671646118164,24.821058132315464,61278200
2018-03-19,24.606422424316406,24.83823489304856,24.374609955584255,24.752378241194492,52145000
2018-03-20,24.666515350341797,24.769543634023215,24.606416200518893,24.700858657428608,37146500
2018-03-21,24.657928466796875,24.984183319823103,24.572073477917392,24.7094434252193,53291400
2018-03-22,23.74785804748535,24.426123763422517,23.662001399729093,24.331681287132696,85160300
2018-03-23,23.02666282653809,23.80795514186214,22.98373532517799,23.773613468289906,89289500
2018-03-26,23.77361488342285,23.84229987223503,23.2670624768408,23.49028909987521,84145000
2018-03-27,23.309988021850582,23.95391035194358,23.121104727885143,23.850883696173035,78827400
2018-03-28,23.35291862487793,23.584729433694832,23.052421191132435,23.370088643530806,84244500
2018-03-29,23.670583724975582,23.8337111678114,23.352916304145904,23.455942956141815,58290000
2018-04-02,23.146860122680664,23.69634161388952,22.794849386751732,23.670584131658448,74363900
2018-04-03,23.464529037475582,23.51604236403132,23.086760821715576,23.29281576551764,75160400
2018-04-04,23.71351432800293,23.782199312774832,23.0266628427047,23.043834498292476,70327000
2018-04-05,23.90239715576172,24.07411043309767,23.825126344718463,23.928154638635863,45378300
2018-04-06,23.327163696289062,23.782202810820113,23.112522882608665,23.627661162957512,88521000
2018-04-09,23.45594596862793,23.9281567032565,23.41301846437957,23.45594596862793,54633200
2018-04-10,23.807950973510746,23.94532091890705,23.653409375545163,23.833708452364643,67801500
2018-04-11,23.52462577819824,23.70492485901667,23.46452663045175,23.593310752419796,52480800
2018-04-12,23.936738967895508,24.091280590880825,23.687756515647415,23.704928170996716,63289100
2018-04-13,23.576141357421875,24.24582114840333,23.44735722311982,24.228649493808625,70103900
2018-04-16,23.67917251586914,23.85088580745904,23.610487526749043,23.71351582921885,44633600
2018-04-17,23.67917251586914,23.91098496824171,23.59331587007419,23.885227483229432,50750100
2018-04-18,23.567556381225582,23.833710468245165,23.51604141916059,23.739268008705064,66795500
2018-04-19,23.92815399169922,23.979667318475585,23.593313273705004,23.61048492849017,76142000
2018-04-20,23.936738967895508,24.074110573110712,23.833712310958084,23.971082278594103,49800400
2018-04-23,23.910978317260746,24.031176605392215,23.833707521296553,24.005419127544535,45689200
2018-04-24,23.756437301635746,24.18571878403785,23.593309879800852,24.039763014517977,69592900
2018-04-25,23.739267349243164,23.859467286476686,23.49887074993415,23.73068152247084,51819000
2018-04-26,23.74785804748535,23.876642200330068,23.6276597231742,23.72210056188467,33456200
2018-04-27,23.78219985961914,23.842299017979062,23.670585733311356,23.704929045276597,47185200
2018-04-30,23.567556381225582,23.97108042526037,23.558970554214753,23.842296295256,41731400
2018-05-01,23.576141357421875,23.59331301201658,23.327158916115113,23.51604220391952,46372400
2018-05-02,23.309988021850582,23.58472795401093,23.275646349120127,23.49028712581779,45430300
2018-05-03,23.11251640319824,23.2327147011372,22.71757656520324,23.19837303211707,68947900
2018-05-04,23.413015365600582,23.54179949888004,22.89787719490365,22.975148002387147,40575600
2018-05-07,23.567556381225582,23.66199720318663,23.40442894317788,23.498871402717985,36873600
2018-05-08,23.730684280395508,23.893811732869928,23.57614265569124,23.584728483461387,47718500
2018-05-09,24.08269691467285,24.1427977137646,23.756443621785735,23.842300268623188,43817000
2018-05-10,24.28016662597656,24.331679956782057,24.00542504066234,24.03976835291884,41445500
2018-05-11,24.26299476623535,24.426122222926256,24.21148143586216,24.2973364406244,25894000
2018-05-14,24.245819091796875,24.37460321517506,24.20289159653047,24.331675719908656,31292900
2018-05-15,24.202892303466797,24.331676430606606,24.10844984602739,24.211478130286658,54655800
2018-05-16,24.245819091796875,24.314504066770507,24.125620794987768,24.177134116823247,31984900
2018-05-17,24.19430160522461,24.280158218557283,24.039760028741537,24.220057442919327,45070400
2018-05-18,23.99683380126953,24.202888701543515,23.988247975727433,24.19430287600142,33266100
2018-05-21,24.168556213378903,24.262998699020635,24.12562870403967,24.13421453342342,29647900
2018-05-22,24.331674575805664,24.469044519293632,24.185718806152337,24.185718806152337,52841400
2018-05-23,24.17713737487793,24.245822359107382,23.91956909341226,24.168551547151846,44968500
2018-05-24,23.98826026916504,24.117044443137893,23.747861943523993,24.099872783253613,43245200
2018-05-25,23.910978317260746,23.953905809428026,23.79936421749964,23.876635013463833,39312500
2018-05-29,23.11251640319824,23.61048288583264,22.94080314536059,23.576139579233516,126469700
2018-05-30,23.533214569091797,23.627657034635217,23.275646292710498,23.33574544802752,65843700
2018-05-31,23.335742950439453,23.51604039709358,23.267057974917073,23.481698728121884,66686900
2018-06-01,23.59331703186035,23.72210118810473,23.524632039358057,23.619074518140984,62934300
2018-06-04,23.670583724975582,23.75644036002491,23.627656226240475,23.70492703402696,44196900
2018-06-05,23.567556381225582,23.62765553272236,23.447356440652985,23.593312224679025,44996800
2018-06-06,23.99683380126953,24.014003814774945,23.679164806527066,23.704922283153355,61960000
2018-06-07,24.074108123779297,24.194306423836885,23.91098068971613,24.09986396660363,65166100
2018-06-08,24.10844612121582,24.1342035976958,23.919562873098943,24.048346980341304,47713400
2018-06-11,24.056943893432617,24.27158471695522,24.056943893432617,24.185728060030275,47319600
2018-06-12,23.99683380126953,24.18571705045932,23.87663388125895,24.125617909243424,55517200
2018-06-13,23.910978317260746,24.194304023269822,23.885220839413066,24.005419127544535,61095800
2018-06-14,23.687755584716797,23.99683881854044,23.61907060359811,23.95390968185431,70635500
2018-06-15,23.68689346313477,23.764498999330716,23.376472963023883,23.540305410839405,63387600
2018-06-18,23.643781661987305,23.678272100114295,23.40234201640625,23.479947558033267,49824600
2018-06-19,23.583419799804688,23.643779293986498,23.393716652750015,23.4023396725864,50214700
2018-06-20,23.523059844970703,23.798989895639924,23.49719078596815,23.798989895639924,42833600
2018-06-21,23.454078674316406,23.5920437075452,23.290244580604863,23.44545565415549,75190900
2018-06-22,23.34198760986328,23.643786821529908,23.32474156469984,23.61791775378475,61389400
2018-06-25,23.09192276000977,23.281624291786443,22.936711668250155,23.238510830596827,80746100
2018-06-26,23.014310836791992,23.135029810409804,22.867722806824936,23.10916075406056,56387800
2018-06-27,22.729761123657227,23.17814665331994,22.72113810361159,23.005691186425945,78099200
2018-06-28,22.928077697753903,23.02292924068237,22.686638154241617,22.729753239514704,78544800
2018-06-29,22.928077697753903,23.341972648341553,22.893585629535437,23.212630681866955,77149900
2018-07-02,23.040184020996097,23.048807041939604,22.72114046945168,22.738386511338696,66202800
2018-07-03,22.833234786987305,23.1695260005638,22.78149830977283,23.100543482720177,30717800
2018-07-05,22.88496971130371,23.005688689494516,22.80736418398884,22.95395221950885,40668500
2018-07-06,22.997072219848633,23.09192381239628,22.738388151575485,22.824615077884403,41285000
2018-07-09,23.523059844970703,23.548927259300424,23.09191872963184,23.117786143961556,73447400
2018-07-10,23.436832427978516,23.617910915747235,23.36784991197049,23.540305379654093,51260600
2018-07-11,23.32473373413086,23.445454365073267,23.27299726068288,23.30748933943009,46023700
2018-07-12,23.367849349975582,23.48856833891811,23.229884321277584,23.471322299162647,64876800
2018-07-13,23.26437187194824,23.341977396553943,23.022933923995108,23.27299489075695,64146900
2018-07-16,23.67827033996582,23.69551638008383,23.316113365525094,23.333357760970195,55812000
2018-07-17,23.704139709472656,23.79899128668657,23.574797696245547,23.704139709472656,55502200
2018-07-18,24.083539962768555,24.126653411057077,23.764494853546548,23.798986927915468,59109200
2018-07-19,23.72138404846191,23.971445036809637,23.686891970249643,23.96282366192938,61765100
2018-07-20,23.764503479003903,23.833486008106707,23.592047978583512,23.678274906457094,51562300
2018-07-23,24.09217071533203,24.126661156100305,23.755879460970704,23.764502482331064,81516200
2018-07-24,24.16115379333496,24.30774187046251,24.10079428710712,24.187021213333637,63133700
2018-07-25,24.21288299560547,24.25599644575169,24.014558493456537,24.143900488567898,44197200
2018-07-26,24.20426368713379,24.368097783215905,24.178396270949687,24.27324620474632,40056800
2018-07-27,24.256000518798828,24.376721159890412,24.118035481556714,24.195641020589523,63149400
2018-07-30,24.27324867248535,24.454328827548345,24.238758232509092,24.27324867248535,56474100
2018-07-31,24.10078811645508,24.350849098899292,24.04905000035812,24.3422260795498,84500100
2018-08-01,24.10078811645508,24.376718156947778,24.040426981008626,24.25599753072764,64046900
2018-08-02,24.10940742492676,24.15252251797921,23.867969482523556,23.945575005345336,38330700
2018-08-03,24.24737548828125,24.24737548828125,24.074918395386376,24.074918395386376,34894300
2018-08-06,24.376720428466797,24.437079924865017,24.2301323752113,24.2818688514565,38230100
2018-08-07,24.488813400268555,24.626778416464894,24.428453911266747,24.44569994945947,44608600
2018-08-08,24.549177169799805,24.5922922727994,24.437081191346877,24.454327232546717,47522000
2018-08-09,24.402587890625,24.549175944159053,24.402587890625,24.488816447646137,29357800
2018-08-10,24.1180362701416,24.204264832405578,23.99731726977586,24.08354583203983,83301400
2018-08-13,23.885217666625977,24.178393747043746,23.87659464724042,24.118032611344855,74413500
2018-08-14,24.10940742492676,24.15252251797921,23.902459912292883,23.971442416504175,43659000
2018-08-15,23.919708251953125,24.040427234774775,23.807612288571995,23.911085232512608,55681100
2018-08-16,24.238754272460938,24.30773678581644,24.03180673239444,24.03180673239444,49534200
2018-08-17,24.29049301147461,24.32498344903228,24.169774013013267,24.169774013013267,43193100
2018-08-20,24.36810302734375,24.41121649337744,24.256005384178863,24.29049747274446,30053700
2018-08-21,24.462949752807617,24.583668749391403,24.333606091127297,24.385344213668617,47940000
2018-08-22,24.376720428466797,24.471570360804172,24.34222834785472,24.359474388160756,27323300
2018-08-23,24.264619827270508,24.39396346898718,24.230129395572725,24.3680944117093,31767800
2018-08-24,24.350847244262695,24.402583711746473,24.307733795471655,24.359470262955433,22064500
2018-08-27,24.678516387939453,24.76474328905762,24.437076788659535,24.445699807705896,52254500
2018-08-28,24.652645111083984,24.764741059248145,24.609531664406823,24.74749666738082,28896800
2018-08-29,24.644025802612305,24.713008314483613,24.52330681800572,24.65264882218032,34015300
2018-08-30,24.454330444335938,24.62678594496529,24.41121533567368,24.531935995254777,43264100
2018-08-31,24.428457260131836,24.4457033006888,24.29049222502205,24.368097762855424,34107800
2018-09-04,24.549177169799805,24.57504623159956,24.316362192294033,24.376721691820457,43145600
2018-09-05,24.566417694091797,24.69575968469809,24.51468122678381,24.53192726411069,32727700
2018-09-06,24.454330444335938,24.600918524441163,24.376724893417094,24.531935995254777,38328900
2018-09-07,24.428457260131836,24.52330883852217,24.32498266146302,24.50606279796521,43644300
2018-09-10,24.402587890625,24.523308528323764,24.376720474789707,24.488816447646137,29927200
2018-09-11,24.428457260131836,24.49743977768673,24.2473787683026,24.333605681741503,32065200
2018-09-12,24.20426368713379,24.480193757583912,24.18701764656242,24.42845728054275,47963400
2018-09-13,24.169775009155273,24.38534559796256,24.118036883676915,24.26462494985279,44977100
2018-09-14,24.342226028442383,24.36809508643655,24.19563798915431,24.204261008485695,34151000
2018-09-17,24.238754272460938,24.41120973351326,24.212885213200305,24.342227220157763,26907900
2018-09-18,24.359474182128903,24.385343242369167,24.195640089953077,24.299114686241207,36405600
2018-09-19,24.77336883544922,24.850974370110947,24.342227707183103,24.342227707183103,75551800
2018-09-20,24.98893928527832,25.06654481958507,24.8940893558712,24.954448850404695,78555500
2018-09-21,24.891939163208008,25.117127400204815,24.857295708576743,25.07382266892334,64710000
2018-09-24,24.61477851867676,24.900593965946243,24.59745596988002,24.865948868352763,47985100
2018-09-25,24.51951026916504,24.72737593371966,24.510848993312415,24.710055033983867,32964400
2018-09-26,24.22503089904785,24.588796185983895,24.16440362655339,24.554152738259607,60288100
2018-09-27,24.13842010498047,24.33762446117978,24.112436281662184,24.251013368754677,57492200
2018-09-28,23.887250900268555,24.051811829955803,23.85260745042193,24.043150554501803,66454900
2018-10-01,23.982524871826172,24.155745436507782,23.904575039530123,24.0258296000042,49855000
2018-10-02,23.982524871826172,24.0258296000042,23.79198010311606,23.947879767708155,47629500
2018-10-03,24.20771026611328,24.311642262392912,24.06913316976091,24.138421717937096,79591400
2018-10-04,24.37226676940918,24.55415022020953,24.181723696542768,24.19904624461311,94700800
2018-10-05,24.25101661682129,24.51950955252752,24.19038933959434,24.432898448502133,58148700
2018-10-08,24.41558074951172,24.49353058815479,24.164408680113,24.18173123358249,56594900
2018-10-09,24.32030487060547,24.424238524551846,24.147082664684635,24.302982319619503,47963500
2018-10-10,23.566789627075195,24.372270049075663,23.566789627075195,24.311642774640244,101604400
2018-10-11,22.865249633789062,23.575457891088668,22.79596106361275,23.428219472967783,178628200
2018-10-12,22.8912296295166,23.31562225719583,22.54478683671412,23.280977151930813,137933000
2018-10-15,22.78729248046875,23.064446672321143,22.78729248046875,22.89988740338959,82196400
2018-10-16,23.168380737304688,23.18570328759961,22.787292890663032,22.94319253937868,75137300
2018-10-17,23.402233123779297,23.54947151567755,23.00382267724363,23.116417616208516,79472100
2018-10-18,23.012479782104492,23.44553360307588,22.94319123682784,23.27231306586886,81706000
2018-10-19,23.099090576171875,23.280972385668335,22.88256366850321,22.995156933624465,73614300
2018-10-22,22.605409622192383,23.17704052959757,22.605409622192383,23.12507453400688,58645800
2018-10-23,22.42352867126465,22.553446152746854,22.016458631599335,22.146374461112146,93698200
2018-10-24,21.860557556152344,22.388883767436123,21.773946458110352,22.388883767436123,98050700
2018-10-25,22.19834327697754,22.3802267829314,21.93851158500872,21.964495414993447,72439400
2018-10-26,21.87788200378418,22.103070217437867,21.670016341635257,21.92984800632905,115308900
2018-10-29,22.06842613220215,22.458175299187115,21.834576632011167,22.14637596559914,97946100
2018-10-30,22.449506759643555,22.466829306342625,22.033775550679724,22.189675167033407,82719100
2018-10-31,22.761316299438477,23.0471318415241,22.63139879233342,22.66604390142003,93781100
2018-11-01,22.865249633789062,22.960522037270167,22.709349937899916,22.82194489691755,62346600
2018-11-02,22.847917556762695,23.220344085746465,22.67469702949361,23.09042827730237,73034200
2018-11-05,23.211685180664062,23.280973729037385,22.9431922622136,22.9431922622136,58705800
2018-11-06,23.33293914794922,23.33293914794922,23.081767151634864,23.194362064454797,51010900
2018-11-07,23.636077880859375,23.66206005235092,23.22900623982043,23.4628556950595,59990800
2018-11-08,23.705368041992188,23.835283864220496,23.41955257230218,23.49750074406372,46730100
2018-11-09,23.48883819580078,23.714024711902887,23.36758201178145,23.6447361718786,47051200
2018-11-12,23.021142959594727,23.54080791810764,22.977838234705885,23.436874265617313,47135500
2018-11-13,23.15105628967285,23.37624446914364,23.03846302592205,23.055785574797305,69820600
2018-11-14,22.839256286621097,23.367580756435384,22.588084310045748,23.332937314268897,104274200
2018-11-15,23.17704200744629,23.19436455773747,22.54478378954212,22.683360887932917,93998000
2018-11-16,23.203025817871097,23.30695781561229,22.925869969299494,23.05578744442997,80518300
2018-11-19,23.194366455078125,23.298298461388384,22.986500790488147,23.185705179224023,65491300
2018-11-20,22.68335723876953,23.021138655260668,22.61406870072086,22.92586629595535,103778300
2018-11-21,22.700685501098633,23.02980740261277,22.63139694056454,22.81328044444753,48618000
2018-11-23,22.518802642822266,22.709345762783272,22.45817536156056,22.57942992408397,24252300
2018-11-26,22.977840423583984,23.06444988161212,22.743990922181172,22.75265219837789,50168800
2018-11-27,22.99515914916992,23.064447700220963,22.88256587320049,22.934531873496432,47174300
2018-11-28,23.43687438964844,23.43687438964844,22.865243427849897,23.06444780654376,61375300
2018-11-29,23.237668991088867,23.39356863782252,23.142396617647343,23.26365281620091,43664100
2018-11-30,23.358924865722656,23.4541972445808,23.13373665785666,23.16838175997576,45435200
2018-12-03,23.506162643432617,23.791978120713487,23.341603368491967,23.6967073962661,65332700
2018-12-04,22.484153747558594,23.393567769076387,22.37156048019295,23.384906494360685,110918600
2018-12-06,22.17235565185547,22.18101692638922,21.592063473847823,21.98181091605137,134687100
2018-12-07,21.747966766357425,22.432191049818535,21.644033106455115,22.120393374050582,86740000
2018-12-10,21.444826126098633,21.72198031642474,21.04641573852789,21.661353043787063,101121800
2018-12-11,21.236957550048828,21.84323184465465,21.15900773829009,21.71331604237976,92308200
2018-12-12,21.358217239379883,21.67001656175518,21.25428523323442,21.53143945224826,86748900
2018-12-13,21.202316284179688,21.462149587624193,21.12436645834327,21.34955466054077,67232900
2018-12-14,20.99445343017578,21.288930222137807,20.951148699815896,20.99445343017578,66817000
2018-12-17,20.786582946777344,21.193652934776157,20.69131057964114,20.87319403944942,101180400
2018-12-18,20.70863342285156,21.133025965809505,20.578717607981854,20.90783778244972,90844000
2018-12-19,20.448802947998047,21.124365884261913,20.28424202548561,20.6653298689994,129331700
2018-12-20,20.266925811767575,20.570063926339177,20.15433250451118,20.249603256198956,107016900
2018-12-21,19.86167335510254,20.628599865930465,19.818096946250364,20.245135779381485,118502300
2018-12-24,19.443344116210938,19.82680812337323,19.417199938582165,19.60021583106231,71752700
2018-12-26,20.32356834411621,20.33228362446769,19.21675267352478,19.495636657962827,108133500
2018-12-27,20.56759262084961,20.56759262084961,19.791949238952192,19.983682095323857,98005000
2018-12-28,20.558874130249023,20.829041148457147,20.47172299661974,20.663454160788472,76348400
2018-12-31,20.759321212768555,20.846472349079463,20.49786946610549,20.672170076457647,56435400
2019-01-02,20.933622360229492,20.977197094908018,20.39328667396008,20.454291967417845,62945000
2019-01-03,20.4630069732666,20.829040391389785,20.41071695989745,20.77675037802063,65729700
2019-01-04,21.14278793334961,21.18636267597232,20.759323881644217,20.811613905245444,64638400
2019-01-07,21.16893196105957,21.36066313933647,20.968483840281746,21.099209719210073,48167000
2019-01-08,21.18636131286621,21.39552305608378,20.94234011024727,21.360663596682404,90114700
2019-01-09,21.290939331054688,21.36937517897109,21.09049290294365,21.238649319866916,61037100
2019-01-10,21.299657821655273,21.369378401175023,21.099209701049976,21.16893194283946,48630500
2019-01-11,21.351947784423828,21.395522523157616,21.073065467080223,21.19507606535062,44961600
2019-01-14,21.50010681152344,21.569827399252446,21.116642747878924,21.142788591628527,50610600
2019-01-15,21.691831588745117,21.726692703421385,21.351944031998705,21.412949320412736,59156500
2019-01-16,22.153728485107425,22.28445432349514,21.883561530803576,21.94456681123323,72982400
2019-01-17,22.27574348449707,22.3541793356122,21.93585590451121,22.066581768946577,55771300
2019-01-18,22.659210205078125,22.685356046039555,22.24960200363421,22.432617903554977,58400200
2019-01-22,22.39775848388672,22.58077438412897,22.28446150179125,22.467479064303255,79651700
2019-01-23,22.423900604248047,22.511051737336217,22.17116414678891,22.484905898728886,44072000
2019-01-24,22.4761962890625,22.53720159442084,22.27574814853808,22.34546873498617,25496900
2019-01-25,22.659210205078125,22.807366645986733,22.572059064143104,22.63306436411669,63140000
2019-01-28,22.589487075805664,22.615632913816825,22.406469534266687,22.4413306516149,66894900
2019-01-29,22.51105308532715,22.667924801825617,22.502337805269487,22.580773663518723,29442100
2019-01-30,22.64177894592285,22.78122010220913,22.42390193144183,22.58077364783132,62076800
2019-01-31,22.60692024230957,22.64177970140944,22.415187399316128,22.45004852068576,64021500
2019-02-01,22.702783584594727,22.80736527990663,22.615634111149404,22.641778288275137,42920300
2019-02-04,22.79864501953125,22.80736029742578,22.58948333687042,22.71149390285525,30362500
2019-02-05,22.737646102905273,22.859656703052135,22.650494961827626,22.842226142382653,39094900
2019-02-06,22.711502075195312,22.833514347353432,22.63306620819005,22.667927332312345,51542800
2019-02-07,22.484909057617188,22.702786089812196,22.3018931484629,22.64178078676077,80395700
2019-02-08,22.37160873413086,22.46747513880506,22.08401118237773,22.3628934553178,54911100
2019-02-11,22.441333770751953,22.484908511224138,22.328038448162403,22.441333770751953,53115700
2019-02-12,22.772506713867188,22.859657859353177,22.59820608516506,22.606921365940643,37671300
2019-02-13,22.83350944519043,23.03395587904975,22.824794166030955,22.87708417871827,42969600
2019-02-14,22.554628372192383,22.728930653047662,22.4239024926858,22.6592100731595,47630100
2019-02-15,23.03396224975586,23.03396224975586,22.55463173702928,22.73764932545797,46880800
2019-02-19,23.068819046020508,23.13853962824732,22.850942018777992,22.920662601004803,23868300
2019-02-20,23.21697235107422,23.225687630457603,23.0078106326817,23.060100646712435,27509100
2019-02-21,23.094968795776367,23.251840547899572,23.016532919714766,23.173404671837968,46619900
2019-02-22,23.06010055541992,23.164682245336945,22.972951086470236,23.09496167281545,26343700
2019-02-25,23.15596580505371,23.373842791043707,23.12982163058738,23.164681083965647,33835900
2019-02-26,23.08624839782715,23.260550675398676,22.972953080994458,22.990381978935837,35659700
2019-02-27,23.173404693603516,23.216979441558628,23.01653294133297,23.042678787468088,42542400
2019-02-28,23.11239242553711,23.225687733484538,23.103677146115064,23.18211299864389,39835900
2019-03-01,23.26055335998535,23.4784304009609,23.19083277336397,23.31284338438391,82657300
2019-03-04,23.11239242553711,23.478425849915105,22.920659602791275,23.32155414485745,76611900
2019-03-05,23.025245666503903,23.164686839199913,22.850943369498953,23.155971558122673,39868100
2019-03-06,22.877086639404297,23.10367893511457,22.859656079210495,23.02524307651218,43158900
2019-03-07,22.64177894592285,22.789935382260733,22.511053069688177,22.789935382260733,62622100
2019-03-08,22.63306427001953,22.650494830588016,22.380327790855453,22.389043071139696,55826400
2019-03-11,22.868371963500977,22.938092543848523,22.641779661804023,22.746361363460217,63343500
2019-03-12,22.920663833618164,22.99909970062513,22.868373809703485,22.903234933826532,32521100
2019-03-13,23.07752990722656,23.16468103388805,22.938088769475968,23.007809338351265,42817500
2019-03-14,23.164682388305664,23.251833520062803,23.033956521804747,23.04267180120742,37665700
2019-03-15,23.326736450195312,23.396812950200474,23.151546035560187,23.169065578250365,70020400
2019-03-18,23.56324577331543,23.633322274834548,23.370535811826745,23.370535811826745,43980700
2019-03-19,23.379297256469727,23.73843956130121,23.317980522096892,23.69464070049511,45029300
2019-03-20,22.89751625061035,23.33549476601303,22.871238608969676,23.326734995214323,65860300
2019-03-21,22.82744026184082,22.923796072010653,22.582173357052852,22.739844222664196,104914100
2019-03-22,22.19675064086914,22.678526325328026,22.100394835675207,22.55589287926694,121855900
2019-03-25,22.10039520263672,22.363183310959393,21.969001983853097,22.17047169737168,72835600
2019-03-26,22.363183975219727,22.41574093014321,22.144194713823843,22.27558793651028,51171500
2019-03-27,22.266822814941406,22.424495312579293,22.16170725959779,22.31061998839412,73148100
2019-03-28,22.45954132080078,22.46830109299796,22.205514610105517,22.31062853496021,52089300
2019-03-29,22.520854949951172,22.669767715257677,22.433260581569503,22.652249844034632,50234400
2019-04-01,23.072710037231445,23.09022958012893,22.696048218713305,22.70480799016205,62485300
2019-04-02,23.055192947387695,23.177826419207072,22.976356666716455,23.01139575623956,41002400
2019-04-03,23.12527656555176,23.31798827566662,23.028922381250585,23.212872645535217,52030900
2019-04-04,23.26541328430176,23.36176907168181,23.125260323069917,23.125260323069917,54378900
2019-04-05,23.300458908081055,23.388054951156715,23.230382407771636,23.309218679464173,37088800
2019-04-08,23.326736450195312,23.3354962215404,23.18658345018499,23.23914207825553,34998000
2019-04-09,23.1340274810791,23.22162352751625,23.028913561959016,23.22162352751625,65954800
2019-04-10,23.204099655151367,23.239138735491633,23.02014949563091,23.13402316522615,48232700
2019-04-11,23.344255447387695,23.43185148803613,23.2216219929332,23.29169849130084,62205000
2019-04-12,23.773475646972656,23.93990796719789,23.56324613915134,23.685881271780485,84627600
2019-04-15,23.624561309814453,23.790993619047736,23.57200435401913,23.782233847955933,40030400
2019-04-16,23.957420349121097,23.98369798552152,23.65959488437879,23.67711442248248,56093400
2019-04-17,24.01874542236328,24.053782840011653,23.826035448408003,24.045024738666328,58834000
2019-04-18,23.94866371154785,24.04501951296233,23.913624630758832,23.97494302213962,52495700
2019-04-22,23.878589630126953,23.948666128020538,23.79975336115223,23.878589630126953,39324100
2019-04-23,24.027503967285156,24.05378161149041,23.773475601596996,23.86983141903121,54250300
2019-04-24,24.001220703125,24.10633627491695,23.896106802088383,23.94866375260669,39505200
2019-04-25,24.045019149780273,24.141373278984062,23.826029910422548,23.887346630121865,44532300
2019-04-26,24.26401138305664,24.281529254592744,24.00998303209476,24.04502211667799,41527900
2019-04-29,24.50927734375,24.64067056434193,24.290288085844967,24.351604810737506,61643200
2019-04-30,24.54431915283203,24.579356569195205,24.334089642386083,24.54431915283203,38800300
2019-05-01,24.342849731445312,24.64943339395266,24.325330187657563,24.570597117663443,67969500
2019-05-02,24.369125366210938,24.483000720682305,24.193934955051507,24.32532818110996,50972900
2019-05-03,24.588115692138672,24.631914549881408,24.430443145776,24.474242003518736,34598900
2019-05-06,24.421680450439453,24.50927648468225,24.11509683672274,24.158894018466444,42517000
2019-05-07,24.01874542236328,24.43044468657688,23.85231309395536,24.19393752287222,60090800
2019-05-08,23.96618270874023,24.167652406444734,23.861067139510983,23.922383858746674,44254200
2019-05-09,23.91362762451172,23.96618625227508,23.563245126533687,23.67712048259876,56468300
2019-05-10,24.07130241394043,24.1151012744996,23.57200709885576,23.78223661727269,63453600
2019-05-13,23.370534896850582,23.642081120761464,23.291698626883637,23.58952416436867,54962500
2019-05-14,23.554479598999023,23.755950948011947,23.39680709575201,23.423086403211556,52398400
2019-05-15,23.466888427734375,23.580762100640477,23.230379640827056,23.317975673469252,49061700
2019-05-16,23.703399658203125,23.834792894595317,23.52820923326542,23.54572710623024,44872600
2019-05-17,23.545724868774418,23.773473903231434,23.431851186923648,23.466890271034956,62711500
2019-05-20,23.572004318237305,23.677119900423893,23.458130635727706,23.458130635727706,44357300
2019-05-21,23.817270278930664,23.817270278930664,23.668357528470796,23.668357528470796,36851400
2019-05-22,23.677122116088867,23.747198620519068,23.607045611658663,23.694639989129676,25867600
2019-05-23,23.344255447387695,23.45813080145731,23.142785723425156,23.44937103031692,51832900
2019-05-24,23.528209686279297,23.53696945830819,23.36177735924168,23.431853864717148,30582000
2019-05-28,23.25665855407715,23.528206437207043,23.25665855407715,23.458129941408625,35177700
2019-05-29,23.212865829467773,23.256663021221065,22.96759721168434,23.07271281095032,39700600
2019-05-30,23.1340274810791,23.396813949634932,23.02015379023974,23.265420715357017,40641200
2019-05-31,22.783647537231445,22.95007987716844,22.7661279918158,22.83620450272257,49259200
2019-06-03,22.93256378173828,23.02891962526433,22.704814669339665,22.748611868711833,63329300
2019-06-04,23.554479598999023,23.58075890645857,23.15154024248344,23.212856955800586,45454400
2019-06-05,23.703399658203125,23.72091920192359,23.396814326117585,23.598285737391635,46599700
2019-06-06,23.79099464416504,23.887350459571213,23.580765141169767,23.712158371697367,37297600
2019-06-07,23.75595474243164,23.869828418101218,23.720915660222296,23.790992153885583,33054800
2019-06-10,23.957420349121097,24.13261071789267,23.896103636513285,23.896103636513285,37081400
2019-06-11,23.96618270874023,24.185171946442157,23.896106219505832,24.088816147211617,34273400
2019-06-12,23.729679107666016,23.983705810023373,23.677122146963743,23.939908621230757,36866000
2019-06-13,23.80851173400879,23.88734799835362,23.712155928530574,23.77347265174202,31020000
2019-06-14,23.861068725585938,23.939904990059397,23.65083924390851,23.83478941384298,29724100
2019-06-17,23.642078399658203,23.92238436249843,23.615799089108684,23.852307871788376,40981600
2019-06-18,23.957420349121097,24.05377446718117,23.589518402719136,23.589518402719136,46237400
2019-06-19,23.91362762451172,24.167655979768007,23.88734998138558,24.001223666695115,58118500
2019-06-20,24.01874542236328,24.115101244718765,23.75595894235557,24.045024738666328,50583800
2019-06-21,23.96503639221191,24.19394583763132,23.929820458676424,24.035469938551103,65322300
2019-06-24,23.868194580078125,24.088299652401183,23.841781366862723,23.921019327240497,48377800
2019-06-25,23.78895568847656,23.903409582726116,23.674500114958636,23.868193645752548,47748500
2019-06-26,23.744930267333984,23.95623089671721,23.7361258645345,23.841777018860174,31448000
2019-06-27,23.95623207092285,24.026667296771077,23.832973784224876,23.832973784224876,59459800
2019-06-28,24.299596786499023,24.38763913847819,23.982644991081305,24.237967643894063,76728100
2019-07-01,24.590133666992188,24.69578313862488,24.45807098781729,24.58132926447812,48971100
2019-07-02,24.52851104736328,24.6341605470734,24.39644665382285,24.55492258265655,56626800
2019-07-03,24.72220230102539,24.731006705660185,24.537314841500145,24.60774839931002,23706800
2019-07-05,24.79263687133789,24.88948364700726,24.678182964948356,24.801441276332245,40683100
2019-07-08,24.66937828063965,24.76622337594396,24.598944720750815,24.660573875744976,26286700
2019-07-09,24.713396072387695,24.75741809231257,24.484486606583424,24.502095414553377,25895800
2019-07-10,24.625349044799805,24.854258467221065,24.5901331148024,24.722195791011732,36566700
2019-07-11,24.766218185424805,24.801435797622556,24.61654669212071,24.660568707367904,40907500
2019-07-12,24.933502197265625,24.933502197265625,24.73981033914305,24.80143949039713,31109900
2019-07-15,24.79263687133789,24.95991720769356,24.722203310651587,24.94230839770485,28346100
2019-07-16,24.731006622314453,24.880678142064596,24.67818187395219,24.83665611903898,47287700
2019-07-17,24.519699096679688,24.722195308197197,24.48448148810203,24.642957368165476,35062600
2019-07-18,24.704593658447266,24.74861568191827,24.45807704408359,24.484488578897707,46369800
2019-07-19,24.59894371032715,24.810244381314277,24.581334901261105,24.76622235864917,29338500
2019-07-22,24.651762008666992,24.69578234054669,24.50209052930079,24.54611086118049,26683300
2019-07-23,24.90708923339844,24.942305169549496,24.704591303273617,24.713395707128463,45307600
2019-07-24,25.16240692138672,25.16240692138672,24.836650738640092,24.854259544035717,36374200
2019-07-25,24.986328125,25.188826076321305,24.933503375609817,25.15360845721551,34180400
2019-07-26,25.259260177612305,25.276867308274745,24.986328661487743,25.039155091280684,33642800
2019-07-29,25.06556701660156,25.285672106355147,25.039155480563014,25.215238544804745,35955100
2019-07-30,24.995126724243164,25.0215399324376,24.81904370741792,24.87186844453868,30726100
2019-07-31,24.871870040893555,25.11838829539295,24.827849703678908,24.995128328509143,64485400
2019-08-01,24.30840110778809,25.02154096580893,24.273183495407707,24.854260665538497,107976300
2019-08-02,24.299596786499023,24.422855071708938,23.97384058795657,24.26437917400008,66036400
2019-08-05,23.48961067199707,23.87699602140725,23.313525964282928,23.76254045761259,85527900
2019-08-06,23.868194580078125,23.88580170961996,23.410375626621743,23.639285103349938,53445000
2019-08-07,23.551240921020508,23.65689208646015,23.102226406621565,23.419178223672187,82354600
2019-08-08,24.000253677368164,24.00905808044889,23.66569307737324,23.78014863815452,66653200
2019-08-09,23.92101669311523,24.044274982677337,23.68330283815839,23.868191951769795,53782700
2019-08-12,23.463193893432617,23.72732091483152,23.392760356913172,23.639278574365218,56837600
2019-08-13,23.753734588623047,23.921014882702963,23.331133331306745,23.41917567973134,72255900
2019-08-14,22.873315811157227,23.34874351311275,22.85570700458075,23.22548354634564,92067300
2019-08-15,22.98777198791504,23.13744348927165,22.820491679512173,22.98777198791504,59504500
2019-08-16,23.392763137817383,23.4543922796898,23.102224555227284,23.102224555227284,48451800
2019-08-19,23.630474090576172,23.797754368956173,23.58645376012942,23.753732359241457,38297700
2019-08-20,23.313522338867188,23.54243175159127,23.287110812305,23.498411421142315,40579300
2019-08-21,23.419178009033203,23.49841596256963,23.357548862786707,23.463198347989756,44913500
2019-08-22,23.577651977539062,23.639281118718376,23.392762874732973,23.5424343658548,43896700
2019-08-23,22.978965759277344,23.586456119976727,22.820489866984623,23.41037142203634,86245300
2019-08-26,23.19906997680664,23.216678781835498,22.98776935426459,23.12863643595929,34175500
2019-08-27,23.05820083618164,23.357543777870745,22.917333767065347,23.287110243312597,54240800
2019-08-28,23.269506454467773,23.30472238970197,22.917338705784392,22.934945833767344,51870400
2019-08-29,23.621675491333008,23.70091344901646,23.43678804291721,23.480808384177625,49818300
2019-08-30,23.70091438293457,23.824172686735345,23.61287201767611,23.753739130382268,40561000
2019-09-03,23.454389572143555,23.53362751090901,23.251893363862045,23.507215984165843,59997200
2019-09-04,23.683305740356445,23.72732776292906,23.577656244719076,23.63048099253776,43945700
2019-09-05,24.16753196716309,24.37002818337208,24.009056083428028,24.017860485776424,68639200
2019-09-06,24.15873146057129,24.26438094725265,24.070689102157942,24.19394739637564,35660800
2019-09-09,24.52851104736328,24.62535614221947,24.27318834440487,24.32601309425993,67797700
2019-09-10,24.616544723510746,24.722195872386788,24.38763697960405,24.607742000433444,77540100
2019-09-11,24.757417678833008,24.78382921107847,24.414052646227045,24.634157704370313,53285900
2019-09-12,24.889480590820312,24.986325675329496,24.607746382669333,24.686984338620334,72872200
2019-09-13,25.083175659179688,25.180022435389997,24.96872175215087,25.083175659179688,56248700
2019-09-16,24.995126724243164,25.03034433516908,24.83665083361276,24.87186844453868,36693600
2019-09-17,25.02153778076172,25.02153778076172,24.81904157315528,24.90708391363094,40868800
2019-09-18,25.10958480834961,25.171213954406262,24.854262141236863,24.924695690911367,57268900
2019-09-19,24.995126724243164,25.241644962920244,24.986322321511683,25.091973475021323,42335000
2019-09-20,24.84823989868164,25.13141045445448,24.830541316988427,25.034071630801098,82921100
2019-09-23,24.892480850219727,24.963273478313702,24.6801029659378,24.724349413389906,35827300
2019-09-24,24.653560638427734,25.016373125092393,24.5827679992695,24.963277379851476,61659700
2019-09-25,24.857088088989254,24.901332853433725,24.60931301974335,24.706653526916668,53544400
2019-09-26,24.742040634155273,24.84823039587434,24.70664517213492,24.821682533487323,53107500
2019-09-27,24.83938789367676,25.034068895370357,24.706651921140782,24.94557768440322,73386900
2019-09-30,24.777441024780273,24.92787555565818,24.759742447540702,24.901327689798823,30608000
2019-10-01,24.255346298217773,24.910178505769487,24.255346298217773,24.892479927444736,54786200
2019-10-02,23.75979995727539,24.113763114975185,23.70670590557779,24.104913825054005,78141700
2019-10-03,23.857139587402344,23.857139587402344,23.40583760078002,23.724403609699923,81128700
2019-10-04,24.299591064453125,24.317289642783884,23.86598602232551,23.88368460065627,40697200
2019-10-07,24.17570686340332,24.39693405166701,24.14916068102256,24.202254733613582,36922900
2019-10-08,23.697856903076172,23.945630272556414,23.680158323019157,23.936780982527907,60008900
2019-10-09,23.91908264160156,24.034120029345747,23.830591434505596,23.84829001349067,45131000
2019-10-10,24.16685485839844,24.343837264258763,23.981024851291476,23.981024851291476,54305400
2019-10-11,24.46772575378418,24.7685948534058,24.458876464050668,24.54736767355634,78702500
2019-10-14,24.50311851501465,24.55621255605721,24.361533280348397,24.38807945695511,35821000
2019-10-15,24.857088088989254,25.007522651061844,24.547369674389273,24.644710181562587,65130200
2019-10-16,24.795137405395508,24.919024059438826,24.73319407837385,24.857080732417167,44595200
2019-10-17,24.81283950805664,24.998669515536186,24.750894484400813,24.92787689061598,32013600
2019-10-18,24.87477684020996,24.972115621088633,24.74203922367093,24.74203922367093,40523700
2019-10-21,25.219900131225582,25.255297292445135,25.078314862006472,25.08716415231136,44145400
2019-10-22,25.14910125732422,25.317234355745512,25.069459352168295,25.175649121652565,50423000
2019-10-23,25.255294799804688,25.255294799804688,25.08716167626527,25.096010965696752,30615400
2019-10-24,25.219900131225582,25.326089927054692,25.122559625701367,25.281843475530255,33469600
2019-10-25,25.343780517578125,25.42342242268796,24.980968144446276,25.19334599546279,28330200
2019-10-28,25.476518630981445,25.59155600284537,25.432272189626737,25.44112147789768,50104600
2019-10-29,25.53846740722656,25.662354093780746,25.3968821403562,25.423428323000945,48458100
2019-10-30,25.520769119262695,25.59156175350884,25.34378668973257,25.538467699781616,51106700
2019-10-31,25.396881103515625,25.441125864670227,25.19335081384788,25.432276574873416,56795500
2019-11-01,25.768537521362305,25.795083697448437,25.538461097584264,25.591555137585623,42302300
2019-11-04,25.989768981933594,26.034013741325655,25.918976354208663,25.989768981933594,37319100
2019-11-05,26.087108612060547,26.210996980354423,26.025165271828325,26.06941003261436,39516100
2019-11-06,26.21984100341797,26.21984100341797,26.03401100808583,26.069406474317535,40179900
2019-11-07,26.414522171020508,26.573805989817632,26.317181684460216,26.37912501669705,61738600
2019-11-08,26.405675888061523,26.414525177649654,26.228693471957673,26.387977308885255,53808800
2019-11-11,26.334884643554688,26.38797869604512,26.21099795846718,26.24639343085097,19702400
2019-11-12,26.370277404785156,26.449919319247492,26.272938599865107,26.343731225183927,44640600
2019-11-13,26.202144622802734,26.290634134014176,26.060559379469343,26.16674746805477,43495400
2019-11-14,26.25524139404297,26.25524139404297,26.078258977579697,26.13135471521632,46158400
2019-11-15,26.32603454589844,26.370279306978254,26.246392625691215,26.343733125462144,30097000
2019-11-18,26.379127502441406,26.38797679185615,26.246391536878967,26.326033453782305,25440500
2019-11-19,26.432226181030273,26.520715709368517,26.361433545661946,26.441073783600448,30770900
2019-11-20,26.30833625793457,26.379128889144603,26.12250623394428,26.326034837694444,46719500
2019-11-21,26.281787872314453,26.405674544586365,26.19329666876481,26.3614297867262,37192700
2019-11-22,26.476463317871097,26.503011181422405,26.317179512221365,26.317179512221365,35195000
2019-11-25,26.64459991455078,26.679995382777182,26.503014665986584,26.511862267171207,50094100
2019-11-26,26.618051528930664,26.644599395455227,26.485315571966375,26.644599395455227,33516200
2019-11-27,26.7242431640625,26.733090765689507,26.600354799502416,26.68884600623694,31012300
2019-11-29,26.679994583129883,26.759636494038897,26.62690053846696,26.671145294381187,19444200
2019-12-02,26.511859893798828,26.777333476963175,26.485313716962796,26.724239435461964,52427800
2019-12-03,26.140201568603516,26.2109941910252,25.972068457416043,26.20214490224383,66912000
2019-12-04,26.38797187805176,26.45876449235779,26.149046171833007,26.166744747366774,41793900
2019-12-05,26.511859893798828,26.55610633490746,26.39682252257468,26.494163005184525,44933500
2019-12-06,26.865827560424805,26.954317076499677,26.795034934867303,26.803884224040655,40811300
2019-12-09,26.803884506225582,26.918921891031605,26.795035216959068,26.81273210766275,21627500
2019-12-10,26.812732696533203,26.86582843329841,26.662298151357223,26.73309077921478,37362100
2019-12-11,26.75078773498535,26.848128225319204,26.724241556042863,26.80388346852888,24490200
2019-12-12,27.272884368896484,27.352526282557008,26.768486707599365,26.786185285708218,68427500
2019-12-13,27.175548553466797,27.405625044985264,27.016266386565945,27.246342878084413,48135700
2019-12-16,27.272884368896484,27.449866774326384,27.246338189562515,27.39677103999983,45914900
2019-12-17,27.379077911376953,27.467569126249856,27.281737406233805,27.290586696504047,30911900
2019-12-18,27.264036178588867,27.46756645938436,27.264036178588867,27.46756645938436,39079700
2019-12-19,27.255191802978516,27.33483373420716,27.228645617788754,27.272890384991477,36946900
2019-12-20,27.287206649780273,27.465088333220336,27.25162929523928,27.393935320559983,97416000
2019-12-23,27.22494888305664,27.367254913119847,27.189371527329993,27.358360574188183,38293100
2019-12-24,27.287206649780273,27.296100988415525,27.216053637119924,27.278312311145022,12315900
2019-12-26,27.438405990600582,27.438405990600582,27.313886950771867,27.313886950771867,15891300
2019-12-27,27.36725616455078,27.49177352244451,27.34946748587403,27.482879183106135,19417400
2019-12-30,27.287206649780273,27.53624134588069,27.26052363387453,27.491771349126083,18819300
2019-12-31,27.376150131225582,27.385044470442885,27.233844096592275,27.26941975703973,15788100
2020-01-02,27.64297103881836,27.64297103881836,27.393934652370778,27.473982001713868,28843300
2020-01-03,27.349464416503903,27.46508742208314,27.207158395904116,27.287205744544195,51363600
2020-01-06,27.33167839050293,27.34946706890848,27.091536321293244,27.10043066049602,27956100
2020-01-07,27.15379524230957,27.313888250125327,27.15379524230957,27.26941825291345,39627500
2020-01-08,27.33167839050293,27.48287876410661,27.180478016899247,27.180478016899247,47966600
2020-01-09,27.500667572021484,27.5540319110677,27.42062021524129,27.527350589755468,27705300
2020-01-10,27.29610252380371,27.5273502520628,27.260525167261516,27.51845591292725,33458200
2020-01-13,27.482873916625977,27.5095569295279,27.287203577942865,27.358356582593217,27542700
2020-01-14,27.429515838623047,27.642974901222928,27.393938479978814,27.48288018016756,37575400
2020-01-15,27.2783145904541,27.385044966573577,27.189372893091505,27.296103269210978,41457300
2020-01-16,27.518457412719727,27.518457412719727,27.349468352777624,27.41172703369792,34444000
2020-01-17,27.59850311279297,27.66076178996832,27.491772740191134,27.59850311279297,38819400
2020-01-21,27.36725616455078,27.58960955874488,27.36725616455078,27.465090504429384,41276500
2020-01-22,27.447303771972656,27.51845679090546,27.41172641429536,27.45619811139198,27391000
2020-01-23,27.376150131225582,27.43840880932494,27.11821938318912,27.304997113908932,43072300
2020-01-24,27.02927589416504,27.38504265356651,26.860288549513136,27.38504265356651,58924900
2020-01-27,26.611248016357425,26.735765344919365,26.460047676065905,26.49562502503867,50289300
2020-01-28,26.92254638671875,27.03816939243548,26.70908735556524,26.75355735089746,34257900
2020-01-29,26.878074645996097,27.10932235342982,26.83360465074489,27.011488024592857,41167500
2020-01-30,27.216053009033203,27.233841685893175,26.620145905596868,26.637934582456843,51210000
2020-01-31,26.64682388305664,27.02037756816591,26.548989565438024,26.98480191532861,58958800
2020-02-03,26.833608627319336,27.100432031211284,26.815819948014052,26.833608627319336,40168200
2020-02-04,27.09153175354004,27.349462457667,27.082639112258345,27.198262109556374,79273300
2020-02-05,27.63407516479492,27.660758178567065,27.393933130110153,27.45619349557848,51086900
2020-02-06,27.59850311279297,27.811962161574908,27.545137078281194,27.78527914431902,37044400
2020-02-07,27.500667572021484,27.58071492880168,27.3850445546844,27.447303232975273,27982500
2020-02-10,27.58071517944336,27.58071517944336,27.402831785777117,27.411726125102604,17723700
2020-02-11,27.67854881286621,27.803066159770346,27.65186579720606,27.65186579720606,27997400
2020-02-12,27.696338653564453,27.909797711623273,27.66076299209888,27.820857709748445,26964200
2020-02-13,27.68744468688965,27.749705064030845,27.52735166350631,27.607399023408888,22758700
2020-02-14,27.723020553588867,27.74080923181493,27.58960885973687,27.660761876219382,22080200
2020-02-18,27.482873916625977,27.714121605844984,27.32277923205732,27.64296860119463,37768900
2020-02-19,27.68744468688965,27.758597707200625,27.54513864626769,27.580716004634088,25643300
2020-02-20,27.63407516479492,27.820852868356912,27.447299157654435,27.589605171596187,50344300
2020-02-21,27.36725616455078,27.56292654072975,27.216055788641924,27.500667861782887,51128200
2020-02-24,26.477842330932617,26.73577138355647,26.353323277824984,26.50452365226716,70455400
2020-02-25,25.57953453063965,26.540101120405676,25.455017173432385,26.486736781091388,111826900
2020-02-26,25.39275360107422,25.9886606870523,25.39275360107422,25.748520342164426,95015700
2020-02-27,24.30767059326172,25.250448416865417,24.289881916335595,24.85021336455726,143536200
2020-02-28,23.64950180053711,23.880749481838176,23.098064761062037,23.480512784120673,192063500
2020-03-02,24.859111785888672,24.859111785888672,23.444943970008957,23.693978702189813,127115500
2020-03-03,23.92522621154785,25.12593494650596,23.685084125271857,24.77906417505521,256525000
2020-03-04,24.716798782348633,24.725691423347406,23.8362780383864,24.245409077607594,124408000
2020-03-05,23.524988174438477,23.96080059366471,23.258163101811913,23.898541918978346,130265700
2020-03-06,22.72451400756836,22.982444734139563,22.26202028171018,22.457690638941653,160606600
2020-03-09,20.28752326965332,21.23919552811523,20.02959421378524,20.456512324725235,134165700
2020-03-10,21.479333877563477,21.4971225532072,20.314202765643454,21.23029920423731,149282300
2020-03-11,20.314208984375,21.034633604272443,20.029596872633885,20.82117452046661,146915400
2020-03-12,18.117359161376953,19.753878930246906,18.055098772757106,18.62432473661226,161437500
2020-03-13,20.500980377197266,20.53655773127273,18.588741702603205,19.47815519743036,160945700
2020-03-16,17.69043731689453,18.980087814298745,16.836601009741187,17.21015481822626,110661600
2020-03-17,18.6510009765625,18.846673037436904,17.37914106298721,18.09956554200403,122295100
2020-03-18,17.067848205566406,17.832742781456986,16.25848192987749,17.476977665179753,145056400
2020-03-19,17.441402435302734,17.690437174676095,16.107281943784553,16.712083504700303,105652800
2020-03-20,16.818811416625977,17.71711937629724,16.60535235142021,17.62817767502271,157840900
2020-03-23,15.840229988098145,16.683368423945282,15.687747523219477,16.539855717095524,144547900
2020-03-24,17.804563522338867,17.903227444623667,16.665429850343514,16.782033289700646,158551100
2020-03-25,18.288917541503903,19.04236011067485,17.391962264948635,18.064678722365088,162949600
2020-03-26,19.43702507019043,19.571568048299664,18.504190561793735,18.531099841738296,129753900
2020-03-27,18.845033645629883,19.437024088042826,18.43243326136246,18.6477040684278,109305600
2020-03-30,19.203811645507812,19.311447027589313,18.47727837657836,18.871939163135377,67297200
2020-03-31,18.674610137939453,19.23969296723758,18.513157900997133,19.024422177443444,83819900
2020-04-01,17.535478591918945,17.885292385330683,17.374028045890572,17.68796108884027,79185000
2020-04-02,17.974987030029297,18.118499757107617,17.365057084543114,17.427843688789046,68398300
2020-04-03,17.616195678710938,18.064673179377152,17.365049373253633,17.804557118609814,68418100
2020-04-06,18.88091278076172,19.033395285729117,18.360678653956512,18.495223348956525,69015100
2020-04-07,19.069272994995117,19.930349402317304,19.060303235234667,19.91241159360315,70950900
2020-04-08,19.9034423828125,20.029015601308817,19.14102989021317,19.356298997981195,80003400
2020-04-09,20.970815658569336,21.221963776391735,20.387795014102736,20.423674049851616,147845500
2020-04-13,20.208406448364254,20.9259701078489,20.02901467808974,20.908030588660107,66236300
2020-04-14,20.298095703125,20.755543066729253,19.921374445498337,20.692756475592525,96169000
2020-04-15,19.419084548950195,19.60744607723635,19.320420615854303,19.490840914295703,63482000
2020-04-16,19.078237533569336,19.41010999984791,18.889876051762723,19.37423268143149,68907600
2020-04-17,20.08283042907715,20.19943558663531,19.661262015982647,19.822714258259108,88698600
2020-04-20,19.73301887512207,20.055923367809473,19.50878002426841,19.688171789274,59063100
2020-04-21,19.096181869506836,19.472901506620147,19.024423792944255,19.13205919698142,71957900
2020-04-22,19.302478790283203,19.544657135937925,19.25762999804724,19.490838585254767,47507800
2020-04-23,19.22175407409668,19.607445161365547,19.194844796796545,19.356297038984128,71740200
2020-04-24,19.49980926513672,19.58053538416955,19.13205770545673,19.42805290497493,33825300
2020-04-27,20.163558959960938,20.27119437127762,19.66126436569901,19.697141695600024,109435100
2020-04-28,20.37882423400879,20.92596752611645,20.33397715237651,20.773485053437582,46452300
2020-04-29,20.970815658569336,21.221963776391735,20.791425612244694,21.006694694318217,70064400
2020-04-30,20.441612243652344,20.77348474880002,20.342946612540423,20.549245922314004,56745700
2020-05-01,19.78683280944824,20.011071627313996,19.652289860890072,19.95725479005201,37534300
2020-05-04,19.60744285583496,19.63435041916457,19.23072157196271,19.526716744233305,50177200
2020-05-05,19.544654846191406,19.98416269377451,19.544654846191406,19.87652731582467,65123000
2020-05-06,19.123090744018555,19.77786784013016,19.105151223652168,19.72405098983783,63738400
2020-05-07,19.57156753540039,19.89447204304583,19.374237953398588,19.374237953398588,61339000
2020-05-08,19.99312973022461,20.02003728794539,19.74198168972561,19.948280949346543,42218300
2020-05-11,19.60744285583496,19.777863126277197,19.49980747009728,19.715076530766225,54994900
2020-05-12,19.096181869506836,19.75992868045036,19.07824235036619,19.68817231469448,62202700
2020-05-13,18.53109359741211,18.9616316666082,18.38758090768008,18.934724106537328,86848300
2020-05-14,19.00648498535156,19.024422792742428,18.019833724976067,18.208193533629775,103763100
2020-05-15,18.88091278076172,19.04236504611624,18.656673903504185,18.827095929245832,70285000
2020-05-18,19.849620819091797,20.00210329453779,19.44599194465701,19.580534902801936,79548500
2020-05-19,19.365264892578125,19.8316820550462,19.35629513436069,19.733016425460836,56673200
2020-05-20,19.795804977416992,19.91241013495438,19.67023177158284,19.688171289789608,50402600
2020-05-21,19.73301887512207,19.921378688651945,19.62538347395738,19.73301887512207,49939900
2020-05-22,19.66126251220703,19.75095839471405,19.463932939336917,19.724049116719947,37584500
2020-05-26,20.683792114257812,20.899061216089713,20.387796885388106,20.405736404909113,108349200
2020-05-27,21.580745697021484,21.61662473296517,21.114330205399728,21.60765497397925,121521200
2020-05-28,21.23990249633789,21.831892877502163,21.17711589694267,21.822923118901915,101590100
2020-05-29,20.99772834777832,21.186089894457908,20.78245923072084,20.9887585873834,86969000
2020-06-01,21.23990249633789,21.33856813013411,20.934937547155503,21.07845026314645,52619200
2020-06-02,21.410324096679688,21.56280656848301,21.257841624876367,21.428261902745703,52572800
2020-06-03,22.20861434936523,22.307279983893096,21.831893039393847,21.885709880587893,77622900
2020-06-04,22.692968368530273,22.692968368530273,21.993344330591658,22.17273436381413,97575100
2020-06-05,23.536108016967773,24.06531180669572,23.455381899157985,24.02046472382652,135859300
2020-06-08,23.984580993652344,24.03839782472148,23.652708539452096,23.921794405603983,80298400
2020-06-09,23.47332000732422,23.67961931342709,23.24908118482811,23.419503168950957,92833100
2020-06-10,22.59430694580078,23.464353065629783,22.57636742725421,23.338779857417073,110848900
2020-06-11,20.746578216552734,21.849834688933942,20.71070088919114,21.526930188646105,233116600
2020-06-12,21.37444496154785,21.580744272183644,20.82730167517715,21.580744272183644,127502900
2020-06-15,21.670440673828125,21.742197031921336,20.59409359162343,20.63894238468577,92469500
2020-06-16,22.01128387451172,22.53151787987442,21.48208011085578,22.53151787987442,108121300
2020-06-17,21.67940902709961,22.074069826432133,21.643529994975555,22.074069826432133,56320900
2020-06-18,21.65250015258789,21.85880116949551,21.401353766310443,21.464140362879807,61206500
2020-06-19,21.508987426757812,22.074070217066776,21.26680908805397,22.06510045887703,99903900
2020-06-22,21.40247344970703,21.55592862726172,21.239993016166725,21.37539423831029,47929500
2020-06-23,21.501771926879883,21.86284248433861,21.48371796857689,21.727441240506614,47218900
2020-06-24,20.743518829345703,21.230965277659045,20.680331709390984,21.22193830027696,90217500
2020-06-25,21.29414939880371,21.33928255763825,20.635195638189455,20.67130182091315,110208900
2020-06-26,20.3824520111084,20.996272809807035,20.32829185878799,20.933085678479856,123959100
2020-06-29,20.608116149902344,20.74351735758711,20.427580058509477,20.599089173160724,69107100
2020-06-30,20.8879451751709,21.03237335706078,20.481741559250516,20.499793790696945,60653100
2020-07-01,20.707406997680664,21.07750436087579,20.644219894947753,20.978209358455832,60500300
2020-07-02,20.73449325561523,21.239993692913337,20.689360087369337,21.167779590687896,50841900
2020-07-06,21.13167381286621,21.35734312032674,21.014326530543617,21.19486094347993,60271700
2020-07-07,20.698387145996097,20.96918959996645,20.644226999546024,20.960162621938103,43810900
2020-07-08,20.915021896362305,20.969182023242876,20.617138615940064,20.689352692353957,53046100
2020-07-09,20.472719192504883,20.951137007095436,20.30121004224707,20.906003835737124,71163700
2020-07-10,21.17679786682129,21.20387879187462,20.463684057611356,20.463684057611356,94440600
2020-07-13,21.267070770263672,21.583008081429405,21.14069653448531,21.447606868564044,102487100
2020-07-14,21.375391006469727,21.438578119135183,20.98723963241655,21.176800970412923,102468300
2020-07-15,21.79964828491211,21.898943301668535,21.56495206821852,21.889916325443437,90561800
2020-07-16,21.79964828491211,22.025317525380597,21.52884588503779,21.61008694934402,74678500
2020-07-17,21.61911392211914,21.862835393279266,21.61008694589548,21.844783162551614,47033200
2020-07-20,21.519821166992188,21.64619540396531,21.438580094160937,21.501767212647497,40127600
2020-07-21,21.944074630737305,22.052396614683783,21.63716435156172,21.66424527797822,46491300
2020-07-22,21.944074630737305,21.96212858168164,21.763540286452535,21.835754368510347,44437400
2020-07-23,21.96213150024414,22.088505730209388,21.826730293607124,21.898944385261515,49916100
2020-07-24,21.907974243164062,22.09753561304213,21.83576014201242,21.980188344315703,41245600
2020-07-27,21.727434158325195,21.82672917490565,21.53787282309305,21.808675222487448,43060200
2020-07-28,21.673274993896484,21.772570014926018,21.573979972866955,21.646194064055777,35370500
2020-07-29,22.079477310180664,22.106558238425663,21.60105962988985,21.637165812496875,36491600
2020-07-30,21.68230438232422,21.72743754869268,21.40247324133597,21.66425042708886,53994600
2020-07-31,21.691326141357425,21.718405345975704,21.402468092246096,21.673272190465553,50115900
2020-08-03,21.75452041625977,21.926029562808775,21.628144440093084,21.78159962980113,42982100
2020-08-04,21.66425323486328,21.700361150013727,21.54690595406464,21.66425323486328,30754400
2020-08-05,21.96213150024414,22.016291638554996,21.781595410248283,21.808676340263588,34860700
2020-08-06,21.95310401916504,22.043372062088917,21.799648862710363,21.88991690563424,33115400
2020-08-07,22.422496795654297,22.440550748849255,21.79964918418619,21.84478406717359,63302800
2020-08-10,22.584976196289062,22.666217254109636,22.44957500716129,22.54886829427124,45436100
2020-08-11,22.846752166748047,23.21684956302945,22.792592034095044,23.00923428642663,73758600
2020-08-12,22.783571243286133,23.2619907564668,22.62108907949949,23.252963778287537,58793600
2020-08-13,22.63913917541504,22.801621311495104,22.503737969254896,22.61205824549511,35222500
2020-08-14,22.729408264160156,22.837728545376013,22.503739002953992,22.53081821239804,28276900
2020-08-17,22.350284576416016,22.66622189690835,22.341257599062537,22.64816794220139,53397000
2020-08-18,22.205860137939453,22.422502465904696,22.187806180178978,22.36834231434343,35502500
2020-08-19,22.19682884216309,22.512766154646496,22.13364172401037,22.287096891689753,59847200
2020-08-20,21.98921585083008,22.11559010045369,21.92602872601827,21.9440809604502,45586100
2020-08-21,21.944074630737305,22.142664647685937,21.871860548679493,21.953101606209472,35349200
2020-08-24,22.467632293701172,22.467632293701172,22.01629374720355,22.070455612421608,51010900
2020-08-25,22.53082275390625,22.72038586682373,22.386394535359685,22.657198736424625,55236900
2020-08-26,22.422496795654297,22.53081707138456,22.341255727996728,22.47665693351943,30646600
2020-08-27,22.80162048339844,22.909940755704735,22.404442134262748,22.404442134262748,66463900
2020-08-28,22.89188766479492,22.973128726832417,22.7023246128009,22.9641017508594,49170600
2020-08-31,22.6210880279541,22.873838240064188,22.6210880279541,22.873838240064188,52259000
2020-09-01,22.68427085876465,22.76551192151093,22.43152241619367,22.503736502888184,42036100
2020-09-02,23.009239196777344,23.09048027395411,22.61206078854869,22.67524963213502,48432500
2020-09-03,22.65719223022461,23.478628132971156,22.512764053151788,23.14463689741546,98405500
2020-09-04,22.828702926635746,23.189773394473836,22.46763073707785,23.063397439440653,111105500
2020-09-08,22.241960525512695,22.657192837007155,22.160719458518557,22.603032699584304,84687600
2020-09-09,22.467632293701172,22.630114445915503,22.30515014148684,22.449580060348406,52321200
2020-09-10,22.151695251464844,22.693300094750107,22.1065603667112,22.539844930027332,55515300
2020-09-11,22.305150985717773,22.42249997641187,22.1155896154396,22.187803716743662,69285700
2020-09-14,22.612058639526367,22.810648685626912,22.44055124553743,22.503738361398597,51021000
2020-09-15,22.305150985717773,22.67525019183609,22.287098751681743,22.657196236080075,48459900
2020-09-16,22.557897567749023,22.81064774246286,22.305147393035192,22.35028227515536,62119900
2020-09-17,22.323204040527344,22.458605259792783,22.187802821261904,22.25098994213778,47334200
2020-09-18,22.278066635131836,22.50373586486904,22.23293175615264,22.32319979239144,61707200
2020-09-21,21.719867706298828,21.93770152208449,21.384039491635964,21.81063222900684,72307300
2020-09-22,21.538341522216797,21.874169781493904,21.356814183874437,21.66541256336491,84561500
2020-09-23,21.057289123535156,21.738020430573716,21.057289123535156,21.58372126506407,54282500
2020-09-24,21.1026668548584,21.402188508712054,20.821298448193183,21.0663603604815,56512300
2020-09-25,21.32050323486328,21.39311450130786,20.90298888560424,20.94837027793617,46026600
2020-09-28,21.82878875732422,21.9830879619758,21.62003151902787,21.62003151902787,62803500
2020-09-29,21.556495666503903,21.80155940114545,21.438502978263298,21.76525289326244,53250800
2020-09-30,21.846942901611328,22.028471996069793,21.63818565481692,21.647262282658815,66732200
2020-10-01,21.88324546813965,22.08292605109623,21.710793032610663,21.937703494184273,65766100
2020-10-02,22.055692672729492,22.182763688256177,21.538337179424826,21.59279692801733,63368100
2020-10-05,22.418758392333984,22.491369684057595,22.209999413837572,22.264459181022595,58911700
2020-10-06,22.19184303283691,22.763656613625965,22.110155131125712,22.6093574360814,88404900
2020-10-07,22.563976287841797,22.67289233720371,22.40060048260954,22.40060048260954,53815200
2020-10-08,22.872573852539062,22.92703187533001,22.636586778859183,22.69104480165013,57646300
2020-10-09,22.899805068969727,23.02687611410664,22.718277724929163,22.999646233465253,52031600
2020-10-12,23.153942108154297,23.226553381597157,22.881648534351587,22.881648534351587,45931400
2020-10-13,22.70919418334961,23.1539383779352,22.6365829216048,23.08132711619039,60377800
2020-10-14,22.491365432739254,22.80903869198985,22.46413555429374,22.727352519032145,48982200
2020-10-15,22.663814544677734,22.672891170188937,22.24630015829831,22.282604929153813,41637200
2020-10-16,22.681968688964844,22.82719124048463,22.57305264091969,22.70919856657082,40103600
2020-10-19,22.337066650390625,22.772734326180117,22.300760145146775,22.763657699869157,42989000
2020-10-20,22.51859474182129,22.78181172014013,22.473213339926772,22.48228996654358,67293900
2020-10-21,22.400604248046875,22.627514742081075,22.400604248046875,22.48229216439436,44307200
2020-10-22,22.845346450805664,22.872576330746117,22.38244887895507,22.391525505601887,39511800
2020-10-23,22.917959213256836,23.063181786608045,22.73643013097301,22.99057049993244,45092700
2020-10-26,22.400604248046875,22.627514742081075,22.191847009020933,22.591208232064556,54015100
2020-10-27,21.992156982421875,22.39151979712094,21.974003733756216,22.39151979712094,46083300
2020-10-28,21.42942237854004,21.719867463000796,21.302351355696512,21.529261794330136,89288300
2020-10-29,21.59280014038086,21.747097590780324,21.10267271726697,21.37496457598174,60908400
2020-10-30,21.656339645385746,21.692644426795553,21.302358072298723,21.465733916617378,66221600
2020-11-02,22.064769744873047,22.164610888127825,21.747094796399004,22.01938835131498,65136000
2020-11-03,22.554903030395508,22.781813520175767,22.445985233577535,22.473215115579443,79834200
2020-11-04,22.291683197021484,22.69104609299117,21.955856684311296,22.155537266701423,87397400
2020-11-05,22.83626937866211,22.99964519273861,22.482289602289352,22.482289602289352,65942300
2020-11-06,22.654741287231445,22.972416302594795,22.582130003536072,22.9451881532025,60783500
2020-11-09,24.515405654907227,24.905691912729836,24.19773067310817,24.48817577720238,162966800
2020-11-10,24.642480850219727,24.733245399759554,24.315730895542053,24.54264140379673,85851200
2020-11-11,24.542638778686523,24.79677741278732,24.39741447624229,24.77862415858309,65062400
2020-11-12,24.134199142456055,24.29757496742356,23.916365286229247,24.24311520497466,62733800
2020-11-13,24.533559799194336,24.633399225365327,24.29757271073569,24.361107363168895,45031800
2020-11-16,25.078144073486328,25.168908606605186,24.833082084611735,25.150755353743516,67556100
2020-11-17,25.04184341430664,25.08722482272927,24.624327185821446,24.79677965396901,63679700
2020-11-18,24.80585479736328,25.35951694917173,24.796778169984,25.159834609206897,71578400
2020-11-19,24.887537002563477,24.91476687845388,24.524480646637713,24.678779814304814,47194800
2020-11-20,24.66971015930176,24.860314150820944,24.615252123323383,24.76047470672555,39974700
2020-11-23,25.132604598999023,25.205215881471965,24.860310991333343,24.98738203405314,51870500
2020-11-24,26.01301383972168,26.040243716939603,25.50473491664585,25.568269565631663,60983200
2020-11-25,25.92225646972656,25.940409726216643,25.613658034154476,25.86779843144614,45204600
2020-11-27,25.84056282043457,25.94948060404902,25.740723394243215,25.922250725348047,26981200
2020-11-30,25.305055618286133,25.75887657201658,25.25967421538891,25.68626528866729,72524200
2020-12-01,25.695343017578125,25.931330131382374,25.67719149435443,25.77703093124843,53972100
2020-12-02,25.97671127319336,26.02209267455311,25.613653137557343,25.659036270106593,57471800
2020-12-03,25.98578643798828,26.140085627876832,25.83148724809973,25.994863064592256,49566000
2020-12-04,26.30345916748047,26.34884229657187,26.140083365130135,26.158236616766693,52713100
2020-12-07,26.121936798095703,26.19454808722162,25.967637592304424,26.14916494952437,34631600
2020-12-08,26.11285400390625,26.176388650488764,25.87686693717885,25.87686693717885,31628500
2020-12-09,26.049318313598633,26.27622874583838,25.9494771694326,26.258075495773788,47589600
2020-12-10,26.094701766967773,26.12193164421364,25.767950164774717,25.84963806532298,41298300
2020-12-11,25.83149147033691,25.895027866949956,25.62273421789201,25.804263317263977,48216300
2020-12-14,25.531970977783203,26.176397755536595,25.51381945186682,26.176397755536595,38302900
2020-12-15,25.967641830444336,26.040253131421032,25.58643206751919,25.731654669472583,38604200
2020-12-16,26.01301383972168,26.031167091200295,25.88594454175006,26.01301383972168,55602800
2020-12-17,26.08562660217285,26.1310097334577,25.940404044440225,26.05839672340194,38510900
2020-12-18,25.858718872070312,26.121935867770915,25.70441967177435,26.121935867770915,56080100
2020-12-21,26.207292556762695,26.33504516945243,25.760162763536368,26.161667742536068,77688100
2020-12-22,25.95179557800293,26.262049245047848,25.933544952770777,26.225547994583543,42317900
2020-12-23,26.380672454833984,26.526673962605702,26.09779475108569,26.106920062880832,52681400
2020-12-24,26.417173385620117,26.444547580202418,26.19816938611026,26.43542226851657,16071000
2020-12-28,26.5449275970459,26.754804570713564,26.4536762092196,26.599677733551495,32824800
2020-12-29,26.45367431640625,26.6635512750568,26.426298379874527,26.654425962879557,23607000
2020-12-30,26.57230567932129,26.654430020467533,26.481054284133062,26.544929738622145,16616700
2020-12-31,26.90080451965332,26.9373057688364,26.462799972308503,26.53580073019931,26239300
2021-01-04,26.535795211791992,27.010300909641263,26.307667673265417,27.0011755992432,47086300
2021-01-05,26.654428482055664,26.77305581109623,26.38980136580644,26.5266775804509,35265400
2021-01-06,27.831571578979492,28.05057390057995,27.165439299885307,27.165439299885307,102254900
2021-01-07,28.23306655883789,28.525069549362566,28.17831469275818,28.242191869851176,64342700
2021-01-08,28.214818954467773,28.37907108932393,27.840689865284453,28.36994577733466,54266400
2021-01-11,28.30607032775879,28.351695147219935,27.822439235284275,27.94106655064373,56590400
2021-01-12,28.598073959350582,28.734950161128424,28.388197000592875,28.470323069754645,60546600
2021-01-13,28.579824447631836,28.65282520745371,28.369947480703377,28.552450250495763,55394700
2021-01-14,28.70757293701172,28.85357618489836,28.55244785830297,28.661948118623883,49828800
2021-01-15,28.23306655883789,28.46119411274468,28.023187886482553,28.28781668444249,68732700
2021-01-19,28.30607032775879,28.452071838604812,28.1326928809509,28.3790710831818,97457200
2021-01-20,28.18743896484375,28.397317629463416,28.08706402834744,28.397317629463416,56113100
2021-01-21,27.88631820678711,28.22394783113117,27.88631820678711,28.169197692755965,43713800
2021-01-22,27.685564041137695,27.795064308008342,27.557813149630157,27.60343797074703,37928000
2021-01-25,27.48481178283691,27.52131129082697,27.13805688431713,27.41181102638149,68321500
2021-01-26,27.26580810546875,27.630813632672023,27.247559221488864,27.59431238376156,55504600
2021-01-27,26.462799072265625,26.919054228683997,26.408048940828504,26.89167829272779,84059200
2021-01-28,26.955554962158203,27.26580686136403,26.718302076491767,26.80042814231766,62985900
2021-01-29,26.417173385620117,26.955554591758435,26.298546074179335,26.882552098271656,78260700
2021-02-01,26.76392936706543,26.800430617681748,26.481051636690665,26.70917923161638,41947400
2021-02-02,27.41180992126465,27.548686116540953,27.06505503672441,27.074180348472865,54263000
2021-02-03,27.566932678222656,27.57605798920269,27.32055624366213,27.375306369067236,46195200
2021-02-04,28.178319931030273,28.187445243739926,27.64906397719829,27.658189289907945,63061800
2021-02-05,28.18743896484375,28.406441199665313,28.123563530580174,28.379067008109523,38461900
2021-02-08,28.552444458007812,28.552444458007812,28.278690358856245,28.278690358856245,48756300
2021-02-09,28.561569213867188,28.65282058403907,28.36081759186914,28.46119427310572,33572000
2021-02-10,28.561569213867188,28.744071954210956,28.42469302884692,28.70757070995215,38899600
2021-02-11,28.470325469970703,28.689327759373494,28.278697378946084,28.57982574443436,31909500
2021-02-12,28.76232528686523,28.78969948216392,28.41557039562936,28.442946331403338,38271800
2021-02-16,29.255083084106445,29.391957548082623,28.92657880104244,29.05432969313383,71330600
2021-02-17,29.401084899902344,29.437582668763365,29.06345530104478,29.163830257076444,60460900
2021-02-18,29.227703094482425,29.38283165185814,28.99045195378778,29.19120358840449,45188200
2021-02-19,29.574462890625,29.67483959485532,29.38283653579496,29.419337788415262,54361800
2021-02-22,29.84821128845215,29.95771503151019,29.464958630600695,29.474082202046915,65930200
2021-02-23,30.030715942382812,30.067217192373896,29.720462279360184,30.05809013940073,94331400
2021-02-24,30.614721298217773,30.69684736829028,30.058089432276425,30.076340056842614,66000600
2021-02-25,30.05808448791504,30.879345053548025,29.975958431351746,30.86109443198394,92189400
2021-02-26,29.483211517333984,30.10371885181904,29.373707765871327,30.012465725600155,103105700
2021-03-01,30.40484619140625,30.58734896724759,29.985092243636817,29.985092243636817,67590700
2021-03-02,30.295339584350582,30.54171775808278,30.26796191108021,30.36833859085446,49987000
2021-03-03,30.5325984954834,30.988853715610592,30.37747339149667,30.41397464453511,72541700
2021-03-04,30.18584632873535,30.74247476027781,29.747838264416796,30.45047170469944,101311800
2021-03-05,30.760719299316406,30.84284536000583,29.91208449917582,30.696843861108,109299800
2021-03-08,31.153099060058594,31.55460579376852,30.861096061515187,30.98884693825914,90538200
2021-03-09,30.8702335357666,31.326488810151908,30.587354012505173,30.90673131219429,117224600
2021-03-10,31.49985694885254,31.61848426619103,30.961475715947895,31.01622758878504,73269300
2021-03-11,31.408601760864254,31.65497995099448,31.153099999670147,31.33560274950184,50904800
2021-03-12,31.72797966003418,31.892231772378977,31.62760298238457,31.77360447325215,68126000
2021-03-15,31.54547119140625,31.85572473821611,31.25346826275573,31.846601169611183,57836400
2021-03-16,31.21697235107422,31.41772570411974,30.970594185322923,31.381224461575083,67373600
2021-03-17,31.42684555053711,31.609348260685692,31.098344849409266,31.445096169646938,64051100
2021-03-18,31.591110229492188,32.20249402996184,31.481609952151,31.746238813264,96690500
2021-03-19,31.226102828979492,31.37210433423043,30.89759857192727,31.344726658842436,98510500
2021-03-22,30.823734283447266,31.062036957326153,30.713745206538334,30.997878410651893,68170600
2021-03-23,30.39295768737793,30.851235097318114,30.28297208797845,30.64042790831113,70441900
2021-03-24,30.502948760986328,30.979557772424215,30.502948760986328,30.61293787650416,63357100
2021-03-25,31.01620864868164,31.062035680654223,30.24630262385563,30.484605287940113,60532600
2021-03-26,31.501983642578125,31.55697818254572,31.11703235194093,31.337003519053994,53779900
2021-03-29,31.227025985717773,31.428669187869893,30.906233160820825,31.062045819662323,71777800
2021-03-30,31.44699478149414,31.593643401873543,31.3553372085202,31.392000237709777,55011400
2021-03-31,31.208696365356445,31.51116118697641,31.19036484619344,31.38284404921513,51138300
2021-04-01,31.59364318847656,31.59364318847656,31.162861339355988,31.162861339355988,51690100
2021-04-05,31.84111213684082,31.996924759147063,31.740290559405604,31.9327662092117,51790700
2021-04-06,31.77695083618164,31.92360294962227,31.666965247479993,31.767786827281014,41336800
2021-04-07,31.932758331298828,32.00608087183088,31.71278371694691,31.868599797191575,38660800
2021-04-08,31.94193458557129,31.97859761808437,31.593646265834725,31.813617468154742,39927400
2021-04-09,32.21689987182617,32.23522788944997,31.97859368617122,32.16190532981839,40133700
2021-04-12,32.35438537597656,32.36355288241219,32.207736740419826,32.28106280638783,44435500
2021-04-13,32.05192565917969,32.20773831239761,31.877777992195607,32.17107527762418,39950900
2021-04-14,32.2443962097168,32.47353489597324,31.92360344750933,31.969430485484843,44065300
2021-04-15,32.21689987182617,32.354380982277455,31.914435135351532,32.31771795427226,55483500
2021-04-16,32.446044921875,32.56519454171432,32.29939627744397,32.50103597829946,39115700
2021-04-19,32.35438537597656,32.528533034460935,32.24439977340383,32.43687545200093,31172300
2021-04-20,31.749452590942383,32.18023439629248,31.639467011670764,32.16190288368412,50227700
2021-04-21,32.18939971923828,32.216898737463325,31.547810737253062,31.639468304038765,39680000
2021-04-22,31.831947326660156,32.19857063993939,31.77695278075456,32.15274359987425,43611200
2021-04-23,32.427711486816406,32.56519261612775,31.776954887777332,31.831949437329435,50437700
2021-04-26,32.55602264404297,32.85848387024133,32.51935961772237,32.546855139273504,43749700
2021-04-27,32.812660217285156,32.85848725671964,32.52853047496397,32.60185303878335,50852400
2021-04-28,32.94096374511719,33.03262128257592,32.840145698478906,32.94096374511719,35771700
2021-04-29,33.52758026123047,33.55507578966866,33.17012090963643,33.197619934454124,48573000
2021-04-30,33.23426818847656,33.463406838000026,33.17927715027306,33.344257257640216,43940900
2021-05-03,33.39925003051758,33.58256165893276,33.2709329395405,33.51840311344422,33317300
2021-05-04,33.66505813598633,33.66505813598633,33.03263656856438,33.25260776750281,66939700
2021-05-05,33.94002151489258,34.06833862138399,33.765877369851225,33.765877369851225,38954200
2021-05-06,34.44413375854492,34.45329776885548,33.875867220668134,34.07751041129405,43332900
2021-05-07,34.6274299621582,34.63659746567814,33.967513060226864,34.050003110015545,64616700
2021-05-10,34.599945068359375,35.06738649643896,34.57244954211329,34.810752261130894,56341100
2021-05-11,33.98585510253906,34.56328213361674,33.85753448814256,34.251653348555145,82723700
2021-05-12,33.63755798339844,34.37996504817219,33.50007338068842,34.25164795037814,97911900
2021-05-13,34.1783332824707,34.38914049127653,33.49091710299887,33.50924862068366,66882600
2021-05-14,34.71908950805664,34.8107435702473,34.33413475482348,34.37079777825109,44850200
2021-05-17,34.78325653076172,34.8199195631275,34.471627748411024,34.60910887521388,40376700
2021-05-18,34.29747772216797,34.87490820468884,34.27914970363115,34.755755105925715,40299200
2021-05-19,34.086666107177734,34.104997619706786,33.53673471682018,33.90335797464422,63573900
2021-05-20,34.105003356933594,34.34330956352123,33.86670064672506,34.141666388159244,59216100
2021-05-21,34.44413375854492,34.62744193579099,34.22415905091852,34.242490567919006,44950300
2021-05-24,34.609107971191406,34.69159804367008,34.41663230086753,34.59077995186647,29159600
2021-05-25,34.26081466674805,34.9207316539829,34.214987632359026,34.654933455975126,38755900
2021-05-26,34.361637115478516,34.51744973564571,34.114166927819994,34.38913263753656,38601900
2021-05-27,34.7557487487793,34.847406306593214,34.471619060501965,34.67326219131426,39789500
2021-05-28,34.81991958618164,34.911573670777564,34.56328185583049,34.911573670777564,39265000
2021-06-01,35.03072738647461,35.26903010839177,34.93906980390703,35.168208515757065,35710700
2021-06-02,35.08571243286133,35.17736999973687,34.893236786990705,35.14070697298665,37537500
2021-06-03,35.168209075927734,35.37901627462206,34.86574778958521,34.97573339403892,54877500
2021-06-04,35.25986099243164,35.28735651503072,34.94823224958661,35.214030459594824,27250900
2021-06-07,35.03072738647461,35.31485715148592,34.96656882686694,35.31485715148592,37401800
2021-06-08,34.939064025878906,35.049053106770614,34.581608253927584,34.83824244991752,47747700
2021-06-09,34.609107971191406,34.84741417896497,34.51745388905026,34.8015871378944,40776200
2021-06-10,34.2058219909668,34.99405961235906,34.17832646811132,34.9024055385883,53775500
2021-06-11,34.42580032348633,34.444131839465456,34.26082017605336,34.26998418585334,40416700
2021-06-14,34.06833267211914,34.416624397759485,33.866693038435415,34.361633359654064,50613400
2021-06-15,34.132503509521484,34.30664766904494,33.91252881125782,34.07750896086077,51315100
2021-06-16,34.09584045410156,34.32497916213131,33.67422607045785,34.02251438927002,84961100
2021-06-17,33.087623596191406,34.28831152367205,32.98680551516003,34.26998000992669,97659900
2021-06-18,32.29022216796875,32.757667030273595,32.24439513152561,32.647677947155536,180960000
2021-06-21,33.04386520385742,33.06226933733463,32.556167952514855,32.61137684271693,89831400
2021-06-22,33.099063873291016,33.22788924395929,32.786200754427455,33.11746799913335,42576400
2021-06-23,33.16348648071289,33.319916331832424,33.080669644758686,33.126678218015655,48094900
2021-06-24,33.57756042480469,33.66037723551327,33.20028462273848,33.35671442617244,42942800
2021-06-25,33.98244094848633,34.074458067730234,33.55915658359942,33.752394640148474,56845000
2021-06-28,33.73399353027344,33.945635731638966,33.54075545644775,33.918031295443406,70250700
2021-06-29,33.6143684387207,34.09286522381991,33.52235131129826,33.908827458746615,61051200
2021-06-30,33.7615966796875,33.83521318704105,33.50394592440662,33.513146232711684,42414100
2021-07-01,34.02846145629883,34.04686558865535,33.75240649140965,33.92724048345262,36615600
2021-07-02,33.99164581298828,34.065262326434365,33.85362011561972,34.02845406971132,27018400
2021-07-06,33.45794677734375,33.92723985798068,33.23710070336626,33.90883572596345,49225300
2021-07-07,33.50395584106445,33.57757237020736,33.18189230163748,33.25550532055108,43747100
2021-07-08,32.832218170166016,33.16348550422882,32.675784813423455,32.97024739610186,75084200
2021-07-09,33.780006408691406,33.82601497830342,33.20949242299894,33.310713382282685,70546500
2021-07-12,34.11126708984375,34.17567977681472,33.43033196751407,33.57756146776602,62953400
2021-07-13,33.743194580078125,34.056057734670404,33.61436919469809,34.00084886106667,44476200
2021-07-14,33.586769104003906,33.982449130431036,33.21869351795065,33.76160307675329,69632700
2021-07-15,33.69717788696289,33.90882004192509,33.255489453533826,33.255489453533826,53977600
2021-07-16,33.237091064453125,33.8720211491124,33.163478067961584,33.8720211491124,56160700
2021-07-19,32.307701110839844,32.767793684881475,32.11446307219702,32.592956260199884,89972200
2021-07-20,33.1082763671875,33.329122448353786,32.20649493036481,32.27090763940719,70635800
2021-07-21,33.67878341674805,33.84441706553768,33.347519629397425,33.375124067452816,59975000
2021-07-22,33.310707092285156,33.641974347305265,33.17267789928405,33.55915753355024,35292300
2021-07-23,33.36591720581055,33.72479241895339,33.27390008052981,33.63277178344433,36766900
2021-07-26,33.55915832519531,33.62357101405444,33.283099932681004,33.30150405953051,25396000
2021-07-27,33.54995346069336,33.69718296067106,33.145073213311726,33.30150302131321,38988400
2021-07-28,33.50395584106445,33.715598097006364,33.27390945283681,33.6695895214067,42908200
2021-07-29,33.87202453613281,34.019254054066295,33.57756550026585,33.72479501819933,41434200
2021-07-30,33.605167388916016,34.02845178208928,33.52235057197096,33.780001331254105,52385300
2021-08-02,33.6143684387207,34.221690606302694,33.568359875009484,33.83521445885434,47589900
2021-08-03,33.99164581298828,34.03765788900637,33.237094101308735,33.733995036384115,42169600
2021-08-04,33.70639419555664,34.065265961327874,33.52235640253246,33.66958593490602,52346400
2021-08-05,34.148075103759766,34.148075103759766,33.90882497363017,33.91802879183493,37168200
2021-08-06,34.838218688964844,34.90263138408192,34.46094282746684,34.470143136671304,58081000
2021-08-09,34.93023681640625,35.09587046863116,34.59896951195643,34.79221111303797,48015600
2021-08-10,35.298316955566406,35.39953792396356,34.86582863977099,34.90263690286617,40907400
2021-08-11,35.70318603515625,35.71238985313582,35.233893114811934,35.39952673616359,48372100
2021-08-12,35.767601013183594,35.8136095753469,35.519150565227804,35.739996577931265,44566400
2021-08-13,35.50075149536133,35.84121908247837,35.417934675767626,35.795210518310405,43077200
2021-08-16,35.408729553222656,35.445537807293306,34.957840726656315,35.27070386580019,48011800
2021-08-17,35.16028594970703,35.42714057833647,34.810617998636374,35.16948977013094,52414800
2021-08-18,34.72780227661133,35.270711861428154,34.700194324685654,35.022261355471734,39550400
2021-08-19,34.47013854980469,34.72779280621612,34.24929605599849,34.35051699492139,48961300
2021-08-20,34.68178176879883,34.73699414900923,34.341314199738676,34.47013957666802,33898600
2021-08-23,34.96703338623047,35.11426286007918,34.85661215840082,34.85661215840082,28807400
2021-08-24,35.17868423461914,35.261501053527525,35.00385028813629,35.031454724362945,37677300
2021-08-25,35.592769622802734,35.813612141099476,35.19708964144016,35.270706154358095,47904800
2021-08-26,35.417945861816406,35.79522182351425,35.38113759476551,35.749209734585854,38484300
2021-08-27,35.88723373413086,35.896434044433704,35.454745435087275,35.463949255619156,38511100
2021-08-30,35.381134033203125,35.92404363174968,35.36272990153029,35.905639500076845,30096500
2021-08-31,35.335121154785156,35.60197225596184,35.206292248768584,35.353521773987325,49876200
2021-09-01,35.13267517089844,35.38112562408817,35.013050098571156,35.36272149678948,43976200
2021-09-02,35.2523078918457,35.38113330065913,35.114278662271815,35.21549962926212,29611500
2021-09-03,35.031463623046875,35.261510010647775,34.94864678310138,35.18789699193473,34847500
2021-09-07,34.81981658935547,35.151083903677616,34.81981658935547,35.151083903677616,39214900
2021-09-08,34.73699951171875,34.90263316769227,34.5529617261672,34.73699951171875,32523900
2021-09-09,34.838218688964844,35.16948598398331,34.66338122202253,34.69098917009315,33421000
2021-09-10,34.580570220947266,35.068267376654866,34.57136640089872,35.03145911691837,39350500
2021-09-13,34.97624969482422,35.03146208911338,34.72780269609586,34.8290201536156,40357300
2021-09-14,34.50695037841797,35.22469382301594,34.396529120071015,35.09586843657308,45670600
2021-09-15,34.838218688964844,34.921035512719456,34.45173900803376,34.48854726530884,36371300
2021-09-16,34.73699951171875,35.14187983174913,34.58056967564865,34.967045866100996,42630200
2021-09-17,34.580570220947266,34.911834027889185,34.48854957160602,34.6909914899279,82987200
2021-09-20,33.778385162353516,33.907768292442455,33.29781673243324,33.815352778214894,95008800
2021-09-21,33.732177734375,34.12032712842912,33.64900236058827,33.99094399707775,45837600
2021-09-22,34.295921325683594,34.53620377875435,34.08336282189095,34.15729452844123,58347800
2021-09-23,35.13691329956055,35.303264037085704,34.57316952521703,34.628620946200655,71805000
2021-09-24,35.321754455566406,35.44189393537993,35.0629846346323,35.10919592348129,48066100
2021-09-27,35.80232238769531,35.90397805545481,35.57128004879167,35.63597162165059,58794500
2021-09-28,35.21084976196289,35.968668324053446,35.15540185890946,35.79307742200726,96152700
2021-09-29,35.23857116699219,35.395678232474204,35.07222043564324,35.32174653266666,49882500
2021-09-30,34.684078216552734,35.451140549740536,34.67483807327079,35.44189688103193,73319300
2021-10-01,35.25706481933594,35.49734731759472,34.64711314252733,34.7764962973918,70444000
2021-10-04,34.95208740234375,35.6636982832736,34.896635967641195,35.201613570365375,69772700
2021-10-05,35.63596725463867,35.811558141534164,35.081463593965836,35.2108467238284,56058400
2021-10-06,35.67293167114258,35.700659145956536,35.0537399653035,35.31250622739435,63405900
2021-10-07,35.885498046875,36.264407344575815,35.8392867583976,36.04260514633386,53295600
2021-10-08,36.06108474731445,36.19046787892536,35.75610720100937,35.92245794891652,38607500
2021-10-11,35.700660705566406,36.4122714828294,35.682176896691594,36.144261542283715,50748300
2021-10-12,35.58975601196289,35.830041989484144,35.49734049779372,35.65445110239237,58527700
2021-10-13,35.38644790649414,35.61749026128907,34.8781554310306,35.58052263841951,72105100
2021-10-14,35.9779052734375,35.987145413745615,35.441885474502854,35.78383059813724,51893500
2021-10-15,36.5139274597168,36.69876202463955,36.20895342420644,36.32909642022015,58411100
2021-10-18,36.52316665649414,36.735725146238906,36.338332114195225,36.43999128873091,56312700
2021-10-19,36.88359451293945,36.88359451293945,36.550893019895504,36.68951981713912,33082600
2021-10-20,37.179325103759766,37.179325103759766,36.71724052102535,36.81889969329502,44670200
2021-10-21,37.022216796875,37.25325908049783,36.82813859930847,37.17008371737659,35067600
2021-10-22,37.539756774902344,37.60444834524003,37.160847494884706,37.197815113770865,41458200
2021-10-25,37.493553161621094,37.678387751072464,37.40113762960869,37.632179985066266,33121000
2021-10-26,37.52127456665039,37.76156057423823,37.46582666138114,37.585966139748734,41586900
2021-10-27,36.90208053588867,37.59520751285814,36.89283686862379,37.42885675635138,62449500
2021-10-28,37.35491561889648,37.37339942508021,37.02221768386612,37.049941630428926,44566600
2021-10-29,37.20704650878906,37.47505639456807,37.133114813823504,37.40112469960252,42092000
2021-11-01,37.22554016113281,37.54900154777001,37.0776732066612,37.46582616554059,37503800
2021-11-02,37.31795501708984,37.42885433912355,37.114636655506466,37.21629583629816,31436800
2021-11-03,37.45657730102539,37.59520409398313,37.12387581826745,37.19781104795845,42946800
2021-11-04,36.96677780151367,37.41037871208064,36.680284004398345,37.317963177747515,48279700
2021-11-05,36.985252380371094,37.41961303924049,36.86510939538952,37.26250243958369,57866300
2021-11-08,37.188575744628906,37.45658217355789,37.09615669549284,37.216299696656606,32864600
2021-11-09,36.985252380371094,37.11463550630859,36.74496641040794,36.99449252132701,48420400
2021-11-10,36.92056655883789,37.15160889834823,36.82814750777796,36.94829051144271,60695100
2021-11-11,37.022216796875,37.14235624605253,36.81889845915076,36.97600551981006,31438900
2021-11-12,37.10540390014648,37.11464404322777,36.77270234239476,37.07767642004945,39218800
2021-11-15,37.10540390014648,37.29947863369279,37.03146865378984,37.20705957574699,30081100
2021-11-16,37.06842422485352,37.290222840956545,36.96676505687903,37.15159958724851,32599500
2021-11-17,36.643310546875,37.01297611521808,36.54165136981728,37.01297611521808,53557200
2021-11-18,36.45847702026367,36.75421089338441,36.29212627595503,36.6802756623913,42990100
2021-11-19,36.06108474731445,36.27364325287894,35.78383467594451,36.144260121268026,71858100
2021-11-22,36.569374084472656,36.92979949975602,36.245916282404416,36.54165013727413,81965800
2021-11-23,37.142364501953125,37.17009197944037,36.65255587993559,36.80966650094247,61571200
2021-11-24,37.059181213378906,37.20704813519899,36.92055795722442,37.06842487904451,40410300
2021-11-26,35.83003616333008,36.0518347714408,35.4234030315102,35.89472771781448,76492200
2021-11-29,35.94094467163086,36.37530538477056,35.67293471988823,36.245922242667554,79316500
2021-11-30,35.08146286010742,35.654450316692454,35.026014962998154,35.50657985659892,121263700
2021-12-01,34.693321228027344,35.931708404520684,34.693321228027344,35.70066604715571,101946500
2021-12-02,35.72838592529297,35.922460637233236,34.887391981458954,35.01677512275246,98076400
2021-12-03,35.14616394042969,35.867018526872705,34.86891380353319,35.77459946428936,97178200
2021-12-06,35.68218231201172,36.024124014525505,35.423415999344705,35.70066612369173,69716600
2021-12-07,36.319854736328125,36.4215139288583,35.92246163394268,36.09805606664982,115475500
2021-12-08,36.12577819824219,36.48620366237349,36.03336267810507,36.33833671489844,53033200
2021-12-09,36.05183792114258,36.23667246099996,35.82079562767725,35.950182273375354,45521100
2021-12-10,36.08880615234375,36.31060830905686,35.85776385492103,36.30136464292157,38900900
2021-12-13,35.700660705566406,36.01487840558609,35.580517710593156,36.00563473843565,44343000
2021-12-14,35.9132194519043,36.18122939418444,35.61748555884555,35.64520950962415,51734400
2021-12-15,36.01487731933594,36.1257766438139,35.5620328291265,36.0056336524643,70424900
2021-12-16,36.46772766113281,36.726497518687296,36.24592895514539,36.430760034992616,71156600
2021-12-17,35.663692474365234,36.273644055038005,35.44189029710877,36.22743629635883,97654400
2021-12-20,34.970970153808594,35.15669030090985,34.55310070841007,35.11026114971383,85242300
2021-12-21,35.69526672363281,35.853130052625026,35.32383005611039,35.32383005611039,57667900
2021-12-22,35.86241912841797,35.89027945028528,35.53741155927289,35.59312866069069,49702700
2021-12-23,36.048126220703125,36.373133672309386,36.029553860280544,36.066698581125706,39057300
2021-12-27,36.41957092285156,36.41957092285156,35.973844843623795,36.15956138656504,36120300
2021-12-28,36.43814468383789,36.670293913738625,36.34528286648792,36.35457081938098,34055200
2021-12-29,36.39171600341797,36.61458084723439,36.34528686079853,36.51243460808172,27150500
2021-12-30,36.32670593261719,36.70743048006134,36.21527530813286,36.50314159222602,30089100
2021-12-31,36.2617073059082,36.43814297946239,36.18742139781904,36.25242289576554,28497800
2022-01-03,36.707427978515625,36.84671890636537,36.51242351337834,36.530995873246,49884400
2022-01-04,37.67317962646485,37.793898227095305,37.11602284901353,37.1345952139041,74210200
2022-01-05,37.23672866821289,37.979608910247634,37.208871898947024,37.784600898439976,76288400
2022-01-06,37.78460693359375,37.812467249625136,37.28316729513793,37.62674715945227,57725200
2022-01-07,38.2303352355957,38.32319705721066,37.73817997914345,37.8681829870881,62185500
2022-01-10,38.10032272338867,38.49961960093622,37.70102584584113,38.47176283255885,73620000
2022-01-11,38.43462371826172,38.453196080660256,37.88675142561066,38.239619226550985,60706300
2022-01-12,38.46247863769531,38.68534343342486,38.27676210728907,38.53676808371041,51560600
2022-01-13,38.31390380859375,38.72248868259718,38.183900818616586,38.51819624559546,51659600
2022-01-14,37.914608001708984,37.95174918052774,37.459594023602385,37.70102762634438,81135500
2022-01-18,37.06958770751953,37.70103390266147,36.83743847525606,37.6638927176596,82526700
2022-01-19,36.44742584228515,37.36673826928277,36.41956907072383,37.34816590746995,85975100
2022-01-20,36.21528244018555,37.02316082584879,36.14099298102202,36.549577921788654,80314000
2022-01-21,35.47239685058594,36.16884441882133,35.32382151105501,36.06669820870966,117914300
2022-01-24,35.574546813964844,35.648832720410034,34.190935940474816,34.85952681006097,169153300
2022-01-25,35.72311782836914,35.98312378280719,34.59951307744303,35.17524560843507,97364900
2022-01-26,35.815982818603516,36.41028427893361,35.38882908678078,36.113133548768566,106682000
2022-01-27,35.4909782409668,36.53100588230283,35.258828992488084,36.15956566781033,91498900
2022-01-28,35.95527267456055,35.96455708483123,34.90595719817301,35.35168327980195,79753600
2022-01-31,36.270992279052734,36.29884904950851,35.49097082545002,35.70454766434752,58740900
2022-02-01,36.772438049316406,36.865299870327995,36.13170742475967,36.317427524466574,64601500
2022-02-02,37.02315902709961,37.088160529551445,36.5217193713735,36.7538686065061,46649400
2022-02-03,36.61457443237305,37.14387435859779,36.558857345601425,37.013871365113246,50677000
2022-02-04,37.23672866821289,37.552451708383,36.66099966871993,36.67957202900236,77792400
2022-02-07,37.34817123413086,37.589604887499576,37.069589309522534,37.28316972967327,52710400
2022-02-08,37.8681755065918,37.9610373098628,37.515311281108794,37.60816954206419,56921200
2022-02-09,38.109615325927734,38.36033689887256,37.97961233454505,38.07247060201387,67505300
2022-02-10,37.77532196044922,38.43462490554203,37.61745864634309,37.93318173223931,67260800
2022-02-11,37.24601364135742,38.1096088427024,37.02314887810394,37.654594907954355,77962800
2022-02-14,36.82815933227539,37.357459374158886,36.52172414386126,37.22745635226703,71521600
2022-02-15,37.32959747314453,37.524601979222055,37.14387737779233,37.273880381844016,55439600
2022-02-16,37.35744857788086,37.52459628409814,37.097442609238705,37.14387174045114,41168800
2022-02-17,36.428855895996094,37.088158843647086,36.32670967041038,36.96744379733311,59107800
2022-02-18,36.41957092285156,36.7260060525574,36.233850837594325,36.39171060755758,47816500
2022-02-22,36.233848571777344,36.58671635746855,35.92740991891808,36.25242093337327,60719700
2022-02-23,35.60239791870117,36.61456847189455,35.509539664847416,36.50313785880697,64169800
2022-02-24,35.17524337768555,35.28667398790435,34.17235725877064,34.42307878849937,143075700
2022-02-25,36.30813217163086,36.40099397371727,35.39810776507737,35.40739571644379,99127100
2022-02-28,35.76955795288086,36.00170720994085,35.39811772465826,35.44454686760695,107370200
2022-03-01,34.45094299316406,35.52811523733948,34.218793772071805,35.425972555604325,129873100
2022-03-02,35.34239959716797,35.546688508173,34.720237826742796,34.738810189982544,88182500
2022-03-03,35.2309684753418,35.68598255841494,34.93381772234903,35.50026245221537,71952600
2022-03-04,34.57166290283203,34.61809204036385,34.17236594388936,34.60880762978394,105904100
2022-03-07,33.30876922607422,34.293083198018266,33.29019686332252,34.25593847251487,116046200
2022-03-08,33.11376190185547,34.051643115642165,32.95590214542546,33.44805731819629,114915000
2022-03-09,34.330223083496094,34.618085809773284,34.07950153516998,34.21878892269638,88716400
2022-03-10,34.0423583984375,34.265223188088335,33.661633853783876,33.76378006811069,71547300
2022-03-11,33.80091857910156,34.553079578540896,33.782346221517074,34.339502779791765,76788200
2022-03-14,34.228084564208984,34.78524132412628,34.070221238765434,34.31165843242821,70969700
2022-03-15,34.71095657348633,34.76667012595702,34.27451485344508,34.57166560767679,51828700
2022-03-16,35.68597412109375,35.74169120247522,35.04524362562689,35.15667424607426,87007600
2022-03-17,36.131710052490234,36.14099446410848,35.24954217146271,35.48169142740066,58266400
2022-03-18,36.21528244018555,36.30814072182358,35.778840723390786,36.12242415854752,82342500
2022-03-21,36.17985916137695,36.48749331063936,35.99341239046039,36.375626670559974,46828600
2022-03-22,36.76715850830078,37.000216062741224,36.56207027859291,36.60868107824579,61053100
2022-03-23,36.08662414550781,36.6179949860312,36.06797911788896,36.53409413983407,42142600
2022-03-24,36.37562561035156,36.41291567468329,36.077312208050294,36.33833554601984,30421500
2022-03-25,36.84174346923828,36.91632004723802,36.44088413848217,36.49681923911437,48613100
2022-03-28,36.73919296264648,36.76715873137267,36.31968865087328,36.72987222512978,44761000
2022-03-29,36.823089599609375,37.29852539427944,36.60867709956792,37.18665877603513,67968600
2022-03-30,36.56206512451172,36.84173343918076,36.34765263139294,36.82308841071274,47405300
2022-03-31,35.72305679321289,36.66461117633311,35.7137360570226,36.51545094788386,66619600
2022-04-01,35.62983703613281,36.04001701690349,35.37813447196361,35.965440455025075,68422500
2022-04-04,35.47135543823242,35.7603480563357,35.21965287849906,35.545935554972246,134312400
2022-04-05,35.24763107299805,35.7137462514267,35.16373019863383,35.331531947362265,56165700
2022-04-06,35.005245208740234,35.15440190663156,34.874733542607345,34.96795514522336,55835100
2022-04-07,34.96794509887695,35.135746780317035,34.47386434584515,34.97726939016538,53346900
2022-04-08,35.32220458984375,35.480685585980765,35.01457044796504,35.10779205309767,44672300
2022-04-11,35.16372299194336,35.573902984671946,35.10778790177206,35.22897881905527,54435500
2022-04-12,34.7815055847168,35.46203311676105,34.632348914079365,35.13575045487099,67215400
2022-04-13,34.7815055847168,34.80015061306842,34.38996710168382,34.45522292282673,57445600
2022-04-14,34.38997268676758,34.94931295962894,34.38065194916581,34.706931107869515,68544200
2022-04-18,34.59506607055664,34.753543510325166,34.16624099758459,34.17556173561603,52748400
2022-04-19,35.070499420166016,35.12643451285493,34.678964439871706,34.68828517723185,41519100
2022-04-20,35.3128776550293,35.56458021212969,35.228976802662494,35.34084342042634,54635800
2022-04-21,34.7535400390625,35.72306028160374,34.68828421083145,35.55525856438792,54998100
2022-04-22,33.71876525878906,34.70693056952665,33.68147875278422,34.69760983206945,73170900
2022-04-25,33.77470016479492,33.849280288743216,32.935695107432856,33.439096719379684,91392800
2022-04-26,32.926368713378906,33.746732243596476,32.90772368358125,33.392483789792735,81457500
2022-04-27,32.89839553833008,33.233998886761135,32.777204650024416,32.87975051273113,81603000
2022-04-28,33.31790542602539,33.439092778896516,32.73992020206436,33.23400457455851,62680000
2022-04-29,32.17125701904297,33.27128874743259,32.09668046527819,33.1501014030429,74631700
2022-05-02,32.18058776855469,32.43229035584882,31.546670931556744,32.32042016848959,104408800
2022-05-03,32.60009765625,32.92637686807717,32.2924599226615,32.404326572977006,73896300
2022-05-04,33.59758377075195,33.653515317635616,32.544162444930514,32.656029094874526,87794900
2022-05-05,32.61873245239258,33.271290671223845,32.21787322872447,33.20603484934072,101093900
2022-05-06,32.38568115234375,32.534837853332746,31.91956601723111,32.48822349488047,99281900
2022-05-09,31.61192321777344,32.143294101525086,31.46276654086378,31.947526629864097,85922800
2022-05-10,31.332256317138672,32.10600550246948,30.94071779984561,31.900917285007257,107581200
2022-05-11,31.043270111083984,32.0034697949594,30.99665930456807,31.369552869048547,110212200
2022-05-12,30.810209274291992,31.099201934107363,30.213582478961353,30.782243504565933,114304100
2022-05-13,31.257678985595703,31.51870587246833,30.9780106232529,31.1831024151865,64036200
2022-05-16,30.996654510498047,31.276322862515453,30.75427622039657,31.136490464594768,55662200
2022-05-17,31.82633399963379,31.919559140277055,31.425474785306495,31.602600774440948,62859300
2022-05-18,30.95004653930664,31.574639130679575,30.82885560509385,31.52802832711353,74279300
2022-05-19,30.74495506286621,30.968691901007286,30.483931715181953,30.530542519243227,71525400
2022-05-20,30.68902015686035,31.117848802973615,30.04578252195509,30.959367800759136,77984600
2022-05-23,31.686504364013672,31.91956190151953,31.11784340351125,31.27632082205085,78189300
2022-05-24,31.621246337890625,31.72379222777896,30.968688049830256,31.500058973637103,77871200
2022-05-25,31.872943878173828,32.06871488982482,31.453443203919097,31.546664785714505,72192600
2022-05-26,32.60940933227539,32.72127595149993,32.1899050649637,32.21787438690162,50803200
2022-05-27,33.159420013427734,33.22467582735527,32.69330502470238,32.749240103572475,43862500
2022-05-31,33.06620788574219,33.317910478310694,32.71195939736693,32.88908186346648,64778900
2022-06-01,32.53483200073242,33.0662028746799,32.22719435993355,32.982302023205264,48642400
2022-06-02,32.982303619384766,33.01026938583784,32.31109677510461,32.56279934170967,45334700
2022-06-03,32.506866455078125,32.81450413160862,32.46957994933967,32.6746681775173,36699400
2022-06-06,32.60009765625,33.11282365605414,32.59077336095397,32.77722014893094,32829600
2022-06-07,32.8517951965332,32.87976096573489,32.348390013846036,32.37635578304772,32031400
2022-06-08,32.27381134033203,32.69331567811921,32.15262396421952,32.60009407246709,38251800
2022-06-09,31.4627628326416,32.25515691854913,31.44411780570345,32.236515447786246,49715100
2022-06-10,30.32544708251953,30.894108070029127,30.29748131466692,30.782241442442707,74190900
2022-06-13,29.42118453979492,29.924587921917183,29.244062082465828,29.56101871382399,104065100
2022-06-14,29.169479370117188,29.747461010384026,28.945742591466068,29.542371037722845,75592200
2022-06-15,29.495763778686523,29.91526809157957,28.99236038130292,29.47712052551531,87858800
2022-06-16,28.74997901916504,28.90845822158155,28.507598957934604,28.899135706370235,100838500
2022-06-17,28.83388328552246,29.16016424412619,28.55421313039576,28.81523825289638,116937700
2022-06-21,29.40932273864746,29.5967633741659,29.231256101227967,29.49367084587412,58065800
2022-06-22,29.34371757507324,29.61550630413418,29.034441793335866,29.0719306335786,48035800
2022-06-23,29.231250762939453,29.418689576660935,28.753278838465683,29.3624581113011,69348900
2022-06-24,30.30903053283691,30.337145372458647,29.306227401496844,29.3530866592438,65489300
2022-06-27,30.2059383392334,30.54333071878077,30.06536056451015,30.54333071878077,47244800
2022-06-28,29.90603828430176,30.805749017940705,29.887293863792696,30.51521943788191,42459900
2022-06-29,29.73733901977539,30.046616563702145,29.634248292699283,29.934151839768223,64507500
2022-06-30,29.474925994873047,29.73734071977682,28.912605918189435,29.268740953801515,75294300
2022-07-01,29.877918243408203,29.971638547690365,29.184390851826,29.381203669575154,77308400
2022-07-05,29.774829864501953,29.793574284349138,29.071930208329007,29.40932082774696,51536800
2022-07-06,29.699853897094727,29.94352599178917,29.41869296280133,29.709226106994464,48001700
2022-07-07,30.13096618652344,30.215314286856337,29.92478114679136,29.952895988524837,33120100
2022-07-08,30.06536293029785,30.309033237404783,29.943525989178127,30.21531471354809,29062200
2022-07-11,29.821685791015625,30.046615228891056,29.737337698703858,29.896661674452083,30564300
2022-07-12,29.63425064086914,30.177826309895178,29.578017380663272,29.596761800731898,38211000
2022-07-13,29.3718318939209,29.568642927008874,29.006324668148284,29.31560042554807,51441600
2022-07-14,28.809511184692383,28.9032314882017,28.462748385543843,28.77202413582832,57782300
2022-07-15,29.784196853637695,29.952891239993576,29.146900991073416,29.22187686975357,59650200
2022-07-18,29.67173767089844,30.41212617494996,29.540530305650332,30.20594112948433,38671600
2022-07-19,30.562076568603516,30.65579508947537,29.98101208634053,30.065361972744363,40568000
2022-07-20,30.674541473388672,30.730774734592984,30.40275274026679,30.496474842273976,38507700
2022-07-21,30.871347427368164,30.871347427368164,30.355888464406455,30.590188318037416,40561800
2022-07-22,30.693288803100582,31.077540519920344,30.4589888885731,30.91821829410548,25741200
2022-07-25,30.89009666442871,31.03067802859489,30.665170771921943,30.88072624187951,24699300
2022-07-26,30.458986282348633,30.918215648587033,30.38400860005148,30.740145440697624,26357800
2022-07-27,30.92758560180664,31.077537388991914,30.47773024025082,30.58082276427806,44817200
2022-07-28,31.152515411376953,31.16188583405815,30.458986153590672,30.955700783745243,40974600
2022-07-29,31.592992782592773,31.696085294704957,31.19937072739956,31.227485567018448,38724000
2022-08-01,31.330583572387695,31.508650213081776,31.115028088873967,31.293094729568047,35131300
2022-08-02,30.983816146850582,31.38681220992455,30.946327309557127,31.18062717994281,36806900
2022-08-03,31.45241928100586,31.527393388549395,31.040049176552003,31.21811938534169,27314900
2022-08-04,31.34932518005371,31.50864738503808,31.29309192087143,31.424299283830912,24505800
2022-08-05,31.574249267578125,31.724201041721543,31.152512360703213,31.2649752975277,34366100
2022-08-08,31.55550765991211,31.91164449590234,31.52739281698457,31.808551971657856,24369100
2022-08-09,31.71483039855957,31.79917849437219,31.555504628632505,31.611737884218343,26425400
2022-08-10,32.427101135253906,32.54893807078489,32.202175258262315,32.26777893697923,45366000
2022-08-11,32.81135559082031,33.01754064163378,32.68952222000568,32.72700748595413,46985200
2022-08-12,33.32681655883789,33.33618698107538,32.801983535226576,32.970679736561195,36370300
2022-08-15,33.31744384765625,33.41116594931158,32.923821746101716,32.98942542969414,25366000
2022-08-16,33.56111526489258,33.71106704136383,33.167489617197816,33.167489617197816,41300800
2022-08-17,33.39242172241211,33.542373510796644,33.15812182961549,33.176866250055134,33158000
2022-08-18,33.42990493774414,33.47676777353526,33.20497905652943,33.36430125779548,15966200
2022-08-19,32.764495849609375,33.233095630897154,32.65203290313744,33.233095630897154,33587400
2022-08-22,32.042850494384766,32.295894795321885,31.95850239407239,32.28652437312383,36810100
2022-08-23,31.911638259887695,32.23966018884996,31.911638259887695,32.00536034321917,23244000
2022-08-24,32.08033752441406,32.18343003844157,31.789804400803103,31.855411653019736,20682200
2022-08-25,32.57706069946289,32.60517912215806,32.06160156840533,32.14594968622444,26402600
2022-08-26,31.602373123168945,32.72700983527351,31.57425470277329,32.717639411896904,38230600
2022-08-29,31.377437591552734,31.6023670357261,31.1899969839303,31.368067169981114,34872100
2022-08-30,31.208749771118164,31.583631086890897,31.0213091132318,31.480538546296735,41870700
2022-08-31,30.974445343017575,31.48053397325347,30.92758607913633,31.368071024911934,39768200
2022-09-01,31.06816673278809,31.11502599559375,30.468356013424817,30.843237266135286,40604600
2022-09-02,30.824491500854492,31.686716914409388,30.67453972134048,31.424298618910544,43208800
2022-09-06,30.749513626098633,31.058787569281957,30.440236107783313,30.983813476289512,45877100
2022-09-07,31.35869026184082,31.414923511446354,30.608931476093204,30.6557907298652,35023000
2022-09-08,31.911638259887695,31.93038267655399,31.06816096069599,31.199368302228127,50760900
2022-09-09,32.202171325683594,32.28651941303781,32.042845571733665,32.052219567624086,41327100
2022-09-12,32.46459197998047,32.63328818571856,32.258406934048885,32.33338461443585,41969600
2022-09-13,31.255605697631836,31.93976456198589,31.15251674320081,31.827298034207445,60771600
2022-09-14,31.161882400512695,31.471159941904578,30.880723274331515,31.32120459446687,39233200
2022-09-15,31.264970779418945,31.667966784529643,31.11501902694509,31.199367111157372,47653000
2022-09-16,30.983816146850582,31.04004582765848,30.655794183231247,30.95569773131434,53893300
2022-09-19,31.335227966308594,31.354070989011017,30.61921107331204,30.61921107331204,36491400
2022-09-20,30.87358665466309,31.14680509440662,30.59094850048731,31.080856311563576,42193600
2022-09-21,30.232940673828125,31.184490040932655,30.214097649517026,31.07143548900545,49644600
2022-09-22,29.724185943603516,30.34599128945541,29.667658674972287,30.298885531757634,52299500
2022-09-23,29.25312232971191,29.498076232710897,28.82916510284292,29.43212745055147,56801000
2022-09-26,28.791479110717773,29.309651451583665,28.584211252553143,29.036433014168452,49969700
2022-09-27,28.669002532958984,29.168330045076782,28.376942875213715,29.017589460629576,60630400
2022-09-28,29.234283447265625,29.403865273423857,28.67842681455509,28.75379711405975,46088700
2022-09-29,28.866849899291992,29.03643351204792,28.50884144778359,28.92337896819035,41860000
2022-09-30,28.603055953979492,29.243704385687177,28.52768565595327,28.8856941223354,37984300
2022-10-03,29.37560272216797,29.526343322141773,28.546527625342343,28.88569487376825,47086100
2022-10-04,30.468469619750977,30.496732356031863,29.790136994467193,29.827821241831543,53441800
2022-10-05,30.232940673828125,30.40252429868864,29.893773424107096,29.997408260848456,41766800
2022-10-06,29.808979034423828,30.270624105283975,29.743030252006537,30.063354449721572,34717900
2022-10-07,29.102380752563477,29.639394299840475,28.942218659781787,29.54518278394376,36380700
2022-10-10,28.970481872558594,29.385019352097856,28.800898276521195,29.262541511862224,31011700
2022-10-11,28.603055953979492,29.083542277760255,28.480578096580857,28.78205928868573,50431900
2022-10-12,28.537105560302734,28.91395702920539,28.43347073249092,28.612475854083264,48265700
2022-10-13,29.714765548706055,29.790135837477017,27.877612289080822,27.962404088569336,83086100
2022-10-14,29.21543884277344,30.32715025108815,29.149490058895488,29.978563308599092,60886900
2022-10-17,29.95030403137207,30.148150405865056,29.752455859909286,29.837247676683365,47222200
2022-10-18,30.4307861328125,30.769953372442668,30.08219917827674,30.732267324941695,48150700
2022-10-19,29.93145751953125,30.42136533783242,29.761873905737033,30.16698991714109,35205700
2022-10-20,29.450971603393555,30.195253055288237,29.36617979537181,29.89377186986408,43124400
2022-10-21,30.327157974243164,30.355424313060045,29.31908113928679,29.53577056920237,54487300
2022-10-24,30.732269287109375,30.873590177291312,30.411945050777906,30.506160175545705,40117200
2022-10-25,31.099693298339844,31.156222362311727,30.515574013052376,30.57210307702426,33950300
2022-10-26,31.17506980895996,31.523656768088337,31.109121021934033,31.193912832958706,38012100
2022-10-27,31.429443359375,31.778030297622628,31.372914290764925,31.46712940511505,41232200
2022-10-28,32.21140670776367,32.249092750772974,31.45770381727197,31.51423288178592,36421300
2022-10-31,32.01356887817383,32.23025829213862,31.966463108866662,32.00414916188833,40083800
2022-11-01,32.09835433959961,32.36214947059551,31.957033465743734,32.27735766506981,38946100
2022-11-02,31.69322967529297,32.59767295782243,31.66496694581959,32.032396804726055,58039800
2022-11-03,31.37292098999023,31.61787674566812,31.1656548820396,31.29755247635543,40828100
2022-11-04,31.94761848449707,32.117202120672985,31.49539665267451,31.82514061527232,41825600
2022-11-07,32.2679443359375,32.286787362442944,31.97588281601287,32.18315251363292,30060300
2022-11-08,32.45637130737305,32.61653164324155,32.117204015016384,32.27736435088489,34839600
2022-11-09,31.909931182861328,32.36215299696204,31.843982392926193,32.239678726476505,42126200
2022-11-10,33.52097702026367,33.56808278727559,32.795536707673236,32.88032852587055,67677700
2022-11-11,33.794185638427734,33.94492622127059,33.56807656113294,33.69055081385971,46076100
2022-11-14,33.31370544433594,33.72824120205887,33.28544270451876,33.69997846224169,38002700
2022-11-15,33.38907241821289,33.80361175087618,33.04990877413286,33.671714179188506,57802100
2022-11-16,33.22890090942383,33.45500992927545,33.11584639949802,33.370218148346574,32852400
2022-11-17,33.04991149902344,33.068750930298414,32.748426689530085,32.842641815602875,35706900
2022-11-18,33.323123931884766,33.539813315024915,33.04990907119286,33.49270755241868,39455400
2022-11-21,33.4267578125,33.49270659705544,33.2383311735105,33.27601722009625,24630900
2022-11-22,33.765926361083984,33.80361240913984,33.60576245381628,33.60576245381628,29582300
2022-11-23,33.90724182128906,33.99203361888368,33.7093918976091,33.7093918976091,27916900
2022-11-25,34.02030563354492,34.067411401960676,33.87898473435791,33.94493352892791,11266500
2022-11-28,33.436180114746094,33.9731936836425,33.37965104656891,33.83187281016909,34196600
2022-11-29,33.634029388427734,33.70939789194818,33.36081092604486,33.398496974774794,31489600
2022-11-30,34.2087287902832,34.2181485054237,33.10643523399699,33.58692336676821,58607000
2022-12-01,34.0108757019043,34.37830924946677,33.74708057498268,34.37830924946677,58157600
2022-12-02,33.8507194519043,33.87898219204493,33.54923824393923,33.65287308304088,40483300
2022-12-05,33.0122184753418,33.65286682155273,32.833211570585355,33.596337757849824,53402000
2022-12-06,32.72015380859375,33.16295577906112,32.45635872522007,32.974529179249146,45102200
2022-12-07,32.588260650634766,32.95569059302813,32.51288856299564,32.588260650634766,37775900
2022-12-08,32.61652755737305,32.842640255265664,32.503473005396444,32.68247634552102,46600900
2022-12-09,32.53172302246094,32.767255343431984,32.484617277054326,32.49404058249845,40885600
2022-12-12,32.965118408203125,33.00280086323598,32.399838455437006,32.55057905738675,72570900
2022-12-13,33.04991149902344,33.82245756312243,32.83321850602581,33.82245756312243,55659000
2022-12-14,32.63536834716797,33.28544006288709,32.49405106535798,32.965115859269616,54685100
2022-12-15,31.994720458984375,32.258519191733136,31.7874543901794,32.126618028389146,70330100
2022-12-16,31.7497615814209,31.843973084090717,31.457700172842927,31.65554648481262,59619300
2022-12-19,31.66444396972656,31.986776762824675,31.465353408934405,31.66444396972656,37456800
2022-12-20,31.79716682434082,32.01521493448934,31.673920982439576,31.78768442763126,45446400
2022-12-21,32.29014587402344,32.38494814021131,32.08157654864056,32.10053772517306,31318100
2022-12-22,32.0057373046875,32.11002198517642,31.484317518718186,32.08158202376135,25605100
2022-12-23,32.18586349487305,32.23326463133002,31.82560834814521,31.986776551868807,17116200
2022-12-27,32.1763801574707,32.32806595958556,32.04365553267956,32.25222486676552,25601100
2022-12-28,32.062618255615234,32.31858873711239,32.024695899139736,32.23326524328001,24395100
2022-12-29,32.50819778442383,32.56507770420432,32.15742140222717,32.23326611723458,26624200
2022-12-30,32.42286682128906,32.48922912339977,32.157413996372014,32.271181042682564,24735700
2023-01-03,32.536643981933594,32.88741681490206,32.29963462681084,32.65988985921064,37396500
2023-01-04,33.05805206298828,33.295061333676564,32.77364166145724,32.86844392314276,44669300
2023-01-05,32.81156921386719,32.94429384785563,32.58403868669053,32.94429384785563,45585700
2023-01-06,33.54155731201172,33.645841983155734,32.80208583320642,33.0296163535638,41229700
2023-01-09,33.418312072753906,33.84492954591385,33.33298857812191,33.65532137823443,48726600
2023-01-10,33.60792541503906,33.636365378803625,33.24767020262724,33.361433674161034,34663700
2023-01-11,33.9207763671875,33.9207763671875,33.62688709334222,33.69324942075732,32014700
2023-01-12,33.987125396728516,34.18621591755286,33.769077318182035,34.03453014045643,56642400
2023-01-13,34.24310302734375,34.290504164569185,33.42779044775641,33.551036297722504,65920900
2023-01-17,34.01557922363281,34.17674382818937,33.911294542343136,34.157782648275315,65345200
2023-01-18,33.38039016723633,34.03453817375086,33.351950207466146,33.825968824836075,53693000
2023-01-19,32.991695404052734,33.162342397477715,32.76416849046949,32.97273422517495,61169500
2023-01-20,33.513118743896484,33.53207992479885,32.934819000513905,33.08650483125737,42330100
2023-01-23,33.90180969238281,34.044016723216245,33.43727347574698,33.541558149494826,44997300
2023-01-24,33.9207763671875,34.072462203632824,33.46571885785153,33.84493525720264,34333500
2023-01-25,34.186222076416016,34.19570085698474,33.61739759747146,33.62687999451503,38458700
2023-01-26,34.36634826660156,34.42323180014621,34.04401547613168,34.271545993835375,29944200
2023-01-27,34.36634826660156,34.56543520929549,34.271545993835375,34.31894713021847,30787400
2023-01-30,34.19569396972656,34.442185612566476,34.138810448346405,34.18621519106693,31595000
2023-01-31,34.66024398803711,34.66972276951398,34.10090185254652,34.26206645297973,30282100
2023-02-01,34.66024398803711,34.96361562594978,34.22414409412185,34.299988811837615,51418700
2023-02-02,34.755043029785156,34.89725005401194,34.48011137839996,34.84984530161977,42107300
2023-02-03,34.68867874145508,34.98257155377149,34.470630635468574,34.48010941552249,43155000
2023-02-06,34.6792106628418,34.68868944582071,34.413757725247315,34.48960245498167,32273600
2023-02-07,35.0773811340332,35.18166581874342,34.46115542427759,34.46115542427759,33000500
2023-02-08,34.86881637573242,35.172188071475844,34.77401407699106,34.821415226361744,34555500
2023-02-09,34.48011016845703,35.11529694017915,34.404269076945646,35.01101227493561,44329600
2023-02-10,34.59387969970703,34.62231965899447,34.195702187307965,34.30946564093271,28108900
2023-02-13,34.99205780029297,34.99205780029297,34.546479096715565,34.574922675895785,32209000
2023-02-14,34.80244827270508,35.15322467613263,34.584400128573925,34.92569413381409,33525300
2023-02-15,34.840362548828125,34.85932372432823,34.48010744727502,34.52750857778806,28510000
2023-02-16,34.489593505859375,34.75504275810115,34.42323119279893,34.50855468337305,34379100
2023-02-17,34.49907302856445,34.546474165130974,34.21466259269042,34.31894726302171,35889800
2023-02-21,33.78804016113281,34.25257991070047,33.63635437654479,34.20517878110565,36425200
2023-02-22,33.75012969970703,33.92077671954007,33.57000389720578,33.788052063331186,31065200
2023-02-23,33.778568267822266,34.05349632210811,33.46571423906496,33.89233172533624,42357600
2023-02-24,33.8070068359375,33.911291507895584,33.42779050453993,33.48467403919205,48732600
2023-02-27,33.79753112792969,34.17674387733023,33.73116880637271,34.11986395398156,31664600
2023-02-28,33.863887786865234,34.03453476132674,33.759603122863794,33.84492661009455,32531400
2023-03-01,33.75012969970703,33.90181553772799,33.617405043498145,33.71221095255852,32790300
2023-03-02,33.588966369628906,33.62688873471017,33.19078876922716,33.551044004547634,38401900
2023-03-03,34.11985778808594,34.12933656810602,33.6553180046601,33.72168031422456,33091600
2023-03-06,34.1483039855957,34.35687334890211,34.0440193039425,34.13882158736798,30111100
2023-03-07,33.26662826538086,34.05349732639822,33.18130476561028,34.025057365299766,53804400
2023-03-08,33.14337921142578,33.40883208316377,32.97273222833524,33.22870270297105,50860300
2023-03-09,31.79716682434082,33.010653216984686,31.635998628550777,32.95376968615149,107108500
2023-03-10,31.21886444091797,31.96781467661453,30.83964812458495,31.42743377654861,166569400
2023-03-13,29.986412048339844,30.64055813992402,29.73992399875931,30.10965788136734,165965900
2023-03-14,30.59316062927246,31.14302032023547,30.213946114002745,31.133541539561488,128115500
2023-03-15,29.777847290039062,29.901093134441588,29.35122984131863,29.730446154953412,132235000
2023-03-16,30.346670150756836,30.659524172664913,29.294350054721782,29.578762308755255,133892600
2023-03-17,29.370193481445312,30.06226023785753,29.29435057400613,30.06226023785753,136760600
2023-03-20,29.696985244750977,29.95422616841661,29.554074226229687,29.60171062666605,75384500
2023-03-21,30.449649810791016,30.525870956273486,30.30673879743563,30.373430482520668,115899200
2023-03-22,29.74462127685547,30.535397507907312,29.725567807244182,30.449650534413916,67874100
2023-03-23,29.544546127319336,30.10666436642284,29.334943424532938,29.801787047020024,82366300
2023-03-24,29.525487899780273,29.55407082708196,28.953842074230504,29.182500041008016,76619100
2023-03-27,29.935169219970703,30.09713551656237,29.763675280378106,30.030443832767936,61393300
2023-03-28,29.925640106201172,30.03044235684857,29.744618532504383,29.897057178603152,42980100
2023-03-29,30.36390686035156,30.373432687016123,30.116193571190944,30.249576951041945,52147200
2023-03-30,30.297210693359375,30.602088001802866,30.125718570268987,30.583032715722123,45061700
2023-03-31,30.630674362182617,30.64020018851284,30.354378151089044,30.468706239173684,49034400
2023-04-03,30.68783187866211,30.811689408490167,30.506812130777895,30.60208491715404,51213500
2023-04-04,30.402013778686523,30.8116933545344,30.201938721018763,30.764056955245543,45939300
2023-04-05,30.36390686035156,30.449652020818448,30.1638299733628,30.17335761723962,57965300
2023-04-06,30.47822952270508,30.535393558569897,30.278154488572255,30.306735597898697,36762300
2023-04-10,30.544925689697266,30.554451515498005,30.297210605787804,30.363904106877634,27900700
2023-04-11,30.811691284179688,30.94507464699566,30.6020867800837,30.621142065403703,53912600
2023-04-12,30.74499893188477,31.126093726696805,30.668777792267974,30.964129256647084,63645800
2023-04-13,31.02129173278809,31.04034701561695,30.554446389539933,30.764050866233827,58550300
2023-04-14,31.326175689697266,31.583416611273925,31.173737028884176,31.345230976601947,65276200
2023-04-17,31.688213348388672,31.697742808485053,31.173735170332467,31.307118536288673,69670600
2023-04-18,31.78348922729492,31.85018090911909,31.516722499998263,31.754908116348588,49507500
2023-04-19,31.85970687866211,31.945453846312844,31.678687117810153,31.73585297438534,39478900
2023-04-20,31.764434814453125,31.85018178407175,31.640577272909734,31.65010673310302,39291800
2023-04-21,31.65010643005371,31.68821336718942,31.46908303235648,31.669161715833635,41545000
2023-04-24,31.573884963989254,31.745378899830374,31.497667456073263,31.631050820744335,32774200
2023-04-25,31.030826568603516,31.430980355370465,31.021300741634494,31.373814490282435,58534300
2023-04-26,30.73546981811523,31.116568251640103,30.602086456708737,30.945074319996312,54294200
2023-04-27,31.230899810791016,31.288065672522077,30.84980496919055,30.84980496919055,46398800
2023-04-28,31.602468490600582,31.63105323837497,31.01176913001279,31.078460817445716,54598700
2023-05-01,31.516721725463867,31.85018012638983,31.478611155522614,31.68821202135151,31950600
2023-05-02,30.802165985107425,31.4023911280365,30.51634033484697,31.392865302425736,76096700
2023-05-03,30.449649810791016,30.99271275186874,30.421068698447215,30.840274095328052,65642400
2023-05-04,30.059022903442383,30.344846722425604,29.782728544025098,30.182880436832036,76076600
2023-05-05,30.802165985107425,30.84980238200946,30.506814509236207,30.554450906138243,55019400
2023-05-08,30.84980010986328,31.078456251921747,30.81168954137892,30.973654005801677,34323600
2023-05-09,30.73546981811523,30.859327354174415,30.554450061124133,30.62114174182738,29736200
2023-05-10,30.563980102539062,31.002240765336108,30.297209740225313,30.935549083363693,39706100
2023-05-11,30.516338348388672,30.5639783766137,30.24004399336051,30.37342734977328,36693200
2023-05-12,30.392486572265625,30.716420997492413,30.192411511721865,30.716420997492413,36253000
2023-05-15,30.640195846557617,30.697361699711287,30.392482601194207,30.449646637135935,33208500
2023-05-16,30.35437774658203,30.668780893231105,30.33532245975113,30.583033919704206,31241400
2023-05-17,30.96413230895996,31.049879282269437,30.525871616233445,30.592563302760333,46818800
2023-05-18,31.19279670715332,31.230903651903073,30.792642894669537,30.90697099776853,42232500
2023-05-19,31.059404373168945,31.364281685624217,30.916495177319177,31.26900888839104,40132900
2023-05-22,31.116567611694336,31.23089568563091,30.92601839885075,31.164204006299247,35286200
2023-05-23,30.754528045654297,31.145152341899216,30.73547275871255,30.983187854530907,42217200
2023-05-24,30.35437774658203,30.55445280667002,30.28768605988604,30.525871693635835,46610700
2023-05-25,30.3448486328125,30.44964907088005,30.163827051114612,30.27815694934804,41658900
2023-05-26,30.59256172180176,30.668779230569015,30.36390374386376,30.41154014114632,44183000
2023-05-30,30.583032608032227,30.706890149908823,30.38295755652523,30.64019846607316,57900500
2023-05-31,30.25910186767578,30.430595807577383,30.001860957823386,30.402012878523085,67667900
2023-06-01,30.583032608032227,30.64972429186789,30.220991259833436,30.430595771559343,48643400
2023-06-02,31.24995803833008,31.364286138124857,30.87838898817847,30.87838898817847,65752900
2023-06-05,31.08799171447754,31.288066786020003,30.945078872276035,31.288066786020003,53591100
2023-06-06,31.478607177734375,31.52624356692938,31.04034658206269,31.059398230201865,46236100
2023-06-07,31.602468490600582,31.669163812457896,31.316646453827417,31.507195689817657,48467100
2023-06-08,31.573884963989254,31.62152136073977,31.326173520232143,31.497667456073263,36261200
2023-06-09,31.58341407775879,31.716797440967635,31.49766711077824,31.516722396154368,34021700
2023-06-12,31.573884963989254,31.69774250307987,31.335699345812607,31.61199553515931,33655200
2023-06-13,31.764434814453125,31.89781818176561,31.50719390559725,31.545304477522013,46054400
2023-06-14,31.640575408935547,32.00261855204415,31.535773159528535,31.84065044811768,57195400
2023-06-15,32.05978775024414,32.13600526312856,31.507195335528625,31.53577644855724,52241800
2023-06-16,31.993104934692383,32.231290634440505,31.9549943504706,32.2027058790615,49861100
2023-06-20,31.75383758544922,31.83996929737376,31.562433375535615,31.782546939180182,50683100
2023-06-21,31.715551376342773,31.86867399174001,31.581569544211582,31.677269809810685,35967600
2023-06-22,31.46673583984375,31.667708634948617,31.361463332674926,31.658140066447803,38690000
2023-06-23,31.332754135131836,31.43802299210185,31.12220911972783,31.22748162742983,35529600
2023-06-26,31.265758514404297,31.524153665440515,31.179630448124097,31.284899301599413,25728300
2023-06-27,31.514583587646484,31.58157451425455,31.30403858931731,31.323179375595576,34348100
2023-06-28,31.43802070617676,31.485874497639564,31.29447028398351,31.476302279054313,36663200
2023-06-29,31.983522415161133,31.983522415161136,31.562436038410116,31.600717613768925,47471000
2023-06-30,32.26105499267578,32.39503684171326,32.13664536184474,32.19406406815704,44762300
2023-07-03,32.44289779663086,32.53859809544215,32.21321196845843,32.26106211786407,19128000
2023-07-05,32.37590408325195,32.462032154362966,32.155786843528,32.25149078487148,39831600
2023-07-06,32.098358154296875,32.13663971893756,31.820822286748307,32.10792672009158,45808400
2023-07-07,32.14621353149414,32.41417722625291,31.96438154586948,31.96438154586948,33488700
2023-07-10,32.289772033691406,32.471604044300435,32.12707716042477,32.1557865171704,27254400
2023-07-11,32.67257308959961,32.71085466135073,32.337618463606354,32.40460938880501,33744600
2023-07-12,32.88311767578125,33.112799801976905,32.79698596577499,32.94053638196438,46546000
2023-07-13,32.99795913696289,33.04580927626995,32.87354585417925,32.93096821178669,40453700
2023-07-14,32.7778434753418,33.24678357225974,32.72999333910071,33.237211354572686,47552700
2023-07-17,33.09366226196289,33.189362538251,32.73956320808754,32.73956320808754,38568900
2023-07-18,33.46689987182617,33.495609225785564,33.122373021386736,33.17022316156295,47160800
2023-07-19,33.610450744628906,33.74443259921789,33.45732810356554,33.4669003221686,45599800
2023-07-20,33.85927963256836,33.86884820109376,33.54346211025036,33.553034329507746,45591500
2023-07-21,33.74443817138672,33.93584241700516,33.65830644339504,33.91670162737008,30615700
2023-07-24,34.069820404052734,34.1750929096608,33.754006537960464,33.76357510631942,32299800
2023-07-25,33.84971237182617,34.05068884761971,33.82100301131246,33.97412568527312,36218600
2023-07-26,34.05068588256836,34.15595474552959,33.76357769950185,33.81143149716774,35638700
2023-07-27,33.620025634765625,34.136812307712354,33.57217549014323,34.050684237831256,44072800
2023-07-28,33.687015533447266,33.897556893470195,33.5051798784383,33.887988325132206,32422700
2023-07-31,33.811431884765625,33.9167007489336,33.66787779158673,33.75400951734762,28627000
2023-08-01,33.811431884765625,33.840141243108505,33.62959621330806,33.744437297411835,26480300
2023-08-02,33.524322509765625,33.64873580939397,33.33292192662308,33.524322509765625,48923800
2023-08-03,33.54345703125,33.620020170788294,33.227643207483105,33.32334348117454,31861600
2023-08-04,33.40947723388672,33.84013579333589,33.380767880167326,33.51474973183336,36195700
2023-08-07,33.87842559814453,33.93584431953647,33.61045817896284,33.62003039968319,33119300
2023-08-08,33.572166442871094,33.600875791761325,33.17978587080575,33.438180963010936,37254800
2023-08-09,33.32334899902344,33.648735094477416,33.28506742291543,33.553034804939436,38304200
2023-08-10,33.35205841064453,33.744435439567454,33.265926689625736,33.49561249591986,38097500
2023-08-11,33.419044494628906,33.47646685055373,33.17022158708437,33.246784728317465,27518700
2023-08-14,33.35205841064453,33.419049343577804,33.198935756692464,33.32334905388228,23773800
2023-08-15,32.739566802978516,33.11280303250859,32.70128522796724,33.074525108229246,57472100
2023-08-16,32.69171142578125,32.94053432205521,32.65342985689869,32.682142858926284,33566500
2023-08-17,32.529029846191406,32.84484375596461,32.43332589570526,32.79699360608775,38205400
2023-08-18,32.51945495605469,32.6151588986839,32.27063200668297,32.29934136410567,40860000
2023-08-21,32.48116683959961,32.634289466246194,32.22277172262136,32.56729854525903,32308300
2023-08-22,32.174930572509766,32.52902971174634,32.12708042283067,32.4907481317101,43133000
2023-08-23,32.490745544433594,32.500314113314495,32.1845002299952,32.23235037586393,30240500
2023-08-24,32.37590408325195,32.835272049504404,32.37590408325195,32.44289501682635,35784900
2023-08-25,32.529029846191406,32.653439505724755,32.26106243556263,32.509889056094174,40347200
2023-08-28,32.71085739135742,32.82569846546365,32.60558488562174,32.63429424146532,34905300
2023-08-29,33.007530212402344,33.0170987796398,32.634290376974576,32.68214416535635,43394300
2023-08-30,33.02667236328125,33.218076593686156,32.95968143024934,33.05538537081782,33799900
2023-08-31,32.90226364135742,33.13194580371288,32.86398206405413,33.12237723475313,27999700
2023-09-01,33.19892883300781,33.30420132015739,33.074519212495844,33.10322856327072,41075700
2023-09-05,32.863983154296875,33.29464178641538,32.85441458501969,33.16065991214124,38612300
2023-09-06,32.84484100341797,32.91183193777791,32.60558662335185,32.777850069058026,35672800
2023-09-07,32.75870132446289,32.90225537793045,32.663001055972,32.71085119021745,47632600
2023-09-08,32.82569885253906,32.89268978411864,32.66300763319779,32.7874172771416,39720800
2023-09-11,32.97882080078125,33.15108423566778,32.892689083337984,32.97882080078125,28965100
2023-09-12,33.19892883300781,33.438183158081834,32.93096515715892,32.96924672534627,48615200
2023-09-13,33.19892883300781,33.39033302321329,33.074519212495844,33.352051455025936,31994900
2023-09-14,33.50517654418945,33.55303033331298,33.265922201498,33.42861705290859,65685500
2023-09-15,33.33292007446289,33.53389286603468,33.26592549320705,33.28506628060416,51800200
2023-09-18,33.42423629760742,33.47230032671901,33.18391248499913,33.28965554927483,32458700
2023-09-19,33.38579177856445,33.52037255983526,33.17430559825247,33.45308216919986,36112900
2023-09-20,33.15507888793945,33.60688521774256,33.14546388070168,33.501142140432,31618000
2023-09-21,32.60714340209961,33.039727134419934,32.60714340209961,33.039727134419934,48103300
2023-09-22,32.357200622558594,32.68404118105113,32.357200622558594,32.65520349464171,41688300
2023-09-25,32.43410873413086,32.45333141531843,32.18416987408073,32.28991295586725,40141700
2023-09-26,32.001522064208984,32.337973959192304,31.94384302490443,32.193781861506864,46165400
2023-09-27,31.953460693359375,32.08804146256324,31.67468414740799,32.08804146256324,49360900
2023-09-28,32.18416976928711,32.299524191291816,31.972683606402686,31.982298614016138,63638100
2023-09-29,31.886167526245117,32.38604158790545,31.80926579901716,32.3379775500066,52860500
2023-10-02,31.617006301879883,31.857330160869,31.44397283004363,31.78042843285904,49350600
2023-10-03,31.11713218688965,31.549715865809556,30.992166420685837,31.463199130025576,52921800
2023-10-04,31.34784889221191,31.36707524351568,30.9633292002397,31.126751352795935,40136000
2023-10-05,31.492034912109375,31.549713954822057,31.194035692387615,31.261326075360323,41407800
2023-10-06,31.76119613647461,31.943840914965783,31.251707157230143,31.35745022211202,54057800
2023-10-09,31.780426025390625,31.847716407446033,31.443970448062803,31.4728118025514,61396600
2023-10-10,32.011138916015625,32.21301008776655,31.86694679350122,31.876558134848345,44743400
2023-10-11,32.059207916259766,32.232241423685515,31.81888400784087,32.107275631585004,35746400
2023-10-12,31.857328414916992,32.15533130386973,31.636230916810455,32.15533130386973,41991200
2023-10-13,31.92461585998535,32.35719947605234,31.75158241355856,32.0591966145283,53213800
2023-10-16,32.261070251464844,32.41487734641013,32.09764815036962,32.164938525217536,45589300
2023-10-17,32.414878845214844,32.626361318636675,32.10726464110075,32.11687598064469,41925200
2023-10-18,31.857328414916992,32.28030073046938,31.790038031451996,32.25145937537661,46942100
2023-10-19,31.434356689453125,31.972679704479148,31.41513034362355,31.799649926114004,66656200
2023-10-20,30.95371437072754,31.482426137333597,30.92487301349551,31.42474708992068,59921300
2023-10-23,30.76145362854004,31.10752056858928,30.732614105694097,30.886423060680272,55913700
2023-10-24,30.97294044494629,31.117132561622,30.80951831225249,30.905650057087403,35825000
2023-10-25,30.857582092285156,31.069068262096746,30.771065356185066,30.857582092285156,59240100
2023-10-26,30.7902889251709,31.09790314418775,30.732611717486584,30.780677585161325,56046100
2023-10-27,30.23274040222168,30.790289815161614,30.14622367143176,30.75183895343578,73057300
2023-10-30,30.77106475830078,30.847970152029287,30.36732244237913,30.444226002582138,48978100
2023-10-31,31.107519149780273,31.117130490098365,30.77106356583318,30.828742608894338,41050100
2023-11-01,31.309391021728516,31.434360451049972,31.09790485934619,31.16519524427676,51764100
2023-11-02,32.049591064453125,32.06881741386806,31.540105639636604,31.597781020830205,47417000
2023-11-03,32.472557067871094,32.62636418343335,32.34759130757424,32.35720264796212,58801300
2023-11-06,32.37643051147461,32.60713936209307,32.203397039985234,32.559075323801814,40599700
2023-11-07,32.328365325927734,32.40526705105448,32.222622245208896,32.280301289342155,27442000
2023-11-08,32.3668098449707,32.395651196544044,32.164938719209445,32.318745815082366,30165800
2023-11-09,32.23223876953125,32.520630369527865,32.17456338317315,32.47256265816075,34336600
2023-11-10,32.597530364990234,32.62636805662818,32.193788013853656,32.38604418084174,35146100
2023-11-13,32.549461364746094,32.63597809353154,32.43410694871576,32.48217098314083,28327300
2023-11-14,33.16469192504883,33.347336734352766,32.87630403302382,32.90514172211102,54296300
2023-11-15,33.34733963012695,33.44347138051705,33.21275884663213,33.2223738551968,35000200
2023-11-16,33.48191833496094,33.52036736146756,33.33772256764636,33.44346564140363,33222500
2023-11-17,33.65495300292969,33.66456801123885,33.520372223011194,33.606888962537546,31336100
2023-11-20,33.7895393371582,33.866441072670604,33.53960044587718,33.60689083959482,37285400
2023-11-21,33.77030563354492,33.85682235906581,33.71262659418078,33.74146428033754,27285700
2023-11-22,33.904884338378906,33.972174713369945,33.789529933687184,33.847205302507845,32719200
2023-11-24,34.0106315612793,34.06830693714997,33.89527347543624,33.90488848278193,13168500
2023-11-27,33.89527130126953,33.95295034049131,33.818369582691105,33.88565996159121,35017000
2023-11-28,33.88566589355469,34.00102032514137,33.79914915310186,33.85682820242083,39329300
2023-11-29,34.1259880065918,34.32785916822868,33.981792224250555,33.981792224250555,36651300
2023-11-30,34.51050567626953,34.51050567626953,34.097148368697574,34.20289144743238,37334500
2023-12-01,34.770050048828125,34.80850274181385,34.3951454598439,34.45282449932249,51267600
2023-12-04,34.73160171508789,34.86618247616946,34.52972690641482,34.5681796001669,41366600
2023-12-05,34.55857467651367,34.63547641124495,34.40476753999972,34.625865069547814,39510900
2023-12-06,34.385536193847656,34.87579522430499,34.33747215824217,34.750829465140896,35616100
2023-12-07,34.5489501953125,34.56817654048679,34.38553176190663,34.47204848166573,26050900
2023-12-08,34.73160171508789,34.7892770886653,34.47205153283741,34.51050422658949,33213100
2023-12-11,34.943084716796875,35.01037509833937,34.7412135721694,34.7412135721694,31165700
2023-12-12,35.19302749633789,35.20263883746788,34.88541324146175,35.029605360718655,37245700
2023-12-13,35.760189056396484,35.798641751889754,35.1353455893089,35.20263597289669,56989000
2023-12-14,36.11585998535156,36.25044072518783,35.92360021399256,36.04856961543343,66865700
2023-12-15,35.90437698364258,35.990893704904025,35.75056988662784,35.81786026238113,69246200
2023-12-18,36.024173736572266,36.14975817013167,35.985530671536054,36.08213464892106,43434000
2023-12-19,36.2946662902832,36.30432889873739,35.908243026633855,36.004850685148874,32509000
2023-12-20,35.64741134643555,36.28500714796374,35.64741134643555,36.19806209842783,52985700
2023-12-21,35.99519348144531,36.004856091350355,35.666734763586234,35.80198550581543,27522200
2023-12-22,36.07247543334961,36.21738508345995,35.937228392022874,36.10145588928948,30331400
2023-12-26,36.21739196777344,36.28501550129089,36.04350182866964,36.10146275156678,17837600
2023-12-27,36.33331680297851,36.33331680297851,36.082140524547064,36.14010513154035,32640800
2023-12-28,36.4395866394043,36.5168691037123,36.26569648820324,36.27535541428933,25308000
2023-12-29,36.32364654541016,36.48787772137953,36.21738364943626,36.4299131265894,30218300
2024-01-02,36.47821807861328,36.49753961178081,36.15942199436317,36.22704551784669,31351900
2024-01-03,36.16908264160156,36.37195690692363,36.111121724543096,36.31399230465935,46909000
2024-01-04,36.31399154663086,36.60380718149093,36.246368021337034,36.29467001294609,36904200
2024-01-05,36.46855545043945,36.66176707728416,36.29466535479975,36.31398688600474,44852300
2024-01-08,36.70042037963867,36.71973823102836,36.28501655584076,36.47822455138801,39098300
2024-01-09,36.46855545043945,36.51685743584931,36.35262994841474,36.50719851284945,36338100
2024-01-10,36.52652740478515,36.55550786483009,36.29467266880769,36.410598194193426,37095500
2024-01-11,36.39127349853515,36.52652423247907,36.101457867638146,36.47821855632483,49043500
2024-01-12,36.32364654541016,36.700410883738016,36.17874058624283,36.565160162561035,41333900
2024-01-16,36.07247543334961,36.14009895401297,35.86960487135951,36.01451083626437,44042100
2024-01-17,36.004852294921875,36.149758261365086,35.744017133077456,35.763338665644326,38715900
2024-01-18,36.06281661987305,36.10145599950902,35.695714874290076,35.95655003416175,42064900
2024-01-19,36.64244842529297,36.69075041449821,36.08213503193672,36.19806422827594,59417700
2024-01-22,36.81634140014648,36.99989044749488,36.72939633872759,36.79701986591942,51828800
2024-01-23,36.87430191040039,36.90328605402383,36.71973332349665,36.79701945955142,46255500
2024-01-24,37.01921463012695,37.22208522621606,36.99023416931597,37.02887724053468,43975500
2024-01-25,37.20276641845703,37.24140949250921,36.97091534455672,37.16412702961123,50693800
2024-01-26,37.338008880615234,37.405632402576465,37.106154173029886,37.14479723849504,38620200
2024-01-29,37.43461227416992,37.4635927302132,37.125475125689995,37.222079102637906,44175600
2024-01-30,37.90798568725586,37.94662507209132,37.453938827283785,37.47326036230451,43229300
2024-01-31,37.44427490234375,38.110854938931375,37.42495705320735,37.83069821877733,65780900
2024-02-01,37.50223922729492,37.5312196859905,36.95158840084391,37.37665109760436,63445600
2024-02-02,37.65680694580078,37.830697064369026,37.35732870044308,37.37665023419574,61778400
2024-02-05,37.43461227416992,37.56020039236661,37.27038477631736,37.44427119778251,37351300
2024-02-06,37.51189804077149,37.56985895229696,37.33800793578412,37.386309923790506,41055700
2024-02-07,37.79205322265625,37.84035521344553,37.45393560192563,37.71477077443454,39018700
2024-02-08,37.64714813232422,37.76307364997564,37.40563448751373,37.61816398900704,47331500
2024-02-09,37.75341033935547,37.772728185714826,37.50223411421984,37.59883808683795,50680400
2024-02-12,37.92729568481445,38.09152685588611,37.66646422905073,37.75340927604038,39952700
2024-02-13,37.4152946472168,37.73409443779173,37.11581639108936,37.63748676555423,62948300
2024-02-14,37.77273178100586,37.80171592371433,37.49257875966562,37.63748473238525,58722500
2024-02-15,38.41998672485352,38.49726916616832,37.87899489482852,37.888657503246215,58107900
2024-02-16,38.28474044799805,38.45863055091202,38.207454319944986,38.38134442285895,37900000
2024-02-20,38.17848205566406,38.31372912356856,37.985270379283556,38.01425084091846,39952200
2024-02-21,38.294403076171875,38.294403076171875,37.99492851400732,38.13017556597915,40242400
2024-02-22,38.73878479003906,38.87403551845403,38.4393102472769,38.506933768881616,55188200
2024-02-23,38.93199920654297,39.096230403009024,38.85471675571632,38.88369721412559,42190500
2024-02-26,38.73878479003906,39.154188528585486,38.671161268434346,38.89335336587921,38370000
2024-02-27,38.84505081176758,38.85471342054512,38.58421565285606,38.77742729114669,42599500
2024-02-28,38.98996353149414,39.125210583384025,38.758108810250214,38.7677714197885,40040800
2024-02-29,38.97064971923828,39.173520337269736,38.806418491398645,39.08657526022676,37629700
2024-03-01,38.92233657836914,39.04792100966281,38.796748461870024,38.96097964270817,40794900
2024-03-04,39.01894760131836,39.12521420484103,38.845057465591466,38.85472007602414,53413200
2024-03-05,39.02860641479492,39.25079852545053,38.88369675405155,38.88369675405155,50770200
2024-03-06,39.23147964477539,39.34740517008632,38.91267984366284,39.08656997423223,58459500
2024-03-07,39.17351150512695,39.45366821079034,39.02860553286379,39.37638207741878,35505100
2024-03-08,39.24113845825195,39.44401273347732,39.19283646327677,39.23147953333932,47266600
2024-03-11,39.30875778198242,39.34740084790992,39.02860476702203,39.09622828979237,36233100
2024-03-12,39.47299575805664,39.588921290570184,39.26046254410995,39.395709612910125,53199300
2024-03-13,39.76280212402344,39.77246104730262,39.52128850478491,39.55026895982781,43471400
2024-03-14,39.44401168823242,39.84975285751924,39.231478493726435,39.77246671944219,65563400
2024-03-15,39.40536880493164,39.58891785592095,39.14453361550099,39.221816068736416,67568000
2024-03-18,39.63130569458008,39.67978954826808,39.350097863557295,39.5440332783093,39140600
2024-03-19,39.82524490356445,39.84463918490217,39.64100477947749,39.6603990608152,36748300
2024-03-20,40.30039596557617,40.32948553834324,39.70888332543921,39.77676146128303,52255300
2024-03-21,40.630088806152344,40.72705650868358,40.34887729009872,40.39736114136434,49209200
2024-03-22,40.16463851928711,40.76585018752187,40.13554894469166,40.67857776465432,32033000
2024-03-25,40.009483337402344,40.20342244350545,40.009483337402344,40.13554431123148,31784000
2024-03-26,40.14524841308594,40.2713057038863,40.01918742320432,40.15494370503933,30135500
2024-03-27,40.620384216308594,40.63008320467301,40.232509760577344,40.33917273902428,36670300
2024-03-28,40.84341812133789,40.94038952207093,40.60099516812635,40.668873299099126,41490200
2024-04-01,40.620384216308594,40.920989971241504,40.542810804794435,40.88220141594431,37537700
2024-04-02,40.40705490112305,40.55251014848992,40.33917677210666,40.49432730972705,36359800
2024-04-03,40.387664794921875,40.688266884358754,40.28099810547757,40.41675436510463,39715900
2024-04-04,39.931907653808594,40.80463173232606,39.88342380479775,40.72705461464425,52657500
2024-04-05,40.31009292602539,40.41675962936297,39.95130795041082,40.087064227720056,47540300
2024-04-08,40.48463439941406,40.55251253242074,40.30039428112175,40.31978856184949,35165700
2024-04-09,40.25189971923828,40.61068830159139,39.93190339066518,40.50402162570696,51953600
2024-04-10,39.65069961547851,40.01918355850378,39.52463863777077,39.86403300866381,59492800
2024-04-11,39.369483947753906,39.68948400387997,39.1270610079301,39.63130116665328,56870800
2024-04-12,38.845855712890625,39.27251878281261,38.70040045998865,39.10767294866573,81234800
2024-04-15,38.651912689208984,39.505242441601595,38.53555071813556,39.350091913810246,71800600
2024-04-16,38.390106201171875,38.76828548708473,38.33192334984628,38.681013059637046,66751300
2024-04-17,38.487064361572266,38.73918628894654,38.33191382898828,38.5646414774045,41561900
2024-04-18,38.622825622558594,38.96221626811968,38.53555321383137,38.661610482708,48893400
2024-04-19,39.15615463256836,39.23372805049636,38.75858115560096,38.83615457352896,55513600
2024-04-22,39.63130569458008,39.854334380809625,39.20464260341236,39.36948844576776,50701200
2024-04-23,39.883426666259766,39.98039437123846,39.70888183803344,39.81554853295851,36488600
2024-04-24,39.87372589111328,39.93190873094407,39.6700915003265,39.77675819047595,33957500
2024-04-25,39.64100646972656,39.78645803733998,39.3016120804664,39.679791334974816,50365700
2024-04-26,39.582820892333984,39.8058495732189,39.485853187281705,39.57312560146109,35796900
2024-04-29,39.52463150024414,39.747663843251296,39.379179966768426,39.57311904381627,36596100
2024-04-30,39.13676452636719,39.5246390555263,39.13676452636719,39.43736663912634,34481600
2024-05-01,39.13676452636719,39.61191147192627,39.05918740108681,39.107674953927514,54717600
2024-05-02,39.23373031616211,39.46645798154671,38.9525187993876,39.408275140430376,37085100
2024-05-03,39.32100296020508,39.55373062696228,39.12706385442088,39.46645821431342,45012600
2024-05-06,39.82524490356445,39.82524490356445,39.53433808166047,39.62161049813976,42335600
2024-05-07,39.960994720458984,40.03857183328178,39.85432803986781,39.92220616404759,42601200
2024-05-08,40.10645294189453,40.17433107112531,39.815546145322536,39.92220913477047,28390900
2024-05-09,40.40705490112305,40.40705490112305,39.999786127024755,40.009481417278266,31594800
2024-05-10,40.56221389770508,40.63978732607803,40.504031052114584,40.55251490723281,34306800
2024-05-13,40.397361755371094,40.746451408318606,40.397361755371094,40.678573275698895,29570100
2024-05-14,40.60099411010742,40.63008737910955,40.397359722495594,40.55251026054469,30638300
2024-05-15,40.9015998840332,40.94038844330435,40.68826650712249,40.697965496480585,36138300
2024-05-16,40.9015998840332,41.095538981308344,40.882205604397626,40.94038844330435,36032700
2024-05-17,41.20220184326172,41.20220184326172,40.92099036328327,40.969474208329146,29813200
2024-05-20,40.63978576660156,41.173115550598574,40.62039148548229,41.11493640632163,35719600
2024-05-21,40.9015998840332,40.94038844330435,40.697965496480585,40.717359776116155,33413400
2024-05-22,40.66887283325195,40.98887290338444,40.58160042313224,40.81432808314502,38661100
2024-05-23,40.10645294189453,40.66887225538964,39.9513024037841,40.63008739517249,51768500
2024-05-24,40.348880767822266,40.35857605927875,40.18403122041368,40.18403122041368,23477300
2024-05-28,39.9028205871582,40.261605531240235,39.75736533192129,40.261605531240235,31004900
2024-05-29,39.582820892333984,39.70888186816662,39.46645890645508,39.582820892333984,40620200
2024-05-30,39.7961540222168,39.883426435825726,39.52463779149968,39.62160919499894,32769300
2024-05-31,40.377967834472656,40.41675639605256,39.75736564551751,39.87372763117639,38664000
2024-06-03,40.12584686279297,40.41675365676407,39.77675723039542,40.368269807615654,37855000
2024-06-04,39.94160079956055,40.24220656581752,39.75736070357875,39.91251123153194,27586400
2024-06-05,40.05796813964844,40.10645198807729,39.76705765091431,40.067663429702,23817300
2024-06-06,40.038570404052734,40.242204769323074,39.88341988302578,40.12584280332291,39040200
2024-06-07,40.22281646728515,40.445845143201886,39.97069822031691,40.04827164281455,42273300
2024-06-10,40.067665100097656,40.11614895054776,39.80584786877026,40.04827082010148,31615200
2024-06-11,39.611907958984375,39.8931194645654,39.417972561144246,39.873725184965274,54584900
2024-06-12,39.573123931884766,40.06766512531622,39.514941091859605,40.0191812748356,46399800
2024-06-13,39.54402923583984,39.58281779445738,39.27251672367821,39.57312250434327,39497900
2024-06-14,39.41796875,39.495542161819714,39.146452560930406,39.27251351660271,29083000
2024-06-17,39.76705551147461,39.776754500086895,39.25312008743325,39.32099821139794,36076900
2024-06-18,40.01918029785156,40.01918029785156,39.67978595461143,39.71857451368126,38900300
2024-06-20,40.232513427734375,40.339176415903545,39.89311908656879,39.93190764540152,42869100
2024-06-21,40.07736587524414,40.17433358046466,39.84463820400172,40.13554501874412,42530600
2024-06-24,40.489166259765625,40.74228275962606,40.14843179577521,40.245783438707576,45252000
2024-06-25,40.18737030029297,40.537842157472035,40.070547585808995,40.411282050440235,32845400
2024-06-26,39.93425369262695,40.02187165668623,39.7395466931922,40.00240058537004,37978500
2024-06-27,39.88557815551758,39.93425397729146,39.64219533292101,39.817431262288714,25466100
2024-06-28,40.021873474121094,40.27498998527156,39.856371217281435,39.97319765048377,44045100
2024-07-01,40.1094856262207,40.45022005600224,39.94398339337913,40.18736619000216,36131100
2024-07-02,40.5767822265625,40.5767822265625,40.01213232691288,40.03160339728635,27033100
2024-07-03,40.45022201538086,40.654662683152736,40.43075094506064,40.61572425623923,21113200
2024-07-05,40.440486907958984,40.53783854239283,40.20683778610023,40.53783854239283,21421100
2024-07-08,40.333396911621094,40.74227822287971,40.28472109557507,40.4988954289229,27779300
2024-07-09,40.64493179321289,40.907785689977935,40.32366468147988,40.372344217483445,33140000
2024-07-10,40.80069732666016,40.81043100578533,40.43075438654024,40.450225458517835,28445400
2024-07-11,41.12196350097656,41.19011039447227,40.713078426275146,40.83963853436453,45836600
2024-07-12,41.25825500488281,41.43349092523975,40.96619637553024,41.073281692435515,39041200
2024-07-15,41.86184310913086,41.90078524982917,41.37507749158283,41.40428224024309,46561200
2024-07-16,42.3388786315918,42.35834598986157,41.81317082885375,41.891051403114616,52243100
2024-07-17,42.66014099121094,42.73802527729301,42.22205116631719,42.29019805977542,54773300
2024-07-18,42.144168853759766,42.94246418450225,42.046813500177144,42.51410805619272,58731300
2024-07-19,41.715816497802734,42.21231956165527,41.66714067347318,42.12470159237114,47220000
2024-07-22,41.949462890625,42.027343461676885,41.618462107768515,41.81316910598888,29071100
2024-07-23,42.027339935302734,42.24151798674687,41.95919304870265,42.056548396507615,23800400
2024-07-24,41.45296478271485,41.98840625814858,41.45296478271485,41.90078829207926,47786900
2024-07-25,41.60872650146485,42.22204850391458,41.521108542011035,41.530842220293934,44862000
2024-07-26,42.26099395751953,42.38755406748039,41.813170446860795,41.83264151867994,32636300
2024-07-29,42.20258331298828,42.387556649674906,41.98840893738487,42.358348183303235,35195700
2024-07-30,42.6893424987793,42.835373667226506,42.44595969385187,42.465430763893295,31418700
2024-07-31,42.582252502441406,42.94245797428772,42.553044043727155,42.78669314480879,38694800
2024-08-01,41.97866439819336,42.79643075657432,41.79369480672066,42.73802126122863,47060900
2024-08-02,40.94672393798828,41.647663882286786,40.6936037442672,41.5016364293494,78599800
2024-08-05,39.7590217590332,40.13869840352654,39.58378581330897,40.05108043066443,107913600
2024-08-06,40.40155029296875,40.878582279865505,39.82716665832685,39.9342556990829,57668900
2024-08-07,40.45022201538086,41.23878365157845,40.39181251814714,40.84936967262797,43912600
2024-08-08,41.10249328613281,41.151169109111834,40.65466605903501,40.71307927484618,41260500
2024-08-09,41.277732849121094,41.38481818359936,40.92726095089386,41.09275950631918,23838800
2024-08-12,41.06354522705078,41.462692859945065,40.97592727281903,41.35560383658107,20509300
2024-08-13,41.40428161621094,41.43349007815792,41.00513396438645,41.30692997965936,24922000
2024-08-14,41.910518646240234,41.988402927112986,41.47242885064831,41.50163731283905,30673000
2024-08-15,42.29994201660156,42.53358748365109,42.16364820853471,42.309675697008736,33329000
2024-08-16,42.61145782470703,42.61145782470703,42.25125234798084,42.25125234798084,25338900
2024-08-19,42.84510803222656,42.85484542426681,42.62119629375107,42.62119629375107,24458600
2024-08-20,42.70881652832031,42.83537663549606,42.621198563925894,42.79643449271473,19620400
2024-08-21,42.640663146972656,42.82563644017424,42.416751430641874,42.77695691224125,19914100
2024-08-22,42.8840446472168,42.8840446472168,42.65039926053379,42.68933768249665,24738700
2024-08-23,43.25399398803711,43.361083020360894,42.92299321254859,43.01061117411105,32762500
2024-08-26,43.39028549194336,43.623934615087265,43.292933856974045,43.400022883676385,23716300
2024-08-27,43.61419677734375,43.63366784688386,43.4000224398561,43.47790300428976,21583500
2024-08-28,43.72128677368164,43.964669577746605,43.45843289964425,43.497375039589095,24726200
2024-08-29,44.11070251464844,44.25672997470744,43.565523674737925,43.86731970082309,33726600
2024-08-30,44.529327392578125,44.56826582572766,44.0328243042144,44.23726500472768,28967700
2024-09-03,44.19831466674805,44.665609162224285,43.99387030757438,44.29566629399148,39893900
2024-09-04,44.24700164794922,44.55853139022759,44.02308987779461,44.27620640074798,32006100
2024-09-05,43.760231018066406,44.45143732355674,43.56552402270555,44.431966252647946,39523500
2024-09-06,43.117698669433594,44.00361193199553,43.02034331909735,43.76022912674525,51331300
2024-09-09,43.760231018066406,44.00361383383571,43.46817238188865,43.526581880887974,41010900
2024-09-10,43.31241226196289,43.94520542388488,42.815909183843495,43.906263277811306,59115000
2024-09-11,43.107967376708984,43.176114274722735,42.23179138207751,43.14690952235325,59397500
2024-09-12,43.205322265625,43.34161606015349,42.835379313528136,43.18585119301702,37732700
2024-09-13,43.33187484741211,43.50711077171003,43.234523206680834,43.33187484741211,32912300
2024-09-16,43.89652633666992,43.906260015601376,43.51684972498099,43.51684972498099,37063700
2024-09-17,44.13017654418945,44.27620401403913,43.945203216495024,43.99387903977825,27893300
2024-09-18,43.99387741088867,44.48064305315278,43.896525767926704,44.1496422678641,41783900
2024-09-19,44.48064804077149,44.59747448189816,44.13991353847087,44.4417096074568,46457700
2024-09-20,44.451438903808594,44.451438903808594,44.13990918564714,44.38329201006872,48699200
2024-09-23,44.397701263427734,44.622425103118424,44.31953823219437,44.4465573510443,31615300
2024-09-24,44.02642059326172,44.26091341549374,43.8700908027083,44.26091341549374,40341400
2024-09-25,43.762603759765625,44.104573936733715,43.625815688978385,44.04595260765084,32546900
2024-09-26,43.98733139038086,44.07526711887518,43.74306589202947,43.889622954722874,31445200
2024-09-27,44.114349365234375,44.397694503408744,44.01664093207458,44.08503497168863,23226100
2024-09-30,44.28044891357422,44.29999060056045,43.81145960749172,44.006872750158344,23593400
2024-10-01,44.04595947265625,44.27068329928866,43.75283787277435,44.16320587629143,32703000
2024-10-02,44.09481048583984,44.19251519802427,43.80169262209073,44.02641644187158,37709400
2024-10-03,43.860313415527344,44.016643189404554,43.64535857874776,43.92870745864889,23545700
2024-10-04,44.602882385253906,44.64196203310592,44.11435137874377,44.29022283926308,40432000
2024-10-07,44.05572891235352,44.62242297515846,43.87008846073045,44.602885013678986,26599300
2024-10-08,44.309757232666016,44.41723464179767,44.14365849287746,44.22182150948517,28763000
2024-10-09,44.72013092041016,44.80806665487233,44.22182718272586,44.30976291718803,28334300
2024-10-10,44.58333587646485,44.80805966789427,44.39769172866134,44.76897629707296,34127400
2024-10-11,45.44315719604492,45.531092935226106,44.837379730127985,44.86669040078966,52850300
2024-10-14,45.726505279541016,45.775357638829334,45.394304018305874,45.521323134212395,35850800
2024-10-15,45.82421112060547,46.302969432492326,45.76558605647415,46.039162234695205,42356800
2024-10-16,46.39090347290039,46.41044516023135,45.9121451784771,46.00008090786853,44973700
2024-10-17,46.51791763305664,46.71333075840206,46.488606968773205,46.58631166784823,45823400
2024-10-18,46.52769470214844,46.62540314540801,46.263887496141614,46.51792572142048,34279600
2024-10-21,46.15641403198242,46.55700933337567,46.06847829620361,46.44953190884645,26207400
2024-10-22,46.068477630615234,46.14664065729155,45.70696198474988,45.92191683070269,30018700
2024-10-23,46.029396057128906,46.13687348431632,45.80467222173528,46.01962334891399,20697200
2024-10-24,46.068477630615234,46.127098968823475,45.78512873862216,46.03916323431515,19617500
2024-10-25,45.560401916503906,46.332278060665146,45.45292450059399,46.25411503912794,25526500
2024-10-28,46.127098083496094,46.1661814596821,45.785127859858285,45.79489684030684,31415900
2024-10-29,45.84375,46.13687159933384,45.80467035032532,46.00985248810224,27930900
2024-10-30,46.04893493652344,46.34205280275141,45.86329076372888,45.90237413981151,28704300
2024-10-31,45.41384506225586,46.12709993388109,45.41384506225586,45.99031183893872,53417100
2024-11-01,45.57017135620117,45.921914274656245,45.45292495911474,45.56040237610887,40139900
2024-11-04,45.21842956542969,45.57994520018851,44.97416405787711,45.540861824453096,41705600
2024-11-05,45.63856887817383,45.65811056704416,45.16957952687395,45.25751526319243,35221800
2024-11-06,48.41342544555664,48.54044455990472,47.582924166256525,47.91512542341578,153473400
2024-11-07,47.63177108764648,48.30594250586582,47.54383536116608,48.30594250586582,70611400
2024-11-08,48.06167984008789,48.33525974256086,47.729478601310305,47.97374410843512,60376500
2024-11-11,48.74562454223633,48.98989005205086,48.53066970089686,48.540442408519134,63654700
2024-11-12,48.599063873291016,48.794473284913394,48.452503087378616,48.72607924540644,58512400
2024-11-13,48.628379821777344,48.98012276441814,48.55021306688116,48.6967738687135,31880700
2024-11-14,48.50135803222656,48.84333197523225,48.413422301418905,48.73585455677892,38252800
2024-11-15,48.7260856628418,48.86287375987129,48.4720511579579,48.50136182812248,40741500
2024-11-18,48.872650146484375,48.96058589079274,48.55999055054272,48.765172711530106,27141600
2024-11-19,48.55020904541016,48.73585320931346,48.28640186028102,48.481815004139165,27014700
2024-11-20,48.40364837646485,48.77492922221672,48.16915187586775,48.74561855734037,33932500
2024-11-21,49.01920318603515,49.24393074629999,48.52090316091681,48.64792227602387,50881800
2024-11-22,49.56635284423828,49.61520519685899,48.98011715839858,48.98988613804448,42050800
2024-11-25,49.88878631591797,50.07442675135205,49.69337317340039,49.83993023489181,47492500
2024-11-26,49.98649597167969,50.084200689012306,49.59566964795711,49.90833294325281,28418400
2024-11-27,50.084197998046875,50.43594092505925,50.035345642005346,50.05488732986112,31803700
2024-11-29,50.1623649597168,50.387088780206405,50.07442922759514,50.26006967220937,15178400
2024-12-02,49.664066314697266,50.308927125415146,49.53704720324187,50.240529352173034,55483600
2024-12-03,49.292781829833984,49.957184330931135,49.292781829833984,49.957184330931135,46924300
2024-12-04,49.10713577270508,49.28300723551029,48.94103701738673,49.24392758715034,41017400
2024-12-05,49.25369644165039,49.50773092772255,49.14621902274438,49.18530239820035,33599300
2024-12-06,49.24393081665039,49.410029582861775,49.107138993234095,49.24393081665039,23439400
2024-12-09,48.56975173950195,49.33186264362982,48.550210051991414,49.283006561255576,41998300
2024-12-10,48.55998229980469,48.83355846797171,48.25709173705137,48.608834654520834,38861800
2024-12-11,48.657691955566406,48.77493836424307,48.44274082752521,48.755400402127066,35035900
2024-12-12,48.4427375793457,48.82379117739158,48.4427375793457,48.78470780138792,23107300
2024-12-13,48.40364837646485,48.657682835515885,48.296170968990985,48.63814114986651,39160400
2024-12-16,48.31571960449219,48.49159107343893,48.22778387001881,48.43296600805803,35242800
2024-12-17,47.9737434387207,48.13984591938863,47.807644685248576,48.13007321201038,46103300
2024-12-18,46.5374641418457,48.16915589413219,46.49838076728662,48.06167847769258,72399500
2024-12-19,46.70356369018555,47.41681851568368,46.693794709976885,47.06507559303894,63641000
2024-12-20,47.39727783203125,47.7685624501536,46.50815152637743,46.60585996651273,56066100
2024-12-23,47.51110076904297,47.550350822746864,46.971425631433405,47.157861514981334,43033300
2024-12-24,48.070404052734375,48.09002533624054,47.52091453728458,47.609225285426675,18350500
2024-12-26,48.18815231323242,48.20777734058066,47.82509866501809,47.85453433449483,20805600
2024-12-27,47.834903717041016,48.24701801391963,47.57978587751008,47.93302509922427,33852400
2024-12-30,47.37372970581055,47.58960125982988,46.9616153678731,47.34429403684106,34819800
2024-12-31,47.422794342041016,47.65828718095828,47.2559834833077,47.49148006531615,25170500
2025-01-02,47.3050422668457,47.85453177392091,47.04011002645718,47.668099638725,35879100
2025-01-03,47.67791366577149,47.70734933576332,47.17748856045373,47.57979227040449,25198100
2025-01-06,47.530723571777344,48.099838094579674,47.4424128266215,47.88396655240072,54289900
2025-01-07,47.422794342041016,47.84471932369205,47.21673342912443,47.73678728932483,57682700
2025-01-08,47.57978820800781,47.58959884947035,47.11860945435785,47.432602384432855,36422000
2025-01-10,46.4317512512207,47.23635864981964,46.2649441348949,47.1971085954755,53128700
2025-01-13,46.76536178588867,46.784986809938104,46.15700101271863,46.196251060817495,36002800
2025-01-14,47.34429168701172,47.38354173908372,46.84386662391214,46.95179865247367,39353300
2025-01-15,48.55120468139648,48.67876548425129,48.090025908599905,48.35495815617936,61176900
2025-01-16,48.87500762939453,48.91425393644788,48.53157530526945,48.53157530526945,33830400
2025-01-17,49.28712463378906,49.37543537991856,48.79651020931205,48.973131701571056,43693100
2025-01-21,49.699241638183594,49.75811297228866,49.44412004675858,49.45393443117003,33267500
2025-01-22,49.463748931884766,49.70905615803835,49.26750240234365,49.69924551595234,37226400
2025-01-23,49.7483024597168,49.83661320419387,49.53243091919709,49.542245303633955,32048800
2025-01-24,49.895484924316406,49.944549360698275,49.53243130225455,49.581491995545456,39088700
2025-01-27,50.444976806640625,50.47441247538893,49.66980508947891,49.80717653442582,61707400
2025-01-28,50.356666564941406,50.58234876149941,50.150609395443816,50.386102233986435,39885300
2025-01-29,50.317413330078125,50.76878143775273,50.209477559614434,50.21929194406983,43612200
2025-01-30,50.7982177734375,51.06315001085552,50.4645998162916,50.77859274735939,64250500
2025-01-31,50.503849029541016,50.99446344407134,50.47440961936736,50.8570920068974,40424200
2025-02-03,50.29779052734375,50.43516571415446,49.463747480136995,49.79736544763792,77416200
2025-02-04,50.1800422668457,50.42534947678772,50.04267082817272,50.35666375745124,41742700
2025-02-05,50.70990753173828,50.71971817332937,50.18004305163488,50.39591459754909,34758600
2025-02-06,51.1318359375,51.15146096365753,50.788403594379766,51.004275139021566,34355900
2025-02-07,50.84727478027344,51.27901409341453,50.80802473096314,51.19070335401172,40601400
2025-02-10,50.444976806640625,51.00427697140511,50.22910525424341,50.93559124893166,37921500
2025-02-11,50.57253646850586,50.67065785751345,50.06229701086607,50.36647930573529,45162900
2025-02-12,50.39591217041016,50.41553719573819,49.964169099375106,50.31741206909802,45473100
2025-02-13,50.729530334472656,50.79821605187277,50.317412286981096,50.533283823433386,36372200
2025-02-14,50.82765197753906,51.04352351509175,50.77859128530187,50.79821631081493,29574300
2025-02-18,51.19070816040039,51.22014757169259,50.778593833220285,50.906154633910305,33496800
2025-02-19,51.210330963134766,51.269206040071495,50.92577744900116,51.0631488854293,31748500
2025-02-20,50.425350189208984,51.17108621409961,50.0819215876745,51.131836161612526,47078900
2025-02-21,49.797367095947266,50.53328877716816,49.699245702354304,50.444978025698,51789900
2025-02-24,50.01323699951172,50.44497635736988,49.728679727175354,50.03286202619952,56673900
2025-02-25,50.003421783447266,50.444975518855216,49.365625270605605,50.3076040774152,50132800
2025-02-26,49.895484924316406,50.356663676051035,49.7973635377346,50.01323507992374,31250500
2025-02-27,50.17023468017578,50.82765624616585,50.03286323313853,50.072109544369745,44378600
2025-02-28,51.20052719116211,51.27902356118496,50.209483850097385,50.425355418070176,63537100
2025-03-03,50.76878356933594,51.65188730976149,50.40572619106182,51.33789436964248,76100100
2025-03-04,48.98294448852539,50.31741638044651,48.70820159657381,50.25854504250898,99342400
2025-03-05,49.26750183105469,49.50299841239153,48.62970529630577,49.00256958070994,75561700
2025-03-06,48.45308303833008,49.02219384109956,48.1390900968522,48.688575872892926,55477700
2025-03-07,48.19796371459961,48.40402463345648,47.34429559850559,48.276463825229136,87351400
2025-03-10,47.11861038208008,47.69753556013392,46.56912087208439,47.38354262387669,78221400
2025-03-11,46.716304779052734,47.177483522833725,46.392497471353515,47.04992272800455,72972200
2025-03-12,46.78499221801758,47.28541728830733,46.33362784197725,47.216731567739934,60700100
2025-03-13,46.52987289428711,47.177487565175575,46.39250144643485,46.90274092637983,49986300
2025-03-14,47.60922622680664,47.68772259165667,46.726118727924,46.971425950603496,49535700
2025-03-17,48.16852569580078,48.40402227311448,47.41297901174536,47.42279339664112,43570500
2025-03-18,48.109649658203125,48.364771257139694,47.93302816450582,48.20777478975221,32714200
2025-03-19,48.6395149230957,48.89463652614343,47.94284332178041,48.13908984494994,44290700
2025-03-20,48.70819854736328,49.04181649945855,48.27645920945391,48.36476995392298,46326000
2025-03-21,48.53157806396485,48.708199556562455,48.10964935865845,48.46289234385367,53382800
2025-03-24,49.38736343383789,49.50553752517081,48.90481327947464,49.0328374031525,43158200
2025-03-25,49.66310501098633,49.74188648754764,49.31842900724304,49.56462722611301,24873700
2025-03-26,49.51538848876953,50.135809101208174,49.32827918005368,49.810829380103065,39729200
2025-03-27,49.41690826416016,49.68280279926267,49.03283963235213,49.42675454026612,32299800
2025-03-28,48.46165466308594,49.53507900692204,48.27454537624718,49.269184489822834,45365400
2025-03-31,49.05253601074219,49.29873423729477,47.84124118690594,47.97911159270549,38042300
2025-04-01,48.99345016479492,49.21010581992483,48.45181478365721,48.86542602706479,37959100
2025-04-02,49.397212982177734,49.56462973295387,48.52074787974133,48.59952936028719,41792100
2025-04-03,46.96477508544922,47.910179185663296,46.876143568450615,47.46702160067029,101160600
2025-04-04,43.5278434753418,45.70423470993727,43.41951566387285,45.36940500025439,128135300
2025-04-07,43.41952133178711,44.95579968676123,41.56810953323168,42.188530143832935,179993200
2025-04-08,43.25210189819336,45.51712854910803,42.582446189569346,45.10351358209291,98804200
2025-04-09,46.51176834106445,46.8859906959414,42.4150300163337,42.58244676326028,177242900
2025-04-10,45.21184539794922,45.891351199283314,43.86268007210309,45.8224159914677,93318200
2025-04-11,45.96028137207031,46.255722237984976,44.68005139429121,44.90655330325557,63647400
2025-04-14,46.432987213134766,46.8958373263272,46.157242643764214,46.62994278980211,52008900
2025-04-15,46.55116271972656,47.17158332373392,46.51177010052582,46.69887940669893,41840100
2025-04-16,45.82240676879883,46.6200902715704,45.477730799093635,46.452673545794795,47934300
2025-04-17,45.94058990478515,46.49207151990932,45.72393426645109,45.79286946834161,61866600
2025-04-21,44.95579528808594,45.84210660268011,44.45354882879795,45.704236204189016,43082300
2025-04-22,46.44283676147461,46.561010867138464,45.4974364027896,45.63530681884527,38154800
2025-04-23,46.99431610107422,47.98895522868375,46.836749395016675,47.309449513189314,50290900
2025-04-24,47.51625442504883,47.60488593072053,46.63978940045456,46.82689868723413,26817900
2025-04-25,47.289756774902344,47.49656238783437,46.97462333900014,47.279906741894024,28113000
2025-04-28,47.437469482421875,47.83138812261472,47.1026435219505,47.48671212996091,33922800
2025-04-29,47.92986679077149,48.01849829861977,47.230664760349846,47.44732039213156,42475300
2025-04-30,48.01850128173828,48.18591803215753,46.777663851462755,47.41778075421016,33759900
2025-05-01,48.00865173339844,48.32378514680582,47.70336459560965,47.84123875107616,34420200
2025-05-02,49.003292083740234,49.18055510277603,48.57983460125106,48.73740131187324,35032100
2025-05-05,48.68815994262695,49.072232331760524,48.35333020416548,48.58968215465638,24139900
2025-05-06,48.41241455078125,48.806333178769485,48.225305268664385,48.25484785092324,28949100
2025-05-07,48.69801330566406,48.96390785939205,48.51090023636266,48.5699891671979,30070100
2025-05-08,49.101776123046875,49.60401886473376,48.97375199019064,49.08207981363154,31294200
2025-05-09,49.101776123046875,49.27903915109799,48.96390571382643,49.20025391343665,22075000
2025-05-12,50.09640884399414,50.421392272240695,49.781275447523406,50.332760769690395,44274100
2025-05-13,50.303226470947266,50.53957467887553,50.135809713368296,50.22444123051315,33986100
2025-05-14,50.16534805297851,50.39184996501943,50.01763137470142,50.33276479638328,38764200
2025-05-15,50.50017547607422,50.57896070623885,50.05702170480106,50.096410563196834,34742500
2025-05-16,50.80546569824219,50.88424717651226,50.38200445206605,50.49033227178833,53401000
2025-05-19,50.83500671386719,50.98272714650816,50.460788129433595,50.5395696052719,26348400
2025-05-20,50.55926513671875,50.736528150490166,50.33276323171896,50.59865775237608,26903000
2025-05-21,49.52523422241211,50.39184924124676,49.48584160609599,50.244132565091306,40022000
2025-05-22,49.46614456176758,49.7517353907792,49.21010007289666,49.41690567044855,33662800
2025-05-23,49.28888320922851,49.52523515488868,48.81618307459493,48.83587938312384,33645600
2025-05-27,50.15550231933594,50.1850449039734,49.495689127834154,49.67295214903244,38636400
2025-05-28,49.82067108154297,50.2441323131008,49.741885849305866,50.11610818905882,31730200
2025-05-29,50.076717376708984,50.086567409436746,49.59417096027859,49.98808586559305,34098400
2025-05-30,50.18504333496094,50.273674842789056,49.69264690406842,49.90930253580085,37953200
2025-06-02,50.204742431640625,50.22443874077276,49.52523667167273,49.84037010441322,30142300
2025-06-03,50.303226470947266,50.35246536787506,49.643413230716206,50.04717819622344,33705400
2025-06-04,50.01763153076172,50.43124273925215,50.00778149816715,50.372157570431646,24600500
2025-06-05,49.879764556884766,50.10626648520313,49.68280521500755,50.02748124577744,42014400
2025-06-06,50.50017547607422,50.65774217971694,50.27367357438072,50.39184766294112,34982800
2025-06-09,50.22443771362305,50.57896375737732,49.91915056334869,50.559267448648,28322100
2025-06-10,50.28352737426758,50.30322368328459,50.10626434980128,50.21459217105144,27728600
2025-06-11,50.22443771362305,50.559267448648,50.03732841572463,50.33276553329094,39368400
2025-06-12,50.22443771362305,50.234283989644325,49.73204126545027,49.92900059605673,25500900
2025-06-13,49.20024871826172,49.69264513159105,49.05253204827482,49.58431731958875,54921900
2025-06-16,49.76158142089844,50.106261171804576,49.54492954882611,49.5547758243667,35632400
2025-06-17,49.47599792480469,49.71234612172181,49.32827748421634,49.50554051024761,31130700
2025-06-18,49.456302642822266,49.99793800841788,49.38736743756575,49.456302642822266,45728200
2025-06-20,49.59416961669922,49.81082525059905,49.45629921573994,49.60401589247345,44456100
2025-06-23,50.21868896484375,50.238452773848465,49.25028494097935,49.60602596394201,43022700
2025-06-24,50.96969985961914,51.15745039535616,50.6732464869506,50.71277410591457,41225000
2025-06-25,50.80171203613281,50.9894625817461,50.6930129630446,50.979582561266,33123900
2025-06-26,51.177215576171875,51.21674319619502,50.80171072507468,50.83135455531137,37866000
2025-06-27,51.325435638427734,51.612005213293486,51.08827747061968,51.137685108116266,38954100
2025-06-30,51.75035095214844,51.81952240236,51.52307279151596,51.56260041151152,42472900
2025-07-01,52.03691864013672,52.14561770636945,51.592242355348795,51.62188995404211,33844800
2025-07-02,51.99739456176758,52.13573746655136,51.72070875220002,52.125857446021705,40791100
2025-07-03,52.56064987182617,52.63970511416,52.07644970599649,52.12585734767442,25904800
2025-07-07,52.05668640136719,52.61994181500514,51.79976063084654,52.50136271991333,34049000
2025-07-08,51.592247009277344,51.97763190100383,51.56260317747116,51.93810804844942,53715000
2025-07-09,51.779998779296875,51.87881406015836,51.52307301775889,51.85905025007379,36634900
2025-07-10,52.08633041381836,52.13573805614825,51.66141790457064,51.66141790457064,27992600
2025-07-11,51.5428352355957,51.78987719967919,51.46378376726082,51.740469560774734,30289900
2025-07-14,51.928218841552734,51.95786643982792,51.40449109661161,51.53295397030776,27636500
2025-07-15,51.038875579833984,51.82940917747264,51.038875579833984,51.72071010100454,47704600
2025-07-16,51.39461135864258,51.444022769809166,50.72266064760179,51.3155598859866,46726500
2025-07-17,51.888694763183594,51.97763002495369,51.19698024892881,51.25626791040128,48213900
2025-07-18,51.91834259033203,52.0270416629217,51.809643517742366,51.957870211193985,29791300
2025-07-21,51.77011489868164,52.31360648158931,51.75035108863174,51.947985419569434,36871400
2025-07-22,52.05668640136719,52.12585785430087,51.849172042566146,51.87881587394873,32289100
2025-07-23,52.471710205078125,52.471710205078125,51.93810244235573,52.17526061032988,32111300
2025-07-24,52.44206619262695,52.807687232549334,52.38277476606071,52.49147382998493,32371900
2025-07-25,52.80768966674805,52.857101075944776,52.3630171404677,52.471712439841184,28964700
2025-07-28,52.44206619262695,52.807687232549334,52.33336712870273,52.7483995755442,29119300
2025-07-29,52.175262451171875,52.6693463830382,52.056683363001106,52.61993874376382,37883200
2025-07-30,52.076446533203125,52.40253996405912,51.819520780832995,52.15549800115926,37260100
2025-07-31,51.75035095214844,52.36301775339562,51.651535671720865,51.85905002235556,46179400
2025-08-01,50.79183197021485,51.14756925060155,50.445970940737986,51.10804539915509,63060800
2025-08-04,51.29579162597656,51.29579162597656,50.88076294901955,50.98945824329798,40053100
2025-08-05,51.08828353881836,51.47366843445279,50.752306286549086,51.43414081193604,33551000
2025-08-06,51.335323333740234,51.41437480583753,51.04875373706956,51.19698043039891,34198700
2025-08-07,50.76218032836914,51.63176907350529,50.61395741573211,51.56259762702912,43119400
2025-08-08,51.23650741577149,51.35509028551317,50.89065013626232,51.05863688072059,39484400
2025-08-11,51.21674346923828,51.41437403128494,51.10804439837582,51.34520258065634,29351200
2025-08-12,51.83928680419922,51.92822206542392,51.4242580981915,51.43413811852253,37510000
2025-08-13,52.135738372802734,52.28396507025416,51.86893634868856,52.03692308754278,41154900
2025-08-14,52.382781982421875,52.42230960557811,51.90846181323194,52.086332347873366,35841500
2025-08-15,51.83928680419922,52.53100508377344,51.79975918375238,52.50136125321899,46108500
2025-08-18,51.87881088256836,51.938102309190434,51.67129654373275,51.77011181854177,25405100
2025-08-19,51.977630615234375,52.24443640357464,51.829407690308514,51.829407690308514,24870800
2025-08-20,52.24443435668945,52.38277725569136,51.88869331950669,52.01715619839186,39138800
2025-08-21,52.076446533203125,52.175261810538586,51.73058552340659,52.09621034258246,29037000
2025-08-22,52.936153411865234,53.04485248257909,52.32349037732324,52.34325418741315,47249800
2025-08-25,52.62982177734375,52.94603897984094,52.61006173615155,52.83733990547651,24756500
2025-08-26,53.034969329833984,53.05473314016131,52.471713928970026,52.471713928970026,27907000
2025-08-27,53.1436653137207,53.30177201759049,52.87685954414773,52.90650714269661,39530100
2025-08-28,53.21283721923828,53.2721286472854,53.06461430346229,53.25236483793636,28837300
2025-08-29,53.3511848449707,53.49940776341462,53.163430537555975,53.26224958607985,36062400
2025-09-02,52.95591735839844,53.064616429392366,52.49147724399214,53.064616429392366,38733100
2025-09-03,52.866981506347656,52.96579678638547,52.50136044673419,52.866981506347656,36420100
2025-09-04,53.42036056518555,53.440124376470465,52.936156612608976,53.05473571075692,32730000
2025-09-05,52.44206619262695,53.60810452816859,52.24443187363392,53.46976163574181,58377100
2025-09-08,52.481597900390625,52.54088556201623,52.21479211439121,52.46183408999496,49490900
2025-09-09,52.70887756347656,52.95591954610074,52.3333726944106,52.353136505367914,38884500
2025-09-10,52.531005859375,52.76816781599628,52.303727692792044,52.540885879851906,32915900
2025-09-11,53.39070892333984,53.43023654291858,52.55076773987878,52.560647759992825,36635400
2025-09-12,53.163429260253906,53.43023503051621,53.07449400349981,53.32153596453218,25705900
2025-09-15,53.04484939575195,53.44999805511512,52.98555796893254,53.25236373527821,31922000
2025-09-16,52.92627716064453,53.034972469537585,52.639707548275275,52.97568480460712,28482500
2025-09-17,53.44012069702149,53.687162666731325,53.01520820755566,53.0349682479185,47976100
2025-09-18,53.48952865600586,53.85514971787943,53.35118575527323,53.469764845963866,36609100
2025-09-19,53.60810852050781,53.76621523356464,53.282011304449824,53.61798854089076,46731400
2025-09-22,53.53672409057617,53.596210701075,53.17981199152375,53.23929860202258,32393000
2025-09-23,53.29878234863281,54.022522885272494,53.16990036328741,53.487154727472046,28698900
2025-09-24,53.15007400512695,53.49706980049028,53.04101710316404,53.36818780905277,23893400
2025-09-25,53.01127624511719,53.24921514102278,52.78324989405326,53.01127624511719,24757500
2025-09-26,53.397926330566406,53.63586521106831,53.1798125384644,53.24921169377498,30686100
2025-09-29,53.66561126708984,53.68544013777762,53.27895774360407,53.57638323998002,20713800
2025-09-30,53.407840728759766,53.774669170387234,52.96170058486855,53.596213112830746,32442200
2025-10-01,52.93195724487305,53.298781891193805,52.9121283745354,53.15007103661689,33210100
2025-10-02,52.892303466796875,53.021189242662345,52.60479428028703,52.85264950512108,32443400
2025-10-03,53.259132385253906,53.50698761224117,52.9220491252724,52.96170308729269,32111600
2025-10-06,53.23929977416992,53.606124425396565,52.842729926053835,53.46732611314704,32001300
2025-10-07,53.30870056152344,53.586297194516845,53.06084534435919,53.417757462190984,31250500
2025-10-08,53.050926208496094,53.487153788066166,52.88238648509513,53.467324917906595,26848700
2025-10-09,52.8625602722168,53.34835816062063,52.73367450068591,53.16990210218415,33922400
2025-10-10,51.7125129699707,53.21947316200309,51.7125129699707,53.00135935808627,73596200
2025-10-13,52.208221435546875,52.36684861913118,51.89096706837825,52.099164537713214,39651900
2025-10-14,52.78324890136719,53.18973130770094,51.80174057379666,52.00002550463591,62588700
2025-10-15,52.78324890136719,53.29878442679056,52.40650791096966,52.97161750558071,39526600
2025-10-16,51.315940856933594,52.66427380031316,51.09783084454244,52.6345323854349,85420100
2025-10-17,51.73233795166016,51.910793999270254,51.286197832634905,51.45474133625344,52288900
2025-10-20,52.33710479736328,52.44616169018198,51.84139439871117,51.91079355196485,39479600
2025-10-21,52.27762222290039,52.67419208521817,52.20822306429036,52.20822306429036,31213600
2025-10-22,51.980194091796875,52.36684760794432,51.67285227492491,52.32718986732143,53727500
2025-10-23,52.08925247192383,52.22805078608902,51.84139725892302,52.13882275812991,29483700
2025-10-24,52.65436172485352,52.822901453291486,52.35693622751155,52.39659018704552,31947800
2025-10-27,52.87247467041016,52.97161524060546,52.743588903580005,52.91212862930608,27154100
2025-10-28,52.53539276123047,52.9418751604298,52.48581869291289,52.8724760031497,33648000
2025-10-29,51.64311218261719,52.12891006275934,51.42499838557739,52.00002429342033,61846300
2025-10-30,51.78190994262695,52.36684838863894,51.57371247420838,51.57371247420838,48568700
2025-10-31,51.92070770263672,52.049593469226494,51.49439644404543,51.56379559944677,40425800
2025-11-03,51.702598571777344,51.89096717078973,51.20688814935175,51.881054626408186,38693200
2025-11-04,51.97027587890625,52.08924909645568,51.395253788631344,51.504310680399904,44675200
2025-11-05,52.14873504638672,52.36684884298642,51.73234010593682,52.03968193005726,38036300
2025-11-06,51.96036911010742,52.2478820781849,51.722426430533154,52.05950968711385,42625700
2025-11-07,52.32719039916992,52.34701926968291,51.643111385338464,51.83147998225631,46218700
2025-11-10,52.51556396484375,52.69402002152316,52.19830959340712,52.475906222921566,42010600
2025-11-11,52.75350189208984,52.88238766000544,52.42633498211376,52.61470357985936,29995800
2025-11-12,53.20955657958984,53.42767038245849,52.763420211133806,52.763420211133806,46052700
2025-11-13,52.52547836303711,53.29878544795869,52.426337786703264,53.11041684013616,50455300
2025-11-14,52.000022888183594,52.35693498934163,51.82156683760458,52.35693498934163,46154600
2025-11-17,51.00860595703125,52.03968459859462,50.81032102104282,52.01985572679872,70048500
2025-11-18,50.92928695678711,51.30602793098078,50.71117694601841,50.84005893084572,66043600
2025-11-19,51.11766052246094,51.20688855047531,50.75083208397381,50.93920446643217,46003900
2025-11-20,50.6715202331543,51.94053771053656,50.6417788178939,51.5836255995302,70096400
2025-11-21,51.226715087890625,51.52414437766234,50.70126323137617,51.01851761062685,68942900
2025-11-24,51.444828033447266,51.52414351792172,50.889634770007895,51.29611717301334,43789100
2025-11-25,52.08925247192383,52.208221915212505,51.464656276210064,51.6629412030048,50989800
2025-11-26,52.49573516845703,52.69402009637921,52.14873559910061,52.21813475657781,35268500
2025-11-28,52.87247467041016,53.090584681233885,52.5750453958836,52.644444551414374,16136100
2025-12-01,52.436248779296875,52.94187553675506,52.38667849259736,52.61470483699148,29296300
2025-12-02,52.38667678833008,52.68410228082162,52.188391866012275,52.53539142556101,29771500
2025-12-03,53.0905876159668,53.140157903804585,52.426337438605245,52.48582027122238,32018000
2025-12-04,53.19964218139648,53.44749739166799,53.011273583099474,53.130243025078094,33678700
2025-12-05,53.2194709777832,53.46732618770881,52.99144463848809,53.08067266534013,28532300
2025-12-08,53.02118682861328,53.24921317124212,52.82290190137982,53.23930062676713,31164200
2025-12-09,52.82290267944336,53.48715662816413,52.7931612636099,53.04101648080995,46335400
2025-12-10,53.42766952514648,53.616041908954195,52.75350303797987,52.822902195602566,45437500
2025-12-11,54.399261474609375,54.50831837421511,53.467327228654774,53.49706864419436,51786500
2025-12-12,54.47857666015625,54.73634441801789,54.24063399123207,54.686774131733394,64428900
2025-12-15,54.51823425292969,54.83548862264767,54.349690741658655,54.706602853083986,35356800
2025-12-16,54.171234130859375,54.68677342186103,54.01260694762582,54.56780397992845,37342300
2025-12-17,54.16132354736328,54.59754737155591,54.1117532599276,54.32986328103867,41112400
2025-12-18,54.07209396362305,54.547975516879674,53.89363790840552,54.30012030485203,35021600
2025-12-19,54.3695182800293,54.54797433136838,54.091921658821974,54.091921658821974,46595300
2025-12-22,55.03709030151367,55.156475552537906,54.460058425572626,54.47000561516269,37987800
2025-12-23,55.14652633666992,55.27586256772064,55.02714109003232,55.02714109003232,24732900
2025-12-24,55.44499206542969,55.60417366139419,55.12662887350067,55.22611594778276,15685800
2025-12-26,55.33555221557617,55.514631979638594,55.15647245151375,55.42509209760738,20410100
2025-12-29,55.03709030151367,55.39524984977507,54.9773957784072,55.30570996270972,34223800
2025-12-30,54.897804260253906,55.116680372692855,54.85800791341255,55.116680372692855,16160900
2025-12-31,54.48990249633789,54.977394473644075,54.470004322441305,54.93760192103952,22996200
2026-01-02,54.64908218383789,54.71872389244957,54.06209935754771,54.54959511301792,36087100
2026-01-05,55.84294891357422,56.22100283850052,54.53964696500259,54.53964696500259,58044100
2026-01-06,56.111568450927734,56.23095370089799,55.70366536793972,55.75340890582827,38950800
2026-01-07,55.32560729980469,56.051873574926546,55.25596558816208,55.94243551514856,44720900
2026-01-08,55.6141242980957,55.96233285109374,55.126628528709865,55.16642487624924,35358300
2026-01-09,55.44499206542969,55.87279331618216,55.43504487607692,55.693713546323515,29544900
2026-01-12,55.00724411010742,55.07688582175636,54.5595446815152,54.74857164239251,42021600
2026-01-13,53.95266342163086,54.94754934966061,53.87307452088657,54.86796044891632,77045100
2026-01-14,53.87307357788086,53.90291894073897,53.41542317465463,53.77358270970622,59754600
2026-01-15,54.09194564819336,54.42025981887373,53.93276405503612,53.942715039402,48490800
2026-01-16,54.16158676147461,54.4799499442827,54.01235615432685,54.09194505243462,44363200
2026-01-20,52.92793273925781,53.83327879237508,52.828441868196826,53.33583582263617,57030800
2026-01-21,53.18659973144531,53.554710249945295,52.967727412411016,53.09705984791674,49360300
2026-01-22,53.534812927246094,53.773583423658266,53.36568034669791,53.37563133124177,46919300
2026-01-23,52.7985954284668,53.23634386664805,52.609568470086195,53.21644948802996,47057500
2026-01-26,53.13685607910156,53.276139498688984,52.81849289284788,52.82844008202332,31072700
2026-01-27,52.72895431518555,53.15675556890498,52.569772718117065,53.04731750932252,38633700
2026-01-28,52.7190055847168,52.937877902295135,52.49017848763042,52.659311064365326,45450800
2026-01-29,53.27614212036133,53.35573481843571,52.719008414595585,53.04731880618058,51975400
2026-01-30,53.16670227050781,53.385578387664474,52.74885200523266,53.10701154414771,42767000
2026-02-02,53.753684997558594,53.81337951897587,52.92793165815687,53.17665313794596,48031500
2026-02-03,53.25624084472656,53.892967211490046,52.888134125539274,53.445271594051576,66887100
2026-02-04,53.684043884277344,53.90292000338795,53.12691019227019,53.23634445663685,59506400
2026-02-05,53.01747131347656,53.783533923337664,52.90803325561232,53.66414488101927,64475000
2026-02-06,53.98250961303711,54.07204949974077,53.55471214899596,53.55471214899596,53073800
2026-02-09,53.66414642333984,54.11184585692937,53.62435386994531,53.80343364338112,31699900
2026-02-10,53.27614212036133,53.98251023742216,52.84834085618336,53.425376531656426,57920800
2026-02-11,52.47028350830078,53.65419635112882,52.42053617765017,53.395523894424166,60339900
2026-02-12,51.42565155029297,52.83839152227268,51.166982882425785,52.62946639108896,94645100
2026-02-13,51.385860443115234,51.664427292527286,50.98790454807914,51.28636957176187,56449300
2026-02-17,51.93304443359375,52.14196956051971,51.554986731164504,51.554986731164504,54064700
2026-02-18,52.32105255126953,52.51007951654557,52.012636538798255,52.08227825206778,45224000
2026-02-19,51.88330078125,52.112124080966986,51.47539771737391,51.873349797025334,47344400
2026-02-20,52.22156524658203,52.23151243621066,51.455502608761634,51.77386580951963,52934100
2026-02-23,50.47056198120117,52.20166514210968,50.381022097099205,51.92309450535435,94600400
2026-02-24,50.71928405761719,50.91826200187673,49.983070597602115,50.19199573123974,64114100
2026-02-25,51.604732513427734,51.624630687599584,50.90831159816759,50.9779571053634,47652800
2026-02-26,52.23151016235352,52.39069175580267,51.71416903484663,51.80370891836106,60884300
2026-02-27,51.16698455810547,51.793763767371736,50.749130486865056,51.614683993295664,81998700
2026-03-02,51.03764724731445,51.36596142460141,50.20194291762512,50.35117732460803,70107200
2026-03-03,50.9481086730957,51.28637004846388,49.82389028026831,50.03281541926928,94738700
2026-03-04,51.23662567138672,51.38586007976719,50.818775400223245,51.06749688406493,51472400
2026-03-05,50.9680061340332,51.554988989096245,50.64964293757752,50.97795711871607,58430700
2026-03-06,50.31138229370117,50.36112583226805,49.495576116600446,50.18204605727631,75632700
2026-03-09,50.072608947753906,50.26163590165199,48.92848864972672,49.66470208717274,78178700
2026-03-10,49.80398941040039,50.43076479348199,49.495573415812885,50.072609058230434,70834200
2026-03-11,49.38613510131836,49.86367987434262,48.96828484811781,49.72439645660911,56301200
2026-03-12,48.58028030395508,48.96828519760722,48.54048395712191,48.7295109117967,67871700
2026-03-13,48.63997268676758,49.20705736530791,48.60017633857806,48.85884880662127,47595200
2026-03-16,49.047874450683594,49.49557386782221,48.8588474946422,48.99813091437676,45720100
2026-03-17,49.306549072265625,49.9333244885348,49.25680173859044,49.44583249810322,46974000
2026-03-18,48.71956634521485,49.4557798253157,48.66981901140126,49.117518449402446,49239100
2026-03-19,48.739463806152344,48.92849076823492,48.271866200509145,48.52058768518086,58374000
2026-03-20,48.829002380371094,49.08767104759605,48.5404845550593,48.70961333840089,82914000
2026-03-23,49.27000045776367,49.86000061035156,49.220001220703125,49.70000076293945,81044800
2026-03-24,49.279998779296875,49.59000015258789,48.779998779296875,48.79999923706055,43296400
2026-03-25,49.34000015258789,49.95000076293945,48.9900016784668,49.59000015258789,40438800
2026-03-26,49.04999923706055,49.4900016784668,48.880001068115234,49.11000061035156,45035700
2026-03-27,47.810001373291016,48.84000015258789,47.66999816894531,48.790000915527344,64823900
2026-03-30,48.36000061035156,48.720001220703125,48.09000015258789,48.22999954223633,58128900
2026-03-31,49.369998931884766,49.459999084472656,48.5099983215332,48.91999816894531,85361900
2026-04-01,49.439998626708984,49.849998474121094,49.13999938964844,49.79999923706055,61558300
2026-04-02,49.529998779296875,49.810001373291016,48.599998474121094,48.83000183105469,39519800
2026-04-06,49.880001068115234,50.0099983215332,49.45000076293945,49.5099983215332,27345800
2026-04-07,49.880001068115234,50.02000045776367,49.5,49.619998931884766,31750000
2026-04-08,51.20000076293945,51.47999954223633,50.959999084472656,51.189998626708984,48175400
2026-04-09,51.33000183105469,51.540000915527344,50.79999923706055,50.939998626708984,30330500
2026-04-10,50.77000045776367,51.290000915527344,50.63999938964844,51.22999954223633,35427500
2026-04-13,51.65999984741211,51.66999816894531,50.41999816894531,50.5,33635900
2026-04-14,51.779998779296875,51.90999984741211,51.439998626708984,51.5099983215332,36498400
2026-04-15,52.16999816894531,52.33000183105469,51.81999969482422,52.06999969482422,33804700
2026-04-16,52.029998779296875,52.40999984741211,51.91999816894531,52.09000015258789,25432000
2026-04-17,52.43000030517578,52.97999954223633,52.29999923706055,52.369998931884766,45183400
2026-04-20,52.630001068115234,52.7599983215332,52.2599983215332,52.34000015258789,26160600
2026-04-21,52.29999923706055,53.189998626708984,52.20000076293945,52.709999084472656,34150100
2026-04-22,52.209999084472656,52.64500045776367,52.06999969482422,52.47999954223633,31580771
