Date,Close,High,Low,Open,Volume
2016-04-25,60.57905197143555,60.77367951754579,60.38443088127602,60.587515722818786,8937500
2016-04-26,60.350616455078125,60.69755944250127,60.17291631125933,60.69755944250127,7433500
2016-04-27,60.28289794921875,60.53675889666226,60.02904345772731,60.39290737255524,9121200
2016-04-28,59.99518585205078,60.579055613583634,59.66517054372101,59.93595250070829,19512000
2016-04-29,59.055931091308594,59.5721103940454,58.700530853476074,59.45364364810123,13577900
2016-05-02,59.39440155029297,59.41978635555871,58.92052818017321,59.16592539099625,9074800
2016-05-03,59.20823669433594,59.572100627497505,58.97976053893437,59.18285188950296,9436800
2016-05-04,58.64128112792969,58.937447910201726,58.48050210785988,58.83590224658632,11802000
2016-05-05,58.886688232421875,58.97131287028606,58.52283069580107,58.64975474069045,10145200
2016-05-06,58.53973007202149,58.84436057885551,58.057399512192795,58.67511782175268,14164300
2016-05-09,59.20823669433594,59.39440053771428,58.51435738644091,58.53974219127389,13606600
2016-05-10,59.70746994018555,59.71593369116318,59.284372774609515,59.445151763432534,11073000
2016-05-11,58.988224029541016,59.76672150205929,58.97976027598362,59.61440621778812,8452500
2016-05-12,58.64128112792969,59.29284804892817,58.30280203849665,59.11514797956495,11322900
2016-05-13,58.50590133666992,58.95438349697987,58.45513172031883,58.5735984624402,11947300
2016-05-16,59.301300048828125,59.42823048920357,58.48895426875587,58.51433906564088,8338100
2016-05-17,58.68359375,59.343624499774776,58.472045101690014,59.19130921475349,14920000
2016-05-18,58.92897415161133,59.22514088359512,58.53126177325428,58.59049511965104,11515200
2016-05-19,58.42974090576172,58.861295512290106,58.057413208252434,58.5905134929977,8765700
2016-05-20,58.97130584716797,59.174390750758256,58.624362949913234,58.649747755867935,7925700
2016-05-23,58.73435974121094,58.99667795421633,58.68358368427829,58.886668544155,5061400
2016-05-24,59.580570220947266,59.67364569580693,58.95438151257947,59.03054239049578,11936400
2016-05-25,59.95288848876953,60.071355220976365,59.73287607640567,59.74133983040693,8949200
2016-05-26,59.96134567260742,60.07981239183347,59.76671808762063,59.97826672280314,5257700
2016-05-27,60.232120513916016,60.367508267258415,59.91902624688792,59.91902624688792,9641300
2016-05-31,60.37596893310547,60.51982043116331,60.11365073594695,60.418281235334675,7669800
2016-06-01,60.59599304199219,60.73138081468456,60.13904720424514,60.189816812010754,9301700
2016-06-02,61.37446975708008,61.37446975708008,60.46904214070985,60.54520298258397,12473100
2016-06-03,61.17138671875,61.39139904440538,60.68059247534574,61.18830776413111,13896000
2016-06-06,61.50139999389648,61.61140292519803,61.02753326712065,61.17984849443431,9117600
2016-06-07,61.12063980102539,61.306797193078395,60.96832451228925,61.24756382834504,6439100
2016-06-08,61.3321647644043,61.442167697575904,60.93445241654914,61.06984014537958,4621300
2016-06-09,61.23064804077149,61.628360576438446,61.05294793129429,61.19679947859205,9608500
2016-06-10,60.73984146118164,60.90908423833071,60.460595720849554,60.8752356829009,10270900
2016-06-13,60.25750350952149,60.97676747098681,60.240582461842166,60.5198217122327,8538400
2016-06-14,60.350616455078125,60.37600126763019,59.85982189255705,60.1136829299864,8000500
2016-06-15,59.93595504760742,60.63829799762151,59.88517899004827,60.51136753765067,7861100
2016-06-16,60.14754104614258,60.24908031246852,59.46211871866554,59.75829212799724,9341200
2016-06-17,59.52305603027344,60.262211383340414,59.30216439257368,60.23672438529372,10799100
2016-06-20,59.89686965942383,60.32167015346229,59.820408681828646,60.03280892884788,7983700
2016-06-21,59.692989349365234,60.16026617673671,59.55705002958504,60.10079434481876,7014900
2016-06-22,59.862884521484375,60.53407007630369,59.64198645082383,59.6929669175554,11207600
2016-06-23,60.644500732421875,60.6529985550794,60.10925457990818,60.38962439015132,7626900
2016-06-24,58.8858528137207,59.81192142495768,58.66496118478977,58.91983763708137,22576500
2016-06-27,58.09572219848633,58.69044687110276,57.84933709608065,58.4865379354926,18241500
2016-06-28,59.22569274902344,59.276666741530015,58.495035274032894,58.50353310009801,13652400
2016-06-29,60.35566329956055,60.52558092784715,59.641995000484314,59.641995000484314,8968400
2016-06-30,60.92488479614258,60.95886961278402,60.17723827585388,60.47459731904024,9535200
2016-07-01,61.307220458984375,61.45165109496322,60.86542424288861,61.06083535422754,6793100
2016-07-05,61.24774169921875,61.4941268021324,60.9418912590572,60.9418912590572,8359800
2016-07-06,61.935909271240234,62.06335070749433,61.08630833880056,61.1542779690615,18791500
2016-07-07,61.84248733520508,62.318262049994125,61.562117314585386,62.309764220960226,8022400
2016-07-08,62.60711288452149,62.62410205602769,61.816983529659865,62.148327470542874,11013200
2016-07-11,62.43718338012695,62.95544057263786,62.37771156206548,62.79402077043786,7375100
2016-07-12,62.7430419921875,62.836498634801686,62.52214388401376,62.5731243594029,10237200
2016-07-13,62.717567443847656,63.02342442912117,62.658095612374666,62.93846559586597,6401900
2016-07-14,62.989410400390625,63.431206499630576,62.76002100874178,63.13384099816733,4813200
2016-07-15,62.938453674316406,63.40573040968207,62.861986201510454,63.22731494905784,7131300
2016-07-18,62.96392059326172,63.08286419574899,62.734524729936126,62.95542276967257,3954300
2016-07-19,62.8279914855957,63.1933201756198,62.64108471004444,63.04039173602968,6634700
2016-07-20,63.39723587036133,63.50768167891251,63.03190714122502,63.11686595410608,6855000
2016-07-21,63.584129333496094,63.71157076706652,63.33775077238466,63.39722257712545,9230800
2016-07-22,63.71158599853515,63.78805346973464,63.38873990732273,63.57565319031912,5446500
2016-07-25,63.643592834472656,63.77952557861141,63.25277080046847,63.72855160980176,5868400
2016-07-26,63.533172607421875,63.62662925195879,63.27829615300129,63.39723979478603,6904200
2016-07-27,63.822017669677734,63.92396562241212,63.28676499006209,63.40570858954556,7983100
2016-07-28,63.76256561279297,63.92398541524964,63.44821087000128,63.72008296470635,5470100
2016-07-29,63.88999938964844,64.00894302371994,63.49069232208949,63.64362077760169,4889200
2016-08-01,64.29780578613281,64.56967785466426,63.94946625479551,63.94946625479551,9255100
2016-08-02,64.05142211914062,64.34878118782983,63.66060641715745,64.34878118782983,12149300
2016-08-03,63.87299346923828,64.05140887355618,63.745552042742574,64.00892623741088,9761200
2016-08-04,63.77955627441406,64.01744355260149,63.694597458196014,63.9154955659167,8415500
2016-08-05,63.932464599609375,64.05990602476739,63.575633794719046,64.05990602476739,8244400
2016-08-08,63.38875961303711,63.88152997013514,63.167861438830386,63.88152997013514,6655500
2016-08-09,63.54164505004883,63.76254307452233,63.36322965864554,63.728558264454115,11261100
2016-08-10,63.32929229736328,63.51620565181137,63.15936811970838,63.51620565181137,7031600
2016-08-11,63.69459533691406,63.76256498040172,63.38024059724012,63.499184232372535,6599800
2016-08-12,63.533172607421875,63.601142254710965,63.30378315024912,63.57565525746314,6211900
2016-08-15,63.643592834472656,63.78802340072604,63.53314059279967,63.53314059279967,4122500
2016-08-16,63.07439804077149,63.55867051745493,63.07439804077149,63.55017917154261,6042300
2016-08-17,63.20182418823242,63.252798179105895,62.81100846700479,62.93844992613034,7296300
2016-08-18,63.22732925415039,63.36326857792051,63.031924578660515,63.19334442320787,4180100
2016-08-19,63.17633819580078,63.21882084349772,62.904466103589506,63.099870726334686,4323500
2016-08-22,63.30378723144531,63.541674530351386,63.13386310226758,63.201832753938675,4090200
2016-08-23,63.363258361816406,63.72008930626525,63.32927353635328,63.52467818033793,8557900
2016-08-24,62.36922454833984,63.473702172157736,62.21629607957214,63.33776935655448,8670400
2016-08-25,61.84248733520508,62.454201386759195,61.570615143619285,62.19931837129687,8766500
2016-08-26,62.080360412597656,62.403206540235665,61.70653380442732,61.91044276267088,9974300
2016-08-29,62.216278076171875,62.369206500686985,61.95289738387659,62.10582580839171,7372100
2016-08-30,62.003875732421875,62.29273692335584,61.85094731312143,62.29273692335584,5497900
2016-08-31,61.81697082519531,61.99538625808464,61.57908358134288,61.918918797165645,4756800
2016-09-01,61.65555191040039,61.89343918261184,61.37518199017603,61.816978194519024,9501400
2016-09-02,61.723514556884766,61.91042781584409,61.553590466039346,61.782986368195346,8052300
2016-09-06,61.94441223144531,62.08034502129696,61.732011980724856,61.82546212765591,8735800
2016-09-07,61.94441223144531,62.165303825196894,61.76599031673184,61.89343176355236,7561600
2016-09-08,61.995391845703125,62.046365836282554,61.68953493834288,61.74900675466616,4822200
2016-09-09,60.75497055053711,61.647047729368005,60.73797490030718,61.647047729368005,14135500
2016-09-12,61.65555191040039,61.816978194519024,60.398139423357286,60.415135075339265,13023400
2016-09-13,60.8314323425293,61.27322850722428,60.508586285207144,61.27322850722428,12194200
2016-09-14,60.8314323425293,61.23074586302388,60.58504726643814,60.80594534878563,13108500
2016-09-15,61.46013641357422,61.630060511544535,60.576557031894815,60.72098765371341,9613600
2016-09-16,61.50191116333008,61.58719887959424,61.26310295497617,61.3995619995917,8691000
2016-09-19,61.28019714355469,61.783406053764146,61.203440101867045,61.65547114391158,9919700
2016-09-20,61.467811584472656,61.698089132061405,61.44222591330029,61.54457510502719,5286600
2016-09-21,62.08192443847656,62.20132863438629,61.29726643477243,61.672533976042736,8485900
2016-09-22,62.550987243652344,62.66186717510137,62.30365472050812,62.33776461491281,6501900
2016-09-23,62.354827880859375,62.61069764559635,62.34629715349123,62.45717708816185,5420400
2016-09-26,61.62986755371094,62.17571693722088,61.48487122759273,62.124539083928255,5534100
2016-09-27,62.06480407714844,62.07333479934349,61.416612345082775,61.553071365031265,7839000
2016-09-28,61.97103118896485,62.13307597051582,61.64692861178575,62.12454524294833,6522600
2016-09-29,60.879302978515625,61.97100795144394,60.70019680898982,61.894244446197945,8857900
2016-09-30,61.50191116333008,61.6724865958584,60.973116911235245,61.00723329914804,7453500
2016-10-03,61.45077133178711,61.45077133178711,60.97314816323621,61.2290179502113,9187900
2016-10-04,61.331356048583984,61.6383906274419,61.024314962688265,61.38252739388734,10594600
2016-10-05,61.57014846801758,61.70660752267051,61.399566515906265,61.493384962808456,12842100
2016-10-06,61.339866638183594,61.425154363750565,60.973123561912914,61.36545230515005,9308900
2016-10-07,61.2972412109375,61.58722085109423,60.93902226357487,61.28017975737653,9920400
2016-10-10,61.57870101928711,61.76633799942809,61.40812549572574,61.40812549572574,11039500
2016-10-11,60.034950256347656,61.28016936659983,59.77055633432552,61.28016936659983,12499700
2016-10-12,59.75351333618164,60.30789352742645,59.69381125448074,60.069085200622865,11746400
2016-10-13,59.779083251953125,60.000836571392306,59.20764826247253,59.40381591179125,13623100
2016-10-14,59.37824630737305,60.07761634371843,59.3611848513184,59.91556504639388,8382400
2016-10-17,59.182071685791016,59.40382503930302,59.05413680849416,59.284420889036134,8463000
2016-10-18,59.88997268676758,60.01790756474666,59.58293158243308,59.727921407524875,5495800
2016-10-19,59.668216705322266,60.017904922601666,59.65116175896035,59.966727069440104,5296700
2016-10-20,59.949668884277344,60.13730581931081,59.634097083808555,59.74497700380336,6876000
2016-10-21,59.45499801635742,59.64263497392861,59.301477460802666,59.64263497392861,5511600
2016-10-24,59.3441276550293,59.77909716236736,59.3441276550293,59.719395082514765,7384700
2016-10-25,59.17353057861328,59.45498595788617,59.09677356992268,59.27587976390443,7922100
2016-10-26,58.8153190612793,59.17353145454531,58.576510799101946,59.079712993398914,8073700
2016-10-27,59.08826446533203,59.497654849259334,58.93474388473922,59.267370724850416,6974700
2016-10-28,57.80891418457031,58.54240049879074,57.55305095147064,58.38034922956783,18469300
2016-10-31,57.45070266723633,57.80038437680905,57.42511699422344,57.79186015716335,12689000
2016-11-01,57.14365005493164,57.64685220815721,56.70014996237752,57.484807476069896,14908700
2016-11-02,56.84513854980469,57.476275535993736,56.84513854980469,57.032775452815706,17942900
2016-11-03,56.30781555175781,57.271585769105656,56.256644215274456,57.03277752280106,22074200
2016-11-04,56.70016098022461,57.16924683178439,56.40164411182365,56.46134618409627,21382600
2016-11-07,58.15008163452149,58.30360220350593,57.28013608163555,57.31424597959751,17367800
2016-11-08,58.31212615966797,58.70445501105802,57.69804395504418,57.77480097710308,15943900
2016-11-09,60.36758041381836,61.04136459886466,58.31211796946959,58.31211796946959,49750100
2016-11-10,61.032840728759766,61.47634742275309,60.60639548832508,61.356943275994425,28378900
2016-11-11,60.12024688720703,60.86226393220887,59.85585292605092,60.86226393220887,15866100
2016-11-14,59.9326057434082,60.45286940969437,59.81320160757571,60.38464312281679,17406200
2016-11-15,60.10319900512695,60.16290108424487,59.548818837867096,60.16290108424487,10371600
2016-11-16,59.84732818603515,60.23965705723491,59.7705711601006,59.949677394319714,7585000
2016-11-17,60.08613586425781,60.10319731897777,59.7193926722397,59.86438900920568,12856200
2016-11-18,59.446475982666016,60.29936663669014,59.41236608269963,60.13732183721227,12185000
2016-11-21,59.65967559814453,59.71937766058025,59.506155079447446,59.57438786709877,6791800
2016-11-22,58.79827499389648,59.63410406613448,58.39741540521491,59.63410406613448,14522100
2016-11-23,59.0285530090332,59.03708373633408,57.817450013842965,57.817450013842965,13676000
2016-11-25,59.25882339477539,59.30999473267185,59.028539360167606,59.19912133155057,4009300
2016-11-28,58.8153190612793,59.15647651026284,58.72150060013289,59.147945784603046,6507200
2016-11-29,59.199127197265625,59.369702678513114,58.94325746835689,58.951788194530515,7093900
2016-11-30,58.636207580566406,59.258820356881586,58.61062191292982,59.24175890709951,8640700
2016-12-01,58.20978546142578,58.84945343352936,58.039209938347135,58.70446358820861,11360700
2016-12-02,58.34624099731445,58.57651856435899,58.115956923231934,58.31212459718971,7964500
2016-12-05,58.243892669677734,58.670337917069986,58.05625571969906,58.58505016899915,5832100
2016-12-06,58.40594100952149,58.422995955462966,58.07330774680397,58.41446522897335,5490800
2016-12-07,57.902740478515625,57.945387609979704,57.118082713070535,57.945387609979704,12758900
2016-12-08,58.01361083984375,58.07331291651026,57.39100439846992,57.72363118376023,7586600
2016-12-09,58.72151184082031,58.83239177451136,58.21830955019852,58.21830955019852,12100200
2016-12-12,59.00297546386719,59.088263227512215,58.610646545468626,58.72151998750324,15018100
2016-12-13,59.48057556152344,59.565863301388525,59.04560613610027,59.21618161583044,11041400
2016-12-14,59.17353057861328,59.78761267628613,58.968838715068,59.47204740895321,11682200
2016-12-15,59.55735778808594,59.61705987544645,59.19914526392282,59.412367934073174,8210100
2016-12-16,59.60446548461914,59.85288958788415,59.43313513637541,59.69012739094874,8257100
2016-12-19,59.35604095458984,59.912853145105615,59.27894066453838,59.64729274113332,9318300
2016-12-20,59.313194274902344,59.51879064813003,59.176136561666986,59.381726399311574,4885000
2016-12-21,58.9791259765625,59.37317600638805,58.87633429479022,59.34747808594498,5432300
2016-12-22,59.056209564208984,59.07333932779601,58.66215964587528,58.90201554959291,4458400
2016-12-23,59.50166320800781,59.535929275314054,59.07334717005591,59.07334717005591,4188700
2016-12-27,59.62158203125,59.96423611617332,59.56161805655715,59.57875435537401,5141200
2016-12-28,59.16756439208984,59.750074338823545,59.15899624322507,59.68154221907072,4558800
2016-12-29,59.2703742980957,59.458834396910625,59.17614424868824,59.201842164784104,5539200
2016-12-30,59.056209564208984,59.338893144685784,58.86774948683565,59.27892916875638,6649000
2017-01-03,59.82718276977539,59.84431907171485,59.29607505016887,59.37316880214365,11792900
2017-01-04,60.29832077026367,60.461082927649514,59.92140063129981,59.92140063129981,9174500
2017-01-05,60.606727600097656,60.623857368284824,60.19554127217106,60.24694364790248,5979300
2017-01-06,60.778053283691406,60.9493836487294,60.40970116834118,60.6238592229498,5769300
2017-01-09,61.035064697265625,61.13786294851453,60.6667124664411,60.778072336936994,5751900
2017-01-10,61.24918365478515,61.600405886948394,61.000759608139134,61.137823855495434,10320500
2017-01-11,60.63240051269531,61.540428170558656,60.007062930213586,61.32627021082996,23742000
2017-01-12,60.6923828125,60.726648880676734,60.186973011957654,60.332598900020606,9358900
2017-01-13,60.752342224121094,60.95793861770302,60.60671634702171,60.74378060940966,5279000
2017-01-17,60.443965911865234,60.546764128626954,59.94712420314615,60.37544030294245,6038200
2017-01-18,60.36686325073242,60.700949236470414,60.24693528331797,60.56388496766301,6174200
2017-01-19,59.98134994506836,60.48676605657019,59.88712646893887,60.34970184477941,6470700
2017-01-20,59.82718276977539,60.2812032729914,59.77578693512554,59.98137680930921,7006900
2017-01-23,59.57875442504883,59.91284036095442,59.35602828925074,59.75007819991931,10003700
2017-01-24,59.16756439208984,59.56161427729461,58.8934424486612,59.51878660413608,8703500
2017-01-25,59.7243766784668,59.75007458958629,59.18469440262665,59.21896046264687,6553800
2017-01-26,59.26181411743164,59.698698356568045,59.2532459657194,59.595900142775704,6612500
2017-01-27,59.75008010864258,59.79291432152009,59.38172809887923,59.39885786268026,7264900
2017-01-30,59.45883560180664,59.72438945429043,59.2104115152059,59.60446148635684,7281900
2017-01-31,60.40968322753906,60.40968322753906,59.099037368270814,59.14187158070546,14342500
2017-02-01,60.9322395324707,60.9322395324707,60.289765451014766,60.40969342337313,19490500
2017-02-02,60.91510772705078,60.94937379451829,60.44395746885269,60.63241757213193,14539400
2017-02-03,61.1806526184082,61.2406165937965,60.8208687660784,61.1121204935121,15104800
2017-02-06,61.24918365478515,61.24918365478515,60.94936378317204,61.06929173181729,11561600
2017-02-07,61.309139251708984,61.53186535543772,61.10354944434975,61.2920094909216,11278000
2017-02-08,61.21491622924805,61.28344835139949,60.81229818108692,60.983628486465534,6812900
2017-02-09,61.437652587890625,61.61754453680322,61.15496243863484,61.206358271014444,7869200
2017-02-10,61.55756759643555,61.69462529912622,61.38624383417655,61.531869685654954,4440300
2017-02-13,61.93449783325195,61.96875736283405,61.6175416321564,61.6175416321564,6465200
2017-02-14,62.42279815673828,62.42279815673828,61.82315162439807,61.86598585370301,10403000
2017-02-15,63.09952926635742,63.21945724823638,62.22576078628516,62.28572477722464,10091700
2017-02-16,63.01384735107422,63.17660952122747,62.58553135432013,63.11664554310523,11332600
2017-02-17,63.09952926635742,63.133788802107254,62.77400485647037,62.77400485647037,12118400
2017-02-21,63.382205963134766,63.587802368584285,63.090954192124144,63.090954192124144,10651800
2017-02-22,63.28798294067383,63.51070913685721,63.23658710139491,63.3051192441567,6634300
2017-02-23,63.75056457519531,63.861930940161,63.2794208026594,63.35651456094199,8685600
2017-02-24,64.05895233154297,64.09321840245515,63.622068096893614,63.64777255176632,9103000
2017-02-27,64.36732482910156,64.40159089170636,63.96470676297419,64.10177101339337,8178200
2017-02-28,64.23883819580078,64.44443460173052,64.0503780914906,64.18744236211042,10258600
2017-03-01,64.8813247680664,65.04408698691117,64.4358788738405,64.62433901448486,15196600
2017-03-02,64.67571258544922,65.0097985249645,64.6671444359382,64.77851077283205,7889300
2017-03-03,64.93273162841797,64.98412747556415,64.55581132111703,64.58150924469012,6635300
2017-03-06,64.68428802490234,64.88987788725491,64.4529937111198,64.83848205556274,5886900
2017-03-07,64.23029327392578,64.55581119787324,64.02469681456185,64.15319296776785,12330600
2017-03-08,64.48725891113281,64.70998507144664,64.17887085395485,64.22170507017881,8130000
2017-03-09,64.83848571777344,64.92414762062671,64.43586758522038,64.47869526885488,8451400
2017-03-10,65.08689880371094,65.18112230600585,64.84703636646843,65.11259671666257,10455800
2017-03-13,65.03550720214844,65.14687355747489,64.77852149453156,65.14687355747489,6898500
2017-03-14,64.79563903808594,65.06976099585218,64.72710691474863,64.85560301211034,7296300
2017-03-15,65.60942840576172,65.74649263497923,64.8898608091163,64.8898608091163,11044900
2017-03-16,64.97555541992188,65.44670577574962,64.72713128099319,65.44670577574962,12129400
2017-03-17,64.6178970336914,64.93599582587446,64.58350673413236,64.81563305705725,10401000
2017-03-20,64.52332305908203,64.72965828983227,64.3943610801336,64.63508660922201,4728300
2017-03-21,64.01607513427734,64.81563154232259,62.18483600068671,64.59209788005221,16650400
2017-03-22,64.03326416015625,64.19660985615873,63.71515886284137,64.1106374015346,9954300
2017-03-23,63.83552932739258,64.2825900810439,63.71516656451419,63.95589209027096,13250500
2017-03-24,63.86990737915039,64.15362236265644,63.60339082091722,63.86990737915039,9229500
2017-03-27,64.0418472290039,64.15361730663673,63.29387977051643,63.41424250083113,6946300
2017-03-28,64.08486938476562,64.17084187033063,63.7151817934839,63.912917854355406,7392300
2017-03-29,64.10201263427734,64.25676561462025,63.95585886375217,64.11061184409508,4357800
2017-03-30,64.11064147949219,64.23960344927032,63.85271753993592,64.02466901939951,7137400
2017-03-31,63.93009948730469,64.10204441325054,63.86131889321496,63.955890570268714,5895400
2017-04-03,63.98169708251953,64.2998024874373,63.73237228827805,63.99889551482863,12354800
2017-04-04,63.947288513183594,64.0332675316125,63.766744381183635,63.96448694058065,5228600
2017-04-05,63.74955368041992,64.4115488432086,63.70656417041827,64.03326870416292,6470100
2017-04-06,63.86132049560547,63.981683258643365,63.57760545732528,63.76674881617874,5253300
2017-04-07,63.973087310791016,64.13643301834689,63.73235523782758,63.90430671851575,5638200
2017-04-10,63.852725982666016,64.17083134227548,63.79254459671602,63.95589688398562,4530000
2017-04-11,63.76676559448242,63.91291947958749,63.41427642691842,63.74957372064433,5472600
2017-04-12,63.76676559448242,63.86993651535207,63.508848131228845,63.69798498056932,3782200
2017-04-13,63.603397369384766,63.90430424986703,63.60339736938477,63.689369826768555,6671100
2017-04-17,63.83552932739258,63.85272119668436,63.474441038757426,63.52602320591141,6149900
2017-04-18,63.139129638671875,63.483019421422824,62.89840416703535,63.483019421422824,7519500
2017-04-19,63.32829666137695,63.50884083269014,63.21652653679287,63.345488533239326,5023100
2017-04-20,63.72376251220703,63.852717923481514,63.16493167933055,63.457239357257095,7307300
2017-04-21,63.34548568725586,63.672183712199995,63.199331825513426,63.61200232446609,6763000
2017-04-24,63.973087310791016,64.12783380449291,63.88710829080778,63.95588888308305,5450000
2017-04-25,64.2481918334961,64.42873593704196,64.05044930526367,64.23099340880954,9035700
2017-04-26,64.6006851196289,64.85860903284369,64.4287402170041,64.48032237593603,6240400
2017-04-27,64.73827362060547,65.03918060687572,64.4889488150443,64.61791082609736,6962800
2017-04-28,64.91021728515625,64.94460759136135,64.68668357446322,64.78985449307851,5781100
2017-05-01,65.05634307861328,65.18530503138228,64.91018925980454,65.0219527872564,7182000
2017-05-02,65.23690032958984,65.2540987583713,64.73825740266565,65.11653756523448,5243800
2017-05-03,64.9188003540039,65.0907452829806,64.77263994916727,65.03916311614331,8094100
2017-05-04,65.34867858886719,65.34867858886719,65.04777164045083,65.14233677342781,4275400
2017-05-05,65.31428527832031,65.51202130991047,65.04776864475132,65.49482943905538,5720100
2017-05-08,64.91021728515625,65.3142951839659,64.81564558291228,65.26271300429836,6558500
2017-05-09,64.98757934570312,65.10794867629997,64.86721657438537,64.94459638982055,3830200
2017-05-10,64.79843139648438,64.89300306616313,64.53190825499061,64.8844038527529,4314900
2017-05-11,64.83282470703125,64.85861578918387,64.50612017502262,64.69526352317956,6791600
2017-05-12,64.72107696533203,64.90162116205354,64.67809399998721,64.80704945530219,2638000
2017-05-15,65.142333984375,65.17672428547581,64.69527318862288,64.75545457572949,7320800
2017-05-16,64.89301300048828,65.13373853860345,64.71246228762293,65.07355715407466,5471700
2017-05-17,64.0418472290039,64.54909578613885,64.0418472290039,64.36855169066682,11434000
2017-05-18,64.32557678222656,64.69526426899193,64.00747146036107,64.00747146036107,10690500
2017-05-19,64.50611114501953,64.7124463326346,64.35135811448889,64.43733056272205,9209800
2017-05-22,64.67807006835938,64.75544331291937,64.30838259492378,64.44593721612316,4999100
2017-05-23,64.89301300048828,65.03056763972025,64.71246228762293,64.76405101670402,4216100
2017-05-24,65.05634307861328,65.10793179528731,64.77262809437697,64.92738112584429,5186400
2017-05-25,65.36585998535156,65.49482195951457,65.04776121626507,65.20250771412651,4479400
2017-05-26,65.2455062866211,65.50343027076781,65.17672568294472,65.31428689029747,4507400
2017-05-30,65.15093994140625,65.31429224871931,65.03917637072253,65.03917637072253,4651200
2017-05-31,65.40884399414062,65.55499782490058,65.21970065584989,65.27988203082622,5884400
2017-06-01,66.13104248046875,66.182631218513,65.4518487031938,65.5206293143994,9149900
2017-06-02,66.56089782714844,66.64687029390464,66.25999091386235,66.32017229651957,4833000
2017-06-05,66.37175750732422,66.62968147869532,66.21700443635739,66.56090087842581,5558900
2017-06-06,66.2083969116211,66.44912239922286,66.09662682146485,66.24278720403244,4316500
2017-06-07,66.38897705078125,66.45775767292511,66.17404252604253,66.29440533515373,4415700
2017-06-08,66.19981384277344,66.5093199906768,66.02786889806232,66.3459677017058,6304400
2017-06-09,66.6468734741211,66.8532152753166,66.199812690089,66.28578516094758,13419000
2017-06-12,66.56089782714844,66.83601365633555,66.24279904422262,66.59528812570667,7700600
2017-06-13,66.69844818115234,66.7844206339358,66.46631534343157,66.62106838215286,5592500
2017-06-14,67.01655578613281,67.20569914286774,66.78442947695358,66.81022056027587,6782300
2017-06-15,66.94779205322266,66.99937422780543,66.57810449706042,66.75864866737972,8186000
2017-06-16,67.05823516845703,67.19633596972685,66.70433992930583,67.0323416798016,14165200
2017-06-19,67.75739288330078,67.81781322500672,67.11866261593472,67.15318946624146,8294400
2017-06-20,67.98185729980469,68.35301294470639,67.72290905068162,67.74880255852842,7697200
2017-06-21,68.84498596191406,68.87087946096437,68.07678142523656,68.11993506187866,9481200
2017-06-22,69.56139373779297,69.98434282071334,68.93129667193199,68.95719016979957,12341100
2017-06-23,69.45782470703125,69.60455892897733,69.19887653921131,69.47508484506736,8779600
2017-06-26,69.38875579833984,69.65633068395569,69.28517523681563,69.65633068395569,7434400
2017-06-27,68.7586669921875,69.47507789218527,68.74140027055392,69.38876403999184,8428000
2017-06-28,69.1212158203125,69.29384359137596,68.9485814639217,68.98310833519986,8674200
2017-06-29,68.49110412597656,69.10394120422583,68.06816152541822,69.0435208327175,8445800
2017-06-30,68.39614868164062,68.75867745252462,68.39614868164062,68.75867745252462,7817400
2017-07-03,68.51700592041016,68.83637454292591,68.50837914152702,68.6292198991649,5904200
2017-07-05,68.92265319824219,69.00896704024477,68.37023670703684,68.61191809877367,8955500
2017-07-06,68.03361511230469,68.75866594742718,67.93866790073716,68.62919187844194,6367700
2017-07-07,68.37887573242188,68.45655622106327,68.10266746393374,68.2752951622421,4371400
2017-07-10,68.2494125366211,68.43067362431306,68.07678481081702,68.404780123975,3580000
2017-07-11,68.17173767089844,68.35299877357401,67.82647560542422,68.20625795065232,4117500
2017-07-12,68.63780975341797,68.86223100486963,68.4910755674135,68.50834228654571,8808200
2017-07-13,68.69825744628906,68.91404542407284,68.23216120936338,68.69825744628906,9437700
2017-07-14,69.1643295288086,69.31107029333151,68.70686027287908,68.84496767823627,5750000
2017-07-17,68.91403198242188,69.30245421786698,68.8967718451094,69.25066722060437,5743700
2017-07-18,68.96582794189453,69.0348816641747,68.49972519449142,68.82772049733417,8042700
2017-07-19,69.52689361572266,69.52689361572266,69.25931202777743,69.25931202777743,8177900
2017-07-20,69.98435974121094,70.09656712087441,69.57867728233491,69.69088466199838,8276800
2017-07-21,69.90667724609375,70.01025785475194,69.78583649532271,69.83763009231531,4043600
2017-07-24,69.88076782226562,69.94982154564148,69.57866601415316,69.8462409605777,4476800
2017-07-25,69.38014221191406,70.0965598163234,69.27656820619525,70.044772813464,8486000
2017-07-26,69.14710235595703,69.2938366050998,68.95720787573619,69.22478286950555,4964100
2017-07-27,68.67234802246094,69.21613781501952,68.38751296266709,69.21613781501952,12536800
2017-07-28,69.01760864257812,69.10392249488888,68.40477173024956,68.69824014517107,6426100
2017-07-31,68.95718383789062,69.24202545892871,68.94855047761918,69.1039180358832,5516800
2017-08-01,68.80184173583984,69.20752420948031,68.71552785716304,69.20752420948031,8678800
2017-08-02,68.64643859863281,68.7931727749877,68.40475722926634,68.7931727749877,7718500
2017-08-03,68.7586669921875,68.89676783863202,68.4565586315233,68.68097991548605,8003600
2017-08-04,68.60332489013672,69.0780545460859,68.51700442057573,69.0780545460859,3930100
2017-08-07,68.75003814697266,68.7586715083565,68.47382985061705,68.53425020965342,4583300
2017-08-08,68.4306640625,68.78455941187188,68.29256321821869,68.66371870362897,4423300
2017-08-09,68.50836944580078,68.57741659373089,68.14584063886706,68.26668137940281,4886500
2017-08-10,67.65385437011719,68.36163877788914,67.64522759117264,68.3012183986401,7054700
2017-08-11,67.8437271118164,68.18035577185124,67.68835953139069,67.68835953139069,8318600
2017-08-14,68.3011703491211,68.41338424973273,68.13717605528709,68.13717605528709,3955800
2017-08-15,68.3011703491211,68.52559156502157,68.28391021804697,68.38749076046014,4653800
2017-08-16,68.49110412597656,68.62057823215916,68.33573651562277,68.41342361346297,3756900
2017-08-17,67.63656616210938,68.56877155685613,67.61067266536497,68.27529656132859,7133400
2017-08-18,67.32585906982422,67.78332859703089,67.2826988337254,67.3862794491661,8434600
2017-08-21,67.6279525756836,67.7142664518445,67.17048310523685,67.26543034461183,10269000
2017-08-22,68.44794464111328,68.52562514699952,67.60205292683789,67.6452131536587,5455500
2017-08-23,67.93004608154297,68.23215448894575,67.90415258041149,68.21488776464089,5662500
2017-08-24,68.1285629272461,68.22351013965451,67.86961478698227,67.99908885711417,5502800
2017-08-25,68.1458511352539,68.53427350565524,68.09406411999805,68.27532525872101,5476500
2017-08-28,68.50836944580078,68.62057682334785,68.31847497200846,68.33573511265938,7432800
2017-08-29,68.63780975341797,68.70686345929907,68.16308034246403,68.22350068877904,4243500
2017-08-30,68.99174499511719,69.16437277442715,68.5429088177147,68.56016896151463,3667900
2017-08-31,70.16561126708984,70.23466499221247,69.16435200878887,69.16435200878887,6987200
2017-09-01,70.11380767822266,70.4159094225051,69.84622620300895,70.2691752303285,6471600
2017-09-05,69.81172180175781,70.23467096510805,69.49235982022645,69.82035516446376,8076900
2017-09-06,70.1483383178711,70.21739203686559,69.74266253575995,70.05339768591006,8791000
2017-09-07,70.9251937866211,71.08056140023592,70.1224622138323,70.13972894052658,7251000
2017-09-08,71.2445297241211,71.36537041428991,70.70074661836144,70.82158730853024,4302600
2017-09-11,71.79694366455078,71.81420379740064,71.4085281148558,71.56389565179849,6286200
2017-09-12,71.95234680175781,71.96098016511607,71.67613844223449,71.81423932933278,6984800
2017-09-13,71.68477630615234,71.99551155329071,71.54666882505656,71.8660374360952,5873800
2017-09-14,71.77970123291016,71.89190858741382,71.39991236332065,71.48622621950233,6373800
2017-09-15,71.55011749267578,71.95729322889241,71.47215104594487,71.95729322889241,7091300
2017-09-18,71.5328140258789,71.81870429711884,71.42019359004274,71.62811078295888,7783100
2017-09-19,70.96967315673828,71.65407388942475,70.89170671596483,71.5674423075989,7329200
2017-09-20,71.03900146484375,71.11696792800524,70.52787035860393,70.99568235670876,5101800
2017-09-21,70.67514038085938,71.07365103470195,70.64048641840775,70.99567796679389,4527900
2017-09-22,70.67514038085938,70.77043712520951,70.31128368946844,70.57984363650925,6473300
2017-09-25,70.46720886230469,70.90037343099719,70.36325359594123,70.57983588028748,12439300
2017-09-26,70.35460662841797,70.8657443884908,70.32861780511348,70.66648572720887,4579400
2017-09-27,70.32859802246094,70.5365151599806,70.02538415325172,70.5365151599806,5384700
2017-09-28,70.38921356201172,70.62311942502498,70.16396622793533,70.26792806125461,4229000
2017-09-29,70.8050765991211,70.83972394491549,70.22463110878962,70.39790088559236,6902700
2017-10-02,71.52413177490234,71.53279691699214,70.9350276945655,71.01300075424007,8764900
2017-10-03,71.50678253173828,71.73202987856405,71.22955757009288,71.62806803936036,5141700
2017-10-04,71.85334014892578,71.87932896529209,71.54146113339662,71.6107690500846,3291100
2017-10-05,71.9052963256836,71.91396146507566,71.57609373399727,71.85331870846069,7709600
2017-10-06,71.81002807617188,72.08725316048721,71.69740765770754,71.77537411443653,4035900
2017-10-09,71.35955047607422,71.81870397106499,71.24692343118099,71.8013736828191,4558800
2017-10-10,71.52413177490234,71.52413177490234,71.13428630522999,71.38552254929964,4037700
2017-10-11,71.66275024414062,71.74071669711414,71.4634916261521,71.4808219109687,4031600
2017-10-12,71.58477020263672,71.74937484451142,71.49813861570082,71.63675444245139,4731600
2017-10-13,71.4028549194336,71.49815166532629,71.22959171393832,71.35087727969854,5909600
2017-10-16,71.09095764160156,71.62808401628209,70.96101357556797,71.35085899280057,10219700
2017-10-17,72.04395294189453,72.23453984956413,71.23826637056794,71.23826637056794,8437800
2017-10-18,72.14789581298828,72.53774792464289,72.06126421358749,72.22586887914615,6938700
2017-10-19,72.58972930908203,72.60705298602942,71.9573060426358,72.06126793302315,6410400
2017-10-20,72.66767883300781,72.72832160254113,72.41644261363656,72.61570120471244,6343800
2017-10-23,72.4857406616211,73.0401906532176,72.45108671095065,72.76296565741936,7159600
2017-10-24,72.0006103515625,72.50308280414674,71.58476948504574,72.4944176626701,7145500
2017-10-25,71.89666748046875,72.10459127345194,71.61944236605925,71.93132144596595,6819100
2017-10-26,71.17759704589844,71.59343128343127,70.74443252622154,71.38551416466485,13466900
2017-10-27,71.16029357910156,71.23826665900036,70.8917335907615,70.92638755854225,6122000
2017-10-30,70.39789581298828,70.96966951132208,70.2419563298853,70.92635702741696,5884000
2017-10-31,70.26795959472656,70.5711734826897,70.14667403954131,70.35459118992074,6548600
2017-11-01,70.44121551513672,70.73577083987739,70.25062205963975,70.38923788529804,7427800
2017-11-02,70.12068939208984,70.5885079654405,69.96474986763963,70.57117767963078,10200300
2017-11-03,70.70111083984375,70.74442993405059,70.04269894338148,70.04269894338148,6862700
2017-11-06,70.48455047607422,70.66647883102017,70.43257283453762,70.58851236871527,4853200
2017-11-07,70.63182067871094,70.73578256518759,70.38058441023462,70.60583185948364,4439800
2017-11-08,70.79643249511719,70.87439896067161,70.46722312615019,70.55386134507927,6186200
2017-11-09,70.8050765991211,70.87437790027603,70.37191207146348,70.62314168108668,7086400
2017-11-10,70.34593963623047,70.63182990420691,69.90411643252324,70.63182990420691,4826300
2017-11-13,70.41524505615234,70.55386091794519,69.9127724715054,70.1120311204406,4704000
2017-11-14,70.12932586669922,70.25927653112716,69.80878838528436,70.18131009820961,7430100
2017-11-15,69.93009185791016,70.14667415102332,69.68752074715414,69.86944908022114,4952300
2017-11-16,70.65779113769531,70.74442932536354,70.03403320005218,70.03403320005218,4780500
2017-11-17,70.3805923461914,70.60583982083882,70.2679719136518,70.33727984578458,6129800
2017-11-20,70.08605194091797,70.4325850335067,69.97342488532446,70.37194223802135,4898500
2017-11-21,70.70111083984375,70.86571546635076,70.44120949373433,70.46719830643211,7974500
2017-11-22,70.67514038085938,70.96968914734704,70.56251335049967,70.70112920030623,4853100
2017-11-24,70.8397445678711,70.86573999913394,70.61450370680437,70.77044324654106,1650600
2017-11-27,70.90039825439453,71.02169045689627,70.7791126614619,70.8397554579282,4241400
2017-11-28,71.420166015625,71.48080878221081,70.88303964760355,71.0736330881778,8290400
2017-11-29,71.77538299560547,72.03528443599588,71.48083419875998,71.48083419875998,8144600
2017-11-30,72.31249237060547,72.52907464960714,71.7840310810761,72.00061336007775,10639600
2017-12-01,72.16520690917969,72.46842073123864,71.18625092851929,72.27782729749713,15315400
2017-12-04,71.28154754638672,72.59837129973609,71.28154754638672,72.58104101874787,9770300
2017-12-05,71.16029357910156,71.68008987667557,71.09965078787741,71.32489827366793,13240800
2017-12-06,71.09963989257812,71.43750776470482,70.78776083991232,71.20360177998923,8533000
2017-12-07,71.116943359375,71.25555916986534,70.83971834795997,71.05630059467688,3979200
2017-12-08,71.91398620605469,71.92264473886085,71.27289786177938,71.32488210645148,8444100
2017-12-11,72.21721649169922,72.26053560383453,71.86201827898152,71.97464532670593,6588600
2017-12-12,72.50308227539062,72.61570267550039,72.24318090951728,72.24318090951728,6068600
2017-12-13,72.75431060791016,72.9622277123155,72.46842045837435,72.49440927022931,8459800
2017-12-14,72.01795196533203,72.91027669185634,71.94865064495421,72.81497994057284,6772100
2017-12-15,72.81031036376953,72.83640307019682,72.28843632725854,72.28843632725854,8012200
2017-12-18,72.83641052246094,73.23651421258896,72.79292488596235,73.04516546721484,5655400
2017-12-19,72.74944305419922,73.20173886342205,72.71465055841362,72.94949824596894,4777100
2017-12-20,72.51461791992188,73.01909262957253,72.50591813506833,72.90602197044232,4686700
2017-12-21,72.34931182861328,72.78420790677615,72.29712642274974,72.74071564456484,4304200
2017-12-22,72.11450958251953,72.33195773834285,71.94054707626623,72.24497316722065,7023600
2017-12-26,72.13189697265625,72.22757468474609,71.97533404705385,72.05361219185977,2504100
2017-12-27,72.25364685058594,72.44500222034371,72.1753687280425,72.18406187322154,4053300
2017-12-28,72.3580322265625,72.48849577839673,72.13188434340081,72.38412493692934,5380600
2017-12-29,71.9144515991211,72.59288875749164,71.83616681531404,72.47981810976015,4877200
2018-01-02,72.72335815429688,72.75815065382037,72.07971350308917,72.18408436566888,6708900
2018-01-03,73.419189453125,73.47137488056264,72.5059046570248,72.71465300276562,7606500
2018-01-04,73.52357482910156,73.79320843876971,73.34091916100459,73.65404505945413,7762500
2018-01-05,74.1498031616211,74.21938814725482,73.61922925914558,73.75839923041302,7579300
2018-01-08,73.88018035888672,74.15851370582429,73.50616930181525,74.06283599569039,5167300
2018-01-09,74.74993896484375,74.90650181617386,74.03670967233714,74.10628800049363,6962900
2018-01-10,74.61949157714844,74.63688450549604,74.06282496617271,74.49772117074684,10835800
2018-01-11,74.94133758544922,74.9587305185379,74.5412271285058,74.74998214151748,4247800
2018-01-12,75.51538848876953,75.60236641606834,75.01960700357682,75.08049221628502,5391700
2018-01-16,75.88937377929688,76.4982256996352,75.76760339522922,75.98505145763407,8920000
2018-01-17,76.61998748779297,76.78525012019627,76.04592811816109,76.23728345336754,7214600
2018-01-18,76.63739776611328,76.71567588547136,76.19380184845227,76.62869798529958,7954800
2018-01-19,76.9244384765625,76.950531185616,76.54172771447362,76.93313162225428,4802400
2018-01-22,77.42892456054688,77.47241683945447,76.75918726290448,76.8983572466167,11152500
2018-01-23,77.0549087524414,77.56808974061232,76.98533040088422,77.42022661906752,7637600
2018-01-24,77.28105163574219,77.56808471377938,77.01141812145896,77.43761452958164,8291100
2018-01-25,77.9421157836914,78.02039393278416,77.35935633158662,77.65508263170275,6339300
2018-01-26,79.62081146240234,79.63820439370612,78.28133012833202,78.29872305963579,9784400
2018-01-29,79.40335845947266,79.83825471132474,79.39465867635836,79.41205824258695,12643800
2018-01-30,77.73336791992188,78.3770125930396,77.60289770126519,77.83773878605444,14270600
2018-01-31,76.62871551513672,78.35960067767526,76.35908197212541,78.1334594126935,15858400
2018-02-01,76.6548080444336,77.00272635986892,76.14163367205869,76.3329890773476,12848700
2018-02-02,75.5762710571289,76.69830419719881,75.5588781266739,76.02856688084202,10539200
2018-02-05,72.22755432128906,75.66323129627258,71.64479506539877,75.20224243307612,34979800
2018-02-06,73.02777862548828,73.34090446117753,70.80111191480046,70.83590441165374,33313400
2018-02-07,72.94078826904297,73.96714352531288,72.5667772866059,72.81901786880663,17338000
2018-02-08,70.40967559814453,73.15822212224543,70.34879040987586,72.92337451321782,20252500
2018-02-09,71.40995788574219,72.01881657438908,69.20068429525939,71.05334643661145,35535700
2018-02-12,72.0797119140625,72.6363786221849,71.22731228450533,71.87095692152364,13389200
2018-02-13,72.13189697265625,72.29715968190061,71.21861213397716,71.66220819584906,8415200
2018-02-14,72.9494857788086,73.07994932072067,71.60130500047991,71.67088998015896,10110800
2018-02-15,73.7583999633789,73.78449267425347,72.70594529418135,73.445274160905,9519100
2018-02-16,74.28898620605469,74.81086041816657,73.39309428934037,73.39309428934037,9323000
2018-02-20,73.47136688232422,74.17589661999685,73.26261855930817,73.9323558038132,8872100
2018-02-21,73.16696166992188,74.44555131850194,73.15826188515847,73.46268799196325,9417400
2018-02-22,73.05386352539062,73.92365594572004,72.87990769572055,73.4017818207203,6316100
2018-02-23,74.21939086914062,74.24548358071281,73.16694280779423,73.48876176517082,5498500
2018-02-26,75.15877532958984,75.24575325496014,74.34986801526455,74.34986801526455,6266100
2018-02-27,74.3759536743164,75.41100216922645,74.3759536743164,75.15876820037548,7460700
2018-02-28,73.18434143066406,74.71517810990031,73.16694850025932,74.61950040269865,6279000
2018-03-01,72.01880645751953,73.42786576315655,71.47083305111514,73.05385480163797,12720300
2018-03-02,72.74944305419922,72.90600596723942,71.6187101671322,71.62740995007613,11206000
2018-03-05,73.41048431396484,73.6279324270773,72.26235854217063,72.4189214490512,11028800
2018-03-06,73.30611419677734,73.697524821304,72.94080292267816,73.57574776061382,9573300
2018-03-07,73.68009948730469,73.75838423922883,72.65374438377432,72.67983708908632,6868200
2018-03-08,74.17589569091797,74.23678089420127,73.75839905011516,73.88016945668177,6403000
2018-03-09,75.24574279785156,75.27183550823744,74.3498576826596,74.62819098675797,8253100
2018-03-12,74.92391967773438,75.38490860565058,74.83694176159749,75.27183797827158,5760200
2018-03-13,75.01959228515625,75.54146638255081,74.85432961051879,75.21094766926507,6400700
2018-03-14,74.65428161621094,75.4544890136899,74.41074081141205,75.28053319197333,9416400
2018-03-15,74.53250885009766,75.1326610611791,74.43683116039108,74.91521297293491,5883100
2018-03-16,74.53251647949219,74.93402590201323,74.52378613180797,74.52378613180797,7067700
2018-03-19,73.32797241210938,74.48885535042253,72.73443542424813,74.39284818379892,7190200
2018-03-20,73.4327163696289,73.69457349228392,73.01375296454478,73.49381547700797,5534400
2018-03-21,73.11848449707031,73.95642455720987,73.05738539469583,73.55490855954592,5498700
2018-03-22,71.01495361328125,72.46387864249857,70.89275535753902,72.41150986412491,14648500
2018-03-23,69.53983306884766,71.23316116008807,69.48746429383776,71.08477852469001,11049000
2018-03-26,70.98001861572266,71.07603245487411,69.52236365304678,70.32538243567382,9183500
2018-03-27,70.14207458496094,71.44261640300682,69.74056525386297,71.2331347214128,10948400
2018-03-28,70.51741790771484,71.19823854472283,70.24683705436662,70.34284424482541,10146800
2018-03-29,71.04983520507812,71.56481237698151,70.41265317513927,70.89272228394952,6914900
2018-04-02,69.43507385253906,71.11967106918671,68.72806231399376,70.75306978059534,11364900
2018-04-03,70.49122619628906,70.62215476502142,69.38270519489926,69.81040563004518,8590700
2018-04-04,71.49501037597656,71.69576176398367,69.64456950688287,69.64456950688287,9085800
2018-04-05,71.442626953125,71.80922161487618,71.1720461303044,71.74812250458432,8031300
2018-04-06,69.72309875488281,71.19821406747278,69.09465376244707,70.84907352102934,12171800
2018-04-09,70.41265106201172,71.39024328184065,69.89767390556311,70.09842522918464,6952600
2018-04-10,71.59974670410156,71.87905790044144,70.86655731094847,71.11095377533283,8097800
2018-04-11,71.01495361328125,71.4950229460582,70.91893974672585,71.06732239165493,6205800
2018-04-12,71.49501037597656,71.83542069416629,71.34662109783146,71.3989965263021,5096900
2018-04-13,71.46006774902344,71.89649174652969,71.07601250024138,71.83539265325089,7837000
2018-04-16,72.02742767333984,72.28928478666151,71.81794597826432,71.9837892606549,7217200
2018-04-17,72.58604431152344,72.7431505616998,72.20198905295393,72.57731396674635,6500900
2018-04-18,72.64714813232422,72.90026821360937,72.29800757084833,72.76934632994544,4704500
2018-04-19,72.0361557006836,72.58605428909672,71.77430525509416,72.51622483988508,5833600
2018-04-20,71.65210723876953,72.20200587974918,71.41644114928071,72.0972616959189,5250500
2018-04-23,71.9314193725586,72.15835509728514,71.66083191722632,71.84412922995294,9257300
2018-04-24,71.39027404785156,72.21075370485694,70.8491056226962,72.15837827061284,8904800
2018-04-25,71.71321105957031,71.74811912726226,70.8054481356045,71.3029713415056,8068800
2018-04-26,72.62097930908203,72.90029051183602,71.92270463184923,71.92270463184923,9463300
2018-04-27,72.91776275634766,73.03123066130128,72.4115090401446,72.5686220327833,6663300
2018-04-30,71.80052185058594,73.2756313360716,71.79179150069147,73.23199290521089,7241000
2018-05-01,71.76557922363281,71.96633057805684,71.16331184175431,71.7132104632271,8498000
2018-05-02,70.77924346923828,71.44260983582747,70.62213721696129,71.39024108506848,11594300
2018-05-03,70.14207458496094,70.46503078269961,69.22558140662035,70.45630043700328,13524100
2018-05-04,70.70073699951172,70.93640319274863,69.66204502866431,69.93263262452164,7889500
2018-05-07,70.5959701538086,71.20696797710887,70.41267280460978,70.92765677938151,5886700
2018-05-08,70.06351470947266,70.48248473146802,69.64455134677988,70.42138563027105,9522300
2018-05-09,70.46504974365234,70.77054533220205,69.8104134856297,70.194462228676,11340200
2018-05-10,71.40771484375,71.72194075372083,70.72689425858114,70.76180898850055,7845500
2018-05-11,72.47259521484375,72.61225414303148,71.33789639018742,71.46881831123315,10434000
2018-05-14,72.95265197753906,73.25814750656332,72.45512878475583,72.60351137609574,11837600
2018-05-15,72.00999450683594,72.55988661299291,71.77432836399865,72.47260310302742,8806800
2018-05-16,72.41149139404297,72.66461819045952,71.96633691349636,71.97506726076693,7013600
2018-05-17,72.43765258789062,72.55985077334567,72.027412968448,72.34163877656144,6610400
2018-05-18,72.62097930908203,72.76936858812662,72.24565425607156,72.49005738537262,5838900
2018-05-21,72.69082641601562,73.10106630134496,72.58608885162921,72.96140733642179,6406500
2018-05-22,72.55116271972656,72.92648780489836,72.43768816371572,72.8391976358731,5770200
2018-05-23,72.78681945800781,72.81300384161045,72.15836761432823,72.24565111277171,8360500
2018-05-24,72.49877166748047,72.86537298421392,72.17582208516033,72.74316810576711,7166500
2018-05-25,72.39402770996094,72.84790581798042,72.27182950167482,72.52494960505115,6853300
2018-05-29,71.65210723876953,72.05362328046719,71.1982290941119,71.92269471550522,18236800
2018-05-30,72.72570037841797,72.89154364144594,72.06233398560835,72.140893774154,13167700
2018-05-31,71.9314193725586,72.64715459052572,71.90522833419516,72.58605548628351,11543500
2018-06-01,72.76063537597656,72.78681975968773,72.14091387736399,72.21946702849748,8037800
2018-06-04,73.03119659423828,73.13594076023891,72.61223324884035,72.8478992982139,7230800
2018-06-05,72.8828353881836,73.21451535547489,72.53369472512186,73.05740239006232,5444400
2018-06-06,73.70331573486328,73.78186888875662,72.8391910862105,73.13596298373992,7218900
2018-06-07,73.79930114746094,73.99132211386535,73.44143027059002,73.92149933485545,7405600
2018-06-08,74.22699737548828,74.27936612638585,73.65091447840707,73.77311267003606,6247100
2018-06-11,74.36666107177734,74.72453201626574,74.0611655455696,74.23573917433332,7074400
2018-06-12,74.32304382324219,74.44524206852238,73.99135716379173,74.44524206852238,6829200
2018-06-13,74.34050750732422,74.82057686129025,74.24449363653102,74.45398207788298,10379200
2018-06-14,74.72455596923828,74.76820105524541,74.27940139732515,74.48888315968802,9379800
2018-06-15,74.8699722290039,74.90501631356688,74.29176154365426,74.63343301317353,9349300
2018-06-18,74.1515884399414,74.41441574364048,73.84496104160982,74.41441574364048,7342600
2018-06-19,74.34432983398438,74.37061122835891,73.5295731884929,73.64346145877461,6431700
2018-06-20,74.50199127197266,74.6772049447378,74.28297083902964,74.44066581810753,5900800
2018-06-21,74.07271575927734,74.44066849570314,73.89749539623644,74.43190580655774,7423400
2018-06-22,74.40564727783203,74.69475595267325,74.15158268636327,74.34432180292409,9829800
2018-06-25,73.72229766845703,74.41440321327927,73.16160575335608,74.12529456468741,9925100
2018-06-26,73.49452209472656,73.83619355697459,73.39815253522322,73.7836307732366,5560100
2018-06-27,72.87248229980469,73.8712149884216,72.8199195321849,73.49449955787497,7420500
2018-06-28,72.9688949584961,73.15287143787933,72.09281266582688,72.60094199972961,9026900
2018-06-29,73.11780548095703,73.7661043121691,73.06524269798659,73.19665633938814,6479300
2018-07-02,73.34558868408203,73.38938877523441,72.46950665332898,72.71480855250375,9364700
2018-07-03,73.52080535888672,73.8624768298358,73.32806623497171,73.60841222867289,3023100
2018-07-05,74.2829818725586,74.36182603182198,73.68724593910778,73.86245963789807,7458600
2018-07-06,75.35179901123047,75.48321262067908,74.554561348823,74.64216819379747,9822500
2018-07-09,75.90374755859375,76.05267990152946,75.62340157260721,75.64968296442227,7874400
2018-07-10,76.19286346435547,76.22790755142509,75.8511919703968,76.05268711607695,6122900
2018-07-11,75.5883560180664,75.85993930683829,75.53579323545905,75.78109513292726,6434500
2018-07-12,76.42938995361328,76.48195941744062,75.92126748576612,75.96506757431801,4461600
2018-07-13,76.56957244873047,76.73602349300083,76.2191382922011,76.2629450682581,6048700
2018-07-16,76.10527801513672,76.63092610121832,76.00014572432919,76.63092610121832,5388500
2018-07-17,76.52576446533203,76.63965940769313,76.04392335618475,76.07896075570687,5849300
2018-07-18,76.58709716796875,76.60462255335916,76.31551385020238,76.54329707244496,7575700
2018-07-19,76.15779113769531,76.56078796359908,75.82488245994185,76.40309297224772,5204000
2018-07-20,76.00886535644531,76.12275359397945,75.78984488766669,75.94753989254626,4822600
2018-07-23,76.16655731201172,76.26292684913412,75.87744870064452,75.9650555478538,3824600
2018-07-24,76.85868835449219,76.99009532706536,76.51701017387327,76.56957964687876,6467100
2018-07-25,77.83989715576172,77.85742254166804,76.73603178283449,76.81488265146031,9285900
2018-07-26,77.6208724975586,77.89246249287274,77.45442144414613,77.70847937050871,5763000
2018-07-27,77.0601806640625,77.65591675903607,76.77983465960293,77.65591675903607,5742900
2018-07-30,77.10397338867188,77.25290571427497,76.87619021282465,76.99884114967129,5531200
2018-07-31,77.90998077392578,78.01511303128484,77.27043790528275,77.38433285508238,6719100
2018-08-01,77.92747497558594,78.21658357944992,77.86614951573362,77.86614951573362,5733000
2018-08-02,78.21661376953125,78.38307151794004,77.55955215294047,77.5945962412358,5666200
2018-08-03,78.68089294433594,78.74221839411125,78.1727706536145,78.2778961766735,5884800
2018-08-06,78.82112121582031,78.99633499248262,78.35679869208579,78.63714474513175,4751100
2018-08-07,78.8298568725586,79.0926774474091,78.72472463223347,78.8298568725586,5170300
2018-08-08,78.95252990722656,79.06641818647131,78.6634211784014,78.83863494400511,5020400
2018-08-09,78.86491394042969,79.18030405609979,78.78606975350041,78.96128351377202,5680300
2018-08-10,78.52322387695312,78.98755293152428,78.25164060750437,78.57579333979558,5389500
2018-08-13,78.54952239990234,78.92623127720017,78.3480205808126,78.61084787806429,6563900
2018-08-14,78.91748046875,79.05765013493776,78.5845649790986,78.66341584705992,5497700
2018-08-15,78.78604888916016,78.88241843698164,78.28668245225553,78.67216064354146,6840600
2018-08-16,79.5569839477539,79.66211616711503,78.91744799423424,79.0138175243219,6916700
2018-08-17,79.80229949951172,80.04760805354093,79.31169575940261,79.49567216194353,5455300
2018-08-20,80.06513214111328,80.2140644745333,79.94248119782914,79.98628797070567,8144900
2018-08-21,80.06513214111328,80.30167802028635,79.89867442495262,80.26663393878015,6395900
2018-08-22,80.14398193359375,80.31919565482806,79.78478511589589,79.88115466776726,3954300
2018-08-23,80.1176986694336,80.31043778474681,79.9249662380958,80.1001799698485,6058300
2018-08-24,80.503173828125,80.503173828125,80.15273969401647,80.30167871269583,4028900
2018-08-27,80.79228210449219,80.85360757637036,80.45061066346013,80.79228210449219,4671300
2018-08-28,80.83606719970703,80.94119942513,80.660853507976,80.91491803976773,4954100
2018-08-29,81.36174011230469,81.44934697805733,80.76600406762113,80.85361093337377,5338500
2018-08-30,81.30042266845703,81.57200598430892,81.12520223566865,81.30042266845703,5266100
2018-08-31,81.28289794921875,81.3529861229084,80.94998915015711,81.10768419897076,5808100
2018-09-04,80.63456726074219,81.26534720729919,80.44182820107494,81.21277775577045,6875500
2018-09-05,80.958740234375,80.958740234375,80.42432968357754,80.5732620183309,10218900
2018-09-06,80.958740234375,81.12519126805073,80.46812977287108,80.94997754292622,5940300
2018-09-07,81.08138275146484,81.16022691438356,80.64334180020674,80.76599273184105,5591100
2018-09-10,80.8711166381836,81.4318085096764,80.7922724768679,81.28287619343051,4234000
2018-09-11,80.8010482788086,80.9587433110035,80.45937013907343,80.7309601125052,5683900
2018-09-12,81.20402526855469,81.35295757239587,80.69589621359489,80.85359120706607,11056600
2018-09-13,82.2115478515625,82.2115478515625,81.47564203503863,81.55448622224768,10603800
2018-09-14,81.93994140625,82.28161282240895,81.7910090830986,82.28161282240895,5929000
2018-09-17,81.64209747314453,81.9487248880071,81.54572790219109,81.9399621950178,5543000
2018-09-18,82.11516571044922,82.32542351102286,81.51942970551143,81.6420806461773,5422900
2018-09-19,82.00126647949219,82.2378123412188,81.9136596241757,82.06259194661119,4186600
2018-09-20,82.79850006103516,82.85106283477974,82.18523873679315,82.23780819451203,5083000
2018-09-21,82.91020202636719,83.09490235196016,82.73430526203187,83.01574411098726,8579100
2018-09-24,83.07732391357422,83.24443056741782,82.74311731591968,82.85744956274112,5392600
2018-09-25,82.822265625,83.31478871444229,82.73431723011002,83.1916529095574,5215900
2018-09-26,83.0069351196289,83.65776781455159,82.83103838101927,82.9805512798405,10880500
2018-09-27,83.42910766601562,83.65777882432678,83.02453974594596,83.12128497792254,7168800
2018-09-28,83.68416595458984,83.73693364318378,83.22682362000374,83.26200431574357,5995800
2018-10-01,84.09752655029297,84.48450076407974,83.85126169238886,84.00078131933846,7307100
2018-10-02,84.00076293945312,84.16786281178648,83.84245320616955,84.09750814923919,5572700
2018-10-03,83.84248352050781,84.43174513132914,83.71055757673366,84.28223219306682,6367500
2018-10-04,83.02455139160156,83.81610035060628,82.59359956782266,83.7809196513136,10976400
2018-10-05,82.92780303955078,83.52586148505839,82.40889613196245,83.09490967742309,12291000
2018-10-08,82.89263153076172,83.13009288087574,82.1978277663079,82.82227012701209,11924000
2018-10-09,83.03335571289062,83.32358476560526,82.41770348493834,82.67275854522863,7463900
2018-10-10,81.07205963134766,83.12128990649454,81.01929194169757,83.02454466878156,22549300
2018-10-11,78.88211059570312,81.0368761768127,78.31043604050114,80.85218255929172,46581800
2018-10-12,80.0958023071289,80.39483481661138,79.17232764876394,79.83195048758733,20797300
2018-10-15,79.54173278808594,80.3156879461585,79.48016824948961,79.96388770702318,13909700
2018-10-16,81.72288513183594,81.86360791656375,80.1485842053599,80.15738105691331,13505900
2018-10-17,82.15383911132812,82.35611971571484,81.25674818308299,81.67011295295758,14232300
2018-10-18,81.22157287597656,82.11866386372259,80.57074676430027,82.1098670120693,14455600
2018-10-19,80.4827880859375,81.64372408453889,80.37724600968977,81.36228525790918,11318600
2018-10-22,79.82316589355469,80.62350483771694,79.45377197852577,80.47399192760314,8288300
2018-10-23,79.39220428466797,79.77918517547275,78.1697037905682,78.80294280823757,15424500
2018-10-24,76.77130889892578,79.81436830685391,76.6745636732665,79.3570327301263,17431900
2018-10-25,77.76515197753906,78.3016458833605,75.87423138407273,76.76252556240475,15725100
2018-10-26,76.88565063476562,77.58925114303065,75.9445888132294,77.04396041362367,25507900
2018-10-29,77.07914733886719,78.34562567207666,75.99736935427767,77.77395105166781,14024300
2018-10-30,77.90586853027344,78.02899760928466,76.69215802283207,77.08793581396661,15432000
2018-10-31,78.01139831542969,78.8469246745878,77.94983378033645,78.5303051483851,13460700
2018-11-01,78.99642944335938,79.12835535068236,78.24885824856968,78.2752420880282,9668500
2018-11-02,78.5039291381836,79.8935297417839,77.98502225345923,79.76161051773101,12953000
2018-11-05,79.1987533569336,79.55054699245115,78.60948492637137,78.60948492637137,7783500
2018-11-06,79.60330200195312,79.69125038939448,78.97885972807804,79.09319196074863,7980500
2018-11-07,81.94277954101562,82.0131409506306,80.28932667526371,80.34209437745827,13310600
2018-11-08,81.98673248291016,82.28575831894089,81.67890979581047,81.7932420195814,7345600
2018-11-09,81.74927520751953,82.02192394620346,81.35350408786174,81.88999800297346,8486500
2018-11-12,80.64110565185547,81.7492673645945,80.45641203306563,81.62613828540128,8423200
2018-11-13,80.07823181152344,81.23916797857866,79.84076378301675,80.91375156211953,14227000
2018-11-14,79.43619537353516,80.5795445404367,79.05801126848604,80.57074768868249,11664000
2018-11-15,80.13978576660156,80.23653099357753,78.12573641142234,78.87330767530224,15563900
2018-11-16,80.94890594482422,81.33588677805538,79.95507673497022,79.99904755963667,11323200
2018-11-19,79.91991424560547,81.08085029959436,79.56811401802645,81.02807590393721,8821000
2018-11-20,79.17235565185547,80.00788223590737,78.98766199686283,79.41862056854521,11604300
2018-11-21,78.72379302978516,79.43618358542737,78.70619932888758,79.4273867349786,9345100
2018-11-23,78.8381576538086,79.3130871228115,78.2576927761608,78.3016636264183,3939500
2018-11-26,79.60330200195312,79.81437947381878,79.13716950948523,79.47137606577516,7141200
2018-11-27,80.4300308227539,80.4300308227539,79.0492202370751,79.33945597604747,9262000
2018-11-28,82.36491394042969,82.39129778276654,80.64989037819184,80.66748407977049,11870400
2018-11-29,82.63755798339844,83.12128413839574,82.05709330743295,82.17142553041809,8796000
2018-11-30,84.31739044189453,84.31739044189453,82.4968316906399,82.58478005972829,15875900
2018-12-03,83.91284942626953,84.26464301518907,83.42912317645626,84.26464301518907,12158200
2018-12-04,82.03950500488281,84.36137728162238,81.88999207805476,83.89524479796331,15011300
2018-12-06,81.73167419433594,81.73167419433594,79.27787622725383,81.01928361712957,18492900
2018-12-07,79.64726257324219,81.61734109012939,79.2514915257594,81.50300216216651,14930800
2018-12-10,79.95508575439453,80.25411155196532,77.96742040043596,79.69123393651287,15372000
2018-12-11,80.20137023925781,81.16001918666596,79.62969558592513,80.62352523461882,13632300
2018-12-12,80.88737487792969,81.94276904685992,80.83460718249292,81.08965551712562,12581000
2018-12-13,80.96652221679688,81.55579052871637,80.42123816551155,81.1072450106977,11567100
2018-12-14,78.24008178710938,80.24533462886478,78.00262046007292,80.17497994198533,19422700
2018-12-17,76.68338012695312,78.08177776618783,76.15567632117217,77.43095157176597,22089500
2018-12-18,76.01494598388672,77.48370475002507,75.28496167136358,77.34298868220705,24712500
2018-12-19,75.02112579345703,77.07914634844579,74.3439090839718,76.16446830955115,23075600
2018-12-20,73.96571350097656,74.98593347824645,73.43801652067852,74.67811079890852,25321600
2018-12-21,73.04690551757812,75.33513988001712,72.89671393389072,74.08058652129405,28909200
2018-12-24,71.29759979248047,72.83487637215488,71.2534293618744,72.56099004424142,14235500
2018-12-26,74.407470703125,74.47815146558187,71.21807375751006,71.56263404887669,20575100
2018-12-27,75.2291259765625,75.27329640357154,72.53448053090324,73.53282789625703,14045700
2018-12-28,75.31745910644531,76.3688134784944,75.00823921480972,75.71502657562134,15770600
2018-12-31,76.4306640625,76.50133808634764,75.68852951794598,75.74154346144256,10163100
2019-01-02,75.27327728271484,75.82987979365411,74.45163205557907,75.25561046449683,14179900
2019-01-03,73.7448501586914,75.53833229134104,73.5504814415689,75.37930395373974,17668000
2019-01-04,75.94474792480469,76.35998902078903,74.57534340072712,74.6106770450546,16262600
2019-01-07,76.23629760742188,76.95192183135356,75.74154572327048,75.97124810348998,12387200
2019-01-08,76.8282241821289,77.08443687285714,75.98007531307408,76.84589774175873,13371000
2019-01-09,77.17279052734375,77.62337196655777,76.94308141748131,77.16395374683289,11259700
2019-01-10,77.32299041748047,77.37600436576408,76.43950100496566,76.82823850342875,10396800
2019-01-11,77.57919311523438,77.6056967157013,76.81939177957025,76.96075330271168,7187900
2019-01-14,76.72220611572266,77.14628393746284,76.71337607604247,77.11094355727712,5449000
2019-01-15,78.10047912597656,78.11814595151321,76.81058516610575,76.8282519916424,10540600
2019-01-16,77.95912170410156,78.5422280851667,77.90611448418322,78.20649771770829,8288900
2019-01-17,78.64820861816406,78.97510206120874,77.68520858886521,77.7470525656047,8731600
2019-01-18,79.584716796875,79.62888721704644,78.63938352695524,79.23131973306171,13367500
2019-01-22,79.03694152832031,79.17830303308082,78.4891758081046,79.02810474915088,12244500
2019-01-23,79.12529754638672,79.55821214557041,78.2683118686205,79.18714152620035,7722800
2019-01-24,78.4626693725586,79.11645619769278,78.09160554671743,79.04577544786953,11307000
2019-01-25,78.55986785888672,78.85142094902051,78.33016549134662,78.85142094902051,7241900
2019-01-28,77.66754150390625,78.10044933959945,77.29647090425274,78.02093180378517,7113800
2019-01-29,78.04743957519531,78.1092902955178,77.44667333708477,77.66754565656245,11099200
2019-01-30,79.1164779663086,79.33735031491304,78.1446342400577,78.33900298530789,11706500
2019-01-31,80.10597229003906,80.29150423204214,78.94860347733436,79.02811427798352,13409900
2019-02-01,80.17665100097656,80.36218293823593,79.62888522871921,80.2031546005153,9386500
2019-02-04,79.94695281982422,80.18549872921945,79.26666895698969,80.18549872921945,9308600
2019-02-05,79.83210754394531,80.53006502095057,79.81443398020414,80.07948351240498,8921400
2019-02-06,80.19432067871094,80.22966105951822,79.59354768596397,79.69073204806189,6135900
2019-02-07,79.31082916259766,79.8055877395786,78.88675808574341,79.67306300037855,9511700
2019-02-08,79.46102142333984,79.46985146225744,78.88675209077321,79.00160326109145,7284200
2019-02-11,79.36383056640625,79.69071723224528,79.14295828279084,79.63771004113347,5017400
2019-02-12,80.45050811767578,80.49468526493258,79.5670190964301,79.70838057526284,9093200
2019-02-13,80.62724304199219,80.86578220977064,80.26500915924855,80.6095694796447,6435600
2019-02-14,80.81277465820312,81.17500179890904,80.30918598127799,80.42403717408932,6938600
2019-02-15,82.03197479248047,82.07615195078691,80.81276206478584,81.42237179887715,8234200
2019-02-19,81.83760833740234,82.15566501261281,81.80226795788028,81.81110473788284,6284100
2019-02-20,81.74042510986328,81.84644624989649,81.33402085046839,81.63441071031833,6959900
2019-02-21,81.0248031616211,81.50188819405466,80.6625760524793,81.44888099283597,8368500
2019-02-22,81.76692962646484,81.83760364096503,81.0866391555593,81.1838235085458,6488100
2019-02-25,81.88178253173828,82.37653434615446,81.81993855493626,82.18216563606583,7652600
2019-02-26,81.5902328491211,81.91712630604846,81.49304849004777,81.69625398824331,7288000
2019-02-27,81.21031951904297,81.59905689466916,80.93644004466296,81.31634064161933,9827600
2019-02-28,80.97179412841797,81.5018863500769,80.88344654822286,81.06014170861307,9464100
2019-03-01,82.12033081054688,82.23518873775578,81.40470660773498,81.47538737209604,10795200
2019-03-04,81.00713348388672,82.56206974901852,80.45053092877056,82.41187819053788,15208400
2019-03-05,80.96295166015625,81.25450472075634,80.54771064787509,81.04246919508711,13591700
2019-03-06,79.7790756225586,81.07779905469918,79.55820332763511,80.97178466704793,11662400
2019-03-07,79.15180206298828,79.83209258930574,78.87792254071125,79.66422746765811,14430700
2019-03-08,78.98392486572266,79.02809527529953,78.30363450146875,78.72771222442452,11531200
2019-03-11,79.88510131835938,79.95578208045713,78.96627163255407,79.1959807391275,9694300
2019-03-12,80.46820068359375,80.65373261302939,79.9734421312775,80.08830004508614,8981600
2019-03-13,81.33402252197266,81.55489484621481,80.65373872912174,80.70674592998357,10098300
2019-03-14,81.20150756835938,81.41354312025551,80.90995447169676,81.3075219740631,9283800
2019-03-15,81.57484436035156,81.70786263855076,81.060517391887,81.34428656143633,10219400
2019-03-18,81.45068359375,81.73445272087272,81.1580447785826,81.65464582523961,7183500
2019-03-19,82.0980224609375,82.32858018873803,81.44180096172144,81.73443973037817,11308700
2019-03-20,81.53047943115234,82.09801756132518,81.21123838723159,82.00047131092784,11123700
2019-03-21,81.8497314453125,81.97388000507806,80.7323876418334,80.84766651430454,7398200
2019-03-22,80.35993957519531,81.79651765711564,80.34220020113348,81.49501595395321,12162600
2019-03-25,80.31558990478516,80.57275667835243,79.73918208579565,80.5018127203501,9893300
2019-03-26,80.86542510986328,81.37975208017608,80.29788676872519,80.78561143642068,8107200
2019-03-27,80.19144439697266,80.95407506039888,79.63277592912769,80.76785223778388,10817400
2019-03-28,80.39541625976562,80.61711108938255,79.9786288975915,80.43088147878576,6726800
2019-03-29,81.36200714111328,81.43295111440564,80.69692261407421,80.87427578171543,10120900
2019-04-01,81.48615264892578,81.98274691212845,81.29992980022479,81.85859834632778,9082000
2019-04-02,81.29993438720703,81.62804519567207,81.14918351531357,81.50389662286688,7002200
2019-04-03,81.1935043334961,81.7078379119023,80.95407691766624,81.6634962440578,7398700
2019-04-04,81.02500915527344,81.36198277912858,80.55501054713417,81.264436536457,9212400
2019-04-05,81.58369445800781,81.72558239150447,81.16690711034765,81.22011170261437,6262000
2019-04-08,81.56597900390625,81.64578590909116,80.9895709926279,81.52163732396542,5961200
2019-04-09,81.35311889648438,81.53047878925965,81.06048691318442,81.2821817049624,7207600
2019-04-10,81.3797378540039,81.60143269118072,81.23785667631729,81.45068182564196,5433400
2019-04-11,80.37769317626953,81.60144644818308,80.02298002386844,81.5571115326271,8534200
2019-04-12,79.6416244506836,80.71462629113427,79.50861300542762,80.68802400208308,11659000
2019-04-15,79.96089935302734,80.02297364232804,79.5884536172232,79.73920449615485,7921900
2019-04-16,78.32032775878906,80.72349824401672,78.18730954420859,80.62595200436353,14857100
2019-04-17,76.06793212890625,78.60412163010452,75.66888412466027,78.5863890198314,34381800
2019-04-18,76.19207000732422,76.66206191789875,75.06586335928269,76.29848595080074,35300900
2019-04-22,76.23644256591797,76.67983236168058,75.82852476568732,76.06795227853894,18717700
2019-04-23,77.44244384765625,77.85036154515227,76.07680280877497,76.2098210671212,30503400
2019-04-24,77.35375213623047,77.62865152161942,77.00790202593075,77.46903099593814,14612800
2019-04-25,78.15186309814453,78.38242762769376,76.86603572354586,77.18527683658643,16166400
2019-04-26,78.93222045898438,78.95882275315506,78.08977613857756,78.25826635577663,11321700
2019-04-29,78.79035949707031,79.10073097791461,78.45338571295233,78.95884977192473,13264400
2019-04-30,79.15392303466797,79.30467389349268,78.46223625597653,79.02090478516826,11750900
2019-05-01,79.01203155517578,79.57070682490829,78.5686419204491,79.2603286681285,25596400
2019-05-02,79.34901428222656,79.4288211712825,78.47996759639038,78.93222693114132,18927500
2019-05-03,79.95201110839844,79.97861340030352,79.43767757960707,79.57069580472042,13624000
2019-05-06,80.35993957519531,80.56389501778428,78.6573182414696,78.79033648457785,25168300
2019-05-07,78.81694793701172,80.12938438092208,78.35582564166411,79.73919929329662,18011600
2019-05-08,78.98545837402344,79.34904125600046,78.33810629184615,78.78149609000853,13783300
2019-05-09,78.81694793701172,79.07411476607489,77.91243595684962,78.28488166835227,15692300
2019-05-10,78.84355926513672,79.04751473727762,77.15867706134344,78.55978336374092,17771800
2019-05-13,77.36262512207031,78.79921004010592,77.06112340410624,77.50451305917521,17436000
2019-05-14,77.7528305053711,78.29376656718402,77.56660761344072,77.71735851182373,13147000
2019-05-15,77.9833755493164,78.24940528590663,76.99904996307717,77.34489335655698,10587700
2019-05-16,78.59526824951172,79.26922259474817,78.0986738717538,78.15187847920187,15124000
2019-05-17,78.42675018310547,79.04749288180787,77.94788863028303,77.94788863028303,13354100
2019-05-20,78.39131927490234,78.63961648446765,77.81491117235916,78.08981068786481,10757400
2019-05-21,79.1273193359375,79.46429303185575,78.78146918713021,78.83468054534085,11690600
2019-05-22,79.5795669555664,79.7569268625905,78.82580595608283,78.89674991889247,9021800
2019-05-23,79.30467987060547,79.30467987060547,78.63959533856939,79.18053129920591,13545300
2019-05-24,79.41996002197266,79.89882170455536,79.22486747363268,79.57958058283356,9986400
2019-05-28,78.28485870361328,79.96974036476892,78.2759890181538,79.49087883377179,20796000
2019-05-29,77.5311050415039,77.91242036475786,76.99016919303692,77.9035506784715,16302700
2019-05-30,77.95677185058594,78.08092041188043,77.6020587759206,77.68186566578598,12457600
2019-05-31,77.39810943603516,77.76169225859408,76.9458500214539,77.45131403813049,10712900
2019-06-03,77.58433532714844,78.24941994157449,77.42471474906256,77.46905642959386,19371000
2019-06-04,78.87014770507812,79.00315917849669,78.13411931274818,78.23166557031426,15837200
2019-06-05,79.46431732177734,79.65054021846473,78.89677894170404,79.44657794175502,24291700
2019-06-06,79.87220764160156,80.19144871630488,79.40221571650746,79.58843854915293,18840900
2019-06-07,80.70578002929688,80.90087254338852,80.10276987919026,80.1293721737321,9302700
2019-06-10,80.94522094726562,81.21125746823563,80.65258212731658,80.95409063545523,8552800
2019-06-11,80.81217956542969,81.54820786601555,80.6082241545513,81.34425245513715,8317900
2019-06-12,81.202392578125,81.22899487867592,80.75013317198885,80.82994683923178,5799200
2019-06-13,81.1048355102539,81.34426971454232,80.78559441492887,81.34426971454232,9031800
2019-06-14,80.91862487792969,81.37974721544282,80.85655058700311,81.14031974060894,5056300
2019-06-17,81.2822265625,81.33543117690076,80.88317165771878,80.99845057745102,4861500
2019-06-18,81.97388458251953,82.25765370148498,81.53049491128667,81.69011546355408,7979600
2019-06-19,82.70989227294922,82.89612185701388,81.9383987057741,81.99160329231354,6988100
2019-06-20,83.0735092163086,83.64991728179547,82.59464744339294,83.39275039825236,9241200
2019-06-21,83.47245025634766,83.63275182448797,82.51954837752878,82.99154555192673,9026100
2019-06-24,83.03607940673828,83.41902170943617,82.88468535076493,83.36559011190568,6493600
2019-06-25,82.69764709472656,83.4813397700352,82.61749292420373,83.09839756397962,14930600
2019-06-26,81.65570831298828,82.82234344972105,81.486499200532,82.81343591894566,10498400
2019-06-27,82.22563934326172,82.38594086910966,81.78035808195666,81.94065960780459,7416200
2019-06-28,82.50175476074219,82.5730014305346,81.7893016517308,82.26130574326326,9390600
2019-07-01,82.9113998413086,83.18747894458937,82.57298840486271,83.15185561531264,7797200
2019-07-02,83.35667419433594,83.35667419433594,82.51064227776351,82.98263946034317,7952500
2019-07-03,84.06913757324219,84.08694584135426,83.53480120195735,83.54370193878559,4066000
2019-07-05,83.49024963378906,83.91772270147378,83.30323228994384,83.71289029947916,5934300
2019-07-08,82.86688232421875,83.19638625577109,82.48393999730061,83.16967045531614,15202000
2019-07-09,82.947021484375,83.03607640852877,82.5551716647522,82.56407919550414,5537300
2019-07-10,83.23199462890625,83.45463531862443,82.88467569650227,83.13403218187388,5347300
2019-07-11,83.24982452392578,83.84650004802772,82.68876553740546,83.81087671599025,13691700
2019-07-12,82.3236312866211,82.99155341810417,81.75367161131194,82.97373835636968,11508200
2019-07-15,82.50175476074219,82.69767970544314,82.09209660112037,82.3681689534955,5811100
2019-07-16,82.09210968017578,82.55519951869397,82.03867806654685,82.4394287576788,9092300
2019-07-17,82.1098861694336,82.53735929636751,82.10098543357913,82.2612870068725,9566700
2019-07-18,82.57299041748047,82.70657620691034,81.70023581506672,82.10099318335634,6559500
2019-07-19,81.71805572509766,82.7956360467007,81.64680906058112,82.76001271444242,8105900
2019-07-22,81.5488510131836,81.86054669425889,81.47760434480745,81.80711509020492,5192500
2019-07-23,82.05644226074219,82.18112048854036,81.3261811574441,81.66459251940289,6688600
2019-07-24,82.10099792480469,82.10989866201335,81.19261993978584,81.93178879545775,5430400
2019-07-25,81.7002182006836,82.19003039150556,81.52210838281417,81.87833481300704,6618700
2019-07-26,81.99413299560547,82.14552707097978,81.68243731264178,81.98522546339042,3812400
2019-07-29,82.3325424194336,82.39488155446557,81.90507600620178,82.03866180825779,5887500
2019-07-30,81.976318359375,82.01193489655661,81.36182777892755,81.70023923779912,7959200
2019-07-31,81.16590118408203,82.22567319653353,80.66718814031927,81.88725495016111,8557400
2019-08-01,81.27279663085938,82.1455447307827,80.78298417057545,81.1748341388026,16422500
2019-08-02,81.08574676513672,81.40634992107145,80.56031117284448,81.15698662632384,15956600
2019-08-05,79.17994689941406,80.48906859222866,78.53874055508138,80.16846542006232,17626200
2019-08-06,80.2041015625,80.22191662738602,79.1443362133022,79.58071018061894,10135900
2019-08-07,80.2308120727539,80.45345280794675,78.5476486582525,79.55398912977601,12452500
2019-08-08,81.29949188232422,81.37963928585583,80.37330560626357,80.48017560542844,12034800
2019-08-09,81.39745330810547,81.91398143910908,80.69390777679833,81.15699751167526,7253100
2019-08-12,80.60484313964844,81.39744350981546,80.29314750999653,81.09464861639995,7097100
2019-08-13,81.65570831298828,82.08317466783386,80.50688144335108,80.57812810064374,12232500
2019-08-14,79.38477325439453,81.01450492825714,79.34024239335571,80.81858001081501,16426100
2019-08-15,79.66085052490234,79.96364545100445,79.14432919477314,79.7231896575622,12315200
2019-08-16,80.64049530029297,80.85422855212207,80.15068285395797,80.20411446830086,10239300
2019-08-19,81.41525268554688,81.62008512700751,81.13918038112425,81.2727661651677,6427200
2019-08-20,80.72061920166016,81.6111820849922,80.65828007160513,81.44197296293332,4708800
2019-08-21,81.31729888916016,81.5132238206926,81.07684988784229,81.28167555665826,5687100
2019-08-22,80.91658020019531,81.65574935359277,80.59597687569664,81.46873188004497,6486900
2019-08-23,79.04635620117188,81.07683830244451,78.65450639409997,80.77404341667396,9822700
2019-08-26,79.87458801269531,79.9369271434,79.34915237293664,79.67866308920752,8913900
2019-08-27,79.40259552001953,80.64047747129891,79.3491571230339,80.36439833783201,8252000
2019-08-28,79.98143005371094,80.15063913277203,79.01072001888522,79.12649071829583,5691500
2019-08-29,80.58704376220703,80.81859204406483,80.07052238731012,80.58704376220703,4360300
2019-08-30,80.68498992919922,81.12136380744897,80.33767097383338,80.96106902293097,4784100
2019-09-03,80.21297454833984,80.59591674498365,79.92799478300864,80.21297454833984,6437800
2019-09-04,80.26644134521484,80.78296951975334,79.89240651308276,80.73844544609373,9318700
2019-09-05,81.05902862548828,81.23714527437654,80.52469226773435,80.95216543061075,7897400
2019-09-06,81.28166961669922,81.51321786381232,81.11246729275022,81.22823801907906,13166400
2019-09-09,80.5335922241211,81.37962414478578,80.23970487693892,81.35290834857918,10675900
2019-09-10,80.76514434814453,80.77404508433995,79.27789927444086,80.12393803040847,8770700
2019-09-11,81.56666564941406,81.59338824798304,80.70282520714066,80.89874336878228,8124300
2019-09-12,81.53992462158203,82.27018581739408,81.49540055998715,81.93177441256327,9344700
2019-09-13,81.49539947509766,82.15441401023928,81.32619037770746,81.63788598254102,6351000
2019-09-16,81.31729888916016,81.52213135243207,80.95217162131362,81.05013408707984,6668100
2019-09-17,81.44198608398438,81.66462684068685,81.15700618718347,81.27278372912103,3932900
2019-09-18,81.4330825805664,81.53994579170265,80.85421527390476,81.44198331852346,5369800
2019-09-19,81.8160171508789,82.18114441159011,81.37963643210041,81.53103729088878,5058600
2019-09-20,82.27205657958984,82.65658929085792,81.99483770263159,82.00377540515214,8935700
2019-09-23,81.83392333984375,82.32576338115354,81.8070965695677,82.0306620854389,4232900
2019-09-24,81.08271026611328,82.19159973518848,80.79654678243999,82.13793939141024,10542600
2019-09-25,80.68924713134766,81.1632048049701,80.57298872807526,81.0916622218296,7956800
2019-09-26,80.24211120605469,80.98434328605437,79.6250684047129,80.95751652472225,10004500
2019-09-27,79.88441467285156,80.6266536641436,79.58930661761352,80.51039525425652,10017300
2019-09-30,80.5998306274414,81.09167745055417,79.93807866580767,79.99173220190087,8031600
2019-10-01,79.81285858154297,80.99328378009407,79.65189119889166,80.81443416500395,13413900
2019-10-02,78.65031433105469,79.72343247209766,78.30155281145144,79.56246509207497,13385000
2019-10-03,79.35679626464844,79.38362302906312,77.97963216905666,78.54302151247128,11958800
2019-10-04,80.5998306274414,80.64454645597075,79.54460120731746,79.5893170358468,9146600
2019-10-07,80.33154296875,80.8591541810686,80.15268650660066,80.26894491266683,8247200
2019-10-08,78.80236053466797,79.6966224284322,78.78447147609367,79.66085113396042,10649300
2019-10-09,79.3746566772461,79.60715976671649,79.01695069456392,79.2852318872441,7350200
2019-10-10,79.76815795898438,80.04538378465232,79.07063477553774,79.14217736426991,8232300
2019-10-11,80.4299087524414,81.37782408045186,80.394137461597,80.5282780965945,10773200
2019-10-14,80.39413452148438,80.78760506103094,80.26893841944558,80.37624546537835,4915600
2019-10-15,81.86072540283203,82.14688890386988,81.22580034811293,81.27945387247127,12607900
2019-10-16,81.75340270996094,82.1737067992184,81.61926209086332,81.79811852388525,7851500
2019-10-17,82.36150360107422,82.59401356018621,81.98591531359175,82.02168660135324,7536100
2019-10-18,82.05746459960938,82.48670644249887,81.69081398707668,82.1290003583069,6784700
2019-10-21,81.96804809570312,82.52248610087783,81.80708068262861,82.3972899821173,4948400
2019-10-22,82.14688873291016,83.12163081099688,82.11111744252037,82.5940196287685,8702400
2019-10-23,82.65662384033203,82.89807154010926,82.12006808985647,82.2899732035232,5525000
2019-10-24,82.23632049560547,82.88913466069168,81.94121244196336,82.79970301582321,6892300
2019-10-25,82.32573699951172,82.54930244374039,81.80707035413488,82.02169127024516,5536900
2019-10-28,83.17529296875,83.34519807345552,82.46882531919199,82.54036790152915,6937900
2019-10-29,84.35572052001953,84.48986115978417,83.16635064221012,83.37203386620608,13768400
2019-10-30,84.82968139648438,84.86545268994757,84.05167111468214,84.3825504622093,10179700
2019-10-31,84.73127746582031,84.78493097278051,84.1857774028122,84.66867943347548,9675200
2019-11-01,84.8386001586914,85.5540053426457,84.82071110605469,85.18736163568745,14670800
2019-11-04,84.57927703857422,85.27680010440946,84.54350575023963,85.23208428832233,9878200
2019-11-05,83.9801254272461,84.71341979990329,83.79232445308591,84.70447527192523,13273800
2019-11-06,84.26628875732422,84.42725614724242,83.80126882081574,84.06060555027705,13130200
2019-11-07,84.45406341552734,84.72233778835316,84.20367127182024,84.58819719060314,7827900
2019-11-08,85.07110595703125,85.08899501023478,84.30204041347369,84.40040973806882,7756900
2019-11-11,84.72235107421875,84.92803426604652,84.48984794584422,84.7491778334408,6092500
2019-11-12,85.23208618164062,85.53613872790086,84.74024630713474,84.85649787979777,13801500
2019-11-13,85.3304443359375,85.5361275158004,84.86543128356361,84.99957189454594,6507700
2019-11-14,85.33940124511719,85.46459734748618,84.82072777948801,85.31257448356324,6498800
2019-11-15,87.15475463867188,87.3067775079786,85.55402519006428,85.6345123002524,11337700
2019-11-18,86.85962677001953,87.57503877923911,86.75231974450878,87.07425446639014,11251400
2019-11-19,87.44984436035156,87.57504044093935,86.94011551147995,87.16368091576881,10025800
2019-11-20,87.33361053466797,87.61082950900463,86.81493705398718,87.30677694965945,12305600
2019-11-21,87.55717468261719,87.61977273468759,86.78810900136597,87.3872627601364,9122400
2019-11-22,87.87016296386719,87.9953590651882,87.52140142123353,87.70919557321506,6141800
2019-11-25,88.8985824584961,88.91646469526349,88.09374535042129,88.22788600554661,11726500
2019-11-26,88.82701873779297,89.03269511374303,88.5319107312467,88.88961678560501,11073300
2019-11-27,89.2831039428711,89.41724459108697,88.8717442916387,88.95223140963894,6333200
2019-11-29,88.9700927734375,89.25625623858268,88.79124316622496,89.05057987255577,2392000
2019-12-02,88.57664489746094,89.17579873960274,88.29048135922329,89.14897197393623,6682200
2019-12-03,88.37989807128906,88.45144065494921,87.66448588004029,87.90594039422417,7709700
2019-12-04,89.20260620117188,89.31885776812804,88.64816148090118,88.7375931106718,6237600
2019-12-05,89.20260620117188,89.33674682315234,88.45142963436201,89.25625972089388,7390400
2019-12-06,89.79285430908203,90.09690012643472,89.60505327756667,89.66765134717916,5658500
2019-12-09,89.1668472290039,89.84648813761095,89.1668472290039,89.82859908011592,5148900
2019-12-10,89.36357116699219,89.44405144439934,88.80018875711632,89.14895027123117,6027900
2019-12-11,89.44405364990234,89.66761907844634,89.26520403613732,89.43511594508689,6064300
2019-12-12,90.27572631835938,90.57083435090468,89.44406256834377,89.48877838758133,9769100
2019-12-13,90.21311950683594,90.74073746737668,89.8464757508521,90.18629274696828,6433200
2019-12-16,91.18787384033205,91.51874632894372,90.74074295502898,90.74074295502898,7730300
2019-12-17,91.08950805664062,91.43826961498148,90.96431194968116,91.30412897961742,4643600
2019-12-18,91.21470642089844,91.39355605735908,91.02691225581188,91.12528160266812,5202900
2019-12-19,91.5724105834961,91.67077992827586,91.2594203149587,91.40249865657174,6637200
2019-12-20,92.22073364257812,92.42726800428176,91.84359108737245,91.84359108737245,8586500
2019-12-23,92.5888900756836,92.68766647331536,92.20276602609812,92.4362381342194,4770900
2019-12-24,92.47217559814452,92.70564090118356,92.24768498690024,92.58890824966404,2071800
2019-12-26,92.4093017578125,92.69664941410556,92.11297256044224,92.58889147390497,2910100
2019-12-27,92.43624114990234,92.6158308691418,92.2297068069592,92.6068493279072,3605000
2019-12-30,91.8813247680664,92.63148180181804,91.74575189359756,92.43264250533343,5665100
2019-12-31,92.06207275390624,92.14341233133436,91.5288213516303,91.6824742681978,4746700
2020-01-02,92.30608367919922,92.45069654340011,91.6463064489651,92.34223689524944,6277400
2020-01-03,91.50170135498048,92.02591268894275,90.78769079227764,91.23959568799933,8247500
2020-01-06,92.07110595703124,92.09821914749708,91.05883650800368,91.08594969846952,6441800
2020-01-07,91.8903350830078,91.97168154569674,91.3751638043817,91.81802864851124,6335300
2020-01-08,92.48685455322266,92.9026062160681,91.89937682911798,91.93553004704208,7494700
2020-01-09,92.88455200195312,93.13762459783251,92.56821987650784,92.76705918265152,6660600
2020-01-10,92.91165924072266,93.39067737805908,92.74897318506856,93.23703135203084,9300300
2020-01-13,92.58628845214844,93.083379760316,92.26994947042452,93.06530659632834,7621700
2020-01-14,93.14663696289062,93.16471702061202,92.1434075205241,92.30609356240844,7294900
2020-01-15,93.9510269165039,94.19505942650176,93.18278995771976,93.2550963973874,7521800
2020-01-16,94.43907928466795,94.5023456916405,93.969101246518,94.33965966006528,5479900
2020-01-17,94.43907928466795,94.5836921551887,94.2040937133536,94.2040937133536,6533400
2020-01-21,94.53851318359376,94.75542562660516,94.18602787787938,94.22218110096831,6644800
2020-01-22,94.656005859375,94.9723379185297,94.5294661401914,94.7463854626304,9431500
2020-01-23,94.1769790649414,94.6288839681235,93.52624179659732,94.49331801358616,8522600
2020-01-24,92.60433959960938,94.3306194097102,92.36934715050484,94.28542616720216,15962700
2020-01-27,91.89937591552734,92.25186116738178,91.3570914430991,91.48362425681498,11762300
2020-01-28,92.35128021240234,92.71280549026008,91.91744849986884,92.17052102123404,8079900
2020-01-29,92.09822082519533,92.76703815244836,92.08014076754108,92.44166606988814,6435700
2020-01-30,91.4293975830078,91.4836239614192,90.64308061843704,91.42035755476552,10989400
2020-01-31,89.60369110107422,91.1401647984804,89.3054322518241,91.06786526469423,14476700
2020-02-03,90.41712188720705,91.06786596493072,90.22732268045772,90.22732268045772,11850600
2020-02-04,92.00784301757812,92.37840146045636,91.52881801770268,91.54689807570946,9575100
2020-02-05,93.779296875,94.10466892028018,92.4326154504434,92.44165547823476,14131000
2020-02-06,93.86064910888672,94.2131343896024,93.45393744514456,94.2131343896024,6166500
2020-02-07,93.12855529785156,93.95101856551968,92.98394243137044,93.8696789997648,6057200
2020-02-10,93.62567138671876,93.62567138671876,92.71282828272857,92.78513473518012,4010100
2020-02-11,94.18603515625,94.26738163836686,93.76124337153132,93.9510426357736,10277100
2020-02-12,94.30350494384766,94.75540981376189,93.92390650804478,94.53849740694896,4705700
2020-02-13,93.86064910888672,94.2492876101273,93.67084987277228,93.96006874144976,4778500
2020-02-14,93.9329605102539,93.99622692563295,93.4720155436224,93.96007370319892,5114200
2020-02-18,93.5985336303711,94.05043849632771,93.29124163137068,93.93294571356655,8409300
2020-02-19,94.03238677978516,94.16795964959373,93.75220790556403,93.8425875202622,6427900
2020-02-20,93.42684173583984,93.9058599302666,92.57725813333316,93.8154803098032,8080900
2020-02-21,93.48104095458984,93.5714205487804,92.73991724939368,93.06528930489648,6510800
2020-02-24,90.53463745117188,91.83612593419689,90.10081255384516,91.22153491671534,16284500
2020-02-25,87.78703308105469,91.0588266551714,87.47974109499637,90.85998741924152,20301600
2020-02-26,87.77801513671875,89.31448912390086,87.5882158956331,88.27510641703205,13721600
2020-02-27,84.79542541503906,87.9768325113854,84.7773522551456,86.8289972313302,22047900
2020-02-28,83.7018051147461,83.74699835160811,81.32478841992813,82.56300312191749,27750600
2020-03-02,87.6243667602539,87.75993962391503,83.43972941932596,83.7289483105593,22359400
2020-03-03,85.4461669921875,89.37773767587748,84.29832485029404,87.84126399575237,33385500
2020-03-04,90.37195587158205,90.51656877487602,87.8322520933054,88.01301132690013,26418700
2020-03-05,88.27508544921875,89.64887995674573,87.27185620211691,88.43777145943851,17873000
2020-03-06,87.80510711669922,88.1214391087548,85.50038979718522,85.85287500197862,17917700
2020-03-09,83.24089050292969,85.21119636292903,81.3519311196919,82.59918630068287,21968500
2020-03-10,86.096923828125,86.2415298110406,82.19246575210168,85.64501892629119,26473200
2020-03-11,82.80705261230469,84.65985848117325,81.74958995354655,84.06334762582982,23217900
2020-03-12,76.62498474121094,81.09884686307453,74.92582499916281,77.73667369867398,20652200
2020-03-13,81.93939971923828,82.15631214033709,76.06463602344056,80.1860065019256,29162800
2020-03-16,73.85932922363281,78.67663654279497,72.91032628766672,74.5823728408025,21474800
2020-03-17,78.49588775634766,79.12855881818393,74.4287432415574,75.38678641621867,27899700
2020-03-18,75.89291381835938,77.09498256761654,72.23248118643313,74.47393263696138,28931000
2020-03-19,74.33836364746094,76.15502346187156,73.50686020140556,75.04333426022625,27121100
2020-03-20,71.48231506347656,75.74829849982493,71.07560340433794,74.98006153505105,22004900
2020-03-23,67.76961517333984,71.12085504465048,66.78876143730281,71.0209528902955,33633000
2020-03-24,72.99173736572266,73.13704516714581,70.44878501543397,70.97554051969185,16775800
2020-03-25,73.9635238647461,76.37023900384585,71.62945917832516,72.51040394734112,16851800
2020-03-26,78.87683868408203,79.29460810513258,74.48117239642974,74.62648018554044,18822500
2020-03-27,77.18760681152344,79.22197164983233,76.54278822643933,76.59727779084442,13043200
2020-03-30,80.80223083496094,80.95662255239573,78.56806863253199,78.57714560721288,13766700
2020-03-31,80.44803619384766,81.31081997457048,79.59432938796178,80.8748895967906,13584900
2020-04-01,77.38742065429688,78.45909276989343,76.64269982339007,77.75978453424489,15255200
2020-04-02,79.53074645996094,79.7123829409344,76.22491261753314,76.99687805515177,13588000
2020-04-03,78.81328582763672,80.03027265835108,77.92325719810388,79.2764679514077,12934200
2020-04-06,82.94557189941406,83.4178309389431,80.95661973340427,81.31989964865095,13472900
2020-04-07,82.2644271850586,85.20698142391745,82.18268591034648,85.05258970711358,16699200
2020-04-08,85.6520004272461,86.1515112197777,81.93748047019918,82.97282381382044,32624300
2020-04-09,86.12425994873047,86.59651899328584,85.34321054778309,86.43304337613434,12982500
2020-04-13,85.37045288085938,86.11517357563926,84.15347315506772,85.81546713129191,9606600
2020-04-14,88.20404052734375,88.52190789475353,86.75092068377522,87.04154326669114,12830800
2020-04-15,87.74992370605469,88.26759528866152,86.54202103697625,87.03244784086496,11019000
2020-04-16,89.66622924804688,89.89327833697448,88.12229128594613,88.4038299389401,11331600
2020-04-17,91.52803802490234,91.84590539973895,90.26564550127326,91.84590539973895,11504400
2020-04-20,90.80145263671876,92.10017338708074,90.55623580000744,90.6561379291881,10558100
2020-04-21,88.04055786132812,89.75704843726754,87.7499353016185,89.24845376103441,9291400
2020-04-22,89.38468170166016,89.93868202078734,88.76710791618991,89.32110823531711,11994100
2020-04-23,89.87512969970703,91.26466931169028,89.67532535019497,89.85696881747401,16013300
2020-04-24,91.08301544189452,91.26465194562154,89.85695171926605,90.42002903821286,7853300
2020-04-27,92.25457000732422,92.64509464349214,91.57342286951878,91.71873065584404,8022100
2020-04-28,90.39278411865234,92.87216327180296,90.28380498817658,92.87216327180296,11517500
2020-04-29,90.9921875,91.78231382895687,90.40185853227042,91.78231382895687,9939900
2020-04-30,90.57443237304688,91.1647545051871,90.1021663525481,90.60167715711626,12768900
2020-05-01,88.84884643554688,89.70254625297986,88.04962925030586,89.5390706404522,10102000
2020-05-04,88.80343627929688,89.00324058107617,87.99514209772656,88.57638719618188,8991300
2020-05-05,90.72882843017578,91.38273099498974,89.35744982502368,89.58449894175135,11498300
2020-05-06,89.82971954345703,91.26466475385531,89.78430694665776,91.20109127573,9493200
2020-05-07,89.82062530517578,90.75606648811454,89.71163924278916,90.74698258400184,9453900
2020-05-08,90.28379821777344,90.81963071306632,90.01133655403906,90.78330202930252,10374500
2020-05-11,91.83683776855467,92.07296388303716,89.91145858522268,89.91145858522268,15115100
2020-05-12,90.43819427490234,92.45439128230043,90.4291103712777,92.3726500076552,18471000
2020-05-13,89.45733642578125,91.01943518571215,88.73986051027866,90.3201201476327,12667200
2020-05-14,90.43819427490234,90.483599935049,88.61271766969213,88.63087854795316,12021400
2020-05-15,91.20109558105467,91.28283687335424,89.97503162847964,90.18391988303205,15170200
2020-05-18,91.9548797607422,93.33533515382764,91.90039019741944,92.90848869281923,10557300
2020-05-19,90.8469009399414,92.13653839433846,90.83781703420908,91.66427923110498,10561400
2020-05-20,90.95588684082033,91.88224428296964,90.74699858333132,91.53713208471594,10058000
2020-05-21,90.28379821777344,90.75605724872668,89.75704269668054,90.70156768757498,12259500
2020-05-22,90.47454071044922,90.5471911667347,89.82063810095232,90.2928972472614,10233200
2020-05-26,90.3110580444336,91.98213620204626,90.16574328516862,91.90040184670154,10828800
2020-05-27,91.24649810791016,91.24649810791016,89.06682525004852,90.43820382467229,15551900
2020-05-28,92.43621826171876,93.3625823675146,91.9639592346964,91.99120401504548,11707700
2020-05-29,93.55330657958984,93.7531108822934,91.44629135569532,92.83583064214888,19055300
2020-06-01,92.62693786621094,93.0719590380913,92.04569279374256,92.96297298863304,8436200
2020-06-02,93.16278076171876,93.20818642061502,92.10926969789686,92.6632700109432,13162300
2020-06-03,92.98114013671876,93.52606349177394,92.59061542772297,93.43523831327256,10020900
2020-06-04,92.2454833984375,93.06286132561556,91.65515451053186,92.41804288556033,10848300
2020-06-05,93.73493957519533,94.48874416943367,92.34540034062816,92.8267432724468,14579500
2020-06-08,94.3797607421875,94.41608942678585,93.135536207388,93.36258528938652,8191300
2020-06-09,93.39891815185548,94.65223366808208,93.28993901408892,94.18905154560753,10371100
2020-06-10,93.25359344482422,94.0164749870523,92.84490789420026,93.70769158062312,10519700
2020-06-11,88.06780242919922,92.61786814796928,87.75901206270369,92.4453086217221,39561900
2020-06-12,88.63996887207031,90.20206781722013,87.11419861506221,89.91144524107519,19397200
2020-06-15,88.83977508544922,89.3483628722932,86.660102253421,87.31400479592835,14521800
2020-06-16,91.02852630615234,91.60977143560793,89.5300008918731,90.92862414993448,13272800
2020-06-17,90.93770599365234,91.64610502903056,90.61983862911724,91.48262939455694,9086200
2020-06-18,90.62892150878906,90.83780280498364,90.0567602590953,90.42003328360568,7115200
2020-06-19,91.5007781982422,92.03661069502736,90.55625320471728,91.6642538111405,12177000
2020-06-22,91.14964294433594,91.27732849633864,90.21023911531309,91.12228274866976,6889200
2020-06-23,91.54183197021484,92.32619013712508,91.36854143430584,91.77895833074754,5369900
2020-06-24,89.15226745605469,91.04019754737868,88.50471729469959,90.85779159934717,15739700
2020-06-25,90.02783966064453,90.13728741799764,88.32231530651926,89.07019787758628,10506300
2020-06-26,88.9333724975586,90.09166479633916,88.50471089649841,89.86365389861272,16631400
2020-06-29,89.7359619140625,89.90013002698022,88.94248154190358,89.63563656959391,7490200
2020-06-30,91.2682113647461,91.75159340491238,89.49884438752657,89.76333789142421,9183000
2020-07-01,91.97048950195312,92.3535531698408,91.12229548439052,91.69688054870954,10932800
2020-07-02,92.66362762451172,93.1926145782672,92.46297692078788,92.78219774489784,6502400
2020-07-06,93.60302734375,94.14113665838192,93.1561279510944,93.73071288450872,6374400
2020-07-07,92.79132080078124,93.91313757368984,92.6636352439742,92.91900635758827,5913200
2020-07-08,92.80044555664062,93.39327534744218,92.1802555684444,93.11053707156816,5624900
2020-07-09,92.07080841064452,93.0466948879083,90.91251597735322,92.70012078811952,10521700
2020-07-10,91.85191345214844,92.23497010803888,91.17700311200711,92.14376713639932,10502700
2020-07-13,92.3717803955078,94.07730453776898,92.1346470965375,92.38090278040616,10167200
2020-07-14,94.20498657226562,94.36003231803824,91.97959790742328,92.15288842231068,10889900
2020-07-15,95.42711639404295,95.70073224886632,94.6974857117477,94.89813641083948,9606900
2020-07-16,95.27207946777344,95.34504463025296,94.59716911069005,95.3359222453578,6412200
2020-07-17,96.57630920410156,96.90464550081872,95.63690528340472,95.7737132334271,7548600
2020-07-20,96.55806732177734,97.1235299524704,96.23884646573192,96.79519366959136,6776300
2020-07-21,96.49421691894533,97.25120782845674,96.29356621099993,96.88639595038208,7458600
2020-07-22,97.36065673828124,97.52482486872626,96.43037530465324,96.93199512221146,5648400
2020-07-23,96.92288208007812,98.0720591039628,96.60366817298276,97.67075764456214,6970100
2020-07-24,95.85578155517578,96.822552508766,95.24471400943644,96.76782516075946,6241000
2020-07-27,96.57630920410156,96.82256490581013,95.51834210450072,95.8193112445403,5934200
2020-07-28,96.46686553955078,97.10530034725744,96.284459570687,96.62191826726088,6239400
2020-07-29,97.47923278808594,97.87141187607556,96.6219164009754,96.68575918467876,5449800
2020-07-30,96.80431365966795,96.9684817970457,95.7645844423893,96.5398201628738,5349200
2020-07-31,96.24798583984376,96.76785055310782,94.98936783887346,96.50335700308332,6920400
2020-08-03,97.24211883544922,97.56133279470605,96.67664913737823,96.84993969740728,8811800
2020-08-04,96.81344604492188,97.25122315092187,96.2114938262448,97.02321221203056,6092900
2020-08-05,97.2603530883789,97.4336436420604,97.01410431692716,97.34244065109094,4406600
2020-08-06,96.74047088623048,97.55218918820808,96.03820032862345,97.141772323915,5369700
2020-08-07,97.05059051513672,97.06882833067216,96.36655761990744,96.64016660299367,4274000
2020-08-10,96.72223663330078,97.15089132492298,96.46685855370684,97.0688107323808,4640200
2020-08-11,96.11117553710938,97.351555692726,95.88316458142016,97.26035270211877,8115900
2020-08-12,97.72549438476562,98.03558593620016,96.5945620231486,96.63103765174164,8205500
2020-08-13,97.59779357910156,97.6981189379311,96.94112103343218,97.60690900565632,5323300
2020-08-14,97.40625762939452,97.84403465338038,97.0323164196638,97.4153730552365,3826200
2020-08-17,97.98085021972656,98.35478450026272,97.53395077672548,97.5795487845104,4610200
2020-08-18,97.9534912109375,98.34567026601496,97.44274202583183,98.18150212764904,4220500
2020-08-19,97.63430786132812,98.31834082544296,97.42453469066191,98.04472485645978,6308100
2020-08-20,97.32420349121094,97.54309207832893,97.06883231318284,97.2056402895101,4938300
2020-08-21,97.4245147705078,97.55220034103424,96.66751677499992,97.16914362945496,6466700
2020-08-24,96.97760009765624,97.92612630051909,96.3847703510744,97.88964372060045,6363200
2020-08-25,97.63430786132812,97.67078349607227,97.09619831121935,97.47013967160684,5096500
2020-08-26,97.51570892333984,97.62515667031047,96.46685729614651,97.43362833186768,6995300
2020-08-27,98.28181457519533,98.73783634870524,96.98670745008867,97.67986249415898,7775200
2020-08-28,98.50071716308594,98.55543755706296,97.77107943780074,98.55543755706296,5159600
2020-08-31,98.7378387451172,99.2120983394084,98.20885180500532,98.290932386226,6721100
2020-09-01,97.85315704345705,98.7652006282129,97.26032732169766,98.61015488880608,10999300
2020-09-02,99.81404876708984,100.07854223272592,97.53393988230316,97.94435669822872,8495800
2020-09-03,97.0961685180664,100.08767064987612,96.40301337878286,99.94174728064544,13337300
2020-09-04,96.40300750732422,97.6069048031029,95.22647736505417,97.43362124759167,14715500
2020-09-08,94.81604766845705,96.28443835681496,94.55155420103988,96.24795577941188,9660200
2020-09-09,96.49421691894533,97.28769040793232,95.5092081481264,95.52744595869392,8200800
2020-09-10,95.01670837402344,96.76783052379244,94.7613372636414,96.76783052379244,9186200
2020-09-11,95.39064025878906,95.84666207540056,94.6610095272151,95.46360541944868,8764300
2020-09-14,96.75871276855467,97.27858435743094,95.97436158842676,96.16588993037742,5846900
2020-09-15,96.88640594482422,97.66164170321414,96.6401502475464,97.2603402459266,5580500
2020-09-16,96.72223663330078,97.59779774545652,96.61278888490337,97.40626940451692,7193300
2020-09-17,96.40300750732422,96.73134376602208,95.51833104408112,95.82842253377322,7597300
2020-09-18,96.25711822509766,96.87730838238974,95.36331210257497,96.52161180259576,8649300
2020-09-21,94.47886657714844,94.97332940229622,93.16029904342102,94.97332940229622,8783000
2020-09-22,94.27741241455078,94.5704266285148,93.4258387636538,94.32319872354918,7833300
2020-09-23,93.30680084228516,94.70777522158912,93.2152352135351,94.67114757288718,7681900
2020-09-24,92.83981323242188,93.30680705193862,92.27209511877386,92.9771651776927,8434600
2020-09-25,94.33235168457033,94.58874523804836,92.41860410167683,92.5193283940407,6769000
2020-09-28,95.18391418457033,95.925611794633,95.00078293957242,95.23885914687703,6511100
2020-09-29,95.0648956298828,95.83406235800248,94.68947441842768,95.34875120337404,5402700
2020-09-30,96.5849151611328,97.36323359019345,95.33960288023157,95.35791321406366,7565500
2020-10-01,96.25525665283205,97.42731342411612,95.8432008596088,97.0335749475745,9113200
2020-10-02,95.37620544433594,96.33765490284208,94.9641496883972,95.33957780029635,8628700
2020-10-05,97.33573150634766,97.43645577320868,96.035474693962,96.0629506643854,6661200
2020-10-06,96.04463958740234,97.66537963322077,95.95307397140331,97.6104346748144,7747200
2020-10-07,97.85768127441406,98.15984714489728,96.70393481344782,96.72224514444304,7873100
2020-10-08,98.33383178710938,98.6543149910909,98.12323153278292,98.42539741881696,5942700
2020-10-09,99.22203063964844,99.5150448454964,98.62684356920454,98.88323012607027,5636300
2020-10-12,99.89964294433594,100.2933815103654,99.341083420759,99.67072533585394,5065000
2020-10-13,99.13961029052734,99.82636294614088,98.8832237501931,99.30443120731496,6773600
2020-10-14,98.56275177001952,99.51504973229146,98.2514272173974,99.1030008865245,5999900
2020-10-15,97.84854125976562,98.03167254864948,97.18009878191891,97.34491973631872,6197700
2020-10-16,98.81912994384766,99.55166892520838,98.13237726857554,98.16900491624452,7462100
2020-10-19,97.25334167480467,99.37769649027486,96.92369980809292,99.07552361478744,8308500
2020-10-20,97.38152313232422,98.18731736910568,97.2167022189834,97.60128202144227,7421100
2020-10-21,96.8962173461914,97.6470666079816,96.6672998031333,97.37236276190828,5474300
2020-10-22,98.36131286621094,98.53529247804366,97.0244349181557,97.033593578255,6127100
2020-10-23,98.7275848388672,99.44180665184444,98.16902532133145,98.85577813934972,5697900
2020-10-26,97.6287841796875,98.04999174097011,96.6947964249213,97.93095011351328,8135500
2020-10-27,96.96034240722656,97.75697820560268,96.90540441630787,97.27167398979154,6893100
2020-10-28,93.88367462158205,95.93477413488507,93.76463999769734,95.3579043615839,11431700
2020-10-29,93.114501953125,94.2316206798497,92.53762527417196,93.81956491116767,15974200
2020-10-30,93.0870361328125,93.54487123402993,91.85087577071803,92.99546352376164,10741700
2020-11-02,94.76270294189452,94.98246881031272,93.77378447804828,94.46053709833512,10287300
2020-11-03,96.1453628540039,97.18922623468096,95.85234869427016,95.92560398070574,9812900
2020-11-04,100.41240692138672,102.02398159490537,98.69094231256882,98.88323223431786,25531500
2020-11-05,100.61383819580078,101.8683088739762,100.43070695177931,101.79505358196394,12864800
2020-11-06,100.65047454833984,101.33722725184,100.0003494940142,100.72372984668888,12311200
2020-11-09,101.59361267089844,104.76183792187624,101.46541939322994,104.3131544640268,20443000
2020-11-10,101.8866195678711,102.25288904323132,100.78781812779954,102.06059914051929,12526500
2020-11-11,101.7584457397461,102.70159208943424,101.26398290144694,102.70159208943424,9935400
2020-11-12,101.38300323486328,101.96903158995424,100.70540925916605,101.56613447607582,7856300
2020-11-13,102.6649398803711,103.05867832487678,101.70348342708708,101.8866146629465,6576100
2020-11-16,102.49097442626952,103.64472093184752,101.97820130646144,103.47990000247924,7586000
2020-11-17,101.82254028320312,102.1979684805692,101.3372361147136,101.96905089271488,8898100
2020-11-18,99.92709350585938,102.07892421744673,99.89962451567057,102.04229656852505,9849900
2020-11-19,99.8538589477539,100.00952123760442,99.11216118044672,99.92710726967664,10410900
2020-11-20,99.62492370605467,100.09191049290123,99.27696454800105,99.62492370605467,7674500
2020-11-23,99.36853790283205,100.17433223804608,98.74588181926208,100.11938726954789,7747700
2020-11-24,99.66154479980467,100.33914580210642,99.32275128466328,99.8538416964102,9615900
2020-11-25,99.29530334472656,99.85386286410738,98.88324746094791,99.78060755330084,11671800
2020-11-27,100.2109603881836,100.28420870319658,99.37769705756946,99.69818026703258,4443900
2020-11-30,100.48565673828124,100.57722237105408,99.71649703977758,100.24758749027392,12723400
2020-12-01,101.32806396484376,102.43602402784192,101.15408439770876,101.45625722925617,12682400
2020-12-02,102.08807373046876,102.26205331266368,101.33722440848324,101.40132104623775,8552400
2020-12-03,101.95988464355467,102.36278180371129,101.52036681975646,102.0514502746785,9795700
2020-12-04,103.0495376586914,103.0678479910706,101.868322118946,101.99651540363062,7859600
2020-12-07,102.41771697998048,103.03121437631724,102.0422958068526,102.9396487477014,5803200
2020-12-08,103.19603729248048,103.27845125003094,102.13386340523408,102.17049105458877,7953200
2020-12-09,102.83893585205078,103.61726124652591,102.3811006722468,103.60810258684693,7386400
2020-12-10,102.6649398803711,103.23265090314057,102.4543326717248,102.82060212945248,5411000
2020-12-11,102.2620620727539,102.49097965377403,101.55699899705635,102.24375174011676,5222400
2020-12-14,101.4928970336914,103.5531552966894,101.4288003893941,103.04038214231096,8469300
2020-12-15,102.5916976928711,102.811456601168,101.65771010709229,102.19795919808392,5007500
2020-12-16,102.2895278930664,102.86639766438672,101.85001006330138,102.5001351349192,5355400
2020-12-17,103.3883285522461,103.45242518861411,102.44518235138877,102.45434100972972,4263700
2020-12-18,103.47073364257812,103.71796152522516,102.36277352773536,103.48904397291857,7876700
2020-12-21,102.43545532226562,102.52739849515334,100.55978513313563,101.93895377089464,6129600
2020-12-22,102.12283325195312,102.4906129335962,101.54358498836471,102.2515550883061,13104100
2020-12-23,102.1963882446289,102.95033341801896,102.12283090702653,102.48141415932092,3920700
2020-12-24,102.49063110351562,102.68371389227552,102.10446552599582,102.24237679309915,1674700
2020-12-28,102.74805450439452,103.25375243316049,102.4722179951015,103.02389101368756,4390100
2020-12-29,103.23536682128906,103.70428611400196,102.88597996455424,103.2261703997182,5053300
2020-12-30,103.21700286865234,103.7962512837234,103.1066668308606,103.44686435293994,3563700
2020-12-31,104.30191802978516,104.4674185293596,102.88597087005115,103.22616127514432,5581200
2021-01-04,103.85140228271484,104.72488001824571,102.15962534559316,104.70648717359904,12911800
2021-01-05,104.60533142089844,104.96392168799196,103.22616290757222,103.66749991835468,11081900
2021-01-06,106.03966522216795,106.3154946997586,103.14341011117936,103.14341011117936,17833700
2021-01-07,107.41885375976562,107.57515786113652,106.01210281779804,106.17760334125391,12407100
2021-01-08,107.93373107910156,108.41184677546072,106.91314578224288,107.61192648432947,9350600
2021-01-11,108.43941497802734,108.61410486981065,107.82338110232897,107.96129934359912,6428200
2021-01-12,107.26253509521484,108.34747425023728,106.77522299828053,108.22794883861968,9225500
2021-01-13,107.55677032470705,107.92454302449218,106.81201447356854,107.20737643917072,5259600
2021-01-14,107.21656036376952,108.13600603568948,107.08783853088585,107.7314476953043,5792300
2021-01-15,107.5475616455078,107.79580889105137,106.49939413798832,106.92233830638972,10335200
2021-01-19,108.35668182373048,108.70607570333598,107.78662993985112,108.4026569178305,6194500
2021-01-20,108.95430755615234,109.12900447123586,107.88774725431496,108.54055982705438,6872000
2021-01-21,108.43941497802734,108.92672001767728,108.07163533957792,108.8163840216985,5796200
2021-01-22,108.11762237548828,108.72445993759976,107.97971112483968,108.11762237548828,4796400
2021-01-25,108.8255844116211,108.8899453245866,107.96130328195844,108.18197528196598,6962000
2021-01-26,108.42105102539062,109.40485778684834,108.36588652010992,109.13821765329988,5504000
2021-01-27,105.1294174194336,107.225759496881,104.86278434086852,107.225759496881,13096900
2021-01-28,106.6648941040039,108.00728393996258,105.81899875663764,106.02127792633796,12626100
2021-01-29,105.76384735107422,107.2625484676243,104.90876249184733,106.5085961909505,10462400
2021-02-01,106.16840362548828,106.97751337349656,106.00290310716676,106.62812650806868,10105300
2021-02-02,106.4718246459961,107.52918168626944,106.4442353800181,107.00509786972178,11515700
2021-02-03,105.7178726196289,106.52698233285152,105.38687159721644,106.47181783405416,11280300
2021-02-04,106.15919494628906,106.59133552838895,105.48800354351518,105.71786495826504,8451500
2021-02-05,106.35227966308594,107.05106034101826,106.09483599616716,106.88555983873992,5557000
2021-02-08,106.4810028076172,106.87636473377157,106.16839464102782,106.7292570714983,6956700
2021-02-09,106.6373291015625,106.73846168795396,106.37068897245618,106.47182857366252,4730300
2021-02-10,106.83039855957033,107.43722907631997,106.4534224539358,107.40964682757873,5406400
2021-02-11,107.0326919555664,107.29932507202888,106.526993945417,107.2073818924058,4684000
2021-02-12,107.83258819580078,107.95212062364592,106.68328109614428,106.82119935106584,6345300
2021-02-16,106.76604461669922,108.0716559177264,106.41665073697752,107.97051632252428,9531900
2021-02-17,107.15221405029295,107.20737855338572,106.29712917828182,106.41665460658766,5022200
2021-02-18,106.4810028076172,106.91314340304336,106.0396728059835,106.62811748470436,7756600
2021-02-19,105.19380950927734,106.64652871000442,105.1018593067928,106.56378194554702,9390800
2021-02-22,104.9455337524414,105.26733835096596,104.00770220605357,104.68809007362177,7213300
2021-02-23,104.77082061767578,105.51557630458164,104.28351558458726,104.8719601922579,8731500
2021-02-24,105.49720001220705,106.06725888428356,104.55936846376026,104.8903694843448,9842000
2021-02-25,104.4398422241211,105.7730428068745,103.9065690058343,105.35009859211588,14494800
2021-02-26,103.53878784179688,104.80762046829072,103.272147728983,104.80762046829072,14687000
2021-03-01,104.89037322998048,105.37767835690543,104.35709300946036,104.38467525969168,7361800
2021-03-02,104.5869598388672,105.35929094441236,104.48582023959608,105.11104366471992,8456100
2021-03-03,103.26293182373048,104.3110992336794,103.0238810213303,104.20077025251412,14946600
2021-03-04,101.87459564208984,103.71348720952965,101.07467528492027,103.03309227891036,23441700
2021-03-05,103.91573333740234,104.2467342977434,101.64470871341372,102.47220409945342,15645200
2021-03-08,103.65830993652344,105.3041186397718,103.52958809513544,103.99850738294268,12691800
2021-03-09,104.26515197753906,105.92015015872298,104.21917688300012,104.4214560752682,11022300
2021-03-10,104.50418853759766,105.55235594310588,104.46740987242734,104.95471491001112,11641100
2021-03-11,105.13861083984376,105.7178661007541,104.71566667391096,104.86278134805129,6549400
2021-03-12,105.36847686767578,105.5155915482534,104.75244992608869,104.91795043433146,7452400
2021-03-15,106.0948486328125,106.1224308840085,105.05587742048031,105.17540284726785,7119100
2021-03-16,106.03047943115234,106.39825911962244,105.6443139149251,106.20517636150882,8618600
2021-03-17,105.64430236816406,106.1683860871378,105.00988265026464,105.57074503554692,7524900
2021-03-18,105.42365264892578,106.28792688046468,105.11103744744752,105.15701254069307,8553300
2021-03-19,105.8006362915039,106.4258597655355,105.00071585691757,105.53399614664178,12595800
2021-03-22,106.72140502929688,106.79521766827176,105.20828112611468,105.7341838602797,6156800
2021-03-23,105.64192199707033,106.767540108807,105.37435645910334,106.59223685034156,9170500
2021-03-24,105.5219955444336,106.33391356510585,105.49431052171607,105.69729178667455,12647000
2021-03-25,105.96485137939452,106.1678326328975,104.58089596641376,105.67883617991008,11505300
2021-03-26,107.96696472167967,108.10536166166736,105.94639473883872,106.23240991942863,8286500
2021-03-29,108.47441864013672,108.84347480316733,107.4964257913923,107.53333211161144,8958900
2021-03-30,107.49642181396484,108.17917111485484,107.24730592149324,108.17917111485484,6865700
2021-03-31,107.70864868164062,108.36372015117236,107.5425737288606,107.72710536481738,8504100
2021-04-01,107.38568878173828,107.98540406596996,107.04431065645942,107.88391346221567,6676400
2021-04-05,108.13304138183594,108.46519122748671,107.75476391488752,107.9300671776368,7190900
2021-04-06,107.71785736083984,108.58513829362134,107.56101077827834,108.27143808933748,5206700
2021-04-07,107.47796630859376,108.02232571867778,107.20117947291024,107.65326956527244,5753200
2021-04-08,107.64403533935548,108.11458208519534,107.49641710956196,107.79166060830926,4292400
2021-04-09,108.82501220703124,108.88959650411331,107.6440381808675,107.70862247794958,5919100
2021-04-12,108.93572998046876,109.15716084818334,108.54822420217812,108.66816445569845,8279500
2021-04-13,109.3878402709961,109.69231216984804,108.49288125633768,108.59437188928833,6519600
2021-04-14,109.37860107421876,109.82146281903796,109.18484114180475,109.2586537789948,6226600
2021-04-15,111.25155639648438,111.57447789582989,109.81223808072043,109.81223808072043,8438300
2021-04-16,112.08191680908205,112.2110853924726,111.43606685296923,111.823572603141,7447400
2021-04-19,112.10961151123048,112.1372894919206,111.53757410004452,111.86972394664784,7094300
2021-04-20,112.54325103759766,112.82926622121566,111.59292912717362,111.59292912717362,8063900
2021-04-21,113.8718490600586,113.9364333640736,112.83850019581864,112.89385615949972,9635900
2021-04-22,113.36439514160156,114.03791611709224,112.93075468494172,113.77957891886784,10030800
2021-04-23,114.11172485351562,114.37006204290444,113.06914775657926,113.30902826720572,4974500
2021-04-26,113.72422790527344,114.0563777571971,113.5120183179818,114.04714941709894,6907100
2021-04-27,113.06916046142578,113.45666628905047,112.88462884887024,113.43820960821432,7034700
2021-04-28,112.72777557373048,113.01379075728158,112.52479433153516,112.884622155732,6788100
2021-04-29,112.2756805419922,112.87538886323298,111.66673684212483,112.84771088399548,8148900
2021-04-30,111.94355010986328,112.48790256695186,111.74056884140256,111.83283113456784,7153400
2021-05-03,113.2167739868164,113.33671425060042,112.39562770291114,112.55247428766586,13179100
2021-05-04,113.3367156982422,113.41975668127716,112.56170406544138,113.05070050601728,16186300
2021-05-05,113.53970336914062,113.8903099230926,113.30904412645074,113.49357574409952,16713700
2021-05-06,113.68731689453124,113.69654523424876,112.31258992137424,112.89384861868368,16115000
2021-05-07,114.47157287597656,115.07128833678225,113.90876374005325,113.95489840594664,7576700
2021-05-10,114.6191864013672,115.5049169900734,114.57305174021292,114.88674491074676,8846700
2021-05-11,113.3828582763672,114.49924818108433,113.12452104739616,114.0194800471612,11357800
2021-05-12,112.31258392333984,113.33670432414614,112.20186497012494,112.77390233632804,10946500
2021-05-13,113.3274917602539,113.8441661700987,112.3402705619228,112.51556678574248,11228000
2021-05-14,113.89950561523438,114.27779006698914,113.61349047113872,113.98254658429562,6590400
2021-05-17,113.68731689453124,114.29625357183248,113.6135042551127,113.77035083450656,5997700
2021-05-18,113.72422790527344,114.3792992690226,113.27213074955672,113.65041526281016,9202000
2021-05-19,113.53047943115234,113.60428503733644,112.18342329066348,112.9861199706817,10063000
2021-05-20,114.7206573486328,115.20966076985567,113.49355574353304,113.49355574353304,7522700
2021-05-21,114.7391357421875,115.9385666354717,114.64687345174138,115.09896360234043,8423300
2021-05-24,114.84986114501952,115.56028856431138,114.80372647763248,115.32962930569998,4958800
2021-05-25,114.50846862792967,115.0251430502534,114.37930002234876,115.01592174925553,6798500
2021-05-26,113.84416198730467,114.51768999467248,113.35516557607356,114.48078367544514,6848800
2021-05-27,113.59505462646484,114.17631332383378,113.5304703267572,114.08405104413151,8102900
2021-05-28,114.03791809082033,114.97901165968102,113.9641054502899,114.0286897509638,10059900
2021-06-01,112.16497039794922,114.21322549236936,112.07270811352224,114.17631917076632,13368300
2021-06-02,111.94355010986328,112.55248687608376,111.67598453227065,112.26647165552276,13245100
2021-06-03,112.28490447998048,112.58014799738368,111.27923366853724,111.52834252668715,13244400
2021-06-04,112.64473724365234,113.20754632328696,112.51556863906352,112.87539647172684,11228900
2021-06-07,113.05071258544922,114.04716225337292,112.72779103727817,112.9215439661808,13978500
2021-06-08,112.7000961303711,113.3920737893306,111.83281521194372,113.32748948939414,10799500
2021-06-09,113.78881072998048,113.9825636345597,112.98611409172858,112.98611409172858,7965600
2021-06-10,115.73555755615234,115.86472613956376,114.01945261750348,114.06558023205908,9350900
2021-06-11,114.91444396972656,115.61564303864031,114.33317814047945,115.5602870698213,6958100
2021-06-14,115.01593017578124,115.03437981828976,114.20400512217503,114.84985523655833,5156000
2021-06-15,115.05282592773438,115.31117018905135,114.56382946591678,115.1358669143766,5409100
2021-06-16,114.60995483398438,115.75402259895212,114.28703333248066,115.17276389624548,11653200
2021-06-17,115.4864501953125,115.79092203827776,114.38851715544314,114.40696679479238,6527000
2021-06-18,114.16709899902344,114.78527113115165,114.01025240035936,114.62841749332595,11152600
2021-06-21,115.53882598876952,115.75186365342144,114.1124198572256,114.52923083590224,6655400
2021-06-22,115.7889404296875,115.9463990931608,115.22393504510156,115.61295306072874,7194000
2021-06-23,115.3072738647461,115.90006514245356,115.26096624198644,115.63145549058152,6506600
2021-06-24,115.90008544921876,116.7151788988505,115.77041277616472,115.98345049139958,7029200
2021-06-25,116.42803192138672,116.78000663658575,115.78893295600194,115.8537692877549,8344200
2021-06-28,116.60401916503906,116.75222053268963,116.1594291953476,116.54844718548516,4631400
2021-06-29,116.73371124267578,117.09494330311377,116.4651015191086,116.61330291140688,6165500
2021-06-30,116.65959930419922,116.90042301016044,116.21500930341148,116.6132916735421,8542700
2021-07-01,117.69696807861328,117.78033310647156,116.69663014409085,116.7429448336376,12021000
2021-07-02,118.82697296142578,118.9381310442659,117.6413974549942,117.84517078473212,12327900
2021-07-06,118.7158203125,118.7250775965337,117.87294813454724,118.47500372830152,11413100
2021-07-07,119.4660873413086,119.4660873413086,118.28976903684656,118.725094647709,18435700
2021-07-08,118.80846405029295,118.9010793016016,117.73402537564236,118.35460267912336,8386600
2021-07-09,119.21602630615234,119.57725833995272,118.94740953576186,119.23454087887735,5224200
2021-07-12,119.44756317138672,120.04035445197572,119.12337447734598,119.21600385657446,9097900
2021-07-13,119.33641815185548,119.72543614732967,119.0492868313812,119.29937487606482,9698800
2021-07-14,119.22527313232422,119.70692051288808,119.0122424985838,119.60503383879303,7487000
2021-07-15,118.80846405029295,119.1048526410443,118.07673572530778,118.58616200728464,8750600
2021-07-16,119.13264465332033,119.56797734293546,118.72509795382864,119.11413008207832,6511000
2021-07-19,117.8822250366211,118.91961341798874,116.91894440625924,118.35460806622773,19460400
2021-07-20,119.31788635253906,119.99403557085982,118.2619694125802,118.2619694125802,15053700
2021-07-21,119.51239776611328,119.83658647462808,118.22492848360584,119.7995290679786,8295700
2021-07-22,120.39234161376952,120.39234161376952,119.29011677028429,119.61430553599008,9261100
2021-07-23,121.78166961669922,121.90208498178669,120.75354570434156,120.90174705625552,8303800
2021-07-26,120.9944076538086,121.79097245930446,120.59611818442944,121.438997691006,6626500
2021-07-27,121.55937957763672,121.55937957763672,120.50346969708002,120.82764424875688,9551600
2021-07-28,121.99473571777344,122.34669632361368,121.07775559218533,121.38341563404803,7432600
2021-07-29,122.29110717773438,122.47635180743092,121.92987520318538,122.39299384405636,5662700
2021-07-30,122.40227508544922,122.8561365303058,121.9206417806249,122.0873577400036,6634400
2021-08-02,122.5689926147461,123.05064000346354,122.20776060652318,122.88390992791264,8366300
2021-08-03,124.27326202392578,124.31031943209548,122.54120272338768,122.6245606918792,7701700
2021-08-04,123.74530792236328,124.55112984413704,123.58783514538132,123.79160848037736,8322100
2021-08-05,123.2358856201172,123.67121831720368,122.30037682570293,123.65268961238318,8240900
2021-08-06,123.13397216796876,123.29143079155156,122.3466649167971,123.18028685331844,6923700
2021-08-09,123.60637664794922,123.8379359950354,123.21735864083576,123.3099880329746,9852500
2021-08-10,123.31922149658205,123.92127002940045,122.8468456077518,123.6711961588035,5832600
2021-08-11,122.09661102294922,123.70825492392164,121.99472435182086,123.51375300020564,14512500
2021-08-12,123.05989074707033,123.16177741747366,122.13365342822536,122.21701139493904,8220300
2021-08-13,123.82866668701172,123.85645267530352,123.21734667807262,123.365548037802,7922900
2021-08-16,125.2365951538086,125.25510973030772,123.40263448535286,123.82871001032886,8404200
2021-08-17,126.71852111816406,126.71852111816406,124.83826055406308,124.90310394819176,13874500
2021-08-18,124.7919692993164,126.69075892308966,124.71786860636416,126.55182895709297,12427700
2021-08-19,125.35696411132812,126.00532745323156,123.93056475914057,123.9676080358518,11669200
2021-08-20,126.07014465332033,126.4499052936754,125.0420208058089,125.47735341631198,7252700
2021-08-23,126.1164779663086,126.87598522593632,126.0794205585648,126.78336997309684,8471300
2021-08-24,125.6718521118164,126.13497069560096,125.31062018179476,126.11645612819504,6548100
2021-08-25,125.32916259765624,125.61629388970324,124.81047198837666,125.55146463017284,6918500
2021-08-26,124.83827209472656,125.68115149676332,124.59745546554208,125.4032774580054,5972100
2021-08-27,124.6993408203125,125.4588481093895,124.4955674696005,125.1161448074014,8679200
2021-08-30,125.40326690673828,125.85712826963092,124.57891627884804,124.58817356383214,6417200
2021-08-31,125.2365951538086,126.01463136470616,124.791990919069,125.43109713990074,9299100
2021-09-01,125.27359008789062,125.44957742955737,124.08800751938315,125.33843348040324,10571100
2021-09-02,126.61666107177734,126.63518977874676,125.59780832065744,125.73673828977212,6847800
2021-09-03,126.75559997558594,126.93157321815995,125.88493451614242,126.48698320196436,5632800
2021-09-07,126.01461029052734,126.48698631101732,125.19025950971414,126.28321293748938,8739100
2021-09-08,125.9590301513672,126.16280351170636,125.4310680450536,125.76451407713029,6986200
2021-09-09,124.50480651855467,126.07014969553282,124.43070584430774,125.7830184161124,8905600
2021-09-10,123.36553955078124,125.06055538627008,123.30069616038826,124.94939730749044,10561600
2021-09-13,122.6060562133789,124.08804190126622,121.9854787698892,124.01394120354556,11676700
2021-09-14,122.58753967285156,123.46746247762002,122.37449487034785,123.18033111184678,10436300
2021-09-15,123.38406372070312,123.95832626247976,122.24478178792565,122.43002640140926,10299900
2021-09-16,123.06912994384766,123.77307924799116,122.22626484885876,123.54151995231402,10525700
2021-09-17,123.18958282470705,123.29146951117072,122.38376075293364,122.9672807451693,13541400
2021-09-20,121.90404510498048,122.9915737081502,120.8444145789963,121.79250952847448,17245000
2021-09-21,122.0899658203125,123.34478369950246,122.0713718284775,122.46176055865172,11741800
2021-09-22,122.29444885253906,122.9079087107135,121.70885870562888,122.45246231472484,11964100
2021-09-23,123.17745971679688,123.89316517752825,122.48033406173232,122.5732756392396,10366500
2021-09-24,122.67552947998048,123.42842296834756,122.41527035271922,122.97297658716973,6962600
2021-09-27,120.9280776977539,122.471038475591,120.66781856977856,122.32232910464704,11631400
2021-09-28,118.85530853271484,120.1566114945548,118.44632577831442,120.1566114945548,17433400
2021-09-29,119.79410552978516,120.35179767633213,119.14344341755536,119.38512277914737,11171400
2021-09-30,118.32550811767578,120.94669418233056,118.2232624161748,120.19380046357934,21653100
2021-10-01,118.35336303710938,118.91106221411547,116.44788316651456,118.48349260869314,23188900
2021-10-04,116.55014038085938,118.47420734149784,115.96455725076262,117.87003021845996,27580700
2021-10-05,117.24726104736328,118.4370212482726,116.86616930716428,117.02418278257534,19151800
2021-10-06,117.03347778320312,117.13571637202637,115.72287793041818,116.59661116560814,21322100
2021-10-07,118.5857391357422,119.34792257961132,117.6190572459506,117.84213550004716,15806400
2021-10-08,117.99085235595705,118.97612108943952,117.74918012436586,118.75304284802507,9552300
2021-10-11,117.07066345214844,118.51139302752676,117.03348964782414,117.88862897789852,7843400
2021-10-12,116.50364685058594,117.56328446853936,116.21550382245316,117.442444805235,13007200
2021-10-13,116.68956756591795,117.21938290299524,115.97384775611935,116.69886456243664,10609000
2021-10-14,118.36265563964844,118.82740614633757,117.89790513295934,117.89790513295934,8857900
2021-10-15,118.9482421875,119.48735446077804,118.72516393672382,118.9761260824058,8976100
2021-10-18,118.13959503173828,118.54857780801498,117.6283736529234,118.4277452111746,11660700
2021-10-19,119.69186401367188,119.99860108734072,118.78094978955762,118.78094978955762,9487000
2021-10-20,121.40213775634766,121.57874523248157,120.2960291915603,120.40756478361918,13665700
2021-10-21,121.89476013183594,121.96912191353417,120.77005768535724,121.65309497861142,8267500
2021-10-22,122.38738250732422,122.43386038920409,121.59731524759968,121.78321259206083,8009700
2021-10-25,122.53612518310548,122.6662547628464,121.49508854517816,122.44316940483604,10629700
2021-10-26,123.14029693603516,123.49351187878706,122.14573817316209,122.81498007360742,9271600
2021-10-27,122.164306640625,123.46561651870142,122.12713284207852,123.33548694919972,11851400
2021-10-28,123.18677520751952,123.66081564552852,122.38740372301412,122.38740372301412,9282500
2021-10-29,124.38583374023438,124.543847212221,122.5547155897716,123.02875600573148,15415100
2021-11-01,124.2371063232422,125.0085938506098,123.76305173891026,124.49736546704575,14356700
2021-11-02,125.01789093017578,125.64065493023988,123.63292926304013,124.72044378700822,20851500
2021-11-03,125.7521743774414,125.79865226047858,124.31145928469928,124.7762097489538,14610000
2021-11-04,124.8877944946289,125.659282271021,124.0233509155624,125.46408075863046,15818500
2021-11-05,123.49349975585938,124.27427716871252,122.601172581842,123.7630487972994,14867300
2021-11-08,124.2278289794922,124.38585666366224,123.23327007650738,123.71661466893524,8948800
2021-11-09,123.77234649658205,124.3765164242164,123.53066717908143,124.26498085186752,7287000
2021-11-10,124.1255340576172,124.62747244614536,123.71656560796448,123.73514541268251,8445400
2021-11-11,123.7630386352539,124.19061528798046,123.46560572370952,124.1069636112703,8597300
2021-11-12,124.3765106201172,124.6646536239444,123.68868904531875,124.55311805680044,8317600
2021-11-15,123.60507202148438,124.72977477241896,123.4842465036946,124.66470287717075,6268900
2021-11-16,124.1255340576172,124.79477578695008,123.36335075552294,123.57713197423683,6150900
2021-11-17,124.30215454101562,124.78549899254106,123.72586850696584,124.2649807446176,8229000
2021-11-18,124.3486557006836,124.66468266992884,123.92109313830736,124.43230739553182,9029300
2021-11-19,123.5957489013672,125.13872396276378,123.48421332012973,124.72043716700398,10166100
2021-11-22,123.0380630493164,124.1999394902386,122.88004955531842,123.77237690249396,11146200
2021-11-23,123.1681671142578,123.2982966813466,122.08995677969028,122.46175149049851,12075200
2021-11-24,123.12171936035156,123.34479054250671,122.508245243303,122.9358077978077,6760800
2021-11-26,122.6662826538086,124.29290986195087,122.2387058328346,123.5679000123954,11896900
2021-11-29,123.0008544921875,123.82810971707627,122.87072493489234,123.33547537995476,17137100
2021-11-30,120.58416748046876,122.85215231618264,120.40756001133455,122.294460194931,19467000
2021-12-01,120.3703842163086,122.77778849670032,120.35179022432334,121.16046577048915,22241400
2021-12-02,120.95596313476562,121.44859750350967,119.7568989670234,120.33319920037331,17531100
2021-12-03,121.17903137207033,122.26654575521074,120.17516866846562,121.8017952914896,22111900
2021-12-06,121.86687469482422,122.3966828810144,121.30916843067295,121.49507997409634,15230900
2021-12-07,123.43775939941406,123.73519240148136,122.52685221531353,122.69415561965218,11974700
2021-12-08,124.36724090576172,124.4508925946989,123.16817663208806,123.79094062149848,15144700
2021-12-09,124.65535736083984,125.06433999691107,124.15343315124332,124.2463747247686,9095800
2021-12-10,125.09223175048828,125.35249086561022,124.27426642692905,124.33003421116116,8554300
2021-12-13,126.27275848388672,126.6259593367754,125.09228785035752,125.09228785035752,12201800
2021-12-14,125.76148223876952,126.42141997530696,125.13871829994248,125.68712046028972,11070800
2021-12-15,128.3362274169922,128.40128512069228,125.91951881348784,126.03105441015178,14996300
2021-12-16,129.09840393066406,129.74905184751572,128.0945410662097,128.3269163353039,19227500
2021-12-17,128.19676208496094,129.23779855161263,127.69483784084191,128.4477312985495,21504200
2021-12-20,127.42047119140624,128.3255533150728,126.31945167296388,127.93366428795431,16185700
2021-12-21,127.9523468017578,128.00832892201666,126.59937912018152,127.78438620341252,10773400
2021-12-22,129.4452667236328,129.51991430294646,127.66310737871066,127.88703587908164,7246000
2021-12-23,129.97711181640625,130.39699194833264,129.39859669652003,129.78116016147075,7743800
2021-12-27,131.34869384765625,131.34869384765625,130.30364237706306,130.4436118734923,6968900
2021-12-28,131.0034637451172,131.7032686032376,130.658231237799,131.47000031719747,6065900
2021-12-29,131.74989318847656,132.02049230776132,130.77950361817824,130.87280236745073,7103600
2021-12-30,132.0205078125,132.47770448402375,131.85254726398338,131.99251676067465,7931700
2021-12-31,131.46066284179688,132.36574484891878,131.41400634128817,131.86189166109375,7882800
2022-01-03,130.1077117919922,131.1434234742352,128.98802695005617,130.9008153628128,15122300
2022-01-04,128.39083862304688,129.9677198876828,127.84031478340373,129.81843904203512,14304500
2022-01-05,127.47640991210938,129.4451942213846,127.4297676590364,128.67074203704237,15370700
2022-01-06,126.00218200683594,127.4577879659711,125.77825358048074,126.6833356038404,15182000
2022-01-07,125.3583755493164,125.93687631007744,125.09711622267815,125.70360803718148,9619400
2022-01-10,126.64600372314452,126.72065127720435,124.50927265874718,124.8078486374213,15589900
2022-01-11,127.65373992919922,127.67240537938392,125.96487974543776,126.83263097187422,12168300
2022-01-12,127.2898406982422,127.48579232932644,126.7393309425564,126.9259427298572,10831800
2022-01-13,125.31172943115234,127.2245322749163,125.08778674509168,127.06589730714416,13804900
2022-01-14,125.09711456298828,125.22774422457432,123.80946915766508,124.9758105066708,14341800
2022-01-18,123.34294891357422,124.06141926600108,123.02570744174784,123.86546762895114,16471400
2022-01-19,122.83905792236328,124.54658326489928,122.71776811077942,123.57619358440613,14639600
2022-01-20,122.03660583496094,124.3972935157634,121.96197252742408,123.13763932823623,15127800
2022-01-21,120.8049774169922,122.7924277092619,120.60902579818516,122.40986431484612,25804800
2022-01-24,120.40373229980467,120.60900949649852,116.559476139109,119.7132673996199,37938000
2022-01-25,119.62931060791016,120.65568249418055,117.81913936394282,118.80820170884114,19326800
2022-01-26,119.00414276123048,120.90761271921838,118.0710696711648,119.82524451772647,29557400
2022-01-27,119.31206512451172,121.15021323284408,118.92016899494404,119.58265718970576,18483600
2022-01-28,121.74738311767578,121.79403962364412,118.36966280155436,119.20943007750122,20906800
2022-01-31,122.44717407226562,122.6711167329114,121.28083274350332,121.5234408519275,19044400
2022-02-01,122.77375030517578,122.9976929566391,121.79402078167487,122.8857145121252,14674800
2022-02-02,124.42530822753906,124.72388422715731,122.43785789428316,122.68979162721172,13595200
2022-02-03,123.89346313476562,124.35999975275692,123.66019482576996,124.25736112729614,13805600
2022-02-04,123.44558715820312,124.31333839982427,122.54050501555928,122.764447708994,12004100
2022-02-07,123.2309799194336,123.92144495052108,122.88573316632322,123.49223926701804,9229200
2022-02-08,124.23866271972656,124.45327975812064,122.29788343276564,122.57779393925546,11071600
2022-02-09,125.19974517822266,125.46101875199156,124.70521756058392,124.83584722868537,10811000
2022-02-10,123.24029541015624,124.83584242068878,122.75509341693852,123.75348845706294,14393300
2022-02-11,121.53276824951172,124.00540620793058,121.3834731402126,123.07233313115889,13072300
2022-02-14,120.29178619384766,121.51410971596184,119.38670411887212,121.2808414334953,14386900
2022-02-15,121.6447296142578,122.12060598430998,121.02891221855816,121.33681379762552,8969900
2022-02-16,121.83135223388672,122.1765846986055,120.68366215713893,121.01956901709067,8779200
2022-02-17,119.87189483642578,121.402134055697,119.69460868044771,121.33681210873046,11906800
2022-02-18,118.97615814208984,120.40375178931052,118.57493640691112,119.75994328190129,13505600
2022-02-22,118.67755889892578,119.64794856871428,117.88444114219884,118.5562548511156,13682100
2022-02-23,118.0804214477539,119.69463416750452,117.96845009611752,119.28407966362164,12022800
2022-02-24,118.55628204345705,118.79888307593876,115.75706236012314,115.97167233477694,23220000
2022-02-25,122.18592834472656,122.484518592134,118.95749604185838,119.08812571570748,17012300
2022-02-28,121.26219177246094,121.40214704870397,119.85324221630512,120.22648001556368,17987700
2022-03-01,120.59036254882812,121.61673433100036,119.65728952636368,120.62767920519836,14064200
2022-03-02,122.40985107421876,123.07232494160738,120.96358505394788,121.1222057579362,12395600
2022-03-03,123.03500366210938,123.75347384293411,121.98996648095611,122.95103051095894,11172600
2022-03-04,123.65084838867188,123.7628126021066,121.43012990511455,121.79402783634272,12160400
2022-03-07,121.49546813964844,123.10968079581416,120.94494412881768,122.8764124948482,15704000
2022-03-08,119.01348114013672,121.5887578655548,118.93883358087685,120.69301562956858,21794600
2022-03-09,121.26219177246094,121.88734906895694,120.05851944650576,120.95427592715998,15576500
2022-03-10,121.21549987792967,121.4767591423506,119.66659549774704,119.79722512995752,10708800
2022-03-11,120.31046295166016,122.25125695271664,120.1891588773543,121.54211219531928,9869100
2022-03-14,121.15955352783205,122.90439575230636,120.8049811768438,121.28084335509146,14373200
2022-03-15,123.57620239257812,123.70683205575476,121.93398464113996,122.13926186006977,14374100
2022-03-16,125.05980682373048,125.07847227528906,122.93240094822394,124.201381140418,13840400
2022-03-17,127.0378875732422,127.09388391469945,124.52793307747773,124.6958793891558,10973100
2022-03-18,127.82169342041016,127.98031414427052,126.58070444690334,126.96326784786622,11364200
2022-03-21,127.72432708740234,128.8568592343882,127.12529816055644,127.76176014696564,11473100
2022-03-22,127.75243377685548,128.0332174907738,127.28444187768578,127.85539256595196,8892100
2022-03-23,125.459228515625,127.37799764581428,125.42179545776654,127.14400175876622,10013400
2022-03-24,126.95682525634766,126.95682525634766,125.65580851783317,125.92723749983512,7189200
2022-03-25,127.5465087890625,127.76178105122048,126.57307769743096,127.38739326642587,7040100
2022-03-28,128.47308349609375,128.5105308320839,127.30310418094729,127.76174121399536,8467000
2022-03-29,129.23129272460938,130.0549487734553,128.46377913779833,129.5401548166893,12327700
2022-03-30,129.4840087890625,129.99880278843398,128.82882291803554,129.25001281498282,10752900
2022-03-31,128.22042846679688,129.92391159022233,127.99578720879344,129.21256902951427,15843000
2022-04-01,129.23129272460938,129.27808048996835,127.71498922631868,128.5760926258274,20785700
2022-04-04,128.15487670898438,129.16574074166945,127.8553693744722,128.94109952930273,16769500
2022-04-05,128.4263458251953,129.95198973528454,127.76179103099966,127.82731675354526,15025100
2022-04-06,130.38255310058594,130.6914294847795,128.01451510374878,128.09875022253428,23197800
2022-04-07,132.8909912109375,133.22794598897516,129.91456923992232,129.91456923992232,18160200
2022-04-08,133.68655395507812,134.23878091193282,132.70376821096076,132.9003310725754,19102700
2022-04-11,131.02841186523438,133.8457187048505,130.8318489313155,133.30284624381804,16570700
2022-04-12,129.75543212890625,131.46828410915336,129.19383616483293,130.7007705770517,14085400
2022-04-13,130.3918914794922,130.52292863075303,129.07215098909325,129.746060419,15496400
2022-04-14,129.76483154296875,131.17816235422816,129.6712274227069,130.513621659113,10993400
2022-04-18,128.33274841308594,129.93328710769984,127.78987605707596,129.63376541528868,10125000
2022-04-19,129.5588836669922,130.01752089806297,128.62289981075153,128.66970185995962,11733100
2022-04-20,131.29977416992188,131.8052132960629,129.76476168508125,129.9145224840842,13674800
2022-04-21,129.8490447998047,131.8146167381965,129.55889207066653,131.66485588380868,11409700
2022-04-22,125.11296081542967,128.71650438815806,124.98192364634758,128.67905703586015,17525300
2022-04-25,125.95536041259766,126.22678945981536,123.34395733090504,124.74793318240144,16501900
2022-04-26,123.73706817626952,125.8711103162714,123.55922895093924,125.19720076869388,20087700
2022-04-27,123.4656219482422,124.71983676647402,122.85722393141354,123.71832728192996,16726700
2022-04-28,125.16911315917967,125.58094832808902,123.18483201659453,124.33608812460577,15510700
2022-04-29,121.94932556152344,124.59816148460985,121.76213165401488,123.95233036402252,17430200
2022-05-02,121.19116973876952,122.52963390346552,119.22560532784766,121.84635549541376,23615100
2022-05-03,121.57491302490234,122.7448925613965,121.1443542714027,121.56555833012202,13585300
2022-05-04,124.27058410644533,124.71985237119183,120.35816405008494,121.37838305456418,19053500
2022-05-05,121.85572052001952,123.79319935766824,120.60150578627808,123.66216221059044,16119800
2022-05-06,121.47198486328124,121.80893962597747,120.05865436857276,120.67639286519888,21742300
2022-05-09,118.32707214355467,120.14288302923576,117.86844207381714,120.1148046573524,17289800
2022-05-10,118.74827575683594,120.01185254887284,117.65316920547976,119.56257715075364,21850200
2022-05-11,117.96204376220705,120.82615206511356,117.82164475616472,118.1585995142702,19987300
2022-05-12,119.10392761230467,119.1788080232657,117.26003855307658,117.5314746870685,17497100
2022-05-13,120.36752319335938,120.7419110030577,119.36601366534822,119.89016231171765,9841500
2022-05-16,121.25672149658205,122.08037764669004,120.19905508101095,120.22713345647024,8839800
2022-05-17,122.92276763916016,122.97892438819778,121.61238160636502,122.52028713442232,9058700
2022-05-18,119.74977111816406,122.3892380397385,119.36601432780688,122.08973064671352,10005000
2022-05-19,120.01182556152344,120.74189167092902,118.36449232684636,118.79504395185508,9672800
2022-05-20,121.47198486328124,121.73405920293608,119.1788272503114,120.8167990141442,12833700
2022-05-23,122.53899383544922,123.01634041812054,122.03356888214893,122.2862742178096,9196500
2022-05-24,122.90404510498048,123.10996270802042,121.3971104365414,122.18333349434064,9031300
2022-05-25,122.86658477783205,123.67153133425502,121.71531453931148,122.81978273625369,8532400
2022-05-26,123.39073944091795,123.85873131578364,122.81978878230272,123.17546717743376,9090100
2022-05-27,125.44054412841795,125.4686224979018,123.09121581376172,123.6060097242628,13696000
2022-05-31,123.76510620117188,124.56069796606933,122.7636111857354,124.33605676278653,11740800
2022-06-01,121.98675537109376,124.23311050214078,121.01332434085646,124.214401111466,9259900
2022-06-02,122.9508285522461,122.97890692277724,119.9650380419522,122.14588193906962,9575400
2022-06-03,121.50941467285156,122.64194698814028,121.3502848706252,122.09907471095246,5852600
2022-06-06,121.52812957763672,122.63259785566956,121.20054382649246,122.37987823817392,7729000
2022-06-07,123.10993194580078,123.23161439409552,121.08820377494322,121.5281172458792,7219100
2022-06-08,122.13652801513672,123.21290364424615,121.79020430643152,122.76363543092856,5372000
2022-06-09,119.37535858154295,122.13651470311002,119.34728021389463,121.72467960163144,7772900
2022-06-10,117.45659637451172,118.55170276666122,116.99796634591272,117.96202844604476,11289000
2022-06-13,113.89984893798828,115.8373347446443,113.42249529258366,115.13534703004446,14886200
2022-06-14,112.81412506103516,114.05898521551632,112.00917843039242,113.76883252574612,9299500
2022-06-15,113.95601654052734,115.15407454517135,112.21508627096996,113.43186794874283,10301600
2022-06-16,112.28062438964844,112.35550481322038,111.14808476183612,111.86878920099296,9383300
2022-06-17,112.21509552001952,113.99346614142344,112.17765531166486,112.31805430774746,13724900
2022-06-21,115.2360382080078,115.75300536523224,113.4125690476268,113.78853733891494,7987200
2022-06-22,116.83393096923828,118.12163741348532,114.44649505338433,114.50288886228992,10188900
2022-06-23,119.45635223388672,119.55035148379888,117.3790964570477,117.3790964570477,11943300
2022-06-24,121.43961334228516,121.458416060321,119.52215202850456,120.33049679678702,10448100
2022-06-27,121.89077758789062,122.40774476433153,121.05423591774866,121.43961275312016,8963600
2022-06-28,119.76653289794922,122.74612554779402,119.54095047399971,122.1351734483948,7518700
2022-06-29,120.8098602294922,121.41141813460936,119.7383347628062,119.92631891897936,9157700
2022-06-30,120.53728485107422,121.22343347226352,119.26836670322818,120.18010491624638,10697600
2022-07-01,121.89077758789062,122.05057917701268,119.2401680485588,120.58426836503358,9366600
2022-07-05,121.1858367919922,121.21404804249693,118.59162083873989,120.71586919842868,9987000
2022-07-06,122.00357818603516,122.63333297854332,121.13883961980282,121.35502067579309,9033300
2022-07-07,122.5205535888672,122.6803408446632,121.75919406333706,121.82499640869136,6805500
2022-07-08,122.88711547851562,124.1090195883756,122.05057384492012,122.1727556505436,6505800
2022-07-11,122.57695770263672,123.26310640982872,122.0693846429698,122.20097500246244,7027300
2022-07-12,121.0166473388672,123.0187137445634,120.47148324531656,122.19156624506978,9280400
2022-07-13,119.84172058105467,120.80985254895526,119.53154028906653,119.99211363334064,9296500
2022-07-14,119.49393463134766,119.67252457710168,117.70806385834754,118.46940891780834,7784800
2022-07-15,122.3795394897461,122.43593329745202,120.73465316772727,121.27042302547468,9684800
2022-07-18,119.79473114013672,122.61453656991915,119.39055874168912,122.50174894225492,7047700
2022-07-19,121.83438873291016,122.0411756118992,120.54668217561004,121.07304356130142,6585700
2022-07-20,120.63126373291016,121.82498529052818,120.14250065062969,121.6651980493149,7599500
2022-07-21,122.5393295288086,122.5393295288086,120.67826212058748,120.98844241233614,9507700
2022-07-22,122.03177642822266,123.0563022507374,121.28921966344848,122.82131847443924,8657100
2022-07-25,122.6709213256836,122.89651090662652,122.01296964243885,122.1257572617748,5489000
2022-07-26,123.30068969726562,124.06204923853174,122.689737568814,123.01872061784032,7482400
2022-07-27,124.0714340209961,124.62599229152052,122.65213717382214,123.225498162307,7680700
2022-07-28,124.8609619140625,125.77270001112431,122.11635343609753,124.23120718535576,11052600
2022-07-29,124.4474105834961,124.67300018717414,123.57327776100458,124.23122951055826,8309500
2022-08-01,123.5262680053711,124.42861200382151,123.24428460946338,123.75185759055152,7665400
2022-08-02,123.08450317382812,124.82338891209793,123.01871517229858,123.82705996283836,7935100
2022-08-03,124.21243286132812,124.70120318871273,123.41349653435375,123.7518737852703,6825700
2022-08-04,123.6014633178711,124.53200421253123,123.40407063999608,124.50380730744496,5493000
2022-08-05,123.55445861816406,123.61085242601924,122.53932704995924,122.83070461872468,8883400
2022-08-08,123.84585571289062,124.66360908253212,123.21610085543426,123.7894618961442,7075100
2022-08-09,123.4698715209961,124.5977907379314,123.1784939437005,124.0056270535752,5802500
2022-08-10,124.81398010253906,124.9079793528247,124.090240375973,124.78578319590775,6736300
2022-08-11,124.00562286376952,125.65991771216687,123.74244220011911,124.43799929249262,8471400
2022-08-12,125.5941162109375,125.65051001891352,124.09962293049048,124.3064097879163,7515500
2022-08-15,126.2238998413086,126.39309564620696,125.07719201821465,125.52835692748717,7486100
2022-08-16,125.885498046875,126.3084803055722,125.396742133004,125.95130038659096,7138400
2022-08-17,125.15234375,125.87609774033751,124.96435961208996,125.15234375,7251800
2022-08-18,124.59779357910156,125.36854723931644,123.93044769503388,125.11476074848088,7053600
2022-08-19,124.9361572265625,125.53771504684168,124.41919011329064,124.59778005626362,5946500
2022-08-22,123.30068969726562,124.56021373521324,122.88713026668432,124.16544268174522,6420400
2022-08-23,121.58060455322266,122.88711370009368,121.24222736125682,122.75552336667758,7501900
2022-08-24,121.73096466064452,122.20093211421516,121.28919410690666,121.70276776081177,6719500
2022-08-25,123.07508850097656,123.11267958955504,121.3925968561307,122.24794112955426,5636600
2022-08-26,119.64434051513672,123.12210471036292,119.55034843875455,123.11269618024822,9044500
2022-08-29,118.80780029296876,119.55034989637218,118.18743967323834,118.9205879175482,6727700
2022-08-30,118.01824188232422,119.23075895015928,117.72686431331802,119.23075895015928,7910500
2022-08-31,117.2663116455078,119.1461819506952,117.24750892661972,118.40363231960986,8954500
2022-09-01,119.1931610107422,119.24956198993203,116.91851991816176,117.07830715507318,11212400
2022-09-02,117.48247528076172,119.99210721582936,116.97490951314585,119.87931243264748,9730300
2022-09-06,117.59527587890624,119.070973635616,117.26630004227708,117.94305443256304,9663400
2022-09-07,119.51274871826172,119.71013422760076,117.19110788710836,117.56708335919323,9038300
2022-09-08,121.59000396728516,121.62759506033254,118.82659250448552,119.0709776361074,9394800
2022-09-09,122.6615219116211,122.9905049103612,121.66519307055052,121.89076829961076,8880400
2022-09-12,123.47927856445312,124.11844193736748,122.8025240953779,123.13150714144342,7982400
2022-09-13,119.39994049072266,121.78738339416246,119.08036603664635,121.51479421571466,11928500
2022-09-14,119.46575164794922,120.499678839925,118.67620959372124,119.79472750387754,8080100
2022-09-15,120.1331024169922,121.27982438237204,119.86052037840716,119.9827165305076,8624200
2022-09-16,119.79473114013672,120.05791900400402,118.8735987155773,119.757140045006,10810100
2022-09-19,119.14926147460938,119.1775707755589,117.4506314204329,119.03601707109078,9430100
2022-09-20,117.75259399414062,118.52641265165433,117.0259622985576,118.34711803570084,9010600
2022-09-21,115.79918670654295,119.00770609726312,115.77087740599138,118.22444851664076,11642400
2022-09-22,116.41256713867188,117.205256256677,115.12915953833256,115.61987082094724,9505600
2022-09-23,115.8180694580078,116.02567340440709,114.3742302690064,115.7897529564927,16611100
2022-09-26,114.71395874023438,115.68594985444776,114.20436969788815,115.12918104134334,10450600
2022-09-27,114.36478424072266,116.26157921942124,113.90237503721124,115.5160770335963,13239900
2022-09-28,116.86553955078124,117.45062480308198,115.2235353907374,115.96904480586056,16360000
2022-09-29,115.88412475585938,116.79949002910136,115.100867155312,116.51638981666342,10791700
2022-09-30,114.2892837524414,116.6956748091931,114.15716889910097,115.89353965712952,12389800
2022-10-03,116.63905334472656,117.08258488299884,114.77056766399969,115.1197252751946,9326800
2022-10-04,119.3474349975586,119.3946147663819,117.33738821300672,117.61105679117595,13717900
2022-10-05,119.74378204345705,120.3666154822123,118.13952587650915,118.58305747082504,9913400
2022-10-06,118.21501159667967,119.66828237952072,117.90360208585128,119.3002470669522,9399300
2022-10-07,115.71424102783205,117.5261079819822,115.05365958432444,117.3184968768718,10068700
2022-10-10,114.98760223388672,116.14833377696888,114.54407072717824,115.9879096319056,8377800
2022-10-11,115.60099792480467,116.82778690511894,114.45914403375866,114.7516830307194,10792900
2022-10-12,115.03480529785156,116.65793903910624,115.00649599766786,115.969048202515,9292800
2022-10-13,117.71485900878906,118.27163498291924,113.19462258038166,113.38336324945983,14063600
2022-10-14,116.9221649169922,119.28136918408356,116.56356126057348,118.40374490873675,11442300
2022-10-17,118.80008697509766,119.0360073967973,117.52611813786352,117.6676718308273,8420400
2022-10-18,119.4606704711914,120.60253173586348,118.8755923881619,120.56478360151957,10016700
2022-10-19,117.79035949707033,119.10207659535344,116.76174981268854,119.09263776163124,7676200
2022-10-20,116.79005432128906,118.44149736859347,116.63906178681265,117.58274352812944,7196600
2022-10-21,119.4134750366211,119.73432333687002,116.08228001480136,116.7051061504632,8433100
2022-10-24,121.716064453125,122.08409974867116,120.41378626886318,120.41378626886318,7411300
2022-10-25,122.64087677001952,122.78242326143744,121.28197285464918,121.34802308416434,7174200
2022-10-26,123.9997787475586,125.15107165825778,122.98061510804752,123.01835604307196,8277100
2022-10-27,123.3486557006836,124.30176914482874,123.15990781916112,124.28289147678817,6496800
2022-10-28,125.37757110595705,125.471945050688,123.15048136506324,123.53739437924108,6267100
2022-10-31,125.2737274169922,125.76444586131568,124.44328303420444,124.72639038283096,7852800
2022-11-01,125.3492431640625,126.04757281268618,124.00921686489824,125.42473942873318,8033300
2022-11-02,123.2165069580078,126.48163705898624,123.15044233774404,125.05668310155782,10228700
2022-11-03,122.697509765625,123.37696180304656,121.45184289720504,122.3200284118123,7916600
2022-11-04,123.4429931640625,123.88652468731912,121.70662240036462,123.62229497977548,8082200
2022-11-07,124.76416015625,125.0944401016946,123.17876746002138,123.6411766629713,6054400
2022-11-08,125.386962890625,126.3495221030833,123.93369963995774,124.79245330597998,8930700
2022-11-09,124.03752899169922,126.02869801952735,123.88653645891593,125.18882185515096,8963500
2022-11-10,127.18943786621094,127.44423599610272,125.1888369634336,126.89689879828885,12416800
2022-11-11,125.63236236572266,127.0478850626118,123.99978248771264,127.02900739480968,10487200
2022-11-14,125.74557495117188,127.24602526020236,125.69838799062704,126.00980465089654,10552600
2022-11-15,125.58517456054688,127.07619351928484,124.53768719583913,126.54773401987218,8184100
2022-11-16,125.528564453125,126.74590771099125,125.31150725875686,125.89659980080012,6122200
2022-11-17,125.47191619873048,125.9814979445508,124.43386064315708,124.53766619871443,6498700
2022-11-18,126.9912338256836,127.20827655158946,126.12303412318452,126.53825631148293,6720700
2022-11-21,127.04785919189452,127.59519625117056,126.58545002127204,126.72699650236127,7995200
2022-11-22,128.15196228027344,128.2463217992264,127.33094950869712,127.34982717226303,5931100
2022-11-23,128.6615447998047,128.85027823832053,127.84997805469207,128.17084073955118,5340600
2022-11-25,129.4259490966797,129.5297546674383,128.79368403821942,128.81256170547766,3256000
2022-11-28,128.45396423339844,129.79399068467885,128.1991805105827,129.02961071734808,5026800
2022-11-29,128.1331024169922,128.38790051249444,127.44421879523895,128.180289382743,5439600
2022-11-30,131.1906280517578,131.27555594506364,127.64237580407176,128.3218277493972,9377400
2022-12-01,131.56809997558594,132.26642961255175,130.86033870548383,131.94558129263768,15140200
2022-12-02,131.90780639648438,132.0871081955597,130.24693204611933,130.24693204611933,7779800
2022-12-05,130.64329528808594,131.3604881877026,130.1997637424399,131.05851753502606,6921500
2022-12-06,129.6524200439453,130.8131444302005,129.01072343997956,130.39792220436897,8171500
2022-12-07,130.71881103515625,131.0962780071245,129.614705022735,129.65244596015503,7427000
2022-12-08,131.89842224121094,132.04940040054262,130.69051056989966,130.94529431345853,6765000
2022-12-09,130.209228515625,132.11547004381566,130.17148757422476,131.71912536161744,6203000
2022-12-12,131.59640502929688,131.59640502929688,130.29413412593777,130.29413412593777,5669700
2022-12-13,132.002197265625,133.7857550548408,131.0868248892055,133.38941047939724,9886500
2022-12-14,132.20982360839844,133.32336120103045,131.09627161632514,131.94559386101315,10882200
2022-12-15,129.78453063964844,131.3604772000309,129.32212146706348,131.03019727627478,8746700
2022-12-16,127.89715576171876,128.88802424154244,127.18939461890716,128.80309636027002,10843900
2022-12-19,127.41959381103516,128.09235964723737,126.84157619156692,127.85546741727096,6801600
2022-12-20,127.39118957519533,127.8839295458142,126.6994681944512,127.46699683673336,4815500
2022-12-21,129.068359375,129.46633655680978,127.77018021900398,128.16815740081375,5937500
2022-12-22,128.8883514404297,128.9262478421091,127.22062059139904,128.34823011988948,5483300
2022-12-23,128.9641571044922,129.0873312524916,128.01658802792358,128.76516123655986,3766900
2022-12-27,128.63247680664062,129.31472756408334,128.12079596793552,129.210494407842,7050500
2022-12-28,127.79859161376952,129.68425861560382,127.75122474366816,129.05885977574906,5054200
2022-12-29,129.19154357910156,129.85483893389934,128.3008264774784,128.59458498916072,6297300
2022-12-30,128.72726440429688,128.88834941172334,127.4196144562088,128.75569031979822,6369500
2023-01-03,128.3577117919922,129.18209225100304,127.38170235385884,128.83149632406858,7239200
2023-01-04,128.69883728027344,129.40951407864668,127.86497187671344,129.0778591225699,8469800
2023-01-05,127.3817138671875,128.15872751022587,126.879503374495,127.84602795574148,6714200
2023-01-06,128.55673217773438,128.90732821097168,126.60474162712536,128.23456206834007,7175700
2023-01-09,126.40569305419922,128.72724856537377,126.23513758217676,128.68933771019888,7719500
2023-01-10,127.46697998046876,127.66596136428062,126.16880067909186,126.35832603725244,7675200
2023-01-11,128.18714904785156,128.206104478652,126.9647912482332,127.55227947423116,7307200
2023-01-12,127.77971649169922,128.31035294727508,126.53838865462689,127.9123756055932,7580500
2023-01-13,128.34823608398438,128.73674289834642,127.02164508220844,127.07849691674778,6334100
2023-01-17,127.75125885009766,128.4998319943187,127.58068891243953,128.2818951739134,6664100
2023-01-18,125.95085906982422,128.0828891391213,125.82767048346346,127.7512486924832,10629100
2023-01-19,126.25408935546876,126.7562997313387,125.32546139437518,125.58130905375846,9902300
2023-01-20,126.88898468017578,126.9837329171834,125.57186417808396,126.53837427285129,5962200
2023-01-23,127.32485961914062,128.035536468024,126.68051954969,126.96479318099485,7211000
2023-01-24,126.48150634765624,127.42907534972478,125.6665964275271,126.68997268481178,5754800
2023-01-25,126.51940155029295,126.5478274601374,125.27808862457272,125.63815496885373,5999000
2023-01-26,126.75630950927734,126.92686498951984,125.77082964980222,126.81316133602483,6861100
2023-01-27,125.89404296875,126.69948256251858,125.73295794174796,126.56682345447228,5854600
2023-01-30,124.75694274902344,126.44361447639164,124.56743183357592,125.6571304414662,7055400
2023-01-31,126.36782836914062,126.38678380148482,124.91804865811552,125.0412372802152,6290600
2023-02-01,126.96478271484376,127.74178182035156,125.42024053045684,126.3678095841899,11843000
2023-02-02,126.1024932861328,126.27304877814484,125.20230556341517,126.03615651117931,11274600
2023-02-03,125.73294067382812,126.59523198708278,125.31600797472667,126.18776977341317,10046800
2023-02-06,125.03173828125,125.81822235941252,124.86118278559772,125.55290417144889,7328300
2023-02-07,125.837158203125,126.20670951160793,124.1599571298158,124.59584520434277,7551000
2023-02-08,125.4676284790039,126.16882036207024,125.27811755003349,125.38235072978075,5614100
2023-02-09,124.36842346191406,126.26356134323848,124.169427622523,125.7803063886524,8085700
2023-02-10,125.54344940185548,125.6761085124442,124.36845838038482,124.53901389738805,6198600
2023-02-13,126.58573150634766,126.5952164493717,125.56235531381851,125.56235531381851,6300300
2023-02-14,125.837158203125,126.98370852434564,125.20228874797508,126.75630123220512,6905900
2023-02-15,125.2117691040039,125.51499812910411,124.78536593886795,125.34442818779632,6491900
2023-02-16,123.96097564697266,125.0696295715072,123.69564304176988,124.06519434994806,8008000
2023-02-17,125.0696258544922,125.29703313968672,123.2597657631302,123.37346940572743,10798800
2023-02-21,123.44927978515624,124.6716518091005,123.2692393739742,124.1599564869247,9066200
2023-02-22,123.03236389160156,123.87569978084152,122.77653065443504,123.58195568418306,7318900
2023-02-23,123.36402130126952,123.98942036651668,122.46383356364478,123.00394042271692,9955500
2023-02-24,121.77207946777344,122.5585634242739,121.41201310195432,122.3216711888974,9008000
2023-02-27,121.4025421142578,122.77652880438596,121.12775345148594,122.435403367881,6463900
2023-02-28,120.5023422241211,121.20354845569248,120.39810906076258,121.1277412042722,10282800
2023-03-01,120.30335998535156,120.56867815000275,119.7822013703232,119.92433093754508,11101000
2023-03-02,121.0424575805664,121.38359021573832,119.76324092352606,119.76324092352606,10203100
2023-03-03,122.3974838256836,122.44486516659497,120.99508577899,121.60152934989172,10048000
2023-03-06,122.34063720703124,122.89969946081584,122.0563636082194,122.48276677705924,8153400
2023-03-07,120.36968994140624,122.72914197671088,120.16122360292523,122.5869979502435,9604400
2023-03-08,119.72533416748048,120.49286992514138,119.2420719836758,120.12331138737736,10793200
2023-03-09,118.5124740600586,120.38866416999694,118.0292117662386,120.1896682853695,13270300
2023-03-10,117.64070129394533,119.29894716373283,117.18586496016287,118.31347446501944,20483200
2023-03-13,118.73987579345705,120.36021800759096,117.1195335793231,117.26167038323904,21294200
2023-03-14,119.80115509033205,120.17070644089463,118.60721606500312,119.54531462816487,14582900
2023-03-15,119.6969223022461,119.86748502069968,118.29451692503012,118.5124609878123,17244600
2023-03-16,120.81504821777344,120.87190004471032,118.4650739028858,118.7967288383584,16011400
2023-03-17,119.26103973388672,120.80557466367615,118.88201067270668,120.71081920572566,15071400
2023-03-20,120.77259063720705,120.95333329033797,119.45984769006328,119.45984769006328,10592100
2023-03-21,121.50507354736328,121.64775748179537,120.50624246088572,121.23871326874722,8816300
2023-03-22,119.66912841796876,122.0187539036792,119.65009905555252,121.57165823537636,10480000
2023-03-23,119.4408187866211,120.8867455020718,118.7559068958892,120.16378214434646,10092300
2023-03-24,121.09603118896484,121.21017833825871,118.8795821108841,119.32667779915346,8163700
2023-03-27,121.59069061279295,122.50390413139232,121.44799941291708,121.95216869591276,9455400
2023-03-28,120.85821533203124,121.90459807254224,120.56331826108296,121.46702432210256,8037400
2023-03-29,121.19115447998048,121.60970611729792,120.66795586136426,121.45750750124851,8183100
2023-03-30,121.8475112915039,121.88557001403105,121.07698908455114,121.8475112915039,6820400
2023-03-31,123.1507568359375,123.21733782916444,122.1899700245841,122.25656553296108,9202500
2023-04-03,124.53009796142578,124.67278189772011,122.9034285119144,123.245884474172,8937300
2023-04-04,124.54911041259766,125.27208104964552,124.32081611892016,124.66327207458733,9052600
2023-04-05,126.69898223876952,126.917769115144,125.10084955942855,125.24354801239993,12325800
2023-04-06,127.01287841796876,127.57412115863428,126.58481216687044,127.19362104991328,8276300
2023-04-10,126.92728424072266,126.99387975918032,126.0045705282477,126.67045313706316,8024300
2023-04-11,127.35536193847656,127.82147249546205,127.1460824787538,127.22218542003044,8887500
2023-04-12,127.39339447021484,128.32563001385645,127.16508566731972,127.84999756085452,8988600
2023-04-13,129.04861450195312,129.19129844712882,127.65976120325064,127.93563618412644,9373500
2023-04-14,128.01171875,129.02956459892317,127.5360863215883,128.7537041771103,6632100
2023-04-17,127.90706634521484,128.1924341618301,127.24116939938364,128.0497502535225,7187000
2023-04-18,127.03189849853516,128.16390596408763,126.86067779709832,128.16390596408763,7194200
2023-04-19,127.42190551757812,127.6121555573192,126.6799202019846,127.06994221829976,7048100
2023-04-20,126.8987274169922,127.08899200246005,126.29944042124824,126.8131170626216,6672000
2023-04-21,127.7549057006836,128.18297209220944,127.19366277590184,127.59319237566952,6535900
2023-04-24,128.46836853027344,128.50641275171398,127.56466949072112,127.88809617600846,6299800
2023-04-25,127.09849548339844,128.6680766587742,126.91775284190012,128.27806910702202,7752000
2023-04-26,125.29112243652344,126.0616447819328,124.53961494064473,125.97601989843552,10128800
2023-04-27,125.9474639892578,126.1282066384274,124.25421366832734,125.34817698666676,10008900
2023-04-28,127.0224151611328,127.383900508464,125.59551765133338,125.7952896893722,7917300
2023-05-01,127.67877197265624,128.1924486156295,126.95581589713647,127.20313953780509,6793900
2023-05-02,127.12705993652344,128.27809702676532,126.2138391073507,127.46951593306912,14365800
2023-05-03,126.9558334350586,128.32564284393203,126.77509076242302,127.7168338238265,8961500
2023-05-04,125.9474639892578,126.49919936008855,125.41475798022128,126.42309642806188,9625300
2023-05-05,127.0794677734375,127.51705599091596,126.35651171320102,126.7750705694457,7650300
2023-05-08,126.8036117553711,126.92726631980868,126.21381765784876,126.88922211117024,5305700
2023-05-09,125.9570083618164,126.91778083386887,125.9189496314494,126.31847920938664,6452700
2023-05-10,126.30894470214844,126.6228638421808,125.56695928576272,126.31845212512532,6556600
2023-05-11,125.91893768310548,126.11870971069423,125.12938602716626,126.04260677233428,8764800
2023-05-12,125.74771881103516,126.37555717539232,125.18647596190596,126.1092041447835,6626800
2023-05-15,125.5289306640625,125.85235726722756,124.98670266891688,125.76674690435766,5725600
2023-05-16,124.48252868652344,125.31012452656093,124.45399189998082,125.26255837727294,7106000
2023-05-17,124.63473510742188,124.79644840359292,123.24588192390736,124.69180868075864,15512700
2023-05-18,124.33032989501952,124.53010192734494,123.36955749135376,124.36838862267754,12196900
2023-05-19,124.91061401367188,125.74773192008328,124.55865058263664,124.61572416440958,9277000
2023-05-22,125.03427124023438,125.90943327964249,124.73938141898456,125.09134481658572,12856100
2023-05-23,123.6644515991211,124.71084891871298,123.38859113222078,124.53010624395148,8723100
2023-05-24,122.81781768798828,123.45516345962336,122.53243530132228,123.42662667247188,7952900
2023-05-25,121.56214141845705,122.3897444872164,120.7250309262319,122.22803119739594,13737000
2023-05-26,121.31481170654295,122.58950319070104,121.08651016234268,121.4479882121244,8794900
2023-05-30,120.56331634521484,121.63825037120876,120.25891185501646,120.70600753758998,12114500
2023-05-31,121.6001968383789,121.80947628263284,119.90694643679758,120.2303730269534,15099100
2023-06-01,122.3992691040039,122.63708536040754,120.7726067811122,121.71435712434923,9751900
2023-06-02,123.9688491821289,124.18763604567542,122.50389310236407,122.78927547642289,10293000
2023-06-05,124.41593170166016,124.9771890323727,124.092505114572,124.24471098443136,7880200
2023-06-06,123.37905883789062,124.95816210942144,122.83684537426316,124.9201178987892,9413500
2023-06-07,122.89392852783205,123.44566397349064,122.71318585414964,123.27442872441972,7519600
2023-06-08,123.68347930908205,123.85470004173273,122.5039054841534,122.91295698185,6583100
2023-06-09,124.06397247314452,124.49203879566817,123.03660458999715,123.71200908809308,10446100
2023-06-12,124.51104736328124,124.53958414567327,123.51221643411444,123.9973707650762,7321100
2023-06-13,125.13890075683594,125.32915083419933,124.11153292089314,124.23520200299706,8362700
2023-06-14,123.8546905517578,124.60619797232587,123.37905808841376,124.50155824978415,12401600
2023-06-15,125.77625274658205,125.94747347016838,123.84518606088518,123.86421542411183,10598600
2023-06-16,125.76673889160156,126.75604800153268,125.63356238612717,126.09967289771232,10535000
2023-06-20,125.62537384033205,126.17938041338064,124.54601495017693,124.56512264577204,8585100
2023-06-21,125.64447021484376,126.07431321490886,124.7370514117428,125.31971225582264,9444800
2023-06-22,126.50414276123048,126.68562943843943,125.67314016022289,125.83551914117253,8036400
2023-06-23,126.08385467529295,126.59964584964452,125.7399890340916,126.33219641481024,8096500
2023-06-26,125.3674545288086,125.96922297451468,124.15437107830088,125.76862863431283,7092800
2023-06-27,125.08091735839844,125.50119922394734,124.21169937054977,125.3674745008092,8578200
2023-06-28,124.6797332763672,125.08090741388637,124.278559138848,125.0522531594136,10897800
2023-06-29,125.49166870117188,125.56808492057418,124.18306098439966,124.39320194403014,7843300
2023-06-30,126.78113555908205,127.07723925654416,125.92147872290798,125.9978949311081,8260900
2023-07-03,125.74000549316406,126.41819030413166,125.20510655347846,126.41819030413166,5240300
2023-07-05,125.67313385009766,125.94058328469204,125.18598235680706,125.47253948670134,7942100
2023-07-06,124.6701889038086,125.13821811834212,124.3549775241774,124.83256787363663,8213100
2023-07-07,123.2183074951172,124.42182990275649,123.15143785168698,123.98245495270268,8749700
2023-07-10,124.19261932373048,124.34543718418934,123.21833076692604,123.22787732854746,7476500
2023-07-11,124.22125244140624,124.62242658477572,123.67679244868292,124.02065808227114,7278300
2023-07-12,123.8869400024414,124.65108751521616,123.68636020746524,124.53647048951548,11900400
2023-07-13,123.93470001220705,124.5173608418886,123.81052185304334,124.2021494512509,7526200
2023-07-14,125.7973175048828,126.1984917207869,124.73706615752792,124.87079089616262,13298600
2023-07-17,125.22421264648438,125.7304573204064,124.7561687928062,125.4630078539911,7905000
2023-07-18,126.15072631835938,126.62831668453794,125.04271317084878,125.27194721867764,8130300
2023-07-19,126.73336791992188,127.52616964765714,126.51368044051836,126.77158330975774,12484000
2023-07-20,128.83474731445312,129.36008491652933,127.48793934482008,127.58346322241437,12650200
2023-07-21,130.1338348388672,130.5350090178634,128.73926448577393,128.95895198441187,11308900
2023-07-24,129.8472442626953,130.71646204753972,129.73262726246028,130.13380133818117,12034000
2023-07-25,129.7899627685547,130.3153005122068,128.8061277787643,128.97805331489016,7802900
2023-07-26,129.7039794921875,130.12426132780416,128.83477614114472,129.1690806377302,8205300
2023-07-27,128.748779296875,130.36303675052662,128.7201250465059,129.8950076112325,8800800
2023-07-28,129.13088989257812,129.35057738745397,128.39539662289596,129.14043645325904,6897600
2023-07-31,128.1374969482422,128.94940644843393,127.65990655398872,128.90164449402815,9735900
2023-08-01,127.46886444091795,128.3094281402793,127.15365305365748,127.84138433951654,10555300
2023-08-02,127.5548095703125,128.3667189017382,127.21094397493091,127.49750106689876,13873000
2023-08-03,126.91484832763672,127.29692933265534,126.66650660554966,127.13455037110997,11863400
2023-08-04,126.46591186523438,127.7363038750578,126.15071507755565,126.95306332326516,12631200
2023-08-07,127.9273452758789,128.05152343193515,126.78113134081656,126.84800098635482,8165600
2023-08-08,128.9111785888672,129.07355753986377,128.0323996218635,128.73923850405373,12601200
2023-08-09,128.87298583984375,129.57026371069347,128.7106068603254,128.7965696303819,9833600
2023-08-10,128.7870330810547,130.4108375773662,128.65330834782674,129.1882072807385,9541700
2023-08-11,129.58941650390625,129.74224897601567,128.44320211289897,128.7488524822111,7674400
2023-08-14,129.9810028076172,130.3917235486954,129.49386585484723,129.60848288493378,8723300
2023-08-15,129.50340270996094,130.0383015768125,129.36011685818934,129.65623512189023,9118500
2023-08-16,128.5195770263672,129.7135530028758,128.49092276892316,129.29327112716044,9462400
2023-08-17,127.4975128173828,128.51000200407012,127.44020430868736,128.06108049432237,11163800
2023-08-18,127.54529571533205,127.87961483750064,127.13457495228764,127.24919198850417,9463000
2023-08-21,127.67903137207033,127.83186381670228,127.09637042995207,127.49754466593288,6872400
2023-08-22,127.23006439208984,127.79361749855192,127.16320932305396,127.48796725814393,6939400
2023-08-23,127.61214447021484,128.28076803014628,127.23962458861732,127.99421091163266,7276800
2023-08-24,126.50414276123048,128.36674233671394,126.50414276123048,127.36379961917612,10241700
2023-08-25,127.43065643310548,127.87959251311824,126.48502232469336,126.91485071037144,8509100
2023-08-28,127.72679138183594,128.29034461604078,127.25874749288906,127.87962382413336,6768400
2023-08-29,128.87298583984375,128.87298583984375,127.72677184771916,127.89869738783209,10737000
2023-08-30,128.7774658203125,129.57981409071246,128.6628342281836,129.1881865153147,7892700
2023-08-31,127.23963165283205,128.86343598136042,127.21096282197855,128.7965663342045,7540200
2023-09-01,127.58348846435548,128.2234577611399,127.24916940152912,128.2234577611399,10183900
2023-09-05,126.26535034179688,127.74588347400407,126.26535034179688,127.65035956551247,11042600
2023-09-06,125.57763671875,126.23671388553656,124.96632151294442,126.11253570196683,12840000
2023-09-07,126.1411590576172,126.68561904457412,125.86416307164129,125.9596723952982,11055700
2023-09-08,126.1411590576172,126.52324007694678,125.84505537694965,125.87370963153678,8716900
2023-09-11,127.01036834716795,127.25871006167742,126.06473428536344,126.08384197875635,7179000
2023-09-12,126.8479995727539,127.1823040720169,125.94058082489607,126.62831209324956,6941700
2023-09-13,126.86711120605467,127.37335582557196,126.50413786568336,126.54233868182185,6430300
2023-09-14,127.26828002929688,127.65989303418534,126.88619900941704,127.58349140511,6433300
2023-09-15,126.26535034179688,127.56439679281132,126.1793875690957,126.96262823409884,9611900
2023-09-18,126.0735092163086,126.591430660551,125.59395991184589,126.46674315829202,6559400
2023-09-19,126.17901611328124,126.447562564636,125.33500461777548,125.8625118024666,6252400
2023-09-20,126.1886215209961,127.09016199541117,126.16943544950676,126.73530016362348,6350700
2023-09-21,125.0856475830078,126.15983341715976,125.0281040039903,125.94884517232369,7979500
2023-09-22,124.8266830444336,125.56519310028338,124.68282410126724,124.92259876300044,7790300
2023-09-25,125.50764465332033,125.54600215844845,124.35672924859324,124.70200533347968,6826300
2023-09-26,124.44304656982422,125.3350012662546,124.34713085346922,124.93218159999408,8200700
2023-09-27,123.81966400146484,124.79793426472705,122.90850841114224,124.67326136922496,9888600
2023-09-28,124.4142837524414,124.76914558611088,124.03065012872764,124.03065012872764,9129000
2023-09-29,123.474365234375,124.79791141726967,123.28253379699308,124.6828242625877,12692700
2023-10-02,123.30172729492188,123.34009943858324,121.86307923600224,123.08113869026596,16035100
2023-10-03,122.2083511352539,122.956446929283,121.69043697384711,122.69749350725068,11971100
2023-10-04,122.72625732421876,122.89889536680624,121.73838692615652,122.31384462900094,10064300
2023-10-05,123.39764404296876,123.61823264945444,122.30426477716529,123.0044100579445,9609700
2023-10-06,124.6924285888672,125.08566260562624,122.98523391112204,123.05237785116265,10692400
2023-10-09,125.12403106689452,125.23911823536122,123.84842795587444,124.34714877568724,8047600
2023-10-10,125.71867370605467,126.28453849133778,124.65407344211688,125.08566497945677,8154900
2023-10-11,125.1623764038086,126.07351721314468,124.6060974191851,125.87211468791806,9591800
2023-10-12,124.08818817138672,125.49806435938036,123.99227245239618,125.25828969658802,10927700
2023-10-13,124.86505889892578,125.5843829055164,124.16492096355589,124.54855457986378,11383800
2023-10-16,125.8049774169922,126.52430145739676,125.25829875632095,125.3638002009677,10545000
2023-10-17,125.6323471069336,126.32289935888774,125.10483988187346,125.2007409734484,9149900
2023-10-18,124.53897094726562,126.15983544279308,124.31836771124394,125.80497361003114,10085700
2023-10-19,123.3113250732422,124.5101984306408,122.54403588022788,124.375910565315,15492500
2023-10-20,122.82217407226562,123.7045430977739,122.80298800103942,123.0619487411978,12296800
2023-10-23,122.05490112304688,123.14826572498936,121.9398066462066,122.73586031366511,12344200
2023-10-24,122.42894744873048,122.81258838257968,121.66166558103208,121.66166558103208,9375900
2023-10-25,121.33556365966795,122.24670438564634,120.43400865102387,121.87265652404751,11427000
2023-10-26,120.1366958618164,121.23966074445214,120.04078746274848,120.3381056950616,14699100
2023-10-27,118.10340881347656,119.95446952634084,117.57590162172426,119.8010175452306,13566100
2023-10-30,118.76519012451172,119.12964498505956,117.8636350326897,118.71723226404973,15224500
2023-10-31,119.44615936279295,119.59961135797992,118.49665364787936,119.18719860223476,13917400
2023-11-01,119.6955108642578,120.28056160863366,119.09127404974473,119.30227691720376,13802600
2023-11-02,121.5945281982422,121.70002963731775,119.83937587617612,120.1558801934029,11894000
2023-11-03,122.1987762451172,122.95645782452678,121.99735906671503,122.42895789813602,11635600
2023-11-06,123.01399230957033,123.20582375469212,122.21794596064764,122.71667405818988,8425100
2023-11-07,123.10031127929688,123.39762950402633,122.6399407312349,122.9660380605583,8241900
2023-11-08,122.92767333984376,123.61822554494104,122.17957755676905,123.61822554494104,10021100
2023-11-09,120.38606262207033,122.9564473670884,120.27097546402048,122.81258841952608,13905500
2023-11-10,121.10538482666016,121.27802287850749,119.50369181734108,120.84643140756016,10401300
2023-11-13,121.80553436279295,122.04530903673547,120.52993134125668,121.23007660879942,11373800
2023-11-14,122.63035583496094,123.44559555370353,122.19876436284952,122.50567564281238,11216900
2023-11-15,122.72625732421876,123.21539966444026,122.4193460615456,122.71666428925786,9262700
2023-11-16,123.2537612915039,123.51272202271626,122.62075999240848,123.09071627842468,7665900
2023-11-17,123.00440216064452,123.71414043185106,122.63035427162524,123.51272327560191,6766100
2023-11-20,123.75249481201172,124.02104125710297,122.43853437462364,122.5248497388279,6910000
2023-11-21,124.50060272216795,124.7499777560081,124.02105336131858,124.1745126691148,8373000
2023-11-22,125.09524536132812,125.3925782727242,124.74998385393744,124.91302888843389,6737700
2023-11-24,125.76660919189452,125.7953809802845,125.33500309667734,125.34460344926322,3708800
2023-11-27,124.98015594482422,125.9200686234199,124.74998161070272,125.49807746596863,10530200
2023-11-28,124.3375473022461,125.03768521284974,124.25123193683274,124.75955304606764,6261300
2023-11-29,124.37590789794922,125.04728867144163,124.1457335844631,124.20327716283464,6979000
2023-11-30,125.93926239013672,126.01599205109336,124.04025084419088,124.47184238172132,7743100
2023-12-01,126.43795776367188,126.57223096908376,125.67067603216896,125.7665917366125,9370900
2023-12-04,126.6777572631836,126.91753193669022,126.063934684394,126.10229219289384,6943900
2023-12-05,126.5146942138672,126.71609671549083,125.7282263721832,126.418778504258,6581000
2023-12-06,126.61062622070312,127.03263203059048,126.3612658033543,126.79285733267142,6210400
2023-12-07,126.4571762084961,126.93672558412985,125.88171110386138,126.6298069590752,6396700
2023-12-08,126.66815948486328,126.9654777101548,125.91046339329792,126.54347198341203,6007600
2023-12-11,127.5025863647461,127.74236104509662,126.72571874196,127.34912705699732,9016800
2023-12-12,128.04925537109375,128.23148645596967,127.08057100400232,127.68480783602588,6779000
2023-12-13,130.40863037109375,130.44698787364428,127.3299176015178,127.5025629497012,9074300
2023-12-14,129.775634765625,130.92655020783027,129.28649972722582,130.84982056039206,10098700
2023-12-15,128.6726837158203,129.42077952297285,128.19313437099512,129.1714044974656,8296600
2023-12-18,128.8826904296875,129.28731365052124,128.54549706222213,129.15243924357665,5944300
2023-12-19,129.74974060058594,129.8171851554679,128.84416367940167,129.04646794363128,6358200
2023-12-20,127.87112426757812,129.74973731750185,127.86149563149924,129.67267882845533,7299000
2023-12-21,129.4318389892578,129.52816945689528,128.34320033347262,128.6418497735036,5606800
2023-12-22,130.0773162841797,130.48193954689586,129.55707587482362,129.7497515189443,5355100
2023-12-26,130.3663330078125,130.71314033621658,129.8075633672578,129.97133839462933,3688600
2023-12-27,130.9154510498047,131.0021528764343,130.19290642747515,130.2218070363517,5444100
2023-12-28,131.2526397705078,131.69579222438753,131.0021482355078,131.02142020747874,5800200
2023-12-29,131.38751220703125,131.61871706639175,130.84801460158047,131.25263780566854,5590000
2024-01-02,133.69964599609375,133.95976615723362,130.99251469375568,131.0599445428175,11785900
2024-01-03,133.47808837890625,134.42220929879207,133.3143133509818,134.142831827676,9585000
2024-01-04,134.142822265625,134.87499552066234,133.6611258530512,133.89233072295357,11649200
2024-01-05,134.0272216796875,134.58599135129302,133.45882337071646,133.83454603090863,9437700
2024-01-08,135.21218872070312,135.24108932940484,133.51660794242764,134.06574890817583,7999400
2024-01-09,135.19293212890625,136.3779013211124,134.74976491138167,135.06768634347787,9201300
2024-01-10,135.80946350097656,135.973238488,134.75936903701188,135.2699659672041,9773300
2024-01-11,135.71315002441406,135.8672964129494,134.8750029245923,135.6360768301464,7182300
2024-01-12,135.3759765625,135.9925474402312,134.92318071633076,135.3374326137741,8026400
2024-01-16,134.56671142578125,135.22182623317505,134.35477851479288,135.03877923257667,7426900
2024-01-17,134.29696655273438,134.96171001652283,133.92124390366385,134.34513913855557,8337200
2024-01-18,134.2777099609375,134.4029410444579,132.4857985408314,133.1408986706591,8929300
2024-01-19,134.35476684570312,134.7015888429753,133.61295027094172,134.35476684570312,8842000
2024-01-22,134.94244384765625,135.29889449886107,134.13318267974648,134.47037605805957,7831400
2024-01-23,134.84609985351562,134.9328016829063,133.88270699306338,134.76902666065445,6407400
2024-01-24,133.6129608154297,135.5301032375806,133.59368884178045,135.20255318658712,9104900
2024-01-25,133.41061401367188,133.43951461801282,132.1871158960236,133.14086523968598,10050200
2024-01-26,134.1717071533203,134.45108457178668,133.8345138239448,134.33548215038076,5759100
2024-01-29,135.1158447265625,135.12547336281037,134.21025311219077,134.29695493904558,6229600
2024-01-30,135.4241180419922,135.66496621547498,134.69193018647275,135.3374015273819,5940300
2024-01-31,135.24110412597656,136.56094773511666,135.21220351411287,136.45497392487997,10223100
2024-02-01,136.9944610595703,136.9944610595703,134.74975394309035,135.4048687286877,8503600
2024-02-02,136.79217529296875,137.42800349119125,136.09853116744392,136.94630699847733,10629200
2024-02-05,137.2160186767578,138.06380897827464,136.58981928599604,137.2834632235632,9631700
2024-02-06,138.70932006835938,138.81529388640172,137.59179536016154,138.28542479618994,10159000
2024-02-07,139.0850372314453,139.72088011446863,138.79603110298925,139.0561366185997,7884600
2024-02-08,138.84417724609375,138.95015105096664,138.21797775379588,138.95015105096664,6672400
2024-02-09,138.7382049560547,139.00795378954757,138.2854091212183,138.78637754065176,7447800
2024-02-12,138.92123413085938,138.95977807367458,137.90004014936162,138.555154875357,6645500
2024-02-13,137.63031005859375,139.18137321308427,136.94629463261214,138.21798031464814,11170000
2024-02-14,138.82492065429688,138.87307853839567,137.83262715843682,138.10237599030893,9701100
2024-02-15,139.8364715576172,140.10622038974762,138.7189469817378,138.9212512557312,9294800
2024-02-16,140.28927612304688,141.2334117944838,139.5185735262466,140.01952727412484,8424100
2024-02-20,139.81719970703125,140.8383937079447,139.46073438014477,140.3952265583861,9120400
2024-02-21,140.12550354003906,140.1640474906799,138.95980628682906,139.36442956729775,7213500
2024-02-22,141.77291870117188,142.0330242293927,140.00990773106605,140.30855721175635,9130000
2024-02-23,142.44725036621094,142.8422449155581,141.94628202801957,142.2545747592778,9194600
2024-02-26,141.71510314941406,142.68812469786917,141.589857366863,142.36057463603785,7248300
2024-02-27,141.3682861328125,141.80181001830096,140.69389931070853,141.0214640843798,7374000
2024-02-28,140.66497802734375,140.9250982004955,140.00024934072326,140.77095182379762,8038800
2024-02-29,139.51856994628906,140.88658613077982,139.4222247740563,140.65536653754685,9435600
2024-03-01,140.98291015625,141.07925532407728,139.2198994265131,139.8364702800652,8741400
2024-03-04,140.77098083496094,141.31047856437985,140.43380210417942,140.57830517448426,10657800
2024-03-05,139.72085571289062,141.05034247243995,139.25843128791115,140.8191229098465,9743400
2024-03-06,140.67465209960938,141.1948778593698,139.98100795312166,139.98100795312166,8085300
2024-03-07,141.32972717285156,141.6669205480917,140.8287587782745,141.02144910710211,6438300
2024-03-08,141.0696258544922,141.8596151477486,140.81914897381122,141.19487164493776,7802500
2024-03-11,140.9925537109375,141.2430305673832,139.97134491110037,140.75170549120594,7723800
2024-03-12,141.64764404296875,141.99446604347,140.6168213777228,141.08887444770522,7143700
2024-03-13,141.09852600097656,142.29312374988783,140.5493850097833,142.1871499463352,7874200
2024-03-14,140.59754943847656,141.29119343964214,139.8172036122172,141.18521964223606,9605700
2024-03-15,140.03878784179688,140.32780864215874,139.5474627713277,139.71123779481744,10570500
2024-03-18,140.02235412597656,140.74750783598415,139.9256610633262,140.61213164695766,6407000
2024-03-19,140.9505615234375,141.0375764395231,139.73230843836345,140.1383928000548,5240200
2024-03-20,140.63148498535156,140.67983152072483,139.84832127349475,140.61214342054402,8268200
2024-03-21,140.815185546875,141.32762633758549,140.5251211032129,140.92154201777475,8865300
2024-03-22,140.621826171875,141.37598493779464,140.4477815895057,141.01824712027403,5537200
2024-03-25,140.4284210205078,141.02787662539737,140.2060299546458,140.88285180269446,5253000
2024-03-26,140.94088745117188,141.10525386465872,140.33175357808642,140.70883293921293,6942400
2024-03-27,142.8166046142578,142.8166046142578,141.76270340139337,142.13978271964916,8797400
2024-03-28,142.83596801757812,143.31940392141792,142.78762147653555,143.01967602156412,8090200
2024-04-01,141.61769104003906,142.8359440016975,141.10525024839214,142.748929094427,7378300
2024-04-02,139.41323852539062,139.85799126386505,138.6880847205245,139.70330299799548,10776400
2024-04-03,139.25852966308594,140.28341130376705,138.92979682612997,139.6549506005694,8453400
2024-04-04,137.24742126464844,140.2157241711025,137.17006976591816,140.12869451422475,12685700
2024-04-05,138.475341796875,138.9297725965335,136.9186780424316,137.0346979050546,9073100
2024-04-08,138.0305938720703,138.36900485684237,137.81788092506346,138.36900485684237,9128200
2024-04-09,138.523681640625,138.6010331297379,137.5664735603019,138.33031029448676,10534400
2024-04-10,136.8993377685547,137.5278131213478,136.42558015619542,137.14105565348538,13052700
2024-04-11,136.33856201171875,137.34411675973823,135.9421558594764,137.31511179136172,8153900
2024-04-12,134.3081512451172,135.6424241574617,133.87306193123763,135.63276075165686,13799400
2024-04-15,134.03741455078125,135.97115774965204,133.82470161864228,135.47804379183452,10383600
2024-04-16,134.08575439453125,135.19766565274685,133.9987394861369,135.19766565274685,10170500
2024-04-17,133.85372924804688,134.9946308469583,133.6410162798952,134.86894754999034,8480100
2024-04-18,133.8440399169922,134.63688177816323,133.63134171988568,133.94073298655144,8105800
2024-04-19,134.34681701660156,134.72389638175764,133.86338117648907,134.54018840198833,9668400
2024-04-22,134.85923767089844,135.93246566567595,134.3274553755963,134.76255936930002,8531300
2024-04-23,136.61895751953125,136.8703388197264,135.53605131519856,136.1548632909827,8615500
2024-04-24,136.1935577392578,136.4739440603411,135.57476039828458,136.31925579006705,7378600
2024-04-25,135.28465270996094,136.32887565558977,134.58850407954174,136.10649935104374,9693300
2024-04-26,135.32334899902344,135.68108675244795,134.68521023349126,134.78188853678188,6013800
2024-04-29,135.77777099609375,136.16452848604428,135.10096383029244,135.487721320243,6388600
2024-04-30,135.6811065673828,136.52228021997303,135.584413496682,136.23221576116188,9677700
2024-05-01,135.92283630371094,137.14108943264495,134.92695955276565,135.08166257801545,10710200
2024-05-02,135.82611083984375,136.75431401674032,135.09129377504698,136.6576209606904,8425500
2024-05-03,136.16453552246094,136.551278279107,135.45872335260114,136.41591683895186,8539300
2024-05-06,136.7156524658203,136.75433559565982,135.9808352850743,136.28056315151952,5605100
2024-05-07,137.84689331054688,137.97257658833115,137.00570497278113,137.02504653601335,7720600
2024-05-08,137.3731231689453,138.14662342477538,137.19907860357063,138.12728186122482,5461100
2024-05-09,138.55270385742188,138.63005535616657,137.5181441591628,137.53748572217145,6821800
2024-05-10,138.8330841064453,139.31651988765304,138.63971274462006,138.7364058021773,6324900
2024-05-13,138.69773864746094,139.23918442422925,138.44635732347305,139.11350113888076,5351500
2024-05-14,139.28753662109375,139.355224722587,138.36901144435694,138.89111567795433,6198700
2024-05-15,141.3566131591797,141.511316143044,139.84829594972402,139.906305880351,8433700
2024-05-16,141.19227600097656,141.58869694671284,140.79585505524028,141.05691455039485,6740800
2024-05-17,141.4630126953125,141.4920176694587,140.62183893848658,141.1632847936064,7071600
2024-05-20,141.1632537841797,141.51132815076542,140.863525948315,141.3179567811711,3890000
2024-05-21,141.40496826171875,142.01410207682187,141.04723049896396,141.41463166631314,4048900
2024-05-22,141.65635681152344,142.08178268808285,140.94088124939188,141.02789615506353,6831200
2024-05-23,140.10935974121094,141.43396904261775,140.0126666849713,141.4243056383094,5155900
2024-05-24,139.63560485839844,140.51546161918688,139.5485899488587,140.29308526593283,3949500
2024-05-28,137.94357299804688,139.32620709380538,137.3634588748961,139.32620709380538,8375100
2024-05-29,136.870361328125,137.03472775373922,136.28056897584244,136.7640048464579,6838200
2024-05-30,136.93801879882812,137.4311179653655,136.01947904750068,136.3192216129957,7395500
2024-05-31,138.93946838378906,139.0168198946626,137.2087744320319,137.3731408601536,7945900
2024-06-03,139.91600036621094,140.3317480864155,138.60105435648373,138.84277226449765,10303300
2024-06-04,140.3220977783203,140.70884056592328,139.26819638851265,139.7903153803975,6964200
2024-06-05,140.96022033691406,141.11492335155364,139.703298914519,140.4864626403561,5373400
2024-06-06,141.42431640625,141.72404424880932,140.3704151248351,140.8538509362637,5425800
2024-06-07,141.5790252685547,142.28485227838397,141.12460911267172,141.28897554209584,5222300
2024-06-10,142.10113525390625,142.1398036305464,140.8441990903764,141.3566399122838,5396700
2024-06-11,141.51132202148438,141.99475780117606,140.9021882180203,141.99475780117606,5194000
2024-06-12,141.2115936279297,142.1687870257459,140.8441777157963,142.12045525060338,6522700
2024-06-13,141.09556579589844,141.32762029155884,139.79029798519437,140.68948149346008,4720600
2024-06-14,141.04722595214844,141.08589432256886,140.22537923614658,140.805508065476,4109600
2024-06-17,140.90219116210938,141.1245822477825,140.15771066819678,140.44776033944092,4542800
2024-06-18,141.0858917236328,141.54998592657392,140.77650050610166,141.05688675802955,4872600
2024-06-20,141.54998779296875,141.73369574640424,140.457432983166,140.65080434083373,6653600
2024-06-21,141.94642639160156,142.24615424640888,141.39531721576344,141.73371344561752,8535400
2024-06-24,142.77439880371094,143.27914623198214,142.1531768962612,142.52203249512462,6446100
2024-06-25,142.32791137695312,143.14326239894763,141.9881743789057,142.9394172378993,5171600
2024-06-26,141.8231658935547,142.3279133570446,141.49314497212265,142.07553221974985,4572700
2024-06-27,141.59017944335938,141.9881536260819,140.7748285405356,141.92991639175122,4637900
2024-06-28,141.4737091064453,142.7064515764699,140.84278596797398,142.114348324987,7656800
2024-07-01,140.67776489257812,143.16266725541354,140.4059812423005,141.75519822442809,6562000
2024-07-02,140.163330078125,140.37687651177032,139.37709766838515,140.17304615944497,7536100
2024-07-03,139.09559631347656,140.42539592068883,138.54231294308738,140.4156946516128,7654000
2024-07-05,140.1730194091797,140.25067398942218,138.6879107383967,139.39648841785146,4846900
2024-07-08,140.01771545410156,140.71659189116926,139.658575966838,140.32833378661934,4001500
2024-07-09,140.6971893310547,140.7748439223463,139.483864112934,140.318632455445,8336700
2024-07-10,142.02699279785156,142.0463953358416,140.54186922014193,140.85248756115504,5342300
2024-07-11,143.0267791748047,143.4053360412521,141.8619751447217,142.03670167367355,7690700
2024-07-12,143.91978454589844,144.52158909917253,143.4053358514354,143.51210906034842,6614600
2024-07-15,143.41505432128906,144.60896230152574,143.20150787785158,144.473070456711,5804100
2024-07-16,145.46311950683594,145.49223812421317,143.95859342759186,144.27891302983846,7602500
2024-07-17,146.12315368652344,146.8899834006969,144.2789055629584,144.4633333375342,10395500
2024-07-18,142.8035430908203,146.14261699768517,142.551176736874,145.19137402085545,11033400
2024-07-19,143.531494140625,144.22066927997946,142.95880827661432,143.52179287230328,5985700
2024-07-22,144.35658264160156,144.6186650363781,143.54123164796218,144.25951069950688,5190200
2024-07-23,144.2692108154297,145.03602575316538,144.1139016497044,144.94866990160637,3553300
2024-07-24,145.47280883789062,145.65723660687675,143.86152450121932,144.34685449914232,6870400
2024-07-25,144.7448272705078,147.08412163220075,144.58953291319722,145.03602825849862,11472800
2024-07-26,145.56021118164062,146.50173795636823,144.6380721359652,144.72544281104453,6028800
2024-07-29,145.64755249023438,146.14258381441564,144.88072270900102,145.5795991731969,8227200
2024-07-30,145.7737274169922,146.67644901614935,144.73512880671643,145.64755167492555,7269400
2024-07-31,145.2398681640625,146.23964683165917,144.67688355717652,145.71548210992876,8417800
2024-08-01,146.7249755859375,146.88998601583873,145.10397509221707,145.98726447450045,10357700
2024-08-02,146.4337921142578,147.31709641321984,144.25950802706635,146.94824081341184,15742100
2024-08-05,142.5220184326172,144.42450385661,141.9007965864628,144.1430189560029,17575600
2024-08-06,143.1820831298828,144.99722780534688,142.6385157786998,143.09472726510683,13335600
2024-08-07,141.72608947753906,143.77418307764086,141.26987800184585,143.08502263468242,11485000
2024-08-08,144.861328125,144.98750387470116,143.28884858866687,143.9391891208453,11479100
2024-08-09,145.57962036132812,145.9484759964209,144.80308919796963,145.11370758775303,8550400
2024-08-12,145.02635192871094,145.92905885450682,144.6089603182257,145.92905885450682,5044300
2024-08-13,146.78323364257812,146.92882674517634,145.43401658447195,145.59902703778292,4815700
2024-08-14,147.307373046875,147.52091945608646,146.24935708102606,146.59879531327223,4837300
2024-08-15,148.22950744628906,148.46245638656367,147.2976672518983,147.98684242610472,5886800
2024-08-16,148.38482666015625,148.62749172099177,147.7636046968613,148.18099630327035,4562500
2024-08-19,149.2875518798828,149.42344372468503,148.3071755320736,148.39454621245378,4729600
2024-08-20,149.8893280029297,150.65615776150383,149.5301885123378,149.685497680036,4878300
2024-08-21,150.14170837402344,150.52998132968546,149.61755839775324,150.19996042569684,5530100
2024-08-22,150.23878479003906,150.79206821417293,149.47196974780533,150.64646029730122,4951800
2024-08-23,150.88912963867188,150.99590285630788,150.10289722294303,150.63676331112302,4069400
2024-08-26,150.8114776611328,151.50065295258386,150.66588454869242,151.03474018167466,4433600
2024-08-27,151.04441833496094,151.46179506747765,150.51055231922052,150.95706248086643,3785400
2024-08-28,151.21914672851562,151.85008474804323,150.5105689264024,150.94736305616811,5150100
2024-08-29,151.53945922851562,152.22863445803884,150.8988347802431,151.8209589687387,4339200
2024-08-30,152.5877685546875,152.66542314195152,150.9861852742737,151.6462270493709,7020600
2024-09-03,152.29656982421875,153.20899272429236,151.8791930739416,152.27716728543723,7674900
2024-09-04,152.03451538085938,154.95619731841813,151.28710286247008,152.09275262443006,8235500
2024-09-05,149.94760131835938,151.95687527979504,149.21960608208866,151.8695194061068,7245600
2024-09-06,149.43312072753906,151.09295602980364,149.12251719461867,150.471734152865,7651800
2024-09-09,150.48143005371094,150.9570588218597,149.2389863441563,149.811672233025,6169200
2024-09-10,151.1706085205078,151.27738172339693,150.12229384062317,150.6852784730296,7337200
2024-09-11,150.72410583496094,150.89883236248926,148.3654087965664,150.62703389621203,6636500
2024-09-12,151.26766967773438,151.40356150220867,149.27781346778366,150.68528249188654,4838100
2024-09-13,151.57827758789062,152.04419026670527,151.1317674461662,151.33561257438967,4358500
2024-09-16,152.62660217285156,152.96632432724022,152.07331879667584,152.37422106325647,4711900
2024-09-17,151.05413818359375,152.48100988703348,150.52028691328732,152.44218999524918,6280000
2024-09-18,150.80177307128906,152.37423789543266,150.21937101214718,150.92796364002638,7148900
2024-09-19,151.34532165527344,152.16067258806115,150.94734745792545,152.16067258806115,6717400
2024-09-20,150.72410583496094,151.403564972908,150.35525024103322,150.8502963931148,8541600
2024-09-23,150.42889404296875,151.2180736873748,150.15609670897888,151.19858391599274,6416400
2024-09-24,150.12686157226562,150.4191486622318,149.41564105087443,150.36069421750636,5341600
2024-09-25,148.66543579101562,150.7991121469289,148.6069813483339,150.58476927953697,5940100
2024-09-26,149.16233825683594,149.34743904892113,148.31470418227795,148.56802660594929,6172900
2024-09-27,149.0843963623047,150.2340401400395,149.07464404349497,149.35719369486344,7312500
2024-09-30,150.05870056152344,150.09766524391404,148.65573413398985,148.87981450700528,7233800
2024-10-01,149.26951599121094,150.38019512224773,148.7044315397936,150.1755896842204,10560200
2024-10-02,148.96746826171875,149.43513356077378,147.9639606319644,149.0843920196521,7158400
2024-10-03,147.62298583984375,148.73366501757718,147.3501884885647,148.59726634193763,5551000
2024-10-04,147.73989868164062,148.11013003953576,146.99945083219143,147.8470701343818,6590100
2024-10-07,147.08709716796875,148.19777610842604,146.81429987496784,147.7496006320174,5922800
2024-10-08,147.8860321044922,148.1198647788267,147.35018971694603,147.47683607416238,4726600
2024-10-09,149.3961639404297,149.51308770612772,147.67169820954103,148.0224249076145,7840000
2024-10-10,148.84083557128906,149.5130914923007,148.48034167857318,149.39616772364178,4385500
2024-10-11,149.93202209472656,150.10740031118158,149.09414028938434,149.30848318375146,9354000
2024-10-14,150.76016235351562,151.02320737154514,149.58127646650743,150.09764391627783,4819800
2024-10-15,148.9187774658203,150.61401598828468,148.58751080386514,148.7433992487452,9088600
2024-10-16,149.3376922607422,149.6592065632213,148.32444722841825,148.72389087725128,4510200
2024-10-17,148.47059631347656,149.08439775061947,148.37316232250984,148.84082763954245,5430000
2024-10-18,149.19155883789062,149.552037820033,148.14907169900286,148.57775744335527,9823900
2024-10-21,147.4378662109375,149.20131149381007,147.2917152197394,148.80185293074493,4825900
2024-10-22,147.22352600097656,147.49632334991148,146.53178030924414,146.65844153065697,5166900
2024-10-23,146.53176879882812,147.04813623063163,145.7523563581477,146.82405589725298,4910200
2024-10-24,145.56724548339844,147.1260852823199,145.52826594027997,146.53177361365226,5066300
2024-10-25,144.768310546875,146.14204937895832,144.60268467487273,146.0641051686623,5314500
2024-10-28,144.982666015625,145.64518442758157,144.79755035836743,145.17751912513953,4923500
2024-10-29,144.5832061767578,145.4795572318683,144.51501427889414,144.8852455900772,7342600
2024-10-30,144.31040954589844,144.3591265396575,141.8747085213385,142.38133849702197,9211800
2024-10-31,143.0925750732422,144.12531004480329,143.06334784697844,143.45306897439644,6701100
2024-11-01,143.94020080566406,144.6514213803385,143.6381613747228,143.64791369380032,6896900
2024-11-04,142.99514770507812,144.2811901856333,142.7125980456814,143.5894593821118,5985900
2024-11-05,144.04736328125,144.08632795611345,142.1864841468132,142.71258902233512,5035300
2024-11-06,144.23248291015625,147.02867813629982,143.56024183316086,146.79484545755724,10685600
2024-11-07,145.27496337890625,145.45032672995956,144.39811689095896,145.09958516151258,9381600
2024-11-08,146.3174285888672,147.0676286863739,145.3041834776815,145.46980936766667,8701100
2024-11-11,145.46006774902344,146.72663525148403,145.2457248701606,145.99592494618054,6071900
2024-11-12,143.43356323242188,145.46980572257755,143.40433600941213,145.22623561993674,7022300
2024-11-13,143.05360412597656,143.80380425533895,142.90745313472036,143.37511846713187,5981200
2024-11-14,140.80300903320312,142.81976175165633,140.6471205996624,142.81002429943726,7936700
2024-11-15,138.1919403076172,140.15025359526902,137.92889528065473,140.0235923750972,14246100
2024-11-18,138.28936767578125,138.4355037948687,137.6755662429346,137.83145468085434,7933100
2024-11-19,137.578125,137.96783116580502,136.6525468401228,137.03251555500074,6205800
2024-11-20,139.20518493652344,139.40003803853466,137.6463303877562,137.87041071175216,9328800
2024-11-21,140.3256072998047,140.52046040997652,138.48421790595293,139.20519076656203,7969600
2024-11-22,140.4522705078125,141.29015227316742,140.23792762367475,140.61789639712993,6330300
2024-11-25,141.650634765625,142.09881031613935,141.06606054605672,141.08555031773298,6834300
2024-11-26,142.4105682373047,142.5664566735535,140.96863736785215,142.07931646003064,6018400
2024-11-27,143.17051696777344,143.95968179672778,142.54697804039736,142.54697804039736,5952800
2024-11-29,143.6186981201172,143.98891461659386,142.93670471466936,143.1607850765291,3521200
2024-12-02,143.3653564453125,143.5894516434711,142.62490868528295,143.53099719746078,6220800
2024-12-03,143.04385375976562,143.63815052500024,142.96590954473348,143.35561575355527,4236200
2024-12-04,142.96591186523438,143.78430383684696,142.59568055440712,143.29716363474338,5597400
2024-12-05,141.3680877685547,142.48850424858932,141.10502790582862,142.33261582131917,8948700
2024-12-06,140.5691680908203,141.71882663744154,140.393804763186,141.5531858951135,6545200
2024-12-09,140.97837829589844,141.35834707716035,140.2184407333746,140.70558095890732,6258600
2024-12-10,140.39382934570312,141.36810986894508,139.92616399078148,141.26093841673483,7200500
2024-12-11,138.48422241210938,139.9456430854606,138.44525773534286,139.82873418882127,6895000
2024-12-12,137.38330078125,138.87394889613165,137.2858816419579,138.51346983470103,5994200
2024-12-13,137.36380004882812,137.81196071127016,136.5259183034591,137.20791161565734,7599400
2024-12-16,135.7270050048828,138.00681765458663,135.61983356239213,137.25663242349154,9476600
2024-12-17,135.62957763671875,136.6330852343407,135.03526601291304,135.13268513067572,10280100
2024-12-18,133.78819274902344,136.43822178148633,133.70049621389438,135.54188559017666,14448100
2024-12-19,132.77493286132812,134.2558432446029,132.45341854261022,133.53487039053798,11929300
2024-12-20,134.45071411132812,135.7075294629178,133.52515057440968,133.95383638932128,12098400
2024-12-23,135.79345703125,135.98919236096177,134.07096522267875,134.66796768517108,8050500
2024-12-24,136.351318359375,136.351318359375,135.09857939557804,135.67601877847574,3139300
2024-12-26,136.6253662109375,136.74280443523892,135.72495671245952,135.8717694264864,4720300
2024-12-27,135.98919677734375,136.83087216272213,135.4117723091647,135.87175856243246,5948000
2024-12-30,134.31564331054688,135.206241335211,133.81650102679058,135.206241335211,6890300
2024-12-31,134.6385955810547,135.1768639541712,133.8752024791419,134.6483771198515,6626900
2025-01-02,134.67774963378906,135.813035456672,134.19818538093804,135.31389319069584,8973000
2025-01-03,135.99900817871094,136.38069735271696,134.80500308389193,134.95180086864403,8288700
2025-01-06,136.05772399902344,137.05597877847387,135.6075192472643,135.94027084041443,8653300
2025-01-07,136.73301696777344,137.92700704160174,136.39046891687514,136.39046891687514,12639700
2025-01-08,137.4376678466797,137.64319967386342,135.73475385137232,136.98747802888698,7827400
2025-01-10,136.6645050048828,137.94658871073602,136.3806909897202,136.96789703498246,10343700
2025-01-13,138.44573974609375,138.7980693689106,136.69387317326937,136.81131140299138,9422200
2025-01-14,137.01683044433594,138.2597730162171,135.92070057954905,138.2597730162171,10277800
2025-01-15,137.57469177246094,138.23041338289073,136.7917354693517,137.3985195107779,11388400
2025-01-16,138.1227569580078,138.3282738410909,136.60578191800914,137.14406531073763,8512100
2025-01-17,137.1929931640625,138.38699821383582,137.1929931640625,137.9368084018131,7668100
2025-01-21,139.4635467529297,139.473328292378,137.89763428961302,137.91721230215768,7257800
2025-01-22,139.150390625,139.59081387454404,138.1227761991345,138.77849790211258,8189900
2025-01-23,141.0098876953125,141.0294657087585,138.84697268581857,139.5320687535891,8032900
2025-01-24,141.2349853515625,141.52859582441442,140.2171526371447,140.38352842057603,8127900
2025-01-27,144.4059600830078,144.43531963865732,141.88093376160083,142.00816845851529,12311300
2025-01-28,143.39788818359375,144.59189305343332,143.35873215927077,144.39614279911387,9686400
2025-01-29,142.55624389648438,143.45663851449305,142.20391426912002,142.97707418085378,8159100
2025-01-30,144.20040893554688,144.60167605384962,143.12385719415025,143.13363873350596,7705200
2025-01-31,143.7404327392578,145.4237835120188,143.69151010541913,144.4353103568244,9211800
2025-02-03,144.29830932617188,145.0029685579942,142.83027174881715,142.86941284674035,13001500
2025-02-04,143.9068145751953,144.0634088242832,142.48771466025423,142.7128244934366,11762000
2025-02-05,145.28675842285156,145.55100932425,143.9655337831553,144.25912930287802,10042300
2025-02-06,143.985107421875,145.29656555195987,143.76979406918863,144.9931586032479,12422100
2025-02-07,143.309814453125,144.76807042143795,143.20217270544094,144.19064591867,11199700
2025-02-10,143.18258666992188,143.52511977596023,142.36048929505108,143.47619714198973,7374300
2025-02-11,142.9183349609375,143.20216389137062,142.3409104937099,142.77153719254028,6634900
2025-02-12,142.71282958984375,143.48598945514482,142.27240638185003,142.57579841676122,7572200
2025-02-13,143.2706756591797,143.58386416760146,142.06688906393987,142.99664318113568,6293100
2025-02-14,141.7145538330078,143.5740619935807,141.7145538330078,143.3783266504124,5299200
2025-02-18,141.44053649902344,141.8026476693107,140.775018340666,140.85331547304045,11366800
2025-02-19,143.2804412841797,143.3195973102079,141.42093325634454,141.4502928090415,6295900
2025-02-20,144.08299255371094,144.16128968136042,142.98686263391832,143.0749413024052,6264800
2025-02-21,143.309814453125,144.00469211148882,142.24304411404864,142.380060350869,8647000
2025-02-24,144.47445678710938,145.0616777513531,143.15323201803517,143.46640558095555,7559400
2025-02-25,145.7174072265625,145.91314258065307,144.268947685912,144.74849706338634,11981300
2025-02-26,144.6702117919922,145.77612323922725,144.21022550615416,145.14976115926802,6566800
2025-02-27,144.08299255371094,145.73698390788738,144.02427344138636,144.4059626051463,7377000
2025-02-28,145.7565460205078,145.98165586112228,143.36855084450036,144.31788297716992,8453700
2025-03-03,146.39271545410156,147.11695273361167,145.7859313408357,145.84465045713225,9459300
2025-03-04,145.03231811523438,146.87226319742751,144.81700475737563,146.59821579625773,10804700
2025-03-05,146.4905548095703,146.71566463485263,144.10255979620828,144.3765922556703,7597700
2025-03-06,146.0893096923828,146.29482658014058,144.77785150563685,145.8250587601874,7122200
2025-03-07,146.09910583496094,147.07779760230858,145.28678987602427,145.49232171797382,8532400
2025-03-10,144.5233917236328,146.71566635873685,144.20042169254722,144.963799971968,13577800
2025-03-11,142.9477081298828,144.73871574316047,142.19411133515226,144.5331839141793,9411600
2025-03-12,141.51882934570312,142.87921024550383,141.04904656568303,142.6247408395803,7141100
2025-03-13,140.76522827148438,141.9788113492915,140.43247667928972,141.57754417030085,8041600
2025-03-14,141.84176635742188,142.057079704019,140.35416587830363,140.86307475785262,6761200
2025-03-17,143.642578125,143.97532970302004,141.6362572491624,141.6362572491624,6017300
2025-03-18,143.71107482910156,143.9263881815904,142.92811854129206,143.6915117488019,5528000
2025-03-19,143.78939819335938,144.1710873999495,142.791128370873,143.81875775281617,6156200
2025-03-20,143.87745666503906,144.49403719434045,143.38811083128235,143.80895601381098,8033800
2025-03-21,143.47618103027344,143.73063544621206,142.62470926352816,143.45660301869438,7635300
2025-03-24,144.5716552734375,144.80745542879365,143.54988458308156,143.85445041410804,6500600
2025-03-25,142.724609375,145.00395095655955,141.82073124856888,144.91553151832142,6502000
2025-03-26,142.2039031982422,143.41234721326938,141.86002982409423,142.83268866043977,8758600
2025-03-27,142.42987060546875,142.87198281193426,141.92881210366494,141.98775839900327,6264300
2025-03-28,141.9877471923828,142.69513266346726,141.91896652563133,142.3119667825821,6210500
2025-03-31,143.45162963867188,144.05094191130826,140.96596111235058,141.2705269409741,8085600
2025-04-01,140.82843017578125,142.930933052305,140.39613734279774,142.930933052305,9906100
2025-04-02,141.77159118652344,141.86983000053013,139.69856181987276,140.26840091024496,6392700
2025-04-03,140.62208557128906,142.64598791935643,140.54348552972797,141.24103653751715,10990600
2025-04-04,132.90965270996094,139.2269954747276,132.86052580056165,138.6669756921458,21341100
2025-04-07,132.11383056640625,134.96301104387888,127.38811333050096,129.40219642250625,29940300
2025-04-08,130.6499481201172,136.9967639506096,128.97973816201744,136.98692957399945,20860400
2025-04-09,136.3286590576172,136.80025935085453,127.40775589480096,127.8498830436393,39444700
2025-04-10,132.52647399902344,135.3265426585508,129.0288542642741,135.28723513825784,21957400
2025-04-11,134.47178649902344,135.34619149777131,131.30820549424402,132.78192279492657,10755600
2025-04-14,136.11251831054688,136.60375739278587,134.56021600312755,135.78831370872498,7437200
2025-04-15,135.2774200439453,136.60375656307838,134.8844197856849,136.56446403296582,6239000
2025-04-16,133.90194702148438,136.19112302200585,133.2633421892968,135.69988392296074,8150700
2025-04-17,133.11595153808594,134.1770295923707,132.73278571221294,132.96857084110417,9662800
2025-04-21,130.24713134765625,132.9882387016696,129.25481885359378,132.82121922051854,6456000
2025-04-22,132.6934814453125,132.9096278130381,130.80712541087345,131.29836442999064,8012500
2025-04-23,133.35174560546875,135.51319438325928,132.7622677523036,134.14755045166848,9503200
2025-04-24,134.98268127441406,135.13004701000037,132.75245153016502,133.56791024707417,5433000
2025-04-25,135.631103515625,135.77846923276414,133.49912785626486,135.17915699735502,6438400
2025-04-28,136.17147827148438,136.6037560668601,134.99249249241285,135.8177855360483,5803300
2025-04-29,136.8395538330078,137.5174661467158,135.3167097211376,135.9946220348456,7811900
2025-04-30,138.00869750976562,138.3230827007647,135.8374143502429,137.10481947243278,6827800
2025-05-01,134.24581909179688,136.67254141697384,134.07879959870473,136.37779496210584,10363200
2025-05-02,136.1027069091797,136.57429225819126,135.13988244911457,136.35814585001347,9777000
2025-05-05,135.7195281982422,136.2500597919006,135.16934284439597,135.8276013921353,5479700
2025-05-06,131.97628784179688,134.78617586855498,131.62259511844877,134.72722957990135,11625900
2025-05-07,132.98825073242188,133.37141663359057,132.0450650572379,132.38893842634496,6417500
2025-05-08,131.7896270751953,132.9587785489175,131.34751487701686,132.0549003906735,10558100
2025-05-09,130.35519409179688,132.40858482422655,130.29624780126886,131.95663827780024,7555200
2025-05-12,133.57772827148438,133.74474774851203,130.31589380315322,130.55169394265306,15211100
2025-05-13,129.5594024658203,131.59313964604334,129.5201099319167,131.59313964604334,17817000
2025-05-14,126.5137176513672,130.22748392005988,126.42528322293003,129.96221061760266,19579500
2025-05-15,128.1741180419922,128.25270310889192,125.1186026141334,126.21898094358278,18792700
2025-05-16,130.7580108642578,130.8071377690959,128.02672285923717,128.40988873069182,12901800
2025-05-19,132.0155792236328,132.0843598874155,130.3257156702521,130.68924276616886,11645200
2025-05-20,132.33981323242188,132.72297913855522,131.8387547371484,132.04506676814364,11644500
2025-05-21,129.2744598388672,131.78960117471357,129.21551355621844,131.21976212340073,16635900
2025-05-22,128.2625274658203,128.94043979844022,127.70250771576836,128.34112751800797,12722600
2025-05-23,128.0561981201172,128.3116520329263,127.28004697998418,127.65337848178496,9127100
2025-05-27,129.8443145751953,130.07028034978688,128.86183643523427,129.1270947391965,12304000
2025-05-28,129.1762237548828,130.256955723067,128.8323653951347,129.79518979042712,11087500
2025-05-29,130.0408172607422,130.43380255054484,128.98955837380694,129.37272427836427,10670300
2025-05-30,130.31590270996094,131.00363442455802,128.58674654305585,129.7558979535844,11651300
2025-06-02,130.39450073242188,130.4534470225518,128.81271031775347,129.98186171008578,11845000
2025-06-03,130.69908142089844,131.18050116407974,129.42185668761857,130.05064217288162,14304300
2025-06-04,130.95449829101562,131.97628390192978,130.95449829101562,131.0920446242434,9986100
2025-06-05,130.7776641845703,131.56364968505628,130.24713259181252,131.2787226328097,13705000
2025-06-06,132.02542114257812,132.47735270510216,131.44574762940502,131.46540139038387,9153500
2025-06-09,131.7994384765625,132.447877656706,131.05276047579017,131.99594610067405,9976600
2025-06-10,133.30262756347656,133.70544720100727,131.8976910115291,131.91734477203536,11488000
2025-06-11,133.3714141845703,134.17705349560353,132.9685945290537,133.3321216532302,13644000
2025-06-12,134.41282653808594,134.44229968178846,133.115963240897,133.38122153421963,9809500
2025-06-13,133.7447509765625,134.92372171966537,133.30262383040085,133.6759703124302,13722800
2025-06-16,133.33212280273438,134.43249358687382,132.71315674094214,134.02967392788435,14171000
2025-06-17,131.13136291503906,133.03737296878472,130.95450904840357,132.7328071338634,13506000
2025-06-18,130.9053955078125,131.76996609492096,130.1685368874044,131.1411806718298,12185300
2025-06-20,130.27659606933594,131.45556673686775,130.08992284028687,131.35731293481282,13744900
2025-06-23,130.46417236328125,131.0367318121384,129.29930588098742,130.36544950337728,14181600
2025-06-24,132.06338500976562,132.3595385371233,130.30622649390253,130.80967694631474,11272900
2025-06-25,132.18182373046875,132.56681874859663,131.0663338416836,131.8067100352366,11996400
2025-06-26,132.49774169921875,133.4256823902137,132.03377135372128,132.4582465285839,13177700
2025-06-27,132.21144104003906,133.3960550311808,131.98439655236703,132.59645113125495,13818500
2025-06-30,133.06040954589844,133.2183600902235,132.08312256174716,132.1818303547056,12407700
2025-07-01,134.95579528808594,135.99231003231722,132.73466644245775,132.85312182739983,21204300
2025-07-02,133.62310791015625,134.54116724165178,133.50465252880034,134.28450889438275,13720400
2025-07-03,133.76132202148438,134.1561833675676,133.43555463261805,133.81068345549346,7282700
2025-07-07,132.6359405517578,133.71195044173513,131.93504439319838,133.71195044173513,14052300
2025-07-08,133.2381134033203,134.47207384080903,132.2904251596118,132.53721724710954,19485900
2025-07-09,133.75143432617188,134.17590945203932,132.6951570470261,133.5145085186925,13963900
2025-07-10,134.57080078125,135.8639889488692,133.26773128951535,133.77118174059788,17668300
2025-07-11,133.4552764892578,134.13642498347463,132.62605878455554,134.13642498347463,14246600
2025-07-14,133.29734802246094,133.57375396978532,132.6754271094839,132.92221920980884,11095400
2025-07-15,130.89852905273438,133.73169739312718,130.7701923472553,133.49477156677975,17095600
2025-07-16,132.52734375,132.69516055277606,131.29338337988827,131.43158633882106,14142100
2025-07-17,131.01698303222656,131.96465620148686,130.58262655340167,131.5796611521636,15740900
2025-07-18,130.1482696533203,131.53031435992563,129.97058658328166,131.362497550558,13245500
2025-07-21,129.4079132080078,130.62214129108267,129.34868550893017,130.2173985967244,9468700
2025-07-22,131.8166046142578,132.09301058086052,129.62508940548238,129.62508940548238,16681900
2025-07-23,134.5214385986328,134.57080002995215,133.07029988320903,133.52438890016148,16624000
2025-07-24,134.01795959472656,135.1729446689468,133.80078136918164,134.3832220993207,11054800
2025-07-25,134.72874450683594,134.94592276872916,133.99824950137233,134.50169998321846,9539900
2025-07-28,133.5540008544922,134.63989207615973,133.1986196422186,134.3930999860529,9780300
2025-07-29,132.7050323486328,133.36644839003625,131.23416116642005,132.18183433492052,14967600
2025-07-30,132.46812438964844,133.45529274779412,131.92517878006956,133.14927296684797,11634600
2025-07-31,128.75636291503906,132.07324923164398,128.3121401623586,131.3131404341884,26441600
2025-08-01,129.44740295410156,129.71392758877383,128.19369481188346,129.0229126901873,20736200
2025-08-04,131.3032684326172,131.36251119177547,129.67444653614584,129.70406038422752,11331000
2025-08-05,130.79981994628906,131.2440427372812,130.34571583045576,130.7504585110688,14319200
2025-08-06,128.83534240722656,130.3555901778651,128.67740691116862,130.24700105139092,14342800
2025-08-07,127.35457611083984,128.56880395709553,126.31805392165153,128.1048336541509,24421900
2025-08-08,128.48983764648438,128.76624358287685,127.57176323682862,127.57176323682862,13747100
2025-08-11,128.61814880371094,129.63494599188417,128.4700795866429,128.61814880371094,14474000
2025-08-12,129.50662231445312,129.54610242197603,128.46022624066424,128.6675231653991,17219500
2025-08-13,131.57965087890625,131.65862614734408,129.96069553341138,130.12852739321193,15069900
2025-08-14,132.24107360839844,132.37927656945962,130.71095971329717,131.3526130904398,15464000
2025-08-15,134.4622039794922,134.8471990231599,133.44540674827414,133.74156025794005,13929600
2025-08-18,134.1463165283203,135.42963849205688,134.07722257140094,134.77810371712982,12572000
2025-08-19,135.00514221191406,135.45924629438366,134.03772141725423,134.1265629563263,13578200
2025-08-20,135.7356414794922,136.43653760139406,135.25192358899693,135.25192358899693,14607000
2025-08-21,135.2815399169922,136.6833321865351,135.18283212280858,135.44937178679132,13218900
2025-08-22,136.3970489501953,137.23614807189773,136.0318014812864,136.0318014812864,11898600
2025-08-25,134.4523162841797,136.48588052425774,134.35360849429767,136.36742515120233,10681000
2025-08-26,135.29141235351562,135.40986772395215,134.59051626478447,134.837308328522,11397500
2025-08-27,135.2124481201172,135.9429581110737,134.9755222969167,135.23219570446557,8321700
2025-08-28,134.67935180664062,135.09397571072438,134.01795091277978,135.0742281288653,9165700
2025-08-29,135.66653442382812,135.70602959174025,134.62013841905355,134.78795522519732,9655700
2025-09-02,135.7948760986328,135.97257423475943,134.7089999491683,135.13347511031506,13325300
2025-09-03,135.15322875976562,135.9923128588688,134.49182774176865,135.3506594264373,12586000
2025-09-04,135.66653442382812,135.70602959174025,134.3338662351597,135.04462862764677,11778600
2025-09-05,136.13050842285156,136.6043600726671,135.29142436941603,135.5184688705817,14664000
2025-09-08,136.0811767578125,136.10090928144152,134.6201566075284,135.6961816651149,15753300
2025-09-09,136.81166076660156,137.18678956731415,135.95282910496368,136.28846273560447,12249600
2025-09-10,135.5678253173828,136.7326766886287,135.0544935804474,136.7326766886287,13588300
2025-09-11,137.92715454101562,138.20356045689,136.12063476462714,136.26870398277674,16470800
2025-09-12,136.3378143310547,138.01599742618552,136.32794807074546,137.44343800540105,11345400
2025-09-15,135.17294311523438,136.76228462227616,134.9064185293957,136.48587871348562,11233800
2025-09-16,135.17294311523438,135.62704714424302,134.78794809491953,134.9064185293957,12443800
2025-09-17,135.43948364257812,136.51549344184875,135.0841024628291,135.37038969642848,12501500
2025-09-18,135.70603942871094,136.1700097758551,135.13347995642675,135.43949974645926,11472900
2025-09-19,135.52835083007812,136.13052419135133,135.4197616972913,136.05156397022932,11280900
2025-09-22,135.49363708496094,136.11838701128886,134.7597863043974,135.0572941955383,9732700
2025-09-23,135.80105590820312,136.2076495203546,135.01761795972786,135.12670368172266,9903000
2025-09-24,135.25563049316406,135.92005622214344,135.0275476624709,135.68206200990022,7471600
2025-09-25,133.01443481445312,135.04737269361374,132.61775256758534,134.99780065315068,14099700
2025-09-26,134.37303161621094,134.4920287208281,133.52018372540113,134.02593655190415,10071000
2025-09-29,134.7696990966797,134.83912416248737,133.61935844110766,134.5515276496843,7735700
2025-09-30,138.0124969482422,138.3397540963386,134.54160706052045,134.63085488312515,19313500
2025-10-01,142.2767333984375,142.5345654805412,138.43892578112016,138.63725931595985,23657900
2025-10-02,141.9990692138672,142.37591353774502,140.96771057963707,140.96771057963707,15176200
2025-10-03,143.6155242919922,144.92453784640767,142.36599415836815,142.3759206717335,15829200
2025-10-06,142.9213409423828,143.8535253301609,142.77259455364413,143.69485242758572,12879900
2025-10-07,143.03041076660156,143.45684225336854,142.0883151016278,142.92132504969643,12478700
2025-10-08,143.30809020996094,143.76427100128294,142.82217527411552,143.3973531710519,8925800
2025-10-09,142.99075317382812,144.04193457822078,142.7626703542794,143.57584242617807,7657000
2025-10-10,140.9280548095703,143.5361856285314,140.75947053564337,143.4072620118132,13350100
2025-10-13,140.76939392089844,141.7511655041827,140.45206324052896,140.5512224579464,8257500
2025-10-14,141.1561279296875,141.6718072292235,139.8768637593165,140.42229233268353,10044700
2025-10-15,141.3743133544922,142.05857698410284,140.1842968878077,140.8388112406423,7260600
2025-10-16,141.13632202148438,142.4453356219958,140.77931556100296,141.66191276443192,11194100
2025-10-17,142.0784149169922,142.22716130091214,140.21404620183364,140.4024683760525,8160300
2025-10-20,143.5857696533203,143.7841183515614,142.3660038449196,142.52467675076002,8435900
2025-10-21,143.92294311523438,144.4187845617755,143.1395051558465,143.84360666796218,9031800
2025-10-22,144.7460479736328,145.5096329392776,144.3295278245238,144.9939687075935,12705300
2025-10-23,144.8253631591797,145.2914553298375,144.16093743612876,144.3096989493337,7924900
2025-10-24,144.81544494628906,145.53936918771998,144.66669857198113,145.0732770390493,7007400
2025-10-27,145.1526336669922,145.2319701216151,144.01220428703607,144.87496364175277,6466700
2025-10-28,144.24026489257812,145.32119554784126,143.98243280372648,145.19228706935502,8652700
2025-10-29,142.78250122070312,144.24027630972776,142.37592272761626,144.01219347723313,12425600
2025-10-30,143.099853515625,144.24028286178205,142.5742627597215,142.76268494238147,10756100
2025-10-31,143.05026245117188,143.28827180151393,141.51315088545903,141.83049668591514,10581100
2025-11-03,143.24859619140625,143.35768191896568,141.6420746872404,142.87176696773955,12279300
2025-11-04,143.89320373535156,144.2799594849779,142.29659356240586,142.57426358101543,14182200
2025-11-05,144.4485321044922,145.0435327540729,143.17917922713076,143.42709994742603,13154600
2025-11-06,144.72621154785156,144.8947958328313,143.73452860193714,143.93286216474385,14395800
2025-11-07,144.92453002929688,144.93444141024747,143.51634220846512,144.6270221501061,14522900
2025-11-10,146.0550537109375,146.2038000905472,144.50803083547717,144.5774407686684,12305900
2025-11-11,149.42677307128906,149.5656232047885,146.3724030356677,146.3724030356677,12659500
2025-11-12,151.54898071289062,151.886149250935,149.46644067084335,149.7341992778219,17847500
2025-11-13,151.4696502685547,153.2348446045639,150.5969644819865,150.77546013912269,21807600
2025-11-14,150.5672149658203,151.64814568399123,149.93253852165867,150.95397068754568,15468900
2025-11-17,150.43829345703125,152.04483005061965,149.8829534520892,150.08128700644275,17516500
2025-11-18,151.32089233398438,151.85640958181634,149.8928665156064,150.487882317224,24494200
2025-11-19,151.06304931640625,151.6580499431826,150.3093758030711,151.21179569013051,17352600
2025-11-20,150.16061401367188,152.06464325314047,149.8631061349063,151.22172191716388,25278500
2025-11-21,153.3240966796875,154.41495394311076,150.44822226794324,150.52754358539178,25526100
2025-11-24,153.9686737060547,154.86119734938546,153.19516229429567,153.84967660636235,17928400
2025-11-25,157.4495086669922,157.56850578064842,154.47445977053695,154.47445977053695,17298600
2025-11-26,157.10240173339844,157.6279924549342,156.8445696292858,157.10240173339844,12398900
2025-11-28,156.33880615234375,156.93382195659012,155.85289120636034,156.88423478425617,8559700
2025-12-01,153.99842834472656,156.54706061902175,153.88934262224933,155.73387339112244,17321200
2025-12-02,153.076171875,154.17694049083102,152.85800042812323,153.95876904395422,16150300
2025-12-03,153.79019165039062,154.48436667975471,153.37368663277218,153.38359801466282,12724800
2025-12-04,152.6199951171875,153.74060165738817,152.09440438088888,153.7108523803811,13674600
2025-12-05,151.98532104492188,153.3439369544271,151.6878282701725,153.16542615769677,8868700
2025-12-08,150.1705322265625,152.1439866180057,149.9424493996134,152.0745766845342,10996000
2025-12-09,148.7127685546875,151.41013201638654,148.60368283465752,150.7357949339317,11543300
2025-12-10,150.8746337890625,150.9142944465064,148.62350939915103,149.1292773558108,15534800
2025-12-11,152.3026580810547,153.01667096311806,150.99362941997856,151.48947085852924,14703000
2025-12-12,152.77867126464844,153.27451273448406,152.13408340661445,152.4712519744513,13175500
2025-12-15,154.8017120361328,155.00995697840074,153.15551473419052,153.18526401165738,14681800
2025-12-16,152.78858947753906,154.82152728791218,151.81672935450766,154.7421908412231,12491300
2025-12-17,152.5109100341797,153.49268157519518,152.39191292564954,152.94725294129768,9093300
2025-12-18,152.62991333007812,153.8893396732315,152.40181537625506,152.47124044008285,8876400
2025-12-19,153.65135192871094,154.47445055679498,152.63983112732234,152.63983112732234,8571500
2025-12-22,154.6641845703125,154.7338900790913,153.17032576608474,153.518883702614,7063700
2025-12-23,154.35545349121094,155.02270858857523,154.00688036444097,154.05667869631057,7465800
2025-12-24,155.16213989257812,155.3015661085987,154.5147919496613,154.5347143223265,3085700
2025-12-26,155.41111755371094,155.48082306409606,154.71398646827018,155.0525908245817,4439100
2025-12-29,155.17208862304688,155.84931250560192,155.04261599925312,155.4310338706344,6357300
2025-12-30,155.04261779785156,155.34139259667072,154.5645872375314,155.02271062189646,4355000
2025-12-31,154.16622924804688,155.20196464989164,154.1363532881304,154.96295697055987,4199500
2026-01-02,154.87332153320312,154.93308865230128,152.951230434294,154.23594236301918,10998000
2026-01-05,154.40524291992188,154.75381606089877,152.34372562409024,153.95708830746435,17756200
2026-01-06,157.4427490234375,157.6817718933205,154.50482986409165,154.50482986409165,17783800
2026-01-07,159.00633239746094,159.93251754803518,157.8909075067787,157.8909075067787,14505700
2026-01-08,157.47262573242188,159.84288648201715,156.96471922735876,158.49840752653878,17611000
2026-01-09,156.66595458984375,158.2793172839124,156.61615625561438,157.68178286211418,12352000
2026-01-12,156.7356719970703,156.85517583965026,155.3712706102389,156.68587366388942,12250100
2026-01-13,156.09829711914062,157.02448231714394,155.1023912135105,157.0045599440623,11756500
2026-01-14,157.2136993408203,157.3431719651729,155.83934439405414,155.96881701840672,13516800
2026-01-15,156.31739807128906,156.80538224076906,154.73389612770646,156.6659560214436,15303400
2026-01-16,155.10238647460938,156.3273464461387,155.0725105140587,155.99869568376397,11950300
2026-01-20,154.76376342773438,155.28163872609613,152.6026495509798,153.3695013125112,12775200
2026-01-21,157.612060546875,157.86103701916355,154.5147926237526,154.56459095747388,16393900
2026-01-22,157.64193725585938,158.5780912275173,156.8551782860742,157.00455809162898,10881400
2026-01-23,156.8352508544922,157.7315752478638,156.0186159499367,157.15394802448677,10191300
2026-01-26,157.45272827148438,157.68178237264678,156.2576290389616,156.72570602589215,6810400
2026-01-27,154.81356811523438,156.44685317282634,154.50483971964047,155.1621412565089,12697500
2026-01-28,153.67823791503906,154.51479522891694,152.8416806011612,153.66828432665417,11426600
2026-01-29,153.19024658203125,154.03675744470257,152.87154941280153,153.6184788073266,12167300
2026-01-30,154.10647583007812,154.29568517560392,152.66240019867297,153.48900387306665,11863900
2026-02-02,155.05258178710938,155.3712637520283,153.76785475081272,153.9471257030872,11005300
2026-02-03,153.46910095214844,156.4767257442088,153.220124484151,154.146309650869,21141900
2026-02-04,155.3911895751953,156.1381189675761,153.59855599421792,154.1761832145505,22951600
2026-02-05,154.2060546875,156.32733896295855,154.04670610797928,154.8235266340636,21421600
2026-02-06,157.06431579589844,157.15394367385912,155.2716822550997,155.40113968004837,13616200
2026-02-09,155.6800079345703,157.50250224586844,155.39118673153078,156.9248902324236,11823000
2026-02-10,154.69406127929688,156.51657085283247,154.6044333977257,156.01861791568015,11103400
2026-02-11,155.61029052734375,155.73976315188406,153.74795143313406,154.54466396358012,11738400
2026-02-12,155.36131286621094,156.77549735207606,154.84343756835472,155.57045978144893,19409100
2026-02-13,157.02447509765625,158.14985358209876,155.87918943736543,155.87918943736543,16647900
2026-02-17,156.7257080078125,158.25941161732987,156.4867003153399,157.38300955474853,14881100
2026-02-18,157.02447509765625,157.1539477222572,155.83934469303404,156.55639812782533,11886300
2026-02-19,156.61614990234375,157.07427328382445,155.55053853538945,156.5563979822196,11226900
2026-02-20,156.17796325683594,156.60619547965447,155.2318405388557,156.3572190162528,13368500
2026-02-23,157.8909149169922,158.0303411353314,156.4866991452607,156.4866991452607,17053500
2026-02-24,157.22366333007812,157.8510889249044,156.66595844415187,157.36308955155968,12887100
2026-02-25,157.18382263183594,158.5780847477688,156.97467571628732,157.22365217958372,11011500
2026-02-26,156.77549743652344,157.52242682570565,155.45094082948228,157.42284535827173,15344400
2026-02-27,159.5441131591797,159.58395790287472,156.0684114894883,156.098287449101,14250100
2026-03-02,157.88095092773438,159.1855851411726,157.3431684628021,158.53825242645377,18641400
2026-03-03,156.09829711914062,156.74562987927294,154.36541537266967,156.01862282313203,21432600
2026-03-04,156.4070281982422,156.93485712156416,155.03267316210358,156.09829979361822,12745700
2026-03-05,153.27987670898438,155.06254153700095,152.09474628755586,154.4948830909264,20476400
2026-03-06,152.0748291015625,152.3636503248002,150.33199376268598,152.15450339775504,18174000
2026-03-09,153.62843322753906,153.9172544382579,150.51125820432938,151.15859093789777,18675700
2026-03-10,152.52297973632812,153.90728830433338,152.38355352071312,153.77783087318087,17247500
2026-03-11,152.22421264648438,152.5329410232913,151.31793469137455,152.2142438625119,12503800
2026-03-12,149.54522705078125,151.8656895198544,149.41575442662193,151.32789184743675,15670500
2026-03-13,149.17672729492188,151.67646064893157,149.05722345837916,150.42160957996512,15129300
2026-03-16,150.39173889160156,151.10879232862237,149.7643285314465,150.13280883791197,10896600
2026-03-17,149.02735900878906,151.2283177451074,148.92776233976687,150.60089216216744,11938600
2026-03-18,146.53758239746094,148.4397661692212,146.4081097774648,148.11111542360422,15565400
2026-03-19,146.009765625,147.48370211230892,145.7010372252581,146.53759453997515,16913000
2026-03-20,144.73500061035156,146.4180839469415,144.06774550700433,145.88028627203522,16582200
2026-03-23,144.77000427246094,146.77000427246094,144.60000610351562,146.55999755859375,21815400
2026-03-24,144.7899932861328,145.3000030517578,143.3800048828125,143.9499969482422,24230900
2026-03-25,146.24000549316406,146.69000244140625,145.35000610351562,145.69000244140625,17743300
2026-03-26,145.74000549316406,146.91000366210938,145.6300048828125,145.75,13321000
2026-03-27,143.25999450683594,145.8000030517578,143.07000732421875,145.72000122070312,12932200
2026-03-30,143.82000732421875,144.6300048828125,143.42999267578125,144.3000030517578,14799700
2026-03-31,146.61000061035156,146.75,144.60000610351562,144.80999755859375,17866000
2026-04-01,147.72999572753906,148.75999450683594,146.9499969482422,147.22000122070312,16899200
2026-04-02,146.80999755859375,148.36000061035156,146.27000427246094,146.92999267578125,11087900
2026-04-06,146.27999877929688,147.13999938964844,145.75999450683594,146.27999877929688,7272600
2026-04-07,146.57000732421875,146.91000366210938,144.8800048828125,146.91000366210938,10263400
2026-04-08,149.6699981689453,149.6999969482422,147.5,148.1999969482422,8130700
2026-04-09,149.3300018310547,150.22000122070312,148.3000030517578,148.8300018310547,6406400
2026-04-10,147.30999755859375,149.83999633789062,147.11000061035156,149.77999877929688,6217800
2026-04-13,147.97000122070312,148.0500030517578,146.24000549316406,146.8800048828125,6182800
2026-04-14,148.8300018310547,149.60000610351562,147.24000549316406,147.3800048828125,7722300
2026-04-15,147.77000427246094,149.2100067138672,146.88999938964844,148.86000061035156,6669200
2026-04-16,146.61000061035156,148.1999969482422,146.2899932861328,147.19000244140625,9072300
2026-04-17,148.8000030517578,149.1199951171875,147.36000061035156,147.3699951171875,8338100
2026-04-20,147.4199981689453,148.74000549316406,147.14999389648438,148.4499969482422,6325700
2026-04-21,145.9199981689453,148.55999755859375,145.8800048828125,148.2899932861328,8735300
2026-04-22,146.3800048828125,147.5800018310547,146.0050048828125,146.50999450683594,8303296
