Date,Close,High,Low,Open,Volume
2016-08-01,85.06416320800781,85.16241382801228,85.00369862667283,85.02637140311849,3149300.0
2016-08-02,84.81476593017578,84.9961539396031,84.79209314977497,84.92057608286012,3643900.0
2016-08-03,84.90547943115234,84.92059846621852,84.72409137391479,84.88280664477544,3777800.0
2016-08-04,85.06416320800781,85.14730056578846,85.02637140311849,85.05660369378599,2002800.0
2016-08-05,84.77693939208984,85.056583690333,84.75426662097632,85.056583690333,2474600.0
2016-08-08,84.82989501953125,84.89035962269328,84.67117976089739,84.76943618259115,2604000.0
2016-08-09,85.04910278320312,85.0566623026339,84.87527419986215,84.95085209549839,2981100.0
2016-08-10,85.1473388671875,85.20024395809868,85.05664195438729,85.10954704529847,3185800.0
2016-08-11,84.92057037353516,85.20021476752625,84.88277856459403,85.20021476752625,1807200.0
2016-08-12,85.1246337890625,85.27579526329352,85.1246337890625,85.19265789402162,1889600.0
2016-08-15,84.97350311279297,85.11710511405997,84.96594359529935,85.07931329281423,1950500.0
2016-08-16,84.92057037353516,85.04149378294991,84.92057037353516,85.01882100407343,6250200.0
2016-08-17,85.07930755615234,85.14733167656352,84.92059229682218,84.98861065101141,5210700.0
2016-08-18,85.20021057128906,85.2379966121487,85.05660862384997,85.13218647178942,1962900.0
2016-08-19,85.01129150390625,85.11710167965816,84.94326738165311,85.04907755740501,3287600.0
2016-08-22,85.13978576660156,85.20780413166148,85.07176163531878,85.14734528479362,1808500.0
2016-08-23,85.16240692138672,85.27577656064064,85.12461511956229,85.2379847588162,2583000.0
2016-08-24,85.1322250366211,85.2531542610812,85.12466551853663,85.24559474299676,2312800.0
2016-08-25,85.04151153564453,85.15488121991373,85.04151153564453,85.0641900854757,1613500.0
2016-08-26,84.90547943115234,85.29849361575982,84.86013385839854,85.17001064880915,2513700.0
2016-08-29,85.13978576660156,85.16245855495487,84.9961837520668,85.0642078833496,2156400.0
2016-08-30,85.09441375732422,85.18511065493331,85.06418722434266,85.18511065493331,1712300.0
2016-08-31,85.07930755615234,85.1851177290391,85.03396198669286,85.13221264259572,3025000.0
2016-09-01,85.15351867675781,85.18380694578835,84.84307402876385,84.88093003237955,3777100.0
2016-09-02,85.03993225097656,85.13837056160784,84.94149971724146,85.13837056160784,1730900.0
2016-09-06,85.22164154052734,85.32007405080408,85.02477074307907,85.07777375275036,3745800.0
2016-09-07,85.26710510253906,85.3806846763188,85.25195807835665,85.3806846763188,1839600.0
2016-09-08,84.97177124023438,85.22921279014972,84.91119471899722,85.18378328766937,2605500.0
2016-09-09,84.60073852539062,84.79760352700167,84.60073852539062,84.77488877888456,2763900.0
2016-09-12,84.66886138916016,84.72186438034716,84.54014066440499,84.6234319043978,2358200.0
2016-09-13,84.43417358398438,84.75219167762911,84.30544702302733,84.75219167762911,3005400.0
2016-09-14,84.54019927978516,84.61591706585175,84.40390495410657,84.40390495410657,2089700.0
2016-09-15,84.59320068359375,84.62348895281824,84.41904457977715,84.50233587592031,2253800.0
2016-09-16,84.65372467041016,84.70672766442546,84.57800115590852,84.61586291315935,1701000.0
2016-09-19,84.58563995361328,84.69164602346898,84.57049870516141,84.60078697896269,2026900.0
2016-09-20,84.61592102050781,84.75978886458599,84.60834750847816,84.72950059336442,2078500.0
2016-09-21,84.82792663574219,84.82792663574219,84.5401967465522,84.5704850154506,1899500.0
2016-09-22,85.00211334228516,85.07025763916916,84.88096022307091,84.88096022307091,2017200.0
2016-09-23,84.97938537597656,85.07024442437452,84.96423834997837,85.03995614927594,3415700.0
2016-09-26,85.08538818359375,85.14595895456758,85.01723812301404,85.01723812301404,2326900.0
2016-09-27,85.19137573242188,85.2670935123505,85.11565795249327,85.23680524499979,2881300.0
2016-09-28,85.21408081054688,85.26708382816673,85.16107779292702,85.24436907445761,2853900.0
2016-09-29,85.21408081054688,85.28979858187587,85.08536002159804,85.11564828550875,1668000.0
2016-09-30,85.12325286865234,85.29740901730726,85.00967327404244,85.23683246326223,3679800.0
2016-10-03,85.02686309814453,85.14823529832165,85.0116944667949,85.11789224827737,9372900.0
2016-10-04,84.73865509033203,85.02690552857892,84.7310678771985,85.02690552857892,5022400.0
2016-10-05,84.62482452392578,84.7613653501458,84.58690005335316,84.72344087957318,3368700.0
2016-10-06,84.62482452392578,84.70826646146828,84.54138258638328,84.63241173297823,2059400.0
2016-10-07,84.63996887207031,84.70823636725459,84.51101530071595,84.6854805355265,1867600.0
2016-10-10,84.60206604003906,84.63999629677106,84.49586826600303,84.63999629677106,1295400.0
2016-10-11,84.47312927246094,84.6096701216425,84.46554206213258,84.57173985734649,2753300.0
2016-10-12,84.50345611572266,84.5262119549966,84.3972583408812,84.4958689068498,1668500.0
2016-10-13,84.62482452392578,84.71585367052073,84.60206868411325,84.65516757279076,1964600.0
2016-10-14,84.48069763183594,84.66275012767304,84.450354584639,84.55655235615602,2471500.0
2016-10-17,84.62482452392578,84.66275478184322,84.49587090675821,84.54138258638328,1556800.0
2016-10-18,84.76136779785156,84.76136779785156,84.55655944627956,84.60965833649045,1582900.0
2016-10-19,84.80689239501953,84.82964823740205,84.68552018585208,84.71586323814395,1550000.0
2016-10-20,84.77657318115234,84.88277100036301,84.75381733237107,84.83725351545337,1420800.0
2016-10-21,84.82968139648438,84.8827803119146,84.72348356562391,84.80692554520681,1776900.0
2016-10-24,84.70067596435547,84.82962956770606,84.65515850226264,84.81445515122707,1385600.0
2016-10-25,84.70067596435547,84.80687373033174,84.63998987312782,84.63998987312782,2344400.0
2016-10-26,84.53382873535156,84.63243933581596,84.52624152382455,84.63243933581596,2684000.0
2016-10-27,84.3214340209961,84.4124574109154,84.23040484373003,84.4124574109154,2330700.0
2016-10-28,84.3214340209961,84.39728877504443,84.26074790281871,84.28350375029854,1713800.0
2016-10-31,84.4276123046875,84.45036814690354,84.35933899069396,84.4276123046875,3260300.0
2016-11-01,84.38203430175781,84.45803245330407,84.2224364440245,84.26803417529479,4725000.0
2016-11-02,84.4808120727539,84.60240791952317,84.40480814545184,84.4504116614902,2572600.0
2016-11-03,84.3667984008789,84.4807984751976,84.3667984008789,84.38199570492189,3254500.0
2016-11-04,84.54161834716797,84.60241917778632,84.45801865463933,84.47322176143709,2013300.0
2016-11-07,84.44283294677734,84.49603223130526,84.41243252729181,84.46563181181972,2031000.0
2016-11-08,84.30602264404297,84.48082358305409,84.26042492007761,84.45801892278504,2107400.0
2016-11-09,83.5232162475586,84.03241007079171,83.43201501722274,84.00200966067976,3657200.0
2016-11-10,83.18123626708984,83.50803350762939,83.15843740351748,83.34083990866986,4179200.0
2016-11-11,83.02924346923828,83.2192417380466,83.00644460470721,83.18884131924284,2804600.0
2016-11-14,82.69481658935547,82.88481479366759,82.56561920201165,82.56561920201165,3054900.0
2016-11-15,82.75562286376953,82.89242181182708,82.74042555766778,82.83922254304278,2252200.0
2016-11-16,82.93802642822266,82.93802642822266,82.77842860859245,82.84683098745448,2164800.0
2016-11-17,82.62644958496094,82.85444403274704,82.58844761118637,82.84684827662183,1903700.0
2016-11-18,82.36043548583984,82.70242998325803,82.35283393305907,82.69482843047727,2767000.0
2016-11-21,82.42884826660156,82.5124479687631,82.36045167298958,82.50484641448833,1705600.0
2016-11-22,82.50483703613281,82.58084097366718,82.42883889688478,82.52763589807859,3465300.0
2016-11-23,82.21602630615234,82.33002639270099,82.01842654268702,82.21602630615234,2497600.0
2016-11-25,82.2084732055664,82.3604753433122,82.14767235046808,82.30727604467334,1071500.0
2016-11-28,82.49722290039062,82.51242020553968,82.33002355232566,82.36801971434083,2476800.0
2016-11-29,82.58843231201172,82.62643427874659,82.40603562791367,82.45923490237085,2178600.0
2016-11-30,82.2616195678711,82.406020056234,82.17801989548046,82.25402381458828,4627500.0
2016-12-01,81.99057006835938,82.07432761595439,81.83067088001475,82.04386979780759,4691900.0
2016-12-02,82.24944305419922,82.38650031498783,82.12000169935278,82.18091732842197,4269200.0
2016-12-05,82.31795501708984,82.43217034212994,82.06668246384822,82.1885136930197,3398000.0
2016-12-06,82.30274963378906,82.37128117450965,82.26468171937505,82.34082335743767,3306900.0
2016-12-07,82.51597595214844,82.52358605148244,82.38652874340065,82.40176056054092,3796800.0
2016-12-08,82.36369323730469,82.40176697388252,82.27232556429641,82.37130914646757,2822600.0
2016-12-09,82.11238861083984,82.37127713864979,82.0210209733352,82.2951355043178,4530900.0
2016-12-12,82.03626251220703,82.09717815490231,81.93727894975378,82.00580469085939,3074200.0
2016-12-13,82.14288330078125,82.18857294927821,82.01344188338652,82.13527320039586,3665900.0
2016-12-14,81.69364166259766,82.32562853543651,81.69364166259766,82.28755479736695,3544100.0
2016-12-15,81.59461975097656,81.79258683008858,81.58700384509254,81.75451891913661,4619100.0
2016-12-16,81.64791870117188,81.76974414799321,81.51847153930454,81.59461897895616,2981600.0
2016-12-19,81.86111450195312,81.89157231481799,81.73928325049366,81.77735696888318,3202500.0
2016-12-20,81.78500366210938,81.80784557804834,81.67839837233421,81.70124609750917,2871900.0
2016-12-21,81.96012878417969,81.97536060094323,81.8002295635783,81.85352930377876,4066900.0
2016-12-22,81.95933532714844,82.01275863000255,81.84485515740298,81.92117332966552,4110200.0
2016-12-23,81.98225402832031,82.07383935528067,81.95935915225647,82.07383935528067,3821100.0
2016-12-27,81.92119598388672,81.92119598388672,81.80672160518819,81.80672160518819,2661500.0
2016-12-28,82.05093383789062,82.11961845717431,81.89066390352443,81.91355877661898,5609600.0
2016-12-29,82.30278778076172,82.33331622079771,82.15778496897146,82.21884184904344,3649600.0
2016-12-30,82.47071838378906,82.51651397024061,82.31044838797487,82.3333432698474,3690100.0
2017-01-03,82.55464172363281,82.59280372874358,82.21884053401688,82.21884053401688,5079200.0
2017-01-04,82.57752990722656,82.58516347217115,82.44778841668872,82.54700729285625,3297100.0
2017-01-05,82.92098999023438,82.94388486775725,82.5928164927606,82.70729670308036,5165900.0
2017-01-06,82.64627838134766,82.80654842150301,82.6233834931409,82.75312507478456,2910100.0
2017-01-09,82.78359985351562,82.83702316559253,82.75307141479963,82.83702316559253,3030500.0
2017-01-10,82.76065826416016,82.84460996756475,82.74539114206785,82.76828600250528,2396300.0
2017-01-11,82.8599853515625,83.13473570049989,82.74550506905375,82.82945688804624,4465500.0
2017-01-12,82.89042663574219,83.11175339642473,82.89042663574219,83.02016810220002,3036600.0
2017-01-13,82.74545288085938,82.84467178038639,82.62334492651777,82.80650976938287,3293600.0
2017-01-17,83.02782440185547,83.08888128139161,82.92097777401949,83.04308571038725,3685700.0
2017-01-18,82.6691665649414,82.93628327687004,82.60810965286983,82.88285993448432,3115600.0
2017-01-19,82.4554214477539,82.54700675838387,82.37146970201911,82.47068275484025,2388000.0
2017-01-20,82.48597717285156,82.51650561982771,82.29517874628004,82.37913051978798,3525000.0
2017-01-23,82.71493530273438,82.85994397635089,82.50124198753497,82.59282733235163,3063400.0
2017-01-24,82.58515167236328,82.73016027207139,82.50119993807998,82.67673697050047,2049500.0
2017-01-25,82.36386108398438,82.45544642235424,82.29517644723626,82.40965666452217,2912900.0
2017-01-26,82.41724395751953,82.44777238865905,82.20355076224574,82.31803092334323,2046300.0
2017-01-27,82.48597717285156,82.54703406680386,82.44018159103439,82.4478151584549,3096800.0
2017-01-30,82.44783782958984,82.58521296740437,82.44783782958984,82.54705676522158,2946200.0
2017-01-31,82.64627838134766,82.70733529837106,82.4860083411923,82.4860083411923,7552700.0
2017-02-01,82.52996063232422,82.59878961678332,82.35407535933074,82.4152495478578,2994200.0
2017-02-02,82.57583618164062,82.72878038169111,82.55288930063054,82.63701036099248,3490700.0
2017-02-03,82.5987777709961,82.80525302586581,82.48406670298078,82.68289883191082,2728400.0
2017-02-06,82.83586883544922,82.88175094316821,82.66762666121411,82.7593967111012,1827000.0
2017-02-07,82.91996765136719,83.0346787243039,82.78231553073263,82.82055449986072,2659100.0
2017-02-08,83.15707397460938,83.22590298612836,83.05766077402686,83.05766077402686,3873200.0
2017-02-09,82.95822143554688,83.1035167083965,82.9199824595899,83.05763460480699,2736000.0
2017-02-10,82.94293212890625,82.95058109178206,82.78998787808507,82.78998787808507,2365300.0
2017-02-13,82.82060241699219,82.85883557379312,82.76707132991015,82.85118660865257,2189800.0
2017-02-14,82.63700866699219,82.82054870462703,82.52230343652933,82.82054870462703,2809500.0
2017-02-15,82.50702667236328,82.59114775257086,82.48408562038823,82.52996772433832,2138900.0
2017-02-16,82.68293762207031,82.805291873427,82.59881652169072,82.59881652169072,5257400.0
2017-02-17,82.86652374267578,82.93534695814792,82.8359337020925,82.87417271143502,2228100.0
2017-02-21,82.85875701904297,82.93522909459591,82.75934390426868,82.77463598560111,1980300.0
2017-02-22,82.912353515625,83.01177254333713,82.74411131591215,83.00412357940927,2655500.0
2017-02-23,83.0499496459961,83.08818860537897,82.99641860352769,83.019359645379,2169000.0
2017-02-24,83.35590362548828,83.40178574211126,83.2182514411691,83.26413355779208,2670900.0
2017-02-27,83.20297241210938,83.34062461804348,83.1800255157444,83.3176777216785,1998200.0
2017-02-28,83.18000030517578,83.31000934070232,83.16470821335174,83.20294719458592,3840100.0
2017-03-01,82.7892074584961,82.86583458131533,82.7432323540595,82.85051149526137,3280200.0
2017-03-02,82.63592529296875,82.75086886963136,82.56696265473508,82.70489377747558,2299700.0
2017-03-03,82.69725036621094,82.73556685027738,82.55931920835627,82.69725036621094,4293900.0
2017-03-06,82.65894317626953,82.75089338782495,82.62062669060485,82.71258274843515,3678300.0
2017-03-07,82.55165100097656,82.63593673283937,82.52099898653827,82.60529056467506,2237900.0
2017-03-08,82.35245513916016,82.37544269939292,82.25283458311586,82.29115108102162,2834700.0
2017-03-09,82.09956359863281,82.25281786655592,82.08424051035074,82.23749477827384,3527300.0
2017-03-10,82.22216796875,82.23749105633857,82.11488881680398,82.16852839277699,1906000.0
2017-03-13,82.08423614501953,82.20683838358276,82.06890721127708,82.15319880803474,1658500.0
2017-03-14,82.11488342285156,82.17618161545465,82.05357938397356,82.05357938397356,2639200.0
2017-03-15,82.58995056152344,82.59761502567393,82.1455051811659,82.18382165564518,2162900.0
2017-03-16,82.49799346923828,82.5669561019989,82.467341461476,82.51331654998307,2369700.0
2017-03-17,82.67427825927734,82.68960719427749,82.52102398693032,82.5440115431548,2368800.0
2017-03-20,82.7968521118164,82.7968521118164,82.63592759224724,82.6512565209078,1635200.0
2017-03-21,82.9654769897461,82.9654769897461,82.70494351581559,82.70494351581559,2049700.0
2017-03-22,83.08036804199219,83.17232406966662,83.03439295129145,83.09569696974107,2643600.0
2017-03-23,83.10334777832031,83.14932871097331,82.95775805602442,83.09568916143851,2071400.0
2017-03-24,83.03443145751953,83.14937508384806,82.99611496665146,83.02676699009078,3374900.0
2017-03-27,83.23362731933594,83.30258995475005,83.16465883764889,83.25661486447397,1977300.0
2017-03-28,83.0420913696289,83.27963723040831,83.02676243561228,83.24132074164211,2016100.0
2017-03-29,83.22599029541016,83.23365476174081,83.11104668554975,83.12637561821106,1965600.0
2017-03-30,83.07272338867188,83.20299006507003,83.0497299931834,83.15700912036706,1733900.0
2017-03-31,83.13402557373047,83.16467758958356,83.08038600755611,83.09571493861978,3717700.0
2017-04-03,83.44270324707031,83.45038342834738,83.1586009806992,83.16627530371443,5197800.0
2017-04-04,83.365966796875,83.42739656578117,83.32757172674236,83.39668168132808,1627500.0
2017-04-05,83.45806121826172,83.49645040702337,83.27377202246376,83.29681256563477,2304100.0
2017-04-06,83.45038604736328,83.47342073365554,83.29681756657344,83.4196711795529,1725300.0
2017-04-07,83.2660903930664,83.61162235290921,83.25073003230027,83.54251830424512,1783600.0
2017-04-10,83.37361145019531,83.42736101051479,83.30450152506302,83.33521639642596,1903800.0
2017-04-11,83.61165618896484,83.68076612385758,83.50415705314371,83.5118372366348,2200800.0
2017-04-12,83.79589080810547,83.84964034472894,83.61160751943362,83.64232237725561,2433000.0
2017-04-13,83.90338134765625,83.99552591175035,83.79588228534291,83.888026849437,2339900.0
2017-04-17,83.85737609863281,84.00327030541088,83.83434140456554,83.92648603909863,1646100.0
2017-04-18,84.19522857666016,84.23361777825693,83.9955848102606,84.01094517751021,2369500.0
2017-04-19,84.06465911865234,84.12608298682767,83.99554921184603,84.0569789382825,2148500.0
2017-04-20,83.9341049194336,84.00321481424655,83.84964052480674,83.9341049194336,1867800.0
2017-04-21,83.95719909667969,84.07237843081926,83.92649007528914,84.00327434529409,1539300.0
2017-04-24,83.83429718017578,83.86501204215074,83.69608323041896,83.73447827245288,2745400.0
2017-04-25,83.55789947509766,83.73450853070774,83.51950441918933,83.68843329196514,1888500.0
2017-04-26,83.66536712646484,83.6730473064098,83.5194729988148,83.5809027218528,2893700.0
2017-04-27,83.7422103881836,83.77292527135614,83.62703689911773,83.6500715969309,1660900.0
2017-04-28,83.88805389404297,83.88805389404297,83.62698633233363,83.68073588081857,5774800.0
2017-05-01,83.67183685302734,83.84882723652221,83.58718723618833,83.77187464060677,2510000.0
2017-05-02,83.7872314453125,83.83340768246093,83.63332631109651,83.63332631109651,2841400.0
2017-05-03,83.70262145996094,83.87192071035692,83.70262145996094,83.85653253809696,1923400.0
2017-05-04,83.63334655761719,83.64873472632225,83.53330878326943,83.53330878326943,1897900.0
2017-05-05,83.64869689941406,83.67947909401006,83.54865917030452,83.66409093226372,1421800.0
2017-05-08,83.48712158203125,83.62563856662814,83.48712158203125,83.59485636215048,3568400.0
2017-05-09,83.49481201171875,83.50250903000703,83.41785944215009,83.44094462591022,3084900.0
2017-05-10,83.51789855957031,83.61794218563783,83.4486430071588,83.57176594625867,1653400.0
2017-05-11,83.51018524169922,83.52557927552262,83.371668292807,83.3793653097187,2331000.0
2017-05-12,83.81802368164062,83.83341771956803,83.7102889005698,83.73337408635565,1329700.0
2017-05-15,83.7872314453125,83.83340768246093,83.7410610792686,83.76414626229055,1771000.0
2017-05-16,83.8949966430664,83.95656106752466,83.78726183581777,83.78726183581777,2051800.0
2017-05-17,84.325927734375,84.34131590237985,84.09506411656247,84.14893151123796,2464500.0
2017-05-18,84.27973175048828,84.36438133245488,84.21817322177972,84.29512578599365,2107000.0
2017-05-19,84.27973175048828,84.29512578599365,84.14891180421418,84.2720406038399,1504000.0
2017-05-22,84.22589111328125,84.24898217387157,84.18741775450972,84.21050294399387,1642700.0
2017-05-23,84.06425476074219,84.28742128692743,84.04116958063747,84.26433610682271,1334500.0
2017-05-24,84.21050262451172,84.26437002347244,84.041203407462,84.07198561702616,2719200.0
2017-05-25,84.24897766113281,84.25666880981144,84.164328056821,84.22588660177934,1558100.0
2017-05-26,84.21822357177734,84.2951761819975,84.21822357177734,84.23361174537824,955300.0
2017-05-30,84.3797836303711,84.38748064887746,84.29513404011566,84.32591624303626,2093200.0
2017-05-31,84.46443939208984,84.50291274522301,84.37209277658066,84.37209277658066,2416500.0
2017-06-01,84.42591094970703,84.44133143522998,84.31794401730278,84.33337038626163,2454500.0
2017-06-02,84.70350646972656,84.74206650213084,84.58783813938358,84.62639228835293,1507400.0
2017-06-05,84.5724105834961,84.62639109804186,84.51843006895032,84.56470328387158,2450600.0
2017-06-06,84.74207305908203,84.78834039479918,84.68037935583558,84.7266525749881,1607700.0
2017-06-07,84.64181518554688,84.72664254661159,84.59554197187133,84.68036933293604,1903500.0
2017-06-08,84.55699157714844,84.59554572624866,84.44903054617194,84.59554572624866,1532700.0
2017-06-09,84.48759460449219,84.5415751263116,84.4104804138124,84.4490404508701,1616800.0
2017-06-12,84.48759460449219,84.59555564813103,84.41819359791106,84.4490404508701,1394800.0
2017-06-13,84.51073455810547,84.51844774277772,84.38735302052949,84.38735302052949,1474300.0
2017-06-14,84.7806167602539,84.96569195090045,84.71120988661507,84.82688408705698,2627500.0
2017-06-15,84.7266616821289,84.74979535247408,84.65725478765738,84.74979535247408,2233900.0
2017-06-16,84.7806167602539,84.80375042365544,84.71120988661507,84.71892306889366,2216600.0
2017-06-19,84.66499328613281,84.74982069171823,84.62643323507116,84.72668701445635,1610400.0
2017-06-20,84.79609680175781,84.85007734875516,84.67271521580888,84.71126938741364,2195100.0
2017-06-21,84.81143188476562,84.8499860148701,84.73431185769262,84.73431185769262,1217400.0
2017-06-22,84.8499755859375,84.89624288974895,84.78828192523468,84.87310923784322,1427400.0
2017-06-23,84.86546325683594,84.91173059407484,84.81148273557869,84.83461640419814,1259100.0
2017-06-26,84.94256591796875,85.01196691440772,84.9271395520258,84.97341276641988,1914400.0
2017-06-27,84.68810272216797,84.81149014349648,84.66496905152789,84.7729301034723,3072300.0
2017-06-28,84.71891021728516,84.73433069606887,84.58010237449844,84.71119703617663,12184400.0
2017-06-29,84.55699157714844,84.58012524329556,84.41818369683081,84.46445102912504,3377200.0
2017-06-30,84.44901275634766,84.541547401443,84.41045273193546,84.53384010330751,2626900.0
2017-07-03,84.29833221435547,84.46061304969429,84.23651740077823,84.46061304969429,1817300.0
2017-07-05,84.3447265625,84.36790786164458,84.22881417122794,84.29063489931292,4288600.0
2017-07-06,84.18243408203125,84.2287966706875,84.08970300917086,84.19015724977537,2284900.0
2017-07-07,84.15149688720703,84.19013040025045,84.09740525250943,84.14376782637994,2727400.0
2017-07-10,84.19013214111328,84.24422377692937,84.1437695662841,84.2055902630871,2386400.0
2017-07-11,84.26744842529297,84.30608195631176,84.17471733886012,84.2056277010044,1969100.0
2017-07-12,84.52243041992188,84.56106983818033,84.42970524897757,84.52243041992188,2129900.0
2017-07-13,84.42965698242188,84.46829048304693,84.32919691059968,84.45283826190573,1568300.0
2017-07-14,84.51471710205078,84.66153393833847,84.45289638385167,84.64608170656277,1916600.0
2017-07-17,84.5533447265625,84.59971320974893,84.47607178198214,84.53789249586553,4078500.0
2017-07-18,84.74653625488281,84.77744661409285,84.67699236832138,84.72335495936234,2878400.0
2017-07-19,84.76972198486328,84.80836140978418,84.71563032730313,84.78518011305104,1577700.0
2017-07-20,84.79293060302734,84.90883711598084,84.76974340488665,84.88565581339014,1802600.0
2017-07-21,84.9397201538086,84.97063051250026,84.87017626841345,84.90880979511694,1531700.0
2017-07-24,84.86246490478516,84.93973786985723,84.81610230485177,84.87791713957984,1946000.0
2017-07-25,84.56108856201172,84.71563447817068,84.53017819967016,84.69245318030173,2601700.0
2017-07-26,84.72335815429688,84.7774498110672,84.49926246323453,84.51472059119658,2249800.0
2017-07-27,84.5997314453125,84.68472757578846,84.56109201691966,84.62291274412858,1868600.0
2017-07-28,84.76972198486328,84.76972198486328,84.60744701218282,84.64608643710372,1894200.0
2017-07-31,84.7310791015625,84.79289981639181,84.67698744997382,84.76198945897715,2363000.0
2017-08-01,84.9634017944336,84.9634017944336,84.68462968211821,84.70011439593966,2338900.0
2017-08-02,84.9014892578125,85.00215471271994,84.9014892578125,84.95569464244632,2253300.0
2017-08-03,85.07178497314453,85.13373562425622,84.97885899647699,85.00208901365906,1485200.0
2017-08-04,84.9323959350586,84.96337125951045,84.8239852534466,84.94788064331499,2300900.0
2017-08-07,84.92466735839844,84.96338799857658,84.87820731653684,84.94015797764578,2359800.0
2017-08-08,84.84719848632812,84.94012444130219,84.79299315624439,84.92463382817091,2570800.0
2017-08-09,84.92466735839844,85.07954401117078,84.91692795671499,85.07954401117078,2308900.0
2017-08-10,85.0098876953125,85.06409307208314,84.92470697353819,84.94793700530519,2004200.0
2017-08-11,85.07954406738281,85.13374941890389,84.93241272413692,84.98661807565801,1913300.0
2017-08-14,85.04084014892578,85.10279082225712,84.97888947559443,85.05632486328793,2293900.0
2017-08-15,84.91693115234375,84.96339119595375,84.83948986907316,84.83948986907316,2177400.0
2017-08-16,85.07178497314453,85.12599031588245,84.82398827663702,84.82398827663702,1956500.0
2017-08-17,85.19568634033203,85.19568634033203,85.0098402819069,85.04856091855116,5403500.0
2017-08-18,85.1415023803711,85.28863374704936,85.0950423310795,85.21894367311197,1564800.0
2017-08-21,85.20339965820312,85.2498596783803,85.15693963802596,85.18791495412323,1717600.0
2017-08-22,85.1259994506836,85.19568950970819,85.07953941133387,85.17245949003332,1992300.0
2017-08-23,85.31959533691406,85.32734064652855,85.18795461316877,85.24215996458979,1894900.0
2017-08-24,85.211181640625,85.3041076289138,85.172461001853,85.2344116607122,2102100.0
2017-08-25,85.27313995361328,85.32734530799556,85.18795926702104,85.218934599231,2326800.0
2017-08-28,85.30412292480469,85.3660676868312,85.25765696835848,85.31186232759484,4476000.0
2017-08-29,85.42802429199219,85.55966504386336,85.38156424025918,85.55192564053552,2092200.0
2017-08-30,85.4124984741211,85.43572848880856,85.36603253680754,85.389262551495,1505700.0
2017-08-31,85.5287094116211,85.53645472467485,85.42029866063976,85.42029866063976,5308300.0
2017-09-01,85.33467102050781,85.52866636031244,85.28811403344044,85.50538786677876,2824200.0
2017-09-05,85.68385314941406,85.74593307386112,85.52089778794108,85.56745477114266,2257000.0
2017-09-06,85.59076690673828,85.7614778738616,85.53644843531964,85.68388090330203,2720200.0
2017-09-07,85.80027770996094,85.87011912634313,85.68387929617013,85.69164076916131,1648800.0
2017-09-08,85.69941711425781,85.80805407391009,85.69165563991972,85.77701409682797,2363200.0
2017-09-11,85.46661376953125,85.58301219470083,85.43557379480137,85.56748924720097,2492700.0
2017-09-12,85.3424301147461,85.40450412235101,85.29586720870769,85.38898710051673,2403600.0
2017-09-13,85.25709533691406,85.3890107800246,85.24933386371067,85.35797080748046,1304100.0
2017-09-14,85.30364227294922,85.3346822418318,85.21052236630148,85.21052236630148,1704200.0
2017-09-15,85.28811645507812,85.38899190334429,85.2493150179083,85.35795193766207,2818000.0
2017-09-18,85.24933624267578,85.28037621608611,85.17949482243512,85.24933624267578,1946300.0
2017-09-19,85.2027587890625,85.32691273263009,85.19499731750572,85.28811721538254,1407200.0
2017-09-20,85.13292694091797,85.29588234029141,85.03980703258937,85.23380240140568,1356800.0
2017-09-21,85.11739349365234,85.24154742720054,85.10963202272194,85.21826893467698,2210900.0
2017-09-22,85.17948913574219,85.28037052265822,85.16397211020774,85.24933055132014,1461800.0
2017-09-25,85.38123321533203,85.38899468707264,85.21827783038896,85.2415563253425,3937600.0
2017-09-26,85.35017395019531,85.37345243988538,85.26481554115378,85.31913399051957,2749900.0
2017-09-27,85.10185241699219,85.1639323306712,85.04753397258966,85.10185241699219,3042800.0
2017-09-28,85.1096420288086,85.14068199591185,84.97772660882107,85.03204507118467,1702500.0
2017-09-29,85.03980255126953,85.17947944626752,85.00100703171196,85.15620095047927,5770800.0
2017-10-02,85.09196472167969,85.15417355807547,85.01420664246555,85.09196472167969,5692200.0
2017-10-03,85.16187286376953,85.17742802593415,85.06856562100637,85.11521924238795,2462200.0
2017-10-04,85.13856506347656,85.20077386091322,85.07636219859737,85.19299627809427,2673200.0
2017-10-05,85.09967803955078,85.17743606003975,85.04524683195284,85.17743606003975,1909900.0
2017-10-06,84.97530364990234,85.0841661204282,84.87421876514539,84.92865000040831,1824000.0
2017-10-09,85.09196472167969,85.09196472167969,84.99087981195741,85.0297558852839,1131500.0
2017-10-10,85.09967803955078,85.2318672676377,85.06857364484387,85.12300485244181,1635800.0
2017-10-11,85.11526489257812,85.16969612423532,85.08416048412269,85.12304247783182,1866400.0
2017-10-12,85.2163314819336,85.23188664910259,85.13080179273624,85.19300466373812,1933400.0
2017-10-13,85.42626190185547,85.43403948336334,85.29407267900386,85.39515750838042,1743800.0
2017-10-16,85.3407211303711,85.38737475147772,85.27074069871115,85.3407211303711,3788100.0
2017-10-17,85.30962371826172,85.33295053072348,85.18521207428013,85.23964328087644,1764400.0
2017-10-18,85.17742919921875,85.19297842904142,85.11522041481565,85.15410238820664,1663800.0
2017-10-19,85.23965454101562,85.34073938588874,85.17744574452877,85.30963498764531,1877000.0
2017-10-20,84.99085998535156,85.07639563230178,84.95975557440968,85.00640922454261,2014200.0
2017-10-23,85.08411407470703,85.12299604720786,85.0374604537509,85.06856484524035,2000800.0
2017-10-24,84.90528106689453,84.98303908834039,84.88972590307131,84.93638546198423,1722300.0
2017-10-25,84.8508529663086,84.85862461594809,84.71865779919652,84.72643538139299,2945400.0
2017-10-26,84.75757598876953,84.93642486035642,84.74202675029044,84.91309210379852,2163500.0
2017-10-27,84.94416809082031,84.95972325665413,84.78865202782733,84.81197884402053,1902500.0
2017-10-30,85.17742919921875,85.19297842904142,85.03746240058989,85.09189360380354,2384800.0
2017-10-31,85.12300872802734,85.18521752027351,85.09968191407427,85.16188477376348,3719900.0
2017-11-01,85.16044616699219,85.25395414900868,85.06693818497571,85.06693818497571,2959400.0
2017-11-02,85.20718383789062,85.3240673108662,85.19160214913273,85.20718383789062,2160500.0
2017-11-03,85.28510284423828,85.3084842944218,85.16043150129427,85.3084842944218,1781200.0
2017-11-06,85.363037109375,85.39420048932185,85.29290464214245,85.37082498189129,1293000.0
2017-11-07,85.38638305664062,85.40975855597875,85.31625061368743,85.38638305664062,2015500.0
2017-11-08,85.33185577392578,85.40198228634709,85.29289263706504,85.35523127806623,2742600.0
2017-11-09,85.26953125,85.29290675801045,85.16823540030774,85.23836192433907,2479800.0
2017-11-10,84.92662811279297,85.05130534717215,84.91104643096445,84.98117291659942,1751100.0
2017-11-13,84.92662811279297,85.02013603857736,84.9032526175813,85.02013603857736,1891600.0
2017-11-14,85.0123519897461,85.02793961830277,84.93443168177802,84.94222549605635,2799900.0
2017-11-15,85.1760025024414,85.23054732281176,85.04353735939047,85.1370453135709,2495700.0
2017-11-16,85.08245086669922,85.18374663260668,85.07465705549522,85.10582635537509,1912600.0
2017-11-17,85.1760025024414,85.23834113856168,85.1370453135709,85.19159013394125,3544600.0
2017-11-20,85.12921905517578,85.16818217413704,85.07467425559238,85.11363737455365,2639100.0
2017-11-21,85.21498107910156,85.26952590935666,85.10589141859138,85.23835658564795,2297400.0
2017-11-22,85.363037109375,85.37082498189129,85.23056599236702,85.2461536272813,6104100.0
2017-11-24,85.3474349975586,85.37081050102414,85.30847780676264,85.32405949409306,1693500.0
2017-11-27,85.3474349975586,85.38639813329439,85.27730848716197,85.3474349975586,2653300.0
2017-11-28,85.3474349975586,85.42535532409035,85.30068399062752,85.39418600448968,5126900.0
2017-11-29,85.13705444335938,85.18380545299323,85.07471580055413,85.1448423150049,2423700.0
2017-11-30,84.99683380126953,85.1682621738244,84.9500768256091,85.12929901826453,4011300.0
2017-12-01,85.23965454101562,85.48953235821027,84.99758112361415,85.1303274107832,3410200.0
2017-12-04,85.2318115234375,85.24742627459747,85.11468003829586,85.13810514381322,2652800.0
2017-12-05,85.31775665283203,85.31775665283203,85.17719998127647,85.31775665283203,2995500.0
2017-12-06,85.40364074707031,85.52076632563765,85.40364074707031,85.45830133625421,2965800.0
2017-12-07,85.29427337646484,85.47386980471022,85.23180246335595,85.41139889160132,2584100.0
2017-12-08,85.2630386352539,85.34112429851807,85.23180317843739,85.27865338488505,1685000.0
2017-12-11,85.2318115234375,85.36455775973913,85.21619081472272,85.22400116908011,2612400.0
2017-12-12,85.19278717041016,85.2005975267351,85.07565565576152,85.19278717041016,3142400.0
2017-12-13,85.43485260009766,85.54417374824108,85.22401470185265,85.29429598711958,3109500.0
2017-12-14,85.4582748413086,85.51293541354586,85.29429312459678,85.35675809461398,4126100.0
2017-12-15,85.48168182373047,85.54415273805652,85.36455034875767,85.4426360128881,2403700.0
2017-12-18,85.37239837646484,85.4817195460007,85.30992743457095,85.4817195460007,4474300.0
2017-12-19,85.12248992919922,85.23962141370313,85.02878355008514,85.2240007050734,2820900.0
2017-12-20,84.92727661132812,85.02097703712094,84.88823079554443,84.91946625666039,4002500.0
2017-12-21,85.00221252441406,85.0412712456446,84.93191397762807,84.95534682655673,2374500.0
2017-12-22,85.04132843017578,85.05694835345685,84.99445674127628,85.00226968268089,3292800.0
2017-12-26,85.11164093017578,85.15069968405228,85.04134232463304,85.07258813582841,1873400.0
2017-12-27,85.37723541259766,85.400668283326,85.1585147135638,85.1585147135638,2046900.0
2017-12-28,85.31472778320312,85.34597359149055,85.25223616662828,85.31472778320312,2895400.0
2017-12-29,85.40066528320312,85.44753102301343,85.33036071395819,85.36160652700822,2813400.0
2018-01-02,85.27564239501953,85.38499971010079,85.11941936191108,85.34594693158702,8850900.0
2018-01-03,85.28347778320312,85.3381564551365,85.21317322812978,85.3381564551365,2441700.0
2018-01-04,85.22879791259766,85.26004371890988,85.11944057026894,85.15849335851308,2945400.0
2018-01-05,85.17411041259766,85.26003488116763,85.10380586580058,85.26003488116763,4322900.0
2018-01-08,85.15067291259766,85.22878443626318,85.10380123077654,85.22878443626318,3394500.0
2018-01-09,84.91636657714844,85.07259564691883,84.90074664993622,85.07259564691883,2301300.0
2018-01-10,84.91636657714844,84.92417952051937,84.69765183899953,84.73671059632456,4194300.0
2018-01-11,84.95539855957031,85.03351009007272,84.83822828405282,84.8772870290679,3470400.0
2018-01-12,84.93975067138672,85.01005520229369,84.85382622223723,84.8616391611216,3605900.0
2018-01-16,84.96324157714844,85.12728360816617,84.9241887750973,85.04135910031128,6794400.0
2018-01-17,84.86949157714844,85.01790172782745,84.8460587091217,84.93198319823908,3146300.0
2018-01-18,84.68201446533203,84.77574592835376,84.63514277429273,84.69763438932617,2896500.0
2018-01-19,84.50233459472656,84.67418351976501,84.47108879385347,84.67418351976501,2933800.0
2018-01-22,84.4710922241211,84.59607543268889,84.44765936239648,84.533583828405,3983200.0
2018-01-23,84.67422485351562,84.70547066964139,84.58830034905233,84.61954616517808,4775600.0
2018-01-24,84.58828735351562,84.61172022212736,84.4789299936414,84.55704154219025,2362300.0
2018-01-25,84.8070297241211,84.8070297241211,84.51020335904524,84.56488205681002,9851600.0
2018-01-26,84.6507797241211,84.76013708496157,84.57266221535286,84.76013708496157,3808000.0
2018-01-29,84.50233459472656,84.5570132563727,84.37735139123419,84.47108879385347,3974900.0
2018-01-30,84.36954498291016,84.45546944601217,84.29924044058704,84.45546944601217,3659500.0
2018-01-31,84.43986511230469,84.52578959733214,84.26801614224978,84.51797665518545,8066500.0
2018-02-01,84.17525482177734,84.41795168291671,84.14394487798553,84.35531984953232,9678700.0
2018-02-02,83.92472839355469,84.04216158083439,83.84644159300157,83.96387478028126,4779300.0
2018-02-05,84.26136779785156,84.40228642932222,83.7681555741543,83.86992781853309,5991700.0
2018-02-06,84.0186767578125,84.20656627510617,83.9873608427802,84.12827947397548,6031400.0
2018-02-07,83.83076477050781,84.11260195735467,83.76813295723107,84.10477148747046,4115600.0
2018-02-08,83.68986511230469,83.87775462174731,83.58808689947757,83.64288825526917,4761600.0
2018-02-09,83.5802230834961,83.82291383456543,83.5332462485591,83.54890718450376,5926100.0
2018-02-12,83.6037368774414,83.72899454300793,83.5019646508624,83.56459049719615,5421400.0
2018-02-13,83.62723541259766,83.69769771349381,83.53328766903611,83.60374996993225,4256200.0
2018-02-14,83.34539794921875,83.50197752143508,83.29842706400382,83.43151522071274,4317000.0
2018-02-15,83.44715118408203,83.55675984611703,83.40018030956603,83.42366574682403,2878900.0
2018-02-16,83.611572265625,83.67419811564204,83.54110997161918,83.65071267527323,3648900.0
2018-02-20,83.52545166015625,83.54110662880925,83.41584896088783,83.52545166015625,2907400.0
2018-02-21,83.25928497314453,83.61158454913175,83.18882864168724,83.5880931324124,3223800.0
2018-02-22,83.26712036132812,83.42369397796611,83.26712036132812,83.36889261485275,2485400.0
2018-02-23,83.47846221923828,83.58024040528088,83.43149134746369,83.46280725294616,2398100.0
2018-02-26,83.5411148071289,83.72900431385419,83.52545983694336,83.67420295885516,4617300.0
2018-02-27,83.3610610961914,83.6272374166445,83.28276832156392,83.59592150137352,5704700.0
2018-02-28,83.58805847167969,83.58805847167969,83.40799949512993,83.44713989429833,9614100.0
2018-03-01,83.66259002685547,83.73320772553056,83.46643839930731,83.59197831425298,7335500.0
2018-03-02,83.52925872802734,83.59987646928757,83.45079922690861,83.5371064739621,3717300.0
2018-03-05,83.48217010498047,83.67832181763968,83.38801512791696,83.63908908067776,3307200.0
2018-03-06,83.49784851074219,83.60769297634633,83.46646352255894,83.52138575536101,1932100.0
2018-03-07,83.48217010498047,83.59986232979104,83.4586328572334,83.56847733743653,3448700.0
2018-03-08,83.61556243896484,83.66263694043006,83.49787019922586,83.49787019922586,2396200.0
2018-03-09,83.45861053466797,83.52922225902276,83.40368830925637,83.50568501757117,3669400.0
2018-03-12,83.50572967529297,83.55280418337097,83.45865516721497,83.50572967529297,4149500.0
2018-03-13,83.61556243896484,83.63909968969745,83.52140744995846,83.63125194409459,2727500.0
2018-03-14,83.75678253173828,83.83524202073562,83.57632031957662,83.59201580902128,3126400.0
2018-03-15,83.76463317871094,83.80385993153108,83.6704781970067,83.74109592980375,3045500.0
2018-03-16,83.71754455566406,83.73324004412659,83.63908507157625,83.65478056003877,2552700.0
2018-03-19,83.63121795654297,83.7489101484521,83.58414347420873,83.60768071537585,2263200.0
2018-03-20,83.49784851074219,83.56846623067308,83.48215900968778,83.51354399787101,3000700.0
2018-03-21,83.489990234375,83.54491245631046,83.23106862264788,83.41937252841613,2994400.0
2018-03-22,83.64695739746094,83.79603465129016,83.5528023972409,83.69403190453261,3334400.0
2018-03-23,83.64695739746094,83.71756915806844,83.52926514370506,83.52926514370506,3618700.0
2018-03-26,83.61556243896484,83.72540693310098,83.53710294116418,83.67048468603292,4546500.0
2018-03-27,83.85879516601562,83.91371741733296,83.64695390695634,83.66264341329996,4537700.0
2018-03-28,83.90589141845703,84.03142545101619,83.85881091842948,83.99219868475039,5617200.0
2018-03-29,84.14907836914062,84.15692611315477,83.91369393731452,83.91369393731452,8300000.0
2018-04-02,84.06492614746094,84.17502005001936,84.0020136318082,84.06492614746094,7280300.0
2018-04-03,83.9705810546875,84.04135915467403,83.9391247879901,84.0020373213849,9916100.0
2018-04-04,84.00203704833984,84.08854028155919,83.97844634831081,84.06494958153016,6200900.0
2018-04-05,83.88407135009766,83.95484944462412,83.85261508582688,83.91552761436841,2592500.0
2018-04-06,84.07279968261719,84.1278466391153,83.97843090019117,84.05706855237871,2814800.0
2018-04-09,84.1435317993164,84.1435317993164,83.97052544688536,84.0098472541344,3746500.0
2018-04-10,84.08068084716797,84.13572781780684,84.00990874191935,84.10427154891751,2941900.0
2018-04-11,84.15145111083984,84.19076694353568,84.08853857892338,84.18290737679807,8598800.0
2018-04-12,83.96269226074219,84.08851729272371,83.95483269599414,84.0727921635599,3899000.0
2018-04-13,83.98632049560547,84.01777076574446,83.88408611880875,83.89981725354824,2764800.0
2018-04-16,84.00203704833984,84.01776218180272,83.83689614846729,83.86048684849631,3860800.0
2018-04-17,84.0256118774414,84.05706813809505,83.94697422564143,83.99415561678776,2363000.0
2018-04-18,83.78971099853516,83.94698632480298,83.78184543232103,83.93912075858884,2231700.0
2018-04-19,83.58522033691406,83.66385797376392,83.54589851865558,83.62453615550544,10985100.0
2018-04-20,83.35722351074219,83.54595516708498,83.35722351074219,83.47518304583313,2766000.0
2018-04-23,83.31790924072266,83.36509665885183,83.27859339189871,83.3415059496231,2620800.0
2018-04-24,83.20777130126953,83.29427452251821,83.18418060450509,83.23922756351165,3442300.0
2018-04-25,83.09771728515625,83.1527642705953,83.0426702997172,83.13703913175762,3785000.0
2018-04-26,83.23921203613281,83.27853385651753,83.16843995904124,83.22348690777939,4870300.0
2018-04-27,83.34141540527344,83.38859677247177,83.30995916058615,83.32568428309719,3806400.0
2018-04-30,83.35722351074219,83.45159233874918,83.34935794182381,83.36508907966056,4692600.0
2018-05-01,83.28629302978516,83.38087601539503,83.23112112483437,83.33358752923341,3027000.0
2018-05-02,83.28629302978516,83.37299259660588,83.24688796241269,83.30993727286597,2560800.0
2018-05-03,83.38086700439453,83.50697162495956,83.37298358645734,83.4045112449201,4499200.0
2018-05-04,83.4360122680664,83.49118414944219,83.31778508989429,83.48330073402163,2317100.0
2018-05-07,83.3965835571289,83.45175542683005,83.36505591540214,83.45175542683005,1533400.0
2018-05-08,83.30200958251953,83.34929804013571,83.23107088281225,83.27836535371145,2591700.0
2018-05-09,83.20744323730469,83.26261511994703,83.1680321725812,83.19955982170315,2507500.0
2018-05-10,83.3965835571289,83.4044669708813,83.3020066452314,83.34929510118015,2096700.0
2018-05-11,83.4360122680664,83.46753991646459,83.35719615371302,83.46753991646459,2034100.0
2018-05-14,83.35723114013672,83.42816386884121,83.34146430267799,83.38087538303822,2183500.0
2018-05-15,82.98674011230469,83.14437231500877,82.90792401095266,83.14437231500877,2166400.0
2018-05-16,82.89218139648438,83.08922471406466,82.87642057692328,83.04193624209654,2477500.0
2018-05-17,82.78182220458984,82.92369360736063,82.75817797300867,82.90793279073442,2789000.0
2018-05-18,82.9946517944336,83.0104126147589,82.88430801230099,82.88430801230099,2151100.0
2018-05-21,83.00252532958984,83.04981981493187,82.94735344109485,82.97888109356126,1952200.0
2018-05-22,83.00252532958984,83.04981981493187,82.97888109356126,83.01040874602765,2246400.0
2018-05-23,83.23106384277344,83.2704748963087,83.13648693554079,83.1522477489854,6061900.0
2018-05-24,83.45970916748047,83.51488108367195,83.40453725128899,83.40453725128899,2903300.0
2018-05-25,83.64093780517578,83.68822627046904,83.5699990939519,83.62517097455537,2508100.0
2018-05-29,84.19264221191406,84.33451359681385,83.79855569977943,83.83796675630607,3494200.0
2018-05-30,83.97984313964844,84.07442005968883,83.86161597631462,83.9719597252173,3158200.0
2018-05-31,83.908935546875,84.07445123159651,83.85376365196782,83.95622402442812,5157400.0
2018-06-01,83.8054428100586,83.84494025007847,83.67114066470182,83.70273620576457,6206800.0
2018-06-04,83.60792541503906,83.75012943875103,83.57632385117174,83.7422275409387,4288100.0
2018-06-05,83.67112731933594,83.77382787986656,83.6237219605371,83.73432441876452,1848300.0
2018-06-06,83.48153686523438,83.54474000637383,83.41043785198995,83.51313843580411,2705800.0
2018-06-07,83.6632308959961,83.83703649240667,83.4420259650671,83.45782373411247,2724800.0
2018-06-08,83.54471588134766,83.66322022991808,83.53681398414122,83.54471588134766,3416800.0
2018-06-11,83.45780181884766,83.53680269809419,83.40250060063701,83.46570371498653,4330800.0
2018-06-12,83.48153686523438,83.49734066421088,83.39463405301345,83.39463405301345,3546500.0
2018-06-13,83.40250396728516,83.54470796662144,83.25239807149102,83.4894067461785,3627200.0
2018-06-14,83.61576843261719,83.63157221825242,83.49727017724402,83.54466947939328,4689600.0
2018-06-15,83.64739990234375,83.81330354659836,83.63160213843489,83.75010646358257,2361800.0
2018-06-18,83.6632308959961,83.6869305632553,83.58422999600464,83.6869305632553,2359300.0
2018-06-19,83.75011444091797,83.82911532274794,83.72641477910707,83.78171599912615,2184200.0
2018-06-20,83.59208679199219,83.78959196333884,83.57628903033144,83.78959196333884,2403700.0
2018-06-21,83.61576843261719,83.71057306429392,83.59206878154255,83.64736997650944,2895500.0
2018-06-22,83.69482421875,83.69482421875,83.58422176417824,83.60001953166775,1846000.0
2018-06-25,83.64739990234375,83.77380612313604,83.63160213843489,83.70270111709529,5522900.0
2018-06-26,83.78174591064453,83.78174591064453,83.6948431013915,83.73434054271728,2665200.0
2018-06-27,83.93183135986328,83.98713259009072,83.86863425916194,83.9239354893894,3001300.0
2018-06-28,83.9239273071289,83.97132663487918,83.8686260822931,83.96342473779364,1798900.0
2018-06-29,83.9949951171875,84.07399597657084,83.93969391288124,83.97919735626252,7117300.0
2018-07-02,83.9150619506836,84.02590314034478,83.9150619506836,84.00215231975906,7159900.0
2018-07-03,84.0892333984375,84.0892333984375,83.94672245027641,83.94672245027641,2425100.0
2018-07-05,84.16842651367188,84.1921773377593,84.08925508658288,84.09717404140959,2739900.0
2018-07-06,84.25550842285156,84.2792592445506,84.17633700372406,84.24759550921327,2598700.0
2018-07-09,84.17630004882812,84.19213190954632,84.12087947573028,84.15254923755612,1926000.0
2018-07-10,84.11298370361328,84.16049137963812,84.07340102071554,84.14465347416613,2489700.0
2018-07-11,84.14469146728516,84.20011208067845,84.09718981020342,84.18428020844915,5385000.0
2018-07-12,84.24760437011719,84.25551728458774,84.12884420873905,84.12884420873905,2145800.0
2018-07-13,84.3268051147461,84.33471803196765,84.27138449222105,84.27138449222105,2126900.0
2018-07-16,84.23175048828125,84.23966944164293,84.11299034942253,84.20008071522616,2116500.0
2018-07-17,84.20005798339844,84.27922937446617,84.15255635683579,84.23964669912728,2964100.0
2018-07-18,84.17630004882812,84.23172062192597,84.13671133644849,84.20796981065396,1760900.0
2018-07-19,84.30301666259766,84.3584372603916,84.16841860476195,84.19216942661762,2163200.0
2018-07-20,84.13675689697266,84.27135496771541,84.08133629386425,84.22384727905627,2920200.0
2018-07-23,83.84379577636719,84.07339707179769,83.83587682400315,84.05755916706961,1848500.0
2018-07-24,83.96256256103516,83.97839442662836,83.84380242771661,83.85963429330981,3590200.0
2018-07-25,83.97050476074219,84.05759515285828,83.88341436862609,84.01801245487404,3318300.0
2018-07-26,83.9229507446289,84.04171084526999,83.883362030952,84.00212213159308,2245000.0
2018-07-27,83.98633575439453,84.0496753144242,83.95466597437971,84.0259184491184,2637400.0
2018-07-30,83.89920043945312,83.96253996556298,83.85169881506556,83.87544962725934,5518200.0
2018-07-31,83.97050476074219,84.06551410861249,83.96259184538138,84.01009349911983,5928100.0
2018-08-01,83.88399505615234,83.93161544440096,83.7332143150773,83.76495922233573,4534100.0
2018-08-02,83.91571044921875,83.93158592462535,83.8442889740486,83.93158592462535,3671900.0
2018-08-03,84.0982437133789,84.10618145123561,83.97126412655147,83.97126412655147,2542900.0
2018-08-06,84.1538314819336,84.20938356106566,84.1220865717549,84.1458937407083,4120000.0
2018-08-07,84.00298309326172,84.09821775398531,83.98711367716683,84.09821775398531,2532800.0
2018-08-08,84.00298309326172,84.05060345098256,83.96330652566546,83.98711367716683,1937500.0
2018-08-09,84.1220474243164,84.15379231972214,84.06649537103631,84.09824026644205,2386400.0
2018-08-10,84.30457305908203,84.40773942076831,84.2093383796429,84.2093383796429,4136300.0
2018-08-13,84.35221099853516,84.36014873772493,84.24110686876215,84.24904460795193,2786300.0
2018-08-14,84.2728500366211,84.38395416410778,84.24904287426264,84.36014700174933,6087400.0
2018-08-15,84.39189910888672,84.47126440218001,84.32047761058892,84.35222251696187,4652700.0
2018-08-16,84.43949127197266,84.4553606924939,84.31251168892366,84.42361579673164,2658200.0
2018-08-17,84.48712158203125,84.55854912469779,84.42363177848786,84.46331441938271,2071100.0
2018-08-20,84.6537857055664,84.66172344543315,84.54268156631781,84.59029589607536,2355500.0
2018-08-21,84.58235931396484,84.61410421687248,84.52680724755679,84.58235931396484,2835000.0
2018-08-22,84.6537857055664,84.68553061031193,84.57442647106333,84.64585402042114,2190000.0
2018-08-23,84.60617065429688,84.68552988812317,84.60617065429688,84.65378498364836,1568600.0
2018-08-24,84.7013931274414,84.7013931274414,84.51092372811749,84.51886146676947,3649700.0
2018-08-27,84.59028625488281,84.64584437289635,84.56647909271747,84.59028625488281,3233500.0
2018-08-28,84.43154907226562,84.51090828011733,84.40774191538206,84.47916338603277,2558100.0
2018-08-29,84.4156723022461,84.44741719356655,84.3521825196052,84.42360398403702,2792400.0
2018-08-30,84.45537567138672,84.51886547417169,84.42363076999425,84.49505831180754,2803200.0
2018-08-31,84.44744110107422,84.5982218091345,84.44744110107422,84.58235238634101,3308700.0
2018-09-04,84.35357666015625,84.40130108351558,84.28995420892642,84.32176240056654,3164000.0
2018-09-05,84.31381225585938,84.3694856924073,84.27404291491823,84.3456265150224,2788300.0
2018-09-06,84.45696258544922,84.520585027688,84.3774239137405,84.3774239137405,2248500.0
2018-09-07,84.15470886230469,84.25810668213457,84.15470886230469,84.24219652464666,2571600.0
2018-09-10,84.23429107666016,84.26609927219164,84.18656664746233,84.18656664746233,3305700.0
2018-09-11,84.09112548828125,84.1786071233027,84.06726024096632,84.13088876457282,4919000.0
2018-09-12,84.14675903320312,84.21833653736113,84.14675903320312,84.1547080439226,4168900.0
2018-09-13,84.20246887207031,84.30586066767253,84.18655870785474,84.27404640719114,2280200.0
2018-09-14,84.04339599609375,84.13883877575093,84.03544698208454,84.08316533793831,2693000.0
2018-09-17,84.04339599609375,84.13088369379209,83.98772255828113,84.0274919001257,5721700.0
2018-09-18,83.86046600341797,83.98771696653911,83.82069666422117,83.97976188510991,2206000.0
2018-09-19,83.7013931274414,83.8525093319847,83.6854890328338,83.84455425070635,2700600.0
2018-09-20,83.8127670288086,83.86844047981734,83.69347111089776,83.69347111089776,2897700.0
2018-09-21,83.87638092041016,83.88433600286577,83.76503403783175,83.78093813479295,2792600.0
2018-09-24,83.79684448242188,83.87637709950485,83.75707513990552,83.77298530409196,1895000.0
2018-09-25,83.75706481933594,83.75706481933594,83.65367303666301,83.70934646855596,2059400.0
2018-09-26,83.95594787597656,83.98776215085982,83.7809723980949,83.8048376552217,2912100.0
2018-09-27,84.01158142089844,84.01953650282742,83.9081896276201,83.9081896276201,2528100.0
2018-09-28,83.9240951538086,84.07521137328662,83.91614613969375,84.05930727710721,4883900.0
2018-10-01,83.9017562866211,83.98945340357697,83.86986587295763,83.98945340357697,3518400.0
2018-10-02,83.99742126464844,84.07714425162558,83.90972415423137,83.96553085336278,6912600.0
2018-10-03,83.59881591796875,83.90176575825977,83.51111879111276,83.88582359086557,2540500.0
2018-10-04,83.35962677001953,83.48718841755878,83.28787790513431,83.4313817173789,5268200.0
2018-10-05,83.17630004882812,83.29588762388146,83.06468660077213,83.27993936988676,3460500.0
2018-10-08,83.1444091796875,83.23210632876025,83.1444091796875,83.21615807485064,2268000.0
2018-10-09,83.26402282714844,83.31982956835382,83.16835152116266,83.22415826236805,21903200.0
2018-10-10,83.24007415771484,83.27993262451974,83.09657029576947,83.18426135573074,3834800.0
2018-10-11,83.48719787597656,83.59881128898122,83.31977775646958,83.38355250499022,7053900.0
2018-10-12,83.5111312866211,83.60680255272675,83.45532456867848,83.47924086458588,5017400.0
2018-10-15,83.45533752441406,83.5350605506404,83.40750492517367,83.49520207876574,3047700.0
2018-10-16,83.503173828125,83.503173828125,83.3756181969995,83.46331535448209,5750100.0
2018-10-17,83.33577728271484,83.52711382492274,83.32780315273314,83.47928120999052,2844200.0
2018-10-18,83.2799301147461,83.40749180262048,83.2161492708089,83.22412339692006,3158200.0
2018-10-19,83.20821380615234,83.3517177199599,83.18429141845239,83.28793685105022,2985800.0
2018-10-22,83.19224548339844,83.32777523528563,83.18427135608832,83.28791676368897,2807300.0
2018-10-23,83.29586791992188,83.50314651300658,83.29586791992188,83.44733980217988,3524300.0
2018-10-24,83.5111312866211,83.55896387843589,83.44735044255066,83.4632986948063,4465100.0
2018-10-25,83.43936920166016,83.5270602452922,83.39950465980232,83.47922766104288,8290200.0
2018-10-26,83.63070678710938,83.75029433187507,83.60679049465126,83.61475853715385,5811400.0
2018-10-29,83.54300689697266,83.62272989668826,83.48720018892425,83.59881360502106,5075100.0
2018-10-30,83.42342376708984,83.53503718908811,83.42342376708984,83.45531418515725,2552000.0
2018-10-31,83.38356018066406,83.47125731073687,83.31181130104561,83.31181130104561,14880500.0
2018-11-01,83.59429168701172,83.65037960043293,83.49014151735348,83.49815494962192,7919000.0
2018-11-02,83.34591674804688,83.55422316595383,83.2738142067273,83.52217555454838,4491500.0
2018-11-05,83.40200805664062,83.45808985488526,83.37797387345829,83.43405567170292,3412600.0
2018-11-06,83.41000366210938,83.45807201820085,83.36994262372896,83.3939768017747,2619900.0
2018-11-07,83.48210906982422,83.61029950708902,83.43404071207816,83.52217010958358,4677200.0
2018-11-08,83.32987213134766,83.49811745869499,83.32185870267728,83.47408328513896,3489200.0
2018-11-09,83.43403625488281,83.52216564768021,83.37795446968957,83.37795446968957,2901900.0
2018-11-12,83.57027435302734,83.60232197610503,83.52220597464037,83.57027435302734,2779700.0
2018-11-13,83.6023178100586,83.61834467702835,83.49015419110555,83.56226286755182,2977100.0
2018-11-14,83.61030578613281,83.72246937093463,83.48211533924105,83.49814220133099,3395900.0
2018-11-15,83.71442413330078,83.73045098930145,83.57021299156781,83.70641681775506,3861300.0
2018-11-16,83.85063934326172,83.89069426379213,83.73046235675962,83.76250996065721,3332600.0
2018-11-19,83.84264373779297,83.90673895921377,83.81059612708256,83.81059612708256,4673200.0
2018-11-20,83.81059265136719,83.8987220490518,83.81059265136719,83.85866100921098,3162700.0
2018-11-21,83.86668395996094,83.87469739133006,83.78656798364128,83.80258873392233,5701700.0
2018-11-23,83.84264373779297,83.99486224809645,83.84264373779297,83.99486224809645,1665900.0
2018-11-26,83.82661437988281,83.85866198963885,83.79456677012678,83.85866198963885,4326100.0
2018-11-27,83.85063934326172,83.91472843860146,83.78654413546654,83.78654413546654,4107700.0
2018-11-28,84.01089477539062,84.05095581959453,83.77855416641366,83.82662252949262,8513900.0
2018-11-29,84.05094909667969,84.11503820483969,83.9948611942976,84.05895641491426,5922600.0
2018-11-30,84.0268783569336,84.09097355432496,83.97881001511729,84.06693938341682,6126200.0
2018-12-03,84.16426849365234,84.21245218147108,84.02773783296252,84.0759276479033,14037900.0
2018-12-04,84.38915252685547,84.54976893983623,84.27671981234427,84.3088443203651,5365200.0
2018-12-06,84.59790802001953,84.75853047540885,84.54972434696282,84.55775700151233,7396800.0
2018-12-07,84.71036529541016,84.76658163528893,84.54974280495546,84.63808364292517,5440200.0
2018-12-10,84.76658630371094,84.83082917630941,84.67021280413046,84.76658630371094,6096000.0
2018-12-11,84.7906494140625,84.9030820619124,84.73443309013754,84.83080042994045,8086200.0
2018-12-12,84.72637939453125,84.78259570449502,84.69425491353505,84.71032021759227,8089000.0
2018-12-13,84.75048828125,84.84686174363569,84.75048828125,84.79867194888311,5762500.0
2018-12-14,84.77462768554688,84.87100120201164,84.77462768554688,84.87100120201164,6265000.0
2018-12-17,84.91912841796875,84.95125290209138,84.8147284399093,84.8548855768423,7630500.0
2018-12-18,85.16860961914062,85.16860961914062,84.99962501346538,84.99962501346538,6626100.0
2018-12-19,85.24906921386719,85.43414492883818,85.12836419057905,85.20078352096442,7264800.0
2018-12-20,85.16860961914062,85.39392856602119,85.14446983823181,85.37783128587294,7695000.0
2018-12-21,85.12837219238281,85.26516836662196,85.10423241331863,85.24907722701687,10381200.0
2018-12-24,85.18470001220703,85.2973564068824,85.1444629544031,85.25711934907845,7196100.0
2018-12-26,85.02375030517578,85.2973426081813,84.99960439081171,85.23296578183457,8606900.0
2018-12-27,85.16056060791016,85.34563634027118,85.11227491047039,85.25711972416353,10562200.0
2018-12-28,85.47440338134766,85.47440338134766,85.24909055576993,85.2732303386084,7019600.0
2018-12-31,85.69165802001953,85.70775529966129,85.38587723927338,85.39392587909425,9671800.0
2019-01-02,85.75603485107422,85.788223271041,85.67556687081392,85.73994371074751,11200700.0
2019-01-03,86.11007690429688,86.16640508843165,85.75601052441459,85.75601052441459,6497000.0
2019-01-04,85.85258483886719,85.87672461471978,85.73992845868027,85.8284450630146,8149000.0
2019-01-07,85.70773315429688,85.93304589655756,85.66749610490243,85.8767177109924,7433700.0
2019-01-08,85.64337158203125,85.7238395558378,85.60313452547153,85.61923180382057,4395600.0
2019-01-09,85.7157974243164,85.75603448393097,85.6192383041428,85.63532944440061,5458100.0
2019-01-10,85.61920166015625,85.74794914505648,85.56287348439164,85.71576073900374,3532500.0
2019-01-11,85.73992919921875,85.8284458043176,85.69969214624206,85.76406897527983,5759000.0
2019-01-14,85.61920166015625,85.78818618745007,85.61920166015625,85.75599778139734,7544300.0
2019-01-15,85.63531494140625,85.73992882296162,85.5628956135408,85.73188018453914,3690200.0
2019-01-16,85.70773315429688,85.71577565272635,85.54679109603083,85.56288837151332,4007800.0
2019-01-17,85.64337158203125,85.7238395558378,85.57094610808633,85.7238395558378,5547000.0
2019-01-18,85.57901763916016,85.68363155847389,85.5226894284968,85.59511492181512,5643400.0
2019-01-22,85.65140533447266,85.7962501178747,85.65140533447266,85.65140533447266,6824000.0
2019-01-23,85.73992919921875,85.77211147442532,85.59508440353993,85.6031269026854,3222800.0
2019-01-24,85.88477325439453,85.97328371941792,85.83648756337637,85.87672461600613,7308900.0
2019-01-25,85.84453582763672,85.86062696503113,85.7479705853335,85.81234741353565,3469500.0
2019-01-28,85.79627227783203,85.90088003868651,85.76408385772757,85.79627227783203,7365700.0
2019-01-29,86.0215835571289,86.04572333695177,85.85259895905561,85.88478737859052,6158600.0
2019-01-30,86.21470642089844,86.22275506046913,85.93306542905587,85.93306542905587,6350400.0
2019-01-31,86.4721908569336,86.52851904437391,86.33539470733737,86.34344334534656,14766500.0
2019-02-01,86.29312133789062,86.43832829309429,86.22051478295748,86.38992187158465,7227900.0
2019-02-04,86.22050476074219,86.23664228425713,86.13176684539575,86.18017326127865,14227700.0
2019-02-05,86.40606689453125,86.43026703005464,86.27699129885568,86.27699129885568,8913500.0
2019-02-06,86.35765075683594,86.49478893604723,86.30924434001982,86.47865141222118,6449600.0
2019-02-07,86.39794921875,86.47861834304652,86.34148021627647,86.4382868582281,3938900.0
2019-02-08,86.59160614013672,86.62387503934261,86.45446793450907,86.45446793450907,4288600.0
2019-02-11,86.50289154052734,86.54322305654733,86.43835372929803,86.50289154052734,3521000.0
2019-02-12,86.51903533935547,86.52710410558385,86.41416599704789,86.49483519533567,3136700.0
2019-02-13,86.36573028564453,86.4302680842695,86.32539877750135,86.3818678126324,2526100.0
2019-02-14,86.49478912353516,86.59965840998369,86.45445146854462,86.58352704078469,2908500.0
2019-02-15,86.55937194824219,86.5674345597058,86.4706339848205,86.51903427226314,2413900.0
2019-02-19,86.60772705078125,86.68032744406821,86.54318926475148,86.66419607489179,6235500.0
2019-02-20,86.61579132080078,86.63192268914064,86.54318477661717,86.61579132080078,3231100.0
2019-02-21,86.42221069335938,86.46254836147395,86.39801055435623,86.44641698702655,3677000.0
2019-02-22,86.63997650146484,86.73677700412509,86.49476959281384,86.5189697184789,2731500.0
2019-02-25,86.61579132080078,86.63999145064142,86.55932229961873,86.59965379779922,3645400.0
2019-02-26,86.71257781982422,86.77711559207211,86.66417756796866,86.74484670594816,4759400.0
2019-02-27,86.5270767211914,86.64001479398434,86.48673905748107,86.64001479398434,2988300.0
2019-02-28,86.3738021850586,86.55127806038917,86.34153328457454,86.52707792369199,11872100.0
2019-03-01,86.23385620117188,86.40368674904065,86.21768450758553,86.34707656641771,5527000.0
2019-03-04,86.33900451660156,86.40369746902043,86.2823943269551,86.3228266509609,3837200.0
2019-03-05,86.3956069946289,86.40368975667985,86.26620876124532,86.31473618378784,5835800.0
2019-03-06,86.52500915527344,86.5897082795155,86.41178877287389,86.43604940195263,4834000.0
2019-03-07,86.76763916015625,86.8161604246742,86.63015813065614,86.66250769701774,6089100.0
2019-03-08,86.88086700439453,86.91321657352897,86.7272080935183,86.78381829699121,4943100.0
2019-03-11,86.88897705078125,86.91323769101439,86.81618896003094,86.88897705078125,5638300.0
2019-03-12,87.05071258544922,87.07497322395994,86.88088194582369,86.9374921590322,5243400.0
2019-03-13,87.01024627685547,87.02642414406115,86.94555331817824,86.98598564609544,2608800.0
2019-03-14,86.88086700439453,87.00217634613632,86.84851743526009,86.99408741134036,2955400.0
2019-03-15,87.09918975830078,87.13153931661782,86.99405832130593,87.05875743794,2756900.0
2019-03-18,87.08305358886719,87.09922528959912,87.04261508196255,87.07496465347629,2295500.0
2019-03-19,87.03453063964844,87.10731254661458,86.96174256263254,87.002181068758,2928300.0
2019-03-20,87.39037322998047,87.41463386831498,87.07497259153088,87.10732216599371,4236200.0
2019-03-21,87.40653991699219,87.48741075777517,87.38227928176225,87.44697225235885,4192700.0
2019-03-22,87.84320831298828,87.95642867054315,87.64102822163363,87.71381009289887,2464100.0
2019-03-25,88.00497436523438,88.14245538473561,87.82705484820998,87.85131547870449,4971300.0
2019-03-26,88.0211181640625,88.09390620252445,87.91598674189133,87.95642522659759,3120500.0
2019-03-27,88.2071533203125,88.2961130776221,88.14245419316947,88.15054312657443,3719600.0
2019-03-28,88.21522521972656,88.2637464706904,88.11817654775169,88.1990473560405,6071000.0
2019-03-29,88.2071533203125,88.2071533203125,88.01306210893175,88.02923380569334,5988300.0
2019-04-01,87.80343627929688,88.05474752833513,87.77911723243304,88.05474752833513,11261700.0
2019-04-02,87.9007568359375,87.92507589336559,87.8115828354293,87.86832936439744,8080100.0
2019-04-03,87.73860168457031,87.81155883691572,87.70617422189255,87.74670391156019,3731100.0
2019-04-04,87.80343627929688,87.81154468988652,87.71426231752605,87.75479818556919,3676900.0
2019-04-05,87.86829376220703,87.88451058386028,87.73859011350751,87.77101138700344,2236600.0
2019-04-08,87.8277359008789,87.8763801687528,87.79531463550128,87.86827175995653,9485300.0
2019-04-09,87.87638854980469,87.97366472502256,87.86828014023509,87.93313504698321,3753800.0
2019-04-10,88.04663848876953,88.07095753545964,87.95746452763575,87.9980003953893,4682000.0
2019-04-11,87.94125366210938,87.98178334485218,87.89260938395097,87.98178334485218,2827700.0
2019-04-12,87.77102661132812,87.83588153937994,87.73049691997551,87.76292438400142,2390600.0
2019-04-15,87.75482177734375,87.79535765628444,87.72239431117255,87.72239431117255,2546200.0
2019-04-16,87.60074615478516,87.72234754186852,87.5683187059027,87.64939042056058,4093900.0
2019-04-17,87.59268951416016,87.70618255185839,87.59268951416016,87.62511079501105,3390200.0
2019-04-18,87.7061767578125,87.78724232439778,87.68185770632753,87.73860422142786,2217200.0
2019-04-22,87.60074615478516,87.68181786944304,87.59264393124215,87.6574926441036,5725600.0
2019-04-23,87.75482177734375,87.77914083074546,87.67375620436913,87.69807525777084,3422700.0
2019-04-24,87.95747375488281,87.98179280412414,87.89261883363548,87.89261883363548,3000000.0
2019-04-25,87.94938659667969,87.99803089182305,87.89264007310176,87.93317595490336,2648100.0
2019-04-26,88.12771606445312,88.1601435260997,88.08718637607431,88.15203511446158,2299900.0
2019-04-29,87.97367095947266,88.0547426911053,87.94935191394477,88.00609841514476,2782600.0
2019-04-30,88.03041076660156,88.10337408254166,87.96556204509338,88.00609172292296,7491500.0
2019-05-01,88.08728790283203,88.37982920322735,88.02227734724468,88.14417058903402,6387900.0
2019-05-02,87.89228820800781,88.03043102932698,87.84352717714545,88.03043102932698,3379400.0
2019-05-03,88.0385513305664,88.10356190420424,87.98979650021279,88.02230178703171,2326300.0
2019-05-06,88.15229797363281,88.22543019845556,88.1197926960179,88.21730232911487,4609100.0
2019-05-07,88.25797271728516,88.33110497296667,88.24171697174455,88.27422226307536,3051400.0
2019-05-08,88.24168395996094,88.42045989552396,88.20918488053864,88.36357720691282,5946400.0
2019-05-09,88.29045104980469,88.42046597567847,88.20919094616501,88.39608856456141,4847600.0
2019-05-10,88.30674743652344,88.42864075652045,88.27424213787413,88.36363015922181,5257500.0
2019-05-13,88.4529800415039,88.5586237665008,88.42860262796589,88.4367304990616,6733800.0
2019-05-14,88.5261459350586,88.55052335615639,88.46926321924673,88.49364064034452,6217000.0
2019-05-15,88.68054962158203,88.72118279508373,88.57491205013014,88.70493324553415,2666500.0
2019-05-16,88.57488250732422,88.60738779533358,88.53424934737508,88.60738779533358,2757000.0
2019-05-17,88.5992660522461,88.69678192301981,88.52613379897844,88.67240450526393,2090800.0
2019-05-20,88.47737121582031,88.62364191954683,88.46112167085073,88.55863753991844,2035000.0
2019-05-21,88.4692611694336,88.50176646339453,88.42050012861675,88.46113329600564,2029800.0
2019-05-22,88.6155014038086,88.64800048683716,88.50985768484504,88.53423509699087,3509900.0
2019-05-23,88.87554168701172,88.98117921124326,88.68863785210308,88.7211431364241,4922500.0
2019-05-24,88.90807342529297,88.94057251953481,88.84306283730749,88.87556813130023,2010300.0
2019-05-28,89.03807067871094,89.10308125375623,88.98118797548372,89.03807067871094,6270100.0
2019-05-29,89.06244659423828,89.26559998802064,89.06244659423828,89.16809032684483,5634400.0
2019-05-30,89.298095703125,89.33872885742582,89.10307020192862,89.20057985265235,3305200.0
2019-05-31,89.71253967285156,89.90756519438452,89.38749300379693,89.39562087545443,9204100.0
2019-06-03,89.92431640625,90.0220562498735,89.73697134866367,89.81028244576606,7137500.0
2019-06-04,89.84288787841797,89.9080457196857,89.70441270655637,89.82659375731124,5131700.0
2019-06-05,89.79399871826172,89.98134379752426,89.78585787327435,89.89174478757941,3253500.0
2019-06-06,89.77767944335938,89.94058328758075,89.72880953296962,89.87541926413887,2660400.0
2019-06-07,90.03022003173828,90.14425401340443,89.96505598096165,90.11981904795968,3697100.0
2019-06-10,89.79399871826172,89.89174478757941,89.7777108139015,89.89174478757941,3992900.0
2019-06-11,89.77767944335938,89.80211439855425,89.73695037511237,89.7695323868333,4374600.0
2019-06-12,89.89177703857422,89.93250613566558,89.81032505877921,89.82661296898313,2797600.0
2019-06-13,90.08723449707031,90.10352861650065,89.92433058908149,89.94876555384124,2293200.0
2019-06-14,90.06275939941406,90.11162930715663,89.98945453780023,90.0138894916715,1901200.0
2019-06-17,90.03838348388672,90.08725342367339,89.97321942124644,90.02208936103312,3312600.0
2019-06-18,90.28263854980469,90.38853158690738,90.1767517270821,90.36409664430833,3640300.0
2019-06-19,90.59224700927734,90.59224700927734,90.12796403335597,90.1768339631206,2895900.0
2019-06-20,90.74697875976562,90.87730059896468,90.68995557553546,90.73068464587597,4224300.0
2019-06-21,90.51078796386719,90.6248219339746,90.44562391969572,90.59223991188887,4640200.0
2019-06-24,90.6736831665039,90.72255308775442,90.59223122629147,90.60037828462812,3079800.0
2019-06-25,90.68999481201172,90.7714529879351,90.59225494392177,90.70628893295093,3111100.0
2019-06-26,90.48633575439453,90.66553374682556,90.46190079440568,90.64924584496116,3703200.0
2019-06-27,90.73887634277344,90.74702340372629,90.54339038061163,90.6166952860273,2963600.0
2019-06-28,90.69813537597656,90.79588145145149,90.67370041070428,90.7062824358626,9887800.0
2019-07-01,90.76505279541016,90.83852394433634,90.62626980622963,90.82219909851271,4186800.0
2019-07-02,90.9283676147461,90.95286423736749,90.73243823315401,90.78141902143135,5765400.0
2019-07-03,91.07527923583984,91.10793515759558,90.96915216149391,90.97731769905289,1324800.0
2019-07-05,90.69156646728516,90.78953421799783,90.5446241839351,90.78953421799783,2461200.0
2019-07-08,90.64259338378906,90.83036336477304,90.64259338378906,90.8058729821403,3041400.0
2019-07-09,90.61811065673828,90.66709142614172,90.57728919658184,90.65076657916735,2525800.0
2019-07-10,90.68342590332031,90.74873775062845,90.59362367039176,90.73240667456113,4589800.0
2019-07-11,90.34870910644531,90.66709658263599,90.34870910644531,90.66709658263599,3303700.0
2019-07-12,90.44670104980469,90.49568183508318,90.34873325076535,90.34873325076535,3836300.0
2019-07-15,90.57728576660156,90.5854513040197,90.49564907786045,90.51198015269674,3619000.0
2019-07-16,90.47935485839844,90.47935485839844,90.32424073734876,90.41404299390571,2149100.0
2019-07-17,90.71609497070312,90.73241982065517,90.54465601804014,90.56098086799217,2985600.0
2019-07-18,90.86307525634766,90.88756565406655,90.66713961762929,90.69979555741568,5982200.0
2019-07-19,90.75692749023438,90.85489529404438,90.73243709640253,90.7977489656092,3150800.0
2019-07-22,90.8712158203125,90.95285876717477,90.86305650841216,90.95285876717477,2855100.0
2019-07-23,90.78137969970703,90.87934746230995,90.74873000731944,90.83852600410539,2659300.0
2019-07-24,90.91199493408203,90.95281638849276,90.86301417157271,90.88750455282738,2783300.0
2019-07-25,90.77324676513672,90.88753940714132,90.65895412313212,90.88753940714132,2976800.0
2019-07-26,90.7895736694336,90.87937592282279,90.73242734713882,90.87937592282279,4669000.0
2019-07-29,90.83039093017578,90.90386210037116,90.79773500059504,90.86304685975652,4167100.0
2019-07-30,90.82220458984375,90.887516434047,90.74873343647532,90.83852943665443,2409300.0
2019-07-31,90.86307525634766,91.09981991995264,90.6753051596968,90.86307525634766,10034500.0
2019-08-01,91.57496643066406,91.60769258306526,91.04307592968648,91.10853447755495,5709100.0
2019-08-02,91.60768127441406,91.68133071589018,91.50130568457668,91.59131820023343,3293700.0
2019-08-05,92.00863647460938,92.12319670823746,91.85315919622933,91.8777069258547,7626600.0
2019-08-06,92.254150390625,92.27051971114155,91.97593437250936,92.03321450818414,5151800.0
2019-08-07,92.20503997802734,92.70419804078698,92.14775985163192,92.60600086279531,9156600.0
2019-08-08,92.2950439453125,92.31959167676952,91.91863082915336,92.0659234609604,3707200.0
2019-08-09,92.17227935791016,92.42594751953835,92.1231839054824,92.35230434089674,2432300.0
2019-08-12,92.5078125,92.62237275597613,92.36051985044986,92.409615319278,2474900.0
2019-08-13,92.37689208984375,92.58964954764822,92.29506421932398,92.58964954764822,3048200.0
2019-08-14,92.66327667236328,92.7778369198172,92.63872893977533,92.6960090635023,2829900.0
2019-08-15,93.08877563476562,93.21152051983245,92.76964267943038,92.786005750676,2815600.0
2019-08-16,93.01513671875,93.03150603490981,92.76146850585691,92.93330886714561,5209000.0
2019-08-19,92.76969146728516,92.84333469121593,92.68785733882767,92.74513748290742,2900800.0
2019-08-20,93.02332305908203,93.03968613247287,92.925125889542,93.01513840085411,2253600.0
2019-08-21,92.9742431640625,93.14608355723287,92.8842306376781,92.8842306376781,3815400.0
2019-08-22,92.72872924804688,93.02331448645424,92.712366176164,92.88420652472422,6294900.0
2019-08-23,93.10513305664062,93.21151486400687,92.72053535353088,92.74508308044192,3772100.0
2019-08-26,93.06426239013672,93.24428121279898,93.01516067207746,93.1542686799346,5127200.0
2019-08-27,93.3588638305664,93.3834178170068,93.17884496481284,93.21157737033204,3473400.0
2019-08-28,93.36701965332031,93.53068163036404,93.31792418174022,93.53068163036404,5102500.0
2019-08-29,93.30972290039062,93.35063994812933,93.15424561066156,93.35063994812933,2671000.0
2019-08-30,93.3915786743164,93.40794799553184,93.19519052119894,93.20337518180666,4661600.0
2019-09-03,93.36941528320312,93.59907125207252,93.24639312173689,93.38582240972217,6197400.0
2019-09-04,93.53348541259766,93.56629341872647,93.35304450763282,93.35304450763282,3814300.0
2019-09-05,93.13155364990234,93.22997136362957,92.92650840299149,93.18076250676596,5336500.0
2019-09-06,93.22998046875,93.27099202513122,93.13976005069928,93.22178316346171,3675200.0
2019-09-09,92.8362808227539,93.00031450461832,92.82807726141553,93.00031450461832,2747400.0
2019-09-10,92.33599853515625,92.78709442863375,92.33599853515625,92.76248999448772,3119300.0
2019-09-11,92.35237884521484,92.44259925532194,92.31957085449551,92.33597797859738,2646900.0
2019-09-12,92.20479583740234,92.60668924775894,92.1391798205089,92.60668924775894,4069600.0
2019-09-13,91.65523529052734,92.08172669697508,91.65523529052734,91.98330897259446,2506400.0
2019-09-16,91.90130615234375,91.98332302101554,91.7700741564801,91.90130615234375,2923500.0
2019-09-17,92.04073333740234,92.1637617663227,91.87669334634658,91.95051290669313,2614200.0
2019-09-18,92.1473388671875,92.43440098054626,92.09813000703593,92.27036727505119,2291300.0
2019-09-19,92.27855682373047,92.4015852129105,92.22934171356816,92.3851780903618,2280000.0
2019-09-20,92.61483001708984,92.63123714004085,92.34416880575391,92.38518035564746,2048300.0
2019-09-23,92.65586853027344,92.87731469468218,92.6312640961709,92.69687383461577,3412000.0
2019-09-24,92.91012573242188,92.97574173049931,92.70508043154436,92.70508043154436,2602500.0
2019-09-25,92.52461242675781,92.86909318688016,92.46720000965144,92.85268606343026,3813800.0
2019-09-26,92.68047332763672,92.76249019412862,92.63126445923875,92.68047332763672,4869400.0
2019-09-27,92.79530334472656,92.81990778029173,92.68047847376504,92.68047847376504,4652500.0
2019-09-30,92.81988525390625,92.90190210504757,92.61483999731064,92.62304355967017,6359800.0
2019-10-01,92.98839569091797,93.09525774666459,92.5855949166717,92.6513590763383,5980200.0
2019-10-02,93.05416870117188,93.14459286750437,92.96374453483936,93.04595288358999,8637000.0
2019-10-03,93.41587829589844,93.49808038440992,93.15282784969132,93.16926575874668,4219100.0
2019-10-04,93.56383514404297,93.57205723355153,93.40764680146377,93.44875097738989,3331200.0
2019-10-07,93.3089828491211,93.47338696736796,93.3089828491211,93.41584489882004,2493000.0
2019-10-08,93.34185791015625,93.56380408026631,93.29253166109818,93.56380408026631,3055700.0
2019-10-09,93.29256439208984,93.35010647650026,93.18570231293245,93.34189065845365,3332800.0
2019-10-10,92.97200012207031,93.1610706120562,92.91445802018221,93.11174433071017,4312400.0
2019-10-11,92.66783905029297,92.76647905628272,92.55274859060846,92.75825696524427,3568600.0
2019-10-14,92.82398223876953,92.83220432636129,92.74178017769765,92.83220432636129,1716600.0
2019-10-15,92.51982116699219,92.82396937797985,92.51982116699219,92.80753147668905,4168600.0
2019-10-16,92.6842041015625,92.71708616824974,92.5773420885387,92.62666205276308,2430600.0
2019-10-17,92.65959930419922,92.77468347033808,92.57739722433098,92.61849512845676,2316400.0
2019-10-18,92.72537994384766,92.81580412924616,92.66783785055931,92.69249785173749,1454200.0
2019-10-21,92.47046661376953,92.65131483068082,92.47046661376953,92.57733489009664,4241600.0
2019-10-22,92.61027526855469,92.67603316660922,92.4869690183258,92.60205317944173,2147400.0
2019-10-23,92.6842041015625,92.7910661145863,92.66776620402536,92.74174615036192,1887800.0
2019-10-24,92.7088851928711,92.84862930440093,92.68422520514399,92.7582051683253,1725800.0
2019-10-25,92.57738494873047,92.76644908019617,92.49517660814624,92.75822699181457,2486600.0
2019-10-28,92.38011169433594,92.42943796328126,92.32256960691402,92.41299378309377,2948300.0
2019-10-29,92.38833618164062,92.47876036016662,92.3554540920296,92.46232245116977,2384700.0
2019-10-30,92.65135192871094,92.68423400600753,92.42118365924976,92.43762156209057,2381400.0
2019-10-31,93.01307678222656,93.13638304166868,92.79934635063469,92.87333261494672,5399100.0
2019-11-01,93.03861999511719,93.18691522177971,92.93975441548871,93.07981555801916,3988300.0
2019-11-04,92.80792236328125,92.86559236909306,92.7584864400431,92.85735200096018,2662700.0
2019-11-05,92.46192932128906,92.585503451562,92.39601892810279,92.56078862550741,3205500.0
2019-11-06,92.6019515991211,92.69257678646422,92.48661159442237,92.6019515991211,3840500.0
2019-11-07,92.16532135009766,92.37128657555421,91.9758305770313,92.37128657555421,4022400.0
2019-11-08,92.1158676147461,92.3547879843568,92.1158676147461,92.16530353347983,3866100.0
2019-11-11,92.13233947753906,92.23943910095807,92.09114393015435,92.23943910095807,1559900.0
2019-11-12,92.23121643066406,92.29712680490253,92.10764233591598,92.20650161171444,2032800.0
2019-11-13,92.39598846435547,92.46189883581053,92.33831846072204,92.43717773234565,2570200.0
2019-11-14,92.65963745117188,92.742022284969,92.62668226054103,92.68435227275502,2901000.0
2019-11-15,92.61022186279297,92.65141114316258,92.58550075189817,92.65141114316258,4400400.0
2019-11-18,92.78321838378906,92.80793320551582,92.70082726395326,92.7337824547756,5757900.0
2019-11-19,92.84908294677734,92.8985188547421,92.76669814757912,92.79141295878286,2210700.0
2019-11-20,93.07157897949219,93.07981934952032,92.93975820128465,92.95623894134091,3474400.0
2019-11-21,92.9397201538086,93.00563051593011,92.86557571059045,92.93148607271196,6522800.0
2019-11-22,92.9891357421875,93.01385055119127,92.89851058546918,93.00561018633778,2507000.0
2019-11-25,93.07981872558594,93.10453354994401,93.00566796695107,93.02214870689687,4251200.0
2019-11-26,93.21162414550781,93.22810488384962,93.1621945016024,93.1704285852133,2382200.0
2019-11-27,93.0962905883789,93.15396060546256,93.06333539496532,93.12100541204897,3437300.0
2019-11-29,92.98096466064453,93.1127791687364,92.97272428965084,93.10454508330412,4059000.0
2019-12-02,92.87853240966797,92.89504914451888,92.71340285689082,92.72991329245308,9325100.0
2019-12-03,93.2996597290039,93.40699335298268,93.10150292346952,93.13453010760713,5283800.0
2019-12-04,93.14277648925781,93.25836847703252,93.03544287183585,93.19232041208332,5806500.0
2019-12-05,93.0354232788086,93.08496089191071,92.91157294676373,92.95285849054187,4374700.0
2019-12-06,92.90328979492188,93.03539846033847,92.81247296155782,92.8620105614451,4648200.0
2019-12-09,92.952880859375,93.06847285062318,92.9446224887741,93.04370403811158,7398300.0
2019-12-10,92.91986846923828,93.02720210697325,92.87858290895217,93.02720210697325,3761100.0
2019-12-11,93.16755676269531,93.21710069161581,92.97765831625698,93.02719594588581,3764500.0
2019-12-12,92.77120208740234,93.12623630769792,92.65561013654228,93.12623630769792,5080100.0
2019-12-13,93.14277648925781,93.18406204173058,92.80425889628644,92.95287806618119,5911000.0
2019-12-16,92.952880859375,93.04370403811158,92.88682649315001,93.03544566751069,5012100.0
2019-12-17,92.96109008789062,93.05191322476973,92.90329411890285,93.04366115726303,3016300.0
2019-12-18,92.77949523925781,92.93636648893002,92.77123686844625,92.92811441740969,6516300.0
2019-12-19,92.8795394897461,92.92916144398707,92.73893343603909,92.78856170029461,5613800.0
2019-12-20,92.89608764648438,92.90436007638503,92.75548788824904,92.80510984762265,8809200.0
2019-12-23,92.82990264892578,92.95396383308075,92.78028069926938,92.94569140480003,3148600.0
2019-12-24,92.94573211669922,92.96227698050761,92.73896548921145,92.77204890681149,1887800.0
2019-12-26,93.02840423583984,93.03667035421041,92.89607062174231,92.97877597554626,6072100.0
2019-12-27,93.15247344970703,93.16074587936494,93.11112392144749,93.1276624707483,4733800.0
2019-12-30,93.15247344970703,93.16901830902285,92.9126234697477,92.97879028698095,3979100.0
2019-12-31,92.93744659423828,93.07804635717594,92.93744659423828,93.07804635717594,6807600.0
2020-01-02,93.1938247680664,93.29307498910265,93.09457454703016,93.1938247680664,6791400.0
2020-01-03,93.46678161621094,93.49986503153143,93.27655355562217,93.36753137024945,3664300.0
2020-01-06,93.39232635498047,93.56600952314679,93.32615953567468,93.56600952314679,8131600.0
2020-01-07,93.2930908203125,93.39233474817507,93.27654595899156,93.39233474817507,2883000.0
2020-01-08,93.18556213378906,93.40887357708979,93.08631821233573,93.33443432598443,7323100.0
2020-01-09,93.28479766845703,93.28479766845703,93.01186430742965,93.03667528388407,9110900.0
2020-01-10,93.44196319580078,93.45022931646086,93.30962954505037,93.37579637042558,4198100.0
2020-01-13,93.38408660888672,93.40889759562978,93.31791977089388,93.36754174438002,4465300.0
2020-01-14,93.46678161621094,93.47504773752885,93.40061478556994,93.43369820089045,3625400.0
2020-01-15,93.60736846923828,93.61564089942983,93.51639066717735,93.60736846923828,3896300.0
2020-01-16,93.60736846923828,93.63217944979755,93.49985211680963,93.59082991887057,2801400.0
2020-01-17,93.49986267089844,93.54121220649289,93.433695841928,93.47504537752243,3003300.0
2020-01-21,93.76455688476562,93.7976403109678,93.64049561401208,93.66530660615912,4672100.0
2020-01-22,93.81414031982422,93.86376228372811,93.78105690721638,93.82241275048013,3627200.0
2020-01-23,93.93817901611328,94.03742292012541,93.93817901611328,93.98780096811934,3429500.0
2020-01-24,94.11190032958984,94.19460571981637,94.01265007530793,94.02092250733563,4199800.0
2020-01-27,94.40132141113281,94.41786626626055,94.32688849309822,94.40132141113281,4790000.0
2020-01-28,94.31868743896484,94.41793771479632,94.2442481545867,94.3683094218715,4463800.0
2020-01-29,94.53367614746094,94.57502567449818,94.3765315386809,94.39307008749283,2890200.0
2020-01-30,94.54193115234375,94.73215914639893,94.48403677328592,94.51712017703527,6885600.0
2020-01-31,94.82319641113281,94.83973496837497,94.59988487324652,94.68259658951139,5281900.0
2020-02-03,94.7925033569336,94.82565704083974,94.55214389117796,94.65159861947778,7214200.0
2020-02-04,94.4775390625,94.56871010518928,94.39465802098742,94.56871010518928,5290800.0
2020-02-05,94.33663940429688,94.37808308621076,94.28691204473465,94.33663940429688,6066900.0
2020-02-06,94.3946304321289,94.42778410372769,94.29516941733254,94.33661308768511,6838700.0
2020-02-07,94.66815185546875,94.71787920555812,94.56869083187316,94.6515718564944,5224200.0
2020-02-10,94.77590942382812,94.85050678250788,94.72618206698675,94.85050678250788,8187800.0
2020-02-11,94.65986633300781,94.77590103764888,94.64329265666643,94.77590103764888,5633400.0
2020-02-12,94.56041717529297,94.60186085647473,94.5106898166092,94.5852871780528,6373700.0
2020-02-13,94.6267318725586,94.6847492366606,94.5687145084566,94.5770045100193,5214400.0
2020-02-14,94.72618865966797,94.80077970012134,94.70960865728846,94.77591601997021,4004900.0
2020-02-18,94.85051727294922,94.94997199763161,94.76762990448934,94.88367095564948,4874800.0
2020-02-19,94.82563781738281,94.87536517145179,94.75933046301262,94.8173478172322,3692200.0
2020-02-20,95.04113006591797,95.0494200663156,94.8919416758483,94.9250953540213,4056000.0
2020-02-21,95.23176574707031,95.39752782080569,95.18203206621547,95.19861206763967,4492700.0
2020-02-24,95.5384292602539,95.67104398220235,95.50528190318478,95.67104398220235,7490100.0
2020-02-25,95.7042007446289,95.79537178804992,95.53843233685515,95.54672233809838,7474600.0
2020-02-26,95.6047134399414,95.82020914914736,95.53012241949499,95.57984976645926,4763000.0
2020-02-27,95.62132263183594,95.93627313112738,95.60474262884154,95.93627313112738,11606400.0
2020-02-28,96.32583618164062,96.42529092161134,95.94457825710772,96.04403299707842,17243000.0
2020-03-02,96.29174041748047,96.70700580643087,96.25021134400664,96.58242492245635,13198200.0
2020-03-03,96.94786834716797,97.38804868128754,96.34988512479894,96.38310711898028,12541000.0
2020-03-04,96.87313842773438,97.27179610850706,96.78177950789998,97.03094135043902,6285300.0
2020-03-05,97.17210388183594,97.36312875442673,97.1139669791252,97.16379679960664,6802800.0
2020-03-06,97.88636016845703,98.22687450002101,97.58736857484386,98.15212976984128,17456400.0
2020-03-09,97.76179504394531,99.05742126753276,97.17211884381389,99.05742126753276,13666700.0
2020-03-10,96.65719604492188,97.73688888560083,96.48278529431042,97.51264830237145,18694100.0
2020-03-11,95.27852630615234,96.99772538459032,95.13733754360437,96.92297429259776,13053300.0
2020-03-12,91.46636199951172,95.3034168818907,90.57769422627139,94.66391090305136,18684800.0
2020-03-13,92.90316772460938,93.40148489403215,91.56601274584949,92.62909106367053,24960500.0
2020-03-16,94.45631408691406,94.63902562427802,91.74047357422414,92.49625999110026,12310300.0
2020-03-17,92.01454162597656,94.61410169623427,91.84843160357146,93.75865567430871,15737200.0
2020-03-18,88.50968170166016,91.83180544962367,87.84525441748818,90.8268637762385,17061700.0
2020-03-19,90.4863510131836,90.71059793431537,87.67085139594238,88.4266376566068,11720200.0
2020-03-20,91.3833236694336,91.55773441668028,90.07939027068099,90.07939027068099,16503700.0
2020-03-23,93.55098724365234,93.80014901407252,90.52785568902631,91.27533466383979,12572200.0
2020-03-24,94.3233871459961,94.3233871459961,92.25536713077952,92.62079639121036,10253600.0
2020-03-25,95.28682708740234,95.30343491983018,94.43137481082083,94.68053665238031,10999700.0
2020-03-26,95.57752227783203,95.8349848959337,94.8466508409764,94.8466508409764,16611400.0
2020-03-27,95.98446655273438,95.99277363686524,95.12071356013384,95.32834630826525,10841600.0
2020-03-30,96.07579803466797,96.55750739352985,96.02596821700874,96.15054276115681,13340200.0
2020-03-31,95.81837463378906,96.32499910824534,95.70210078749903,96.100752164365,14018600.0
2020-04-01,95.49292755126953,96.05058539781845,95.42633983372971,96.03393529335636,14192100.0
2020-04-02,95.63441467285156,95.90075917331802,95.4679453912139,95.73428989168036,11565400.0
2020-04-03,95.70100402832031,95.8258480539994,95.11837105781765,95.67602887303059,9786700.0
2020-04-06,96.16712188720703,96.22538455927634,95.73430802313081,95.73430802313081,8457700.0
2020-04-07,96.30025482177734,96.33354867190693,96.01726662090483,96.22534842160024,7743900.0
2020-04-08,96.3918228149414,96.52499823133829,96.1754222885265,96.30026630370688,4674200.0
2020-04-09,97.59037017822266,97.59037017822266,96.69145522312,96.96612473998242,5584100.0
2020-04-13,97.1325912475586,97.52378608603539,96.99109713368709,97.45719837945354,5738300.0
2020-04-14,97.18256378173828,97.3823206100745,97.04106327610151,97.37399555676525,5506700.0
2020-04-15,97.58201599121094,97.6402786273776,97.1408836959275,97.40722808271096,4367400.0
2020-04-16,97.70691680908203,97.82344214163867,97.54045386261666,97.54045386261666,4744700.0
2020-04-17,97.59037017822266,97.8983335471429,97.41558221753374,97.81509574192182,4949800.0
2020-04-20,97.44889068603516,97.61535362113928,97.33236536143148,97.50715334833698,3847900.0
2020-04-21,97.49883270263672,97.74853346673115,97.44057003770192,97.74020841455354,4660500.0
2020-04-22,97.49883270263672,97.58206417395013,97.33236976000991,97.51548280699193,4647200.0
2020-04-23,97.73185729980469,97.75682609952476,97.5404256018492,97.6569509006445,4331100.0
2020-04-24,97.68193817138672,97.70690697582822,97.54876274749374,97.56541285055722,3161600.0
2020-04-27,97.23246765136719,97.68192512173087,97.23246765136719,97.55707476604881,5576300.0
2020-04-28,97.61537170410156,97.75686586016684,97.48220260137987,97.60704665075798,5889800.0
2020-04-29,97.68193817138672,97.78181973930646,97.54876274749374,97.62367551097198,4653100.0
2020-04-30,97.46551513671875,97.79012224099203,97.44054633641352,97.6985657397711,10487500.0
2020-05-01,97.47053527832031,97.66235359053144,97.31207169285936,97.55393482115025,6099500.0
2020-05-04,97.55392456054688,97.65400145622593,97.4705250264888,97.48720238810978,3684100.0
2020-05-05,97.4788589477539,97.55392298127458,97.4204786385607,97.54558111911085,4611500.0
2020-05-06,97.0868911743164,97.33708979992865,96.99514976936543,97.11191040057992,6394900.0
2020-05-07,97.38712310791016,97.38712310791016,97.09522154529385,97.25368512056136,3786700.0
2020-05-08,97.1285629272461,97.37876785185621,97.0368215457541,97.31204569023011,3241500.0
2020-05-11,96.83670806884766,97.10359048093035,96.803346971965,97.078571249013,5249500.0
2020-05-12,97.0868911743164,97.24534839497768,96.93676945375817,97.12858776376319,6161500.0
2020-05-13,97.24535369873047,97.37879806338346,97.12025119761267,97.27037292635853,4425900.0
2020-05-14,97.54560089111328,97.55394275496788,97.34544069944747,97.50390429779587,5698900.0
2020-05-15,97.60396575927734,97.65400420852717,97.49554699824381,97.61230762181124,5897900.0
2020-05-18,97.46221160888672,97.6540299569055,97.29541249208965,97.55395303201864,5037100.0
2020-05-19,97.57062530517578,97.60398639938938,97.42050356270362,97.50390947972669,4929500.0
2020-05-20,97.82083129882812,97.86252789477439,97.57896813561835,97.60398736578175,4579200.0
2020-05-21,97.8958740234375,97.97927992853565,97.84583557076036,97.87085479709893,5143700.0
2020-05-22,97.9458999633789,98.07933793246141,97.90419701886664,98.07933793246141,2794000.0
2020-05-26,97.78744506835938,97.94590863596592,97.7791032061231,97.89586382552481,6164700.0
2020-05-27,97.92921447753906,98.0292977247813,97.82913759327268,97.99593664236721,4772900.0
2020-05-28,97.8625259399414,97.8708678041553,97.69572683353185,97.69572683353185,11140200.0
2020-05-29,98.12105560302734,98.17109405357108,97.84583139908294,97.93757280039775,9228700.0
2020-06-01,98.06591033935547,98.0909751560205,97.9572876343778,98.04919621186419,5580000.0
2020-06-02,98.14947509765625,98.14947509765625,98.0157875579734,98.07427426294146,4286800.0
2020-06-03,97.90715026855469,98.09932447209559,97.80688463524143,97.97399402409687,6077600.0
2020-06-04,97.61473083496094,98.00742998699367,97.60637377067428,97.98235879413372,5002700.0
2020-06-05,97.67324829101562,97.68160535793373,97.32232797534664,97.54791778554119,5166300.0
2020-06-08,97.78182220458984,97.84866596176174,97.54787542905973,97.59800505965289,8551800.0
2020-06-09,97.90715026855469,98.03248071655342,97.90715026855469,98.01576659038219,5512300.0
2020-06-10,98.30821228027344,98.32492003286804,97.91551316129704,97.96564279365258,4680800.0
2020-06-11,98.14111328125,98.42519610203574,98.12440552688493,98.36670939989934,7438800.0
2020-06-12,98.24137115478516,98.34163042218437,98.12439775977145,98.25807890782771,4571800.0
2020-06-15,98.5672378540039,98.57559491877186,98.26644726808432,98.35835585681379,5870000.0
2020-06-16,98.37503051757812,98.59226950645515,98.24970008651175,98.57556175711254,5327400.0
2020-06-17,98.29148864746094,98.39175427704721,98.14945045314208,98.37504015149726,3696000.0
2020-06-18,98.39176940917969,98.49202867961415,98.29150376417309,98.49202867961415,3356800.0
2020-06-19,98.42518615722656,98.56722436598177,98.37505015005218,98.42518615722656,2917400.0
2020-06-22,98.4001235961914,98.59229782897498,98.36670808790696,98.59229782897498,3445700.0
2020-06-23,98.38341522216797,98.45025898746043,98.33328558548479,98.4168371048142,3991400.0
2020-06-24,98.36670684814453,98.45860905662703,98.2664412008378,98.34163565538864,5040100.0
2020-06-25,98.48365020751953,98.55048757743006,98.42516352474135,98.5421368902977,4723300.0
2020-06-26,98.60065460205078,98.65914130323434,98.46696707101847,98.58394047338558,5683400.0
2020-06-29,98.68421936035156,98.68421936035156,98.5505318113848,98.60066782953393,3517200.0
2020-06-30,98.76773834228516,98.85964690826806,98.57557052219077,98.82622503204054,7451100.0
2020-07-01,98.82048034667969,98.83721967596439,98.57771855902583,98.69491302387674,6746500.0
2020-07-02,98.93766021728516,98.95439954410065,98.77023501603827,98.82046576972154,3614300.0
2020-07-06,98.92932891845703,98.9544411125385,98.77864936734709,98.92932891845703,5945100.0
2020-07-07,99.08001708984375,99.09675642514742,98.82888235393729,98.97119544381582,5454700.0
2020-07-08,99.0465087890625,99.15533040955292,98.96279935894523,99.07162097943566,5026800.0
2020-07-09,99.3060302734375,99.36462752518064,99.08001412717728,99.11349918340498,3804000.0
2020-07-10,99.18880462646484,99.47342432172422,99.15531958075083,99.47342432172422,3133900.0
2020-07-13,99.18043518066406,99.2222866965869,99.08835290436686,99.16368946499952,4803200.0
2020-07-14,99.33950805664062,99.39810530409363,99.26417147561004,99.26417147561004,3986700.0
2020-07-15,99.34786224365234,99.36460157408366,99.19718272329142,99.19718272329142,3403600.0
2020-07-16,99.41483306884766,99.52365468399996,99.39808735167357,99.47343030571733,3526900.0
2020-07-17,99.51529693603516,99.60737923461518,99.42321463745515,99.56552770856476,2549100.0
2020-07-20,99.62411499023438,99.66596651209893,99.54040555988512,99.64085432165616,3989200.0
2020-07-21,99.68273162841797,99.69947096309724,99.62413437710843,99.69947096309724,6098200.0
2020-07-22,99.76639556884766,99.84173212047337,99.70779834426594,99.79988060955414,6296600.0
2020-07-23,99.88361358642578,99.94221082483402,99.82501634801753,99.90872577622646,12117200.0
2020-07-24,99.85013580322266,99.95896381577093,99.77479922833889,99.83339647101087,11071700.0
2020-07-27,99.78314208984375,99.96730663369765,99.74129057590719,99.95056730544681,5606100.0
2020-07-28,99.85013580322266,99.90873304589462,99.79991141996682,99.86688152205491,6080700.0
2020-07-29,99.96731567382812,99.97568853202019,99.81663615946877,99.86686692200156,9727900.0
2020-07-30,100.04267883300781,100.06779102603713,99.99244806032836,100.04267883300781,3052800.0
2020-07-31,100.08453369140625,100.14313093929921,99.95059986191706,99.99245138948574,5277900.0
2020-08-03,100.12396240234375,100.12396240234375,99.94786575100737,100.09880665182406,13013600.0
2020-08-04,100.31678009033203,100.31678009033203,100.14068352208093,100.14068352208093,10935200.0
2020-08-05,100.12396240234375,100.19942965390285,100.04848875308616,100.11557501960435,17345700.0
2020-08-06,100.2665023803711,100.40067489528874,100.23295925164167,100.30843289070727,4608600.0
2020-08-07,100.14910888671875,100.40067916403657,100.12395313852656,100.3419802856888,5559100.0
2020-08-10,100.05684661865234,100.32518520786566,100.0233034952886,100.3084168450321,5152700.0
2020-08-11,99.78014373779297,99.96462776013391,99.65435859549704,99.88077313116932,7809900.0
2020-08-12,99.57887268066406,99.69627041874551,99.49501806741972,99.56210431709395,5524500.0
2020-08-13,99.20991516113281,99.60403892238547,99.15121628590568,99.60403892238547,8023700.0
2020-08-14,99.11766052246094,99.36084337388715,99.11766052246094,99.31053188659095,4556500.0
2020-08-17,99.25184631347656,99.3440883176731,99.20991580331537,99.26861467892246,4523900.0
2020-08-18,99.3943862915039,99.45308515912645,99.30214429985466,99.31053168028552,4765800.0
2020-08-19,99.24344635009766,99.53694069092478,99.23505896958922,99.49501658377622,4541000.0
2020-08-20,99.41954040527344,99.54532551888734,99.41954040527344,99.43631516586017,4487500.0
2020-08-21,99.52017211914062,99.58725836767395,99.41116176354654,99.57048360669222,6373300.0
2020-08-24,99.4782485961914,99.63757684821621,99.45309285065007,99.55372223051268,4620900.0
2020-08-25,99.2685775756836,99.3356638077879,99.10086839311808,99.24342183806829,4002300.0
2020-08-26,99.25184631347656,99.3021578075119,99.1260611806906,99.2434589319048,5139800.0
2020-08-27,98.90801239013672,99.41953379316922,98.90801239013672,99.4111528111299,5609400.0
2020-08-28,99.04218292236328,99.08411342251807,98.94155356060946,99.01702718134885,6467400.0
2020-08-31,99.26020812988281,99.3776058508604,99.06733678959336,99.06733678959336,10894500.0
2020-09-01,99.46601104736328,99.48281348965648,99.11323665825557,99.21403208725239,9843200.0
2020-09-02,99.66761016845703,99.70960346116331,99.39882233551455,99.46601929375018,4838500.0
2020-09-03,99.69279479980469,99.84398473255956,99.63399907085856,99.72639327466732,6856700.0
2020-09-04,99.1972427368164,99.5500171724826,99.18044670056061,99.45762936069332,5366800.0
2020-09-08,99.30645751953125,99.49964080886583,99.28125384816678,99.3988453481764,8894000.0
2020-09-09,99.29800415039062,99.4407928385245,99.1468142428804,99.4407928385245,7824800.0
2020-09-10,99.30645751953125,99.3568520457479,99.13006386126071,99.23926054573829,4932600.0
2020-09-11,99.42399597167969,99.52478497033684,99.31479934546417,99.4659892517026,8200400.0
2020-09-14,99.43240356445312,99.5247977639343,99.37360783826088,99.5080017314166,6394200.0
2020-09-15,99.44085693359375,99.4744554245024,99.35686391045058,99.35686391045058,4163000.0
2020-09-16,99.39045715332031,99.5584431907366,99.28126046156883,99.5584431907366,6452500.0
2020-09-17,99.41561126708984,99.54999875704111,99.39041401323983,99.53320272389236,4882200.0
2020-09-18,99.29800415039062,99.48279252715342,99.26440568113804,99.48279252715342,5149400.0
2020-09-21,99.3147964477539,99.46598634958106,99.3147964477539,99.45759153877304,6191900.0
2020-09-22,99.39045715332031,99.4324504585461,99.3148589507034,99.32326017505117,4390200.0
2020-09-23,99.18041229248047,99.40719394865985,99.17201107313969,99.40719394865985,5392900.0
2020-09-24,99.18880462646484,99.24760675212913,99.12161409817475,99.12161409817475,4145000.0
2020-09-25,99.22241973876953,99.25601821267684,99.15522919920858,99.21402492648295,5138200.0
2020-09-28,99.30645751953125,99.30645751953125,99.20566205884181,99.26445780884661,5830400.0
2020-09-29,99.32317352294922,99.39037044259402,99.28957506312682,99.34837076575327,5301700.0
2020-09-30,99.1635971069336,99.3315894308913,99.07120293081982,99.3315894308913,6090800.0
2020-10-01,99.29998016357422,99.31681141179536,99.07280966651166,99.12329057269437,9741800.0
2020-10-02,99.19892883300781,99.31672178729671,99.1232011228309,99.3083061707805,5599500.0
2020-10-05,98.87921905517578,99.06432413955032,98.87921905517578,99.06432413955032,4890800.0
2020-10-06,98.96341705322266,99.14851582058637,98.85403321428117,98.94658580758272,4338600.0
2020-10-07,98.89608001708984,98.99704820779776,98.82035226924947,98.88766439638808,4801700.0
2020-10-08,99.02226257324219,99.03908739097716,98.93811922685911,99.00543133627114,4236000.0
2020-10-09,99.04753112792969,99.06435595044103,98.8624259841154,98.98863462028314,2909300.0
2020-10-12,99.24102783203125,99.24102783203125,99.08957877939955,99.15689089595514,2999300.0
2020-10-13,99.26629638671875,99.34201771996658,99.22422469986675,99.29153683113469,3421700.0
2020-10-14,99.32520294189453,99.37568383583172,99.27471562871852,99.3672682137626,4919700.0
2020-10-15,99.24102783203125,99.40930812342023,99.24102783203125,99.40930812342023,5459200.0
2020-10-16,99.19055938720703,99.3504240792555,99.18214376677355,99.27469633382924,3931500.0
2020-10-19,99.07273864746094,99.17370680668895,99.04749821246287,99.12321951745706,4685000.0
2020-10-20,98.98863220214844,99.0391130876872,98.92973569594064,99.03069746701816,4013600.0
2020-10-21,98.8708267211914,98.98020409914446,98.84558628160508,98.93813242034263,3688300.0
2020-10-22,98.69412231445312,98.89605221987372,98.69412231445312,98.87081178410064,4801000.0
2020-10-23,98.837158203125,98.87922345738738,98.69412478400788,98.69412478400788,3878700.0
2020-10-26,98.97179412841797,99.04752187073609,98.93813806730294,98.98862536859413,4962500.0
2020-10-27,99.19892883300781,99.20734444952404,99.0558954484048,99.11479192554924,5694100.0
2020-10-28,99.0559310913086,99.24944540617133,99.04751547176421,99.12323678995305,7329200.0
2020-10-29,98.87921905517578,99.08956457483124,98.7782573140521,99.08115537589482,11775800.0
2020-10-30,98.60997772216797,98.87921973240158,98.60997772216797,98.8203232432641,10610000.0
2020-11-02,98.78863525390625,98.89819207968839,98.75492397756517,98.83076952700621,6667900.0
2020-11-03,98.74650573730469,98.78864644494699,98.64537832659398,98.78864644494699,7519700.0
2020-11-04,99.40385437011719,99.47970635390887,99.30272696475349,99.36172009447195,5308700.0
2020-11-05,99.49655151367188,99.54712164243035,99.37014226619678,99.5218333631669,5293900.0
2020-11-06,99.27747344970703,99.32803716682103,99.16791015626569,99.28589644937887,5929700.0
2020-11-09,98.81394958496094,98.99935845089858,98.65382257714741,98.94036530535212,6625300.0
2020-11-10,98.65381622314453,98.79709079290431,98.62853436664876,98.64539322415942,5146300.0
2020-11-11,98.71280670166016,98.75494741452967,98.62010227716328,98.65381356150488,3044300.0
2020-11-12,99.12579345703125,99.13421645819763,98.88139139799671,98.91510269197788,7740800.0
2020-11-13,99.14262390136719,99.18476461694068,99.04149004185308,99.04149004185308,5125300.0
2020-11-16,99.13420104980469,99.16791233854612,99.09206676120606,99.1173486203194,7951400.0
2020-11-17,99.33647918701172,99.36176104877316,99.2353453101944,99.2353453101944,4650100.0
2020-11-18,99.40385437011719,99.43756564849471,99.35329066743533,99.40385437011719,6191100.0
2020-11-19,99.5893325805664,99.66518461721209,99.47134623891611,99.5134869736941,6680800.0
2020-11-20,99.6904067993164,99.73254107909428,99.55556167258034,99.60613180999113,7217400.0
2020-11-23,99.66515350341797,99.69886479476158,99.589301490452,99.68200593420407,4739000.0
2020-11-24,99.53031921386719,99.68201682660394,99.50503735003974,99.64830553157665,4696800.0
2020-11-25,99.49655151367188,99.62296719091542,99.46284023775571,99.57240349192539,4125000.0
2020-11-27,99.66515350341797,99.69043536448282,99.63144221207436,99.65672407313922,3436200.0
2020-11-30,99.79998016357422,99.82526202158006,99.65671201502737,99.71570516029787,8688500.0
2020-12-01,99.4842300415039,99.70373201991424,99.3913705085733,99.64463607660855,5190800.0
2020-12-02,99.37448120117188,99.45890305627326,99.23096340340207,99.45890305627326,6121000.0
2020-12-03,99.54331970214844,99.60241563790049,99.42512138967042,99.55175737798879,5198400.0
2020-12-04,99.2731704711914,99.53488659358743,99.20563685213,99.53488659358743,5896100.0
2020-12-07,99.42512512207031,99.47578338388372,99.35759150794271,99.41668744591321,6127800.0
2020-12-08,99.43360137939453,99.58556333200549,99.40827546078874,99.51802325507256,6807000.0
2020-12-09,99.29008483886719,99.4336026734853,99.21410064108468,99.39139495558508,6975700.0
2020-12-10,99.53488159179688,99.56020750279406,99.35759377384224,99.39980147851279,6192200.0
2020-12-11,99.6446304321289,99.69528225467178,99.57709037475549,99.62774863827275,5636100.0
2020-12-14,99.58552551269531,99.64462144732487,99.45045185110224,99.50110366907792,4705600.0
2020-12-15,99.6446304321289,99.6446304321289,99.53488266962789,99.57709037475549,4217800.0
2020-12-16,99.6024169921875,99.6446246948849,99.4166850655917,99.47578100214727,4467900.0
2020-12-17,99.59821319580078,99.77568908767212,99.49680208490696,99.73343660740208,6610400.0
2020-12-18,99.54752349853516,99.69964663691665,99.52217071677295,99.69964663691665,3874700.0
2020-12-21,99.54752349853516,99.69119356039319,99.51371764024947,99.65738770210751,4818300.0
2020-12-22,99.6911392211914,99.70804536502321,99.58127507750332,99.6235275414735,4516500.0
2020-12-23,99.62355041503906,99.62355041503906,99.41226870326385,99.56439179365425,4157700.0
2020-12-24,99.71649932861328,99.76721131603662,99.66579378899509,99.67424686153318,2214500.0
2020-12-28,99.73341369628906,99.76721954142339,99.58129061708743,99.69960785115474,4567200.0
2020-12-29,99.75030517578125,99.77565794559158,99.65734072127331,99.77565794559158,4300100.0
2020-12-30,99.80949401855469,99.82640016875226,99.70808290859767,99.8010409434559,2762200.0
2020-12-31,99.88554382324219,99.92779629678711,99.8263852020344,99.87709074941075,4834700.0
2021-01-04,99.75875854492188,99.8432699271426,99.71649962990892,99.7925643873712,6414100.0
2021-01-05,99.65733337402344,99.77565058961875,99.51366339048694,99.77565058961875,7477900.0
2021-01-06,99.16719818115234,99.64047368134746,99.0066284371249,99.64047368134746,10687200.0
2021-01-07,99.06575775146484,99.09956359488919,98.93898745057488,98.98969299180872,6639400.0
2021-01-08,98.94744110107422,99.1671694129073,98.86292971592262,99.03195248622582,7335700.0
2021-01-11,98.78687286376953,98.92209624908111,98.78687286376953,98.89673702848076,8610100.0
2021-01-12,98.87137603759766,98.87137603759766,98.60938881008995,98.72770603850023,7269600.0
2021-01-13,99.18407440185547,99.41225578388409,98.94743994706866,99.41225578388409,6788500.0
2021-01-14,98.9897232055664,99.26016358769995,98.94747072424364,99.19255832802206,6610500.0
2021-01-15,99.09110260009766,99.18406705013109,99.0319439907859,99.16716090586783,6447700.0
2021-01-19,99.22633361816406,99.23478024314251,99.06575747429902,99.10800994260723,7601100.0
2021-01-20,99.23480987548828,99.24326295079622,99.14184539052279,99.17565124394727,6229100.0
2021-01-21,99.09110260009766,99.13336151295097,98.99813815006422,99.06574983150759,8301000.0
2021-01-22,99.09110260009766,99.1502612094094,99.04039706291753,99.12490844081934,3513700.0
2021-01-25,99.34467315673828,99.35311978361366,99.18409697681105,99.20944975305076,4049000.0
2021-01-26,99.31082916259766,99.37843439066889,99.24321748672213,99.26857025322438,3639500.0
2021-01-27,99.31930541992188,99.44607573806161,98.91364813924221,99.3953701899282,3619100.0
2021-01-28,99.251708984375,99.2939614623024,99.12493865497916,99.285514835401,6176500.0
2021-01-29,99.14180755615234,99.21787230928149,98.50796255389689,99.01504371394509,12164800.0
2021-02-01,99.23661041259766,99.2620047407448,99.11809278395361,99.2112096260761,6621900.0
2021-02-02,99.08427429199219,99.1181291030106,99.01655175320184,99.03347915871105,7323400.0
2021-02-03,98.96575927734375,99.03347535515658,98.93189800924907,99.01654795029751,5492400.0
2021-02-04,98.92340850830078,98.94880283898397,98.77950299551277,98.83029165687911,5287400.0
2021-02-05,98.79644775390625,99.00807582461337,98.78798082273264,98.96575408549766,3446600.0
2021-02-08,98.8980484008789,98.98269835190727,98.80493151723452,98.83032585670531,4704200.0
2021-02-09,98.94036102294922,99.01655049271267,98.88957234869137,98.99115615558374,4533400.0
2021-02-10,99.03345489501953,99.05038875475663,98.97419930269008,99.01652749365762,4378300.0
2021-02-11,98.91494750976562,99.0673199613763,98.87262577554766,99.0673199613763,3470800.0
2021-02-12,98.68641662597656,98.82185525091226,98.65255535514838,98.7625996415572,3284900.0
2021-02-16,98.22083282470703,98.3901391798816,98.21236589235403,98.3816722475286,5682700.0
2021-02-17,98.41553497314453,98.44092931220177,98.32241809101653,98.38167370160916,6304100.0
2021-02-18,98.36473083496094,98.43245337183419,98.22082528788773,98.3139421614943,5333500.0
2021-02-19,98.06002044677734,98.24625425964399,97.98383740972037,98.21239297927016,4673100.0
2021-02-22,97.7552261352539,98.0853653577984,97.7552261352539,97.99224850442685,4894200.0
2021-02-23,97.7806396484375,97.98380079638697,97.57747204211157,97.98380079638697,6035200.0
2021-02-24,97.74678039550781,97.77217473222788,97.35738549625478,97.39970723799603,6232300.0
2021-02-25,96.84949493408203,97.59442358375338,96.67172163175026,97.35740112514785,14926900.0
2021-02-26,97.63671875,97.67904694538868,97.00183456942504,97.31504642352401,11333400.0
2021-03-01,97.58586883544922,98.00982344462719,97.41628957939162,97.48412386942825,13018100.0
2021-03-02,97.60281372070312,97.61129462274583,97.46714516415125,97.54346034446989,10111300.0
2021-03-03,97.24667358398438,97.36538031218464,97.17035841926621,97.33994408028909,10317500.0
2021-03-04,96.96691131591797,97.339993490515,96.88212167688268,97.33151258590102,5953600.0
2021-03-05,96.89906311035156,96.93298025490493,96.70404761546203,96.80579258008827,8675700.0
2021-03-08,96.51749420166016,96.85665913475023,96.51749420166016,96.83121642781622,5639400.0
2021-03-09,96.8821029663086,96.92449454312188,96.6616447721655,96.8312240174857,5676800.0
2021-03-10,97.04320526123047,97.08560330880417,96.89906224993398,96.91602405657699,6936900.0
2021-03-11,97.03468322753906,97.11947281205997,96.91597651540368,97.06011945599228,8827800.0
2021-03-12,96.48359680175781,96.58534824321283,96.41576250745446,96.55990553107331,5066800.0
2021-03-15,96.58531951904297,96.67010912718882,96.32246332404867,96.32246332404867,5000500.0
2021-03-16,96.5513916015625,96.68705366564207,96.47507643442948,96.6361812002412,3990900.0
2021-03-17,96.54293060302734,96.64468202383655,96.22072747401438,96.28008085222817,6229800.0
2021-03-18,96.16985321044922,96.28008553895002,95.98331216440172,96.085063590164,6222200.0
2021-03-19,96.24615478515625,96.27159102074108,96.09353090261476,96.15288427532353,4701400.0
2021-03-22,96.43268585205078,96.49203921863372,96.3224535505169,96.40724315005941,5468600.0
2021-03-23,96.6786117553711,96.69557356336652,96.46663443866844,96.56838587953807,5524900.0
2021-03-24,96.79731750488281,96.8312281801778,96.54294215693358,96.5768593012624,6352600.0
2021-03-25,96.7464370727539,96.90754188859094,96.65316654453602,96.86514384157056,5178000.0
2021-03-26,96.58531951904297,96.72946249979415,96.54292148045383,96.58531951904297,4333900.0
2021-03-29,96.42422485351562,96.66163836884996,96.25463915039602,96.25463915039602,7630800.0
2021-03-30,96.50050354003906,96.53442067010897,96.26309009858078,96.35636058901525,4996900.0
2021-03-31,96.51749420166016,96.64468186019806,96.41574278102323,96.52596863493845,6309200.0
2021-04-01,96.8418960571289,96.8503897946719,96.66356644166655,96.74848438062622,10767200.0
2021-04-05,96.64654541015625,96.71448232926515,96.5446465103141,96.6210706851957,9230100.0
2021-04-06,96.98626708984375,96.99476082825277,96.76547524297816,96.7909564582052,4864100.0
2021-04-07,96.83341217041016,97.06269775563221,96.83341217041016,96.90984285842553,4505600.0
2021-04-08,97.07115936279297,97.07115936279297,96.91830450598036,96.96076670797035,4932100.0
2021-04-09,96.96077728271484,97.08815742375478,96.84189087876375,96.90133408073929,7467100.0
2021-04-12,96.93527221679688,96.95225320683764,96.80789211561736,96.95225320683764,3844900.0
2021-04-13,97.21553039550781,97.21553039550781,96.90132693462375,96.9098206710862,4040500.0
2021-04-14,97.13909149169922,97.1815536915898,97.04567983499761,97.15607896318429,3620500.0
2021-04-15,97.52122497558594,97.64011783902767,96.62108335523057,96.62108335523057,6753200.0
2021-04-16,97.26646423339844,97.37685687438805,97.23249577182742,97.28344522477315,3663600.0
2021-04-19,97.19005584716797,97.23251805356774,96.80792190486221,96.80792190486221,5072800.0
2021-04-20,97.34293365478516,97.37690213214367,97.13912926945869,97.16460400777143,4322200.0
2021-04-21,97.43632507324219,97.43632507324219,97.25799546333532,97.31743866663761,5511300.0
2021-04-22,97.46177673339844,97.48725793920129,97.30892189269,97.43630200641732,4570700.0
2021-04-23,97.44481658935547,97.73353886200735,97.35140491789207,97.49576605421801,3620700.0
2021-04-26,97.3598861694336,97.48726629407768,97.3598861694336,97.43631035692668,3480300.0
2021-04-27,97.12210083007812,97.76748214817407,97.12210083007812,97.76748214817407,3823300.0
2021-04-28,97.1730728149414,97.20704128358456,96.97775573994898,97.19005380985152,7078600.0
2021-04-29,97.12210083007812,97.12210083007812,96.88432160471383,96.9267838003771,6254100.0
2021-04-30,97.22401428222656,97.24948901190801,97.08814689765138,97.15608382935018,6469500.0
2021-05-03,97.2861099243164,97.45620281001476,97.23508335633244,97.29461651518963,5939500.0
2021-05-04,97.40516662597656,97.5497462134097,97.30311350008353,97.42217980604342,6291300.0
2021-05-05,97.48170471191406,97.48170471191406,97.3371186480861,97.3371186480861,3329000.0
2021-05-06,97.49871826171875,97.55825141385073,97.40516523856466,97.4221784183892,4739400.0
2021-05-07,97.47320556640625,97.7793779188184,97.43918569517967,97.6773183051387,7005200.0
2021-05-10,97.32011413574219,97.56675332234816,97.2946008558565,97.47320030368292,5576500.0
2021-05-11,97.10751342773438,97.27760631865245,97.06498696069092,97.15003989477783,6161400.0
2021-05-12,96.76732635498047,96.96293902980838,96.76732635498047,96.93742574366304,7000800.0
2021-05-13,96.98844146728516,97.00544815993702,96.76731553104602,96.86937515283967,6772300.0
2021-05-14,97.20954895019531,97.20954895019531,97.05646279087901,97.14150921524889,3985500.0
2021-05-17,97.12451171875,97.16703818211431,97.08199174401298,97.13301830914833,4926600.0
2021-05-18,97.00543975830078,97.04796621918845,96.97992647721894,97.04796621918845,3674600.0
2021-05-19,96.86936950683594,97.48171422465244,96.77581648113468,97.48171422465244,6892400.0
2021-05-20,97.20104217529297,97.20954876430156,97.02244273786985,97.02244273786985,6243300.0
2021-05-21,97.24356842041016,97.29460146912983,97.15002188978188,97.26058159952561,3873200.0
2021-05-24,97.3371353149414,97.38816837093576,97.2776021568043,97.37966178016543,3867700.0
2021-05-25,97.57526397705078,97.5922706681409,96.97992597086639,97.44769108368078,6351700.0
2021-05-26,97.5412368774414,97.63478989307104,97.0649652100651,97.0649652100651,3969400.0
2021-05-27,97.42220306396484,97.48173623115733,97.33715012057965,97.47322963909309,5072300.0
2021-05-28,97.42220306396484,97.53276280628559,97.37967659227225,97.42220306396484,6768200.0
2021-06-01,97.37703704833984,97.43665711977431,97.23224637458476,97.40258757922598,6209800.0
2021-06-02,97.5047836303711,97.53033415796321,97.3514739667188,97.47922660467938,6103900.0
2021-06-03,97.27484130859375,97.48777109164331,97.27484130859375,97.36001192219332,3464300.0
2021-06-04,97.67513275146484,97.67513275146484,97.28334280097779,97.42813346783385,4535800.0
2021-06-07,97.60700225830078,97.64107180022222,97.07042159376459,97.07042159376459,3728400.0
2021-06-08,97.78587341308594,97.8369809807327,97.76032287831326,97.81142394785861,4395100.0
2021-06-09,97.98177337646484,98.31394333047547,97.92215329492707,98.31394333047547,3643100.0
2021-06-10,98.18617248535156,98.21172301753046,97.82845203864557,98.203210505538,4021900.0
2021-06-11,98.14356994628906,98.2202215268268,98.08394988428213,98.2117025185117,3781900.0
2021-06-14,97.89659118652344,98.10100194218757,97.89659118652344,98.10100194218757,3270800.0
2021-06-15,97.93917083740234,97.96472136897076,97.83696871112868,97.86251924269709,8230400.0
2021-06-16,97.62403869628906,98.05841072802181,97.53034908204852,98.0073096650181,8654200.0
2021-06-17,97.93064880371094,98.16061006356789,97.76882012204494,97.76882012204494,7641700.0
2021-06-18,98.1947021484375,98.27987276430743,97.87105120889123,97.99029137072941,5690400.0
2021-06-21,97.93917083740234,98.04989847166627,97.87955076437584,97.99879091042884,6875500.0
2021-06-22,98.04136657714844,98.066917105359,97.80288631638359,97.80288631638359,6485100.0
2021-06-23,97.99028015136719,98.06693174744348,97.93917258921562,97.99879266330852,5070500.0
2021-06-24,98.02432250976562,98.09246157952155,97.99025947298702,98.03284151800996,8357900.0
2021-06-25,97.82846069335938,98.05842200141443,97.73477106834771,98.041390477822,6496600.0
2021-06-28,98.1095199584961,98.14358950044513,97.98176080071235,97.98176080071235,5739000.0
2021-06-29,98.16064453125,98.16064453125,97.99030327880978,97.99881579276021,5097100.0
2021-06-30,98.22876739501953,98.33096953034956,98.20321686118703,98.25431792885205,6653100.0
2021-07-01,98.1741714477539,98.24240282153944,98.08888548397297,98.20828713464668,4744900.0
2021-07-02,98.38741302490234,98.39594357538112,98.22536510032302,98.2765418962922,4312800.0
2021-07-06,98.70297241210938,98.78825839107877,98.51533935423484,98.51533935423484,7372900.0
2021-07-07,98.87355041503906,98.95030584873331,98.72003304074708,98.7882644308554,7786400.0
2021-07-08,98.98442840576172,99.0867754980193,98.89914241566571,98.9673738105041,6538400.0
2021-07-09,98.66033172607422,98.728563115854,98.66033172607422,98.71150201495733,4750800.0
2021-07-12,98.60061645507812,98.77118839765839,98.59208590587835,98.76266435536114,4266600.0
2021-07-13,98.38741302490234,98.72856346811504,98.33624273583666,98.63474693355896,5145200.0
2021-07-14,98.72001647949219,98.72854702855052,98.56649913095424,98.5835537221685,4977400.0
2021-07-15,98.9332504272461,98.95030502117879,98.69444707076764,98.88208013854455,4480900.0
2021-07-16,98.84797668457031,98.8991469796085,98.72857499154503,98.73709903611523,3869500.0
2021-07-19,99.36820220947266,99.45348817990363,99.23173945126113,99.26585514081401,6688100.0
2021-07-20,99.2743911743164,99.63259617405693,99.20615979144122,99.59848048261934,8474800.0
2021-07-21,98.9502944946289,99.0611721175581,98.86500852023143,99.0014712847896,9686100.0
2021-07-22,99.1805648803711,99.23173515903584,98.95881616132023,98.95881616132023,8176300.0
2021-07-23,99.11231231689453,99.1208428638158,98.95879500681565,98.95879500681565,4441000.0
2021-07-26,99.02703857421875,99.21467158820913,99.00997747827331,99.18908645119254,7127400.0
2021-07-27,99.25733184814453,99.27439294761949,99.16351532174103,99.23174670583502,5423800.0
2021-07-28,99.35115814208984,99.35115814208984,99.0526539409604,99.13793992601116,5463600.0
2021-07-29,99.18909454345703,99.24026482166488,99.12939371658051,99.18056399478836,6629500.0
2021-07-30,99.3255615234375,99.35114666530684,99.23174499864803,99.24027554823876,5552100.0
2021-08-02,99.5365219116211,99.65609503849498,99.34007662247302,99.38278410331942,5753800.0
2021-08-03,99.57069396972656,99.66464522155165,99.52798648571618,99.55360836962353,3715300.0
2021-08-04,99.56212615966797,99.78419329149374,99.33152274618217,99.73294302030592,4654300.0
2021-08-05,99.34007263183594,99.48527415113271,99.31445075085604,99.46818855298183,3283100.0
2021-08-06,98.8959732055664,99.09241202695212,98.88743040403928,99.01554636195291,3812000.0
2021-08-09,98.71658325195312,99.0411379319001,98.71658325195312,98.98135137200865,5298600.0
2021-08-10,98.58848571777344,98.77638823139935,98.58848571777344,98.77638823139935,7332100.0
2021-08-11,98.68242645263672,98.81907866490943,98.51160304198731,98.61409708837697,6674600.0
2021-08-12,98.6909408569336,98.71656273209739,98.56282496486968,98.63969059036106,5017300.0
2021-08-13,99.0496597290039,99.0496597290039,98.76780607088666,98.77634886798732,4599800.0
2021-08-16,99.1009292602539,99.30591083028112,99.1009292602539,99.19488050406775,3693600.0
2021-08-17,99.02407836914062,99.15218779684112,99.01553556854473,99.05824305527662,5469200.0
2021-08-18,99.03257751464844,99.1009068612958,98.90446813499108,99.02404123350138,3981900.0
2021-08-19,99.20340728759766,99.21195008554155,99.0923704630639,99.17778541001158,4581300.0
2021-08-20,99.21198272705078,99.25468369832801,99.14365335350998,99.22906181231212,2897800.0
2021-08-23,99.21198272705078,99.22906181231212,99.10948866673957,99.1521896380168,6585300.0
2021-08-24,99.06672668457031,99.1948425604234,99.04110481264853,99.14359881657981,5875400.0
2021-08-25,98.8788833618164,99.08387149218606,98.8020177001138,99.06678588986459,5452000.0
2021-08-26,98.88741302490234,98.8959558249281,98.7678398895304,98.870333941098,4879200.0
2021-08-27,99.16072082519531,99.16072082519531,98.82762331350546,98.91303176230468,5545600.0
2021-08-30,99.27174377441406,99.27174377441406,99.0752985050575,99.09237758592735,3706000.0
2021-08-31,99.12653350830078,99.3229787603058,99.09236883333271,99.22902753320498,6763900.0
2021-09-01,99.158203125,99.23517953429503,99.05556138697003,99.23517953429503,4154000.0
2021-09-02,99.26087951660156,99.26942810352773,99.14968263017265,99.23521417890643,5427300.0
2021-09-03,99.08977508544922,99.12398899805193,99.02134726024383,99.0812199758894,5274300.0
2021-09-07,98.82460021972656,98.91868682398292,98.76472751934841,98.91013171660464,3579900.0
2021-09-08,98.98711395263672,99.0640903416084,98.89302734902583,98.96144863067794,3417500.0
2021-09-09,99.30359649658203,99.34636551415839,99.01278805909759,99.08120935132953,3332600.0
2021-09-10,99.10686492919922,99.22661033587192,99.0298820102609,99.20950012026998,3957300.0
2021-09-13,99.2352066040039,99.28653074983757,99.18388898380863,99.21810290581827,3954100.0
2021-09-14,99.45756530761719,99.54309682528978,99.27794716281379,99.27794716281379,4183600.0
2021-09-15,99.36347961425781,99.46612135181141,99.29505178922209,99.46612135181141,3448500.0
2021-09-16,99.19241333007812,99.3121587571523,99.14109572579957,99.17530311156104,4265500.0
2021-09-17,99.10686492919922,99.11541351136495,98.99566810469224,99.04699222586285,5742500.0
2021-09-20,99.29503631591797,99.36346413029048,99.2009562282002,99.2351636097509,5464700.0
2021-09-21,99.33781433105469,99.36347313236011,99.26083792713841,99.32925922207417,5225200.0
2021-09-22,99.37203216552734,99.43190487948307,99.22662793529717,99.3121594515716,7139900.0
2021-09-23,98.88448333740234,99.16674317990699,98.85026942991975,99.15818807162744,8265000.0
2021-09-24,98.71345520019531,98.79898673630149,98.6364722497532,98.7904316249995,4461900.0
2021-09-27,98.57657623291016,98.68776655101536,98.52525862849797,98.54236232142324,5630600.0
2021-09-28,98.166015625,98.3627439842485,98.10614291142635,98.27721246851989,7017100.0
2021-09-29,98.23443603515625,98.4140541623234,98.12324572566303,98.33707776166713,6161300.0
2021-09-30,98.21734619140625,98.24300499524269,98.0976007564117,98.16602205809659,5348800.0
2021-10-01,98.51717376708984,98.56857194018185,98.33727362538616,98.36297271193217,7064500.0
2021-10-04,98.4486312866211,98.5428656209611,98.34583494798193,98.4486312866211,4180600.0
2021-10-05,98.21733856201172,98.4058072413861,98.18307093522714,98.36297107393501,7421900.0
2021-10-06,98.26016235351562,98.2858679739874,98.16592801942922,98.24303180908225,4893400.0
2021-10-07,97.98603057861328,98.08883345567624,97.95176295292562,98.05456582998858,4456100.0
2021-10-08,97.77185821533203,97.96032687979739,97.72046004716185,97.9260592557236,4581900.0
2021-10-11,97.61767578125,97.720478673066,97.60911377551035,97.66908049509912,2178400.0
2021-10-12,97.97744750976562,97.9860095124358,97.75471125862298,97.80610941816363,3688400.0
2021-10-13,98.20021057128906,98.2087791127488,98.02031041592744,98.02887895738716,5522700.0
2021-10-14,98.388671875,98.388671875,98.20020319234052,98.2601699062884,4094500.0
2021-10-15,98.14881896972656,98.20021715016411,98.09742078928903,98.18308660197911,4644800.0
2021-10-18,98.08025360107422,98.14022030513972,97.87465440654685,97.94318965001615,5575100.0
2021-10-19,97.7975845336914,97.97748469624308,97.7975845336914,97.97748469624308,5041000.0
2021-10-20,97.72901153564453,97.90891162873268,97.71187445865718,97.80610877444809,6183700.0
2021-10-21,97.52340698242188,97.69474507492602,97.52340698242188,97.66904599502038,5228300.0
2021-10-22,97.71192169189453,97.78045696121372,97.57485768913918,97.63482441582272,3528600.0
2021-10-25,97.80613708496094,97.8918028870546,97.71190274189338,97.71190274189338,8569600.0
2021-10-26,97.98603057861328,97.98603057861328,97.75473227507325,97.87466569703939,5429800.0
2021-10-27,98.31157684326172,98.44864082001375,98.02887381286584,98.22591104080648,8048500.0
2021-10-28,98.23445892333984,98.37152941626782,98.14879313320029,98.26872654657184,5916000.0
2021-10-29,98.208740234375,98.32867362380414,97.96030491744906,97.96030491744906,10047900.0
2021-11-01,98.14871215820312,98.1744516596457,97.93420758463485,97.95137161636997,6197900.0
2021-11-02,98.3460464477539,98.40610745869047,98.18302089828643,98.18302089828643,5317000.0
2021-11-03,98.14871215820312,98.40612026494907,98.0285901206977,98.37179874763895,6421700.0
2021-11-04,98.47477722167969,98.53483825291626,98.2259576252435,98.2516971320361,6618100.0
2021-11-05,98.86083984375,98.94664033871587,98.58627433216431,98.66349281378615,7283100.0
2021-11-08,98.68070220947266,98.8008242668833,98.62921665189585,98.79224224959363,4922800.0
2021-11-09,98.95526885986328,99.10113042447429,98.9209473365146,98.99816585442822,8960500.0
2021-11-10,98.28598022460938,98.79220778334903,98.15727619481085,98.76646828662109,11620300.0
2021-11-11,98.1058120727539,98.30315916768251,98.07149710039793,98.25168016298822,3937100.0
2021-11-12,98.08863830566406,98.320300334497,98.03715930951434,98.24308184027242,4554700.0
2021-11-15,97.72828674316406,98.08007084599053,97.72828674316406,98.07149537613248,6405000.0
2021-11-16,97.69395446777344,97.90845902148871,97.67679043762692,97.74543346589407,7484000.0
2021-11-17,97.92561340332031,97.92561340332031,97.61672633206271,97.63389036166551,7173100.0
2021-11-18,98.01144409179688,98.05434108382876,97.8398364851868,97.85700051892823,4226900.0
2021-11-19,98.20016479492188,98.32028680017525,98.1744253003902,98.23448630301688,5685900.0
2021-11-22,97.72828674316406,98.01143435632501,97.65964370733833,97.93420930448103,6995300.0
2021-11-23,97.34215545654297,97.61672099975613,97.34215545654297,97.56524200607832,6268600.0
2021-11-24,97.56526947021484,97.58243350371166,97.29070384971284,97.35934689137854,8472400.0
2021-11-26,98.2602310180664,98.31171655602348,97.98566548487712,98.0972120286519,3258900.0
2021-11-29,98.31175231933594,98.32890980745731,97.92564010191408,97.9428041361965,8982800.0
2021-11-30,98.47477722167969,98.76650690637264,98.24311511438475,98.56058430587031,13109000.0
2021-12-01,98.49365997314453,98.50225411977712,98.13278447953364,98.18433624850287,12772700.0
2021-12-02,98.4764633178711,98.63112515676343,98.29602559839873,98.52801507903115,7759700.0
2021-12-03,98.87169647216797,99.01776414754264,98.34756511426001,98.38193513589134,7600800.0
2021-12-06,98.52804565429688,98.8459635760687,98.4850880251369,98.79441179891106,9416700.0
2021-12-07,98.37336730957031,98.56239920140888,98.33899727874392,98.39914319383682,6786900.0
2021-12-08,98.11558532714844,98.27024716201835,97.9952935172954,98.27024716201835,8050100.0
2021-12-09,98.1241683959961,98.28742436845157,98.05543490454109,98.19290844286279,8646500.0
2021-12-10,98.14997100830078,98.39055466638294,98.1413768618227,98.27026283734186,6501300.0
2021-12-13,98.49365997314453,98.56240003537894,98.34759225745628,98.39055643520608,8659300.0
2021-12-14,98.30461883544922,98.41631650206804,98.17573287832775,98.34757645088165,7503600.0
2021-12-15,98.2272720336914,98.33896968597628,98.04683433904142,98.14994440258909,7459100.0
2021-12-16,98.36235046386719,98.4655662049736,98.27634062734344,98.27634062734344,7566600.0
2021-12-17,98.48274993896484,98.63757024502216,98.45694764831009,98.52575813147531,7428000.0
2021-12-20,98.33655548095703,98.57738566598243,98.32795252802602,98.54298041638876,7382600.0
2021-12-21,98.2591323852539,98.3279428776879,98.02690517595131,98.11291501042895,12970200.0
2021-12-22,98.34514617919922,98.35374913163227,98.19892879848743,98.33654978889618,6171700.0
2021-12-23,98.22470092773438,98.31931368905123,98.11288882896352,98.30211435159725,5506700.0
2021-12-27,98.2763442993164,98.31074954763739,98.16452560174068,98.18173150696623,5436800.0
2021-12-28,98.23331451416016,98.4397393965994,98.19890927339883,98.42254005728309,5253800.0
2021-12-29,97.94087982177734,98.09570012415618,97.88926867956526,98.0440889819441,5933800.0
2021-12-30,98.15591430664062,98.16451069581794,97.9064812157866,98.04409562604415,5455400.0
2021-12-31,98.12149047851562,98.31931238619094,98.10428457916166,98.18169800199871,7989500.0
2022-01-03,97.45061492919922,97.77745486758892,97.45061492919922,97.76885191701511,9399200.0
2022-01-04,97.4420166015625,97.45061955254445,97.2613940037151,97.38180906894671,7772100.0
2022-01-05,97.14093780517578,97.50218284790517,97.10653257794544,97.48497695322695,8530900.0
2022-01-06,97.03775787353516,97.05495721242374,96.90014347604087,96.97755034423231,8866500.0
2022-01-07,96.75389099121094,96.94311647374337,96.62487302020006,96.92591713993433,9018900.0
2022-01-10,96.66792297363281,96.6937252665603,96.45289511639773,96.53030855730967,8074900.0
2022-01-11,96.84852600097656,96.87432828868617,96.56468771191463,96.61629884946196,6728600.0
2022-01-12,96.84852600097656,97.01194923930824,96.83132666321285,96.95174171394311,6713200.0
2022-01-13,97.02059936523438,97.02059936523438,96.77116619254183,96.84857309330954,8454300.0
2022-01-14,96.47869110107422,96.80553762246355,96.46149176095695,96.78833172021727,9113400.0
2022-01-18,95.8938217163086,96.21206530851528,95.87662237500554,96.16905711206348,7943800.0
2022-01-19,96.10025787353516,96.2378722970622,96.03144738070675,96.07444901712717,8321000.0
2022-01-20,96.1518325805664,96.24644533826981,96.11742734484446,96.19483420362303,7186400.0
2022-01-21,96.53030395507812,96.63351312186747,96.42708822615965,96.4958987121053,8679600.0
2022-01-24,96.41846466064453,96.69369998345275,96.41846466064453,96.65929474783576,12131400.0
2022-01-25,96.3238525390625,96.59049147632234,96.29805025271136,96.48727576879004,9541000.0
2022-01-26,95.78199005126953,96.44427283145517,95.78199005126953,96.38406530598374,10729400.0
2022-01-27,96.10025787353516,96.22926934492621,96.00564508642853,96.00564508642853,6146800.0
2022-01-28,96.16905975341797,96.21206795105101,95.85082271460011,95.86802205637555,10855600.0
2022-01-31,96.1604232788086,96.23783012772522,95.98839712211571,96.0228023534543,12837400.0
2022-02-01,96.12683868408203,96.19574839029505,95.93734027779188,96.17852424953745,10356000.0
2022-02-02,96.23025512695312,96.4455931462771,96.1871848944504,96.2130244053141,7967900.0
2022-02-03,95.84261322021484,95.92875365868052,95.72202449227424,95.83400443364252,10290400.0
2022-02-04,95.23963928222656,95.39468282191136,95.15350544275516,95.39468282191136,6967200.0
2022-02-07,95.32579803466797,95.36025289377929,95.15353031070379,95.23966417268588,6723400.0
2022-02-08,95.03294372558594,95.1621478072593,95.02432836771636,95.12769294737357,7987000.0
2022-02-09,95.09320831298828,95.33438568508114,95.08459295781624,95.18795750510913,9194400.0
2022-02-10,94.21463775634766,94.80035712035449,94.21463775634766,94.72283862897879,10761200.0
2022-02-11,94.83485412597656,94.88653971479161,94.18022476427146,94.52476687946331,13868300.0
2022-02-14,94.2835693359375,94.54197751032066,94.23189032969802,94.45584364272389,8843700.0
2022-02-15,94.12853240966797,94.32664623360002,94.09407754587139,94.19744213726115,5820200.0
2022-02-16,94.24050903320312,94.30080339982042,93.97348549110386,94.26634853724009,8116000.0
2022-02-17,94.43860626220703,94.58503448394814,94.3266328993919,94.38692725961427,10217000.0
2022-02-18,94.63672637939453,94.64533516600676,94.49890693448496,94.60227151816714,7110900.0
2022-02-22,94.5333480834961,94.55918758277038,94.36968915930319,94.47305372799217,7604400.0
2022-02-23,94.11128997802734,94.36108276332364,94.08545047809878,94.33523669180302,11732100.0
2022-02-24,94.2835693359375,94.55058629696534,94.03377651979189,94.46445242936856,12372100.0
2022-02-25,94.3782958984375,94.3869112546062,94.17157335152757,94.27493133918689,10089100.0
2022-02-28,95.05878448486328,95.11907884756263,94.76592145775736,94.77453681574089,16594600.0
2022-03-01,95.59445190429688,95.8963641258551,95.37879937729916,95.40467662754803,14355100.0
2022-03-02,94.44718170166016,95.21490419420309,94.42130445063852,95.14590038520971,9028800.0
2022-03-03,94.76634216308594,94.88710704555761,94.58519483937843,94.7059597218501,15802600.0
2022-03-04,95.14592742919922,95.3615800239334,95.08554496592144,95.2321871508539,7838500.0
2022-03-07,94.59382629394531,95.00787545459069,94.57657040655597,94.77497362437676,12740600.0
2022-03-08,94.25743865966797,94.30919976060899,94.12805236030363,94.24018934681781,9933700.0
2022-03-09,94.05900573730469,94.20564787426271,93.96411810016885,94.11076023712687,11192300.0
2022-03-10,93.53279876708984,93.7484512583373,93.37752871014402,93.73120195476187,16234900.0
2022-03-11,93.51556396484375,93.63632885217383,93.45517493998595,93.54144121481552,11997800.0
2022-03-14,92.6098403930664,93.00664033300477,92.6098403930664,92.98076307753834,10961600.0
2022-03-15,92.81684112548828,93.09287608139813,92.67019899479702,93.02386569712255,14001200.0
2022-03-16,92.88587951660156,92.92901266507738,92.2993042357806,92.84274636812576,16805400.0
2022-03-17,93.0411148071289,93.21363417405992,92.92897787674295,93.03248686442475,8035400.0
2022-03-18,93.24815368652344,93.282658881448,93.09288359995936,93.10151154398876,7864100.0
2022-03-21,92.33380126953125,92.85999404465036,92.28204676089457,92.79961159084296,8024800.0
2022-03-22,92.08363342285156,92.19577037301285,91.96286852846458,92.07500547862587,16120500.0
2022-03-23,92.46318817138672,92.48043747942415,92.04913238536032,92.26478493239223,9060700.0
2022-03-24,92.25615692138672,92.33379526048293,91.9973778138507,92.05776026372845,7480500.0
2022-03-25,91.52291870117188,91.99735682855513,91.41940971424604,91.92834644980994,10538700.0
2022-03-28,91.74722290039062,91.8938650573047,91.57470349004392,91.65233525034184,8540500.0
2022-03-29,92.17852020263672,92.20439745387831,91.83347482996486,91.96286766736594,11396500.0
2022-03-30,92.42865753173828,92.42865753173828,91.94559148414643,91.95421942638691,11544400.0
2022-03-31,92.38556671142578,92.62709655523898,92.35106150785323,92.44594917237907,13799100.0
2022-04-01,92.22142791748047,92.39420547388359,91.78947743543138,91.87586621363295,11581600.0
2022-04-04,92.29916381835938,92.32508638038053,92.05727263448541,92.29916381835938,9956400.0
2022-04-05,91.36615753173828,92.11774706769921,91.34887582341703,92.07455597897717,11028300.0
2022-04-06,91.13288879394531,91.409336771887,90.81324973288005,90.89099763712629,13116000.0
2022-04-07,90.93416595458984,91.15014107360253,90.82185467443921,91.03782979345188,7922500.0
2022-04-08,90.4763412475586,90.71823243721343,90.38131162433125,90.55408916235882,6503200.0
2022-04-11,90.08757781982422,90.28627791149212,89.99254820090134,90.2258051168176,8381800.0
2022-04-12,90.37268829345703,90.64049550664,90.34677231683183,90.53683160013917,8498700.0
2022-04-13,90.55408477783203,90.7873351019796,90.48497112955117,90.51088709989642,6801000.0
2022-04-14,89.81977844238281,90.48497924135935,89.78522161514442,90.4763449778304,8510100.0
2022-04-18,89.5433120727539,89.86295112491005,89.50875525259441,89.81976004299032,8633000.0
2022-04-19,88.99909210205078,89.35329473139737,88.95590099989023,89.20643312017481,7847500.0
2022-04-20,89.5087661743164,89.62107091025837,89.24095902420233,89.29279096524625,8460900.0
2022-04-21,89.01634979248047,89.3878274442303,88.80037456683617,89.36191147171951,11395800.0
2022-04-22,88.92994689941406,89.13728123761894,88.69669000177377,88.74852852960483,9159000.0
2022-04-25,89.52604675292969,89.78521965604202,89.38782603803297,89.38782603803297,8777500.0
2022-04-26,89.80247497558594,89.95797736496257,89.67289514363813,89.95797736496257,8535100.0
2022-04-27,89.43965911865234,89.85433445069276,89.43965911865234,89.76794567890458,11185400.0
2022-04-28,89.40511322021484,89.4223949313094,89.12866516207637,89.2668924866664,10372200.0
2022-04-29,88.86944580078125,89.21500072403552,88.82624813985562,88.91263687066919,9924100.0
2022-05-02,88.38568878173828,88.58473906736832,88.27318611756439,88.55012133931716,12729000.0
2022-05-03,88.58475494384766,88.95688733377189,88.524175559565,88.88765186526095,12165300.0
2022-05-04,89.15594482421875,89.18191308091491,88.37706879246055,88.55015088781599,14656400.0
2022-05-05,88.273193359375,88.72321065564586,87.91836656973351,88.68859952741175,17474400.0
2022-05-06,87.90107727050781,88.22993587083894,87.83184179591444,87.97896883008993,8314100.0
2022-05-09,88.33377838134766,88.35974003051042,87.82318167405992,87.87510497238546,8640900.0
2022-05-10,88.60206604003906,88.89631349824818,88.55014273674374,88.7232248161669,18465000.0
2022-05-11,88.93093872070312,88.95690037453619,88.23859713941421,88.3337942719079,16462000.0
2022-05-12,89.09532928466797,89.25976183040657,89.02610043620712,89.08667980527038,9015300.0
2022-05-13,88.71459197998047,88.94825349131054,88.6886303234615,88.92229183479158,6715600.0
2022-05-16,88.91358184814453,89.11263209855606,88.87031464772835,88.88762020736375,7239200.0
2022-05-17,88.42899322509766,88.64534914837274,88.3943754850546,88.50687818820047,6559000.0
2022-05-18,88.78377532958984,88.82704913670099,88.34241418980469,88.368375833009,6093800.0
2022-05-19,89.0087890625,89.32899807476704,88.92224804916341,89.31168591050609,10504300.0
2022-05-20,89.27709197998047,89.32035919365298,89.03476785225355,89.09534723352094,6731400.0
2022-05-23,88.98285675048828,89.31171535063251,88.9049717936087,89.14728935188953,8007200.0
2022-05-24,89.66654968261719,89.77905238615487,89.25114340331243,89.25979948901805,10332300.0
2022-05-25,90.03865814208984,90.06461978962948,89.8049901089191,89.94346103267318,7718100.0
2022-05-26,89.96943664550781,90.16848697863716,89.83097230291798,90.06463376970123,5720000.0
2022-05-27,90.11654663085938,90.2723231248841,90.02134951769663,90.08192889855862,5496300.0
2022-05-31,89.54534912109375,89.69246949616443,89.38957266435544,89.59727240578793,10491700.0
2022-06-01,89.17778015136719,89.75865657619204,89.08241159033044,89.63727961024502,8056700.0
2022-06-02,89.29047393798828,89.37717081470012,89.06506338144703,89.35116241314134,7456800.0
2022-06-03,89.14309692382812,89.22112875035062,88.98703988533144,89.01304828932284,6561100.0
2022-06-06,88.59690856933594,89.09975319236737,88.57090016300401,89.01305629974463,5144500.0
2022-06-07,88.93502044677734,89.09107748065807,88.77896341289662,88.79630014352864,5620200.0
2022-06-08,88.57090759277344,88.91769519235464,88.57090759277344,88.79631820959133,4150800.0
2022-06-09,88.47552490234375,88.62291027010554,88.40616474767407,88.49286163373696,5423500.0
2022-06-10,87.79058837890625,88.18939925612983,87.591179633021,88.1460475156405,7830000.0
2022-06-13,86.35140228271484,87.00163875564876,85.94391970134866,86.78489326467079,9479000.0
2022-06-14,85.83988952636719,86.64618304958047,85.70984090367838,86.55947955808946,10943400.0
2022-06-15,86.79357147216797,86.83692321944706,85.98727792043199,86.42944060739636,10979000.0
2022-06-16,87.00165557861328,87.01032725200248,85.95260799317784,86.03930488342357,9329900.0
2022-06-17,86.99297332763672,87.1923821040494,86.68086588361138,87.06233347721921,9892200.0
2022-06-21,86.64618682861328,86.92362081566061,86.51613820025247,86.7155403644641,9022500.0
2022-06-22,87.38311767578125,87.50449462814818,87.27907745323196,87.27907745323196,9437000.0
2022-06-23,87.74726867675781,88.224111538058,87.67790851246882,87.78194875890232,7773900.0
2022-06-24,87.60853576660156,87.97266662750917,87.56518401978252,87.66055257114611,7389600.0
2022-06-27,87.2184066772461,87.52184911974436,87.11437304813192,87.27909516574574,8319700.0
2022-06-28,87.25309753417969,87.2704408842067,87.04502363570516,87.15772895268096,6540000.0
2022-06-29,87.75590515136719,87.77324187821088,87.28773415202743,87.3917743567296,7326500.0
2022-06-30,88.15472412109375,88.39747800650953,88.06802724980916,88.08536397824716,7521300.0
2022-07-01,88.88955688476562,89.28041782802944,88.67241412517609,88.77664503538067,7393100.0
2022-07-05,89.05455017089844,89.20220559512106,88.89820718446616,89.06323773310811,6813100.0
2022-07-06,88.45523834228516,89.2890720592815,88.45523834228516,89.27169693406522,6647700.0
2022-07-07,88.25548553466797,88.57685913817753,88.17731071147061,88.54211550860867,8226500.0
2022-07-08,87.92544555664062,88.11652561091279,87.86464585149247,88.02966983593983,5270100.0
2022-07-11,88.33363342285156,88.52472002821361,88.24677768223287,88.30757736333278,5758400.0
2022-07-12,88.45523834228516,88.75924339355214,88.43786984373754,88.61158133588839,6690500.0
2022-07-13,88.77662658691406,88.80268265238277,87.89068722762913,87.925430857144,6534700.0
2022-07-14,88.46390533447266,88.57682374211569,88.01225158390183,88.16859454115078,6233300.0
2022-07-15,88.81137084960938,88.8982266106809,88.50737237252413,88.5421160022867,8640400.0
2022-07-18,88.52474975585938,88.62029309062495,88.35103821628765,88.59423702235625,6006400.0
2022-07-19,88.40316772460938,88.58556686500341,88.29894343105379,88.55082322492764,5936200.0
2022-07-20,88.34232330322266,88.74186502188809,88.30757968072977,88.73318408626618,6124000.0
2022-07-21,89.08061981201172,89.09799493908005,88.55947865334083,88.55947865334083,5920000.0
2022-07-22,89.7754898071289,89.98394497010631,89.56703464415152,89.68863404144417,7323100.0
2022-07-25,89.44541931152344,89.540955998087,89.3498759982909,89.37593206068723,3729500.0
2022-07-26,89.42807006835938,89.90578677278607,89.42807006835938,89.84498706737457,6312200.0
2022-07-27,89.74073028564453,90.01867266262411,89.61913090988278,89.62781847291404,5431400.0
2022-07-28,90.38346862792969,90.51375556360622,90.1923820058266,90.40952468973123,6473800.0
2022-07-29,90.39215087890625,90.67878079521722,90.18369577007482,90.27923907551181,7674600.0
2022-08-01,90.7054443359375,90.77505874035266,90.42696679999233,90.49658120440749,7733700.0
2022-08-02,89.7742691040039,90.80985373655028,89.75686052630532,90.74023270461002,6869400.0
2022-08-03,90.17462158203125,90.19202352831216,89.39140121078823,89.66117453443802,6261700.0
2022-08-04,90.39216613769531,90.4095680808402,90.13109051451978,90.218113509102,5199700.0
2022-08-05,89.3826904296875,89.48712201808263,89.21734207458594,89.46971343363529,4847100.0
2022-08-08,89.79171752929688,89.88744483791797,89.6698839800392,89.72209646131236,3425000.0
2022-08-09,89.59154510498047,89.67857474654907,89.4958178107986,89.56543886828169,3854000.0
2022-08-10,89.81783294677734,90.2268484636881,89.73080992262064,90.00928758358077,7156200.0
2022-08-11,89.33917999267578,90.18331041303777,89.30436946408929,89.96574958894429,8518200.0
2022-08-12,89.73950958251953,89.73950958251953,89.39141086443816,89.60897173331016,3643400.0
2022-08-15,89.85260009765625,90.02664606192896,89.84389580761423,89.95703165987663,3782900.0
2022-08-16,89.72203826904297,89.74814449274746,89.4522651048616,89.74814449274746,4976100.0
2022-08-17,89.19123840332031,89.40879923916371,89.06070057392832,89.32177623271232,7222300.0
2022-08-18,89.3826904296875,89.57414502203044,89.32177366298107,89.37398613746383,4260600.0
2022-08-19,88.75614929199219,88.87798287360499,88.6343157103794,88.87798287360499,4575500.0
2022-08-22,88.37317657470703,88.66905599863819,88.34706370839518,88.60813925609783,7133200.0
2022-08-23,88.33838653564453,88.73869759933315,88.24265925525937,88.36449276858076,7369600.0
2022-08-24,88.10342407226562,88.24266617808735,88.02510536731269,88.1991513601608,6318900.0
2022-08-25,88.59076690673828,88.65168366962445,88.10342616421974,88.1817515104615,8217300.0
2022-08-26,88.42542266845703,88.63427920241897,88.26007431604619,88.47763514209014,5584800.0
2022-08-29,87.99903106689453,88.13826658381534,87.94681193854672,88.12956228918546,7509000.0
2022-08-30,88.11210632324219,88.28615227255418,87.83362882068657,88.120810612536,6573600.0
2022-08-31,87.6422119140625,88.09474219961054,87.58129514171144,87.92939382918757,6116500.0
2022-09-01,87.26200103759766,87.33176340279995,86.90448055852022,87.26200103759766,8961600.0
2022-09-02,87.51490783691406,87.7852287576495,87.31434264697974,87.52362979810435,5966800.0
2022-09-06,86.69519805908203,87.1748060291427,86.6864827526487,87.16608406980369,5341300.0
2022-09-07,87.29686737060547,87.31430463248724,86.95678421422562,86.9655061716186,3607100.0
2022-09-08,87.017822265625,87.3579054128419,87.017822265625,87.20094344851842,5546200.0
2022-09-09,87.0091323852539,87.31433446925872,86.96553588919977,87.1922536356568,7496100.0
2022-09-12,86.87828826904297,87.27941176764811,86.77365140595668,87.2009341203334,8535500.0
2022-09-13,86.39000701904297,86.49465058572775,86.24176695591943,86.25048891636979,4957400.0
2022-09-14,86.50337219238281,86.63417499703712,86.30281365776563,86.32897288811509,7557300.0
2022-09-15,86.24173736572266,86.42485855491086,86.18941227388015,86.36381815851479,6016600.0
2022-09-16,86.18072509765625,86.33768711860577,85.988881888395,86.03248503701124,6965400.0
2022-09-19,86.04991149902344,86.18942958184397,85.87551223227139,85.91910872250662,5982200.0
2022-09-20,85.66622161865234,85.80574634866166,85.52670354154833,85.64006239500192,11271700.0
2022-09-21,85.93656158447266,85.98015807924503,85.33487274161993,85.80575879434299,7094400.0
2022-09-22,85.02095031738281,85.38719281436016,84.93375067327959,85.36975554670207,7092400.0
2022-09-23,84.75931549072266,84.97731785222442,84.48899469138979,84.93372137166652,11059300.0
2022-09-26,83.6693115234375,84.5064465246035,83.5995558174276,84.4715653451462,9009900.0
2022-09-27,83.3117904663086,83.78267640617588,83.17226574950139,83.6867548265971,11440200.0
2022-09-28,84.6546859741211,84.69828245846884,83.94835373747891,84.12275963358394,10539800.0
2022-09-29,84.20997619628906,84.41054135393276,83.965814545527,84.13149851693241,8666100.0
2022-09-30,84.0094223022461,84.66342966286194,83.87862615244845,84.4628711312343,14376300.0
2022-10-03,84.69194793701172,85.19008417325087,84.45598480707767,84.67446572941955,9617900.0
2022-10-04,84.91915130615234,85.25124652842996,84.84050138561776,84.95410904889249,6964200.0
2022-10-05,84.47350311279297,84.76189298621556,84.1326665941818,84.4997197678758,9512800.0
2022-10-06,84.14136505126953,84.51715247450049,84.08019066458114,84.41227923981694,5625100.0
2022-10-07,83.69564819335938,83.90539462777974,83.61699828108198,83.73060593242944,6149600.0
2022-10-10,83.31988525390625,83.67819718376583,83.15384427904036,83.66072164286219,4074700.0
2022-10-11,83.37232971191406,83.74811720296158,83.25871535362643,83.57332844694571,8892800.0
2022-10-12,83.4422378540039,83.55584553476109,83.22375692888791,83.24123246919336,5651200.0
2022-10-13,83.18006896972656,83.40729102850555,82.30614515481768,82.34984401256696,6254400.0
2022-10-14,82.72563171386719,83.57333221561063,82.68193285601534,83.57333221561063,8580700.0
2022-10-17,82.90040588378906,83.3723254999265,82.87418923858847,83.2412356064146,5460600.0
2022-10-18,83.0402603149414,83.18009136337658,82.70817157617493,83.11891694656404,6389100.0
2022-10-19,82.32360076904297,82.63821379965142,82.27990858937999,82.50713059315453,6316100.0
2022-10-20,81.82547760009766,82.376053825012,81.7643032048304,82.20126507602767,9012900.0
2022-10-21,81.94781494140625,82.03521263744227,81.44967874453813,81.5108531312585,8371100.0
2022-10-24,81.83421325683594,82.17504296028054,81.66816562323164,81.94782093548129,6090400.0
2022-10-25,82.6382064819336,82.76929634433027,82.46342444374294,82.4896410827208,11710400.0
2022-10-26,83.00527954101562,83.17132051727364,82.81301525191887,82.83049079296904,7884100.0
2022-10-27,83.42477416992188,83.56460519344853,83.01402887270007,83.20629319629411,6913500.0
2022-10-28,83.21499633789062,83.42473610998317,83.00525656579806,83.03147320387124,6229200.0
2022-10-31,82.93533325195312,83.07515753097147,82.67315356097227,83.03146536081233,10946400.0
2022-11-01,83.08952331542969,83.51872096105723,82.9055814673036,83.43113055948089,8096800.0
2022-11-02,82.9493637084961,83.6588612492503,82.80045937481032,83.19462616027788,8584100.0
2022-11-03,82.6427993774414,82.78294935901229,82.27491569989624,82.30995319528895,9314800.0
2022-11-04,82.6340560913086,82.89683402186658,82.48515171592858,82.71289214356413,6918300.0
2022-11-07,82.37128448486328,82.73916823986656,82.36252343849073,82.69537637344446,7597200.0
2022-11-08,82.72164916992188,82.87055353806554,82.52894625457358,82.54646166382341,5834900.0
2022-11-09,82.81797790527344,82.94936014540059,82.5552000595827,82.67782793884686,6694200.0
2022-11-10,84.59607696533203,84.59607696533203,83.90410163932677,84.07052803042293,8494800.0
2022-11-11,84.53478240966797,84.62237280510898,84.28952662934562,84.28952662934562,4953100.0
2022-11-14,84.29827117919922,84.48221299303133,84.2457182845952,84.46469758906933,7457600.0
2022-11-15,84.9201889038086,84.9201889038086,84.62238019675222,84.78880664053042,7962000.0
2022-11-16,85.44573974609375,85.51580805488328,85.08661042665175,85.18296186929624,11075000.0
2022-11-17,85.08658599853516,85.11286244212721,84.83256923928344,84.99023458355289,6889000.0
2022-11-18,84.96395874023438,85.25301298722336,84.88512940890126,85.15666157156036,4714900.0
2022-11-21,84.91143798828125,85.2617996148714,84.88516153455896,85.20048566194616,6829100.0
2022-11-22,85.34935760498047,85.40191048835014,85.12161730585089,85.12161730585089,8039000.0
2022-11-23,85.857421875,85.857421875,85.47202275756008,85.47202275756008,5885600.0
2022-11-25,85.87493896484375,85.87493896484375,85.67347503120507,85.67347503120507,2718600.0
2022-11-28,85.73475646972656,86.00629529320767,85.69971898660911,85.96249676863171,7920700.0
2022-11-29,85.42822265625,85.65596305062097,85.39318515844528,85.43698370138102,6643300.0
2022-11-30,86.09391784667969,86.12019429816233,85.21800048942306,85.38442692577193,8963500.0
2022-12-01,86.81031036376953,86.81909159935394,86.18697659968073,86.3011125679174,12471300.0
2022-12-02,87.1702651977539,87.17904643312217,86.30111044365717,86.4679137269339,6368000.0
2022-12-05,86.4854736328125,87.17026261258754,86.3011078842669,86.75763163807697,8072500.0
2022-12-06,86.74007415771484,86.84542218445483,86.55570171468045,86.66105643954015,7660100.0
2022-12-07,87.51266479492188,87.55656427620005,87.06491553874221,87.17027027493755,6752900.0
2022-12-08,87.24927520751953,87.44242219465589,87.12636470627275,87.25805644278572,6307200.0
2022-12-09,86.73127746582031,87.1000088899356,86.71371499908044,87.02099788396168,8994400.0
2022-12-12,86.74885559082031,87.1263683455958,86.59082684002779,87.08247556367134,10384200.0
2022-12-13,87.32830047607422,87.9516342714463,87.26684522013952,87.9516342714463,9120600.0
2022-12-14,87.52144622802734,87.60923849266109,87.06491573493919,87.3721920102175,10624000.0
2022-12-15,87.64990234375,87.72909288866592,87.43872084396872,87.61470430822999,9423900.0
2022-12-16,87.4211196899414,87.57070630798559,87.06035156916784,87.07794723050407,7546100.0
2022-12-19,86.88436889648438,87.05155790364994,86.76998030456765,87.02516105269527,10351000.0
2022-12-20,86.29479217529297,86.46198113465846,86.21560164506991,86.32118901870066,10282200.0
2022-12-21,86.53239440917969,86.70838460279569,86.40041015564199,86.66438537605683,8489300.0
2022-12-22,86.5059814453125,86.64677357398045,86.42679090794043,86.51478263168879,8267800.0
2022-12-23,86.20681762695312,86.33000739627974,86.1452227422898,86.27721369895089,4823400.0
2022-12-27,85.5820541381836,85.89882969903266,85.53805492176761,85.7580375771718,7925700.0
2022-12-28,85.43246459960938,85.79323939279163,85.42367012660846,85.76684254711257,12131200.0
2022-12-29,85.74925231933594,85.76685469450716,85.51167396123735,85.53807081065507,7763300.0
2022-12-30,85.34446716308594,85.67004390245525,85.32687150492384,85.57325099921944,8469000.0
2023-01-03,85.84606170654297,86.20683662001312,85.67887939038839,86.20683662001312,19930800.0
2023-01-04,86.32121276855469,86.45320373524585,86.13642810052283,86.38280765789864,10080100.0
2023-01-05,86.25081634521484,86.28601438374724,85.85485016006919,85.91644504916606,9682000.0
2023-01-06,87.19232940673828,87.24512981354572,86.2684062043387,86.3475967445422,8503000.0
2023-01-09,87.41233825683594,87.55313043269896,87.11316495313767,87.16595866241607,7849600.0
2023-01-10,87.07795715332031,87.24514616509138,86.88437128986742,87.13075085668393,7291300.0
2023-01-11,87.61469268798828,87.61469268798828,87.34191634055972,87.35951199931661,6102900.0
2023-01-12,88.2482681274414,88.4594496573906,87.54432074315771,87.85229520627941,8342700.0
2023-01-13,87.92267608642578,88.22185602269006,87.84348554388852,88.01066781591341,6719000.0
2023-01-17,87.7642593383789,87.9578451073993,87.68506882196316,87.7642593383789,8174700.0
2023-01-18,88.63542175292969,88.76740598634768,88.31864616604963,88.66181859961328,7779300.0
2023-01-19,88.43306732177734,88.63545440981657,88.28348065989753,88.63545440981657,8633700.0
2023-01-20,88.07225799560547,88.22185131241996,87.89627454602618,88.14265406077249,6095800.0
2023-01-23,87.85227966308594,88.04586549518093,87.79948596827407,87.81708834210376,6573200.0
2023-01-24,88.23945617675781,88.27465421301301,87.71149905960775,87.85228449128957,6538600.0
2023-01-25,88.34506225585938,88.40665714931706,88.08108030484655,88.22187246894403,5431000.0
2023-01-26,88.19546508789062,88.39784540794608,88.05467294060067,88.2834568232773,5399100.0
2023-01-27,88.0634765625,88.11627026252359,87.91388993687367,87.95788244911357,5123100.0
2023-01-30,87.82585906982422,88.0722385301164,87.81706459862578,87.90505630396773,6822000.0
2023-01-31,88.1866683959961,88.29225579850718,87.84349591115618,88.13387469474054,12083600.0
2023-02-01,88.80851745605469,88.89672480813697,88.08520640131671,88.37629671999885,11593300.0
2023-02-02,88.90555572509766,89.22310760558136,88.86144868011206,89.12607749044523,9197800.0
2023-02-03,88.04991912841797,88.32336392953633,87.78529035135612,88.1645880092571,9083000.0
2023-02-06,87.56477355957031,87.69708795557462,87.52949600177291,87.60005784715744,9198900.0
2023-02-07,87.41482543945312,87.82940743033805,87.37954114982567,87.45893248393497,6224800.0
2023-02-08,87.538330078125,87.70592879627796,87.28252398770933,87.45012270586228,4900600.0
2023-02-09,87.1943130493164,87.82059411549614,87.17667426750171,87.80295533368144,5594800.0
2023-02-10,86.81501770019531,87.17667667037807,86.79737891789443,87.16785391433213,5068200.0
2023-02-13,87.07965087890625,87.07965087890625,86.8503063188297,86.87676785849403,6832700.0
2023-02-14,86.7708740234375,87.11488730963798,86.54152958937462,87.03549600447528,9559500.0
2023-02-15,86.60331726074219,86.7620932180422,86.47100284136037,86.65624033657855,6486500.0
2023-02-16,86.24164581298828,86.47099032473322,86.17108396535056,86.33867592450383,5235600.0
2023-02-17,86.44453430175781,86.45335705694623,86.0299522951768,86.0299522951768,5956300.0
2023-02-21,85.63304138183594,85.9682321514401,85.63304138183594,85.88002476257505,8369600.0
2023-02-22,85.86236572265625,86.08288752498046,85.82708815650074,85.91529553147217,5862300.0
2023-02-23,86.17108917236328,86.19755070805014,85.88882157538615,85.91528311107301,8527200.0
2023-02-24,85.67713928222656,85.79181494131296,85.53600881000233,85.75653064080886,4866800.0
2023-02-27,85.84471130371094,85.99466448682881,85.75650394480571,85.9241026375787,5040000.0
2023-02-28,85.83588409423828,85.88881389066658,85.50069345587788,85.55361652251644,8575000.0
2023-03-01,85.34424591064453,85.80404050292584,85.32656461679247,85.6183565604313,9125300.0
2023-03-02,85.16742706298828,85.19395238333546,84.98174307454575,85.01711241701274,9247400.0
2023-03-03,85.83946228027344,85.83946228027344,85.40619273706946,85.63609017366598,7267000.0
2023-03-06,85.62723541259766,86.02513555059022,85.60071008593427,86.00744750213869,4188500.0
2023-03-07,85.51229095458984,85.79523901857739,85.38850159822117,85.75103238902513,6013200.0
2023-03-08,85.42388916015625,85.83947069342227,85.30894380359953,85.68031195187392,8044000.0
2023-03-09,85.73332977294922,85.90133247633781,85.50343240189315,85.55648979276013,7054400.0
2023-03-10,86.73248291015625,86.93585494572861,86.44069763617838,86.46722295690252,7515700.0
2023-03-13,87.42218017578125,88.11186553965607,87.20112682858995,87.5813388555995,10343900.0
2023-03-14,86.90933990478516,87.37797194904182,86.73249316901922,87.33375857859704,8159800.0
2023-03-15,87.77584838867188,88.15606036480301,87.36911109378933,87.91732575002852,11133700.0
2023-03-16,87.43101501464844,88.17375774842753,87.25417504023144,88.00575505052257,15217800.0
2023-03-17,87.97923278808594,88.24449950494761,87.72281009405641,87.7935487846879,8277500.0
2023-03-20,87.62554168701172,88.1826004152853,87.55480299992738,88.1826004152853,6346400.0
2023-03-21,87.36026763916016,87.56363289921131,87.2718409215608,87.43099956882368,5499100.0
2023-03-22,88.20027923583984,88.26217389879643,87.2188019046623,87.36027927485583,7585400.0
2023-03-23,88.41249084472656,88.4655482329353,87.9880722151315,88.13838686536256,9949700.0
2023-03-24,88.56282806396484,88.85461339418832,88.37713729107668,88.66892936731386,6217700.0
2023-03-27,87.60787200927734,87.99692134782295,87.59902798571554,87.88197602557297,6823400.0
2023-03-28,87.47523498535156,87.58134302562013,87.37797096827532,87.51944835530009,6356200.0
2023-03-29,87.58135223388672,87.63440288659217,87.2895601519791,87.30724145420965,5111300.0
2023-03-30,87.6786117553711,87.74050642901796,87.49292098841705,87.5636596857316,4251900.0
2023-03-31,88.10301971435547,88.14723308129427,87.67860107419865,87.88196637168677,8521600.0
2023-04-03,88.48597717285156,88.52143620019145,87.94523884137476,88.00729044844007,7567100.0
2023-04-04,88.81397247314453,88.91148311234734,88.20231605689385,88.24664153402905,8925200.0
2023-04-05,89.11537170410156,89.51428074311075,89.00900137086086,89.08877912079139,9883500.0
2023-04-06,89.03559112548828,89.25720499685748,89.03559112548828,89.14196145534957,6105200.0
2023-04-10,88.42394256591797,88.56577870254651,88.29097287860854,88.54804580390832,4478000.0
2023-04-11,88.47708892822266,88.53914052000108,88.28206770745727,88.47708892822266,4543800.0
2023-04-12,88.58348083496094,88.82282079676956,88.29981540168677,88.7962282191372,7226000.0
2023-04-13,88.54801940917969,88.8848699885839,88.47710136200494,88.78736612761516,3964800.0
2023-04-14,88.1136474609375,88.28206934854329,88.04272942241063,88.25547677487482,4794100.0
2023-04-17,87.67042541503906,87.91863180248008,87.65269252272653,87.87430633481554,4441300.0
2023-04-18,87.79451751708984,87.9008945681753,87.67928078408424,87.67928078408424,4753000.0
2023-04-19,87.66159057617188,87.69704961046526,87.5020283034113,87.66159057617188,3592900.0
2023-04-20,88.06046295166016,88.07819584434046,87.92750007214272,87.94522620170605,5092400.0
2023-04-21,87.9097900390625,88.25550714194023,87.85660487342554,88.21118842494899,5367300.0
2023-04-24,88.2554702758789,88.28206284758915,88.07818195573338,88.13136709915386,3256900.0
2023-04-25,88.80511474609375,88.86716636230577,88.61009344853629,88.6189598974577,5065400.0
2023-04-26,88.47708892822266,88.84053879657931,88.39731120870024,88.78735365023103,3723600.0
2023-04-27,88.15798950195312,88.31755174932347,88.10480434053575,88.29982561655707,4018300.0
2023-04-28,88.6100845336914,88.6366771146613,88.39733712281406,88.6366771146613,5469900.0
2023-05-01,87.7027587890625,88.34260164877514,87.62277504159472,88.28927689046081,10631600.0
2023-05-02,88.5558853149414,88.57365571537248,87.91604241929785,87.94270140994836,6085800.0
2023-05-03,88.9468765258789,88.98242409930793,88.59141435160133,88.76914543874013,5637200.0
2023-05-04,88.84024810791016,89.24014647783595,88.64473982749952,88.66251022571551,5262200.0
2023-05-05,88.5558853149414,88.61809188646188,88.37814741059164,88.54699672472196,4003000.0
2023-05-08,88.06709289550781,88.28926013630375,88.04932249944683,88.16484702385851,5481300.0
2023-05-09,87.98709869384766,88.14705934706159,87.98709869384766,88.07596421674322,5712200.0
2023-05-10,88.5558853149414,88.58254430559192,88.32482942929062,88.36037701016056,4803000.0
2023-05-11,88.82243347167969,89.03571884036701,88.76022693414691,88.96462371747124,7703800.0
2023-05-12,88.32482147216797,88.82247399949854,88.32482147216797,88.76915602300089,4285900.0
2023-05-15,88.1026382446289,88.1737333870912,88.06709067339776,88.16484479928192,8532600.0
2023-05-16,87.89826202392578,87.93380282074658,87.74718312740576,87.88048484550835,6728500.0
2023-05-17,87.76493835449219,88.00487596305922,87.6938432186185,87.96932839512237,6318700.0
2023-05-18,87.3561782836914,87.54279798758853,87.3295125145569,87.52502080816552,4811300.0
2023-05-19,87.16064453125,87.48056586734393,87.08954939433903,87.20507390681529,10285900.0
2023-05-22,87.08067321777344,87.38282420270424,87.06290282101581,87.21397492347802,8551100.0
2023-05-23,87.17842864990234,87.27618278354292,86.92071382303233,87.01846795667291,7641200.0
2023-05-24,86.95625305175781,87.2584040121962,86.92959406877917,87.2406268368732,7719200.0
2023-05-25,86.63636016845703,86.91185223645536,86.5919307755598,86.85852747296738,5941300.0
2023-05-26,86.70743560791016,86.72520600502482,86.41417320546921,86.52081592817679,3889800.0
2023-05-30,87.2850570678711,87.30282746198151,86.95624714678269,87.0006833020668,7349900.0
2023-05-31,87.59611511230469,87.72941683664871,87.27619368588196,87.28508227550687,10559900.0
2023-06-01,87.86163330078125,88.03092571260319,87.74580558615574,87.85272138494851,9029800.0
2023-06-02,87.39830017089844,87.8348956319628,87.38939505374971,87.79925476996982,6877200.0
2023-06-05,87.389404296875,87.60324269365101,87.11318928666424,87.1844710181896,7246200.0
2023-06-06,87.49630737304688,87.50521928764162,87.22009920080112,87.42503244968606,3816000.0
2023-06-07,87.0329818725586,87.51412324996875,86.952788244091,87.45175344907105,5131500.0
2023-06-08,87.49630737304688,87.50521928764162,87.11317661906126,87.13991236284554,5041900.0
2023-06-09,87.29136657714844,87.36264828659444,87.13098612979392,87.23790869396292,7140700.0
2023-06-12,87.44285583496094,87.46067966544558,87.07754888362045,87.39830305654888,5436300.0
2023-06-13,87.0329818725586,87.7457854237881,86.96170015787595,87.7457854237881,9568100.0
2023-06-14,87.11316680908203,87.30918812129788,86.82804675434943,87.21117746518996,8360100.0
2023-06-15,87.71907043457031,87.72798235046359,87.43395030618592,87.57651376927815,7472000.0
2023-06-16,87.44285583496094,87.5675954571552,87.23792936898445,87.39830305654888,5653700.0
2023-06-20,87.60324096679688,87.77253337638247,87.46958942227141,87.56760010173676,6694200.0
2023-06-21,87.74578857421875,87.79033454914594,87.30028803815465,87.39829190211394,5579900.0
2023-06-22,87.29136657714844,87.61212747185745,87.2468138092952,87.46956405296545,7147600.0
2023-06-23,87.54978942871094,87.76362783680736,87.40722595811303,87.7547159204449,4792900.0
2023-06-26,87.65667724609375,87.77251172842004,87.59430744707123,87.76359981490303,10632300.0
2023-06-27,87.4874038696289,87.84379888640261,87.40721023239537,87.71905927097197,7803300.0
2023-06-28,87.74578857421875,87.79924646325087,87.49630256387194,87.621042170146,8622900.0
2023-06-29,87.06861877441406,87.20227028392269,86.97060812062762,87.13990048585842,8877500.0
2023-06-30,87.2735595703125,87.40721110183166,87.08645014530538,87.19337273008057,13417300.0
2023-07-03,87.17082977294922,87.58175927833807,87.13509588349682,87.38522629412111,3691600.0
2023-07-05,86.77774047851562,87.12613728759877,86.69734436051522,87.10827375544557,6046200.0
2023-07-06,86.21495056152344,86.3310805638909,86.00948244829074,86.25961280141509,9534200.0
2023-07-07,86.23283386230469,86.4293668463957,86.13456737025918,86.13456737025918,8311000.0
2023-07-10,86.47403717041016,86.59910237746206,86.2507054698828,86.26856900708623,8827400.0
2023-07-11,86.66163635253906,86.74203249454085,86.52763596699336,86.59910374802344,5978500.0
2023-07-12,87.36734771728516,87.41200995975537,87.0546779422869,87.10828217500905,7189100.0
2023-07-13,87.91228485107422,87.9390835619023,87.65321928716622,87.70681670882239,7458500.0
2023-07-14,87.49241638183594,87.82294288832222,87.47454603170382,87.75148193441862,7208400.0
2023-07-17,87.59068298339844,87.63534522770792,87.41201355953561,87.5013448636962,4689500.0
2023-07-18,87.66213989257812,87.91227707444449,87.66213989257812,87.84080930819697,5593200.0
2023-07-19,87.93016052246094,87.97482959036752,87.7157639907036,87.85869274002754,7467900.0
2023-07-20,87.47454071044922,87.61747624064458,87.30481328776872,87.59960589159955,12562400.0
2023-07-21,87.53709411621094,87.68002968039453,87.49243186406068,87.64429578934863,7605200.0
2023-07-24,87.37629699707031,87.6889668469315,87.35843345891341,87.63536260137482,6656600.0
2023-07-25,87.27801513671875,87.35841808313072,87.16188512028123,87.17082029555851,5794800.0
2023-07-26,87.56385803222656,87.6085270821679,87.26013030235383,87.48346192098029,5907400.0
2023-07-27,86.81350708007812,87.4835022447786,86.75097447066115,87.40309928093204,6937900.0
2023-07-28,87.1529769897461,87.17977570835215,86.9296452473037,87.0011130406158,9233600.0
2023-07-31,87.26014709472656,87.36734874589163,87.1172115598398,87.12614673465558,11079100.0
2023-08-01,86.68238830566406,86.96903022740308,86.62864508098878,86.8973748725302,8810400.0
2023-08-02,86.47636413574219,86.49427626512797,86.19868170872832,86.42262091350264,8551900.0
2023-08-03,85.89411163330078,86.01055754703712,85.81349680857902,85.92994272231537,7532700.0
2023-08-04,86.60176086425781,86.66446356194712,86.2165851972859,86.2165851972859,6400400.0
2023-08-07,86.61971282958984,86.61971282958984,86.42265199913604,86.56596958801923,9732600.0
2023-08-08,86.82572174072266,86.98695826565024,86.74510006121726,86.8346812237973,6867300.0
2023-08-09,86.88839721679688,86.99589047774663,86.80778239664535,86.89735669706295,5634700.0
2023-08-10,86.3240966796875,87.08548869345103,86.3240966796875,86.94216430615849,15516100.0
2023-08-11,86.05535125732422,86.36886475504146,86.05535125732422,86.10014182874741,9016700.0
2023-08-14,85.99269104003906,86.1897587171261,85.84041395650274,85.97477890306982,7901300.0
2023-08-15,85.75977325439453,86.05537470453301,85.75977325439453,85.82247597102237,6522500.0
2023-08-16,85.55374145507812,85.9299577042025,85.49999139514418,85.77768067490206,8964600.0
2023-08-17,85.46418762207031,85.58959306850822,85.2850321028131,85.54480248017285,8162300.0
2023-08-18,85.65227508544922,85.76872101925261,85.48207909182051,85.51791018700985,6154600.0
2023-08-21,85.22229766845703,85.36562203053194,85.13272335920108,85.32979094001321,13362300.0
2023-08-22,85.31192016601562,85.38358238753136,85.150683584648,85.24921743071074,6156200.0
2023-08-23,86.12702178955078,86.12702178955078,85.7508055558091,85.76871768566626,7831600.0
2023-08-24,85.92996215820312,86.10015816099751,85.85829996396518,85.9837053868401,8247700.0
2023-08-25,85.87623596191406,86.06434413353506,85.63437771691252,85.83144537311101,7917900.0
2023-08-28,86.0643310546875,86.09120267025202,85.92996614278158,86.08224318703607,6544500.0
2023-08-29,86.61971282958984,86.62867231454649,85.91207070196128,85.91207070196128,7386300.0
2023-08-30,86.58387756347656,86.73615461798019,86.54804646228446,86.69136403296912,8752300.0
2023-08-31,86.70927429199219,86.85259184828281,86.63761209680534,86.69135532615394,7230100.0
2023-09-01,86.26017761230469,86.73620622955411,86.20628964883878,86.70926224782117,8132400.0
2023-09-05,85.79312896728516,86.10749370591114,85.79312896728516,86.0895264824244,6111400.0
2023-09-06,85.7123031616211,85.90091790682095,85.60452037044041,85.89193429443378,8379200.0
2023-09-07,85.98175811767578,85.9907348777211,85.76619253179354,85.85600809966685,5077800.0
2023-09-08,86.02666473388672,86.24222347293959,86.00870436083596,86.16139151547804,4774200.0
2023-09-11,85.9278564453125,85.98175126373118,85.83804088459874,85.91887968598274,4077200.0
2023-09-12,85.95478820800781,85.98173903962956,85.83802868092855,85.9637718185484,4583400.0
2023-09-13,86.0805435180664,86.17934269052253,85.8560011902094,85.87396841383126,5953600.0
2023-09-14,85.96378326416016,86.20629281363517,85.93683928143804,86.18832559016177,5952800.0
2023-09-15,85.76618957519531,85.95480431697376,85.75721281545944,85.90091634860516,5667700.0
2023-09-18,85.89192199707031,85.90090560817129,85.64941931724407,85.65840292834504,6066200.0
2023-09-19,85.64043426513672,85.85599296052051,85.64043426513672,85.81108861074621,5327900.0
2023-09-20,85.59553527832031,85.95479750897361,85.59553527832031,85.83803796926007,6282700.0
2023-09-21,85.01171875,85.15542226310086,85.00273513902889,85.14644550461713,8028900.0
2023-09-22,85.37100219726562,85.40692294222826,85.08358827014469,85.12849262759227,7294200.0
2023-09-25,84.69738006591797,84.98479400967605,84.68839645291301,84.86802759807846,7485000.0
2023-09-26,84.58959197998047,84.88598951821693,84.5626479951387,84.85006192093174,15549200.0
2023-09-27,84.29318237304688,84.88597736464622,84.12253487598535,84.85004977250496,14560500.0
2023-09-28,84.54469299316406,84.57164383439071,84.00579266095255,84.15847983212274,13334200.0
2023-09-29,84.4638442993164,84.93987294603633,84.40097272055128,84.8770013672712,13483500.0
2023-10-02,83.875732421875,84.21797647652751,83.8487146009849,84.14592437330943,8880000.0
2023-10-03,83.21827697753906,83.8397074800372,83.19125915629134,83.74964578545585,12058400.0
2023-10-04,83.80369567871094,83.80369567871094,83.35338029488393,83.55151329190315,14097800.0
2023-10-05,83.85773468017578,83.9568046182818,83.74965651007801,83.9117703295908,7129400.0
2023-10-06,83.53348541259766,83.7406334671665,83.19124826946863,83.27230172260474,9569500.0
2023-10-09,84.39808654785156,84.40709477714928,83.89373564742975,83.95677950998248,4353100.0
2023-10-10,84.31704711914062,84.48816227665829,83.99281952316312,84.10989903844012,14553600.0
2023-10-11,84.70431518554688,84.70431518554688,84.44313147309758,84.60524526457417,15347000.0
2023-10-12,83.97481536865234,84.57824323759888,83.91177148637647,84.54221718040299,11189800.0
2023-10-13,84.33504486083984,84.47014081872801,84.22696672027614,84.37107090769442,7515500.0
2023-10-16,83.86670684814453,84.12789049345018,83.8486903919084,84.04683018291716,6332700.0
2023-10-17,83.26331329345703,83.47946962908847,83.17325158924439,83.31735581299868,8198300.0
2023-10-18,82.87602996826172,83.20025755422671,82.8039847379213,83.11920409336877,9352700.0
2023-10-19,82.56083679199219,83.0111522629265,82.50680113428608,82.75897669860629,11552700.0
2023-10-20,82.85802459716797,82.98411234576665,82.76796290120704,82.80398895384481,6629800.0
2023-10-23,83.18225860595703,83.30834636426641,82.47976770358548,82.58783899855496,12885800.0
2023-10-24,83.47943878173828,83.47943878173828,83.11017699826833,83.24527294030038,9165100.0
2023-10-25,82.85802459716797,83.17324396866468,82.78597249189245,83.15523437797927,8904400.0
2023-10-26,83.41641235351562,83.43442194295903,82.95708880314417,82.96609703349911,11574400.0
2023-10-27,83.38939666748047,83.43443095285187,83.19126367714112,83.36237884476452,7650000.0
2023-10-30,83.19123840332031,83.31732611853361,82.99309860190938,83.11918631712268,8166700.0
2023-10-31,83.13719940185547,83.4254008875098,83.13719940185547,83.26328712237515,12343600.0
2023-11-01,84.05593872070312,84.05593872070312,83.31519888364154,83.31519888364154,14404600.0
2023-11-02,84.561767578125,84.6972701321794,84.34496762680568,84.62500118442422,11166700.0
2023-11-03,85.0766830444336,85.53738903249334,85.04054856576742,85.40188646048199,11890300.0
2023-11-06,84.65211486816406,84.90504933683926,84.57984590798618,84.85085106267954,8521600.0
2023-11-07,85.1037826538086,85.23928522657363,84.83278440022565,84.85988353638923,7306900.0
2023-11-08,85.39288330078125,85.47418763140895,85.13994874673897,85.15801254690639,6932200.0
2023-11-09,84.67923736572266,85.3115806038027,84.67020891217027,85.29350991279938,9163200.0
2023-11-10,84.87796783447266,85.11283855787511,84.80569885927977,85.08573941516498,6102000.0
2023-11-13,84.86894989013672,84.88702058361434,84.48954803050914,84.58891616878545,9679500.0
2023-11-14,85.93486022949219,85.9980938483769,85.75419471609231,85.84452747279225,12149600.0
2023-11-15,85.40190887451172,85.56451062521131,85.32963989821214,85.54643993516197,10956800.0
2023-11-16,85.87162017822266,85.9980874065188,85.68191933577845,85.68191933577845,10145400.0
2023-11-17,86.04324340820312,86.14261148475462,85.84450725510013,86.00710893564386,9244000.0
2023-11-20,86.17877197265625,86.19683576841595,85.88066765301107,85.88066765301107,10051600.0
2023-11-21,86.26909637451172,86.33232999146435,86.0703601806756,86.22392655156811,7393800.0
2023-11-22,86.35037994384766,86.49491784054045,86.15165067381442,86.43168423372391,6329900.0
2023-11-24,85.95291900634766,86.10648536065412,85.92581987228729,86.03421640852875,2944300.0
2023-11-27,86.44074249267578,86.46784163250372,86.11553903084433,86.14263817067227,8854500.0
2023-11-28,86.82013702392578,86.83820081832822,86.33233187168983,86.36846635244221,9749400.0
2023-11-29,87.24472045898438,87.3260178828065,87.02791354489518,87.10018251625824,8006800.0
2023-11-30,86.95564270019531,87.09114528485503,86.83820391058126,87.06403925436489,8889100.0
2023-12-01,87.72023010253906,87.75646772980353,86.94113839540488,86.96831488794805,11774300.0
2023-12-04,87.38504791259766,87.57529029526837,87.24915852165529,87.49376080767587,9440200.0
2023-12-05,87.96483612060547,88.01013488808772,87.68400311475578,87.73835610643727,8850600.0
2023-12-06,88.19132995605469,88.3181582309356,88.01014868097414,88.09167818127361,11111200.0
2023-12-07,88.21849060058594,88.38155648349954,88.07354698889684,88.07354698889684,7157900.0
2023-12-08,87.77458190917969,87.93764777387013,87.62057717908888,87.86517252031425,6696600.0
2023-12-11,87.78364562988281,87.82893748097409,87.51186687685195,87.69305501607946,15008700.0
2023-12-12,88.04637145996094,88.04637145996094,87.71117855484286,87.8198914485188,11711400.0
2023-12-13,89.15160369873047,89.18783442186066,88.17320829528468,88.22756129160207,11194400.0
2023-12-14,89.87113189697266,89.98015719889041,89.58949186470602,89.65308822462053,12651200.0
2023-12-15,89.66218566894531,89.83480041906496,89.57132777453226,89.76212380761235,10079100.0
2023-12-18,89.48046875,89.56223946130791,89.41687238853098,89.56223946130791,11521000.0
2023-12-19,89.5895004272461,89.74394775444506,89.57132607611443,89.60766784689372,13787100.0
2023-12-20,89.91654968261719,89.98014603464101,89.6621642745219,89.82569874136638,9994100.0
2023-12-21,89.907470703125,90.18003048320078,89.78936516188317,90.1436887170918,9099100.0
2023-12-22,89.78939819335938,90.07103831995904,89.77122383787739,90.06195114221805,13234700.0
2023-12-26,89.97107696533203,90.01650591084005,89.84388423569027,89.88022600579991,5418500.0
2023-12-27,90.54345703125,90.57979187222374,90.22546825511282,90.3072389760146,6919900.0
2023-12-28,90.34358215332031,90.5343712630788,90.22546965812379,90.4344331201361,7172200.0
2023-12-29,90.17096710205078,90.33450162695118,90.06194177495551,90.1255381495565,7327600.0
2024-01-02,89.74394226074219,89.91656392850572,89.69852024866162,89.7984514478323,9754400.0
2024-01-03,89.78939819335938,89.88933635405327,89.31696199162725,89.44415475405843,10002100.0
2024-01-04,89.42594909667969,89.53497438850164,89.33509815256942,89.41686192282384,9896600.0
2024-01-05,89.21700286865234,89.66218436404806,89.09889731171205,89.15340650237926,9038700.0
2024-01-08,89.55313873291016,89.68033143659815,89.22606980014604,89.25332438929597,7946500.0
2024-01-09,89.53498840332031,89.63492653692963,89.38962132480356,89.38962132480356,7157400.0
2024-01-10,89.36238098144531,89.7621335796328,89.36238098144531,89.70761745075319,7679400.0
2024-01-11,89.87113189697266,89.90747366427858,89.4077899596598,89.51680833009418,7275900.0
2024-01-12,90.03468322753906,90.27090129347684,89.90749048391518,90.07102500164369,6359400.0
2024-01-16,89.36238098144531,89.80755560030006,89.28061025386836,89.68945002878327,14489800.0
2024-01-17,89.1170654296875,89.2260907433602,88.98079245195176,89.180668727943,8977500.0
2024-01-18,89.0353012084961,89.21700313224633,88.93536307098825,89.18066829268355,10575100.0
2024-01-19,89.05345916748047,89.05345916748047,88.73547736895704,88.93535362273843,9126000.0
2024-01-22,89.21700286865234,89.3623699524103,89.12615190704565,89.27151899080361,8712600.0
2024-01-23,88.99896240234375,89.03530417460131,88.8717696651845,89.02621699866583,5642800.0
2024-01-24,88.79908752441406,89.33512000933115,88.76274575158203,89.2987782364991,11278500.0
2024-01-25,89.1988296508789,89.21699706942572,88.99895338944597,89.04438233303841,16521600.0
2024-01-26,89.09889221191406,89.2169977620943,89.0171284305932,89.2169977620943,5022800.0
2024-01-29,89.4532470703125,89.5168434551813,89.20794870910032,89.307886875535,6423600.0
2024-01-30,89.62586212158203,89.66220390043999,89.29879304334598,89.61677494399615,6740000.0
2024-01-31,90.03468322753906,90.18005032395759,89.77121056389397,89.94383225801981,10829000.0
2024-02-01,90.54769134521484,90.7299320762089,90.22875963791785,90.3927790766278,11937400.0
2024-02-02,89.71849822998047,89.86429640598324,89.53625746201668,89.74583364997108,8422500.0
2024-02-05,88.98040008544922,89.21731860816658,88.89838688633843,89.1990903630137,7656800.0
2024-02-06,89.44512939453125,89.48157198336177,89.0988622322895,89.10797635551667,6608400.0
2024-02-07,89.26288604736328,89.5544754365144,89.24466475205858,89.29022146634004,8785200.0
2024-02-08,88.989501953125,89.15351442468298,88.95305241987735,89.09884360083032,12446900.0
2024-02-09,88.96217346191406,88.96217346191406,88.84371767441544,88.88016721334702,7120500.0
2024-02-12,88.98040008544922,89.07152045509787,88.86193734807125,89.02595679425426,5696300.0
2024-02-13,88.1603012084961,88.47922597233102,88.1603012084961,88.4245551419703,15872600.0
2024-02-14,88.5521240234375,88.5885735606026,88.2423064335533,88.2423064335533,8776900.0
2024-02-15,88.76172637939453,88.88929631112723,88.59770690258965,88.83461851749901,7194500.0
2024-02-16,88.47923278808594,88.47923278808594,88.29699203815284,88.34254874961661,7723700.0
2024-02-20,88.56124877929688,88.7161541168193,88.53391336115047,88.59769832083848,8735700.0
2024-02-21,88.29698944091797,88.6432496364213,88.26965402443597,88.6432496364213,7785100.0
2024-02-22,88.36988067626953,88.47010821046156,88.24230382394533,88.32431701815102,7538200.0
2024-02-23,88.6978988647461,88.74346251581042,88.37897416340702,88.37897416340702,7737900.0
2024-02-26,88.50656127929688,88.707030259759,88.36077008116708,88.69791613736388,9374600.0
2024-02-27,88.38809967041016,88.58856863765881,88.33342884371979,88.4792200322401,9065300.0
2024-02-28,88.56124877929688,88.59769832083848,88.39722931837926,88.45190015467206,7942500.0
2024-02-29,88.7070541381836,88.89840904776007,88.65238329317326,88.73438956068875,16774100.0
2024-03-01,89.13287353515625,89.15115548234932,88.47486288660374,88.63936554874186,8994800.0
2024-03-04,88.91358947753906,88.99583736906325,88.85875754985626,88.88617351369767,7428200.0
2024-03-05,89.39793395996094,89.48932280696016,89.19687431304939,89.27912915611415,6815500.0
2024-03-06,89.53502655029297,89.70867025167055,89.48019463302533,89.51674459618873,16536100.0
2024-03-07,89.72693634033203,89.78176825216524,89.53501767639399,89.76349327239478,7726600.0
2024-03-08,89.80918884277344,89.93714159785712,89.73608194739704,89.87316173405418,7168700.0
2024-03-11,89.70867156982422,89.84575136500753,89.64469170204181,89.81833540597087,11354600.0
2024-03-12,89.48020935058594,89.59901418171417,89.37967950404526,89.58073222460294,7471900.0
2024-03-13,89.31568908691406,89.49846678704665,89.31568908691406,89.39793696021704,5846600.0
2024-03-14,88.74907684326172,89.08722329555539,88.73993586549079,89.08722329555539,10541000.0
2024-03-15,88.73994445800781,88.8313333269969,88.66683057380705,88.78564237876424,5756800.0
2024-03-18,88.6485366821289,88.75820748503956,88.57542281352181,88.71250957402955,5227200.0
2024-03-19,88.86785888671875,88.95924772343521,88.74905409623949,88.78561102543033,5076600.0
2024-03-20,89.05066680908203,89.22430355247275,88.76735227692947,88.91358003191442,8681200.0
2024-03-21,89.11465454101562,89.27001632715324,89.02326566520081,89.2151843961692,10100300.0
2024-03-22,89.39793395996094,89.4801888030257,89.32482009335273,89.4801888030257,8359200.0
2024-03-25,89.23344421386719,89.343115029717,89.1694713144189,89.343115029717,11037700.0
2024-03-26,89.32482147216797,89.34310342536327,89.12376182215287,89.25171457695336,8830500.0
2024-03-27,89.6172866821289,89.63556863873336,89.37053604815672,89.37967702645895,9366800.0
2024-03-28,89.50760650634766,89.63555228914747,89.42535166167794,89.49846552971275,8863300.0
2024-04-01,88.85681915283203,89.22346021356061,88.81098552362597,89.20513095781617,8667400.0
2024-04-02,88.79265594482422,88.81098520050197,88.4901707769167,88.60016729067306,10624600.0
2024-04-03,88.84764099121094,88.86597024488472,88.44432747809594,88.52682660270091,6919300.0
2024-04-04,89.0584716796875,89.0676328105073,88.83847866187891,89.01263805266997,9327500.0
2024-04-05,88.61848449707031,88.91180150064224,88.61848449707031,88.69181549627055,12343600.0
2024-04-08,88.53598022460938,88.63680859433735,88.45348810022935,88.50848284981603,11457100.0
2024-04-09,88.83846282958984,88.8934645708547,88.75597070753513,88.75597070753513,5736500.0
2024-04-10,87.77520751953125,88.24267695011524,87.75687127133403,88.19685031608154,11248700.0
2024-04-11,87.79354858398438,88.0227027646664,87.61938916883223,87.97687612446836,16217600.0
2024-04-12,87.95852661132812,88.17851263350859,87.95852661132812,88.06852311903313,17284600.0
2024-04-15,87.4268798828125,87.56437375744966,87.27105675506391,87.50937900488638,11705300.0
2024-04-16,87.17941284179688,87.24357572955545,86.98692417852114,87.08775257260322,17565900.0
2024-04-17,87.58271789550781,87.63771265302644,87.30773012145548,87.44522400848165,7567800.0
2024-04-18,87.3352279663086,87.60104761778325,87.28023320849647,87.58271836292242,7717500.0
2024-04-19,87.4268798828125,87.58271000379005,87.38105325341942,87.56437375744966,9121700.0
2024-04-22,87.48188781738281,87.5643799520635,87.37189131124575,87.38105943506454,9029000.0
2024-04-23,87.66521453857422,87.84853506854705,87.35356823897442,87.42689225502558,10837100.0
2024-04-24,87.43606567382812,87.5093966875495,87.26190626454746,87.42689754880536,7961000.0
2024-04-25,87.18858337402344,87.20691263107615,86.94109294781391,87.02359208762725,6758100.0
2024-04-26,87.38107299804688,87.50939877851032,87.35357561555192,87.37190487280505,8442500.0
2024-04-29,87.64689636230469,87.69272300397587,87.49106619957637,87.62856011105156,7384600.0
2024-04-30,87.28939819335938,87.53688158784335,87.21606719009398,87.3718903271109,11228300.0
2024-05-01,87.59742736816406,87.88246628802776,87.3399782908378,87.53306509883251,11017700.0
2024-05-02,87.99278259277344,88.02037243060593,87.55144339689396,87.59741243002806,7607300.0
2024-05-03,88.44332122802734,88.69157363708365,88.20425841618666,88.56284912646782,9146700.0
2024-05-06,88.50769805908203,88.57206032498934,88.40655635337615,88.46172200559359,10155500.0
2024-05-07,88.69156646728516,88.8846532175998,88.61800760574839,88.75592871739003,7687000.0
2024-05-08,88.50769805908203,88.5904465374082,88.4801152329733,88.49850144539217,4587200.0
2024-05-09,88.6731948852539,88.75594335691206,88.44332866625643,88.45251826424492,6732500.0
2024-05-10,88.48931121826172,88.57206671752148,88.41575934831694,88.50770444696894,5326400.0
2024-05-13,88.5352554321289,88.70075935616126,88.52605882108298,88.67317653798234,5263200.0
2024-05-14,88.77433776855469,88.8570862413181,88.6548028435048,88.72836171815698,5243300.0
2024-05-15,89.36279296875,89.4455414398771,89.1697061878265,89.28923409555242,5846300.0
2024-05-16,89.26165771484375,89.43635128259729,89.19729544989019,89.39957885830447,7894400.0
2024-05-17,88.97662353515625,89.1881035683445,88.97662353515625,89.11454468593458,5267100.0
2024-05-20,88.89383697509766,88.96739582599791,88.88464036499559,88.92141979044573,5263000.0
2024-05-21,89.05938720703125,89.14213569611768,89.03180437733577,89.1145528664222,5227900.0
2024-05-22,88.94903564453125,89.08695678745835,88.86628716775142,88.87548378126942,3823600.0
2024-05-23,88.70077514648438,89.03178305347441,88.60883006453383,89.03178305347441,5094900.0
2024-05-24,88.80192565917969,88.83870509860414,88.62722507565375,88.6640045150782,3072100.0
2024-05-28,88.38814544677734,88.90305048600638,88.37895584988642,88.88465726230564,6046100.0
2024-05-29,88.04795837402344,88.20426571914717,87.92842345072623,88.18587950823391,8249100.0
2024-05-30,88.46170806884766,88.48010129332961,88.28700751106788,88.34218016955398,5568800.0
2024-05-31,88.74674224853516,88.81110450599579,88.64560757106267,88.69157660355745,8762900.0
2024-06-03,89.28355407714844,89.28355407714844,88.89616141984924,88.91461237528036,6095500.0
2024-06-04,89.60638427734375,89.68939247404906,89.41269144805301,89.46803024585655,3979100.0
2024-06-05,89.8830795288086,89.8830795288086,89.5049193731487,89.73550706515383,4602500.0
2024-06-06,89.91075134277344,89.92919526091582,89.7539463721643,89.7539463721643,6568700.0
2024-06-07,89.1175308227539,89.30199815552947,89.1175308227539,89.30199815552947,5365000.0
2024-06-10,89.04373168945312,89.08984499929774,88.94227255602726,89.02528073593373,8235900.0
2024-06-11,89.34812927246094,89.40346807156565,89.06219572413669,89.13598548092865,4650200.0
2024-06-12,89.77240753173828,90.21513198725536,89.75395657452104,90.02143915834435,7627000.0
2024-06-13,90.224365234375,90.32582439687067,90.0030029875567,90.11368059247637,7094800.0
2024-06-14,90.31659698486328,90.43650710359901,90.25203270438203,90.25203270438203,6239500.0
2024-06-17,89.9937744140625,90.02144381434111,89.88308977596934,89.9937744140625,5265000.0
2024-06-18,90.31659698486328,90.42728162439346,90.09523474278171,90.113678664214,7030700.0
2024-06-20,90.1597900390625,90.1782339586569,89.94764626034728,89.97532269520603,5621600.0
2024-06-21,90.16900634765625,90.37192462744954,90.0675472077596,90.28890940527165,4715000.0
2024-06-24,90.24280548095703,90.2612564390115,90.13212788054483,90.22436155988122,5017300.0
2024-06-25,90.23358154296875,90.27969486133894,90.12289691231945,90.18746118762031,5701300.0
2024-06-26,89.82775115966797,89.91998483977876,89.8093072384373,89.86464603910802,4964100.0
2024-06-27,89.97532653808594,90.08600413433565,89.96610105940566,89.98454497978781,5276500.0
2024-06-28,89.53260040283203,90.20591964723856,89.53260040283203,90.17824320954064,12781500.0
2024-07-01,89.05240631103516,89.43174981968114,89.024650846279,89.21894615843904,12238900.0
2024-07-02,89.34846496582031,89.44098552282435,89.22818894760168,89.41323006160974,5441900.0
2024-07-03,89.82957458496094,89.90359385286419,89.53350457221381,89.56126709182698,4061100.0
2024-07-05,90.28294372558594,90.32920047716476,90.0331304433679,90.16266064197487,3489900.0
2024-07-08,90.31070709228516,90.34771673210714,90.1626685329972,90.29219874294066,4602900.0
2024-07-09,90.22743225097656,90.3107057040127,90.06089240377122,90.21818513531349,5004600.0
2024-07-10,90.31997680664062,90.36623357022638,90.19969369180752,90.31072263037618,4586000.0
2024-07-11,90.78258514404297,90.95837213665983,90.75482261575473,90.83809608288324,3789000.0
2024-07-12,91.03237915039062,91.03237915039062,90.79182001641288,90.8288296569377,6329000.0
2024-07-15,90.71781158447266,90.93060820279717,90.69930323400338,90.81033216021667,6984700.0
2024-07-16,91.08790588378906,91.08790588378906,90.80108994354848,90.83809959049378,8936100.0
2024-07-17,91.15264892578125,91.19891273797575,90.88434140342652,90.91209686719654,5680400.0
2024-07-18,90.90283966064453,91.18965552185612,90.86583002389683,91.01386857088762,10584200.0
2024-07-19,90.71781158447266,90.76406834291093,90.64379230033045,90.70855740923801,7735700.0
2024-07-22,90.68080139160156,90.85658836678724,90.54201699939478,90.78257614196204,11657500.0
2024-07-23,90.67152404785156,90.83806386417163,90.6530227610896,90.76404459939258,7225900.0
2024-07-24,90.39395904541016,90.84732176664508,90.39395904541016,90.50498794713694,6578500.0
2024-07-25,90.64379119873047,90.80107688147056,90.50500680736737,90.52350809874433,12766200.0
2024-07-26,90.9676284790039,91.00463812540144,90.83809824604667,90.93987300892282,4243800.0
2024-07-29,91.11564636230469,91.17115728985428,91.01387162255266,91.17115728985428,6822600.0
2024-07-30,91.20816040039062,91.26367132396749,91.0231122236908,91.15264241794759,5845800.0
2024-07-31,91.69854736328125,91.70780153901745,91.27294704469769,91.42097856213779,11725100.0
2024-08-01,92.08275604248047,92.1755612731177,91.88786293396673,91.88786293396673,9642700.0
2024-08-02,93.11292266845703,93.15004618172514,92.62104850868032,92.69528845463039,9397500.0
2024-08-05,93.03865051269531,93.63261240338697,92.82519213920413,93.56764804286084,12066100.0
2024-08-06,92.4818344116211,92.95515034127705,92.46326911523445,92.9365850448904,10945200.0
2024-08-07,92.20339965820312,92.44469891584819,92.1013117830681,92.35189368770318,8085200.0
2024-08-08,92.06420135498047,92.13844838027855,91.94355524931062,91.98067876195965,5558000.0
2024-08-09,92.3890151977539,92.52821949666951,92.32405083139834,92.47253777710327,3879200.0
2024-08-12,92.54679870605469,92.6024804339935,92.25910033758949,92.3147820655283,7300600.0
2024-08-13,92.91802978515625,92.91802978515625,92.74169486680307,92.84378275841952,3925500.0
2024-08-14,93.08506774902344,93.17787297788826,92.93657371837163,92.94585636543366,9871500.0
2024-08-15,92.69528198242188,92.71384727805274,92.48183064676662,92.52822972467244,8628400.0
2024-08-16,92.91802978515625,92.91802978515625,92.66744784006634,92.83450010993089,6507900.0
2024-08-19,93.02010345458984,93.1221842500126,92.84376856319714,92.87160942382019,4690300.0
2024-08-20,93.29853057861328,93.32637144264925,93.11292009798284,93.1871671224694,5516700.0
2024-08-21,93.474853515625,93.64190575902406,93.20571339678291,93.37276564018197,6366700.0
2024-08-22,93.09435272216797,93.33565200606655,93.02011277992564,93.30781114265244,7893700.0
2024-08-23,93.52125549316406,93.55837900180369,93.20571629060524,93.28923887460542,6179500.0
2024-08-26,93.437744140625,93.66047813865063,93.41918592436708,93.66047813865063,6653200.0
2024-08-27,93.46556854248047,93.49340940225657,93.20571107712361,93.25211723047371,7965400.0
2024-08-28,93.382080078125,93.52128442786062,93.3635147777686,93.46560268796637,6960300.0
2024-08-29,93.26141357421875,93.31710238676267,93.13148481259373,93.22429005938496,6912700.0
2024-08-30,93.03865051269531,93.4005958185673,93.01080965541043,93.27994974347138,7213200.0
2024-09-03,93.4315185546875,93.58978068082821,93.3104958292898,93.3942791539445,6837200.0
2024-09-04,93.84114074707031,93.88768466894196,93.46875385865155,93.49668163231237,10867700.0
2024-09-05,94.08319854736328,94.13906120471295,93.79460204470195,94.04595914336021,11921900.0
2024-09-06,94.2042236328125,94.58591507487763,93.99941047247475,94.14836097828149,8830200.0
2024-09-09,94.34385681152344,94.42764723691192,94.07388359214424,94.16697854048424,7569300.0
2024-09-10,94.63247680664062,94.67902073754286,94.31594540412917,94.3438731832086,5979300.0
2024-09-11,94.60456085205078,94.8186785868824,94.45560320808845,94.50215424749952,4184400.0
2024-09-12,94.52076721191406,94.63248544111573,94.38112120108477,94.54869499354169,6419400.0
2024-09-13,94.71625518798828,94.79073399676345,94.60454407751565,94.73487844152714,5330600.0
2024-09-16,94.93968963623047,94.99554519030302,94.72556484113571,94.8000436483591,8425900.0
2024-09-17,94.84658813476562,94.9862341234599,94.80004420699423,94.94899471962876,9256000.0
2024-09-18,94.54869842529297,94.98625262718375,94.52077064265167,94.66041665854958,6280000.0
2024-09-19,94.5580062866211,94.59524569622305,94.37181634130249,94.40905575090444,5079800.0
2024-09-20,94.47422790527344,94.63249007737772,94.32527025904011,94.42767686515265,8464900.0
2024-09-23,94.43697357177734,94.57661246469245,94.20423261333167,94.34387150624677,8428100.0
2024-09-24,94.56731414794922,94.60455355606787,94.23216657757222,94.27871051070238,5803600.0
2024-09-25,94.2042236328125,94.42765294286745,94.2042236328125,94.418341316664,9259100.0
2024-09-26,94.22283172607422,94.3531660710196,94.02733020865614,94.32523829748689,8124400.0
2024-09-27,94.4928207397461,94.5486762919532,94.33455860669945,94.40903741143542,5033300.0
2024-09-30,94.2787094116211,94.47421807763753,94.15768666366448,94.436978669953,9105400.0
2024-10-01,94.5280532836914,94.73348216081952,94.45334798785075,94.56539880732261,8811400.0
2024-10-02,94.33191680908203,94.41596201831352,94.13582081992405,94.20118614964338,11700900.0
2024-10-03,93.94908142089844,94.21054278611393,93.93040153807569,94.1731901447563,8751200.0
2024-10-04,93.34210968017578,93.51019299732332,93.27674434152327,93.4728403574808,9639700.0
2024-10-07,93.02462768554688,93.16469118676015,92.98727504379401,93.04330044427932,6382100.0
2024-10-08,93.18335723876953,93.18335723876953,92.90321602934782,92.93122872543262,7340100.0
2024-10-09,92.9405746459961,93.07130531899516,92.88454925022144,93.04329262110784,8218300.0
2024-10-10,92.8845443725586,92.95924964586001,92.66043567694132,92.86586449208974,5757700.0
2024-10-11,92.91255187988281,93.0246097835766,92.78182122105002,92.82851379532741,4878600.0
2024-10-14,92.8285140991211,92.83784691457785,92.60439829100008,92.63241098594355,3512600.0
2024-10-15,93.20203399658203,93.23004669386962,93.08064326690678,93.13666866148193,7158700.0
2024-10-16,93.32341766357422,93.41679568176663,93.25805233841092,93.34209041749826,4741300.0
2024-10-17,92.86585998535156,93.06196309932274,92.83784729029472,93.00593058492241,5306300.0
2024-10-18,92.93123626708984,93.08064682404972,92.91256350961359,93.0339542439279,4973000.0
2024-10-21,92.28693389892578,92.64177332782619,92.28693389892578,92.61376062610883,6873900.0
2024-10-22,92.30558013916016,92.45499067111137,92.23087487318455,92.38028540513577,11401800.0
2024-10-23,92.07215118408203,92.22156174793318,91.96010038548147,92.0441384844319,19659700.0
2024-10-24,92.24956512451172,92.39896854897582,92.07214187894145,92.14684715331705,7559300.0
2024-10-25,92.06281280517578,92.43633209685488,92.01612734639585,92.4176593382005,9028500.0
2024-10-28,91.91339874267578,92.11883468557599,91.78266807433694,92.10949474518405,7362900.0
2024-10-29,92.01612854003906,92.03480129893568,91.59591665984107,91.62393648461801,5421700.0
2024-10-30,91.9227523803711,92.38964972952083,91.88539973752454,92.21222645707171,11188400.0
2024-10-31,91.90406799316406,92.05347855722863,91.6519465716649,91.81068995276762,12754500.0
2024-11-01,91.53874206542969,92.15699018094539,91.50127139982287,92.07268654342907,10387300.0
2024-11-04,91.92280578613281,92.15699209092998,91.7541913608069,92.03521778528304,6629800.0
2024-11-05,92.13826751708984,92.16636873236934,91.6698948709667,91.88534228597568,6663000.0
2024-11-06,91.41696166992188,91.63241621294647,91.20151427369606,91.26708615256463,9158100.0
2024-11-07,92.11016082763672,92.30687646970156,91.70736009003758,91.76356251725639,17402300.0
2024-11-08,92.26937866210938,92.47546369702494,92.14760439002148,92.25064690747926,6199800.0
2024-11-11,92.06330108642578,92.11014119699148,91.95089625594402,92.08203998937104,4501200.0
2024-11-12,91.52935791015625,91.93215856723009,91.47315549417306,91.78228307567572,16775400.0
2024-11-13,91.51062774658203,91.98836258434966,91.39821576586145,91.96026137586894,15834900.0
2024-11-14,91.4731674194336,91.79165734725629,91.39822609048761,91.66051359500007,7312000.0
2024-11-15,91.48252868652344,91.6886066024876,91.10782922211959,91.27644362376142,11844300.0
2024-11-18,91.56682586669922,91.63239773234312,91.3045384041236,91.3794797210873,5260600.0
2024-11-19,91.6979751586914,91.84785780170792,91.67924340171324,91.7541775764237,4735900.0
2024-11-20,91.60428619384766,91.73542991034478,91.49187423108017,91.51061313160635,5551100.0
2024-11-21,91.55747985839844,91.81040508121234,91.49190797596505,91.66052240890792,6348500.0
2024-11-22,91.62303924560547,91.72608178206238,91.53873561403066,91.67924881345355,4989600.0
2024-11-25,92.44737243652344,92.45673474144718,92.20381671935075,92.29748979617175,9246200.0
2024-11-26,92.30687713623047,92.30687713623047,92.08206027893286,92.2600370153439,11303100.0
2024-11-27,92.55978393554688,92.67219592390583,92.40990843119977,92.55042162994891,8749800.0
2024-11-29,92.92513275146484,92.94387166004564,92.81272788717847,92.87829977361206,9623200.0
2024-12-02,92.93639373779297,93.59418131103246,92.6356898229768,93.39684503906061,18397600.0
2024-12-03,92.75785064697266,93.08674444182934,92.72026176051088,93.00217482430064,6889800.0
2024-12-04,93.0585708618164,93.1149506167064,92.5417397135122,92.57932143720667,7448900.0
2024-12-05,93.07734680175781,93.13372654326646,92.88940238115134,92.99277002014826,8786700.0
2024-12-06,93.34046936035156,93.44383700769745,93.16192393869098,93.40624812054011,12890600.0
2024-12-09,93.06795501708984,93.23710142410019,93.05855600299284,93.21830339590619,10689000.0
2024-12-10,92.9551773071289,93.02095605929505,92.84241782875625,92.9081965809224,5984500.0
2024-12-11,92.73904418945312,93.17130555703538,92.71085432168518,93.10552680912821,8095800.0
2024-12-12,92.3631820678711,92.63569612943591,92.32559317979174,92.5887082269999,12353100.0
2024-12-13,92.01547241210938,92.30678444597737,91.9684916881181,92.27858740836749,6566300.0
2024-12-16,92.10005950927734,92.18462912354816,91.97789384064605,92.15643925212456,7124100.0
2024-12-17,92.10005950927734,92.21281899497177,92.04367259708337,92.09066049568723,7239200.0
2024-12-18,91.39864349365234,92.19997827723287,91.35151080743539,92.06799524776834,14261400.0
2024-12-19,91.1629638671875,91.27609526735162,90.97441872611672,91.2195331635376,15490100.0
2024-12-20,91.40808868408203,91.6532031493359,91.38923704484877,91.49293904197398,8657700.0
2024-12-23,91.12527465820312,91.41752182973205,91.06870535312153,91.39866299719246,10540800.0
2024-12-24,91.22895050048828,91.23837991479769,90.94613280402704,90.9744138544196,4739300.0
2024-12-26,91.29496002197266,91.33267049411238,90.98386121375988,90.99328343739198,10620200.0
2024-12-27,91.10640716552734,91.3420922021088,91.0781261119434,91.24781962598352,8601300.0
2024-12-30,91.46463775634766,91.5212070510575,91.40807565417369,91.44578611980162,10154500.0
2024-12-31,91.35151672363281,91.64376385172598,91.28552520462674,91.58720174758824,12276700.0
2025-01-02,91.36094665527344,91.643764370098,91.23838583890024,91.51178133133931,5547700.0
2025-01-03,91.26667785644531,91.51179232610504,91.2478262168732,91.47408185442377,5331000.0
2025-01-06,91.1723861694336,91.25723651107133,91.04983255655188,91.18181558351235,9248300.0
2025-01-07,90.85185241699219,91.14409950260293,90.72929161912826,91.07810799318969,9153300.0
2025-01-08,90.95558166503906,90.99328494526645,90.71989660466302,90.75759988489041,7444500.0
2025-01-10,90.44649505615234,90.71989057111017,90.36164469994078,90.36164469994078,9822000.0
2025-01-13,90.36164093017578,90.455913505616,90.2579389394306,90.44649128284749,10420700.0
2025-01-14,90.38992309570312,90.43706298027146,90.2673694653766,90.37107145739772,5487600.0
2025-01-15,91.1723861694336,91.3892195380318,91.02155150685114,91.3892195380318,9563000.0
2025-01-16,91.37036895751953,91.47407094414002,90.97441984089737,91.09697346484151,9810800.0
2025-01-17,91.37036895751953,91.54006246357706,91.32323626794232,91.5117814113235,5360200.0
2025-01-21,91.67205810546875,91.70976857783664,91.53064563222348,91.5872149370439,7725900.0
2025-01-22,91.45523071289062,91.68148635167331,91.40809082489807,91.64377587978669,7283400.0
2025-01-23,91.30437469482422,91.37036621227851,91.18182107456222,91.22895376272331,7707000.0
2025-01-24,91.45523071289062,91.54950329633866,91.25725612988863,91.32324765755595,6459400.0
2025-01-27,91.96430969238281,91.97373191578751,91.73804686500492,91.90774038926986,7602000.0
2025-01-28,91.9360122680664,91.94544168306686,91.71918607080937,91.76631876073922,5730300.0
2025-01-29,91.87945556640625,92.0585784992678,91.65319994084305,91.99258697545616,5912800.0
2025-01-30,92.01143646240234,92.13399728414126,91.9360155247994,92.03029529307133,6802900.0
2025-01-31,91.8228988647461,92.13400486354902,91.6909158093516,92.03030286394805,10750100.0
2025-02-03,91.90990447998047,92.25987790528154,91.7964050463426,92.07070015522963,9977100.0
2025-02-04,92.08016204833984,92.10853690711956,91.74911000192087,91.76802416897621,8483500.0
2025-02-05,92.572021484375,92.69498161718994,92.37339024687684,92.41121858282472,9716700.0
2025-02-06,92.47742462158203,92.58147058150215,92.34500380284614,92.47742462158203,6629400.0
2025-02-07,92.18421173095703,92.30717186276595,92.08962645907373,92.24096145080829,6422300.0
2025-02-10,92.21260070800781,92.39231780357514,92.13693680875375,92.28827182365666,6038700.0
2025-02-11,92.00450134277344,92.07071175953824,91.95721231159527,92.00450134277344,8001100.0
2025-02-12,91.5220947265625,91.63559415028612,91.38021323051531,91.53154820094437,6404900.0
2025-02-13,92.07069396972656,92.15582575562891,91.59776045095938,91.90044483070747,7041200.0
2025-02-14,92.41122436523438,92.58148075322813,92.38284950330112,92.45852061271927,6257500.0
2025-02-18,92.04232788085938,92.29771604650102,92.04232788085938,92.18420939328324,8159400.0
2025-02-19,92.17475891113281,92.2220551593107,92.00450252064448,92.00450252064448,5604800.0
2025-02-20,92.31661987304688,92.38283027590903,92.22203461415704,92.25987016099151,27958700.0
2025-02-21,92.71391296386719,92.86525520127542,92.4112357054458,92.45853195873464,7070600.0
2025-02-24,92.87467956542969,92.92196858382542,92.63821282427432,92.65712698835415,7298300.0
2025-02-25,93.45167541503906,93.46112889054427,93.22466210783051,93.3097939021321,5801200.0
2025-02-26,93.60302734375,93.65977707262596,93.30981078936445,93.42331024711636,5035900.0
2025-02-27,93.46112823486328,93.57463488767125,93.38546434938478,93.4232926839273,6263200.0
2025-02-28,93.87731170654297,93.91514725732894,93.5651738248538,93.71651602799767,14453000.0
2025-03-03,94.08036041259766,94.10882245237133,93.54904246208216,93.60597378019504,7533500.0
2025-03-04,93.84315490722656,94.3080517197979,93.74827180221784,94.21317585335379,7532400.0
2025-03-05,93.52058410644531,93.9854809977156,93.50161182537066,93.9000948750309,7302600.0
2025-03-06,93.42570495605469,93.56802239411698,93.19800139829438,93.46365675544234,9946200.0
2025-03-07,93.31183624267578,93.90956794953041,93.2644019291341,93.78622280948,6450700.0
2025-03-10,93.75777435302734,93.91906407184564,93.67238823314669,93.74828459351873,12318600.0
2025-03-11,93.42570495605469,93.87162955065257,93.37826339717873,93.71033259361367,10187900.0
2025-03-12,93.15055847167969,93.38775178544556,93.13158619154723,93.26441386817088,8436700.0
2025-03-13,93.4351806640625,93.45415294162034,92.98925613652608,93.06515248532193,7959500.0
2025-03-14,93.24544525146484,93.37827294361833,93.2169832086557,93.30236933708309,8949800.0
2025-03-17,93.36878967285156,93.5964932520646,93.3118583491236,93.44468604021172,10605800.0
2025-03-18,93.46363830566406,93.56800392373685,93.24541731190342,93.26439682713348,9022000.0
2025-03-19,93.73880767822266,93.76726971988492,93.29288305600437,93.37826918099118,6763800.0
2025-03-20,93.79571533203125,94.1657362859589,93.7387912586777,94.13727424928213,6556800.0
2025-03-21,93.6818618774414,93.96649672720474,93.6818618774414,93.8905931354592,5028800.0
2025-03-24,93.32134246826172,93.5869978343792,93.28339066759267,93.54904603371016,4894800.0
2025-03-25,93.4067153930664,93.51108102051862,93.30234976561418,93.33081904101782,5663000.0
2025-03-26,93.17900085449219,93.35927005126634,93.16951109714513,93.3213182604421,6744000.0
2025-03-27,93.131591796875,93.19800563918409,92.9892743523367,93.131591796875,9513000.0
2025-03-28,93.67237854003906,93.75776465108406,93.41620572977436,93.4921093208576,8534000.0
2025-03-31,93.85264587402344,94.01393558535165,93.64391460592091,93.90957718986566,13350700.0
2025-04-01,94.20008087158203,94.36190222779486,93.87643815915638,94.05729433157214,10295200.0
2025-04-02,94.09536743164062,94.43805220887421,93.87643437322322,94.39997531557884,8225100.0
2025-04-03,94.59037017822266,94.93305499311978,94.28576226080583,94.68555879071062,9905000.0
2025-04-04,94.67603302001953,95.71360845284248,94.65699820344331,95.11390642552523,14914300.0
2025-04-07,93.47664642333984,94.53325678798387,93.28626918711208,94.44758921040919,21796300.0
2025-04-08,92.99116516113281,93.94306569176192,92.94356722963147,93.3814406022299,13173300.0
2025-04-09,93.20060729980469,93.27675384148922,91.98216822130786,92.40100688149197,16244400.0
2025-04-10,92.4676284790039,93.15299810839163,92.43907262151703,92.97213466107387,9940000.0
2025-04-11,92.3724365234375,92.49618098887734,91.52524555733515,92.01071690431891,8437400.0
2025-04-14,92.91502380371094,92.99117759932928,92.59137380354584,92.75320243484123,7940600.0
2025-04-15,93.10539245605469,93.24817899408313,92.8198266424228,92.90549420778487,10074400.0
2025-04-16,93.40049743652344,93.46713019369807,93.01973571162877,93.17203604413113,10105000.0
2025-04-17,93.16251373291016,93.39096784195102,93.10539475883104,93.3433699072893,5589400.0
2025-04-21,92.60089874267578,93.1244470315644,92.60089874267578,92.91502771600895,7925700.0
2025-04-22,92.77223205566406,93.06731891912301,92.7627110161387,92.91501859884349,6521400.0
2025-04-23,93.00067901611328,93.73364649227516,92.95308834699641,93.60038099886839,13376700.0
2025-04-24,93.51471710205078,93.5242381419566,93.28626298129005,93.34337469587385,8524400.0
2025-04-25,93.85740661621094,93.88596247493335,93.62895248400574,93.73366214093852,9058900.0
2025-04-28,94.11443328857422,94.1429891501545,93.76222738342177,93.78126220366643,4890800.0
2025-04-29,94.34288787841797,94.34288787841797,94.00020301302193,94.00972405440146,6731100.0
2025-04-30,94.2572021484375,94.39998870293827,94.123936634217,94.22864629002251,7370300.0
2025-05-01,94.00031280517578,94.4205136280854,93.85706186227063,94.38231289090764,6912600.0
2025-05-02,93.54191589355469,93.91436399198912,93.41776895609186,93.64696610450245,9879200.0
2025-05-05,93.37955474853516,93.50370895413673,93.2554078289785,93.49415694923394,14273800.0
2025-05-06,93.60875701904297,93.60875701904297,93.25541296467459,93.37955989106817,11730100.0
2025-05-07,93.75200653076172,93.91435419035676,93.67560506058338,93.74246181152334,6557000.0
2025-05-08,93.26496124267578,93.80930895363889,93.2554092376287,93.79020494354472,7814200.0
2025-05-09,93.36046600341797,93.56101440724613,93.34136199197974,93.45596420247249,5739200.0
2025-05-12,93.04530334472656,93.26495573155977,92.94980515803393,93.06440006764724,10768200.0
2025-05-13,92.9498062133789,93.15990659811493,92.8638527441484,93.11215386120412,6305500.0
2025-05-14,92.68241882324219,92.95936141320745,92.64421808661531,92.90206395128988,7350600.0
2025-05-15,93.20765686035156,93.20765686035156,92.84476081364876,92.93070700127112,7638900.0
2025-05-16,93.26496124267578,93.51325508553963,93.22676050853248,93.50371036653758,5262500.0
2025-05-19,93.23632049560547,93.26497651543934,92.7301734359007,92.76837417629962,7232700.0
2025-05-20,93.07395935058594,93.15036082033255,92.90205968667867,93.1312568098733,7496600.0
2025-05-21,92.4627685546875,92.902066107022,92.38636707966089,92.79701590037183,12393200.0
2025-05-22,92.73015594482422,92.73970794963377,92.30996245178689,92.41500536051258,6084800.0
2025-05-23,92.86385345458984,92.9975523757093,92.71105781018677,92.95935164309735,5210500.0
2025-05-27,93.28406524658203,93.34136270924593,93.03576409829581,93.12171757833725,7461500.0
2025-05-28,93.11217498779297,93.2745226724539,92.9975727648313,93.16947245625062,4909200.0
2025-05-29,93.45596313476562,93.5323646075546,93.30316018918768,93.34136092558217,7724100.0
2025-05-30,93.6851577758789,93.6851577758789,93.39866318960671,93.4559606496521,15488400.0
2025-06-02,93.43891906738281,93.5155729319694,93.1610616009575,93.1610616009575,28390000.0
2025-06-03,93.37184143066406,93.65928974523223,93.2951948822116,93.51556558794815,7177600.0
2025-06-04,93.92758178710938,93.98506853261601,93.60181381575157,93.6593005612582,7761500.0
2025-06-05,93.68802642822266,94.01380164882387,93.6784428690572,93.9275642365624,10456500.0
2025-06-06,93.20896911621094,93.44850697159187,93.18022574318366,93.38143666448983,6299900.0
2025-06-09,93.32393646240234,93.45807705726521,93.199372117091,93.21853923642236,7096500.0
2025-06-10,93.53474426269531,93.64971775463468,93.42934702167409,93.63055794268318,4990900.0
2025-06-11,93.85092163085938,93.8796723118013,93.61138379381266,93.6976212164091,5992400.0
2025-06-12,94.19585418701172,94.20543774706991,94.01381040659277,94.12878388683328,5726200.0
2025-06-13,93.86050415039062,94.05213880397183,93.66887680692399,94.00422831304789,8050300.0
2025-06-16,93.66887664794922,93.96590122285276,93.65929308775779,93.79343368997968,5680900.0
2025-06-17,93.95630645751953,94.0138005016969,93.66886547708737,93.85090923832696,5312000.0
2025-06-18,94.02338409423828,94.28208903795819,93.9275704266108,94.10003795238597,5907900.0
2025-06-20,94.10962677001953,94.19585688266761,93.85092181184596,93.89883230339358,6213000.0
2025-06-23,94.30126190185547,94.52163994700915,94.18628840883206,94.28210208972332,5884600.0
2025-06-24,94.68450927734375,94.68450927734375,94.22459344610422,94.24376056538436,7907600.0
2025-06-25,94.67494201660156,94.67494201660156,94.39707722011646,94.49289821278508,8434800.0
2025-06-26,94.93363189697266,94.95279170638887,94.64618358492974,94.66535070446021,9775100.0
2025-06-27,94.66535949707031,94.95280052569679,94.6270325645638,94.73242980142798,25931600.0
2025-06-30,95.0486068725586,95.07735755230766,94.79949279564822,94.90489002438505,14036800.0
2025-07-01,94.96113586425781,95.11493083196278,94.84578413820606,95.03803701495899,18480200.0
2025-07-02,94.84579467773438,94.87463077902731,94.72083579423223,94.85540915606475,8756000.0
2025-07-03,94.65355682373047,94.76890123829811,94.59588461644665,94.7112290310143,4583200.0
2025-07-07,94.31710815429688,94.51896818087745,94.25942862263271,94.50935370331716,8088100.0
2025-07-08,94.27865600585938,94.27865600585938,94.13446817964939,94.15368980075189,7804200.0
2025-07-09,94.67277526855469,94.67277526855469,94.32672736907664,94.40362853200476,11043600.0
2025-07-10,94.6439208984375,94.66314985230738,94.4901259359641,94.60547032439487,5125300.0
2025-07-11,94.24982452392578,94.4420700791574,94.22098109031297,94.36516892358561,6106500.0
2025-07-14,94.24020385742188,94.32671215148586,94.13446660887877,94.21136775940055,6231400.0
2025-07-15,93.96144104003906,94.35555392928192,93.91337598838112,94.35555392928192,9681000.0
2025-07-16,94.09601593017578,94.22097479936329,93.90377038778001,94.09601593017578,23556800.0
2025-07-17,94.13446044921875,94.25941931036698,94.06717378033942,94.18252549857408,8355500.0
2025-07-18,94.30750274658203,94.36517495009511,94.240216064584,94.34595332682352,8443800.0
2025-07-21,94.56703186035156,94.72083417621761,94.54781023771734,94.64393301828459,6865700.0
2025-07-22,94.74966430664062,94.81695098216763,94.61509095558664,94.66315600969061,6172700.0
2025-07-23,94.53817749023438,94.66314368115059,94.50934139500653,94.63430025222608,7466900.0
2025-07-24,94.48051452636719,94.547801199702,94.28826164991247,94.30749060440662,9643800.0
2025-07-25,94.6343002319336,94.6631436608519,94.4420547079914,94.49011975582528,5530400.0
2025-07-28,94.50934600830078,94.60546877498454,94.47089543488788,94.54779658171368,7032200.0
2025-07-29,95.01881408691406,95.01881408691406,94.60547954280165,94.60547954280165,12015200.0
2025-07-30,94.74966430664062,94.98997490976528,94.70159925253665,94.84578708115097,8305400.0
2025-07-31,94.7977294921875,94.99958951904839,94.74966443801688,94.89385226683112,19774600.0
2025-08-01,95.6175308227539,95.63682433849323,95.3378337110959,95.35712722683522,12416200.0
2025-08-04,95.69469451904297,95.71398067733871,95.51144290279073,95.63682868583514,6717900.0
2025-08-05,95.72362518310547,95.78149101495161,95.58860000325086,95.60788616109276,9092400.0
2025-08-06,95.68504333496094,95.76220268121621,95.3281868772705,95.61753074656764,8102700.0
2025-08-07,95.6078872680664,95.79113888212817,95.56930759361549,95.70434013335398,7869300.0
2025-08-08,95.42462921142578,95.59823404218687,95.3764027857568,95.482495035573,8238100.0
2025-08-11,95.49215698242188,95.59824924911429,95.42464439073767,95.49215698242188,9698300.0
2025-08-12,95.49215698242188,95.49215698242188,95.28961920736924,95.39571147406167,12239500.0
2025-08-13,95.83937072753906,95.87795040416887,95.73327845638732,95.75256461554177,5386800.0
2025-08-14,95.56930541992188,95.74291027184219,95.50179283074844,95.6561115250422,5208500.0
2025-08-15,95.42462921142578,95.5789405285915,95.35711663048087,95.55000761651789,6884600.0
2025-08-18,95.31855010986328,95.48250820644309,95.24139076147732,95.47286144831473,7906400.0
2025-08-19,95.50177764892578,95.52107116180561,95.39569276136346,95.42462567236402,9946800.0
2025-08-20,95.55966186523438,95.6368212090263,95.4632163646545,95.47285576388848,5615200.0
2025-08-21,95.33782958984375,95.47285476090109,95.22209793369173,95.44392184686308,7129200.0
2025-08-22,95.86829376220703,95.9165128342826,95.48250439400157,95.51143730891096,9451400.0
2025-08-25,95.72362518310547,95.81042393087468,95.63682643533626,95.68504550910123,5624900.0
2025-08-26,95.83937072753906,95.85865688669351,95.63683294397327,95.71398493891196,4696000.0
2025-08-27,95.93579864501953,95.93579864501953,95.64645480252305,95.69468122904566,7320800.0
2025-08-28,96.05155181884766,96.07084533710787,95.87795430443306,95.89724046437206,7068500.0
2025-08-29,95.92616271972656,96.0033220675475,95.86829688802108,95.93580947778429,9181400.0
2025-09-02,95.67166900634766,95.74907548527003,95.59425514483311,95.62328349725303,8529800.0
2025-09-03,96.02001953125,96.11678316234315,95.7490710285606,95.7490710285606,8400000.0
2025-09-04,96.40706634521484,96.41674492232764,96.12644666967371,96.22321767561918,6297100.0
2025-09-05,96.86186981201172,96.98766917490747,96.84252003911561,96.90057674039566,7617200.0
2025-09-08,97.19087219238281,97.20054338725444,97.055401638265,97.08442998806288,7202700.0
2025-09-09,96.99735260009766,97.2102370417553,96.91994611616158,97.13282317522659,7090000.0
2025-09-10,97.19087219238281,97.33601394137226,97.09410118293451,97.16184384258493,5952400.0
2025-09-11,97.37472534179688,97.51987448004564,97.27796171049498,97.29731886631046,6776500.0
2025-09-12,97.28764343261719,97.28764343261719,97.09410878116677,97.22958672847811,6525900.0
2025-09-15,97.45214080810547,97.4811691597159,97.36505575327418,97.41343387842757,5039000.0
2025-09-16,97.49085998535156,97.70374443402824,97.3940963402966,97.49085998535156,8264600.0
2025-09-17,97.31666564941406,97.75210566818932,97.2392517937144,97.60696391699199,7878300.0
2025-09-18,97.04573822021484,97.16185902013702,96.91994622391032,97.02638106226482,7123700.0
2025-09-19,97.04573822021484,97.11347350785461,96.96832435360005,97.05541679918986,7238500.0
2025-09-22,96.92961883544922,97.04573963706673,96.88124070505316,97.01671128231054,5642100.0
2025-09-23,97.08444213867188,97.11347049210282,96.9199432141683,96.99734969578664,8095500.0
2025-09-24,96.90058135986328,97.01670215055086,96.87155300783941,97.00702357234553,6610800.0
2025-09-25,96.7651138305664,96.82317053643521,96.6199646833021,96.7651138305664,8743500.0
2025-09-26,96.83284759521484,96.96831816184414,96.73608395942138,96.85219736933666,6868100.0
2025-09-29,97.0167007446289,97.08443602590039,96.90057995562411,96.93928688529238,7751600.0
2025-09-30,97.00702667236328,97.23926087856778,96.95864116238253,97.08444053529556,12400700.0
2025-10-01,97.25457763671875,97.33224328121551,97.10895640493818,97.25457763671875,6961300.0
2025-10-02,97.36137390136719,97.39049666875222,97.17691983245649,97.21575265783791,6055800.0
2025-10-03,97.25457763671875,97.44873434135714,97.23516492889631,97.39048881128633,5268700.0
2025-10-06,97.04100799560547,97.22546206327816,97.03129793767425,97.07984082072625,6950200.0
2025-10-07,97.20602416992188,97.30310991827035,97.0992357720207,97.15748870235035,6379200.0
2025-10-08,97.21574401855469,97.40019807107348,97.1866212537577,97.38077795680653,5726900.0
2025-10-09,97.0992431640625,97.17690880601279,97.07983045687656,97.15749609882685,5199500.0
2025-10-10,97.49728393554688,97.60407235243368,97.32253992669614,97.42932834358292,10204100.0
2025-10-13,97.6817398071289,97.69144245858587,97.42933014376875,97.52640850456753,8320400.0
2025-10-14,97.83705139160156,97.84676144844082,97.59435181684304,97.63318463759678,8508700.0
2025-10-15,97.79822540283203,97.98267946264713,97.71085710498514,97.8758910497651,6297000.0
2025-10-16,98.14772033691406,98.15743039511719,97.7302767134309,97.74969682983715,10035200.0
2025-10-17,98.01180267333984,98.06034555454421,97.91472431753488,98.06034555454421,11738900.0
2025-10-20,98.17683410644531,98.17683410644531,98.07004569581152,98.11858857577364,7299100.0
2025-10-21,98.27391815185547,98.39040921116649,98.24478798042425,98.31274356722349,12965900.0
2025-10-22,98.26421356201172,98.28362627077583,98.13800503193141,98.2059680291155,13263200.0
2025-10-23,98.08946990966797,98.2156710335985,98.06034714311507,98.15742550049269,9975000.0
2025-10-24,98.18653869628906,98.24478422371736,98.07004023482928,98.2156614600032,6544500.0
2025-10-27,98.25450897216797,98.25450897216797,98.02151942101341,98.12830784166847,8527600.0
2025-10-28,98.312744140625,98.34187431222612,98.1865430234342,98.23508590283255,10300500.0
2025-10-29,97.84675598144531,98.2933222852576,97.81763321915798,98.2933222852576,9275700.0
2025-10-30,97.66230010986328,97.81763138128098,97.52638895067415,97.54580906290269,13563800.0
2025-10-31,97.60406494140625,97.7593888226999,97.56523211943197,97.72056340732908,13111900.0
2025-11-03,97.48426055908203,97.54270357631422,97.39660717939086,97.46478450718557,9042100.0
2025-11-04,97.53296661376953,97.6693212760399,97.52322487195829,97.54270835558079,29687500.0
2025-11-05,97.26998901367188,97.50373877766661,97.22128774040293,97.49399703685862,8164900.0
2025-11-06,97.63035583496094,97.68879885152207,97.53296071505417,97.57192024917116,7247600.0
2025-11-07,97.59141540527344,97.72777008598987,97.50376200942978,97.52323806491522,5708300.0
2025-11-10,97.55245971679688,97.65958916419726,97.49401669093824,97.59141182633928,7945000.0
2025-11-11,97.84463500976562,97.87385280428873,97.71802208990826,97.76671593718952,5186200.0
2025-11-12,97.80567932128906,97.88359839693062,97.74724372994392,97.80567932128906,6267300.0
2025-11-13,97.51348876953125,97.7180207591794,97.51348876953125,97.6303599460321,7541600.0
2025-11-14,97.39659881591797,97.71800937539548,97.37712276569393,97.68879158467404,6350400.0
2025-11-17,97.41609191894531,97.53297053306163,97.40635760751468,97.44531714555346,7821800.0
2025-11-18,97.47453308105469,97.65958159474205,97.39661400646426,97.64010554148041,7731800.0
2025-11-19,97.47453308105469,97.64010554148041,97.42583180174269,97.59140426216841,8951700.0
2025-11-20,97.59141540527344,97.66933448876077,97.53297980804433,97.571939349788,12968000.0
2025-11-21,97.82514953613281,97.88358511955148,97.66931140598831,97.83488384618857,9334500.0
2025-11-24,98.01995086669922,98.03943435055888,97.88359620276906,97.89333794469889,7717600.0
2025-11-25,98.17579650878906,98.32188549502897,98.07839394359921,98.08813568627268,16788400.0
2025-11-26,98.33161926269531,98.3413610045787,98.03943388314023,98.15630506265353,8935000.0
2025-11-28,98.19525146484375,98.31213005949525,98.07837287019227,98.28291226852508,5064800.0
2025-12-01,97.77118682861328,97.84935866712546,97.73210090935719,97.78096017214651,7249300.0
2025-12-02,97.8982162475586,97.92752882277773,97.75164591658626,97.78095849180538,7972000.0
2025-12-03,98.0838623046875,98.09363564778,97.91775274649748,98.00569792457699,9744400.0
2025-12-04,97.849365234375,98.01547481120434,97.8200526566848,97.95684965582394,6953200.0
2025-12-05,97.74187469482422,97.87867168540062,97.67347619953601,97.87867168540062,6870000.0
2025-12-08,97.58553314208984,97.74186935640553,97.45850204715211,97.7320960133619,8039100.0
2025-12-09,97.49760437011719,97.75165914786533,97.48783102542903,97.75165914786533,5967900.0
2025-12-10,97.81027221679688,97.83958479236058,97.47805308723922,97.48781897584259,9279700.0
2025-12-11,97.82981872558594,98.05455344108287,97.79073280661326,98.02524086557256,9961200.0
2025-12-12,97.52690887451172,97.63439329254909,97.4975962977519,97.55622145127153,7588300.0
2025-12-15,97.62462615966797,97.79073572910849,97.59530612840464,97.7223372325814,9960300.0
2025-12-16,97.81027221679688,97.85913147932091,97.57576415741048,97.58553750089064,8614000.0
2025-12-17,97.78096771240234,97.84936621265575,97.7321084458453,97.7418817901322,12011000.0
2025-12-18,98.02525329589844,98.0741125645292,97.92754221351464,98.02525329589844,8191000.0
2025-12-19,97.8821029663086,97.98994643048852,97.84289396095201,97.93112544267392,6216400.0
2025-12-22,97.8428955078125,97.87230600218477,97.78406703928812,97.86250001080073,6178400.0
2025-12-23,97.8428955078125,97.86250001080073,97.62720857604273,97.64681307903096,9744100.0
2025-12-24,98.05857849121094,98.07819047468531,97.89191403057939,97.9409365094852,4483900.0
2025-12-26,98.07819366455078,98.18603713782693,98.00956667971872,98.1664251537147,6503700.0
2025-12-29,98.19583892822266,98.2252494233522,98.09779397141746,98.15662244145659,7886700.0
2025-12-30,98.1566162109375,98.2154371974629,98.06837725136982,98.09778774463253,7955800.0
2025-12-31,97.92131805419922,98.15661696165958,97.92131805419922,98.05857201032795,13535500.0
2026-01-02,97.89190673828125,98.04877267527027,97.852690254034,98.03896668426356,6730300.0
2026-01-05,98.07819366455078,98.10760416093875,97.92132771077443,97.97035019127463,9364900.0
2026-01-06,98.05857849121094,98.06838448294812,97.85269754341077,97.97034700491663,8573800.0
2026-01-07,98.1566162109375,98.23504169971152,98.06837725136982,98.20563120644881,7151800.0
2026-01-08,97.98014831542969,98.04877529475093,97.9507378214034,97.98014831542969,6184100.0
2026-01-09,98.19583892822266,98.30367491710429,98.00956248602884,98.11740595469051,9879700.0
2026-01-12,98.14680480957031,98.24484227496818,98.06837184534035,98.0977823369818,9871200.0
2026-01-13,98.23505401611328,98.27427050530692,98.12721054077592,98.27427050530692,7561600.0
2026-01-14,98.38211059570312,98.44093906735976,98.26446861195033,98.26446861195033,8585300.0
2026-01-15,98.25465393066406,98.4507288727652,98.25465393066406,98.4507288727652,9923600.0
2026-01-16,98.08799743652344,98.27426640269147,98.07819144468927,98.25466189880332,10332500.0
2026-01-20,97.71544647216797,97.90172292179068,97.7056479599207,97.75466296049802,14336900.0
2026-01-21,98.03895568847656,98.0683661784185,97.76444780931342,97.81346279929042,16939600.0
2026-01-22,98.05857849121094,98.11740696185393,97.91152601405376,97.95074250122238,10154200.0
2026-01-23,98.14680480957031,98.18602129168528,97.99974487158393,98.08798382628741,8621400.0
2026-01-26,98.29387664794922,98.3428916466928,98.24485416942558,98.29387664794922,6526700.0
2026-01-27,98.2252426147461,98.36249656902338,98.20563063283247,98.28406360092792,7571800.0
2026-01-28,98.18601989746094,98.20562439835048,98.03895996156278,98.18601989746094,14730100.0
2026-01-29,98.18601989746094,98.27425137113241,98.04876595189708,98.13699742556854,10066400.0
2026-01-30,98.16641235351562,98.25465131095417,98.14680785174005,98.19583032584806,12469600.0
2026-02-02,98.05330657958984,98.21067582086884,98.02380031585854,98.20083789824633,13264100.0
2026-02-03,98.06314086914062,98.08281671516237,97.95494622843069,97.9844599974633,9358800.0
2026-02-04,98.0041275024414,98.11232214222741,97.96478331487044,97.98445916072417,12574000.0
2026-02-05,98.42707061767578,98.46641480623767,98.17133714409182,98.230357179003,11442200.0
2026-02-06,98.48607635498047,98.4959142774765,98.33854503822077,98.4467321691325,9471900.0
2026-02-09,98.51559448242188,98.52542490121681,98.35821773206506,98.39756191965427,9307600.0
2026-02-10,98.80082702636719,98.85000913704519,98.72214615507349,98.75165241982569,8566100.0
2026-02-11,98.5746078491211,98.75165294270825,98.54510158421266,98.5746078491211,8484800.0
2026-02-12,99.01721954345703,99.04672580917375,98.74181772458533,98.75165564786982,11167500.0
2026-02-13,99.33197021484375,99.35164606233648,99.23361348979138,99.27295768063975,5927000.0
2026-02-17,99.341796875,99.38114106138744,99.28278434748697,99.341796875,6588800.0
2026-02-18,99.2041015625,99.30245828194053,99.1844257161299,99.21393948568506,5460200.0
2026-02-19,99.22377014160156,99.28279017671612,99.11557549871769,99.13525134513478,6600700.0
2026-02-20,99.24343872070312,99.2729449840314,99.0860619774375,99.24343872070312,8651000.0
2026-02-23,99.44015502929688,99.51884340321156,99.29261620424093,99.30245412701436,9817100.0
2026-02-24,99.4303207397461,99.48934077440691,99.35163986709274,99.4303207397461,7890400.0
2026-02-25,99.38114929199219,99.46966809059273,99.351643025792,99.351643025792,6869000.0
2026-02-26,99.53851318359375,99.5483511065094,99.42048812515186,99.43031854393104,8920400.0
2026-02-27,99.73523712158203,99.79424965257826,99.6762170864491,99.70573085608392,9033500.0
2026-03-02,99.33662414550781,99.45502569196704,99.21822259904859,99.43528833709286,10358800.0
2026-03-03,99.22808074951172,99.36621210859566,98.90248217698765,98.92221952976793,10855000.0
2026-03-04,99.18862915039062,99.27743219666053,99.13930081588128,99.23796501249565,13744100.0
2026-03-05,98.9024887084961,98.98142306964102,98.8136931979043,98.88275888200737,8741400.0
2026-03-06,98.78409576416016,99.03075999971306,98.57689870960714,98.6360957173094,9356500.0
2026-03-09,99.09982299804688,99.13929017797683,98.62622436648235,98.7446259062722,8948500.0
2026-03-10,98.77423095703125,99.099829567341,98.77423095703125,99.02089520224857,10177700.0
2026-03-11,98.33023834228516,98.66569810258817,98.28090248219571,98.58676373748321,5932700.0
2026-03-12,97.96517181396484,98.24143456216298,97.8566389446591,98.17236887511343,10196000.0
2026-03-13,97.88623809814453,98.2118367082195,97.8171724106373,98.1230336656557,8749900.0
2026-03-16,98.27102661132812,98.32036246780623,98.11316542026884,98.26115793451353,6168700.0
2026-03-17,98.46836853027344,98.49796703493212,98.38943416612013,98.4091639933608,7377300.0
2026-03-18,98.05396270751953,98.4091598034913,98.05396270751953,98.34009411969652,8241300.0
2026-03-19,98.1624984741211,98.29076869610044,97.81717004493667,97.8369073995159,13223500.0
2026-03-20,97.34357452392578,97.84676412903667,97.34357452392578,97.81716562610013,14458600.0
2026-03-23,97.70863342285156,97.91583047240017,97.45210051634594,97.54090355334958,27624700.0
2026-03-24,97.4422378540039,97.6494349003353,97.25477063359205,97.31396763894536,16738600.0
2026-03-25,97.78756713867188,97.88623132434094,97.67903427615744,97.82703431845847,16242700.0
2026-03-26,97.23504638671875,97.64944050315816,97.23504638671875,97.52117028073985,12299400.0
2026-03-27,97.22517395019531,97.35343664005914,96.97850971981454,97.02783804933375,15511300.0
2026-03-30,97.71851348876953,97.87637469975972,97.62971044141598,97.70864481070898,12882500.0
2026-03-31,97.9454345703125,98.15263915929181,97.85663905583164,97.95530324778659,23478400.0
2026-04-01,98.01176452636719,98.18006574358517,97.93256128771051,97.98206520018007,20860900.0
2026-04-02,98.23947143554688,98.29887008761052,97.89295915654485,97.9028614496343,12024600.0
2026-04-06,98.06126403808594,98.18006133750303,98.01176012783799,98.01176012783799,14350300.0
2026-04-07,98.18006896972656,98.22957288382278,97.75436098950415,98.0810686947709,14034000.0
2026-04-08,98.4374771118164,98.72458320049198,98.3483715758372,98.67507928569943,8881800.0
2026-04-09,98.49687194824219,98.64537613362539,98.22957045714173,98.34836776285898,8004800.0
2026-04-10,98.32856750488281,98.49686871795377,98.30877047232474,98.46716939249846,4512200.0
2026-04-13,98.52657318115234,98.56617480156993,98.27906871847003,98.33847492571479,5838900.0
2026-04-14,98.78398132324219,98.79388361679472,98.50677752966655,98.53647685708725,5810800.0
2026-04-15,98.62557983398438,98.70477552063939,98.55627888738832,98.68497848728481,6536700.0
2026-04-16,98.48698425292969,98.75428576314995,98.41768330189204,98.73448872852656,10659900.0
2026-04-17,98.85327911376953,99.00178329936591,98.8136774940614,98.89288073347767,5614200.0
2026-04-20,98.84337615966797,98.88297777911133,98.70477426823447,98.88297777911133,5687900.0
2026-04-21,98.4770736694336,98.7740744832067,98.4770736694336,98.7740744832067,7583600.0
2026-04-22,98.61568450927734,98.77408344701716,98.58598518052845,98.77408344701716,7874000.0
2026-04-23,98.457275390625,98.7047798612432,98.2988764571126,98.60577958364333,5063400.0
2026-04-24,98.59587860107422,98.64538251715099,98.32857709267618,98.40778033710417,4791800.0
2026-04-27,98.44737243652344,98.5859743242469,98.36816919975676,98.52656812005371,7852000.0
2026-04-28,98.40778350830078,98.41768580248265,98.27907634364843,98.34837729644687,8672900.0
2026-04-29,97.97216796875,98.23947702471757,97.89296472600131,98.23947702471757,6764300.0
2026-04-30,98.11077117919922,98.2295760449113,98.04147022917644,98.16027509488852,13320100.0
2026-05-01,98.23990631103516,98.46836696196308,98.12070450719898,98.1803016198805,11661600.0
2026-05-04,97.93196868896484,98.14057373705134,97.75317735370157,98.11076760270112,7580400.0
2026-05-05,98.11077117919922,98.19023905008402,98.00151232982422,98.04123868679333,10045700.0
2026-05-06,98.52796936035156,98.55776791599891,98.39883218124913,98.45843687101677,6968700.0
2026-05-07,98.28956604003906,98.72663173338111,98.23990430664207,98.67696242151116,10903100.0
2026-05-08,98.51803588867188,98.59750375758449,98.46836657598321,98.54783444489583,8204700.0
2026-05-11,98.259765625,98.44849991236694,98.259765625,98.38890280202911,6848100.0
2026-05-12,97.9717025756836,98.07104119985705,97.9518393979327,98.05117044363315,6336400.0
2026-05-13,98.01143646240234,98.03130721861666,97.82270974920439,97.96177472881257,5396300.0
2026-05-14,97.98164367675781,98.22997509475009,97.97170829806555,98.20017653714677,5123900.0
2026-05-15,97.36576843261719,97.54456733724646,97.35584063347912,97.48497022852757,8026900.0
2026-05-18,97.35585021972656,97.55451232066606,97.20684985478525,97.4551812701963,7774500.0
2026-05-19,96.97837829589844,97.14724941223271,96.86911187058283,96.99824905239569,8945400.0
2026-05-20,97.56444549560547,97.62404260884655,97.01811336265156,97.03798411938072,15851000.0
2026-05-21,97.68363952636719,97.68363952636719,97.1869767077581,97.31611389081931,7072600.0
2026-05-22,97.78297424316406,97.85250673185026,97.53464284378867,97.83263597595541,6948900.0
2026-05-25,,,,,
2026-05-26,98.06111145019531,98.19024105917029,97.95184502011132,98.1207085653417,5334500.0
2026-05-27,98.14057922363281,98.23991027493432,98.10084528741753,98.15050702383157,6898700.0
2026-05-28,98.3392333984375,98.43856444173126,98.11076517823632,98.16043448911961,10300400.0
2026-05-29,98.39883422851562,98.52797141030486,98.35910029400148,98.42863278478295,8936700.0
2026-06-01,98.35000610351562,98.36993587612962,98.03107651452338,98.11081081274173,8816600.0
2026-06-02,98.37989807128906,98.50946059443186,98.33006984110214,98.4696010518346,6863300.0
2026-06-03,98.17060089111328,98.2602962674455,98.08090551478108,98.18056957866598,7331000.0
2026-06-04,98.33007049560547,98.66892983710247,98.28023466120615,98.37989872612405,7000900.0
2026-06-05,97.84170532226562,98.04104105938725,97.84170532226562,98.00117391196292,13805200.0
2026-06-08,97.84170532226562,98.1008379785833,97.8217755504939,98.07093951898528,8965200.0
2026-06-09,98.0410385131836,98.09086674325927,97.89153861519522,98.00117136679465,14475600.0
2026-06-10,97.98123931884766,98.15067660118305,97.89154393750634,98.09087207640776,4780900.0
2026-06-11,98.54933166503906,98.58919881310447,98.01113657197752,98.06097240802953,7137700.0
2026-06-12,98.42973327636719,98.48953019376164,98.2602960039485,98.39983481766997,6316800.0
2026-06-15,98.5194320678711,98.69883043015437,98.48953360813736,98.62906482281537,7115800.0
2026-06-16,98.63903045654297,98.75862429177492,98.54932747623833,98.56926485136411,6353200.0
2026-06-17,98.28023529052734,98.73869607518994,98.24036814352876,98.66893046891259,9348600.0
2026-06-18,98.56926727294922,98.77856409362766,98.53936881340671,98.66893133938454,4635600.0
2026-06-22,98.30016326904297,98.43969447905252,98.25033503911422,98.40979602031913,6323300.0
2026-06-23,98.37989807128906,98.51942928202152,98.3699293836994,98.39983544646837,12089100.0
2026-06-24,98.8582992553711,98.90812748708534,98.73869781227121,98.76859627207594,6516700.0
2026-06-25,98.91809844970703,99.09749681654185,98.90812976158257,98.98786405881606,8177800.0
2026-06-26,99.0077896118164,99.0875239056519,98.89816446264358,98.90812554646243,9919900.0
2026-06-29,99.0376968383789,99.077563985765,98.96793123142345,99.00779077492868,8163500.0
2026-06-30,98.64900207519531,98.96793165175777,98.61909601161808,98.96793165175777,19005200.0
2026-07-01,98.5,98.61000061035156,98.41999816894531,98.4800033569336,10914700.0
2026-07-02,98.61000061035156,98.66000366210938,98.48999786376953,98.54000091552734,8407100.0
2026-07-06,98.66000366210938,98.66999816894531,98.4800033569336,98.5999984741211,6837100.0
2026-07-07,98.20999908447266,98.48999786376953,98.16000366210938,98.45999908447266,9137100.0
2026-07-08,98.04000091552734,98.11000061035156,97.9000015258789,98.08000183105469,7483000.0
2026-07-09,98.18000030517578,98.30999755859375,98.04000091552734,98.12000274658203,9011000.0
2026-07-10,98.08000183105469,98.4800033569336,98.0199966430664,98.41000366210938,7745400.0
2026-07-13,97.70999908447266,98.0199966430664,97.70999908447266,97.93000030517578,8320100.0
2026-07-14,98.0,98.12999725341797,97.9000015258789,97.9800033569336,6715000.0
2026-07-15,98.13999938964844,98.26000213623047,98.05999755859375,98.05999755859375,11873000.0
2026-07-16,98.12999725341797,98.16999816894531,97.98999786376953,98.02999877929688,6691800.0
2026-07-17,98.19999694824219,98.4000015258789,98.18000030517578,98.31999969482422,6552200.0
2026-07-20,97.94999694824219,98.18000030517578,97.9000015258789,98.16999816894531,4949400.0
2026-07-21,97.73999786376953,97.9000015258789,97.72000122070312,97.8499984741211,9517800.0
2026-07-22,97.58000183105469,97.73999786376953,97.58000183105469,97.70999908447266,6313300.0
2026-07-23,97.33999633789062,97.4000015258789,97.2699966430664,97.31999969482422,6394300.0
2026-07-24,97.45999908447266,97.63999938964844,97.41000366210938,97.44999694824219,5908200.0
2026-07-27,97.69000244140625,97.7300033569336,97.58999633789062,97.63999938964844,7042100.0
2026-07-28,97.91999816894531,98.01000213623047,97.7699966430664,97.79000091552734,12019400.0
2026-07-29,97.55000305175781,97.9000015258789,97.55000305175781,97.83000183105469,6320600.0
2026-07-30,97.62000274658203,97.70999908447266,97.52999877929688,97.62000274658203,8661200.0
2026-07-31,97.37000274658203,97.48999786376953,97.23999786376953,97.4800033569336,11043400.0
