Date,Close,High,Low,Open,Volume
2016-08-01,50.049991607666016,50.30453342775522,50.00855477724572,50.2986125901878,18335300.0
2016-08-02,49.978939056396484,50.0854915170147,49.896065422168355,50.03221302856842,21959800.0
2016-08-03,50.203880310058594,50.25123796206277,49.99077539231406,50.02037505388524,13733700.0
2016-08-04,50.523536682128906,50.588652323271404,50.316352604072854,50.38738908066672,11832000.0
2016-08-05,50.63600158691406,50.7780700002952,50.6182435997756,50.689275548329455,12314900.0
2016-08-08,50.843177795410156,50.8668566133702,50.671509752404376,50.73070453916812,10800900.0
2016-08-09,51.020790100097656,51.05630608520986,50.8609591345431,50.87280080709704,13772300.0
2016-08-10,50.92605972290039,51.05629098482776,50.908301735596375,51.03261216299792,7250400.0
2016-08-11,51.05038070678711,51.12141718696595,50.967507071382336,51.008943889084726,6732600.0
2016-08-12,51.091800689697266,51.10364235729577,50.979331945149,51.02076874919792,3996500.0
2016-08-15,51.24571990966797,51.27531956767932,51.10365148701569,51.1983622633593,9396400.0
2016-08-16,51.13915252685547,51.26346292490177,51.11547371061726,51.26346292490177,8104400.0
2016-08-17,51.2102165222168,51.23389535119217,51.09774321365253,51.17469602061634,14139600.0
2016-08-18,51.4114875793457,51.4114875793457,51.21614059792365,51.251661104902986,8582700.0
2016-08-19,51.2575569152832,51.38778818411959,51.233882608470864,51.34635137278744,7474000.0
2016-08-22,51.174686431884766,51.23980207029742,51.09181280413665,51.204286091626514,5364700.0
2016-08-23,51.34634780883789,51.39370545172289,51.25755335749687,51.304911000381864,7476400.0
2016-08-24,51.20426559448242,51.370012783629804,51.198344761649395,51.340417652009016,6655300.0
2016-08-25,51.29897689819336,51.364087989246144,51.22201962611599,51.23386129086874,7482800.0
2016-08-26,51.239837646484375,51.512137543327086,51.15104763815957,51.26943732677739,10544900.0
2016-08-29,51.494361877441406,51.52396154758079,51.299019409858445,51.31677740543184,10038500.0
2016-08-30,51.52393341064453,51.58312820232177,51.37594417331488,51.494333756669356,16157400.0
2016-08-31,51.32267379760742,51.51802070561185,51.275320666557654,51.482504728256075,16985000.0
2016-09-01,51.4243278503418,51.44216215163281,51.19841914118578,51.36487866747778,14952700.0
2016-09-02,51.662132263183594,51.73941575204441,51.495672726755885,51.57890249496974,13540100.0
2016-09-06,51.72157287597656,51.727519154343916,51.63239684319204,51.64428939992674,12662000.0
2016-09-07,51.578922271728516,51.72754756276626,51.54324911761439,51.691874408652126,8245100.0
2016-09-08,51.483787536621094,51.61457848701426,51.477841256416994,51.5848516216766,8430700.0
2016-09-09,50.99034881591797,51.46000515058323,50.972514511612644,51.33516048476325,25087600.0
2016-09-12,51.168704986572266,51.26382733131811,50.85956643751436,50.88928876848515,17718300.0
2016-09-13,50.77632141113281,51.109240446438044,50.693087116624824,51.04384498797713,21907200.0
2016-09-14,50.764442443847656,51.01413178717057,50.70499324815404,50.84767222495529,14257700.0
2016-09-15,51.06169128417969,51.08547186881418,50.79416764448649,50.82983625359685,9964800.0
2016-09-16,51.07359313964844,51.08548116628791,50.877406682470344,50.99630509159936,8396600.0
2016-09-19,51.10329055786133,51.16868601170276,51.0200608049143,51.10923683612365,9855500.0
2016-09-20,51.043853759765625,51.186532722889595,50.96062398663644,51.127083532894815,8705600.0
2016-09-21,51.4659423828125,51.49566924188382,51.05573531317406,51.07357415002598,17484300.0
2016-09-22,51.63835906982422,51.79887234986498,51.54918300949809,51.63835906982422,11813600.0
2016-09-23,51.578922271728516,51.70376697191815,51.54324911761439,51.60270286257663,13122600.0
2016-09-26,51.35300064086914,51.53135277561145,51.31138574752036,51.465957295251485,6590500.0
2016-09-27,51.50163650512695,51.507582787024084,51.20438590984834,51.28167396745862,8516500.0
2016-09-28,51.846431732177734,51.858324292175276,51.406502261604956,51.59079612042274,11149300.0
2016-09-29,51.6502571105957,51.83455554719106,51.460016928327136,51.82266298447718,13425800.0
2016-09-30,51.87616729736328,51.89400160466815,51.709707714939874,51.72159574124864,12158000.0
2016-10-03,51.843929290771484,51.89767450307536,51.742416124665276,51.843929290771484,10708800.0
2016-10-04,51.754337310791016,51.95139542130685,51.6886512739524,51.9155683306078,11057500.0
2016-10-05,51.89164733886719,51.945387938931724,51.80804781265625,51.933447101972654,9424500.0
2016-10-06,51.92154312133789,51.94542937013997,51.790175586680625,51.93348852365699,9455200.0
2016-10-07,52.04096221923828,52.064848462465434,51.79613164303632,51.9454172463297,10824200.0
2016-10-10,52.19024658203125,52.24995991076228,52.04096098228622,52.07678806835784,4182300.0
2016-10-11,51.897640228271484,52.118579966724,51.81403611369827,52.11260726800429,8855400.0
2016-10-12,51.8797607421875,51.969333066307875,51.79019297390477,51.87379259486042,7915300.0
2016-10-13,51.748374938964844,51.814056427294936,51.61103014957125,51.71851598949439,10614800.0
2016-10-14,51.8677978515625,51.93945659157645,51.79613911154854,51.897656798860574,6766300.0
2016-10-17,51.796142578125,51.945428212935234,51.77822903088153,51.855855920881886,7790000.0
2016-10-18,52.0051383972168,52.023056499208046,51.84391192598151,51.98125670623329,8404600.0
2016-10-19,52.15442657470703,52.18428552365094,52.034999890603345,52.046945292515296,9874300.0
2016-10-20,52.16041564941406,52.19624731056191,52.058902480476185,52.15444294658319,12558000.0
2016-10-21,52.172340393066406,52.22010832928349,51.99319582578666,52.058881863400195,8332900.0
2016-10-24,52.20222091674805,52.28582054177336,52.11862129172273,52.238052581643096,7200800.0
2016-10-25,52.172340393066406,52.20219478372264,52.088740809892016,52.14845414704007,6906500.0
2016-10-26,51.963348388671875,52.16040654515895,51.94543483914334,52.04097984441099,13813300.0
2016-10-27,51.772216796875,52.02898807491291,51.68264912905106,52.00510184488235,19333100.0
2016-10-28,51.52144241333008,51.74835942728009,51.47964263010266,51.71252778748896,19745600.0
2016-10-31,51.366207122802734,51.539379032522646,51.312466472805205,51.50952463446959,21174600.0
2016-11-01,51.16582489013672,51.393760086285766,50.967878638119316,51.393760086285766,26184000.0
2016-11-02,50.93791961669922,51.12986637934394,50.87793711144246,51.08188312096161,19593600.0
2016-11-03,50.94990539550781,51.123857818230206,50.90791719529003,51.045876463275334,12699700.0
2016-11-04,50.97391891479492,51.13587215611367,50.93193069842544,51.039896475056366,10970400.0
2016-11-07,51.68772506713867,51.71771861531896,51.39980714064878,51.43579573736679,14416200.0
2016-11-08,51.573734283447266,51.66370573098618,51.429770814643646,51.44776510415143,20370600.0
2016-11-09,51.21382522583008,51.58572395298442,51.16584198391519,51.255813422737006,24858900.0
2016-11-10,50.54203796386719,51.105879077919404,50.51204441917007,51.105879077919404,33213300.0
2016-11-11,50.06816101074219,50.506037410515304,49.93619675556506,50.38007277867489,16442900.0
2016-11-14,50.440032958984375,50.50002001305866,49.93017503394085,49.936174654622214,21036000.0
2016-11-15,51.10587692260742,51.17185905706048,50.697989444339555,50.697989444339555,17888600.0
2016-11-16,50.90192794799805,50.985904365549224,50.82395115352095,50.889928701849854,11965700.0
2016-11-17,50.76395797729492,51.03988111272691,50.763957977294915,50.89592221084304,12017600.0
2016-11-18,50.76395797729492,50.94990965928135,50.67398652384936,50.871928297800565,17781800.0
2016-11-21,51.171852111816406,51.19584602803116,50.889929316757424,50.89592893990401,11581600.0
2016-11-22,51.549720764160156,51.603703612150206,51.23780461009898,51.25579889276233,16648100.0
2016-11-23,51.357765197753906,51.39975337546206,51.15381935147988,51.1598189701148,10662900.0
2016-11-25,51.42375946044922,51.44175374425027,51.345778128819035,51.387766316477894,2009600.0
2016-11-28,51.41779327392578,51.58574613376967,51.26783470958343,51.357810763463284,16897400.0
2016-11-29,51.35178756713867,51.405770428863136,51.24381726731964,51.28580546300648,9164000.0
2016-11-30,51.37579345703125,51.46576949059227,51.243829217991234,51.40578241730414,15211300.0
2016-12-01,51.135379791259766,51.40650933183468,51.135379791259766,51.38240821316738,18249400.0
2016-12-02,51.44267654418945,51.44870297514995,51.20167446760914,51.25589855579372,9360400.0
2016-12-05,51.57521438598633,51.61739019593806,51.44266052704704,51.46676164656496,9782100.0
2016-12-06,51.83430480957031,51.85237950318943,51.60535102902921,51.653553276559755,16090600.0
2016-12-07,52.09341812133789,52.177769807885596,51.85843776640898,51.900613609682836,20886400.0
2016-12-08,52.087371826171875,52.11749938708911,51.89456738803465,52.03917416425288,10782100.0
2016-12-09,52.11149215698242,52.189822005501135,52.0331669052858,52.0632944773041,6463400.0
2016-12-12,52.039154052734375,52.2259319871402,51.98492538340514,52.20785729630333,8457100.0
2016-12-13,52.16569137573242,52.32234179056441,52.153638515010265,52.23196831924576,10739200.0
2016-12-14,51.77404022216797,52.322325699096496,51.725837987742715,52.16567533244153,15672400.0
2016-12-15,51.798179626464844,51.90060600271432,51.66562568222601,51.6897268172532,11221700.0
2016-12-16,51.84632110595703,51.97284846887854,51.83426825416484,51.94272093621414,15722200.0
2016-12-19,51.9788932800293,52.04517020374193,51.87646697858908,51.888519835710355,5897900.0
2016-12-20,52.05119705200195,52.105425715848696,51.930696060726326,51.99697298497337,11072400.0
2016-12-21,52.14156723022461,52.18976945819258,52.015039829421774,52.02708808800503,17461400.0
2016-12-22,52.2540283203125,52.2540283203125,52.090807467683035,52.1512577563356,8507600.0
2016-12-23,52.35077667236328,52.35682308817476,52.235922444328786,52.272191715069795,4230500.0
2016-12-27,52.302371978759766,52.387007895007336,52.260056326666074,52.28423735815678,5840600.0
2016-12-28,52.22982406616211,52.374905616851464,52.20564303903733,52.374905616851464,6961200.0
2016-12-29,52.302371978759766,52.32051121142293,52.217740674572376,52.272149148441514,3794300.0
2016-12-30,52.32052230834961,52.41119543059588,52.217751749701925,52.33865693279887,7513400.0
2017-01-03,52.53813934326172,52.56231576428466,52.41118776655864,52.520000109403796,14050100.0
2017-01-04,52.822269439697266,52.82831585250964,52.592556485505064,52.592556485505064,11912400.0
2017-01-05,52.74367904663086,52.84644499346601,52.71345159776821,52.74972545881562,10458600.0
2017-01-06,52.73161697387695,52.76183982566019,52.61675814573569,52.68930129172966,6836400.0
2017-01-09,52.719486236572266,52.76180188829329,52.6227667235214,52.71948623657226,6648800.0
2017-01-10,52.72554016113281,52.85248713438666,52.701359126409116,52.77994403021555,11777000.0
2017-01-11,52.75575256347656,52.78598000391916,52.659033055768035,52.74366435453545,11914200.0
2017-01-12,52.76786422729492,52.77391063995452,52.6711400729874,52.74368318871804,12512300.0
2017-01-13,52.7860107421875,52.83437283023384,52.65301730609135,52.74974148218403,8861000.0
2017-01-17,52.73161697387695,52.767886240842216,52.683254876547636,52.749751607359585,8633000.0
2017-01-18,52.77992630004883,52.77992630004882,52.652979369439805,52.71342962991183,12715500.0
2017-01-19,52.61069869995117,52.77391958499525,52.55629481297802,52.743692128635296,10703200.0
2017-01-20,52.71347427368164,52.72556710325317,52.57443901805103,52.628842914933486,9262000.0
2017-01-23,52.71347427368164,52.72556710325317,52.6167546974251,52.67115859430756,13561300.0
2017-01-24,52.7497444152832,52.78601367730339,52.659066648169905,52.68324769353764,7490500.0
2017-01-25,52.9371337890625,52.9371337890625,52.79809395212794,52.834367820754686,8953900.0
2017-01-26,52.91291809082031,52.949187323629566,52.8403796252018,52.89478347441568,7443900.0
2017-01-27,52.961299896240234,53.00966196606352,52.864575756593666,52.87062216833679,7888100.0
2017-01-30,52.85248565673828,52.918982347354145,52.77994255459534,52.882713102313005,7637600.0
2017-01-31,52.79808044433594,52.846442515423945,52.701360914220864,52.82830789178118,12249400.0
2017-02-01,52.99361038208008,53.02397062818261,52.79324387537896,52.94503584124529,12489400.0
2017-02-02,53.02395248413086,53.04823974623749,52.90858914720475,52.98751927481011,10886200.0
2017-02-03,53.115055084228516,53.17577095365537,53.08469483335313,53.139337726140134,12674000.0
2017-02-06,53.07862854003906,53.14541739451541,53.03612696285634,53.12720309462632,7004900.0
2017-02-07,52.99964904785156,53.139294971946256,52.993576076097824,53.139294971946256,11170100.0
2017-02-08,53.03611755371094,53.042190530038056,52.89647152445283,52.999688960395545,11107300.0
2017-02-09,53.10896682739258,53.15146838699547,53.03610502564937,53.03610502564937,7292600.0
2017-02-10,53.14536666870117,53.157512611917255,53.066436567076906,53.13929369709313,5471800.0
2017-02-13,53.224342346191406,53.26077093922271,53.18183614455671,53.18790912083647,7477200.0
2017-02-14,53.26076126098633,53.285048529368396,53.10896930784048,53.2182596993984,8785000.0
2017-02-15,53.278953552246094,53.29109486526189,53.16966320582045,53.2060917771887,10582800.0
2017-02-16,53.236454010009766,53.47932197034586,53.133236632371265,53.22431269653743,8917800.0
2017-02-17,53.291099548339844,53.30324549474386,53.13323930365781,53.18180919231005,6247300.0
2017-02-21,53.46719741821289,53.46719741821289,53.29111819232323,53.29111819232323,10437800.0
2017-02-22,53.49147033691406,53.50361628430894,53.39432591936331,53.436827470602076,10963600.0
2017-02-23,53.5400505065918,53.612912301677945,53.47933466018109,53.606839327340225,8150200.0
2017-02-24,53.58254623413086,53.65540802129182,53.467182895873094,53.497543131937235,8390200.0
2017-02-27,53.64934158325195,53.64934158325195,53.54612417977441,53.582552761631845,5693300.0
2017-02-28,53.606834411621094,53.655408937224266,53.57647417503868,53.612907385401925,5868400.0
2017-03-01,53.80442810058594,53.85321017140005,53.77393523533885,53.77393523533885,10612100.0
2017-03-02,53.6336669921875,53.81661485270974,53.6336669921875,53.81661485270974,9193000.0
2017-03-03,53.6580810546875,53.71906214753901,53.55441273158402,53.67637491728704,15059300.0
2017-03-06,53.4873161315918,53.59708392690836,53.47512177769341,53.57269056655382,17066300.0
2017-03-07,53.13972091674805,53.42023759269538,53.127526562384226,53.37755037358509,17023100.0
2017-03-08,52.78602600097656,53.0970355525352,52.77993114986071,53.011661111332145,22433500.0
2017-03-09,52.645755767822266,52.883585168743764,52.56647619914387,52.67624397284278,21260700.0
2017-03-10,52.62747573852539,52.981167855523914,52.49331457403441,52.981167855523914,20643900.0
2017-03-13,52.670127868652344,52.7372084062071,52.51767294740153,52.676222715662796,13512300.0
2017-03-14,52.5115966796875,52.572577744655696,52.43841661019145,52.51769618195143,12808500.0
2017-03-15,53.2373046875,53.2373046875,52.639678851485826,52.6884655835194,19654600.0
2017-03-16,53.08485412597656,53.37756523779988,53.0726551156577,53.35927137488083,15807500.0
2017-03-17,53.103111267089844,53.20677952031541,53.07871791587982,53.20677952031541,9984500.0
2017-03-20,52.99943542480469,53.097004163117745,52.99943542480469,53.097004163117745,12220600.0
2017-03-21,52.621395111083984,53.15803530899181,52.61529560526692,53.10315371431749,16918200.0
2017-03-22,52.74945068359375,52.79213791422955,52.456734921691684,52.59089611870683,14054600.0
2017-03-23,52.767723083496094,52.90188422594223,52.67015430425355,52.70674201489984,10618900.0
2017-03-24,52.9506950378418,52.96898890148984,52.81043432894112,52.81043432894112,8920800.0
2017-03-27,52.89576721191406,52.920160561788485,52.6884307168151,52.76160611388261,7788700.0
2017-03-28,53.188507080078125,53.20680093771048,52.871398039257635,52.871398039257635,16871700.0
2017-03-29,53.29825973510742,53.38973364983715,53.18849196794306,53.22507967281232,12266300.0
2017-03-30,53.548274993896484,53.560473995292384,53.34093849572455,53.42021339457455,16367900.0
2017-03-31,53.529998779296875,53.60317885411323,53.47511721260264,53.499510570874754,11778400.0
2017-04-03,53.50122833251953,53.568595179245925,53.421615092030486,53.562469646158235,20664400.0
2017-04-04,53.51960754394531,53.5808488659196,53.458366221971026,53.5073611485158,8473900.0
2017-04-05,53.47673034667969,53.715574738210705,53.44610735395512,53.60533850578003,11102300.0
2017-04-06,53.5440673828125,53.59918313213655,53.46445418742995,53.52569546637115,7234500.0
2017-04-07,53.51960754394531,53.6604667896582,53.51960754394531,53.617597397034864,5457800.0
2017-04-10,53.59310531616211,53.66047217882355,53.55635678135616,53.60535171282154,7996900.0
2017-04-11,53.488975524902344,53.629834746856865,53.42773421325747,53.629834746856865,8005800.0
2017-04-12,53.52571487426758,53.64819747656095,53.47671996438551,53.52571487426757,8723800.0
2017-04-13,53.41545867919922,53.58081059767424,53.37871484674034,53.507322932756466,10446700.0
2017-04-17,53.574710845947266,53.586957237454605,53.421605253840255,53.482846556200684,7158700.0
2017-04-18,53.562461853027344,53.62370315775568,53.42160731939338,53.56858738522379,9062800.0
2017-04-19,53.51346206665039,53.709437027380275,53.482843753280754,53.593079960717034,8643200.0
2017-04-20,53.69105911254883,53.70331017445868,53.550204607463336,53.57470205887192,7766000.0
2017-04-21,53.64820861816406,53.71557546513963,53.580841771188496,53.6727060781927,11328200.0
2017-04-24,53.89927291870117,53.90539377586016,53.81965505153389,53.86864994326606,8904700.0
2017-04-25,53.997257232666016,54.01562914869187,53.91151850960539,53.93601595510986,12493400.0
2017-04-26,53.94829559326172,54.0340390415812,53.936049199166284,53.94829559326172,7269000.0
2017-04-27,53.985008239746094,53.99113376892896,53.899269520824895,53.94825973705861,6897900.0
2017-04-28,53.966670989990234,54.040158697750364,53.936047996815006,53.99116845004786,7542800.0
2017-05-01,53.994346618652344,54.03124750646644,53.93899059454973,53.96974446264912,10336000.0
2017-05-02,54.01279830932617,54.06200262246839,53.975897420660296,54.05585091023023,10792800.0
2017-05-03,54.06196975708008,54.09271891481474,54.00046674923205,54.05581804858166,7413400.0
2017-05-04,53.77293014526367,54.0250940243676,53.72372583486929,54.0250940243676,20562500.0
2017-05-05,53.865177154541016,53.91438145589238,53.7421664011626,53.77292026260232,14935200.0
2017-05-08,53.92668914794922,53.9574430145004,53.840583952463405,53.88363655020631,8199200.0
2017-05-09,53.88977813720703,54.03123463505072,53.883626426576335,54.000485466657906,10810000.0
2017-05-10,54.12348556518555,54.14808771261894,53.95742693548494,54.03122868540529,10824900.0
2017-05-11,54.12964630126953,54.14809674182623,54.018938965548706,54.086593709177016,8461400.0
2017-05-12,54.111183166503906,54.16653447518887,54.06813058451131,54.160382765652926,8929900.0
2017-05-15,54.23420715332031,54.2772597495624,54.19115455707822,54.19730626865025,10690200.0
2017-05-16,54.31415557861328,54.33875773023034,54.23420210514329,54.289553426996214,12638900.0
2017-05-17,54.07428741455078,54.18499474439033,54.04353824605002,54.13579044393268,14055700.0
2017-05-18,54.135799407958984,54.221909294208494,53.895934268985506,53.91438940399827,10731800.0
2017-05-19,54.23420715332031,54.31416063423246,54.20345328784122,54.22805544174828,15998800.0
2017-05-22,54.40026092529297,54.40026092529297,54.28955358887639,54.344909603275,7181800.0
2017-05-23,54.394100189208984,54.42484935178202,54.3387441887704,54.42484935178202,6998400.0
2017-05-24,54.48637771606445,54.49868114072072,54.369523336119805,54.43102638225619,8533600.0
2017-05-25,54.44329833984375,54.58475949953169,54.42484790431474,54.48635092020454,7985500.0
2017-05-26,54.47407531738281,54.48637404882967,54.43102271874686,54.43102271874686,2909500.0
2017-05-30,54.5294303894043,54.554027851869265,54.44332050125195,54.46792265609815,5371100.0
2017-05-31,54.52328109741211,54.55403027304863,54.44947462959785,54.535579829190425,13758400.0
2017-06-01,54.68202590942383,54.725262384955386,54.533787237947415,54.57702371347897,19189300.0
2017-06-02,54.71287155151367,54.76228597707137,54.66345712595598,54.69434232003429,9491600.0
2017-06-05,54.66348648071289,54.749959415666055,54.63877925466605,54.694371691376816,10384400.0
2017-06-06,54.577003479003906,54.66965438148466,54.54611827403677,54.65112514347264,14386500.0
2017-06-07,54.4658317565918,54.62642636488476,54.39788806509944,54.62642636488476,13329000.0
2017-06-08,54.509063720703125,54.564651438739496,54.37317634894177,54.47817851351336,14208300.0
2017-06-09,54.55229187011719,54.632586799185056,54.47817021160972,54.564643123658286,10414900.0
2017-06-12,54.644954681396484,54.6881911468492,54.533774525600734,54.57083300672555,9900000.0
2017-06-13,54.743770599365234,54.74994858275994,54.66347566491643,54.66965364831113,8640400.0
2017-06-14,54.74994659423828,54.817890271850544,54.675824933455694,54.811712288680226,8850700.0
2017-06-15,54.53993225097656,54.63257841937502,54.428752136478856,54.61404918569533,10860500.0
2017-06-16,54.44728088378906,54.58934148234407,54.43492491983327,54.58934148234407,11996100.0
2017-06-19,54.614070892333984,54.63260013337822,54.5337759436685,54.552305184712736,6398400.0
2017-06-20,54.422607421875,54.49055112851284,54.41642943606544,54.4473146526908,18318500.0
2017-06-21,54.10758590698242,54.45348236069507,54.05817145467754,54.42877513454263,26728100.0
2017-06-22,54.25583267211914,54.2805399019696,54.126123249720955,54.16318645070776,18699400.0
2017-06-23,54.47818374633789,54.490539715369025,54.27435738153861,54.28053065363273,11337700.0
2017-06-26,54.55229187011719,54.57699908961967,54.447289721546824,54.46581895806862,9504500.0
2017-06-27,54.37934494018555,54.564642014055664,54.34228646789556,54.55229076076573,15293300.0
2017-06-28,54.6016960144043,54.62640322924844,54.42257224109885,54.4843379219995,9755500.0
2017-06-29,54.4658317565918,54.59554115514409,54.391710080667025,54.5152462072083,14548400.0
2017-06-30,54.59552764892578,54.651120070221864,54.484347518753836,54.53993994004992,8202000.0
2017-07-03,54.56885528564453,54.74254191353573,54.51302473661913,54.59366833714409,13882000.0
2017-07-05,54.525447845458984,54.655712850342255,54.4882258922017,54.6060867344038,16269100.0
2017-07-06,54.38896179199219,54.51922675711517,54.3021184819102,54.50682259822008,15424700.0
2017-07-07,54.339324951171875,54.407559643122084,54.24627721373027,54.345529395695856,15731200.0
2017-07-10,54.40137481689453,54.426187871334044,54.32073593942078,54.33934454709886,12286600.0
2017-07-11,54.364158630371094,54.413784740189286,54.2897194656438,54.40137584643158,9261400.0
2017-07-12,54.71775817871094,54.71775817871094,54.50685422687515,54.58128868864863,17979900.0
2017-07-13,54.76115036010742,54.78596341153498,54.668102600405525,54.72393314926892,11744600.0
2017-07-14,54.91625213623047,54.94106519839097,54.742565433714674,54.79839127412002,12626700.0
2017-07-17,54.93483352661133,54.95344213085824,54.88521215948801,54.92863381359926,10158100.0
2017-07-18,54.95967102050781,54.98448408140808,54.879032122037536,54.92245379546114,9221100.0
2017-07-19,55.05274200439453,55.102368147098005,54.97830279033933,55.01552476367166,8250900.0
2017-07-20,55.0837287902832,55.114741562710805,55.003085170236446,55.10853711518256,11827800.0
2017-07-21,55.0402946472168,55.077511858736884,54.99066854345284,55.071307412614956,8771700.0
2017-07-24,55.0837287902832,55.083728790283196,54.99068100778677,55.02789822774262,4707500.0
2017-07-25,55.1085205078125,55.151946894816525,55.07750774473082,55.12713384478796,7292900.0
2017-07-26,55.18918991088867,55.23261158559198,55.12095517455382,55.18918991088867,7279800.0
2017-07-27,55.14574432373047,55.2077745846078,55.089913776116994,55.18296153373576,11624500.0
2017-07-28,55.15196228027344,55.15196228027344,55.0651142146432,55.11474032854428,4945300.0
2017-07-31,55.15196228027344,55.20158366156781,55.077523109421826,55.083727556811134,9779900.0
2017-08-01,55.206787109375,55.23793353743275,55.169415197527854,55.19433138951852,14946800.0
2017-08-02,55.21922302246094,55.2628251509829,55.18184637495956,55.20676255586862,7422700.0
2017-08-03,55.113338470458984,55.22545891991149,55.075961819124096,55.1693963190472,9548300.0
2017-08-04,55.12578201293945,55.13823772578318,55.069724176730176,55.113326300095736,6451600.0
2017-08-07,55.10089874267578,55.12581493551885,55.063526829550106,55.12581493551885,5204700.0
2017-08-08,54.86418914794922,55.125801982914936,54.808126539155566,55.07596960893763,18534700.0
2017-08-09,54.65242385864258,54.80192103507483,54.61505194067376,54.752088642930744,15001700.0
2017-08-10,54.303585052490234,54.5901140651111,54.2599829147496,54.540281692757056,24749700.0
2017-08-11,54.397010803222656,54.47798483105157,54.35340867250312,54.421926985387515,17434300.0
2017-08-14,54.68354415893555,54.77697866148441,54.55896323811165,54.55896323811165,12566000.0
2017-08-15,54.702232360839844,54.74583449685406,54.64617450836859,54.68977664438281,6830500.0
2017-08-16,54.70847702026367,54.79568131528538,54.68979106451297,54.74584893176507,11716100.0
2017-08-17,54.403228759765625,54.6897624388916,54.372087100573786,54.63993008145445,14112300.0
2017-08-18,54.48419952392578,54.6212361106071,54.37207911230237,54.496655235317505,14324400.0
2017-08-21,54.5402717590332,54.571418174150764,54.47175344759516,54.55273222599052,7763400.0
2017-08-22,54.764530181884766,54.81436256112324,54.55897518173401,54.590121606827374,12982200.0
2017-08-23,54.7707405090332,54.79565668959578,54.633703892076745,54.67107578678286,6449500.0
2017-08-24,54.851722717285156,54.85795295142443,54.73960226415933,54.795664866860356,8480100.0
2017-08-25,54.951358795166016,54.970044735562176,54.82055246011911,54.83923840051528,6622800.0
2017-08-28,54.95760726928711,54.98251869656887,54.90154467721484,54.98251869656887,5161700.0
2017-08-29,54.88911819458008,54.9078041511302,54.80813937982573,54.820599852377725,8991600.0
2017-08-30,55.0385856628418,55.063501844379104,54.90154904052448,54.90777927397773,13431100.0
2017-08-31,55.18810272216797,55.194332958412154,55.075982231161824,55.075982231161824,12705200.0
2017-09-01,55.24440002441406,55.26316434245581,55.13806570737281,55.13806570737281,10535700.0
2017-09-05,55.11927032470703,55.20684027435306,55.01918765528052,55.20684027435306,9560500.0
2017-09-06,55.081764221191406,55.21937557371365,55.069256267419696,55.18810330318104,9023300.0
2017-09-07,55.088016510009766,55.16933013402884,55.081760147483266,55.16933013402884,8784000.0
2017-09-08,54.912864685058594,55.08174825917305,54.912864685058594,55.08174825917305,7688700.0
2017-09-11,55.088016510009766,55.16307854370869,54.950405167664904,55.006702885990684,8047600.0
2017-09-12,55.15679931640625,55.16305567633923,55.075485726095025,55.11301434128415,4752800.0
2017-09-13,55.175575256347656,55.1880879788516,55.07549733734302,55.10676959919211,11725900.0
2017-09-14,55.25063705444336,55.27565772714609,55.14430277461076,55.150554363632416,9554600.0
2017-09-15,55.300689697265625,55.31319765006957,55.19435062350358,55.21937130131781,8248000.0
2017-09-18,55.27568054199219,55.30695281662411,55.24440349515294,55.281932133594175,7442200.0
2017-09-19,55.33195877075195,55.33821513289588,55.24438878956124,55.29443014230053,7208300.0
2017-09-20,55.32569122314453,55.37573256576672,55.244377620537314,55.34446030578167,10087200.0
2017-09-21,55.256874084472656,55.35070038933536,55.24436613751954,55.34444880196086,6932300.0
2017-09-22,55.313194274902344,55.313194274902344,55.231880656122556,55.25064497028666,7570500.0
2017-09-25,55.344444274902344,55.35695222083233,55.26938228271127,55.294402946774966,4326200.0
2017-09-26,55.413265228271484,55.46956293587886,55.38199296600556,55.39450091647084,8816500.0
2017-09-27,55.43828582763672,55.45705491161783,55.35071585787995,55.41326515453401,7490100.0
2017-09-28,55.43828582763672,55.463306500739435,55.407013565412406,55.43828582763672,5934000.0
2017-09-29,55.519596099853516,55.519596099853516,55.41951342205935,55.48206270957834,8906900.0
2017-10-02,55.491336822509766,55.522743005137585,55.4222470542571,55.4348114440725,13097600.0
2017-10-03,55.591854095458984,55.59813150086368,55.4913581060336,55.4913581060336,5928800.0
2017-10-04,55.53529739379883,55.59182755884421,55.503896006027155,55.57298576779916,5832400.0
2017-10-05,55.60442352294922,55.60442352294922,55.52905630947604,55.52905630947604,5967900.0
2017-10-06,55.522743225097656,55.579268603758855,55.491337042345414,55.5541446159392,5847400.0
2017-10-09,55.52901077270508,55.56669434853911,55.51016419287862,55.54785256062209,3278400.0
2017-10-10,55.57297897338867,55.604380357321176,55.52273100880508,55.604380357321176,8786500.0
2017-10-11,55.51646423339844,55.57299440723205,55.503904634719284,55.57299440723205,7948700.0
2017-10-12,55.45364761352539,55.5227373747719,55.45364761352539,55.5227373747719,6181100.0
2017-10-13,55.47878646850586,55.54159405231585,55.44738028064513,55.52903445231845,3941200.0
2017-10-16,55.51015853881836,55.52272292408957,55.44735098818917,55.51644073145396,6060300.0
2017-10-17,55.591854095458984,55.62325549822003,55.510199906072735,55.510199906072735,7468100.0
2017-10-18,55.64835739135742,55.67976357355606,55.59810941660385,55.61067380624755,7974400.0
2017-10-19,55.654632568359375,55.67975655256813,55.54785922940467,55.572983213613426,7270600.0
2017-10-20,55.70486068725586,55.729984662512095,55.65461273674339,55.68601890379076,7107000.0
2017-10-23,55.6420783996582,55.73629215976706,55.6420783996582,55.71116817094397,7227200.0
2017-10-24,55.6420783996582,55.70489076767137,55.635800996385605,55.66092498520869,7103700.0
2017-10-25,55.485042572021484,55.60438028978514,55.40967541714729,55.60438028978514,16817000.0
2017-10-26,55.41598129272461,55.56043826257363,55.39085729972659,55.54159646580304,10649800.0
2017-10-27,55.566715240478516,55.57927483984219,55.41597608855812,55.45994187419787,13720000.0
2017-10-30,55.554141998291016,55.591830374200015,55.459933038294714,55.459933038294714,5954500.0
2017-10-31,55.566715240478516,55.59183923111711,55.547873445477364,55.57927483984219,7198400.0
2017-11-01,55.51374435424805,55.62726959062969,55.50744087187362,55.61465781406222,9505500.0
2017-11-02,55.48219299316406,55.551569769431005,55.43804457297755,55.50742134924449,6096800.0
2017-11-03,55.48851013183594,55.55157862618374,55.419133344508055,55.513733680120914,7003200.0
2017-11-06,55.49479675292969,55.52633339643117,55.431728277742934,55.45695663018088,12262400.0
2017-11-07,55.33715057373047,55.488520763348696,55.318230502982836,55.482212469159954,11805400.0
2017-11-08,55.09113693237305,55.3371072833059,55.0659085871729,55.3371072833059,18120000.0
2017-11-09,54.81996154785156,54.95871509954842,54.69382458002726,54.95871509954842,38343500.0
2017-11-10,54.939788818359375,54.98393723328356,54.794726991141985,54.83257192666011,24521600.0
2017-11-13,54.901939392089844,54.97131614833216,54.88932281178277,54.89563110193631,16280500.0
2017-11-14,54.66858673095703,54.845180379972504,54.63074660954402,54.81995202842515,13870600.0
2017-11-15,54.66858673095703,54.719043434051756,54.37846790588647,54.52983320335458,25382000.0
2017-11-16,55.20469284057617,55.248841266322735,54.89565386035019,54.94611057886556,30075200.0
2017-11-17,55.16685485839844,55.19208321863971,55.084861484659896,55.097478070689384,15942100.0
2017-11-20,55.1794548034668,55.267751639473666,55.14161467712575,55.19837486663731,8930300.0
2017-11-21,55.2929573059082,55.31818565038916,55.22988885061318,55.22988885061318,10102400.0
2017-11-22,55.381290435791016,55.41913538324607,55.31191364591093,55.32453023233523,9473800.0
2017-11-24,55.41912841796875,55.45066025643075,55.39390006010879,55.41912841796875,3126500.0
2017-11-27,55.24882888793945,55.419119071821285,55.21098876343968,55.419119071821285,10645400.0
2017-11-28,55.41912841796875,55.4317401909901,55.267758270809004,55.27406656322831,10403700.0
2017-11-29,55.34975814819336,55.42543841885906,55.29930142653768,55.38759828352621,11806200.0
2017-11-30,55.36239242553711,55.46960939377194,55.36239242553712,55.36870072126263,17981500.0
2017-12-01,55.344635009765625,55.4206422015545,55.091287368395726,55.369970740361914,15485800.0
2017-12-04,55.32560729980469,55.490287051807876,55.3066067192455,55.420615034894766,14801700.0
2017-12-05,55.29397201538086,55.38897497099093,55.281301733101635,55.357308929886514,9347600.0
2017-12-06,55.24325942993164,55.36360286052121,55.23058915708367,55.28759572031308,10081700.0
2017-12-07,55.26864242553711,55.300308470160815,55.21163581353868,55.26864242553712,8955900.0
2017-12-08,55.32560729980469,55.33827757504024,55.274935863450764,55.312941856863276,9100400.0
2017-12-11,55.338294982910156,55.35096042983576,55.287623530616415,55.32562470368889,11847900.0
2017-12-12,55.31292724609375,55.38892954825469,55.30659211014939,55.38892954825469,8846700.0
2017-12-13,55.344635009765625,55.38897133023501,55.312968970742645,55.338304701338934,7495000.0
2017-12-14,55.23064041137695,55.35731909594892,55.14830289062846,55.31931307442847,19337000.0
2017-12-15,55.236968994140625,55.319306505111314,55.23063385258991,55.29397560350275,14223900.0
2017-12-18,55.29397201538086,55.3509737887469,55.24963569199722,55.255966000840004,11735200.0
2017-12-19,55.179935455322266,55.32560980105802,55.16093004160971,55.29394377612581,10985000.0
2017-12-20,55.22428512573242,55.268621437206725,55.16094339594441,55.23061543287481,11857400.0
2017-12-21,55.282161712646484,55.32668235841993,55.250364024172,55.288523191295965,11195700.0
2017-12-22,55.33301544189453,55.377536064821385,55.2757767205817,55.313935868123586,11136900.0
2017-12-26,55.41569519042969,55.41569519042969,55.28849479708444,55.294856272466895,5798900.0
2017-12-27,55.44115447998047,55.466595537496545,55.38391573985848,55.38391573985848,5625500.0
2017-12-28,55.41569519042969,55.466577288721375,55.396615616666296,55.45385919034044,6116500.0
2017-12-29,55.498409271240234,55.530206960262454,55.38392691550985,55.422086083291134,5116800.0
2018-01-02,55.54928207397461,55.56200503046889,55.49204332690883,55.52384586575837,7223500.0
2018-01-03,55.816444396972656,55.82916250873967,55.549315525974556,55.549315525974556,20557100.0
2018-01-04,55.91180419921875,55.962681459530174,55.82275807580673,55.85456060933855,13610900.0
2018-01-05,55.94996643066406,55.97540748840982,55.89272283763969,55.949966430664055,9851600.0
2018-01-08,55.90547180175781,55.9881516386077,55.88003073217603,55.94363097993655,9804000.0
2018-01-09,55.73371124267578,55.962675874575716,55.720993141963504,55.962675874575716,13550400.0
2018-01-10,55.61287307739258,55.6891913874993,55.50474738409986,55.65103223244594,33182000.0
2018-01-11,55.7973518371582,55.80370846537005,55.62562582767951,55.66378500650235,12911500.0
2018-01-12,55.70193099975586,55.78461081122713,55.68285141652298,55.708287625909236,12088500.0
2018-01-16,55.67012405395508,55.797329352751774,55.619241934436396,55.740085755196766,18474100.0
2018-01-17,55.676456451416016,55.77185916258689,55.663733501988716,55.68917454845985,16340400.0
2018-01-18,55.619239807128906,55.68920150569472,55.587442122935414,55.651042343708205,16134900.0
2018-01-19,55.676456451416016,55.68281792612966,55.58105374024513,55.61285626142991,14401800.0
2018-01-22,55.72736358642578,55.746443166757004,55.644678935142935,55.644678935142935,16674700.0
2018-01-23,55.892723083496094,55.90544603861774,55.733720111174875,55.76552264659337,11600300.0
2018-01-24,55.81005859375,55.892738415177725,55.746458357852745,55.8418611378921,10746300.0
2018-01-25,55.77190399169922,55.90546595374135,55.721021857858204,55.90546595374135,11039300.0
2018-01-26,55.816444396972656,55.8673216964298,55.733759687125286,55.791003321049544,7164100.0
2018-01-29,55.619239807128906,55.76552468205355,55.60652170392867,55.73372214547425,19590800.0
2018-01-30,55.428436279296875,55.62559840921547,55.42207480183273,55.619236931751324,18469300.0
2018-01-31,55.52383804321289,55.60015636188173,55.466594451825785,55.52383804321289,12692800.0
2018-02-01,55.41910934448242,55.55962187390224,55.38717777958826,55.47659395779792,17920000.0
2018-02-02,55.06782150268555,55.323298333073396,55.02311342282882,55.27859025321667,24787000.0
2018-02-05,54.761234283447266,55.253027908523926,54.65904650119608,55.01032278915113,28071300.0
2018-02-06,55.093387603759766,55.15725561393947,54.61437021818675,54.61437021818675,33924300.0
2018-02-07,54.88898849487305,55.32329763924096,54.83789215487325,55.17000861924157,24298100.0
2018-02-08,54.409950256347656,54.92728709879184,54.403561998111236,54.86980739310395,25419300.0
2018-02-09,54.25666809082031,54.55685291895524,53.6946231159556,54.4674367836998,47230300.0
2018-02-12,54.62710189819336,54.71013463620364,54.390789946165974,54.416333233293315,23448100.0
2018-02-13,54.45469665527344,54.556884494931396,54.358892205532605,54.49301648604308,14679900.0
2018-02-14,54.55044937133789,54.569609268552156,54.224716500259035,54.28219619190183,19332400.0
2018-02-15,54.99115753173828,54.99115753173829,54.67820108348859,54.67820108348859,21931600.0
2018-02-16,55.21471405029297,55.25303873986225,54.97201375615725,54.98478540413705,29195600.0
2018-02-20,55.02311706542969,55.170012963477106,54.99756889341806,55.055048625832555,22740600.0
2018-02-21,54.77401351928711,55.16999789527599,54.761237000363074,55.08058175406468,15656700.0
2018-02-22,54.81232833862305,55.01670876746639,54.761232013208755,54.799556693676365,14626900.0
2018-02-23,55.17638397216797,55.195543876981894,54.81871942147059,54.85703923109844,15919500.0
2018-02-26,55.27220916748047,55.3616253388013,55.176404734546466,55.214724558593716,10996300.0
2018-02-27,55.125301361083984,55.24665395218736,55.05504511074153,55.233882303404755,13840900.0
2018-02-28,55.04225540161133,55.23386418018689,55.00393559502168,55.189156114894416,8751000.0
2018-03-01,54.67740249633789,55.10061449707561,54.67740249633789,55.08779211470712,24974200.0
2018-03-02,54.98520278930664,55.01085245055479,54.6902390232119,54.70947504610485,18767600.0
2018-03-05,54.98520278930664,55.02367483509254,54.869781759776295,54.869781759776295,9000200.0
2018-03-06,55.06216049194336,55.113454930389295,54.94673944413651,55.03651082663368,14462900.0
2018-03-07,54.92752456665039,55.02370473337664,54.88904760778457,54.9980550581912,8195200.0
2018-03-08,54.99162292480469,55.01727258908329,54.89543790680323,54.99162292480469,10201800.0
2018-03-09,55.190391540527344,55.22886358377128,55.00443517789443,55.05573449700124,8942600.0
2018-03-12,55.10062026977539,55.190391632275364,55.01084890727541,55.14550595102538,10126500.0
2018-03-13,54.92752456665039,55.17118914264909,54.89546124962476,55.10065375893296,19020400.0
2018-03-14,54.863346099853516,55.00441673400775,54.837696448900864,54.97235833944496,10802500.0
2018-03-15,54.90184783935547,54.98520557350331,54.82489885171467,54.85696215294156,8647900.0
2018-03-16,55.017276763916016,55.023685511342045,54.882614793191586,54.914678099016186,11006000.0
2018-03-19,54.79282760620117,54.946725559169444,54.728705905217154,54.927489538091464,14298800.0
2018-03-20,54.90184783935547,54.921083863222435,54.780013165300765,54.780013165300765,14317800.0
2018-03-21,54.92109298706055,55.023686762118885,54.837730346891064,54.87620729318995,8643700.0
2018-03-22,54.59407043457031,54.86979826069134,54.58124804617651,54.792849253806125,15972300.0
2018-03-23,54.452999114990234,54.75437660682761,54.388877389363444,54.69025488120083,21847400.0
2018-03-26,54.80565643310547,54.818478816796365,54.58763677298162,54.72870745444311,12454200.0
2018-03-27,54.754337310791016,54.90823032028434,54.63891633062838,54.81205024695762,12661500.0
2018-03-28,54.72871017456055,54.78642313446884,54.6325251694951,54.735123812810926,14642900.0
2018-03-29,54.9146728515625,54.95314490113688,54.754366122105075,54.81848783545342,10299600.0
2018-04-02,54.70154571533203,54.9011378269821,54.65647637037266,54.80456416791929,18902700.0
2018-04-03,54.8560905456543,54.862530429578726,54.65649835372639,54.7981463269109,12994100.0
2018-04-04,54.9783935546875,55.010588044418455,54.662908186519864,54.662908186519864,9677200.0
2018-04-05,55.023468017578125,55.100731852814675,54.99127843703867,55.004153286816475,10152000.0
2018-04-06,54.901126861572266,55.049214629541304,54.83674279765977,54.99127044567681,12680800.0
2018-04-09,55.107181549072266,55.120061314482115,54.991293133531,55.017042839968234,9043200.0
2018-04-10,55.30674743652344,55.33250204063289,55.16509957001567,55.177974415976166,11434100.0
2018-04-11,55.32608413696289,55.37115348400877,55.2488202939455,55.287454671549405,7675500.0
2018-04-12,55.52566146850586,55.53854122834009,55.351824008256614,55.390453463381085,23692600.0
2018-04-13,55.5578498840332,55.63511369802717,55.525655400155244,55.564289763246514,16213400.0
2018-04-16,55.64159393310547,55.69954306879347,55.551455199539745,55.62227919194032,10781600.0
2018-04-17,55.66733932495117,55.796112431679624,55.64802458698984,55.72528845102691,15577600.0
2018-04-18,55.6093864440918,55.72527976598903,55.59006679694977,55.705960118847,13745600.0
2018-04-19,55.43555450439453,55.52569322603192,55.36473052136632,55.50637848742275,19345500.0
2018-04-20,55.30031967163086,55.429087808197835,55.28744482284998,55.40333811063607,17693500.0
2018-04-23,55.152278900146484,55.268167364193594,55.100769641330025,55.2617323909865,15971100.0
2018-04-24,55.04280471801758,55.223082160001844,54.971980735496345,55.1715778281434,17872600.0
2018-04-25,55.04924011230469,55.07499473222956,54.881837538888746,54.991295901617335,15078400.0
2018-04-26,55.24239730834961,55.28102678214307,55.062114968866666,55.0943094718222,17479700.0
2018-04-27,55.21663284301758,55.3196463921628,55.12005426356289,55.28745680713831,7014700.0
2018-04-30,55.17799758911133,55.27457616703483,55.17156261952282,55.177997589111335,12473000.0
2018-05-01,55.21870803833008,55.21870803833008,55.07645765241643,55.141115573354504,18707700.0
2018-05-02,55.1993293762207,55.31571564556068,55.16699793853773,55.218726265596565,12057000.0
2018-05-03,55.19288635253906,55.2187505274326,55.10236420695518,55.2187505274326,21626200.0
2018-05-04,55.23168182373047,55.251078722217265,55.06357208145351,55.0958986012358,14862100.0
2018-05-07,55.28340148925781,55.30279838469708,55.21874352676484,55.2381404222041,23063900.0
2018-05-08,55.1993293762207,55.26398731850185,55.16053066438418,55.25105277019475,13693500.0
2018-05-09,55.28984832763672,55.30924521590596,55.17992440563689,55.18639167942147,10476200.0
2018-05-10,55.451507568359375,55.4709044608009,55.315724388183064,55.328654005448904,13375800.0
2018-05-11,55.43212890625,55.503249224230245,55.36746599939801,55.451525805070716,8505100.0
2018-05-14,55.44504928588867,55.49031035328839,55.328662979277055,55.42565239030113,14695800.0
2018-05-15,55.173492431640625,55.34806945523294,55.13469370066338,55.322205278943855,20008800.0
2018-05-16,55.244632720947266,55.26402962517218,55.147643266734114,55.199371633392936,13028100.0
2018-05-17,55.276939392089844,55.322200463384156,55.179949972720074,55.179949972720074,13198300.0
2018-05-18,55.21870803833008,55.25750180427629,55.173447000365115,55.18637661131947,14241600.0
2018-05-21,55.29633712768555,55.32866857899457,55.21228226060369,55.21228226060369,7000400.0
2018-05-22,55.33515548706055,55.367482016751154,55.28989439902281,55.32222092871341,6220700.0
2018-05-23,55.38039779663086,55.38039779663087,55.21228312674301,55.27047875339482,13053100.0
2018-05-24,55.4127082824707,55.42564283268954,55.29632199592877,55.29632199592877,12468600.0
2018-05-25,55.32216262817383,55.373890940871924,55.25750470384292,55.33509717289006,12895700.0
2018-05-29,55.08943557739258,55.21875646576767,55.06357633280504,55.199359565783276,13519800.0
2018-05-30,55.25751876831055,55.27691565723849,55.147599775662435,55.147599775662435,15145000.0
2018-05-31,55.20579147338867,55.283383963634115,55.19286185822348,55.276916689509136,17391000.0
2018-06-01,55.3317985534668,55.357779566924755,55.2733400343435,55.305817540008846,12891000.0
2018-06-04,55.44871520996094,55.48118776293312,55.35778413304358,55.38376019327251,13830900.0
2018-06-05,55.51366424560547,55.54613679797769,55.40324864787044,55.448714185489095,10614100.0
2018-06-06,55.65006637573242,55.66955090016188,55.45521122069298,55.47470070049487,6920900.0
2018-06-07,55.66954040527344,55.70850944678586,55.56562130944981,55.61757837967588,13764400.0
2018-06-08,55.637115478515625,55.68258105098698,55.57865691083775,55.5981414482718,9784000.0
2018-06-11,55.741031646728516,55.76051618310811,55.65659700395846,55.663088545834675,10429300.0
2018-06-12,55.78645324707031,55.838415273377535,55.70851020760948,55.74748420502568,12432400.0
2018-06-13,55.80596160888672,55.89040117655217,55.74750802084789,55.79947006935375,9958900.0
2018-06-14,55.96831130981445,55.98130429313128,55.877380248081515,55.90985775100237,13954300.0
2018-06-15,55.93585968017578,55.96184070115415,55.85142012315282,55.929363186087926,16303700.0
2018-06-18,55.92937088012695,55.94235891471633,55.84493626686163,55.89040182098507,11512000.0
2018-06-19,55.85139465332031,55.8773756624506,55.773456581300266,55.818922108435565,12543200.0
2018-06-20,55.90985870361328,55.9423312517162,55.87738120013906,55.90985870361328,10422800.0
2018-06-21,55.79294967651367,55.90336526576378,55.77346515551325,55.90336526576378,8132500.0
2018-06-22,55.79943084716797,55.916337941070026,55.77994137614742,55.88386540010952,7385200.0
2018-06-25,55.66954040527344,55.73449045958465,55.61757837967588,55.70850944678586,13975400.0
2018-06-26,55.663063049316406,55.6825525321443,55.59811297267638,55.66955954359237,7503900.0
2018-06-27,55.54615020751953,55.6695588202934,55.51367764730803,55.63058976589034,13119200.0
2018-06-28,55.39026641845703,55.47470597283978,55.31232831333193,55.43573196490431,13829300.0
2018-06-29,55.26035690307617,55.54613816569945,55.2473639175098,55.46170358100631,17450500.0
2018-07-02,55.313201904296875,55.32625333597313,55.195763907524295,55.22186179321406,22438600.0
2018-07-03,55.31970977783203,55.43062202299389,55.287086186826244,55.352328391176684,10098600.0
2018-07-05,55.52850341796875,55.54154987143952,55.38496754147758,55.391493257044225,12729400.0
2018-07-06,55.67204284667969,55.672042846679695,55.53503267701308,55.54155341533327,9640300.0
2018-07-09,55.75688934326172,55.80908514584961,55.6916470788597,55.698172798599614,11517200.0
2018-07-10,55.76338577270508,55.83515371915014,55.75686005639286,55.78295794397862,7531700.0
2018-07-11,55.6785774230957,55.750345383757406,55.65248450800425,55.71120103345614,14111200.0
2018-07-12,55.854736328125,55.88083422058774,55.74382401840641,55.76992191086914,10327300.0
2018-07-13,55.854736328125,55.92650428798151,55.854736328125,55.90040639551878,9860300.0
2018-07-16,55.81560134887695,55.867792164900465,55.78950345203277,55.861271423938064,7963100.0
2018-07-17,55.83515167236328,55.88082172954844,55.75033229640307,55.77643018303215,10721000.0
2018-07-18,55.861244201660156,55.9003885390182,55.80252271796066,55.85471848621301,12838600.0
2018-07-19,55.83515167236328,55.87429601347544,55.77643018303215,55.82862595629029,6907300.0
2018-07-20,55.861244201660156,55.906914254465356,55.83514631753398,55.861244201660156,9329000.0
2018-07-23,55.841678619384766,55.90692583204324,55.841678619384766,55.893874398446165,7459200.0
2018-07-24,55.95909881591797,55.998248126580506,55.848186553974855,55.848186553974855,11803700.0
2018-07-25,56.06350326538086,56.07654972016812,55.9264930906311,55.972163148881016,11342300.0
2018-07-26,56.070037841796875,56.115707907263584,56.04393995043535,56.070037841796875,9233600.0
2018-07-27,56.05048751831055,56.09615760158119,55.98524027563897,56.07658044218027,10811200.0
2018-07-30,56.070037841796875,56.115707907263584,56.0113163418175,56.070037841796875,8400500.0
2018-07-31,56.1875,56.20707218251261,56.14182991491524,56.17444855988095,10709500.0
2018-08-01,56.23793029785156,56.27068852945002,56.13309195921538,56.19206477444001,23297900.0
2018-08-02,56.27069091796875,56.27724456415348,56.16585757384985,56.19206715962141,10989200.0
2018-08-03,56.31654357910156,56.34275315888615,56.25102212912321,56.2575757738109,6940500.0
2018-08-06,56.42140579223633,56.42140579223633,56.264153245899884,56.264153245899884,7521900.0
2018-08-07,56.44761276245117,56.50003194178578,56.264150633748116,56.264150633748116,8408200.0
2018-08-08,56.4148063659668,56.46067186305356,56.401704080640975,56.43446229343766,10103600.0
2018-08-09,56.37554168701172,56.441063166398806,56.349332095463204,56.42140722247952,6354700.0
2018-08-10,56.277252197265625,56.35588096524505,56.2313866656863,56.28380584433925,9473300.0
2018-08-13,56.23793029785156,56.323107698768105,56.19861342137943,56.323107698768105,10479000.0
2018-08-14,56.336212158203125,56.355868095967395,56.25758340817915,56.27068570036638,9767700.0
2018-08-15,56.23793029785156,56.283795821263105,56.17240883568751,56.264139882510605,14684800.0
2018-08-16,56.310001373291016,56.3427596025435,56.25758220772692,56.29034543594617,14931800.0
2018-08-17,56.37554168701172,56.395197630931,56.28381061607612,56.28381061607612,15280900.0
2018-08-20,56.40171432495117,56.44757983036855,56.36895110723941,56.40826296932139,8174900.0
2018-08-21,56.486907958984375,56.539327122832276,56.40827921321252,56.4213865036578,9281400.0
2018-08-22,56.50655746459961,56.53276704354061,56.4803478856586,56.4803478856586,8297400.0
2018-08-23,56.50000762939453,56.558975431545605,56.47379805100541,56.50655627476736,7751800.0
2018-08-24,56.59832000732422,56.6179809517024,56.51314257756073,56.53279852297009,7458500.0
2018-08-27,56.61793518066406,56.650693396874345,56.59172560831698,56.611381537836095,5581700.0
2018-08-28,56.591758728027344,56.617968315713306,56.55899549367796,56.591758728027344,8175300.0
2018-08-29,56.55897521972656,56.604840731994265,56.532765641435596,56.57207750938908,7403700.0
2018-08-30,56.513126373291016,56.578647838857876,56.4934704335177,56.56554554533146,8481700.0
2018-08-31,56.585182189941406,56.624494056082966,56.53276303577554,56.539316679787696,9569300.0
2018-09-04,56.46738815307617,56.54635612724556,56.40816593784938,56.520033469189094,16029000.0
2018-09-05,56.40818786621094,56.48057394887247,56.3884471201279,56.46083320278944,13369200.0
2018-09-06,56.454246520996094,56.48056918706611,56.40818311050735,56.4608284426474,13137500.0
2018-09-07,56.39497756958008,56.44104094601022,56.34891419314993,56.34891419314993,12374700.0
2018-09-10,56.50687026977539,56.52002908751666,56.441061119469204,56.46080687688103,6997900.0
2018-09-11,56.52001953125,56.57924675240492,56.434474679062255,56.434474679062255,17897800.0
2018-09-12,56.651668548583984,56.69115506462199,56.539800964304426,56.539800964304426,14041900.0
2018-09-13,56.7569465637207,56.796428050411244,56.70430123444336,56.70430123444336,10375800.0
2018-09-14,56.80958557128906,56.84906705358614,56.743781427282464,56.75035832730906,12945000.0
2018-09-17,56.77009201049805,56.80957850842033,56.74377437259485,56.796414668934986,13279900.0
2018-09-18,56.76353073120117,56.82933488513432,56.75036688809347,56.7832714753276,19882300.0
2018-09-19,56.658241271972656,56.78327268147604,56.645082449120565,56.750368093542974,14471100.0
2018-09-20,56.73721694946289,56.73721694946289,56.54638135880105,56.671412785226096,15360100.0
2018-09-21,56.750370025634766,56.77669269277035,56.72404735849919,56.737211202334684,10966700.0
2018-09-24,56.72404861450195,56.75695320428386,56.6450856318822,56.72404861450195,10229400.0
2018-09-25,56.67795944213867,56.71086401696611,56.651636786383364,56.67795944213867,13240400.0
2018-09-26,56.73721694946289,56.81617993833268,56.70431235707654,56.71747620224544,19504800.0
2018-09-27,56.842464447021484,56.855628283352864,56.7700784087965,56.796401060926726,7996600.0
2018-09-28,56.881980895996094,56.901721640358346,56.77669023201718,56.82275364237416,17085200.0
2018-10-01,57.04657745361328,57.04657745361328,56.94081081420876,56.9540341657498,22566000.0
2018-10-02,57.000282287597656,57.04655391243467,56.967228965615995,57.02011226349511,13577600.0
2018-10-03,56.8482780456543,57.05319464338001,56.78878808240433,57.033364655630024,17930600.0
2018-10-04,56.6367301940918,56.782156778299935,56.57062857669632,56.729273467091495,24935100.0
2018-10-05,56.38554382324219,56.63012031970377,56.38554382324219,56.61690201309651,25063300.0
2018-10-08,56.25994873046875,56.425205305274915,56.24011874840888,56.418593630178144,12869500.0
2018-10-09,56.345863342285156,56.3921349675481,56.26654343796519,56.27976174094221,19488500.0
2018-10-10,55.942626953125,56.25992164300636,55.92940865252611,56.25992164300636,25204700.0
2018-10-11,55.9889030456543,56.18721287308596,55.902971476822394,56.074839657714605,37665300.0
2018-10-12,56.2863655090332,56.32602545562324,56.147550652739895,56.259923863563785,31877600.0
2018-10-15,56.2467155456543,56.3128221986025,56.21366726240974,56.240108914943114,16658500.0
2018-10-16,56.43843078613281,56.45165413800717,56.34588749593661,56.35249917187379,18955700.0
2018-10-17,56.32606887817383,56.42522386431707,56.27979722373793,56.35912222129894,18739400.0
2018-10-18,56.08808135986328,56.31283292760294,56.08808135986328,56.28639127003177,28653800.0
2018-10-19,56.12115478515625,56.23352808764277,56.08810144055089,56.22030977574001,20606400.0
2018-10-22,56.1475715637207,56.2863864717127,56.10129992772337,56.25333314175886,15049900.0
2018-10-23,56.09467315673828,56.12111480493929,55.889756687216334,55.9558582861045,20873200.0
2018-10-24,55.81707000732422,56.134359850439225,55.79724002253342,56.10791818964112,23827800.0
2018-10-25,55.92942810058594,55.969088059401365,55.8104431809099,55.92942810058594,29513700.0
2018-10-26,55.6782341003418,55.87653891679291,55.63856910246819,55.73111235879122,27424100.0
2018-10-29,55.625370025634766,55.81706827805869,55.55265672150049,55.79062661807978,23379400.0
2018-10-30,55.757545471191406,55.75754547119141,55.51957569330822,55.638560582249816,24105300.0
2018-10-31,55.757545471191406,55.91619030870405,55.75754547119141,55.82364706655264,23047900.0
2018-11-01,56.0133171081543,56.073106254012714,55.80074305163658,55.86052712932971,33115700.0
2018-11-02,55.98008728027344,56.15280524466221,55.8937308321611,56.079732454657886,19675800.0
2018-11-05,56.026607513427734,56.09304103197058,55.953539765729204,55.98010709134727,12299600.0
2018-11-06,56.17273712158203,56.17273712158204,56.053163917746055,56.073097008522424,14675500.0
2018-11-07,56.498291015625,56.51157468545173,56.22592763657573,56.22592763657573,26155500.0
2018-11-08,56.358726501464844,56.518160784019635,56.34544284533362,56.365370863612135,20677500.0
2018-11-09,56.0399055480957,56.25247966549286,55.986760751704736,56.24583529890231,20869300.0
2018-11-12,55.69445037841797,56.07310312198552,55.67452235363336,56.01995834378323,22319600.0
2018-11-13,55.6014518737793,55.81402592730519,55.554951457950665,55.70774143462485,22907600.0
2018-11-14,55.495155334472656,55.79408579017124,55.36229341225675,55.674512594258985,44747700.0
2018-11-15,55.481849670410156,55.481849670410156,55.12977455330835,55.262636434963554,32332600.0
2018-11-16,55.31581497192383,55.335748069294546,55.13645764091635,55.24274722089569,64912800.0
2018-11-19,55.14312744140625,55.295912447890785,55.07005458850722,55.16969984865757,36567300.0
2018-11-20,54.970375061035156,55.116520675729255,54.937158305635485,54.99030308700885,21901900.0
2018-11-21,55.24937438964844,55.36230324246066,55.18294595082742,55.24937438964843,16560400.0
2018-11-23,54.943817138671875,55.0700347606291,54.943817138671875,55.0235343317238,9708100.0
2018-11-26,55.20286178588867,55.229434169182426,55.07664930044819,55.15636138216557,19807100.0
2018-11-27,55.176292419433594,55.1829367826613,55.05007992709228,55.096580333357856,14370700.0
2018-11-28,55.634674072265625,55.64795773458847,55.176309165558706,55.2095259236144,23513100.0
2018-11-29,55.64794158935547,55.727658744661234,55.495156710224705,55.52836839047893,17927900.0
2018-11-30,55.535030364990234,55.62803120825715,55.50181867420396,55.50845797146171,15081000.0
2018-12-03,55.91940689086914,55.93942495631832,55.719216054248456,55.819311472558795,27052900.0
2018-12-04,55.572418212890625,55.85935573860106,55.51903330320841,55.80597082891884,32066500.0
2018-12-06,55.37887954711914,55.44560811195581,55.19871191295381,55.28545853813517,27661900.0
2018-12-07,55.272151947021484,55.64583623368475,55.272151947021484,55.559089550299795,28901200.0
2018-12-10,55.3121452331543,55.358855732791206,55.09193641012488,55.26543473351739,23434700.0
2018-12-11,55.41223907470703,55.55904495264446,55.36552857636899,55.505660071383126,19243900.0
2018-12-12,55.592411041259766,55.77925304925257,55.57906736543009,55.59908542470605,17571500.0
2018-12-13,55.725860595703125,55.78591475988858,55.67247572238601,55.71918621377305,15859200.0
2018-12-14,55.492332458496094,55.70586695428513,55.452291240429176,55.6324639940704,16397600.0
2018-12-17,55.131996154785156,55.492336597882826,55.08528563944274,55.44562099147606,24124900.0
2018-12-18,55.03208923339844,55.266752328302246,54.91140462526622,55.219819709321484,25284300.0
2018-12-19,54.535926818847656,55.152761969451234,54.46888096548899,55.05889675169496,32062700.0
2018-12-20,54.05990219116211,54.43536823011086,53.644214772882634,54.35491012563511,68796100.0
2018-12-21,53.79168701171875,54.26101288948899,53.70452283779826,54.033050952237424,56295000.0
2018-12-24,53.38941955566406,53.87215782740323,53.38941955566406,53.79170485896011,18853600.0
2018-12-26,54.287845611572266,54.287845611572266,53.33578138775813,53.45646594537328,25010300.0
2018-12-27,54.254337310791016,54.287862798903035,53.89228352332072,53.96603550495011,31806100.0
2018-12-28,54.33479309082031,54.52252353957285,54.207402379764915,54.30126760414118,30106400.0
2018-12-31,54.374996185302734,54.529206196291355,54.368290067798306,54.435341012304846,14153600.0
2019-01-02,54.3012809753418,54.38173909402115,54.07332397865881,54.12025660240368,26977400.0
2019-01-03,54.32809066772461,54.41525489291387,54.160473453463936,54.247637678653206,32776600.0
2019-01-04,55.239933013916016,55.313685003141956,54.69014871304112,54.75719458089965,38754000.0
2019-01-07,55.77629089355469,55.77629089355469,55.36059847219048,55.36730459123815,38127600.0
2019-01-08,56.13835525512695,56.14505626017724,55.82323409854825,55.910393201641305,30795000.0
2019-01-09,56.205379486083984,56.326064029076186,56.17856013038916,56.21878660629687,40909400.0
2019-01-10,56.4266357421875,56.460156100596656,56.01764951660448,56.09140146648136,50520000.0
2019-01-11,56.24562072753906,56.30596557251136,56.17186875883425,56.198688121569674,19793300.0
2019-01-14,56.06459045410156,56.165156659564346,56.01765785312898,56.098110817499204,20137700.0
2019-01-15,56.25232696533203,56.27914632812385,56.01766393499163,56.06459654105971,24799000.0
2019-01-16,56.33946990966797,56.413221857388734,56.292537317051924,56.326062789750075,26508100.0
2019-01-17,56.493709564208984,56.51382281227345,56.24563423578009,56.27915972606862,24574400.0
2019-01-18,56.65461349487305,56.76859196299651,56.58086151778822,56.60097476330754,36236400.0
2019-01-22,56.27916717529297,56.54735067201201,56.20541517911354,56.54064966528465,25504200.0
2019-01-23,56.39311981201172,56.47357789329413,56.23220876471687,56.359594332659896,18529400.0
2019-01-24,56.4534912109375,56.46690345631144,56.27917294325898,56.373038199785206,17875500.0
2019-01-25,56.59428024291992,56.64791386535982,56.54734251096871,56.56075475303237,16775200.0
2019-01-28,56.50712966918945,56.5406551671778,56.36633178512941,56.44678991113778,14694100.0
2019-01-29,56.47358322143555,56.55403619503852,56.3394864066465,56.55403619503852,18717000.0
2019-01-30,56.92280960083008,57.00996871475172,56.54064253937107,56.54734354525389,25993500.0
2019-01-31,57.0635986328125,57.150757733261486,56.90938856172642,56.90938856172642,27070400.0
2019-02-01,57.03599166870117,57.08987669176531,56.94169544771824,57.02252298231445,24749900.0
2019-02-04,57.170719146728516,57.20439858265016,56.988863553528816,57.04274859549926,15968400.0
2019-02-05,57.372745513916016,57.43336228983154,57.20435872914152,57.21109563938442,33188300.0
2019-02-06,57.318878173828125,57.39296879306246,57.264993152792535,57.32561508614719,25936800.0
2019-02-07,57.1235466003418,57.18416853133381,57.02251861328553,57.137020424454796,27119400.0
2019-02-08,57.110076904296875,57.12354558941327,56.968632586163025,57.056191886314984,16728100.0
2019-02-11,57.13701248168945,57.16395498741186,57.04944805340225,57.096596153727084,10051800.0
2019-02-12,57.413169860839844,57.43337545744418,57.29866805424328,57.305404966030736,20174000.0
2019-02-13,57.332340240478516,57.4603107157452,57.28519214143134,57.44684203262774,25088400.0
2019-02-14,57.33908462524414,57.399706559500856,57.15722909999102,57.23805663274714,19406700.0
2019-02-15,57.520938873291016,57.56135006578229,57.440111349550506,57.440111349550506,24052000.0
2019-02-19,57.54111862182617,57.57479802627861,57.42661686869692,57.45355936450774,11317700.0
2019-02-20,57.588287353515625,57.62196677004406,57.4737855593309,57.56134484804437,9925700.0
2019-02-21,57.534446716308594,57.60853737880798,57.48729858006003,57.554652326306346,15479800.0
2019-02-22,57.648895263671875,57.70278026632063,57.58154157973929,57.6017471710434,12330300.0
2019-02-25,57.69607162475586,57.81057344721941,57.669129112630536,57.72974591084345,13698200.0
2019-02-26,57.77012252807617,57.83748133744742,57.7027688574606,57.73644826214622,16049300.0
2019-02-27,57.79035186767578,57.830763055309916,57.74320376918351,57.79035186767578,14818900.0
2019-02-28,57.75667953491211,57.810564550870495,57.72300011524863,57.77688513120702,21340600.0
2019-03-01,57.92039489746094,57.95422501641015,57.84597276517381,57.87980288412302,26455300.0
2019-03-04,57.83245086669922,58.01512011074581,57.73772755444119,57.988057044636676,16034400.0
2019-03-05,57.80539321899414,57.839218183487105,57.75126708170234,57.83245628764005,14510100.0
2019-03-06,57.7106819152832,57.79186596911252,57.68361884342237,57.778337014058685,16806400.0
2019-03-07,57.670074462890625,57.73772954962533,57.56182735646556,57.73096765417843,28101100.0
2019-03-08,57.57536315917969,57.58889727518821,57.37915977107906,57.494179110140024,21043400.0
2019-03-11,57.764808654785156,57.77157571386314,57.541547322748464,57.555076279150754,17922400.0
2019-03-12,57.866268157958984,57.90009827654931,57.70389494457848,57.71742389496377,20180500.0
2019-03-13,58.021888732910156,58.0286506283058,57.8865733987142,57.9001075130099,24524800.0
2019-03-14,57.98128128051758,58.069237522601746,57.96775233037071,57.99481539241574,12342500.0
2019-03-15,58.035423278808594,58.10307837155095,58.01512726716116,58.02189432496121,21775300.0
2019-03-18,58.01513671875,58.06926286646298,57.961010571037015,58.04219979260649,10498900.0
2019-03-19,58.048954010009766,58.157201119735916,58.015123884734614,58.05571590566287,14067200.0
2019-03-20,58.29925537109375,58.38721159743271,57.94744595098905,58.05569301804035,31184400.0
2019-03-21,58.28573989868164,58.36016203275115,58.21131776461213,58.22484671546497,16400700.0
2019-03-22,58.07600784301758,58.218090229806464,58.01511981589552,58.197789059013736,27030400.0
2019-03-25,58.05571365356445,58.12337390149008,57.947466548037426,58.03541764388765,23592100.0
2019-03-26,58.197811126708984,58.285767414906324,58.10986000026565,58.15045203373888,18762700.0
2019-03-27,58.238380432128906,58.34662752347036,58.10306511576268,58.23161337587271,16706700.0
2019-03-28,58.35340118408203,58.35340118408203,58.21132395713104,58.245148918737215,19706700.0
2019-03-29,58.502220153808594,58.54281215487245,58.387206042961076,58.40073498939906,22358900.0
2019-04-01,58.48798370361328,58.6306864231899,58.474395190334064,58.583118849997696,21353900.0
2019-04-02,58.515174865722656,58.53556023099815,58.39965433950991,58.50158116588737,15129300.0
2019-04-03,58.535552978515625,58.65107349041552,58.50837076669033,58.57632370401517,13746500.0
2019-04-04,58.62388610839844,58.63068295687453,58.52875096763853,58.54234466459071,14435700.0
2019-04-05,58.732608795166016,58.78017636056432,58.67144753423917,58.685041229767705,14227000.0
2019-04-08,58.6986198425293,58.71901038238367,58.65105228515226,58.70541668914742,11472100.0
2019-04-09,58.657859802246094,58.72581272736392,58.62388074744925,58.66465665010064,19118700.0
2019-04-10,58.91609573364258,58.91609573364258,58.732622277695874,58.732622277695874,16767000.0
2019-04-11,59.00442886352539,59.024814223443485,58.882111519540736,58.909293727590224,20976100.0
2019-04-12,59.092777252197266,59.12675631418626,58.9772567365978,59.07239188879465,17442800.0
2019-04-15,59.05199432373047,59.08596819422263,59.00442675746073,59.08596819422263,13940000.0
2019-04-16,59.018009185791016,59.09955579862382,58.997623828701656,59.09275895143558,11543800.0
2019-04-17,58.87530517578125,59.07916911103443,58.86850832874608,59.07916911103443,11818600.0
2019-04-18,58.902503967285156,58.977253752296974,58.834551031222595,58.977253752296974,15295500.0
2019-04-22,58.80055618286133,58.88889964205125,58.793759335737036,58.86171743802937,24591400.0
2019-04-23,59.00442886352539,59.03840273523019,58.841335615228466,58.87531467140935,15094100.0
2019-04-24,58.922882080078125,59.018017215756096,58.91608523196511,59.018017215756096,11938800.0
2019-04-25,58.950069427490234,58.990840150770715,58.82775207317229,58.91609036843883,14369000.0
2019-04-26,59.099552154541016,59.106349001310164,59.01800554673639,59.01800554673639,11937200.0
2019-04-29,59.07237243652344,59.119939996958074,59.07237243652344,59.085960946158224,7601200.0
2019-04-30,59.07917785644531,59.14713078343028,59.06558416036272,59.0995632160932,11168100.0
2019-05-01,58.88532638549805,59.28112655658944,58.87850080837168,59.090046841780236,24574300.0
2019-05-02,58.92631912231445,59.015036080594015,58.81031024529655,58.93314470519618,24936600.0
2019-05-03,59.076446533203125,59.09691807400757,59.00820632839035,59.04232382759979,18522700.0
2019-05-06,59.10371398925781,59.110539568231154,58.68744218053573,58.81027657009948,18893700.0
2019-05-07,58.74888229370117,58.994551179551685,58.65334497213637,58.96043368264628,30266300.0
2019-05-08,58.76938247680664,58.892216968718415,58.70796262765294,58.75573130748554,27527500.0
2019-05-09,58.680641174316406,58.72840983435056,58.46909499507853,58.680641174316406,30890400.0
2019-05-10,58.84443664550781,58.89902569280396,58.516876329757935,58.66018234090019,33782400.0
2019-05-13,58.30532455444336,58.530516718290436,58.29167338912287,58.46910209353053,34801600.0
2019-05-14,58.434967041015625,58.57145263341459,58.36672684801265,58.42132108497223,18128500.0
2019-05-15,58.48954391479492,58.523666604363264,58.305294927743645,58.33941241092054,19543700.0
2019-05-16,58.6670036315918,58.76254096536291,58.55099475578319,58.57146629782068,29384100.0
2019-05-17,58.64651870727539,58.7557019753594,58.54415581405142,58.54415581405142,27089400.0
2019-05-20,58.591915130615234,58.742046655894015,58.53732090207892,58.63285819882138,15780000.0
2019-05-21,58.776161193847656,58.78981235349266,58.6806239019004,58.6806239019004,15004300.0
2019-05-22,58.82395553588867,58.82395553588867,58.667003576153384,58.74206936781607,14976200.0
2019-05-23,58.53049850463867,58.68063003808118,58.46225831845366,58.660158502864924,18333400.0
2019-05-24,58.44864273071289,58.667014563795306,58.44181714663042,58.59877434215615,17611600.0
2019-05-28,58.3940544128418,58.56465758749734,58.33946014741706,58.516888906849616,20544600.0
2019-05-29,58.237060546875,58.359894963570696,58.17564594172337,58.31895189346961,25441900.0
2019-05-30,58.359893798828125,58.448610724133125,58.30530477524697,58.33942226418615,20311900.0
2019-05-31,57.93683624267578,58.237094274630934,57.92318507380779,58.16885404947728,34947400.0
2019-06-03,58.03004837036133,58.119165284335075,57.906652903996964,58.030048370361335,58940600.0
2019-06-04,58.61273956298828,58.61959631861343,58.20827989403039,58.20827989403039,34113300.0
2019-06-05,58.749881744384766,58.76359526461012,58.56479106274668,58.66762154373473,28368700.0
2019-06-06,58.87324523925781,58.928088829964665,58.660732862984595,58.73614149266336,23538600.0
2019-06-07,59.02406311035156,59.09947174081187,58.379669218471776,58.95551123634385,29934000.0
2019-06-10,59.113182067871094,59.18858546409488,59.078903517628284,59.133747105947805,17482200.0
2019-06-11,59.1954460144043,59.40796362522099,59.10632910030231,59.30513319807392,34293700.0
2019-06-12,59.0583381652832,59.19544190517999,59.04462465319008,59.181733623259284,18195500.0
2019-06-13,59.1954460144043,59.23658132336679,59.12689413969717,59.16117269213713,19438500.0
2019-06-14,59.154296875,59.20228369485002,59.10631005514998,59.174861907768424,8842000.0
2019-06-17,59.065223693847656,59.154340645174976,59.03780188647579,59.1200620784164,10554000.0
2019-06-18,59.476539611816406,59.483391140943795,59.32572228821548,59.34628733594744,22540400.0
2019-06-19,59.757572174072266,59.77128568537758,59.33254746670565,59.43537265063491,28212600.0
2019-06-20,60.059200286865234,60.086622076393574,59.83983120081009,59.93580484907349,48362000.0
2019-06-21,59.86726379394531,59.949523947203375,59.86726379394531,59.901537114412,22467800.0
2019-06-24,59.86043930053711,59.8947178696513,59.83301749128083,59.86729606039501,13764100.0
2019-06-25,59.60676574707031,59.85355669362781,59.56563566603509,59.85355669362781,26173600.0
2019-06-26,59.579315185546875,59.750697398971866,59.558744926593,59.723275617203456,19554600.0
2019-06-27,59.743858337402344,59.77813165213434,59.65473621272155,59.68215800261013,12995100.0
2019-06-28,59.76444625854492,59.81243310168316,59.74388121579619,59.77815454365286,14690800.0
2019-07-01,59.78232955932617,60.08530549864336,59.76856031364456,59.995787014700284,26036100.0
2019-07-02,59.91320037841797,59.94762614194531,59.79613807280533,59.82368183568856,20683200.0
2019-07-03,60.14038848876953,60.17481948355347,59.92693103071935,59.940705530005815,16237900.0
2019-07-05,59.899391174316406,59.96824791492231,59.80299068678162,59.96136591826451,17591400.0
2019-07-08,59.78232955932617,59.87184278983709,59.77544230976929,59.87184278983709,16679400.0
2019-07-09,59.713462829589844,59.76855030996043,59.699688332781555,59.74100656977514,19189100.0
2019-07-10,59.87874984741211,59.96138110913289,59.83054959143346,59.858093345340386,24497000.0
2019-07-11,59.76167297363281,59.91316094306211,59.6790417393717,59.91316094306211,19191200.0
2019-07-12,59.858055114746094,59.864942362182504,59.713454439164806,59.761654664358566,21291200.0
2019-07-15,59.899391174316406,59.954478668174154,59.80987793687198,59.84430893389121,10735200.0
2019-07-16,59.77546310424805,59.892525373709724,59.7203808489276,59.892525373709724,20147200.0
2019-07-17,59.69970703125,59.823651274188606,59.69282503412163,59.823651274188606,9361300.0
2019-07-18,59.72726821899414,59.74104272413855,59.568898183874666,59.70661171471199,17236600.0
2019-07-19,59.62394714355469,59.75477860218353,59.6032906508094,59.72723486071264,14771000.0
2019-07-22,59.82365798950195,59.82365798950195,59.66528798284542,59.6928317347495,12852800.0
2019-07-23,59.92694091796875,59.9475974168743,59.80299667110233,59.87185341859854,14051800.0
2019-07-24,59.97513198852539,59.98201923825098,59.899388001840784,59.91316250129196,12713700.0
2019-07-25,59.892520904541016,60.009577911833944,59.844320651336076,60.009577911833944,14272500.0
2019-07-26,60.02332305908203,60.03709755642867,59.961353581316594,59.98889732257839,8512700.0
2019-07-29,59.9338264465332,60.01645769321408,59.87873894874595,60.00957044263244,14731800.0
2019-07-30,59.96134948730469,59.96823148207664,59.796087051017615,59.837405286804945,13794100.0
2019-07-31,59.858055114746094,60.08528699927265,59.61705398877727,60.0095430377638,23449700.0
2019-08-01,59.828338623046875,60.15334316854492,59.80759455005002,59.84908797174897,28839000.0
2019-08-02,59.738433837890625,59.807582492507805,59.5932200804833,59.807582492507805,23559600.0
2019-08-05,59.11611557006836,59.37888797772863,59.01930634904832,59.37888797772863,47727900.0
2019-08-06,59.49643325805664,59.55175431281279,59.240577336589034,59.37887997347942,28695000.0
2019-08-07,59.4895133972168,59.558662073845156,59.088443686784096,59.25440684153919,38028500.0
2019-08-08,59.72461700439453,59.75918870009519,59.50333810423083,59.50333810423083,27074700.0
2019-08-09,59.64164352416992,59.71079220065098,59.52409024658154,59.62089944879619,19090800.0
2019-08-12,59.43423080444336,59.565617068049015,59.38582617191116,59.47572425783472,17466700.0
2019-08-13,59.696964263916016,59.752285315094326,59.385787307817374,59.427280734054015,30078600.0
2019-08-14,59.16449737548828,59.448013753269834,59.123009232673354,59.42726968186237,29745300.0
2019-08-15,59.337371826171875,59.39960931626134,59.226735019808714,59.26822316273179,27296500.0
2019-08-16,59.53792190551758,59.5586659822968,59.42728507079299,59.42728507079299,15780200.0
2019-08-19,59.710811614990234,59.717728067598905,59.62091883390775,59.64857936863488,13603000.0
2019-08-20,59.75918197631836,59.79375894383374,59.64162872789334,59.73843790609095,16126800.0
2019-08-21,60.015037536621094,60.05652567688064,59.86982377000817,59.91131191026771,18334300.0
2019-08-22,60.12567901611328,60.18100005790192,59.98738168734661,60.1187678426684,20677200.0
2019-08-23,59.84906005859375,60.25704070580009,59.80065548560821,60.01501784087237,30340300.0
2019-08-26,60.14644241333008,60.14644241333008,59.9804792491964,60.03580030390763,14187800.0
2019-08-27,60.118797302246094,60.28475523323024,60.01507161699069,60.26401115132066,14722700.0
2019-08-28,60.26399230957031,60.291652835370755,60.08420152972033,60.1049456051442,13576000.0
2019-08-29,60.32621383666992,60.44377236939866,60.291642142330225,60.39536250105423,16271400.0
2019-08-30,60.27089309692383,60.42993448431287,60.13950695244241,60.42301803573372,14413600.0
2019-09-03,60.097984313964844,60.22298610969538,59.993815267813105,60.22298610969538,20561500.0
2019-09-04,60.222999572753906,60.24383232698993,60.13271724005251,60.202166818517874,13526700.0
2019-09-05,60.459075927734375,60.50768742535643,60.26462993724616,60.27852196414153,23399100.0
2019-09-06,60.51466751098633,60.62578259568805,60.44522323217718,60.542446282161755,25162700.0
2019-09-09,60.577205657958984,60.59803842367056,60.43136570145423,60.549426870922936,17484200.0
2019-09-10,60.61189270019531,60.63272545474744,60.486890874623505,60.58411392803946,14055800.0
2019-09-11,60.604942321777344,60.625780373089114,60.53549804551409,60.57716884987897,13999200.0
2019-09-12,60.63966369628906,60.716053985357064,60.59105217581473,60.653550431456715,23246400.0
2019-09-13,60.528541564941406,60.63270530308256,60.49381678672283,60.53548228197929,34407300.0
2019-09-16,60.74385070800781,60.75079672677386,60.542458549872016,60.62579488028474,23020800.0
2019-09-17,60.77854537963867,60.78549139556753,60.65354358420794,60.764658646038704,14626400.0
2019-09-18,60.74385070800781,60.792462242850256,60.54940456863806,60.736904689241776,15913800.0
2019-09-19,60.67439651489258,60.7924523233525,60.64661774262099,60.709116006537755,13327000.0
2019-09-20,60.750770568847656,60.77160331791574,60.6535422427672,60.69521303916101,23298400.0
2019-09-23,60.72298049926758,60.771592004129026,60.688255725113684,60.702147754077906,15456800.0
2019-09-24,60.63966369628906,60.78549825771206,60.56327340722106,60.77855224099905,21934200.0
2019-09-25,60.577205657958984,60.618871189382126,60.438311722778714,60.59109240234607,15142100.0
2019-09-26,60.5355110168457,60.598014587656735,60.44523396818509,60.57718183013966,13873100.0
2019-09-27,60.46603775024414,60.57715280143505,60.41742623991243,60.52854129110334,13419200.0
2019-09-30,60.5355110168457,60.5355110168457,60.43134193100051,60.45912070710988,21827700.0
2019-10-01,60.39604949951172,60.56338870986026,60.347242008175996,60.54944067255429,27665700.0
2019-10-02,60.040470123291016,60.36817996012203,59.991662614802536,60.36120593901811,33789500.0
2019-10-03,60.0753059387207,60.13108212179636,59.78942972713404,60.047415187374426,30387800.0
2019-10-04,60.2635612487793,60.27053526644926,60.10319076007107,60.15199824452717,17588600.0
2019-10-07,60.214752197265625,60.30539314614896,60.13805396374253,60.22172621475409,14542500.0
2019-10-08,59.99164581298828,60.1868757922643,59.99164581298829,60.152011016128746,15471500.0
2019-10-09,60.17293930053711,60.22871550066082,60.138074520793595,60.152017240919896,11351300.0
2019-10-10,60.24960708618164,60.298414561364766,60.172908865234476,60.18685157830859,11092800.0
2019-10-11,60.500614166259766,60.542452945410425,60.36116575473333,60.40997323072917,18661400.0
2019-10-14,60.54246520996094,60.570355961839454,60.44485023819464,60.500626422334676,9842600.0
2019-10-15,60.67496109008789,60.70982587217051,60.52156987993342,60.54945532205688,26321500.0
2019-10-16,60.62611389160156,60.66795266663028,60.61914519544294,60.654004635082245,11813000.0
2019-10-17,60.709800720214844,60.730717452951104,60.66099323729135,60.66796725474232,14814300.0
2019-10-18,60.72373580932617,60.75162655601066,60.63309487231356,60.70979309579192,21363700.0
2019-10-21,60.74467468261719,60.77953413591533,60.73770066411058,60.77256543702618,10090400.0
2019-10-22,60.758628845214844,60.78651960487766,60.716795365529855,60.78651960487766,15464300.0
2019-10-23,60.81438446044922,60.82135847729893,60.723738200251525,60.765576981733616,9097500.0
2019-10-24,60.884117126464844,60.88411712646485,60.779528137657266,60.842283658788595,14832800.0
2019-10-25,60.93295669555664,60.95387344040825,60.87020646100179,60.87020646100179,11593600.0
2019-10-28,60.925926208496094,60.967764979043295,60.911983498056905,60.939874238550104,10646500.0
2019-10-29,60.81438446044922,60.93989016566307,60.80043642674978,60.918973434730134,10655700.0
2019-10-30,60.73768615722656,60.85621784544098,60.66098793082519,60.84924382860007,24566400.0
2019-10-31,60.528541564941406,60.73074560782852,60.51459884319225,60.72377158714438,24576400.0
2019-11-01,60.78827667236328,60.85129424992804,60.620238701908555,60.62723650021404,23894100.0
2019-11-04,60.91432571411133,60.949336084013346,60.872317543694884,60.90032477125,14135800.0
2019-11-05,60.851295471191406,60.97032214674271,60.78827789236191,60.9633190064659,21946800.0
2019-11-06,60.781288146972656,60.851308881510015,60.760284063344265,60.851308881510015,8976900.0
2019-11-07,60.75324249267578,60.90028166873045,60.73924155972369,60.872274460997595,15077600.0
2019-11-08,60.80928039550781,60.83028447396304,60.6622465044905,60.74626816014214,11692800.0
2019-11-11,60.774269104003906,60.80227097783264,60.690247457027155,60.75325968588708,4933600.0
2019-11-12,60.78827667236328,60.83728796965553,60.725264436629296,60.739265375071035,14690200.0
2019-11-13,60.72526168823242,60.75326356384855,60.69025133096647,60.72526168823242,15333600.0
2019-11-14,60.690269470214844,60.774291147667405,60.66926538630973,60.73227763802507,14965100.0
2019-11-15,60.87228775024414,60.87928554733356,60.7462579588466,60.753255755936024,12996200.0
2019-11-18,60.7952995300293,60.844310843217215,60.76729230223156,60.823306757827034,13135800.0
2019-11-19,60.578224182128906,60.739264351564486,60.578224182128906,60.73226121154624,20175500.0
2019-11-20,60.4521598815918,60.62020309517307,60.44516208739664,60.54318462440523,22566100.0
2019-11-21,60.46619415283203,60.52920638073243,60.403176583101526,60.51520544403127,17853800.0
2019-11-22,60.6972541809082,60.6972541809082,60.49420586176256,60.5572180943437,20394800.0
2019-11-25,60.85829162597656,60.87229790615189,60.71125773512001,60.71125773512001,16885300.0
2019-11-26,60.92832565307617,60.92832565307617,60.84430931362758,60.87931434112038,11469400.0
2019-11-27,61.00533676147461,61.01934304423161,60.87930692582021,60.90731414950249,11814700.0
2019-11-29,60.87228775024414,60.991314402722416,60.865284611324874,60.991314402722416,11519500.0
2019-12-02,60.83080291748047,60.89406325299703,60.69724616979444,60.89406325299703,20966400.0
2019-12-03,60.746482849121094,60.78163107395756,60.61995674772242,60.690247834529195,29757200.0
2019-12-04,60.92924880981445,60.95033560124656,60.774605188823564,60.774605188823564,12406800.0
2019-12-05,61.02061462402344,61.02061462402344,60.85894567977701,60.97141033279207,18158900.0
2019-12-06,61.10496520996094,61.161200216128755,61.04873020379312,61.119021280070214,16094700.0
2019-12-09,61.10496520996094,61.15416949964144,61.08387842336435,61.08387842336435,18034300.0
2019-12-10,61.252601623535156,61.25963234272497,61.083901903051554,61.104988697753576,15117100.0
2019-12-11,61.37909698486328,61.39315305332909,61.21742270175047,61.26663234854263,14127500.0
2019-12-12,61.51970672607422,61.58297246972076,61.386155245695335,61.40724203928847,18958100.0
2019-12-13,61.58297348022461,61.61109099309921,61.50565166053627,61.54079989234633,18088100.0
2019-12-16,61.70242691040039,61.73757511829842,61.646191922908976,61.67430941665469,17517400.0
2019-12-17,61.89224624633789,61.89224624633789,61.70948513694087,61.70948513694087,18650700.0
2019-12-18,62.00470733642578,62.03282484108743,61.899268034661,61.92035482244082,31575700.0
2019-12-19,61.972267150878906,62.02870306360281,61.88056282922121,62.01459677643427,29429300.0
2019-12-20,61.88056182861328,62.071026303445564,61.86645015964805,62.042808347539896,31918800.0
2019-12-23,61.908748626708984,61.936966568412956,61.887586515936526,61.90169279577748,9720200.0
2019-12-24,61.95815658569336,61.95815658569337,61.88761439067164,61.92288279717025,4854900.0
2019-12-26,62.04985809326172,62.071020212608204,62.00047802077851,62.03575180770548,11382700.0
2019-12-27,62.02164077758789,62.09218297014262,62.0004786580239,62.09218297014262,11627100.0
2019-12-30,61.97933578491211,62.09220225164326,61.91584402447973,62.0780959615616,12524300.0
2019-12-31,62.0357666015625,62.04281705500984,61.944056886491786,61.979330681830604,8310800.0
2020-01-02,62.29673767089844,62.303793502334564,62.1133291097388,62.14859750287452,15756600.0
2020-01-03,62.2332763671875,62.27560060878414,62.106298260372945,62.16273417051821,17342200.0
2020-01-06,62.1697883605957,62.20506215206341,62.113357829082275,62.15568207322358,17936900.0
2020-01-07,62.11335754394531,62.1909555791981,62.10630170927917,62.17684390986582,9640300.0
2020-01-08,62.1697883605957,62.24033594353112,62.09219032498669,62.1274641164544,16088100.0
2020-01-09,62.33203887939453,62.33909471393604,62.1980049332299,62.247385010970845,16649500.0
2020-01-10,62.35322189331055,62.36733356712188,62.2897355072394,62.33911560152583,16182900.0
2020-01-13,62.35322189331055,62.39554615069131,62.32500392771449,62.36027773021621,17762400.0
2020-01-14,62.34614181518555,62.42373984489662,62.275599619636715,62.339091363047835,29157100.0
2020-01-15,62.36023712158203,62.45194141353191,62.353181289271085,62.36023712158203,24637900.0
2020-01-16,62.38140869140625,62.45195087913821,62.3461349065283,62.40962664290382,22349200.0
2020-01-17,62.33203887939453,62.437854869417926,62.33203887939453,62.41669274781821,29626700.0
2020-01-21,62.1980094909668,62.38142352831255,62.1980094909668,62.31793177683605,19724900.0
2020-01-22,62.310848236083984,62.33906617930894,62.240306069032776,62.29673657346033,17731800.0
2020-01-23,62.120384216308594,62.21914433572857,62.09216627047105,62.20503805382123,28566200.0
2020-01-24,61.859413146972656,62.1274757132795,61.83119518493626,62.1274757132795,40838300.0
2020-01-27,61.443214416503906,61.64073479921446,61.344454225148624,61.54197460785918,41372700.0
2020-01-28,61.972267150878906,62.049865185368056,61.64776872575376,61.725366760242906,32628300.0
2020-01-29,61.93701171875,62.24034808566377,61.92290004659996,62.0569340218953,17308200.0
2020-01-30,62.000457763671875,62.01456942664173,61.72533953800713,61.73239536949205,20103300.0
2020-01-31,61.74652099609375,61.93699083170498,61.64776085245243,61.93699083170498,35659700.0
2020-02-03,61.736595153808594,61.96328122681845,61.72242423414543,61.86410640766553,25754700.0
2020-02-04,62.10496139526367,62.11913231570253,61.970370078830086,61.98453559464635,25063800.0
2020-02-05,62.359989166259766,62.381240144084316,62.22539243387354,62.25372887251395,36687700.0
2020-02-06,62.409603118896484,62.44502503341394,62.246675283216995,62.33876469448691,18329900.0
2020-02-07,62.3174934387207,62.37416632166551,62.25373509425189,62.33165895714511,12865100.0
2020-02-10,62.40250015258789,62.40958561442914,62.253737881664605,62.3033253053057,14220000.0
2020-02-11,62.44500732421875,62.53709670937242,62.44500732421874,62.53001124755327,16821500.0
2020-02-12,62.607940673828125,62.66461356416673,62.5229367429445,62.56543870838631,26688200.0
2020-02-13,62.62919235229492,62.66460885262549,62.544183023178576,62.55834854238603,13297900.0
2020-02-14,62.622093200683594,62.685846130116026,62.58667130347265,62.6504296375278,11398800.0
2020-02-18,62.49462127685547,62.62213262061001,62.44503383231904,62.586710701101374,26635300.0
2020-02-19,62.522911071777344,62.600834912842245,62.515825612238146,62.55832756022916,18547500.0
2020-02-20,62.62919235229492,62.65044333341804,62.38124982686155,62.56543400430169,31277000.0
2020-02-21,62.57251739501953,62.607933894177776,62.4520915695588,62.57959745207695,23027000.0
2020-02-24,61.8995475769043,62.055395327601694,61.77203627220865,61.98455691490955,57828300.0
2020-02-25,61.46742248535156,62.20415382259981,61.41075500142795,62.16873732072556,68418000.0
2020-02-26,61.53118896484375,61.80746257723159,61.347004755043585,61.580776397717855,69233800.0
2020-02-27,60.70235824584961,61.410753117087445,60.58192701022497,61.014048314049965,72596300.0
2020-02-28,60.9503288269043,61.028252737884614,59.99399630670496,59.99399630670496,97472600.0
2020-03-02,61.41282272338867,61.47686394507371,60.644366063384524,60.93609372398741,72357700.0
2020-03-03,61.149532318115234,62.03895416156653,61.007221566002954,61.462605115562006,58721000.0
2020-03-04,61.9891242980957,62.01758643820691,61.6120050130708,61.661817829714025,52664700.0
2020-03-05,61.2064323425293,61.555089506389244,61.08547231193222,61.44835783232188,62455700.0
2020-03-06,60.516273498535156,60.67992410231912,59.833192642894716,60.14627091601317,69860600.0
2020-03-09,57.91201400756836,59.406241086585155,56.666823870288,56.666823870288,73609600.0
2020-03-10,58.80143356323242,58.96508950722975,57.727010875070874,58.787205207866485,57598000.0
2020-03-11,57.52067565917969,58.12548673789727,57.06529219824816,57.812408572782196,60006600.0
2020-03-12,55.222412109375,57.10087020906763,54.24049255727171,54.34721881291416,82926400.0
2020-03-13,56.958560943603516,57.12221147657516,55.59952214481144,57.01547979977706,69164600.0
2020-03-16,53.82779312133789,55.250867596833416,52.86721893609808,53.8776005108363,43080100.0
2020-03-17,54.33298873901367,55.28644611663267,53.102026819691915,53.756645262351405,68569400.0
2020-03-18,51.93511199951172,53.18741931201653,51.16665575257867,52.54703458240615,54289800.0
2020-03-19,50.76818084716797,51.70740978421341,50.35548794625147,51.13106635856685,45706300.0
2020-03-20,49.62974166870117,51.3303158951758,49.3878215193418,50.81089654926871,55796500.0
2020-03-23,48.83280944824219,49.89300407502969,48.04300250576805,49.84319667454031,48862100.0
2020-03-24,50.8464469909668,51.19509869436793,49.73645071073581,49.871639085508846,51304000.0
2020-03-25,52.27662658691406,53.77085326774584,51.2875905471513,51.40855053967555,45692600.0
2020-03-26,54.667423248291016,54.667423248291016,52.440307569259936,52.66088786884378,41965200.0
2020-03-27,54.809730529785156,55.763193563923,53.62146425592241,53.67838855647394,66536800.0
2020-03-30,55.27931594848633,55.528352833856744,54.53219986377811,54.859506260064514,35016900.0
2020-03-31,54.83818054199219,55.293563988408145,54.77414478949567,55.05164390751168,31103400.0
2020-04-01,53.33290481567383,53.826327002974004,53.18273237120367,53.76196972213949,36859100.0
2020-04-02,53.74762725830078,54.562851570222996,53.08257527164297,53.182690155152585,31824800.0
2020-04-03,52.59629821777344,53.776224355586486,52.43182065624492,53.63320465883694,39986200.0
2020-04-06,53.87633514404297,54.03366007203395,53.49732806616538,53.676105401454905,32347800.0
2020-04-07,53.87633514404297,54.86318952658598,53.80482530109742,54.65580716294797,35120800.0
2020-04-08,55.27797317504883,55.51395519195868,54.126646305226636,54.31972349285346,46291400.0
2020-04-09,58.89642333984375,60.10496023271407,58.274276063377094,58.617531050081816,88846900.0
2020-04-13,58.0526008605957,58.58178046716891,57.509116005927936,58.50311797020962,40390500.0
2020-04-14,58.29572677612305,58.70333899202434,57.90241980617073,58.574624513600234,37632800.0
2020-04-15,57.752235412597656,57.859502911429495,57.18014572272893,57.38752809891005,34367500.0
2020-04-16,57.69504928588867,57.745106745328485,57.158717025096145,57.60923416005446,25821900.0
2020-04-17,57.98825454711914,58.20994230841938,57.81662971244727,58.15273221157705,38251800.0
2020-04-20,57.11579895019531,57.773698394856055,57.00853143173152,57.41614363721183,24676200.0
2020-04-21,56.071773529052734,56.536590629635924,55.957353318791334,56.465080726150504,42335600.0
2020-04-22,56.5651741027832,56.75825676997497,56.379244059968045,56.67959426939371,15720900.0
2020-04-23,56.536556243896484,56.96562631555885,56.3005742515053,56.67242879697974,23896700.0
2020-04-24,56.00739669799805,56.658149204369145,55.89298197239433,56.57948669358023,37915200.0
2020-04-27,56.23621368408203,56.44359610499698,56.1432514081627,56.27911851052898,20550700.0
2020-04-28,56.407833099365234,56.57946330059147,56.093188642155035,56.543705644706264,23927600.0
2020-04-29,57.40184020996094,57.466202905419095,56.686730672019785,56.801150816899714,34838300.0
2020-04-30,57.51626205444336,57.60922433301573,56.87266236010743,57.10149720077654,34636000.0
2020-05-01,56.52417755126953,57.14200707599202,56.47388935651315,56.998322604543674,31859400.0
2020-05-04,56.44508743286133,56.6606111512318,56.17927557767053,56.416350571678876,20400900.0
2020-05-05,56.93362808227539,56.93362808227539,56.62471354031775,56.62471354031775,26484200.0
2020-05-06,56.610374450683594,57.06296809329383,56.58881767446336,56.99112861556217,18823300.0
2020-05-07,56.754032135009766,57.26409936103494,56.73248084786766,56.89771103662294,19581700.0
2020-05-08,57.292850494384766,57.300036085553124,56.94801337130515,56.991121437315186,21770400.0
2020-05-11,57.034202575683594,57.27127766609068,56.99828011434989,57.17070135155399,14285100.0
2020-05-12,56.96238327026367,57.472450611722714,56.96238327026367,57.407796735664526,25332700.0
2020-05-13,56.66063690185547,57.055756590444034,56.56724069031766,57.005468430769184,29962000.0
2020-05-14,56.466678619384766,56.68220249008841,56.021270658730145,56.36610227465632,30429100.0
2020-05-15,56.54570388793945,56.63909464239911,56.157764207799765,56.301448615814316,34133400.0
2020-05-18,57.54429626464844,57.587404334321235,57.2282014793846,57.44371990374623,31900200.0
2020-05-19,57.61610794067383,57.781343585861634,57.39340403198403,57.50116593267192,18536500.0
2020-05-20,58.22678756713867,58.3704665231029,57.86758469622727,57.917872878914835,36053700.0
2020-05-21,58.21240997314453,58.356094394288434,58.04717974007934,58.21240997314454,23307300.0
2020-05-22,58.3560676574707,58.42790709462809,58.05433325181334,58.154909560033225,11311900.0
2020-05-26,58.7943115234375,59.02420657661198,58.32016667876449,58.787131413775604,27673800.0
2020-05-27,58.91645431518555,59.23254910320598,58.66501341073725,59.21099780868193,24905000.0
2020-05-28,58.97389602661133,59.3043673303678,58.86613960255832,59.00263290002486,23282500.0
2020-05-29,59.21097946166992,59.35466384897617,58.82303983744144,58.94517293690149,32189000.0
2020-06-01,59.65887451171875,59.68051007002589,59.00978025035011,59.09632798600957,46987000.0
2020-06-02,60.25027084350586,60.279120088994226,59.58675470456622,59.75263098808565,35930900.0
2020-06-03,60.53151321411133,60.856057430956184,60.42332997435366,60.49545030004939,35991000.0
2020-06-04,60.34402084350586,60.56760109849507,60.23583755914726,60.46662599797808,36405800.0
2020-06-05,60.91376876831055,61.324860764342944,60.87049766423218,60.99310279407376,35306500.0
2020-06-08,60.98588180541992,61.072429505640784,60.83442745685491,61.05800764015163,20493100.0
2020-06-09,60.509918212890625,60.6902218991612,60.27912971456157,60.66137264906609,28412400.0
2020-06-10,60.423336029052734,60.74067209682627,60.04830699639841,60.4305497130736,36663100.0
2020-06-11,58.87274169921875,59.58674806502706,58.75735023255388,59.55789882275326,48794500.0
2020-06-12,59.456912994384766,59.767035386127375,59.0313936650501,59.67327399872662,36156800.0
2020-06-15,60.033878326416016,60.42333471866602,58.937634983453044,59.06745378086971,39432300.0
2020-06-16,60.27911376953125,60.82002468526122,60.084382758507445,60.7623262003334,40976300.0
2020-06-17,59.99785232543945,60.307974864839565,59.96900307730555,60.23584899328908,17066700.0
2020-06-18,59.976200103759766,60.012257527086916,59.73819799959486,59.83195390316137,22223600.0
2020-06-19,59.774261474609375,60.12766057503195,59.65165631851035,60.09159764562377,32037600.0
2020-06-22,59.73097610473633,59.88243046772683,59.63722021405531,59.767039025537045,21536000.0
2020-06-23,59.81751251220703,59.96175316330096,59.78144959821949,59.940117615879686,17438000.0
2020-06-24,59.20448303222656,59.702122691829956,58.80781844331515,59.63000235770322,43720600.0
2020-06-25,59.22611999511719,59.26217740847641,58.771751466877994,59.04581642103584,31159700.0
2020-06-26,58.66355895996094,59.146776644052665,58.584230462123905,59.146776644052665,33705800.0
2020-06-29,58.33183288574219,58.74292497368122,58.04335145748574,58.73571678967618,76540200.0
2020-06-30,58.86552810668945,58.99534693377815,58.47607162542336,58.526556419156194,40554300.0
2020-07-01,59.04875564575195,59.2225760238387,58.96184821953367,58.96184821953367,28799100.0
2020-07-02,59.48331069946289,59.75853229044751,59.367432286666975,59.56297952573209,30623300.0
2020-07-06,59.91062545776367,59.92510818715783,59.68610723542734,59.8382007594923,22888200.0
2020-07-07,59.512298583984375,59.99755028131331,59.48332759114582,59.845456713149844,22408000.0
2020-07-08,59.671607971191406,59.751276782286396,59.47606076937142,59.48329936990786,21155700.0
2020-07-09,59.5412712097168,59.72233577568443,59.266055058680735,59.671637918239576,21655600.0
2020-07-10,59.74404525756836,59.780260370486275,59.37467762892765,59.43985820139939,17903400.0
2020-07-13,59.41815185546875,60.048258568464924,59.410907725254354,59.9685897130636,20039400.0
2020-07-14,59.92512893676758,59.95409993123765,59.418150347671855,59.418150347671855,31929700.0
2020-07-15,60.26552963256836,60.337954354016055,60.04825546822526,60.287256496437465,21291300.0
2020-07-16,60.323455810546875,60.330699938488735,60.171362277671435,60.229304249905105,17570400.0
2020-07-17,60.49000549316406,60.51173786744001,60.26548735647948,60.46104004542581,22863700.0
2020-07-20,60.852134704589844,60.881105678134595,60.482767224602654,60.54070364604396,16701600.0
2020-07-21,61.134639739990234,61.25776231271907,61.033238504367446,61.05497089277704,22331600.0
2020-07-22,61.25774002075195,61.28671100243697,61.08391413064186,61.19979805738192,15251400.0
2020-07-23,61.21428680419922,61.286717028358225,60.815948199576184,61.25050191627872,28434900.0
2020-07-24,61.2722282409668,61.344652938846316,61.05495414732824,61.08391960595984,14977500.0
2020-07-27,61.41708755493164,61.43157028528324,61.207052048104096,61.366389710225036,12931500.0
2020-07-28,61.25774002075195,61.41707765719466,61.19979805738192,61.359135693824626,14862900.0
2020-07-29,61.59814453125,61.641598242633535,61.344649813112774,61.44604549010767,18012800.0
2020-07-30,61.72853469848633,61.757500166672656,61.37364416820494,61.40261516204335,54812400.0
2020-07-31,61.844390869140625,61.85163499640359,61.48950599235632,61.70678007939463,28623100.0
2020-08-03,61.859642028808594,61.88872916086717,61.699665576388036,61.83055489675002,17480600.0
2020-08-04,61.83784484863281,61.85965881664595,61.663327556723026,61.78694374066726,17120700.0
2020-08-05,61.94692611694336,61.97601325965693,61.81603674863491,61.85239151617296,14566000.0
2020-08-06,62.08510208129883,62.09964843100311,61.88149756789402,61.94694504594951,13258600.0
2020-08-07,61.932395935058594,62.06328533752711,61.84514003195069,62.06328533752711,14289900.0
2020-08-10,61.96148681640625,62.02693429548479,61.81605660393148,61.99784714342844,13708700.0
2020-08-11,61.40155792236328,62.00509813523603,61.37247077811072,61.990557337012504,20535400.0
2020-08-12,61.41608810424805,61.82329695778307,61.41608810424805,61.67059363770744,18003400.0
2020-08-13,61.24885177612305,61.670601478992666,61.19067749027715,61.43064225853753,28444900.0
2020-08-14,61.13977813720703,61.29975465398603,61.023429562165795,61.234307193573976,14072300.0
2020-08-17,61.50333786010742,61.53242499381671,61.15429780339944,61.197931277865116,13756500.0
2020-08-18,61.59790802001953,61.64153597581726,61.379762693223654,61.53246608632293,24900300.0
2020-08-19,61.42338180541992,61.65607344918408,61.35066670695732,61.56881200234512,18738300.0
2020-08-20,61.62696075439453,61.626960754394524,61.31428096759281,61.32155413876609,19912800.0
2020-08-21,61.61971664428711,61.67061777089781,61.53972836706932,61.62698981889056,17570600.0
2020-08-24,61.90332794189453,61.93241510120095,61.72881053386439,61.736083710643086,16058100.0
2020-08-25,61.96875,62.012377947146796,61.74333154266677,61.91057570526688,24018600.0
2020-08-26,61.96148681640625,62.07783542463166,61.9323996643499,61.97603316633792,16243100.0
2020-08-27,61.8669548034668,62.06328613579148,61.73606539931477,62.04147215973393,19861800.0
2020-08-28,61.91782760620117,62.00508347051661,61.87419412623926,61.90328126361247,14418500.0
2020-08-31,61.83055877685547,61.975994446274974,61.80147164297156,61.903273837663455,21473800.0
2020-09-01,62.1671257019043,62.22553420217952,61.79477847532623,61.845884520531754,22774200.0
2020-09-02,62.24015808105469,62.342370211764006,62.02112890373849,62.2036513614542,15878600.0
2020-09-03,61.853206634521484,62.14524365857509,61.59767632727819,62.130638743793796,34169800.0
2020-09-04,61.68531036376953,62.01385424752481,61.312968427050386,61.911642080173046,36087300.0
2020-09-08,61.3421516418457,61.6268918306028,61.26184687646862,61.42976443608973,34967600.0
2020-09-09,61.824012756347656,61.867816367761,61.51007387754966,61.60498355899319,32976800.0
2020-09-10,61.53196716308594,61.93351877925269,61.51006536041195,61.91891386404129,32866300.0
2020-09-11,61.656089782714844,61.685294047111164,61.40055943192692,61.575779448160944,20807100.0
2020-09-14,61.59038162231445,61.83860950341174,61.52467063781341,61.780206547364145,28958000.0
2020-09-15,61.75830841064453,61.85322367243924,61.648799370334444,61.729109713324824,22176900.0
2020-09-16,61.75830841064453,62.05034551514187,61.699905445860644,61.80211759691304,26951200.0
2020-09-17,61.692588806152344,61.80940584915817,61.495467008759,61.553869960118725,25752400.0
2020-09-18,61.53927230834961,61.83130935375771,61.51006804679446,61.81670443790847,29891800.0
2020-09-21,61.0428352355957,61.34947174844135,60.87491205752563,61.276463850641754,42968900.0
2020-09-22,61.254520416259766,61.291021555284495,60.97708279493461,61.115801605597184,41396800.0
2020-09-23,60.633968353271484,61.312952182295774,60.56825736587229,61.312952182295774,39577800.0
2020-09-24,60.67047119140625,60.84569121243144,60.276221966491555,60.5025536292158,38755800.0
2020-09-25,60.560970306396484,60.7142941259331,60.42225697798262,60.597477038694784,36032200.0
2020-09-28,60.95523452758789,61.05014982671747,60.7362107906704,60.87492415300748,20277000.0
2020-09-29,61.006317138671875,61.04282386584476,60.809195294314044,61.006317138671875,20243400.0
2020-09-30,61.254520416259766,61.34943006189419,60.998990162519576,61.00628704823946,28797600.0
2020-10-01,61.46497344970703,61.508964243760026,61.36232453428582,61.45030612239181,31098000.0
2020-10-02,61.46497344970703,61.494302510391144,61.061705857733436,61.061705857733436,26284300.0
2020-10-05,61.926902770996094,61.94157010049078,61.53096878384716,61.58229324918421,27394000.0
2020-10-06,61.787574768066406,62.139517861538664,61.75091764191964,61.941553717298184,37848500.0
2020-10-07,62.0075569152832,62.05154771630845,61.93423704892539,61.97089418513068,20968200.0
2020-10-08,62.14686965942383,62.21285586211086,62.058882461893795,62.20552219716319,18738800.0
2020-10-09,62.28615951538086,62.34481763179763,62.14685348132335,62.24216872504121,21287800.0
2020-10-12,62.6014518737793,62.66744366585827,62.418149420372174,62.48414121245115,10503400.0
2020-10-13,62.322811126708984,62.513447174107014,62.27148668248008,62.440127338629274,25183100.0
2020-10-14,62.16883087158203,62.337465915009,62.11750643306805,62.29347513740966,31620600.0
2020-10-15,62.12486267089844,62.16151980090477,61.824243997536534,61.91955924828855,32232100.0
2020-10-16,62.051544189453125,62.27884303437466,61.9708906628595,62.220184907043496,27456900.0
2020-10-19,61.83159255981445,62.2201929139842,61.80959715772147,62.17620210979823,20998100.0
2020-10-20,62.051544189453125,62.154193115309205,61.93423352873771,61.941567193140834,27650700.0
2020-10-21,62.044227600097656,62.176205614041464,61.97823579615178,62.044227600097656,26901600.0
2020-10-22,62.154212951660156,62.20553743096826,61.91958596140183,62.036902253505346,28977800.0
2020-10-23,62.2275276184082,62.264184757859404,62.08088227876023,62.249523020868466,20734700.0
2020-10-26,61.677608489990234,62.044213378697854,61.65560749775258,62.00021698816921,50102400.0
2020-10-27,61.706939697265625,61.838912091598864,61.67761063387595,61.721601431987025,30880900.0
2020-10-28,61.19366455078125,61.38430058818248,61.0836820063596,61.303647095202905,45794300.0
2020-10-29,61.369659423828125,61.39898848777149,61.054378978870666,61.149699835173344,37112600.0
2020-10-30,61.50163650512695,61.53096556863661,61.17169433005041,61.31833405365179,36801700.0
2020-11-02,61.64816665649414,61.74389159947963,61.47880109183754,61.692346535104264,25665400.0
2020-11-03,62.1783561706543,62.17835617065429,61.77335516806817,61.77335516806817,39777600.0
2020-11-04,62.760066986083984,62.89261222561703,62.340341330560996,62.36243126748482,57673400.0
2020-11-05,62.98100280761719,63.23872822788947,62.900002587246924,63.062003027987444,55079000.0
2020-11-06,62.760066986083984,63.01779228017879,62.67170162039859,63.00306191023619,25953400.0
2020-11-09,63.23872375488281,63.98981563282754,63.209268620650434,63.97508525671514,59347100.0
2020-11-10,63.15034103393555,63.37124603345696,61.39779770058428,63.16506578670749,39295700.0
2020-11-11,63.12826156616211,63.27553159026909,63.05462093611731,63.26816640366634,14416200.0
2020-11-12,62.701168060302734,63.069348723466,62.701168060302734,63.069348723466,43300100.0
2020-11-13,62.91470718383789,62.98097699989846,62.767431562608,62.77479674816713,20277100.0
2020-11-16,63.268150329589844,63.29760545052605,63.098790406693986,63.253425578116676,28350400.0
2020-11-17,63.290245056152344,63.40806554881487,63.12088512043785,63.16506499619114,23747100.0
2020-11-18,63.17243957519531,63.43016491873035,63.1503496340339,63.35652990886193,22098900.0
2020-11-19,63.38599395751953,63.43017384606035,63.06935831432917,63.11353820286999,21704200.0
2020-11-20,63.268150329589844,63.34178532293543,63.216605272448945,63.268150329589844,48530200.0
2020-11-23,63.36384963989258,63.481664447566956,63.29757424596121,63.430119415836835,23790600.0
2020-11-24,63.555355072021484,63.709990302655086,63.48172005048053,63.56272025957318,26080100.0
2020-11-25,63.52589416503906,63.636349496305655,63.466989523956194,63.547989725685596,26510900.0
2020-11-27,63.62899398803711,63.69526382023131,63.6142636133327,63.64371874474964,7338500.0
2020-11-30,63.56270980834961,63.6437100041239,63.437529730513376,63.6437100041239,24256900.0
2020-12-01,63.7260856628418,63.86655100258507,63.71130250931357,63.76305200707073,26256700.0
2020-12-02,63.90351867675781,63.984840123536124,63.68912628436703,63.74087578320119,23705000.0
2020-12-03,63.94050216674805,64.09575071857353,63.90354144885114,63.962679725541065,20748400.0
2020-12-04,64.20661926269531,64.24358560653634,63.96265492999778,64.07354832124868,19362000.0
2020-12-07,64.17703247070312,64.19921001576891,64.08092789532773,64.16964371586177,17811300.0
2020-12-08,64.12531280517578,64.20663426841392,64.09574085124615,64.14749036055464,21408300.0
2020-12-09,64.02918243408203,64.20660844602982,63.94046660797253,64.20660844602982,36608500.0
2020-12-10,64.14747619628906,64.2287976415708,63.918300654279996,63.93308944811608,24251500.0
2020-12-11,64.08097076416016,64.21404176384749,63.97747172443384,64.11054272412119,17699600.0
2020-12-14,64.0957260131836,64.2287969549245,64.02179896561024,64.19183625127393,20705200.0
2020-12-15,64.29534149169922,64.31751904409838,64.08094908471949,64.20662564182986,25052800.0
2020-12-16,64.19921875,64.29532897872194,64.02179272506417,64.27315143063892,42386700.0
2020-12-17,64.29498291015625,64.34694722317695,64.22074898636744,64.28013272718728,23911400.0
2020-12-18,64.34697723388672,64.37667194998859,64.25047365432161,64.32470761273231,26741200.0
2020-12-21,64.11683654785156,64.25045990988133,64.00548280221228,64.12425597752387,30308300.0
2020-12-22,64.1985092163086,64.24304845854752,64.10199997320697,64.16138940531751,21975100.0
2020-12-23,64.48804473876953,64.51773946362921,64.28760676188914,64.3024569561638,15913900.0
2020-12-24,64.62164306640625,64.62164306640625,64.53998402068515,64.54740345125074,7327300.0
2020-12-28,64.70329284667969,64.75525717163484,64.6142087194623,64.7181373693726,22575500.0
2020-12-29,64.62164306640625,64.81465020748571,64.61421797215321,64.81465020748571,22893000.0
2020-12-30,64.75526428222656,64.79237842487755,64.64391052689906,64.64391052689906,21080100.0
2020-12-31,64.80724334716797,64.83693240256382,64.7107340942215,64.74042881330591,12059900.0
2021-01-04,64.6736068725586,64.88146420045283,64.48801916355484,64.88146420045283,34528300.0
2021-01-05,64.69586944580078,64.77010338858042,64.56967117670672,64.59936022286914,33725500.0
2021-01-06,64.57708740234375,64.83690902102457,64.56224287999906,64.6513213414402,37148100.0
2021-01-07,64.76265716552734,64.8591663569716,64.68099815600604,64.71811794712843,25868200.0
2021-01-08,64.8591537475586,64.8665731733927,64.68841067074904,64.84430356852272,27403600.0
2021-01-11,64.5102767944336,64.71070899088868,64.50285170162078,64.59935525344191,26608000.0
2021-01-12,64.59190368652344,64.63644289386706,64.42858570801879,64.50281960815266,41746100.0
2021-01-13,64.78492736816406,64.814622068597,64.54737542838559,64.56965070147403,47710300.0
2021-01-14,64.77011108398438,64.86661465469491,64.74784146487329,64.78495560882928,25484800.0
2021-01-15,64.66616821289062,64.7849413766197,64.621628984453,64.68843782710944,48134800.0
2021-01-19,64.85175323486328,64.86659775584093,64.69586027801095,64.84432814253145,24270500.0
2021-01-20,64.97052001953125,65.0447596081939,64.85917196390815,65.0447596081939,24534700.0
2021-01-21,64.93340301513672,65.00763693682858,64.86658852103443,64.93340301513672,20451400.0
2021-01-22,64.80724334716797,64.87405221734147,64.71815918991474,64.79239315578148,26615900.0
2021-01-25,64.82207489013672,64.83691941486109,64.60679246766512,64.80723036541235,28718200.0
2021-01-26,64.72554016113281,64.8294687752341,64.71811507050138,64.79977407639306,39103500.0
2021-01-27,64.53997039794922,64.74782768366141,64.44346118409267,64.5993541483768,46378600.0
2021-01-28,64.73299407958984,64.94827651313224,64.6884548394389,64.70330502861437,38836200.0
2021-01-29,64.56224822998047,64.85918967465895,64.50285880830738,64.68102140963967,46095900.0
2021-02-01,64.76935577392578,64.79915944952658,64.56818806920771,64.67994474712336,35620700.0
2021-02-02,64.92582702636719,65.0152380617338,64.88857100718016,64.93327936709868,29522300.0
2021-02-03,64.97799682617188,65.08975922469041,64.94819314093549,64.97054448374485,31911000.0
2021-02-04,65.11207580566406,65.17168314431386,65.05246846701426,65.08227213633916,21181100.0
2021-02-05,65.20896911621094,65.30583251558755,65.17917111506468,65.29092783054263,21653100.0
2021-02-08,65.40267181396484,65.40267181396484,65.23875443145843,65.26110576826018,16590100.0
2021-02-09,65.28347778320312,65.3654364932798,65.24622175699682,65.3058291251383,14404300.0
2021-02-10,65.2685546875,65.32816203882702,65.17169700494603,65.2834593675667,20469400.0
2021-02-11,65.2983627319336,65.3281664095911,65.22385638002494,65.2983627319336,17047200.0
2021-02-12,65.40267181396484,65.41012415438882,65.23130777550465,65.23130777550465,17800100.0
2021-02-16,65.2983627319336,65.37286908384225,65.24620771715051,65.36542242778057,22264400.0
2021-02-17,65.27605438232422,65.27605438232422,65.14194058677997,65.164291938625,20276700.0
2021-02-18,65.18660736083984,65.26111372074816,65.11210100093155,65.17170836264654,26366700.0
2021-02-19,65.19404602050781,65.2909036996149,65.17914702544122,65.2909036996149,28124800.0
2021-02-22,64.99287414550781,65.1642381578739,64.99287414550781,65.09718415767917,25455400.0
2021-02-23,65.14936828613281,65.20152331553227,64.82898576711563,64.9630995119245,29015900.0
2021-02-24,65.21640014648438,65.21640014648438,64.9928811041011,65.05248277138801,21791800.0
2021-02-25,64.5979995727539,65.13445447684263,64.52349321040182,65.06740045606708,59413400.0
2021-02-26,64.40428161621094,64.76191441512205,64.38193027683785,64.73211073446765,46615300.0
2021-03-01,65.12733459472656,65.17220231027186,64.72355938320969,64.80581020618897,48014200.0
2021-03-02,65.03012084960938,65.1721914665226,65.00021094579971,65.16471256438747,23988500.0
2021-03-03,64.82079315185547,64.98529486161135,64.79836213774948,64.93294822238538,30197000.0
2021-03-04,64.57402038574219,65.01517873777091,64.36465671327214,64.86563488735865,49020300.0
2021-03-05,64.7684097290039,64.84318162855116,64.37210782241597,64.67120112533524,46950100.0
2021-03-08,64.29740142822266,64.78342782753255,64.2824493149723,64.73108687405217,39868700.0
2021-03-09,64.3870620727539,64.6412876581343,64.36463107460034,64.46931286913696,31441100.0
2021-03-10,64.58895874023438,64.67868845422085,64.41698391934072,64.46932482631675,23776600.0
2021-03-11,64.8282470703125,64.94788671626975,64.73852304057688,64.73852304057688,27728500.0
2021-03-12,64.64877319335938,64.75345499863846,64.58148019199305,64.72354509645436,21842000.0
2021-03-15,64.6562728881836,64.71609271178951,64.53663324097175,64.6039319687115,14719400.0
2021-03-16,64.5067138671875,64.67121550560815,64.4394208540508,64.62635349685034,22931400.0
2021-03-17,64.596435546875,64.79084706850621,64.33473102048538,64.37959302365765,28345800.0
2021-03-18,64.10294342041016,64.43194098760061,64.08798561456018,64.34969016962015,37150300.0
2021-03-19,64.34967041015625,64.4169691063532,64.0431039411448,64.20012662596477,47467800.0
2021-03-22,64.58150482177734,64.6936598668277,64.4170031493932,64.45438626283241,32979500.0
2021-03-23,64.64877319335938,64.67868309554348,64.49175048544075,64.56652238853573,24705800.0
2021-03-24,64.68617248535156,64.90301503279679,64.68617248535156,64.70860348944392,31374500.0
2021-03-25,64.79832458496094,64.79832458496094,64.57400316443483,64.64129616775425,24070300.0
2021-03-26,64.99273681640625,65.00021571909059,64.73103226976691,64.8731028971131,25948000.0
2021-03-29,65.03012084960938,65.05255185128392,64.82823042507681,64.9478700403155,17447500.0
2021-03-30,64.87312316894531,64.96284721026971,64.85816535890254,64.9254640946289,19622100.0
2021-03-31,65.1871566772461,65.20958768343222,64.94040419973477,64.94788310337414,41604700.0
2021-04-01,65.32521057128906,65.32521057128906,65.16015227200407,65.25018563271477,30806600.0
2021-04-05,65.35521697998047,65.40773500559996,65.30269895436096,65.33271007243432,20758300.0
2021-04-06,65.4677734375,65.49778456299767,65.37023584862337,65.37023584862337,15367900.0
2021-04-07,65.44523620605469,65.51275691411692,65.4002166766456,65.48274580252229,15645400.0
2021-04-08,65.4677734375,65.54279838922571,65.45276501273271,65.52029147611168,11052100.0
2021-04-09,65.42273712158203,65.4302413320426,65.3477121890827,65.38522751735009,17413100.0
2021-04-12,65.35521697998047,65.37772388752661,65.28769053330655,65.34771276945325,15464500.0
2021-04-13,65.40025329589844,65.42276021118805,65.20518954736356,65.2802145063414,20643500.0
2021-04-14,65.37022399902344,65.49026847925374,65.34021287896587,65.41524354112774,17992800.0
2021-04-15,65.63279724121094,65.63279724121094,65.47523748421939,65.52025701080292,20944400.0
2021-04-16,65.49777221679688,65.6703290008357,65.49777221679688,65.64782209196419,32509300.0
2021-04-19,65.39273834228516,65.49027019199609,65.36272722144271,65.42274373909159,23904900.0
2021-04-20,65.28018188476562,65.37771371029481,65.242666562005,65.31769148349166,22901000.0
2021-04-21,65.49777221679688,65.49777221679688,65.24268056016948,65.25018477113859,19527000.0
2021-04-22,65.37773132324219,65.5202827192948,65.36272862451692,65.51277850791409,18506500.0
2021-04-23,65.55028533935547,65.61030185050892,65.41523817219826,65.42273665857032,14388700.0
2021-04-26,65.52029418945312,65.63283448372069,65.49028306271263,65.55780380485088,12746100.0
2021-04-27,65.43023681640625,65.55777976525634,65.43023681640625,65.55777976525634,17660600.0
2021-04-28,65.55777740478516,65.61029542442276,65.40022334587233,65.45274136550994,14795000.0
2021-04-29,65.63279724121094,65.68531525219682,65.53525970364151,65.68531525219682,17152900.0
2021-04-30,65.60279846191406,65.64030806307761,65.53527202136372,65.55028044105713,23367500.0
2021-05-03,65.62836456298828,65.74128443900257,65.62083503969573,65.66600643610754,15782400.0
2021-05-04,65.59078979492188,65.60584885691368,65.47034601573411,65.5757364762794,23089700.0
2021-05-05,65.71871948242188,65.73377278975673,65.62085288303774,65.63591193371762,13676300.0
2021-05-06,65.69615173339844,65.7488469407934,65.60582037406243,65.71121078885234,23110100.0
2021-05-07,65.7413330078125,65.80155775195915,65.66605494930306,65.7563863221753,17872700.0
2021-05-10,65.59078979492188,65.7789878663741,65.59078979492188,65.76393454773162,16580800.0
2021-05-11,65.52300262451172,65.56063877060852,65.34985797375933,65.41761222608712,28683600.0
2021-05-12,65.20684051513672,65.47784607551777,65.20684051513672,65.43267465322309,31630100.0
2021-05-13,65.440185546875,65.49288073842499,65.31221233073148,65.31973611284924,28689600.0
2021-05-14,65.65097045898438,65.65097045898438,65.50793818288248,65.53052676069764,22550800.0
2021-05-17,65.5305404663086,65.65098418978594,65.48536904457623,65.64345466227277,13545000.0
2021-05-18,65.3724594116211,65.62088216860099,65.36493562626843,65.62088216860099,16447500.0
2021-05-19,65.1993179321289,65.37245688210206,65.16920556184067,65.19178840372,34701000.0
2021-05-20,65.47782897949219,65.74882872576943,65.25198915702502,65.25198915702502,28013700.0
2021-05-21,65.57569885253906,65.59075216254476,65.43266656242767,65.55311601585748,36466200.0
2021-05-24,65.65097045898438,65.72624848833178,65.56816290369859,65.62838762451472,24277800.0
2021-05-25,65.65849304199219,65.70365870615558,65.59826832754442,65.68860539921607,15466600.0
2021-05-26,65.68109130859375,65.69614461907065,65.61334279642833,65.61334279642833,14354900.0
2021-05-27,65.65097045898438,65.7789436832095,65.643440933046,65.7789436832095,12682100.0
2021-05-28,65.62836456298828,65.75633774224418,65.62836456298828,65.71870161246841,15464100.0
2021-06-01,65.82555389404297,65.83310864041091,65.71225574885591,65.75757270189752,22655300.0
2021-06-02,65.90863037109375,65.91617935391136,65.80288698582414,65.8255454594416,13698300.0
2021-06-03,65.77265930175781,65.88595740751025,65.70467813327394,65.73489134564666,16701800.0
2021-06-04,65.91619873046875,65.9464119583675,65.84066854201384,65.88599126515399,26829200.0
2021-06-07,65.93885803222656,65.97662024233232,65.90864480659182,65.93130328517199,9189800.0
2021-06-08,65.98413848876953,66.04456490661278,65.94637053697241,66.04456490661278,10983900.0
2021-06-09,66.03703308105469,66.0823500288736,66.01437460714523,66.06724630046143,13232200.0
2021-06-10,66.15786743164062,66.21074487733706,66.05967880944995,66.08989202302737,15290000.0
2021-06-11,66.18055725097656,66.23342895453338,66.12768554741974,66.2032157292747,12559600.0
2021-06-14,66.1201171875,66.15787938936117,66.06724549482853,66.15787938936117,19408600.0
2021-06-15,66.112548828125,66.14276204094178,66.04457342122309,66.07478663403987,16037000.0
2021-06-16,66.02189636230469,66.14274341696347,65.90859828678867,66.1125302126539,21267200.0
2021-06-17,66.06724548339844,66.08990395702767,65.99926429992841,66.05969073799459,21099000.0
2021-06-18,66.03703308105469,66.05213680946687,65.93128969442229,65.96905189674392,35134500.0
2021-06-21,66.16541290283203,66.16541290283203,66.05211480844035,66.10498648414574,21265000.0
2021-06-22,66.21075439453125,66.21075439453125,66.10500525051917,66.14277321356506,14604400.0
2021-06-23,66.14277648925781,66.2787330953413,66.14277648925781,66.18809343709151,16583100.0
2021-06-24,66.3467025756836,66.3467025756836,66.24095919848612,66.27117241519709,12722300.0
2021-06-25,66.41468048095703,66.42978420727727,66.33915032419273,66.35425405051295,16175000.0
2021-06-28,66.40711975097656,66.44488770724533,66.36180281351888,66.44488770724533,16019300.0
2021-06-29,66.49021911621094,66.49021911621094,66.41468894981541,66.42224369522967,12728000.0
2021-06-30,66.49777221679688,66.52043068989684,66.43734578014218,66.44490052536956,26093500.0
2021-07-01,66.62810516357422,66.62810516357422,66.54474378519386,66.5599035531307,31932400.0
2021-07-02,66.73418426513672,66.74176414727111,66.62808904227927,66.65840278906083,11464800.0
2021-07-06,66.69631958007812,66.74936720992908,66.64327195022717,66.73420744039565,17784300.0
2021-07-07,66.71906280517578,66.7645305566336,66.63570140633055,66.75695067080436,11463700.0
2021-07-08,66.57505798339844,66.63568549203536,66.51443047476151,66.54474422907997,21936400.0
2021-07-09,66.68872833251953,66.70388231771291,66.59021297436993,66.59778707608811,17698100.0
2021-07-12,66.66600036621094,66.70388822342737,66.60537285655559,66.68873423689232,17546700.0
2021-07-13,66.4689712524414,66.65842790489339,66.46139136745103,66.62811414669008,26938600.0
2021-07-14,66.57505798339844,66.59779185369791,66.49169660446202,66.54474422907997,16100200.0
2021-07-15,66.52959442138672,66.55232829311407,66.47654679343695,66.5144346523966,16384800.0
2021-07-16,66.43865966796875,66.56748880822914,66.41592579401201,66.56748880822914,17820400.0
2021-07-19,65.99153900146484,66.30224488817164,65.91575750093327,66.27951101618795,54224700.0
2021-07-20,66.32496643066406,66.33254631383552,65.99152673395841,66.05215423581646,26941300.0
2021-07-21,66.4841079711914,66.5068418365221,66.3552730980572,66.37043286278178,18522600.0
2021-07-22,66.52200317382812,66.57505079271648,66.42348781925172,66.49168942278381,17110500.0
2021-07-23,66.65086364746094,66.68117741277187,66.55992813328767,66.59781600360668,19441000.0
2021-07-26,66.55231475830078,66.66598987557713,66.52200100824331,66.62809624256613,15282700.0
2021-07-27,66.46139526367188,66.51444289819796,66.35529999461971,66.46139526367188,19919000.0
2021-07-28,66.51443481445312,66.57506232704566,66.43865331459138,66.5371744679937,15129200.0
2021-07-29,66.65843200683594,66.68874576690465,66.55991662293154,66.55991662293154,18675000.0
2021-07-30,66.56748962402344,66.6660107880545,66.56748962402344,66.6356970284879,21062100.0
2021-08-02,66.40249633789062,66.66859755132579,66.40249633789062,66.65338878461495,27274400.0
2021-08-03,66.47855377197266,66.49375674400184,66.35690679395046,66.44053764122893,16058700.0
2021-08-04,66.35688018798828,66.46331835085746,66.35688018798828,66.42530803580124,17113300.0
2021-08-05,66.50895690917969,66.53936284930306,66.39491433215456,66.39491433215456,15465700.0
2021-08-06,66.43290710449219,66.53934526813995,66.42530852169227,66.47092322027135,12923200.0
2021-08-09,66.28083038330078,66.41768023022135,66.28083038330078,66.4024714692064,10788700.0
2021-08-10,66.1287841796875,66.29603996445519,66.12117979842063,66.28844138363169,31522900.0
2021-08-11,66.23526000976562,66.26567175169691,66.15162916956625,66.17443652590305,15834400.0
2021-08-12,66.34930419921875,66.36451297210577,66.21245424547226,66.23526740480278,14127800.0
2021-08-13,66.4937515258789,66.4937515258789,66.37211035784972,66.37211035784972,10016800.0
2021-08-16,66.51654052734375,66.51654052734375,66.41010235952194,66.47853021051888,12598100.0
2021-08-17,66.36449432373047,66.44812514976687,66.29606646586174,66.44052076546018,18468400.0
2021-08-18,66.21241760253906,66.44050266604,66.21241760253906,66.37208062725618,12147600.0
2021-08-19,66.204833984375,66.29606339003978,66.10599439431094,66.14401051363487,20026700.0
2021-08-20,66.36449432373047,66.39490606051149,66.21243563982534,66.22004002413202,16784100.0
2021-08-23,66.56974792480469,66.59255527098476,66.45571119390435,66.45571119390435,21933100.0
2021-08-24,66.66100311279297,66.6762060813269,66.56216931620779,66.58497666923161,20828100.0
2021-08-25,66.72942352294922,66.76743964401342,66.64579849741023,66.67620443372675,19085400.0
2021-08-26,66.6914291381836,66.72943946788463,66.58499093430537,66.72184088221266,17676100.0
2021-08-27,66.87387084960938,66.89667819969152,66.69901063201617,66.71421359858924,18519700.0
2021-08-30,66.95751953125,66.98032688741719,66.87388869167255,66.88909746274844,11640000.0
2021-08-31,66.9726791381836,66.98028351879782,66.88144977258433,66.94987179678377,19163900.0
2021-09-01,67.02989959716797,67.09854172860916,66.97651385876219,66.99176443318851,22973500.0
2021-09-02,67.11377716064453,67.12902773162999,67.06039143428379,67.11377716064453,16521300.0
2021-09-03,67.1214370727539,67.14431584934702,67.0299161477709,67.08330189935836,6491000.0
2021-09-07,66.94601440429688,67.1061716374878,66.9383862069231,67.1061716374878,11728800.0
2021-09-08,67.02227020263672,67.04515479178079,66.8926199571986,66.95363389103147,13020900.0
2021-09-09,67.08329772949219,67.0985541253463,67.00703320605218,67.01466140397923,23024700.0
2021-09-10,66.98413848876953,67.18242503879964,66.97651029265798,67.17480266129687,16112600.0
2021-09-13,67.15192413330078,67.15954651083099,67.0298962695118,67.07565380912827,17136900.0
2021-09-14,67.1214370727539,67.20532979933569,67.09093009775958,67.17482282434136,20108000.0
2021-09-15,67.22057342529297,67.22057342529297,67.12143013077309,67.12905250977545,17069500.0
2021-09-16,67.19766235351562,67.22054111674619,67.07563452480979,67.19766235351562,13859700.0
2021-09-17,67.11377716064453,67.18241345799073,67.09089839486246,67.1747910818019,38948500.0
2021-09-20,66.87739562988281,66.96891074793933,66.77062411307601,66.80875347272914,49641000.0
2021-09-21,66.99176025390625,67.02226721946482,66.86973821028072,66.98413787647316,27304200.0
2021-09-22,67.11377716064453,67.1747910818019,66.99937751312642,67.09089839486246,24344800.0
2021-09-23,67.14431762695312,67.23583855435909,67.08330367534916,67.1519458255563,27590300.0
2021-09-24,67.045166015625,67.12905291542724,67.0070308459431,67.08329536669693,21713200.0
2021-09-27,66.98413848876953,67.02989602822127,66.90787398348036,66.93075275320622,17652900.0
2021-09-28,66.67910766601562,66.88502251411866,66.64097248518353,66.85452135178697,35515900.0
2021-09-29,66.80110931396484,66.89263022876747,66.74010118937298,66.75535176586847,19783400.0
2021-09-30,66.72484588623047,66.86975254905357,66.6409531676076,66.83924557695345,41680700.0
2021-10-01,66.88475799560547,66.93832065951041,66.6781549791917,66.83884297090655,30062800.0
2021-10-04,66.64754486083984,66.86179550987646,66.63224374500537,66.83884091717859,24726400.0
2021-10-05,66.61695861816406,66.73939093652385,66.59400401794517,66.71643633630495,22347700.0
2021-10-06,66.57868194580078,66.60163653879621,66.39503352605249,66.47155661989382,28905900.0
2021-10-07,66.58636474609375,66.80062134893925,66.54045553586032,66.67053552345203,29054000.0
2021-10-08,66.38740539550781,66.60930958949287,66.38740539550781,66.5710480313287,28064300.0
2021-10-11,66.1808090209961,66.42566783950706,66.1808090209961,66.38741211536471,16068400.0
2021-10-12,66.30323791503906,66.39505631854077,66.24967523369827,66.26497635498374,32922200.0
2021-10-13,66.47918701171875,66.47918701171875,66.23432835347248,66.34145365158703,29370400.0
2021-10-14,66.85417175292969,66.86181939463269,66.60165946726453,66.60931294686195,26937000.0
2021-10-15,66.73937225341797,66.8694521768398,66.70111070516796,66.8694521768398,29782900.0
2021-10-18,66.70877075195312,66.70877075195312,66.56338385975637,66.58633845580992,20338400.0
2021-10-19,66.75467681884766,66.76233029647159,66.66285843893206,66.70876762888986,26103300.0
2021-10-20,66.77767181396484,66.79297877847335,66.71646146962016,66.76237068735279,19720100.0
2021-10-21,66.60932922363281,66.79297191358526,66.56341417272282,66.76236382561054,19273600.0
2021-10-22,66.4485855102539,66.61692694902332,66.41798328310627,66.5863188839842,20734400.0
2021-10-25,66.5633773803711,66.63224699972106,66.39503590850742,66.52512166997012,20230000.0
2021-10-26,66.57868194580078,66.724062980736,66.57868194580078,66.66285267871231,19617200.0
2021-10-27,66.52513122558594,66.67051228662028,66.51747774724934,66.64755768950398,18521300.0
2021-10-28,66.69348907470703,66.69348907470703,66.55575562034392,66.55575562034392,16374700.0
2021-10-29,66.5174789428711,66.60930317088024,66.5174789428711,66.58634273545778,26521600.0
2021-11-01,66.44612121582031,66.61500093151777,66.43844912442194,66.57662290485092,29987000.0
2021-11-02,66.60729217529297,66.66102607301937,66.44609048211379,66.44609048211379,26441600.0
2021-11-03,66.73779296875,66.75314300081304,66.54588535690662,66.56123538896966,22984200.0
2021-11-04,66.91437530517578,67.21375084809075,66.78387947499402,66.79922951407967,28989800.0
2021-11-05,67.16765594482422,67.1830059750132,66.97574835641043,67.01413221671511,27595000.0
2021-11-08,67.08321380615234,67.25209341513641,67.04482994718155,67.23673752892626,11957900.0
2021-11-09,67.136962890625,67.136962890625,66.99878916623226,67.08322898983648,13732600.0
2021-11-10,66.76080322265625,67.05250060686357,66.73777525239699,67.05250060686357,30438400.0
2021-11-11,66.64568328857422,66.81456294452467,66.64568328857422,66.8068849992843,10086100.0
2021-11-12,66.66868591308594,66.82221547672334,66.66100797076555,66.72241979622052,26392400.0
2021-11-15,66.5919189453125,66.72241467196677,66.57656891840465,66.71474258678963,17057100.0
2021-11-16,66.62266540527344,66.68407726339007,66.58428152981126,66.60730951246572,14302000.0
2021-11-17,66.55354309082031,66.6610108617502,66.55354309082031,66.64566083299776,17919200.0
2021-11-18,66.49983978271484,66.63801353123769,66.49983978271484,66.63801353123769,23421300.0
2021-11-19,66.44612121582031,66.60732298356108,66.44612121582031,66.49985513840056,45282700.0
2021-11-22,66.1927490234375,66.53050229989918,66.18507108226358,66.50747433293057,26266000.0
2021-11-23,66.10065460205078,66.30024014706237,66.03924276411564,66.19277235895349,33967100.0
2021-11-24,66.08531188964844,66.10066778047131,65.83199825663473,66.01622795061462,31158800.0
2021-11-26,65.609375,65.72452073793615,65.50957929406276,65.71684279365894,36123400.0
2021-11-29,66.01622772216797,66.11601758594584,65.83199802882561,65.87037604263723,31728900.0
2021-11-30,65.73986053466797,66.06994180853049,65.64774278735008,65.9855020042944,35465700.0
2021-12-01,65.7491226196289,66.1881173323197,65.71061194051906,66.05718454888903,41845200.0
2021-12-02,66.23430633544922,66.28051443632454,65.77991100776735,65.7876084406446,42383500.0
2021-12-03,66.23430633544922,66.31132179554241,66.10337946570051,66.2728170034473,47368800.0
2021-12-06,66.5269775390625,66.60399888675755,66.23431639589441,66.25742044984138,28211300.0
2021-12-07,66.8812484741211,67.05838933448115,66.72721754190633,66.78112895577183,42893500.0
2021-12-08,66.8658676147461,66.90437829720318,66.75804475495248,66.83506024396146,26598200.0
2021-12-09,66.56549835205078,66.85046210457764,66.56549835205078,66.85046210457764,24939100.0
2021-12-10,66.71951293945312,66.74262286715053,66.64249747483836,66.66560152663246,20247200.0
2021-12-13,66.71951293945312,66.78112766150626,66.66560152663246,66.71951293945312,17125800.0
2021-12-14,66.60398864746094,66.6887015402753,66.4884625195825,66.61938938909002,20310500.0
2021-12-15,66.8581771850586,66.88128124862237,66.4885004162254,66.59632329679394,31699000.0
2021-12-16,66.80870056152344,66.94780509494143,66.76233434905369,66.88598544365132,27374000.0
2021-12-17,66.74687194824219,66.85506369348404,66.62322087024697,66.73914228186551,27248200.0
2021-12-20,66.63094329833984,66.68503916508419,66.53047533438084,66.56138810052151,27560400.0
2021-12-21,66.9864273071289,66.9941569722092,66.72367175846145,66.72367175846145,24390500.0
2021-12-22,67.1641616821289,67.17961511339597,66.9555020359858,66.96323169962224,17433300.0
2021-12-23,67.35736083984375,67.39599736534826,67.1873436188079,67.20279704980855,15612100.0
2021-12-27,67.42694854736328,67.48104443070132,67.33421022049419,67.36512299611721,13396700.0
2021-12-28,67.39602661132812,67.41920971589211,67.2955645262148,67.40375627818555,17150700.0
2021-12-29,67.28782653808594,67.37283517497995,67.27237310229046,67.34965207328295,16760300.0
2021-12-30,67.25691223144531,67.31100809950294,67.22599946455418,67.31100809950294,12326100.0
2021-12-31,67.24144744873047,67.32645606933367,67.21826435147622,67.28008397881875,11505300.0
2022-01-03,67.21052551269531,67.21052551269531,67.04823795806168,67.17188309187537,35368400.0
2022-01-04,67.04051208496094,67.23371240797235,66.97868656655585,67.23371240797235,33609900.0
2022-01-05,66.52275085449219,67.0637095161592,66.52275085449219,67.03279675034861,44808500.0
2022-01-06,66.53047943115234,66.70822637340459,66.49957255911578,66.5382090971653,42823200.0
2022-01-07,66.36048889160156,66.5382299936662,66.35275922316109,66.53050032522573,34630100.0
2022-01-10,66.41456604003906,66.43001947655041,65.97406939936798,66.27546152740568,52621800.0
2022-01-11,66.72367858886719,66.72367858886719,66.26772853457298,66.45319924343778,32513100.0
2022-01-12,66.83187103271484,66.86277790178573,66.72367340693846,66.82414136744359,24621400.0
2022-01-13,66.59230041503906,66.8473263119646,66.5691173145926,66.81641354603357,31699700.0
2022-01-14,66.53047943115234,66.63867706731087,66.46093012505862,66.54593876317826,31046200.0
2022-01-18,66.20594787597656,66.34505247591629,66.15958164133383,66.33732280480532,46331500.0
2022-01-19,66.1440658569336,66.43000448392631,66.12088275939487,66.32181276474128,31390200.0
2022-01-20,66.02043151855469,66.43774503062511,66.00497808299984,66.26772775948447,38217700.0
2022-01-21,66.02816009521484,66.15180526563651,65.94315146104674,66.02043042956119,57098000.0
2022-01-24,65.95863342285156,66.00500554082164,65.51040695720354,65.83498819895448,79230800.0
2022-01-25,65.76543426513672,65.91226849891544,65.61087625821914,65.75770459598783,43642700.0
2022-01-26,65.54129028320312,66.36046384442912,65.45628165047205,66.05134207958953,63574900.0
2022-01-27,65.25536346435547,65.78086874369164,65.10852928606795,65.70358387343013,47351000.0
2022-01-28,65.44084930419922,65.44857897221314,64.87670145936588,65.10854433171036,51496700.0
2022-01-31,65.45625305175781,65.55672097163908,65.08531181282532,65.30169518487006,78932100.0
2022-02-01,65.71612548828125,65.75490166342225,65.43691099107346,65.65407650727585,42377300.0
2022-02-02,65.81695556640625,65.89451383980477,65.62305692425146,65.84798005922904,29261500.0
2022-02-03,65.22749328613281,65.56875674408091,65.21973568463868,65.51446536825428,44760800.0
2022-02-04,64.97152709960938,65.0723581382296,64.5294386180157,64.96377541764973,65508300.0
2022-02-07,64.92503356933594,65.04137396128017,64.70011038952858,64.7931838865476,37620700.0
2022-02-08,64.855224609375,65.033608059253,64.82420011432723,64.97931667224873,39549000.0
2022-02-09,65.19647979736328,65.24301949686408,65.103412232996,65.103412232996,37641800.0
2022-02-10,64.33554077148438,65.01806749963622,64.32778908943868,64.79314445670568,57751400.0
2022-02-11,64.11064147949219,64.56823937468872,63.94776143419166,64.55273008896857,58997100.0
2022-02-14,64.00208282470703,64.24252124599703,63.769407925892175,64.10291393978054,36550200.0
2022-02-15,64.11064147949219,64.22697591568372,64.03307729894291,64.17268453968894,32724800.0
2022-02-16,64.4674072265625,64.51394099598808,64.01756106439677,64.07185243449847,38996000.0
2022-02-17,64.19595336914062,64.35107581761612,64.14941959325616,64.35107581761612,30755200.0
2022-02-18,64.28900909423828,64.3665673384115,64.0796012432391,64.13389260589183,43848800.0
2022-02-22,64.14165496826172,64.41311774404072,64.05633911027101,64.25023771164703,37004300.0
2022-02-23,64.02533721923828,64.30455175133756,64.00982201338984,64.2580120511095,36545400.0
2022-02-24,64.48290252685547,64.51392700551641,63.46687599929529,63.528924956617175,56132500.0
2022-02-25,64.84745025634766,64.86295954120685,64.54496890440875,64.54496890440875,44118800.0
2022-02-28,64.89397430419922,65.05684839873615,64.54495923266506,64.54495923266506,54006400.0
2022-03-01,64.71258544921875,65.10959685196772,64.57246412701944,64.9461229659195,43268500.0
2022-03-02,64.8682861328125,64.8916386991908,64.5646908916816,64.67367349418467,41489200.0
2022-03-03,64.67371368408203,65.00066169476509,63.99645914271563,64.98509528720832,23594200.0
2022-03-04,64.2533187866211,64.56470024133824,64.20661364710107,64.56470024133824,32141100.0
2022-03-07,63.692840576171875,64.15212961024382,63.63834926085228,64.13655726923368,43675900.0
2022-03-08,63.467079162597656,63.903009616593394,63.44372659386317,63.73953569634499,57474500.0
2022-03-09,63.99641418457031,64.08204421375181,63.71617153254104,63.84072646193446,31143000.0
2022-03-10,63.45927810668945,63.731740515628054,63.38143424946654,63.64611049095117,46408900.0
2022-03-11,62.999996185302734,63.56048146871635,62.94550489047673,63.5449091335628,40097000.0
2022-03-14,62.25271224975586,62.95331916684536,62.18264858849273,62.93774682473873,61536700.0
2022-03-15,62.719749450683594,62.86765692946175,62.3538768068252,62.377229368925896,57385300.0
2022-03-16,63.59939956665039,63.63053829742987,62.704186297939344,63.02334789499414,66254800.0
2022-03-17,64.03533172607422,64.06647045484422,63.6383203581382,63.653886752970585,48573700.0
2022-03-18,64.24554443359375,64.25333060464828,63.794041538164926,63.9108103475494,59780500.0
2022-03-21,63.50600814819336,64.18325644141375,63.38145318813462,64.13655130094541,62364300.0
2022-03-22,63.83292770385742,63.887418989942866,63.44370253493146,63.56825743975805,40148600.0
2022-03-23,63.63057327270508,63.84075833622077,63.51380445287513,63.723989516390816,36294900.0
2022-03-24,63.76289367675781,63.78624624529913,63.459292468399795,63.622772326402945,18435800.0
2022-03-25,63.303619384765625,63.77068868112249,63.25691423686244,63.77068868112249,36497500.0
2022-03-28,63.70061111450195,63.716177512584146,63.25689453032851,63.2724609284107,26886100.0
2022-03-29,64.48686218261719,64.50243452470168,63.94973516286902,63.98865413986356,49781100.0
2022-03-30,64.2922592163086,64.37788929341552,64.1365714065374,64.3156177329726,43905200.0
2022-03-31,64.05872344970703,64.40124373646911,64.04315110624937,64.37010498866266,40717600.0
2022-04-01,64.05403137207031,64.11656267148497,63.819547944234785,63.960240386261276,31316100.0
2022-04-04,64.53862762451172,64.54644552626797,64.09310263739401,64.10873247759473,32710900.0
2022-04-05,63.70230484008789,64.46048046532087,63.67885709304986,64.39794916434406,51886400.0
2022-04-06,63.202064514160156,63.6241418384645,63.069189975947566,63.26459581331182,67118000.0
2022-04-07,63.1004524230957,63.34275374087015,63.09263452027029,63.264592602553805,42831400.0
2022-04-08,62.71744155883789,63.100441206136026,62.70962962071376,62.90503541342489,42177200.0
2022-04-11,62.287540435791016,62.584555036903176,62.20156142643821,62.51421182742019,42293400.0
2022-04-12,62.76431655883789,63.01443562958977,62.58454068143387,62.71741513329695,38031000.0
2022-04-13,63.139522552490234,63.2176836815741,62.82687207284285,62.8737735209427,31635500.0
2022-04-14,62.71744155883789,63.22549781254914,62.55330140855793,63.139518786691326,45130400.0
2022-04-18,62.615814208984375,62.811219944010965,62.5298352085079,62.65489774131361,20864100.0
2022-04-19,62.561119079589844,62.67836374744704,62.42042667082352,62.49858779495781,29920800.0
2022-04-20,62.756507873535156,62.87375250963581,62.65489903601321,62.748689974245806,25769700.0
2022-04-21,62.326622009277344,62.95192285137622,62.271908632842,62.91283931250349,38695100.0
2022-04-22,61.95146942138672,62.26411995925073,61.88112021779364,62.24848415253537,28243000.0
2022-04-25,62.475128173828125,62.529841546649024,61.95925411867928,62.06086892771124,35914500.0
2022-04-26,62.10779571533203,62.45171192550031,62.09997781147001,62.45171192550031,31171600.0
2022-04-27,61.80293273925781,62.27190536456302,61.74040146566766,62.11558314389811,37598600.0
2022-04-28,62.146854400634766,62.240645356191045,61.70132947180942,61.93581282401113,30808800.0
2022-04-29,61.3808479309082,61.94361739639937,61.3417703622717,61.85763839676545,35697100.0
2022-05-02,61.38478469848633,61.43971140194228,61.07091525592588,61.32985799503038,38674400.0
2022-05-03,61.70649719238281,61.800659822119776,61.47894199377314,61.518177919470645,42665700.0
2022-05-04,62.33426284790039,62.49904303076848,61.26710986560425,61.71437207240746,55154900.0
2022-05-05,61.22785568237305,62.00467802348554,61.05522716511193,61.965448079193266,53807900.0
2022-05-06,60.88257598876953,61.20429373966802,60.741341058006654,60.91396352445916,39256900.0
2022-05-09,60.23916244506836,60.66288530938185,60.1999325049753,60.521644354610686,38442700.0
2022-05-10,60.58444595336914,60.835540428774614,60.294115534139735,60.725686969945,48419700.0
2022-05-11,60.223472595214844,60.804127201980215,60.21562421245043,60.41964025839144,42473500.0
2022-05-12,60.19994354248047,60.403959622680624,59.94884913091221,60.152865211112356,49069700.0
2022-05-13,60.27053451538086,60.466702125168254,59.97236190366574,60.40393303982216,49084400.0
2022-05-16,60.18424606323242,60.388262141022096,60.08224101761904,60.29409949283542,33300100.0
2022-05-17,60.12931442260742,60.31763970355308,59.98023105839515,60.3097913202064,41666500.0
2022-05-18,59.63498306274414,59.83115077018738,59.56436556161498,59.79976321860886,47647800.0
2022-05-19,60.03512954711914,60.16067368883747,59.53294100712658,59.595710084705935,53929100.0
2022-05-20,59.99592590332031,60.26271707612086,59.81545498005664,60.24702030836403,56691000.0
2022-05-23,60.23133087158203,60.30979675242908,60.09008989143214,60.137168222627785,29917100.0
2022-05-24,60.592262268066406,60.623649809199286,60.06653442385376,60.09007358306308,42246500.0
2022-05-25,61.51035690307617,61.54959284622981,60.63152326088859,60.662910818098624,56661500.0
2022-05-26,62.365631103515625,62.397012663961405,61.573112004604226,61.73789213647566,64773400.0
2022-05-27,62.922733306884766,62.922733306884766,62.46762295120638,62.61671227137442,52813100.0
2022-05-31,62.38132095336914,62.66380288566788,62.24007998721977,62.569640246047506,68424700.0
2022-06-01,62.1505126953125,62.58375093129328,62.032354627401745,62.41045924276236,87646100.0
2022-06-02,62.41046142578125,62.41833422342009,61.98509597228532,62.16626647428575,34752500.0
2022-06-03,61.94572067260742,62.12689722160223,61.8511929935966,62.12689722160223,36008000.0
2022-06-06,61.480979919433594,62.07176445673845,61.410082649876045,62.05600683693851,35756100.0
2022-06-07,61.62274932861328,61.693640566403765,61.22889309261485,61.27615391780851,31499900.0
2022-06-08,61.09498596191406,61.496721061634865,61.01621590563569,61.473090645728355,25361600.0
2022-06-09,60.60662078857422,61.05561681479767,60.48846267435302,60.858688627686135,49468700.0
2022-06-10,59.5746955871582,60.03944909797021,59.29899740774577,60.023691482135455,59907000.0
2022-06-13,57.581787109375,58.53491858870477,57.41636819244371,58.48765775808724,122714600.0
2022-06-14,57.95988845825195,58.47190279638879,57.5424017856967,57.85748198476284,62818600.0
2022-06-15,59.0863151550293,59.38564373567274,58.322233083372545,58.448263955833724,70628200.0
2022-06-16,58.14894485473633,58.4088914593867,57.67631848886221,58.21196330612496,61583400.0
2022-06-17,58.330101013183594,58.739708784507776,58.14104572509409,58.282834186277114,49281000.0
2022-06-21,58.29072570800781,58.81849164707347,58.23558607272886,58.68458196279165,45924600.0
2022-06-22,58.274967193603516,58.48764690167497,58.14105151542791,58.18831834704175,38204800.0
2022-06-23,58.692440032958984,58.74757964875559,58.35372353313202,58.4403723593506,30961800.0
2022-06-24,59.10997009277344,59.36203795204823,58.75549572175549,58.8815326562788,38198600.0
2022-06-27,58.74760818481445,59.15721609972823,58.74760818481445,59.15721609972823,25658200.0
2022-06-28,58.10165786743164,58.91300053209223,58.09377906211203,58.834230508198814,39303800.0
2022-06-29,58.01502990722656,58.125309182300214,57.841732186462316,58.07016954476339,36806800.0
2022-06-30,57.98351287841797,58.15681057585221,57.550268634832356,57.76295435796309,45139900.0
2022-07-01,58.536590576171875,58.73440278190316,58.117223629152015,58.15678848499805,38849300.0
2022-07-05,58.48122024536133,58.53660743745021,57.784917217099746,58.164719417674355,38316200.0
2022-07-06,58.25966262817383,58.55242693608457,58.17262475384228,58.38626536783822,44706000.0
2022-07-07,59.209171295166016,59.24873012791019,58.576169603743814,58.623642617737445,44430400.0
2022-07-08,59.256649017333984,59.312036216977795,58.837287929066285,58.99553534611945,31230300.0
2022-07-11,58.9243049621582,59.28036454287017,58.90847660400441,59.18541854094691,28213700.0
2022-07-12,59.16167068481445,59.26453689331634,58.94803616294395,58.99550915963755,24036500.0
2022-07-13,59.098384857177734,59.28036873155601,58.489119796954085,58.55242116054231,46874900.0
2022-07-14,58.987613677978516,59.050909008238015,58.24383770748617,58.61572569273234,53953100.0
2022-07-15,59.739315032958984,59.739315032958984,59.15379231100607,59.161700456601714,48360800.0
2022-07-18,59.16167068481445,59.91336067404252,59.098375368139436,59.88962417569573,33302800.0
2022-07-19,59.945003509521484,60.087428517721385,59.375303476721875,59.375303476721875,31028200.0
2022-07-20,60.20612335205078,60.62549032214961,60.039961814502085,60.18238685193665,82881900.0
2022-07-21,60.91824722290039,60.97363440088648,60.07952537432541,60.1507348731291,52282000.0
2022-07-22,60.83914566040039,61.35345880679577,60.64924755781274,61.013221436418995,51055800.0
2022-07-25,60.823326110839844,60.997395858054105,60.649250326873464,60.8866214567577,26032000.0
2022-07-26,60.39604949951172,60.696722005427645,60.35648462702848,60.625512479060184,24151200.0
2022-07-27,61.06069564819336,61.29807280863866,60.665071071952504,60.665071071952504,35075700.0
2022-07-28,61.68577194213867,61.7332449508606,61.10816354685228,61.35344880758342,42335900.0
2022-07-29,61.86775588989258,61.994352579830924,61.51960442824915,61.68576597946526,33606800.0
2022-08-01,61.88683319091797,62.02186910196615,61.56909700115291,61.67235868719321,31595600.0
2022-08-02,61.60087203979492,61.84711471146622,61.56115274293201,61.77562118917575,40604400.0
2022-08-03,62.14099884033203,62.15688291703251,61.616733404542316,61.78354348129952,35660900.0
2022-08-04,62.30783462524414,62.315773636714205,62.04570179919352,62.228396028030666,24386400.0
2022-08-05,61.9901008605957,62.04570424464821,61.473780259928496,61.561157872055915,31006700.0
2022-08-08,62.04568099975586,62.47462382759583,61.998022705655444,62.228375167348844,19465600.0
2022-08-09,61.5849723815918,61.926537676771424,61.56114323128137,61.90270852646099,24675700.0
2022-08-10,62.50640106201172,62.569943437109856,62.26809745937853,62.37135912168632,38121800.0
2022-08-11,62.148956298828125,63.006842142814754,62.06157870025652,62.91151947337844,37778700.0
2022-08-12,62.70500564575195,62.72883480165516,62.18868504669652,62.37137928216403,16912300.0
2022-08-15,62.59380340576172,62.752668496817634,62.474651557312406,62.60968749074141,18441100.0
2022-08-16,62.29989242553711,62.53819610753533,62.1648565005515,62.53819610753533,22963200.0
2022-08-17,61.65645217895508,61.99007232972176,61.63261697363327,61.86297547591833,28774600.0
2022-08-18,61.75179672241211,61.86300348969272,61.68825432704767,61.80740010605241,19089300.0
2022-08-19,61.12425994873047,61.457886259527676,60.98922404643653,61.42611203657969,45428900.0
2022-08-22,60.43318176269531,60.687369450075536,60.37757839546565,60.655595231613944,42014200.0
2022-08-23,60.5841178894043,60.687385642035395,60.23461351370078,60.44908197014807,33240000.0
2022-08-24,60.65562438964844,60.766831177566466,60.496759281284234,60.56030168844067,16917400.0
2022-08-25,61.227542877197266,61.27520119328524,60.72710631701409,60.830374082291186,20080000.0
2022-08-26,60.21873092651367,61.25931729332936,60.163127537471226,61.25931729332936,34460600.0
2022-08-29,59.98836898803711,60.18695337513515,59.78184558888162,59.85333305928594,28020200.0
2022-08-30,59.52764129638672,60.099565142165716,59.33699597425181,60.05190078147555,66233900.0
2022-08-31,59.20197296142578,59.670635238233075,59.186088877948976,59.551483401057375,39161800.0
2022-09-01,59.358428955078125,59.39834426668303,58.75973582233343,59.03114045253805,38499700.0
2022-09-02,59.318519592285156,59.925197066236336,59.254663613623535,59.8693192785186,22364500.0
2022-09-06,59.15886306762695,59.38237419037835,58.951314414977226,59.318512129529005,28820900.0
2022-09-07,60.01298522949219,60.02096950790966,59.22271219232196,59.238674658936915,26853200.0
2022-09-08,60.27641677856445,60.308347804754874,59.69368620847528,59.789479287046525,26928000.0
2022-09-09,60.51590347290039,60.803276680759716,60.37221686897073,60.57178125830516,29526800.0
2022-09-12,60.699493408203125,60.851164263027194,60.48396049974569,60.731424435019804,30276100.0
2022-09-13,59.318519592285156,60.00502160722994,59.29457283900929,59.85335680640872,47111300.0
2022-09-14,59.40632247924805,59.797473044415014,59.3185136658613,59.358428977481275,29672400.0
2022-09-15,59.03114700317383,59.42229761159881,58.999222058613,59.30255775371814,46282300.0
2022-09-16,59.23070526123047,59.23070526123047,58.56815615140564,58.671927436023616,56479900.0
2022-09-19,59.4542121887207,59.46219037754137,58.94332186383582,58.99920572690332,26891900.0
2022-09-20,58.8475341796875,59.12692304061572,58.807618875174725,59.08700773610295,32769500.0
2022-09-21,58.67193603515625,59.26264497841119,58.40053136319834,58.991240306453285,37851300.0
2022-09-22,58.3206901550293,58.58411658786071,58.113147592999674,58.472361026699744,48278100.0
2022-09-23,57.57830047607422,58.05725975835901,57.37873613852897,57.921551380260844,53312000.0
2022-09-26,56.89978790283203,57.61822079861947,56.883825434134884,57.41067216423181,42287400.0
2022-09-27,56.7800407409668,57.41066475194816,56.59644496866008,57.386718006883804,45295500.0
2022-09-28,57.79386901855469,57.86570930107652,57.02754222053503,57.211138113795734,48935800.0
2022-09-29,57.25103759765625,57.450602003063466,56.93173333096025,57.41867096737163,38068800.0
2022-09-30,56.98759460449219,57.69804319461901,56.979610325327684,57.259005284100276,42928700.0
2022-10-03,57.73444747924805,57.8627965467899,57.32532296835347,57.43763069756967,48967900.0
2022-10-04,58.97786331176758,58.98588704204997,58.376212067160274,58.4805021998925,45901300.0
2022-10-05,58.74522399902344,58.881596797826134,58.247856819474855,58.49653734909299,47833500.0
2022-10-06,58.568748474121094,58.92973679496159,58.4805057965266,58.68105622372984,37196000.0
2022-10-07,57.85477066040039,58.37619670559762,57.83872320405846,58.21575886404637,33983000.0
2022-10-10,57.14883041381836,57.846747888760596,56.8921261909048,57.81465909585747,37759700.0
2022-10-11,57.3253173828125,57.77454825590612,57.188944599239306,57.26113979513866,46344600.0
2022-10-12,57.42158889770508,57.638180625077645,57.28521610194042,57.28521610194042,32784800.0
2022-10-13,57.54994201660156,57.686320942281526,56.47499479267629,56.531148660787125,48832500.0
2022-10-14,57.365447998046875,58.05534198235171,57.22105144039439,57.91094542469922,37152100.0
2022-10-17,58.071388244628906,58.23984988944517,57.87083779313611,57.87886152488376,33820000.0
2022-10-18,58.48051071166992,58.809410257363496,58.22380638808694,58.66501369282845,37648400.0
2022-10-19,57.918941497802734,58.271912089767824,57.742462322131466,58.07938545792835,33194000.0
2022-10-20,57.59806823730469,58.36015718889763,57.54191437898006,57.926967658831316,47281100.0
2022-10-21,58.151588439941406,58.2237897617481,57.40554075627012,57.42960582343498,60211200.0
2022-10-24,58.19171142578125,58.3441317056401,57.88687698637673,58.207752766670666,29551200.0
2022-10-25,58.75324249267578,58.761266222229764,58.320052901446424,58.336100360554404,37459200.0
2022-10-26,58.913700103759766,59.130291889296906,58.52061682878991,58.60885951334936,50552100.0
2022-10-27,59.34688949584961,59.475238596180006,58.84952219632409,59.05809636971399,49481500.0
2022-10-28,59.80411911010742,59.91642682078671,59.45917225007495,59.56345623275966,123446800.0
2022-10-31,58.90566635131836,59.50731757806327,58.89764262127418,59.4992938480191,60269700.0
2022-11-01,59.25997543334961,59.549873903074634,58.953974223634994,59.541825604949345,39586700.0
2022-11-02,58.720436096191406,59.823661010513156,58.68822447711579,59.235809713924944,50659500.0
2022-11-03,58.30172348022461,58.49498713760636,57.891032832515094,58.11650812341729,37507100.0
2022-11-04,58.70435333251953,58.95398578561963,58.301717172685706,58.68019614592794,39849100.0
2022-11-07,58.69631576538086,58.87347670964331,58.52720926687815,58.82516232256882,24913000.0
2022-11-08,58.63991928100586,58.84123732387443,58.45470397832158,58.744602451551444,39489200.0
2022-11-09,57.939334869384766,58.57550067248808,57.83465169054736,58.462763051051,45728900.0
2022-11-10,59.74315643310547,59.80757355059105,59.15530492596446,59.574049980192655,67165700.0
2022-11-11,59.9525146484375,60.14578440578386,59.5337757949994,59.76730547732162,20934800.0
2022-11-14,59.50960922241211,59.82366484887689,59.48545204248998,59.79145322773453,37932800.0
2022-11-15,60.03303527832031,60.153821173834324,59.646501981460474,60.10550681562872,50673700.0
2022-11-16,59.90419387817383,60.0491431088211,59.83977063261085,59.98471986325812,31124900.0
2022-11-17,59.646514892578125,59.727040888264284,59.37272527849727,59.4371423888024,34338000.0
2022-11-18,59.775367736816406,59.96057693215265,59.606255141088106,59.96057693215265,31663800.0
2022-11-21,59.751182556152344,59.87197459018361,59.60623334406244,59.71092264063396,19070500.0
2022-11-22,60.186058044433594,60.226324122323774,59.79953072914783,59.86394785253486,24572500.0
2022-11-23,60.524261474609375,60.63699909106108,60.1216253747849,60.13772811553258,30316300.0
2022-11-25,60.40346908569336,60.54036388438785,60.31488865271709,60.51620670152874,9465900.0
2022-11-28,59.767311096191406,60.33905369201141,59.74315391018691,60.23437050474524,31668900.0
2022-11-29,60.02500915527344,60.073323536272234,59.65458456555309,59.767322217044445,27162300.0
2022-11-30,60.92690658569336,60.95106377225745,59.9042073003851,60.07331375007398,41702100.0
2022-12-01,61.15251159667969,61.18485960463812,60.796689678888505,61.11207504429372,42134200.0
2022-12-02,61.10397720336914,61.12823666320917,60.64302895715649,60.64302895715649,27535800.0
2022-12-05,60.5217399597168,60.89373899871593,60.400442631512945,60.87756190845395,29736500.0
2022-12-06,60.303409576416016,60.65114304332119,60.19019460298208,60.54601661649063,24976800.0
2022-12-07,60.634971618652344,60.70775002822114,60.28723815462157,60.28723815462157,24614200.0
2022-12-08,60.6834831237793,60.764350069977255,60.48940121895368,60.70774259066343,23839500.0
2022-12-09,60.6834831237793,60.9099130410346,60.505572140292266,60.505572140292266,20687300.0
2022-12-12,60.91801071166992,60.974618199463144,60.73201115477591,60.829055206601495,22415700.0
2022-12-13,61.548763275146484,62.02588250577088,61.20911844964251,61.95310411591357,45923300.0
2022-12-14,61.20103454589844,61.62963488245015,60.829041684556344,61.46790100178039,57177300.0
2022-12-15,60.97016143798828,61.05958483760711,60.66937307543354,60.89700022132136,41666500.0
2022-12-16,60.644996643066406,60.81571238077931,60.49054309115852,60.62060956656551,38197100.0
2022-12-19,60.33607864379883,60.53118144283654,60.206005976302905,60.40923986761066,24135100.0
2022-12-20,60.181617736816406,60.311690401794614,59.90522262704675,60.03528908981893,32917800.0
2022-12-21,60.69376754760742,60.80757802169452,60.43362223288757,60.48240258050038,23211500.0
2022-12-22,60.3198127746582,60.555564818439166,60.0921918226506,60.45801652598206,26893700.0
2022-12-23,60.47426986694336,60.52304401104237,60.116576271002586,60.22226185282445,13196500.0
2022-12-27,59.84831619262695,60.4580178425845,59.81579802703118,60.417368585038304,22108000.0
2022-12-28,59.04349899291992,60.01902524585336,59.010980830934955,59.94585783083588,41064800.0
2022-12-29,59.80766296386719,59.848312218714284,59.141056118931026,59.27925366188237,33378900.0
2022-12-30,59.85645294189453,59.88897111393323,59.57192668931489,59.604444861353585,15170300.0
2023-01-03,59.97027587890625,60.31171365501259,59.8808586400164,60.24667729744868,28787700.0
2023-01-04,60.661258697509766,60.693776866842754,60.14910528327348,60.36860137571949,37120100.0
2023-01-05,60.539302825927734,60.5962080582793,60.30355080555546,60.44987943191738,35142000.0
2023-01-06,61.40102767944336,61.604261588723766,60.7262896121028,60.86449338409057,60041200.0
2023-01-09,61.620513916015625,61.75058037199822,61.490441257827314,61.57986465978035,35806900.0
2023-01-10,61.54734802246094,61.67742068387685,61.401019379470966,61.58799727970488,35695500.0
2023-01-11,61.95381546020508,61.98633362538802,61.661158175764484,61.78309974464904,31826700.0
2023-01-12,62.30338668823242,62.352160841718664,61.82375763973317,62.10828387208075,29404900.0
2023-01-13,62.30338668823242,62.40906608818818,61.96195520941532,61.994473379141716,26301500.0
2023-01-17,62.092018127441406,62.23022189140941,62.01885690140512,62.20582861385763,30961200.0
2023-01-18,62.16518783569336,62.661079059925825,62.1489256500624,62.47410113840925,52989700.0
2023-01-19,61.79936599731445,62.051380268816025,61.74246074933801,61.953825757053465,50070900.0
2023-01-20,61.92130661010742,61.92130661010742,61.56361914369835,61.78310903894467,36625400.0
2023-01-23,61.91317367553711,62.0838893945954,61.758713938300865,61.86439332565906,26764800.0
2023-01-24,61.95381546020508,61.98633362538802,61.68554524910023,61.79123083649623,27774500.0
2023-01-25,61.9456787109375,62.01071503536369,61.68553961543802,61.750575939864206,25857700.0
2023-01-26,62.10015869140625,62.16519503705089,61.85627549634249,62.075771612341335,25512400.0
2023-01-27,61.91317367553711,62.0838893945954,61.823750270000964,62.0025908788673,35813400.0
2023-01-30,61.57172775268555,61.80747977173097,61.55547177305023,61.68553821674814,32002000.0
2023-01-31,62.05137634277344,62.075763418619374,61.718069766995086,61.734331952363355,41006600.0
2023-02-01,62.70323181152344,62.882945036597135,61.90269278135482,62.06607127335465,46900900.0
2023-02-02,63.06266403198242,63.177025882022406,62.95647266616056,63.160691145839586,56399900.0
2023-02-03,62.40099334716797,62.78492505656174,62.35198291013998,62.572536109018884,39682300.0
2023-02-06,62.000728607177734,62.16410088993058,61.91087198198773,62.13142518692939,40944200.0
2023-02-07,62.22128677368164,62.3764948172504,61.90270643433263,61.94355262440449,37101300.0
2023-02-08,61.959877014160156,62.213112132260505,61.8291804458122,62.131419765758906,34066600.0
2023-02-09,61.559608459472656,62.17226379347836,61.50242754425555,62.17226379347836,42581900.0
2023-02-10,61.08584213256836,61.4697739437298,61.012326457539785,61.29006065065384,65905000.0
2023-02-13,61.24103927612305,61.44525775777891,61.06132601510532,61.12667742497603,38741300.0
2023-02-14,61.25737380981445,61.420752333950745,60.86527781639424,61.126677222758865,54193600.0
2023-02-15,61.15934371948242,61.167507970269945,60.92244956934148,61.03681140289193,44897600.0
2023-02-16,60.66922378540039,60.930623192617986,60.63655431271997,60.889783235640735,89945400.0
2023-02-17,60.90611267089844,61.004139777168106,60.34247394854339,60.57119763091969,75910300.0
2023-02-21,59.966732025146484,60.47318998992755,59.72166729671667,60.32615239932064,98782400.0
2023-02-22,60.35882568359375,60.60389040216421,60.12193145091022,60.12193145091022,70093300.0
2023-02-23,60.955142974853516,61.044999617636975,60.554870208907424,60.636562598531896,47908100.0
2023-02-24,60.58751678466797,60.71004907793044,60.3832983733143,60.44864976068779,47576500.0
2023-02-27,60.9959716796875,61.07765782198125,60.75907750445842,60.8734393501203,40292000.0
2023-02-28,60.88161849975586,60.971475138744886,60.791761860766826,60.971475138744886,32999000.0
2023-03-01,60.70901870727539,60.89803744839637,60.561087998084545,60.88160348964636,45341400.0
2023-03-02,60.78300476074219,60.85697327939686,60.38852689495936,60.38852689495936,37886100.0
2023-03-03,61.4075813293457,61.48154355295486,60.955569062476954,61.054191630733,50123300.0
2023-03-06,61.4075813293457,61.62947427028368,61.35827318027294,61.54729193179223,33430800.0
2023-03-07,60.97201919555664,61.44867934427228,60.963799079339196,61.41581141962557,40222100.0
2023-03-08,60.684349060058594,61.111707163359966,60.561078713057434,61.01308461564984,54303900.0
2023-03-09,60.34743881225586,60.996690231475206,60.281690404461,60.74192298891173,52669500.0
2023-03-10,60.35564422607422,60.774776115896806,60.13374497135709,60.38851842196238,81516000.0
2023-03-13,60.02690124511719,60.79942907936132,59.85431644025411,60.15017789719395,78478100.0
2023-03-14,60.46247482299805,60.741902326015214,60.215921512695324,60.56109740114137,66395600.0
2023-03-15,60.26523971557617,60.322767988905795,59.6735167498363,59.837881453603366,81454700.0
2023-03-16,60.659706115722656,60.77476264076471,60.01045499863653,60.10085744975678,63386700.0
2023-03-17,60.29810333251953,60.63505279716589,60.19126065071351,60.355631595757224,55132200.0
2023-03-20,60.13373565673828,60.4542511793608,60.05155331480367,60.183050077987666,38540800.0
2023-03-21,60.79120635986328,60.88160881617311,60.404942459286865,60.528219106083064,38203400.0
2023-03-22,60.84872817993164,61.46510507850861,60.577520839731356,60.7994200344807,55263500.0
2023-03-23,60.61041259765625,61.119953238768346,60.42138753511264,60.840525703283696,54660900.0
2023-03-24,60.487125396728516,60.5610938935797,60.31454059755679,60.36384874871706,44225600.0
2023-03-27,60.33919143676758,60.70080124617624,60.33919143676758,60.610398793824075,30905100.0
2023-03-28,60.30630111694336,60.38026959004201,60.10906230552825,60.22411880136279,38277200.0
2023-03-29,61.06239318847656,61.07060703075213,60.52819874546047,60.52819874546047,44457300.0
2023-03-30,61.42402267456055,61.432242790431225,61.03775874008518,61.202129706942394,37130200.0
2023-03-31,62.0897102355957,62.17189257883038,61.59660363596589,61.613043866679355,54218900.0
2023-04-03,62.041831970214844,62.16566921938177,61.89322853093936,62.03357447397061,43302900.0
2023-04-04,61.86021423339844,62.13265496319043,61.794166850668546,62.041841386593106,46144300.0
2023-04-05,61.51343536376953,61.876683137935366,61.43913053132629,61.81889328986664,37633900.0
2023-04-06,61.785892486572266,61.88496353362223,61.33183102616249,61.41438708272578,35719600.0
2023-04-10,61.72809982299805,61.76112350385323,61.43089929254764,61.571245212214826,29083900.0
2023-04-11,61.86021423339844,62.00056019773064,61.678587080203776,61.72811946793865,28875100.0
2023-04-12,61.84368133544922,62.23169538523752,61.794142668475445,62.173905522620316,41457600.0
2023-04-13,62.264739990234375,62.42985843793721,61.95102438753611,61.95102438753611,95864000.0
2023-04-14,62.149131774902344,62.37204000259982,61.984019701410915,62.24820279817032,43767600.0
2023-04-17,61.98402786254883,62.050075220090285,61.761119605502095,61.97577036820047,26391100.0
2023-04-18,62.02531051635742,62.21519511844905,61.901479578714486,62.13263906047927,28030700.0
2023-04-19,61.777652740478516,61.90974119573778,61.73637155523369,61.777652740478516,26979400.0
2023-04-20,61.71986770629883,61.8189324808653,61.54649805218248,61.629054130529546,30203900.0
2023-04-21,61.90972137451172,61.9427450524097,61.66205323821067,61.818907834947915,33061800.0
2023-04-24,62.08310317993164,62.13264185584105,61.87670987640976,61.942757245206465,24661600.0
2023-04-25,61.98402786254883,62.16565494647648,61.92623799935573,62.050075220090285,34575300.0
2023-04-26,61.744625091552734,62.00880828375043,61.653811528738764,61.967527101153486,33762700.0
2023-04-27,61.95100784301758,62.12437744283724,61.75287205731269,61.8601942956897,39687600.0
2023-04-28,62.215206146240234,62.31427721253864,61.96753162980652,61.96753162980652,33821100.0
2023-05-01,61.92997741699219,62.18701505490222,61.797308748399715,62.128974093890584,37748300.0
2023-05-02,61.87192916870117,61.971424332436676,61.6646391429328,61.92997012287673,39045300.0
2023-05-03,61.83876419067383,62.220177092446995,61.82217744547208,61.938259357925226,33178300.0
2023-05-04,61.6563606262207,61.697821171759784,61.43248380189542,61.672941048841686,45207600.0
2023-05-05,61.98801803588867,62.0709327903062,61.755854193123476,61.838768947541006,31591500.0
2023-05-08,61.813899993896484,61.93826897226585,61.67293794175994,61.93826897226585,18367400.0
2023-05-09,61.6563606262207,61.75586213991984,61.58173290944858,61.648067251914675,21732900.0
2023-05-10,62.02946853637695,62.120676658572656,61.79730470751148,61.996301371397614,35392700.0
2023-05-11,61.92997741699219,61.99630542529812,61.86364308269595,61.971431631434605,25265500.0
2023-05-12,61.70608901977539,62.01288051372734,61.590007119575,61.9216724027143,27553200.0
2023-05-15,61.68949890136719,61.764120257194705,61.60658417511834,61.714372686643024,19764500.0
2023-05-16,61.25834274291992,61.59000803096712,61.200301791960854,61.5734276132599,40998700.0
2023-05-17,61.42418670654297,61.63976379530961,61.29981141626065,61.32468520911911,38534100.0
2023-05-18,61.45735549926758,61.515396459470466,61.200311538948895,61.241772078803905,29129200.0
2023-05-19,61.523677825927734,61.65634648042178,61.41588928864354,61.51539077951407,36044900.0
2023-05-22,61.79732894897461,61.913410908943234,61.540291227042985,61.540291227042985,34897700.0
2023-05-23,61.47391128540039,61.75582892626417,61.41587034845603,61.681201249628465,32415500.0
2023-05-24,61.04277801513672,61.374437044199155,60.91840271624306,61.29981566045725,38083200.0
2023-05-25,61.001304626464844,61.28322233298385,60.9847242088998,61.26663558942965,21457900.0
2023-05-26,61.37440872192383,61.44903639721799,61.042749845911075,61.067623629013276,23547600.0
2023-05-30,61.63975524902344,61.64804862082307,61.43246523595679,61.64804862082307,27482600.0
2023-05-31,61.44904708862305,61.56512898062189,61.31637845434513,61.47392087605299,43393600.0
2023-06-01,61.81812286376953,61.90976749349298,61.46821047187913,61.48487659888252,42425700.0
2023-06-02,62.134727478027344,62.2930175769379,61.90145250593492,62.03474976587362,49950900.0
2023-06-05,62.084720611572266,62.10971980083801,61.93475725730156,62.084720611572266,24080200.0
2023-06-06,62.18471145629883,62.20137758600205,61.91811058744207,62.02641500544866,23006600.0
2023-06-07,61.8431396484375,62.30968963702325,61.76815476811944,62.234704756705185,32340900.0
2023-06-08,62.23469924926758,62.26802515354123,61.84313417565131,61.84313417565131,33987800.0
2023-06-09,62.25136947631836,62.36800697081895,62.226376635534905,62.2846953827852,27016700.0
2023-06-12,62.18471145629883,62.31801506886025,62.0514142000035,62.309682004008636,30629500.0
2023-06-13,62.25967788696289,62.43463405943056,62.168033269537325,62.342989442004985,39425900.0
2023-06-14,62.28468704223633,62.47630303342795,61.99309334503219,62.31801294424049,32864600.0
2023-06-15,62.58461380004883,62.60960663748391,62.334672713166306,62.36799861516837,42412300.0
2023-06-16,62.42628479003906,62.576248092687294,62.40129196564145,62.55958197224718,47560800.0
2023-06-20,62.25967788696289,62.42630099704708,62.25967788696289,62.32632331723804,31930500.0
2023-06-21,62.101383209228516,62.23468042974828,61.97641269505946,62.13470910342455,39751900.0
2023-06-22,61.9180908203125,62.05139439031724,61.90143105219394,61.959749775005,31504700.0
2023-06-23,61.809810638427734,61.86812938407341,61.651514176132366,61.8264704130694,33811100.0
2023-06-26,61.8431396484375,61.92645123836112,61.72649579502419,61.81814045082023,36111900.0
2023-06-27,62.0514030456543,62.109721776600026,61.89310662325946,61.90976639370184,31707600.0
2023-06-28,62.40963363647461,62.40963363647461,62.00139626078086,62.04305521136624,35679600.0
2023-06-29,62.24302291870117,62.251355982578275,62.009747980265175,62.184704184092176,41712000.0
2023-06-30,62.542972564697266,62.684602921159474,62.39300914130562,62.451327897276386,35842000.0
2023-07-03,62.44496154785156,62.56222856522847,62.41982742363666,62.553850523823506,13046500.0
2023-07-05,62.252281188964844,62.436559686130664,62.15176390217329,62.419803609713384,37947100.0
2023-07-06,61.79999923706055,61.86701080089823,61.6324767180408,61.79999923706055,52251100.0
2023-07-07,61.85863494873047,62.26069795542268,61.758123989988434,61.78325172967394,42269100.0
2023-07-10,62.16853713989258,62.23554868291847,61.908875398882856,61.91724704883173,45752200.0
2023-07-11,62.503578186035156,62.50357818603515,62.2271604094383,62.32767770744754,32000700.0
2023-07-12,62.989402770996094,63.08154204003435,62.838630002621876,62.897263501957845,42820700.0
2023-07-13,63.36634826660156,63.4333598169826,63.16532000603162,63.240703207280404,33954200.0
2023-07-14,62.90564727783203,63.34958758336505,62.86376985481484,63.29933211951534,36081800.0
2023-07-17,63.02289581298828,63.1234131017953,62.821867625945096,62.87212307506318,28836600.0
2023-07-18,63.19880676269531,63.28257437922033,63.04803399975095,63.073168119051594,25990800.0
2023-07-19,63.24905014038086,63.366317100584645,63.207166344349496,63.316055267233,26794800.0
2023-07-20,62.972660064697266,63.07317738495085,62.8051375881808,62.997787797117454,27028500.0
2023-07-21,63.131805419921875,63.23231634089256,62.98940429759292,62.98940429759292,37447800.0
2023-07-24,63.02289581298828,63.2741858397204,63.006146126805874,63.18204658929002,20925500.0
2023-07-25,62.98101043701172,63.04801556383805,62.87211512360011,62.95588271563059,30067600.0
2023-07-26,63.23231887817383,63.29095238128357,62.92240167198199,62.95590744384078,33068400.0
2023-07-27,62.72975158691406,63.399854312438684,62.59573487615306,63.349592454151754,48675800.0
2023-07-28,63.08992004394531,63.140175503183876,62.94752531572131,62.997780774959864,27588400.0
2023-07-31,63.240692138671875,63.3244533667014,63.140174830693205,63.17368060001943,30744800.0
2023-08-01,62.92759704589844,63.08750606833195,62.85185472223053,63.08750606833195,34529700.0
2023-08-02,62.658294677734375,62.7172075277738,62.498392039638276,62.65829467773438,37500500.0
2023-08-03,62.456329345703125,62.58257304356366,62.355333103210455,62.456329345703125,30348000.0
2023-08-04,62.82661437988281,63.070683707642075,62.759283581669564,62.82661437988281,37411900.0
2023-08-07,62.94446563720703,62.978131049990104,62.78455653174266,62.944465637207024,19412600.0
2023-08-08,63.079097747802734,63.12118110361258,62.83503483136513,62.90235921123485,32545600.0
2023-08-09,63.08753204345703,63.16328081933071,62.952876827821974,63.08753204345703,27569200.0
2023-08-10,63.07069396972656,63.41575312993113,62.90236694680536,63.12960682249415,43697200.0
2023-08-11,62.97811508178711,63.00336252971764,62.76771112100686,62.8518714211151,23329000.0
2023-08-14,62.96969223022461,63.06227047945245,62.759288285801105,62.86869602533456,28545100.0
2023-08-15,62.767704010009766,62.94444254652002,62.74245656493953,62.801369410442945,32968600.0
2023-08-16,62.57413101196289,62.910778603072714,62.5741310119629,62.74245801802717,31759400.0
2023-08-17,62.313228607177734,62.63304026884085,62.16173752091239,62.607792824633016,38546600.0
2023-08-18,62.35530090332031,62.548875329548665,62.16173289810985,62.18698034044009,44130500.0
2023-08-21,62.3384895324707,62.397402388702034,62.14491504998505,62.34690748936654,30768700.0
2023-08-22,62.37215042114258,62.49839408135668,62.32165552546465,62.473146633517715,18135400.0
2023-08-23,62.877140045166016,62.96971833276991,62.61624110065766,62.61624110065766,33378000.0
2023-08-24,62.53205108642578,62.8855281507322,62.46472028721929,62.8855281507322,34336100.0
2023-08-25,62.79296112060547,62.868703467474965,62.49839684774701,62.54889174566001,31149300.0
2023-08-28,63.02860641479492,63.062271817139056,62.860285824093204,63.03702437063569,21461600.0
2023-08-29,63.424171447753906,63.424171447753906,62.93603271002982,62.96128015835703,42178200.0
2023-08-30,63.39892578125,63.525169447453536,63.34001292649097,63.42417323028679,29458200.0
2023-08-31,63.356842041015625,63.44100234430956,63.25585224547073,63.34842408438037,30824500.0
2023-09-01,63.4760856628418,63.61982908069668,63.29006173333532,63.577555020145425,33213100.0
2023-09-05,63.061744689941406,63.38305454767253,63.01100680106926,63.38305454767253,29500600.0
2023-09-06,62.90956497192383,63.03640005988931,62.782729883958346,63.002576939691814,30797500.0
2023-09-07,63.12093734741211,63.15476045834621,62.808078409595765,62.808078409595765,28757400.0
2023-09-08,63.09556198120117,63.31540249201635,63.04482409700722,63.247762731587414,26389100.0
2023-09-11,63.205482482910156,63.205482482910156,63.0532817319308,63.18011676626323,29159400.0
2023-09-12,63.10401916503906,63.21394588242445,63.0448303368694,63.0448303368694,21668500.0
2023-09-13,63.27312469482422,63.34077090233823,63.078643460995785,63.078643460995785,27498900.0
2023-09-14,63.34922790527344,63.41687411926418,63.27313075285738,63.34077696684812,29575900.0
2023-09-15,63.112483978271484,63.29005048366551,63.112483978271484,63.16321542235572,41636900.0
2023-09-18,63.154747009277344,63.22238676564259,63.0363693717664,63.0363693717664,19549700.0
2023-09-19,62.960262298583984,63.112463031420894,62.917988259577484,63.01945111407072,33937200.0
2023-09-20,62.90956497192383,63.21396660260076,62.90110757909932,63.104039849183756,26715100.0
2023-09-21,62.46139907836914,62.70661177965991,62.46139907836914,62.65587389074217,43327300.0
2023-09-22,62.57130813598633,62.799606016378085,62.562850747498565,62.58821646186462,36657300.0
2023-09-25,62.48675537109375,62.596675620153526,62.34301201822386,62.41065177474665,30197500.0
2023-09-26,62.21617889404297,62.47829989271418,62.173898400213204,62.43601939888441,39193000.0
2023-09-27,62.13163375854492,62.44448623627108,62.02170703839369,62.39375479687735,45532200.0
2023-09-28,62.42756652832031,62.45293224339383,61.98787263005453,62.02169573385171,45776600.0
2023-09-29,62.33456802368164,62.748889844962655,62.32611063313747,62.68970101335108,51698300.0
2023-10-02,61.9563102722168,62.253808066688286,61.87981361862364,62.13480894889969,69255900.0
2023-10-03,61.32731246948242,61.87981206532675,61.30181358559144,61.7098086977779,77754200.0
2023-10-04,61.641807556152344,61.73530778737441,61.30181378985254,61.47181067300244,138971500.0
2023-10-05,61.70132827758789,61.77783144072207,61.539833128691534,61.599332706699165,56138500.0
2023-10-06,61.78631591796875,61.8968132504544,61.284814056761356,61.45481743554598,52741500.0
2023-10-09,62.24530792236328,62.253803226569445,61.794803885800256,61.794803885800256,27277200.0
2023-10-10,62.22830581665039,62.4238080624243,62.0073046877245,62.083807822145666,50761600.0
2023-10-11,62.219818115234375,62.42382219657175,61.947819158417865,62.347319044828566,53330500.0
2023-10-12,61.888301849365234,62.194301398691735,61.70130140422517,62.194301398691735,60368000.0
2023-10-13,61.83729934692383,62.25379617965606,61.77779979939065,62.05830044560318,54191200.0
2023-10-16,61.82032012939453,61.97331993656826,61.769315870359165,61.811818338727605,39352900.0
2023-10-17,61.53131866455078,61.71831915262663,61.4463202113253,61.5568175520218,50948700.0
2023-10-18,61.23380661010742,61.590803921697585,61.191304150885585,61.463303028996876,58306500.0
2023-10-19,61.01279067993164,61.5397912154778,61.01279067993164,61.23379174128496,70971900.0
2023-10-20,61.140316009521484,61.27631222749664,61.04681577249103,61.08081644822627,64845500.0
2023-10-23,61.38681411743164,61.556811005804406,60.92781473686645,61.00431139114451,47508700.0
2023-10-24,61.70132827758789,61.7268336552777,61.4803335506839,61.548334921254806,46427900.0
2023-10-25,61.369808197021484,61.59931112103383,61.30181333524501,61.54831335346014,42518300.0
2023-10-26,61.582279205322266,61.69278296417175,61.28478155642436,61.378281743929755,45233400.0
2023-10-27,61.50580978393555,61.71830912495662,61.39531246119208,61.64180599000711,35621800.0
2023-10-30,61.522823333740234,61.62482537930098,61.429323079884625,61.497324443591786,29094000.0
2023-10-31,61.68430709838867,61.879809341222,61.522805527568316,61.54831089530187,42185900.0
2023-11-01,62.272239685058594,62.272239685058594,61.768042250159496,61.768042250159496,59313100.0
2023-11-02,62.97298812866211,63.0584434484488,62.6567962736461,62.66534376157166,68930600.0
2023-11-03,63.588279724121094,63.63100412602541,63.237904421459994,63.366090666819495,88763600.0
2023-11-06,63.33191680908203,63.57119435935906,63.272097421512775,63.44300809461801,93899100.0
2023-11-07,63.3404655456543,63.41737339411844,63.15245988964276,63.28918712685382,50458200.0
2023-11-08,63.3746452331543,63.43446461835992,63.28918338015426,63.32336681738948,41143500.0
2023-11-09,62.98153305053711,63.40027522747818,62.964444593436205,63.2806364683017,62856100.0
2023-11-10,63.289188385009766,63.32337182494817,63.126825195082965,63.161008635021375,35563300.0
2023-11-13,63.22936248779297,63.289181871572715,63.058451825514794,63.058451825514794,37530100.0
2023-11-14,63.87028503417969,64.0326547215849,63.76774124830155,63.76774124830155,68210800.0
2023-11-15,63.66517639160156,63.84463449569588,63.60535702357013,63.75917918705413,44022800.0
2023-11-16,63.75065231323242,63.81047170060572,63.62246604891128,63.69083292585912,52928200.0
2023-11-17,63.895938873291016,63.895938873291016,63.64812030814032,63.75921161389151,44272100.0
2023-11-20,63.964271545410156,64.04972685179897,63.793360932632524,63.793360932632524,30846200.0
2023-11-21,64.04976654052734,64.06686152429126,63.92158676142792,63.92158676142792,29493900.0
2023-11-22,64.16082763671875,64.22919449297525,63.98991049607749,64.13519169557813,40866800.0
2023-11-24,64.09243774414062,64.1180736760671,64.04970684438324,64.10952619215163,8536200.0
2023-11-27,64.18647003173828,64.26337786289315,64.03264784960562,64.09246722488928,31007400.0
2023-11-28,64.4684829711914,64.49411891670664,64.1352026398466,64.17792704243087,44031100.0
2023-11-29,64.81885528564453,64.98122497583816,64.69921652018303,64.72485246709282,48815500.0
2023-11-30,64.69922637939453,64.82741265330091,64.50267974325284,64.7932292122709,55047100.0
2023-12-01,65.2348861694336,65.2520591721126,64.55669665440604,64.63396206729854,60321100.0
2023-12-04,65.07177734375,65.11469674825199,64.85716067249697,64.85716067249697,33105700.0
2023-12-05,65.13189697265625,65.20915586280006,64.9601996341415,64.9601996341415,32466500.0
2023-12-06,65.14045715332031,65.26922848072053,65.09753774390809,65.209136067878,21297200.0
2023-12-07,65.25208282470703,65.36368118424674,65.17481738380732,65.23490981580315,27779300.0
2023-12-08,65.12329864501953,65.16622460925083,64.96018784043969,65.08037268078823,30123200.0
2023-12-11,65.08036804199219,65.08895454414294,64.87433783744903,65.07178808942355,30141700.0
2023-12-12,65.22631072998047,65.25206368619905,64.9000891523267,65.04602693728657,29203400.0
2023-12-13,66.2221450805664,66.23073158460855,65.29499913152226,65.32933859810726,64201300.0
2023-12-14,66.51461029052734,66.75616684118027,66.38520311498546,66.54049040925125,67220400.0
2023-12-15,66.36792755126953,66.73026224433663,66.21264031396649,66.45419677601123,36336400.0
2023-12-18,66.41107177734375,66.49734101029881,66.1953954039958,66.49734101029881,34793600.0
2023-12-19,66.6008529663086,66.67849987341356,66.46282352756162,66.4887036359567,25269400.0
2023-12-20,66.6094741821289,66.89416850548518,66.57496518094158,66.67849218450358,38376400.0
2023-12-21,66.91142272949219,66.97181183881082,66.70437529495963,66.86829141250418,22861400.0
2023-12-22,66.83380889892578,67.07536543193974,66.79067098292106,67.02360519827157,18048400.0
2023-12-26,66.96321868896484,66.97184100696616,66.84244041772519,66.85969163564994,12374700.0
2023-12-27,67.23927307128906,67.36005132245042,66.95457865844256,67.00633888553426,22835300.0
2023-12-28,67.02359771728516,67.21339399544641,66.89419056563692,67.20476509682423,22648100.0
2023-12-29,66.7647705078125,67.17024309969926,66.7647705078125,67.00632696716976,36993900.0
2024-01-02,66.54048156738281,66.63537971137535,66.46284122152791,66.54048156738281,41547100.0
2024-01-03,66.35931396484375,66.49735002181453,66.04011710146139,66.18677547555174,39495500.0
2024-01-04,66.10050201416016,66.34205851652796,66.083244217179,66.26441159395486,32856100.0
2024-01-05,66.15226745605469,66.42833299222603,66.04011809452061,66.08324942653145,31158500.0
2024-01-08,66.52323913574219,66.57499937314721,66.1695266283483,66.1695266283483,33479100.0
2024-01-09,66.62675476074219,66.70439510352828,66.39382056854146,66.436958480259,25593500.0
2024-01-10,66.74752807617188,66.85104852555986,66.66988115721014,66.78203708660811,35702800.0
2024-01-11,66.96321868896484,66.97184100696616,66.57499717547553,66.73028446448683,35947100.0
2024-01-12,67.03221893310547,67.22201520814967,66.97182980758423,67.01496771806556,31155500.0
2024-01-16,66.6094741821289,66.90279740126176,66.54045617975424,66.90279740126176,43669900.0
2024-01-17,66.32479858398438,66.49734363863499,66.19539802039745,66.49734363863499,54160800.0
2024-01-18,66.46282958984375,66.47145848740243,66.29891344583066,66.41969168397073,34837600.0
2024-01-19,66.57501220703125,66.57501220703125,66.23855743519444,66.48874293408502,44359700.0
2024-01-22,66.62675476074219,66.79929324376988,66.58361684902465,66.58361684902465,36758900.0
2024-01-23,66.54911041259766,66.6440085565134,66.45421226868191,66.59224832598535,24561500.0
2024-01-24,66.51461029052734,66.79930476033502,66.45422115286411,66.77342464161111,27623300.0
2024-01-25,67.02359771728516,67.02359771728516,66.68714307215244,66.74753219866545,48268800.0
2024-01-26,66.97180938720703,67.09258760142303,66.93730038572832,66.98906717890591,26232800.0
2024-01-29,67.11849212646484,67.14437223897205,66.92006696070827,66.99771388015067,25924900.0
2024-01-30,67.03221893310547,67.14437486758852,66.8855605685426,67.11849475406814,32486600.0
2024-01-31,66.8424072265625,67.20474186036115,66.79926933028791,67.03219685718166,55548900.0
2024-02-01,67.22737121582031,67.28806112313755,66.8545598952419,67.0453014938686,48019300.0
2024-02-02,66.92391204833984,67.01061095850153,66.79386037574588,66.8025322511729,42727400.0
2024-02-05,66.61177825927734,66.76783891434978,66.46438947801492,66.71581428619123,51908600.0
2024-02-06,66.85457611083984,66.9499469332854,66.64649732309742,66.64649732309742,32948200.0
2024-02-07,66.96724700927734,67.01927163844599,66.77650546996304,66.9932560165108,42954100.0
2024-02-08,66.93257904052734,67.01928456763484,66.86322387942556,66.91524190392765,25548400.0
2024-02-09,67.07131958007812,67.11467235461234,66.88057795565507,66.9759487678666,33951400.0
2024-02-12,66.92391204833984,67.1579997672467,66.9065682974858,67.04529184550678,36249100.0
2024-02-13,66.38636779785156,66.58578124318251,66.27365987683143,66.47306670745957,69904200.0
2024-02-14,66.64649963378906,66.7505357239146,66.52511978550552,66.57713783056829,38603100.0
2024-02-15,66.88057708740234,66.95861075760995,66.70717922092594,66.75919725792794,44319900.0
2024-02-16,66.68114471435547,66.76784361445405,66.60311107397528,66.69848184849435,50322900.0
2024-02-20,66.81987762451172,66.87189565408066,66.60312701503624,66.66381692110123,31994100.0
2024-02-21,66.69849395751953,66.86322652790528,66.60312316568601,66.81120188663947,38674100.0
2024-02-22,67.01930236816406,67.02796763141392,66.84589788259532,66.8892506576637,45450200.0
2024-02-23,67.06263732910156,67.15800812656131,67.0106192994703,67.07998108211443,24686900.0
2024-02-26,66.84590911865234,67.06265980101809,66.82857197453367,67.03665077748714,32795300.0
2024-02-27,66.93257904052734,66.93257904052734,66.80253397927213,66.88923289167661,30926600.0
2024-02-28,66.92391204833984,67.00193908307452,66.84587839890233,66.88923116133459,24667600.0
2024-02-29,67.04529571533203,67.16667551950496,66.96726206139046,67.01928670225259,43322400.0
2024-03-01,67.29642486572266,67.32258203842326,66.94764704081923,67.07843955670599,39342900.0
2024-03-04,67.27898406982422,67.34001968580986,67.16562745986288,67.24410562463483,21607300.0
2024-03-05,67.2266845703125,67.44466993315552,67.19180611397138,67.27900558101686,38076900.0
2024-03-06,67.392333984375,67.49696931987638,67.2964199232612,67.40105525876258,34335200.0
2024-03-07,67.4708023071289,67.5841589116591,67.4184879680429,67.56671636370851,30393000.0
2024-03-08,67.48826599121094,67.77600825106553,67.4795447145043,67.56673752441584,38317900.0
2024-03-11,67.47952270507812,67.51440114814362,67.40105119746784,67.43592298815054,27177600.0
2024-03-12,67.54057312011719,67.58417284660047,67.36618751895263,67.58417284660047,33351700.0
2024-03-13,67.56672668457031,67.73239765349287,67.48825516395473,67.48825516395473,28482200.0
2024-03-14,67.24409484863281,67.58415131925568,67.16561669643714,67.54927287965562,46677200.0
2024-03-15,67.20050811767578,67.34873652532383,67.10459405334271,67.2092293923561,53985300.0
2024-03-18,67.35746002197266,67.41849564198137,67.29642440196395,67.374895919525,34649300.0
2024-03-19,67.62774658203125,67.64518912859043,67.33128981434872,67.34001108762831,41841500.0
2024-03-20,67.85445404052734,67.88061120833837,67.54927599542792,67.6103116044478,36886700.0
2024-03-21,67.81959533691406,67.9765450418399,67.73240253470735,67.96782376590392,34693300.0
2024-03-22,67.74983215332031,67.91550311882331,67.714960357578,67.84574622257112,26955700.0
2024-03-25,67.64521026611328,67.72368179300302,67.61033181447858,67.62776771410371,29373100.0
2024-03-26,67.56672668457031,67.73239765349287,67.54929078633926,67.72367637818539,28522200.0
2024-03-27,67.92420959472656,67.92420959472656,67.66262461696651,67.73238149802016,28891100.0
2024-03-28,67.77598571777344,67.94165000581195,67.76726444396633,67.83702132965767,31546700.0
2024-04-01,67.49993133544922,67.78914325323198,67.47364055862576,67.78914325323198,47857400.0
2024-04-02,67.38599395751953,67.40352559744511,67.23700844995975,67.27206504344937,45551200.0
2024-04-03,67.43856811523438,67.47362470488281,67.22823526370459,67.28958262399914,29542300.0
2024-04-04,67.38599395751953,67.67520583903784,67.28958999701344,67.57880187853173,36056400.0
2024-04-05,67.32465362548828,67.42105759606797,67.29836284921423,67.33341944636705,30857300.0
2024-04-08,67.48238372802734,67.51744031414538,67.28957584755823,67.3333982517958,31067800.0
2024-04-09,67.62261199951172,67.68395935537643,67.49991060142197,67.58755541239469,32219100.0
2024-04-10,67.02664947509766,67.27203884760851,66.86889820900367,67.17563492464227,76623900.0
2024-04-11,66.96533966064453,67.09679355075971,66.79005666321984,67.05297781617554,50836000.0
2024-04-12,66.9302749633789,66.97409069266189,66.82510517764841,66.93903409741839,41441700.0
2024-04-15,66.544677734375,67.00040022741774,66.46579870140076,67.00040022741774,55560400.0
2024-04-16,66.3255615234375,66.52713527792191,66.24668251120899,66.52713527792191,55746100.0
2024-04-17,66.41320037841797,66.64106491062232,66.3518530066355,66.50960434641357,48158800.0
2024-04-18,66.46577453613281,66.50959694811509,66.29049826092631,66.41319299084313,40291400.0
2024-04-19,66.58847045898438,66.67610858935764,66.51835728014146,66.52712309908702,54739500.0
2024-04-22,66.95658111572266,66.98287189660286,66.70242575660838,66.72871653748858,40772500.0
2024-04-23,67.22824096679688,67.27206337916515,66.93902909243356,67.01790809742417,43554400.0
2024-04-24,67.07923126220703,67.21945089574687,66.93024581208378,67.19316013235559,40496500.0
2024-04-25,66.93901824951172,66.95654988616376,66.52711839723264,66.6761038769736,46371600.0
2024-04-26,67.14935302734375,67.18440961181095,66.9302543891936,66.9302543891936,34500800.0
2024-04-29,67.35093688964844,67.35093688964844,67.19318556323697,67.23700797638074,33157800.0
2024-04-30,66.86014556884766,67.27205210517792,66.86014556884766,67.1318257581888,49937500.0
2024-05-01,67.21257781982422,67.51211943792214,66.89541215265861,66.91302948012101,71484700.0
2024-05-02,67.62664794921875,67.64426527469013,67.24781159634098,67.37996506299221,41497900.0
2024-05-03,67.9085693359375,68.18168155962265,67.7852278980407,67.97024005488589,44204400.0
2024-05-06,67.98785400390625,68.04071941866877,67.94380733347538,67.98785400390625,29547100.0
2024-05-07,67.99667358398438,68.08477365624172,67.86452011479602,68.06715633043213,34064000.0
2024-05-08,67.83807373046875,67.89093241622889,67.79402034459999,67.8292617089744,22959500.0
2024-05-09,67.85569763183594,67.89093899962772,67.71473888227244,67.80283894095008,24590900.0
2024-05-10,67.74998474121094,67.86451415292366,67.67068997802207,67.84689682866173,24633800.0
2024-05-13,67.73235321044922,67.89093599769838,67.70592386617491,67.89093599769838,22109800.0
2024-05-14,67.83807373046875,67.86450307334883,67.7499736803342,67.76759100171992,27298700.0
2024-05-15,68.23452758789062,68.24333960941998,68.00546880095158,68.05832748692167,56544400.0
2024-05-16,68.07593536376953,68.24333014158839,68.06713006506479,68.24333014158839,31749800.0
2024-05-17,68.08475494384766,68.11118428610057,67.97903757483603,68.03189625934183,31550300.0
2024-05-20,68.12000274658203,68.12000274658203,68.01427864597377,68.04071471232842,18665000.0
2024-05-21,68.0671615600586,68.19050301501619,68.05834953567442,68.07596686283759,20295900.0
2024-05-22,67.91736602783203,68.00547280510722,67.85569531670143,67.97023143851783,31110700.0
2024-05-23,67.67947387695312,68.03188071018677,67.65304454074082,67.98782733543209,36464700.0
2024-05-24,67.91736602783203,67.93499007192842,67.69711252785083,67.78521930512603,20488500.0
2024-05-28,67.64424133300781,68.0054602325661,67.62662401377182,67.98783619172795,27771700.0
2024-05-29,67.4416275024414,67.52972756218833,67.415191435074,67.43281547998559,38800000.0
2024-05-30,67.71475219726562,67.73236952382386,67.51211597301871,67.51211597301871,44210200.0
2024-05-31,67.9526138305664,67.97023787633206,67.76760167965115,67.76760167965115,45381900.0
2024-06-03,68.16326904296875,68.16326904296875,68.01279312231361,68.03935246333307,36791300.0
2024-06-04,68.12784576416016,68.24290920043617,68.07474060171666,68.08358696016033,39230600.0
2024-06-05,68.34915161132812,68.34915161132812,68.1190179005335,68.260640723468,29793700.0
2024-06-06,68.23409271240234,68.31375725177139,68.18984063759643,68.31375725177139,24398300.0
2024-06-07,68.05705261230469,68.10131142816202,67.93313603144077,67.9685417335372,32498800.0
2024-06-10,68.1190185546875,68.1278716694429,67.94199677726729,67.98624884514838,24875700.0
2024-06-11,68.20752716064453,68.21638027510363,68.02165227468976,68.083610570008,25339600.0
2024-06-12,68.48192596435547,68.72090605308134,68.4642197338138,68.6766472296755,51775700.0
2024-06-13,68.47305297851562,68.64122835511608,68.38454211033773,68.64122835511608,38532000.0
2024-06-14,68.20752716064453,68.31374427531057,68.1101631604376,68.2517859799923,52953300.0
2024-06-17,68.25177764892578,68.32258905005965,68.01279085833575,68.10130848622651,33165000.0
2024-06-18,68.4642333984375,68.51734534771468,68.31376417354318,68.33146365466911,46845500.0
2024-06-20,68.41996002197266,68.45535897320585,68.27833720524958,68.43765949758925,26989000.0
2024-06-21,68.4996337890625,68.51734002176178,68.34031145951471,68.41112288441354,26857600.0
2024-06-24,68.4288101196289,68.60583865019879,68.4288101196289,68.47306894050837,28766200.0
2024-06-25,68.51734161376953,68.52618797737556,68.40227135739798,68.47308278394212,26111600.0
2024-06-26,68.36683654785156,68.39338913326776,68.30487826423162,68.38454277342666,29282000.0
2024-06-27,68.4465103149414,68.4465103149414,68.31374061695591,68.33144009197854,29404500.0
2024-06-28,68.27832794189453,68.61467195655851,68.27832794189453,68.49075538521143,34952000.0
2024-07-01,68.2649917602539,68.44294783176846,68.23829902838561,68.39846220818431,31113100.0
2024-07-02,68.45184326171875,68.46963615228826,68.23829463194195,68.27388720166951,30418400.0
2024-07-03,68.69207763671875,68.69207763671875,68.4429364625482,68.4429364625482,22067300.0
2024-07-05,68.89673614501953,68.91452903454172,68.72767314591219,68.76326571354468,25941500.0
2024-07-08,68.87896728515625,68.94125260309544,68.78998244073698,68.87896728515625,26962000.0
2024-07-09,68.79887390136719,68.87895889386996,68.7187956974541,68.87895889386996,19108500.0
2024-07-10,68.95903778076172,68.97683067449985,68.84336699998953,68.87895957605554,25361900.0
2024-07-11,69.20816040039062,69.26154585582847,69.14587510618382,69.19036751144066,44932500.0
2024-07-12,69.38615417480469,69.42173996857372,69.2170911057425,69.2170911057425,31688100.0
2024-07-15,69.3950424194336,69.46622757921998,69.31496420611677,69.43953484144771,23235600.0
2024-07-16,69.66194915771484,69.69754172012566,69.40390817167687,69.46619345874899,41375400.0
2024-07-17,69.58189392089844,69.62638634006613,69.43063055747237,69.45732329353696,32750400.0
2024-07-18,69.43952941894531,69.64417825161213,69.37724410614368,69.61748551592429,42513000.0
2024-07-19,69.38615417480469,69.51961787291594,69.29716932460924,69.51072481876916,36125700.0
2024-07-22,69.6441650390625,69.6530648788,69.50180154620581,69.55518700745348,32378800.0
2024-07-23,69.65306091308594,69.77763150796383,69.60857529410856,69.63526802321265,28826900.0
2024-07-24,69.43061828613281,69.67975949682193,69.41282539476452,69.58188162282423,37612800.0
2024-07-25,69.43952941894531,69.6975705115778,69.43952941894531,69.4751219960591,35409000.0
2024-07-26,69.66194915771484,69.73313428253645,69.59076403289323,69.73313428253645,23683700.0
2024-07-29,69.59970092773438,69.79545673092683,69.52851576501152,69.75986414956542,28468400.0
2024-07-30,69.63528442382812,69.71536263000051,69.51071379961115,69.69756973593661,33652100.0
2024-07-31,69.88440704345703,69.93779250000787,69.72424388521642,69.82212174795168,50714800.0
2024-08-01,69.7314682006836,70.03558539041266,69.71358216558251,69.93719513704087,51319800.0
2024-08-02,69.4989013671875,69.74040717204592,69.41840398165175,69.59729161003713,71578700.0
2024-08-05,69.0695571899414,69.21266590474416,68.49710868248141,68.55077359751688,104456100.0
2024-08-06,69.32897186279297,69.59730335063676,69.02485465428457,69.30213939642125,60113400.0
2024-08-07,69.46314239501953,69.77619921576978,69.4184170674294,69.74936674886646,56107800.0
2024-08-08,69.7493667602539,69.78513883337959,69.57941870433592,69.67780896574877,31528100.0
2024-08-09,69.74039459228516,69.84772442030601,69.61517191017792,69.78511307925238,29759900.0
2024-08-12,69.7851333618164,69.80302622110322,69.65097103779699,69.80302622110322,33878400.0
2024-08-13,70.10713958740234,70.11608601742854,69.84774770965558,69.86564056970799,37310200.0
2024-08-14,70.23236846923828,70.25920776167015,70.03559476029518,70.08925969690446,36086900.0
2024-08-15,70.29495239257812,70.3217916745316,70.16972970662691,70.26811993474924,39411300.0
2024-08-16,70.51856994628906,70.55434883378977,70.2502385262212,70.25918495412763,33682600.0
2024-08-19,70.63484954833984,70.66168200660898,70.43806908886656,70.49173400540484,29604300.0
2024-08-20,70.5722427368164,70.6885190048254,70.4559596446823,70.67063297287213,33189300.0
2024-08-21,70.73323822021484,70.76007067789301,70.58118307728886,70.64379441991277,34266700.0
2024-08-22,70.64380645751953,70.74218987772905,70.56330224664266,70.73325027306271,29292100.0
2024-08-23,71.01947021484375,71.01947021484375,70.7332459282117,70.82268973826073,32590900.0
2024-08-26,70.87635040283203,71.04629840860628,70.86741079925172,71.0105195219104,20460100.0
2024-08-27,70.92109680175781,70.99265459642339,70.7600951758237,70.79587407315648,22784300.0
2024-08-28,70.88530731201172,70.94791866695635,70.8226959570671,70.9389722379283,22351600.0
2024-08-29,70.9568862915039,70.98371876247731,70.86744244688323,70.9568862915039,18353000.0
2024-08-30,70.96581268310547,71.03737047512696,70.87636885514193,71.03737047512696,27633300.0
2024-09-03,70.71417236328125,70.9658231241342,70.68721076132829,70.89392094761365,31596800.0
2024-09-04,70.97478485107422,71.04668699947268,70.69617259723799,70.69617259723799,32371800.0
2024-09-05,71.21744537353516,71.25339644740265,71.04668634387235,71.10060952619048,44675300.0
2024-09-06,71.12757873535156,71.34327834469242,70.9927639081509,71.24441459520975,49888900.0
2024-09-09,71.29837036132812,71.34330408196033,71.1455833686337,71.2444402968123,24823800.0
2024-09-10,71.1635513305664,71.33431728711898,71.09164915338964,71.30734882795093,38347600.0
2024-09-11,71.27137756347656,71.28036018948983,70.97478633784462,71.08263270573521,42342700.0
2024-09-12,71.3702392578125,71.44213454868814,71.19048388820784,71.22643496212876,28515000.0
2024-09-13,71.56797790527344,71.61291847323567,71.45114202832677,71.46911414133089,31806800.0
2024-09-16,71.74771881103516,71.81063147927905,71.57695291567322,71.5949318820095,31402400.0
2024-09-17,71.76568603515625,71.84657766422995,71.72075233630738,71.81062659097121,27423900.0
2024-09-18,71.82860565185547,72.15215848553682,71.71176979517983,71.7926545751168,39546900.0
2024-09-19,72.04431915283203,72.19710610117747,71.98139961966545,72.16115502092546,48785900.0
2024-09-20,72.13419342041016,72.13419342041016,71.90051482727065,72.04431914826957,43626300.0
2024-09-23,71.9993667602539,72.0892410176357,71.972405168736,72.07126890894587,29049400.0
2024-09-24,72.00835418701172,72.06227736850785,71.90050096705333,72.00835418701172,28674500.0
2024-09-25,71.92748260498047,71.9993847716595,71.91849311990359,71.97242317339688,28899100.0
2024-09-26,72.04431915283203,72.07128074877917,71.91848694346629,72.07128074877917,32732300.0
2024-09-27,72.22407531738281,72.23306480263614,72.0802709812022,72.09824995170885,36712700.0
2024-09-30,72.1701431274414,72.2330558024395,72.07127937287765,72.19710472287383,31551500.0
2024-10-01,72.13401794433594,72.25142402782537,72.0707982239289,72.24239067050073,45992200.0
2024-10-02,72.1430435180664,72.1430435180664,71.97145107361897,72.05273061723628,41214300.0
2024-10-03,71.97147369384766,72.07984645273169,71.91728042397081,72.05275326301067,31147700.0
2024-10-04,71.8901596069336,71.98950585802184,71.83597324831534,71.96241267871271,40122800.0
2024-10-07,71.5831069946289,71.8359858999603,71.57407363645754,71.8359858999603,69202500.0
2024-10-08,71.75469970703125,71.76373306523406,71.61923378615606,71.68245351270896,40947200.0
2024-10-09,71.70954132080078,71.78179440013966,71.65534806608018,71.74566786047022,42426500.0
2024-10-10,71.67340087890625,71.71856076734177,71.57405463669335,71.70952741156836,30091700.0
2024-10-11,71.86306762695312,71.88112744998323,71.65534176472944,71.65534176472944,26970800.0
2024-10-14,71.89921569824219,71.91727552668145,71.70955649267538,71.90824905767899,12065800.0
2024-10-15,71.88114166259766,71.99855465202162,71.87211519451401,71.89017502111496,31134400.0
2024-10-16,72.0075912475586,72.0798374476438,71.94437151596281,71.98049117078844,31626300.0
2024-10-17,71.89921569824219,72.07081507536974,71.78180958730111,72.04371499705933,46599300.0
2024-10-18,72.07079315185547,72.07079315185547,71.93532036325081,71.98047336583086,28905600.0
2024-10-21,71.78179168701172,71.98951066921872,71.70953861040378,71.94435766416323,36341500.0
2024-10-22,71.68244934082031,71.76372888861498,71.60116290259263,71.73663570601676,35466600.0
2024-10-23,71.46568298339844,71.61922248688894,71.41149662359727,71.58309595021073,39761500.0
2024-10-24,71.67340087890625,71.72758723268363,71.54696145980466,71.61921452512887,30163900.0
2024-10-25,71.60115051269531,71.84500289474902,71.57405733478531,71.76371647058718,35590200.0
2024-10-28,71.78179168701172,71.81791133488305,71.69147189603548,71.72759843433946,31854500.0
2024-10-29,71.79985046386719,71.81791028753949,71.5560049469123,71.57406477058458,42992200.0
2024-10-30,71.67340087890625,71.93531307288285,71.64630770201757,71.79080694223443,28728700.0
2024-10-31,71.47472381591797,71.69147616822569,71.47472381591797,71.69147616822569,43194600.0
2024-11-01,71.479248046875,71.77878179592746,71.46109763405153,71.73339537637575,44045700.0
2024-11-04,71.67896270751953,71.7969577453287,71.60634718040721,71.75157823463185,27291200.0
2024-11-05,71.87862396240234,71.88769570601141,71.65170572226343,71.65170572226343,31611900.0
2024-11-06,72.00572967529297,72.0329587682311,71.77881133414431,71.9058850511877,43173100.0
2024-11-07,72.3143310546875,72.34156014602888,71.93310992591242,71.97849636147994,51325800.0
2024-11-08,72.43231201171875,72.45954109516369,72.314310083463,72.41415467275827,30543400.0
2024-11-11,72.35062408447266,72.45046868239034,72.35062408447266,72.42323959659394,11008700.0
2024-11-12,72.0601577758789,72.34153418542849,72.00569961273906,72.25984694071873,44594900.0
2024-11-13,72.07833862304688,72.25079183756974,72.0511026075982,72.24171316575351,33873600.0
2024-11-14,71.92401123046875,72.18723724848422,71.92401123046875,72.12370041137676,32749300.0
2024-11-15,71.91495513916016,71.96033464697389,71.75157367603646,71.87864737791074,33709500.0
2024-11-18,72.05107879638672,72.06015746520265,71.87862563885562,71.95123421439726,27780900.0
2024-11-19,72.1600112915039,72.22354813136451,71.9784794419011,71.99662985686292,34523200.0
2024-11-20,72.1418685913086,72.16001900821139,72.06017440275373,72.15094033726155,19934000.0
2024-11-21,72.16909790039062,72.28709292311278,72.13279014147682,72.19632698832675,28040000.0
2024-11-22,72.15092468261719,72.24169059743144,72.11461693169241,72.16000335159724,29564900.0
2024-11-25,72.4232406616211,72.47769883401472,72.35970381882971,72.35970381882971,35003000.0
2024-11-26,72.287109375,72.43234044370847,72.23265118673358,72.43234044370847,41103500.0
2024-11-27,72.50494384765625,72.50494384765625,72.33249062219414,72.35064104198037,30239600.0
2024-11-29,72.65016174316406,72.67739083040902,72.51400938194251,72.62293265591912,25037800.0
2024-12-02,72.62372589111328,72.87902475122561,72.51430911261991,72.87902475122561,32387400.0
2024-12-03,72.62372589111328,72.70578325770416,72.5872536316155,72.68755060614137,24868500.0
2024-12-04,72.79695129394531,72.79695129394531,72.61459697570977,72.67842168272934,22733500.0
2024-12-05,72.7331314086914,72.77872346945843,72.6784265008684,72.75137101554694,23106300.0
2024-12-06,72.85166931152344,72.942846478347,72.8060772499257,72.8425495079295,29931300.0
2024-12-09,72.76049041748047,72.88813983927763,72.74225081072558,72.85166758213961,22095100.0
2024-12-10,72.79695129394531,72.88813540943441,72.70577413482754,72.88813540943441,27195200.0
2024-12-11,72.815185546875,72.89724289713747,72.78783309678751,72.88813005135553,24730000.0
2024-12-12,72.61461639404297,72.9337400144797,72.60549658878101,72.76961830163036,29081600.0
2024-12-13,72.40489959716797,72.67843111000163,72.37754018514958,72.67843111000163,34201100.0
2024-12-16,72.54164123535156,72.59635308744909,72.46870369317196,72.53252839031053,22269000.0
2024-12-17,72.38664245605469,72.48693940671198,72.38664245605469,72.40488205964904,29039500.0
2024-12-18,71.64336395263672,72.53237702820493,71.62503688585157,72.53237702820493,80034500.0
2024-12-19,71.57003784179688,71.95497614747805,71.57003784179688,71.8999809652982,69005700.0
2024-12-20,72.01911926269531,72.10160153351131,71.48754354279247,71.48754354279247,63276200.0
2024-12-23,71.82666778564453,72.11994979363386,71.82666778564453,72.08328866858587,29239400.0
2024-12-24,72.05580139160156,72.07412845966256,71.80834052220882,71.85416868095423,11926100.0
2024-12-26,72.23908996582031,72.23908996582031,71.91831387653046,71.95497499993421,18384900.0
2024-12-27,71.99164581298828,72.18411149246694,71.9733117526216,72.16577743210026,20631800.0
2024-12-30,72.09244537353516,72.16576062073699,71.94580089434425,72.0191231339397,20659200.0
2024-12-31,72.08329010009766,72.25742170704045,71.99164078185491,72.20243351457376,18664900.0
2025-01-02,72.25741577148438,72.35823211098831,72.14743939558495,72.29407689424892,30415400.0
2025-01-03,72.3674087524414,72.43156397770264,72.33991465481448,72.39490285006835,32611000.0
2025-01-06,72.49571990966797,72.57820919574802,72.42239765368463,72.54154806775635,32110000.0
2025-01-07,72.25741577148438,72.60569294155042,72.2390887062992,72.53237069602133,43790200.0
2025-01-08,72.34906005859375,72.39488121014364,72.1840885297495,72.2665707979751,35304900.0
2025-01-10,71.97332000732422,72.22078090388925,71.94582590601611,72.22078090388925,37417300.0
2025-01-13,71.9549789428711,72.00080010534091,71.82666850012409,71.9366448839674,39180700.0
2025-01-14,72.046630859375,72.1566142395808,71.99164266546958,72.11995311284554,29581100.0
2025-01-15,72.67902374267578,72.68818378014957,72.45905698019459,72.5507132940926,53574900.0
2025-01-16,72.76150512695312,72.7798391864621,72.51405126274138,72.59653355334699,32363000.0
2025-01-17,72.82565307617188,72.88064126441638,72.76149785908854,72.85314717029414,29546400.0
2025-01-21,73.01813507080078,73.04562917107694,72.95397983935781,72.96314687024847,32962700.0
2025-01-22,72.91731262207031,73.06395713449771,72.88065149396346,73.04562307424668,25028500.0
2025-01-23,73.00896453857422,73.01812457575248,72.80733184233574,72.88064710173582,27434800.0
2025-01-24,73.09143829345703,73.16476053669085,73.00895601411446,73.0456101433374,23648600.0
2025-01-27,73.14643096923828,73.19225912217074,72.96313234229727,73.01812053190069,28540600.0
2025-01-28,73.11893463134766,73.14642872530592,73.01811829190456,73.10976760256351,30439900.0
2025-01-29,73.0731201171875,73.16476943618068,72.97230376857657,73.10061421364597,20072100.0
2025-01-30,73.21058654785156,73.26558173011978,73.1281042630409,73.26558173011978,34495300.0
2025-01-31,73.06397247314453,73.29309932761757,73.01814430529124,73.22894408806098,37101100.0
2025-02-03,72.97189331054688,73.07316699949875,72.76934593264313,72.88902982680675,29965100.0
2025-02-04,73.2020492553711,73.2020492553711,72.94426427382355,73.00871051921044,28938600.0
2025-02-05,73.3954086303711,73.4414376619543,73.22968866361654,73.22968866361654,31834000.0
2025-02-06,73.284912109375,73.45984065819339,73.26650190513259,73.39539440717311,24224100.0
2025-02-07,73.05475616455078,73.26651217565257,73.04554754908143,73.24809494471387,28778200.0
2025-02-10,73.2020492553711,73.27569709001759,73.16522182599088,73.22966807137777,23382600.0
2025-02-11,73.17445373535156,73.22048276864528,73.1007988531422,73.22048276864528,24410000.0
2025-02-12,73.01791381835938,73.12839610908722,72.87061112150302,72.92584875480989,34362700.0
2025-02-13,73.34937286376953,73.3769916876515,73.08237919271733,73.12841524859789,36149900.0
2025-02-14,73.43220520019531,73.55188906093726,73.39537777594096,73.45982401235784,26668300.0
2025-02-18,73.3677749633789,73.4782502361208,73.32173891699345,73.42301259974985,23274200.0
2025-02-19,73.42300415039062,73.43221276343091,73.2480756231937,73.32173047928858,38958600.0
2025-02-20,73.46903991699219,73.48745011889028,73.35855763326263,73.41379526307058,25789000.0
2025-02-21,73.33097076416016,73.52430957682749,73.33097076416016,73.44144607190337,32016500.0
2025-02-24,73.42300415039062,73.50586059541212,73.32173047928858,73.34934929429573,21029200.0
2025-02-25,73.60713958740234,73.6347654285202,73.50586590897946,73.60713958740234,30604400.0
2025-02-26,73.70842742919922,73.72684466015006,73.62557096226702,73.65318978457776,21777500.0
2025-02-27,73.57030487060547,73.72681615259258,73.53347744705918,73.69919734096106,40521800.0
2025-02-28,73.77286529541016,73.77286529541016,73.58873515154528,73.6439727898818,44321200.0
2025-03-03,73.61930084228516,73.76730132323367,73.54530765886226,73.71180467140366,40729100.0
2025-03-04,73.61006164550781,73.66555830151495,73.3603125793719,73.54531319448218,66274600.0
2025-03-05,73.64706420898438,73.70256086683052,73.48056717839383,73.48981191666677,32302200.0
2025-03-06,73.36957550048828,73.53607255080998,73.33257537185536,73.47132408996559,50431500.0
2025-03-07,73.48983001708984,73.54533374565858,73.37883667406007,73.39733321221375,52828900.0
2025-03-10,73.21231079101562,73.42505265280435,73.20305899705275,73.35105947225453,57602100.0
2025-03-11,72.9533462524414,73.31408873399909,72.88859778285551,73.26783680270034,75826700.0
2025-03-12,73.03657531738281,73.1753240239381,72.96257506627968,73.12907210273555,53763000.0
2025-03-13,72.62958526611328,72.95333461947234,72.60183693458029,72.94408282327709,81223200.0
2025-03-14,72.96258544921875,73.04583750782005,72.80534018603707,72.91634057848769,51469800.0
2025-03-17,73.13832092285156,73.16606925162324,72.9533273596723,72.9718238931694,33954200.0
2025-03-18,73.00882720947266,73.1383241207707,73.00882720947266,73.08282746080079,40195900.0
2025-03-19,73.48983001708984,73.57308208141602,73.0365907332593,73.0365907332593,45212700.0
2025-03-20,73.38806915283203,73.53606966154874,73.31407595552635,73.43432107606917,42977600.0
2025-03-21,73.27706909179688,73.36031407750758,73.13832039189366,73.32331395372992,35124000.0
2025-03-24,73.48983001708984,73.53608194805481,73.39733321221375,73.46208168133239,36393500.0
2025-03-25,73.45281982421875,73.61006506157095,73.42506443787524,73.53606481209266,29075500.0
2025-03-26,73.15682220458984,73.46206795499445,73.0458288822991,73.44357142029683,51236100.0
2025-03-27,73.01808166503906,73.20307524304593,73.00882986902292,73.11983025005863,38493100.0
2025-03-28,72.88858795166016,73.07358153779542,72.75909102995487,73.06432974137277,58896900.0
2025-03-31,72.97183227539062,72.99958060734973,72.62958638143817,72.62958638143817,47853500.0
2025-04-01,73.14099884033203,73.16888218781824,72.89933134313407,73.13170202737312,54256000.0
2025-04-02,73.28971099853516,73.29900781131747,73.00157362479705,73.00157362479705,49072400.0
2025-04-03,72.37881469726562,72.75989888670703,72.25797741729984,72.59259173023797,116401400.0
2025-04-04,71.34708404541016,71.87688882655524,71.14259674542623,71.38426419916989,181273300.0
2025-04-07,70.73363494873047,72.12785905583314,70.29677692721582,70.51985789015342,193374800.0
2025-04-08,70.40831756591797,71.69100119441627,70.10158655973667,71.58875752568918,106007700.0
2025-04-09,72.295166015625,72.35093271049698,69.78556546691934,69.80415200141316,152382200.0
2025-04-10,71.11473846435547,71.737490303668,70.77082723942277,71.63524661764454,93884100.0
2025-04-11,71.32850646972656,71.72818434832337,70.6406911989056,70.89164842900553,71884000.0
2025-04-14,71.68169403076172,71.99771468164708,71.51438689459042,71.83040754547577,50011400.0
2025-04-15,71.87691497802734,72.0349253704543,71.7374911235481,71.79325782878307,39790500.0
2025-04-16,71.86760711669922,72.05350083317023,71.67241658698744,71.8954904650308,52028800.0
2025-04-17,72.28585815429688,72.3044517773393,72.06278431751376,72.14644143842581,37355500.0
2025-04-21,71.85830688476562,72.04420768378304,71.70959333694208,72.02561405818611,36078000.0
2025-04-22,72.13715362548828,72.32304733076487,72.04420677284999,72.10927027883582,33941100.0
2025-04-23,72.49966430664062,73.18747964908835,72.47178095499149,73.057352613798,63723400.0
2025-04-24,73.15030670166016,73.18748687132518,72.6669786787994,72.75992555726583,49007800.0
2025-04-25,73.21534729003906,73.3733647344624,73.00157024567403,73.0480401246538,47981700.0
2025-04-28,73.25252532958984,73.30829911069864,73.01086494654778,73.22464198473035,42220700.0
2025-04-29,73.44772338867188,73.47561382778957,73.1038193115166,73.1038193115166,51198600.0
2025-04-30,73.05732727050781,73.15957091868111,72.92720028035801,73.08521061248433,69994200.0
2025-05-01,73.15169525146484,73.32919770415891,73.07695362519692,73.24511872042285,50848600.0
2025-05-02,73.37590789794922,73.4413050344457,73.20774281442209,73.33853708741505,41354100.0
2025-05-05,73.34789276123047,73.46934256817876,73.24512479852253,73.31052194499536,39815300.0
2025-05-06,73.29182434082031,73.35722147959079,73.17971903307294,73.25446065674022,36292600.0
2025-05-07,73.35724639892578,73.45067702412487,73.20777022856798,73.39461722345423,32676200.0
2025-05-08,73.33855438232422,73.5907985032232,73.29183907620164,73.49737501873302,32684900.0
2025-05-09,73.38526153564453,73.52539318293427,73.37591704990716,73.42262522308566,23971200.0
2025-05-12,74.1139907836914,74.17004345483758,73.83371317244908,74.02990464921642,70558600.0
2025-05-13,74.2447738647461,74.34754183146418,74.10463508033465,74.16068774299735,52141900.0
2025-05-14,73.97383880615234,74.20740106468051,73.9364679894573,74.17937473409785,45406500.0
2025-05-15,74.1139907836914,74.1139907836914,73.86173950802217,73.86173950802217,49301300.0
2025-05-16,74.19806671142578,74.20741119881428,74.05792791161993,74.16069588962719,30657200.0
2025-05-19,74.16069793701172,74.1700424246582,73.85240112223411,73.86173848212495,26228800.0
2025-05-20,74.12332153320312,74.16069235321966,74.00187171396571,74.05792438011296,25933700.0
2025-05-21,73.62815856933594,74.01120406588419,73.6188212116791,73.88040978114915,54737300.0
2025-05-22,73.77764129638672,73.85238292362959,73.57210538534576,73.62815804190097,43242700.0
2025-05-23,73.75896453857422,73.78699799924743,73.56277308039206,73.58146205417421,29598900.0
2025-05-27,74.20740509033203,74.21674957695133,73.96449833251411,74.0672663020619,33524700.0
2025-05-28,74.16069793701172,74.21675773513499,74.03924810862998,74.19806875984202,27012900.0
2025-05-29,74.2728042602539,74.33820141285713,74.18872526165906,74.3288569259838,28616300.0
2025-05-30,74.33819580078125,74.34754028694913,74.17937517469981,74.22608335003021,28930300.0
2025-06-02,74.3250503540039,74.33443920568503,74.1373162899542,74.27811325719374,45527200.0
2025-06-03,74.46586608886719,74.48463663355949,74.3156730849424,74.38138073376035,28458700.0
2025-06-04,74.6066665649414,74.63482596139119,74.47524411218205,74.47524411218205,41403600.0
2025-06-05,74.44708251953125,74.61604605484169,74.40953427150714,74.59727551162766,44563900.0
2025-06-06,74.43769836425781,74.52217654831813,74.39076126538265,74.51278769622394,41300100.0
2025-06-09,74.4752426147461,74.55972796399296,74.41892382297891,74.41892382297891,30169000.0
2025-06-10,74.6535873413086,74.67236504436761,74.4658532802906,74.54094976933594,24234400.0
2025-06-11,74.63482666015625,74.75685309977982,74.61604895461643,74.70991599752658,30114400.0
2025-06-12,74.71929931640625,74.71929931640625,74.59727288582025,74.63482113252266,28373200.0
2025-06-13,74.49402618408203,74.62544148294818,74.4377073878813,74.55034498028276,35271000.0
2025-06-16,74.64420318603516,74.71929967980522,74.61604379127034,74.64420318603516,26225100.0
2025-06-17,74.55972290039062,74.75684581978456,74.50340411244825,74.64420108230419,27747200.0
2025-06-18,74.67237854003906,74.82256438367774,74.55973378611256,74.61605258227748,32833500.0
2025-06-20,74.90703582763672,74.91641751752404,74.70990575447757,74.73807230892554,45845800.0
2025-06-23,75.04783630371094,75.04783630371094,74.82255398875256,74.87887277709324,32361400.0
2025-06-24,75.25434112548828,75.29188936811245,75.09476646553183,75.14170355921078,50893200.0
2025-06-25,75.23558807373047,75.30129572319797,75.16988042426297,75.26374747184559,24156100.0
2025-06-26,75.45146942138672,75.46085827311263,75.28250589829786,75.34821353718822,28889100.0
2025-06-27,75.41393280029297,75.53596640675342,75.37639171079381,75.47025875773495,47849500.0
2025-06-30,75.70492553710938,75.72369608076335,75.51718429258862,75.59228079039693,52885900.0
2025-07-01,75.60965728759766,75.70396751000337,75.54363941237278,75.6379496347785,45411000.0
2025-07-02,75.7511215209961,75.7511215209961,75.5247755621781,75.60965259845675,32359500.0
2025-07-03,75.79828643798828,75.81714560468167,75.69454303265245,75.73226856144811,19750000.0
2025-07-07,75.54364776611328,75.76999376399844,75.5059222338975,75.76056777750165,37027200.0
2025-07-08,75.43989562988281,75.56250539426178,75.39274411662136,75.53420585181445,31358900.0
2025-07-09,75.64738464355469,75.65681782464583,75.52478207100562,75.58136676673459,30277500.0
2025-07-10,75.57194519042969,75.65682944246683,75.57194519042969,75.64739625992715,28776200.0
2025-07-11,75.4776382446289,75.49650461053149,75.383328001347,75.4870714275802,30482200.0
2025-07-14,75.53421020507812,75.54364338643757,75.42104081040135,75.45876634042999,23716200.0
2025-07-15,75.307861328125,75.60965836135443,75.307861328125,75.60023237576613,37039500.0
2025-07-16,75.50592041015625,75.52478677351323,75.2135565368075,75.40217699792102,39780100.0
2025-07-17,75.58135986328125,75.61908538879109,75.44932412170094,75.48704964721078,25703200.0
2025-07-18,75.68510437011719,75.75112224187603,75.61908649835834,75.69453755048514,27686400.0
2025-07-21,75.78885650634766,75.87373355322028,75.75113097593453,75.75113097593453,28483300.0
2025-07-22,75.92089080810547,75.9397499752455,75.7699886893489,75.86430611127628,26017700.0
2025-07-23,75.9586181640625,75.96805134556385,75.86430793527668,75.9397518010598,26025000.0
2025-07-24,75.86431121826172,75.9303291008096,75.83601886794257,75.86431121826172,27013700.0
2025-07-25,75.91146087646484,75.99634512075141,75.836017009266,75.92089405814322,30123100.0
2025-07-28,75.87371826171875,75.93973612778426,75.86429227757206,75.93973612778426,22093800.0
2025-07-29,75.92089080810547,75.96804951906915,75.87373209714177,75.91145762683091,21371800.0
2025-07-30,75.76055908203125,75.93974634522796,75.68510802625963,75.87372847027997,38392400.0
2025-07-31,75.8077163696289,75.90203379423197,75.76056485273664,75.82658273271322,41501300.0
2025-08-01,75.81151580810547,75.91577605147394,75.64089696078688,75.86838634662594,68963100.0
2025-08-04,76.06742858886719,76.06742858886719,75.88732893599017,75.91576420081158,37539200.0
2025-08-05,76.0295181274414,76.05795339437054,75.92525066086351,76.0295181274414,29656300.0
2025-08-06,76.1053466796875,76.11482751212837,75.96316312009947,76.02951448367304,30512900.0
2025-08-07,76.0295181274414,76.17170169384369,75.98212842647838,76.12430476112407,29405000.0
2025-08-08,76.03901672363281,76.06745199720464,75.98214617648914,76.02005505341273,24679000.0
2025-08-11,76.03901672363281,76.10536810588653,75.99161977984089,76.03901672363281,30159800.0
2025-08-12,76.2096176147461,76.2096176147461,76.02951794894226,76.08638848266702,40846200.0
2025-08-13,76.40868377685547,76.40868377685547,76.26650018834107,76.26650018834107,35039600.0
2025-08-14,76.2096176147461,76.29492341533323,76.16222068213774,76.29492341533323,36559900.0
2025-08-15,76.26648712158203,76.27596795432737,76.1811813221435,76.27596795432737,22754000.0
2025-08-18,76.2096176147461,76.29492341533323,76.19065594900012,76.24753371448145,25400800.0
2025-08-19,76.19065856933594,76.28545243781276,76.17170413469466,76.25700993821562,21700500.0
2025-08-20,76.1622314453125,76.23806365549976,76.12431534021887,76.21910921883175,29704900.0
2025-08-21,76.0200424194336,76.11483629126337,76.01056881765629,76.07692018888288,35825900.0
2025-08-22,76.63616943359375,76.64565026750003,76.11483927686623,76.13379371292143,59541500.0
2025-08-25,76.48450469970703,76.59824576832497,76.48450469970703,76.56981050117048,32714800.0
2025-08-26,76.6551284790039,76.6835637479926,76.53189933771009,76.57929627386265,33659900.0
2025-08-27,76.74990844726562,76.76886288102456,76.60772488292584,76.60772488292584,24335000.0
2025-08-28,76.78782653808594,76.78782653808594,76.68355907031628,76.74991043782818,24203800.0
2025-08-29,76.6456527709961,76.7688746887731,76.6456527709961,76.7688746887731,35070300.0
2025-09-02,76.56279754638672,76.6008941009388,76.381840728808,76.44850788273045,51804000.0
2025-09-03,76.7723159790039,76.7723159790039,76.5818404947088,76.5818404947088,34283100.0
2025-09-04,76.98184204101562,76.9913607287441,76.79135929383851,76.81993715554546,37999700.0
2025-09-05,77.01994323730469,77.2389893270568,76.99136537387355,77.12470693802936,39147800.0
2025-09-08,77.01994323730469,77.11518098355232,77.0008913283506,77.09612907459822,27003400.0
2025-09-09,76.93421936035156,77.02945710063368,76.82945566618908,77.00088650516642,36704500.0
2025-09-10,76.99134826660156,77.08659325786027,76.94373303714487,76.99134826660156,38106100.0
2025-09-11,77.18185424804688,77.23899544708819,77.05804589473244,77.05804589473244,34221500.0
2025-09-12,77.10564422607422,77.17231136572448,77.08659958596267,77.17231136572448,25702800.0
2025-09-15,77.32469940185547,77.33421808905241,77.21040975993128,77.21993571330165,27248800.0
2025-09-16,77.2675552368164,77.3628002434602,77.2389846412928,77.3437483356619,33075600.0
2025-09-17,77.19137573242188,77.37232527429717,77.0580414315982,77.32471003324554,35955700.0
2025-09-18,77.36280059814453,77.40088988156808,77.2104143997549,77.2770815450069,43250000.0
2025-09-19,77.39137268066406,77.41994327686756,77.2866089838019,77.38184672653823,32042900.0
2025-09-22,77.4485092163086,77.45803516986166,77.31517493125996,77.32470088481303,26670200.0
2025-09-23,77.39137268066406,77.48661042340038,77.33422422208307,77.46755851514871,37088500.0
2025-09-24,77.28660583496094,77.38184357381705,77.25803523992148,77.38184357381705,28124300.0
2025-09-25,77.06755065917969,77.15326970842872,77.03898006482119,77.14374375491805,33509900.0
2025-09-26,77.21994018554688,77.24851078113926,77.10565053700353,77.18184363603243,31046800.0
2025-09-29,77.353271484375,77.37231612530881,77.26755243473892,77.29613029539999,28558500.0
2025-09-30,77.32469940185547,77.34374404242278,77.23898035386897,77.30564749511471,54970300.0
2025-10-01,77.46917724609375,77.50745340777898,77.29693816872587,77.32564346488196,58042600.0
2025-10-02,77.44048309326172,77.47875926045471,77.35435989196937,77.45005396016808,33348900.0
2025-10-03,77.35435485839844,77.45004892037018,77.33522042626326,77.43090718780306,35109200.0
2025-10-06,77.37350463867188,77.42135167463437,77.34479933726746,77.40220994007629,29485100.0
2025-10-07,77.28738403320312,77.40221254311517,77.27782046603517,77.40221254311517,27672300.0
2025-10-08,77.17256164550781,77.35436432455174,77.16299077805303,77.335229890075,34932200.0
2025-10-09,76.95246887207031,77.17255500198692,76.84721124042744,77.16298413535606,65586700.0
2025-10-10,76.50273132324219,77.01944860318952,76.50273132324219,77.0003141707909,83840400.0
2025-10-13,76.98116302490234,76.98116302490234,76.71323720149064,76.7706550925297,31926800.0
2025-10-14,77.06730651855469,77.16299329492512,76.65584680977207,76.72282828327468,63860100.0
2025-10-15,77.31609344482422,77.34479874600919,77.12471260286995,77.2395411080425,59802200.0
2025-10-16,77.03858947753906,77.33522062922049,76.99074244642763,77.31608619703509,75725200.0
2025-10-17,77.23954010009766,77.24911096717864,76.96204335820967,76.97161422529065,70044200.0
2025-10-20,77.39263916015625,77.42135176202578,77.28738152126611,77.28738152126611,43762300.0
2025-10-21,77.2778091430664,77.45004823248104,77.2778091430664,77.39263033572156,45418100.0
2025-10-22,77.2012710571289,77.3256631389316,77.12471871428114,77.27782339997667,50698600.0
2025-10-23,77.37350463867188,77.37350463867188,77.22039996393805,77.22039996393805,37962400.0
2025-10-24,77.58402252197266,77.5935860891402,77.47876487966613,77.53617548440316,39905600.0
2025-10-27,77.775390625,77.8232376592189,77.63185682277572,77.67013299006435,36495000.0
2025-10-28,77.6988525390625,77.77540488767816,77.67014723344008,77.77540488767816,31591400.0
2025-10-29,77.4596176147461,77.72755078540183,77.41177788102475,77.6988381846501,51827100.0
2025-10-30,77.31609344482422,77.45005638397588,77.27781727643337,77.30652257761834,39967300.0
2025-10-31,77.31609344482422,77.46919081795498,77.26824640922749,77.40220934837915,45044600.0
2025-11-03,77.07563781738281,77.32569809485311,77.06601813887805,77.31607841634836,54615100.0
2025-11-04,77.08527374267578,77.15259683106882,76.90253650089484,76.92177586195932,49705000.0
2025-11-05,77.16221618652344,77.21029991364942,77.10450544123945,77.12374480222287,42273700.0
2025-11-06,77.1910629272461,77.25838601102689,77.0660291018919,77.23914665128049,46629200.0
2025-11-07,77.25837707519531,77.2776090950515,77.0275488109313,77.18143432044064,47233800.0
2025-11-10,77.51805877685547,77.56614983862427,77.35456090710686,77.37379292921489,51875200.0
2025-11-11,77.60462188720703,77.64309326941942,77.52767912278226,77.52767912278226,17001100.0
2025-11-12,77.45073699951172,77.61423487201841,77.41226561698086,77.60462252963515,43962900.0
2025-11-13,77.13335418701172,77.3449431237173,77.08527046172972,77.3449431237173,53631300.0
2025-11-14,77.15260314941406,77.32572072484008,77.01795696160126,77.01795696160126,40853500.0
2025-11-17,77.0275650024414,77.20068256819695,76.97948127386105,77.1237471349351,42954200.0
2025-11-18,77.04679107666016,77.12373383431911,76.93137694017173,76.96022863987753,44098700.0
2025-11-19,77.08527374267578,77.22953959999408,77.02756299714868,77.07565406214354,33510100.0
2025-11-20,77.03717803955078,77.41226484339597,77.03717803955078,77.33532941676901,65471200.0
2025-11-21,77.29685974121094,77.33533112420673,77.06603144323616,77.191065272389,62331700.0
2025-11-24,77.50843811035156,77.51805779011603,77.32570822082091,77.34494024268413,38964900.0
2025-11-25,77.77774047851562,77.80659218114431,77.46035707426823,77.4892087768969,56524800.0
2025-11-26,77.85467529296875,77.88353433303605,77.7007971009394,77.7392684833632,27454800.0
2025-11-28,77.89315795898438,77.97010073497793,77.84507422723864,77.90277764040032,29430800.0
2025-12-01,77.7530517578125,77.82068801743888,77.66608664012178,77.68541549818612,45274800.0
2025-12-02,77.8979721069336,77.91729358908134,77.76269961650586,77.82067143474693,38842600.0
2025-12-03,77.96562194824219,78.06224411942614,77.84967091974198,77.88832126257539,35019100.0
2025-12-04,78.02359008789062,78.0429115724943,77.84966723926239,77.97527531868325,34777400.0
2025-12-05,78.02359008789062,78.08156191350044,77.94628940587835,78.00426860328695,30486800.0
2025-12-08,77.8303451538086,78.01392505742204,77.7723659568476,77.99460357296752,43160800.0
2025-12-09,77.74337768554688,77.88831461585393,77.72405620167856,77.83034279245051,30558800.0
2025-12-10,78.0042724609375,78.06224428941428,77.70473414627614,77.71439857495531,53052100.0
2025-12-11,77.99459838867188,78.03324872681056,77.93662656736298,78.01391987184209,44546400.0
2025-12-12,77.84966278076172,77.98493528063668,77.81101244196911,77.96561379713954,45566100.0
2025-12-15,77.8883285522461,77.97528630291039,77.84967820579536,77.9463003860223,28983600.0
2025-12-16,77.93663024902344,77.94628730516563,77.84000071321294,77.88831548111818,27908000.0
2025-12-17,77.84001159667969,77.9462982034932,77.79170419381875,77.92697671670874,36999700.0
2025-12-18,78.05258178710938,78.07191064494478,77.94629518441265,78.05258178710938,52680500.0
2025-12-19,78.01470947265625,78.12149973638464,77.98558620195435,78.08266623987139,34413300.0
2025-12-22,78.08267974853516,78.11180302427552,77.9467661905912,78.11180302427552,37203900.0
2025-12-23,78.14092254638672,78.14092254638672,78.0050089949716,78.02442944902121,24341800.0
2025-12-24,78.28656005859375,78.28656005859375,78.12152320388493,78.16035671206366,10533500.0
2025-12-26,78.24771118164062,78.34479122965259,78.23800095481955,78.28654468219199,10922900.0
2025-12-29,78.2768325805664,78.3059632603319,78.19917298805659,78.20887580791238,22012700.0
2025-12-30,78.35449981689453,78.3933333166333,78.25741977091397,78.28654304403487,20146700.0
2025-12-31,78.2768325805664,78.3933330794302,78.2768325805664,78.36420980639744,17457100.0
2026-01-02,78.31566619873047,78.36420992501371,78.23799919937038,78.36420992501371,28403300.0
2026-01-05,78.51953125,78.54866192785553,78.344784216528,78.38361771360313,38563200.0
2026-01-06,78.5389633178711,78.57779682068973,78.46129631223381,78.5389633178711,31721500.0
2026-01-07,78.51953125,78.63603174122542,78.48069775292487,78.59719824415028,27022700.0
2026-01-08,78.57778930664062,78.58749212636745,78.44187576313885,78.48070185551141,33516900.0
2026-01-09,78.63603973388672,78.66516300797014,78.5874960059257,78.5874960059257,31849200.0
2026-01-12,78.67488098144531,78.68459120934021,78.53896741785161,78.54867764574651,23983600.0
2026-01-13,78.67488098144531,78.71371448629118,78.60692419964846,78.70400425839628,27607400.0
2026-01-14,78.67488098144531,78.68459120934021,78.56809069480259,78.63604747659944,42994000.0
2026-01-15,78.67488098144531,78.74283776324216,78.63604747659944,78.73312753534726,30412400.0
2026-01-16,78.72340393066406,78.73311415690898,78.6263238884122,78.7137011111516,52466300.0
2026-01-20,78.51953125,78.58748801819844,78.31566094540469,78.39332793955498,38653400.0
2026-01-21,78.7525405883789,78.79137408957442,78.59720658359684,78.61662703756112,42023500.0
2026-01-22,78.81078338623047,78.86902993188531,78.76223966036301,78.8204936127505,35231900.0
2026-01-23,78.7719497680664,78.83019631363338,78.67486972321056,78.81078326735528,38360500.0
2026-01-26,78.81078338623047,78.84961688557792,78.75253684057564,78.8204936127505,27027500.0
2026-01-27,78.80108642578125,78.849630159821,78.77196314805097,78.81079665393598,22961500.0
2026-01-28,78.67488098144531,78.810794545039,78.66517075355041,78.80108431714412,35559200.0
2026-01-29,78.6651611328125,78.70399463290904,78.53895781254835,78.68458158622717,38201600.0
2026-01-30,78.7525405883789,78.76224340862802,78.55837308240133,78.55837308240133,59848000.0
2026-02-02,78.80033874511719,78.83936419794219,78.67351160594397,78.7027788347267,42890700.0
2026-02-03,78.7515640258789,78.83936571391543,78.56619498223176,78.79058947945431,49372700.0
2026-02-04,78.65399932861328,78.75155923494455,78.57594842621077,78.73204278767206,42829400.0
2026-02-05,78.56619262695312,78.65400175570147,78.48814172214215,78.59545985542125,75554200.0
2026-02-06,78.83935546875,78.83935546875,78.65399389253477,78.70277012065742,40915900.0
2026-02-09,78.94668579101562,78.94668579101562,78.79059141622119,78.79059141622119,33716900.0
2026-02-10,78.86862182617188,79.03448184132426,78.86862182617188,78.97593994754095,37886100.0
2026-02-11,78.85888671875,78.95644663665333,78.75156857605296,78.9271794056168,27272300.0
2026-02-12,78.81985473632812,78.99546555135069,78.78082928372933,78.9369310941245,48457000.0
2026-02-13,78.87837982177734,78.96618894052777,78.84911259664158,78.85887081946787,36612400.0
2026-02-17,78.83935546875,78.88813914021587,78.77106279470371,78.84911369171182,35682000.0
2026-02-18,78.93692779541016,79.00522047376815,78.83936044631844,78.86862767370847,33943100.0
2026-02-19,78.96620178222656,78.96620178222656,78.85888364371431,78.90765987909167,29531000.0
2026-02-20,79.02472686767578,79.02472686767578,78.89789973872637,78.95643419157327,37959800.0
2026-02-23,78.89790344238281,79.03448880099951,78.8686287712417,78.98570512577477,33666000.0
2026-02-24,78.83935546875,78.89789736317769,78.683261118077,78.87838091725405,54979900.0
2026-02-25,78.94668579101562,78.95644401548539,78.84912587635107,78.84912587635107,29428200.0
2026-02-26,78.87837982177734,78.96618894052777,78.79057814637004,78.9174052697394,54533600.0
2026-02-27,78.7515640258789,78.82961493302972,78.683271342958,78.78083125522441,62450000.0
2026-03-02,78.70646667480469,78.83392339045281,78.46136681222502,78.4907775989579,74327000.0
2026-03-03,78.54959869384766,78.7358694842349,78.27508059249432,78.3731265114758,118126800.0
2026-03-04,78.82411193847656,78.873127419745,78.62802757384169,78.6574458384272,58694100.0
2026-03-05,78.51038360595703,78.73587127308919,78.45155455726088,78.69665440057628,79841000.0
2026-03-06,78.1280288696289,78.431950283424,78.08881199690475,78.1868504387883,82125600.0
2026-03-09,78.5986099243164,78.60841601165511,77.98096105933277,78.0299765363202,88695000.0
2026-03-10,78.4711685180664,78.80450072222641,78.46136242975176,78.48097460638105,67499600.0
2026-03-11,78.29469299316406,78.47116517604289,78.24567003353248,78.42214221641132,59983500.0
2026-03-12,77.79469299316406,78.18685425971651,77.76528220714708,78.18685425971651,68674300.0
2026-03-13,77.64762878417969,78.1182237830494,77.56920251757953,77.97116237841176,68652900.0
2026-03-16,77.89273071289062,78.10841978147421,77.89273071289062,77.95155976422957,57535600.0
2026-03-17,78.24567413330078,78.2554802217116,78.01038037041835,78.04959724420773,47967800.0
2026-03-18,77.84371185302734,78.18685013822753,77.83390576492059,78.12802856929424,50281900.0
2026-03-19,78.09861755371094,78.13782694631468,77.44174428986747,77.48096116232482,103981600.0
2026-03-20,77.37311553955078,77.97115974632953,77.30448788368372,77.94174896236558,109084800.0
2026-03-23,77.8829345703125,78.13783304138794,77.61822253054021,77.74567924593212,79015800.0
2026-03-24,77.61821746826172,77.85351870601384,77.51037293758876,77.68684512597599,71941600.0
2026-03-25,77.86331176757812,78.02017924823804,77.79468411475271,77.89272255023857,49917700.0
2026-03-26,77.37311553955078,77.7750828666675,77.25547240369497,77.69664912286129,74979300.0
2026-03-27,77.17704010009766,77.29468323814882,77.02997869768005,77.29468323814882,68174300.0
2026-03-30,77.26527404785156,77.54959077043094,77.21625856593678,77.47115702354274,55210700.0
2026-03-31,78.00057220458984,78.04959516548439,77.56920156410322,77.60841843684813,101521300.0
2026-04-01,78.19169616699219,78.28035644247377,78.06362130312256,78.17198887279817,69789200.0
2026-04-02,78.37886810302734,78.4478285984552,77.90599828184499,77.90599828184499,53828200.0
2026-04-06,78.51679229736328,78.52664594457794,78.31976444985362,78.32961809706828,37098300.0
2026-04-07,78.5364990234375,78.55619880159367,78.14243581513935,78.48723830385129,47264100.0
2026-04-08,78.99952697753906,79.3246221894457,78.8418986792914,79.27536898334152,58556400.0
2026-04-09,79.08818817138672,79.1965557486505,78.81234616239928,78.96012081468,45207500.0
2026-04-10,78.77293395996094,79.1472898740579,78.76308031281533,79.1472898740579,33005600.0
2026-04-13,79.0684814453125,79.07832757610342,78.69411802360727,78.69411802360727,38561400.0
2026-04-14,79.30491638183594,79.3640232311203,79.09803489321027,79.14728809557045,42038000.0
2026-04-15,79.26551055908203,79.29506398418982,79.15714298959979,79.2556569120026,47834900.0
2026-04-16,79.15714263916016,79.33447070515234,79.06848236422928,79.33447070515234,37743400.0
2026-04-17,79.45269775390625,79.56106533086412,79.36402995633571,79.4034370312414,61651600.0
2026-04-20,79.38373565673828,79.47239593639628,79.30492150851059,79.43298886228244,21104400.0
2026-04-21,79.17684936523438,79.3837308547194,79.11773499957407,79.35417742995445,58623500.0
2026-04-22,79.30491638183594,79.3738768780445,79.22610223870319,79.30491638183594,28004500.0
2026-04-23,79.17684936523438,79.35417742995445,78.96996787574935,79.26550963952921,49921700.0
2026-04-24,79.28521728515625,79.3344704879395,79.10788921964956,79.24581021325137,33626300.0
2026-04-27,79.31476593017578,79.3443193532908,79.22609814470076,79.24580543753076,24643700.0
2026-04-28,79.20640563964844,79.23595906547664,79.1374451406724,79.15714491918098,36382400.0
2026-04-29,78.94041442871094,79.14729593783534,78.7926472908586,79.1275961581654,56809400.0
2026-04-30,79.18669891357422,79.226105987005,78.9798174151607,78.98967106255107,51626100.0
2026-05-01,79.28474426269531,79.45310382621747,79.25503597369611,79.28474426269531,43740400.0
2026-05-04,79.02725982666016,79.24512311031526,78.91832440707495,79.24512311031526,35069300.0
2026-05-05,79.1460952758789,79.24512541779032,79.11638698885703,79.11638698885703,26357900.0
2026-05-06,79.38377380371094,79.46299338105734,79.30454667084929,79.31444439582056,38323100.0
2026-05-07,79.08667755126953,79.46299510726438,79.08667755126953,79.44319210137641,44772900.0
2026-05-08,79.36396026611328,79.37386554622829,79.225316566563,79.235221846678,29715200.0
2026-05-11,79.20552062988281,79.37387262928634,79.20552062988281,79.30455077332515,34366600.0
2026-05-12,79.09658813476562,79.11639114198124,78.9282285736113,79.04706928345271,37418900.0
2026-05-13,79.13619995117188,79.17580596472548,79.0173592439638,79.06687053866368,33257100.0
2026-05-14,79.07677459716797,79.27484243945236,79.07677459716797,79.1956153025386,27235600.0
2026-05-15,78.6905517578125,78.91832788758583,78.6905517578125,78.86880903813035,54466000.0
2026-05-18,78.769775390625,78.92822210190583,78.67074525163507,78.85890024906135,38596100.0
2026-05-19,78.58161926269531,78.68064940978218,78.46278610839745,78.64104339536016,42904700.0
2026-05-20,79.08667755126953,79.09658283197122,78.63113286069195,78.73016300116265,58906300.0
2026-05-21,79.12629699707031,79.21542186346066,78.8787178497425,78.97774799757043,37584600.0
2026-05-22,79.13619995117188,79.24512782171793,79.06687053866368,79.2352300960874,22429400.0
2026-05-25,,,,,
2026-05-26,79.40357971191406,79.41348499276269,79.26493600209542,79.36396614403509,30406100.0
2026-05-27,79.35405731201172,79.43328444422416,79.30454602101533,79.39367087811794,22523800.0
2026-05-28,79.45309448242188,79.49270049275239,79.26493193353377,79.30454549937943,32001600.0
2026-05-29,79.53231811523438,79.581836963946,79.43328797332664,79.48280682203827,39142200.0
2026-06-01,79.47159576416016,79.51141210602886,79.27252164900736,79.42183103246731,32671000.0
2026-06-02,79.53132629394531,79.53132629394531,79.42183324929788,79.47159798237976,25237500.0
2026-06-03,79.31233978271484,79.41187684254001,79.26256745570683,79.38201648401154,28203400.0
2026-06-04,79.4616470336914,79.48155140744508,79.38201435029538,79.38201435029538,22697900.0
2026-06-05,79.06349182128906,79.35215460518519,78.98385913727826,79.33224263708713,46035600.0
2026-06-08,79.17298126220703,79.2824742991941,79.11326054901059,79.23270197540347,25217800.0
2026-06-09,79.25261688232422,79.4218306387844,79.05353517396753,79.25261688232422,34705500.0
2026-06-10,79.10330963134766,79.27252339236796,79.08339766288005,79.19289070687928,30345200.0
2026-06-11,79.5711441040039,79.60100446324176,79.15307629210069,79.20284862029116,55089500.0
2026-06-12,79.5711441040039,79.63086482247962,79.43179069809986,79.5711441040039,29873300.0
2026-06-15,79.6706771850586,79.80007460002037,79.6607212010798,79.77021424227463,32019600.0
2026-06-16,79.66072082519531,79.74035350826865,79.5910441260538,79.66072082519531,24471900.0
2026-06-17,79.36211395263672,79.70054148273927,79.34220198369476,79.62090879535359,47184800.0
2026-06-18,79.64081573486328,79.70053644953556,79.55122706866429,79.66072010835718,41111700.0
2026-06-22,79.5711441040039,79.61096044771807,79.50146740105188,79.5711441040039,26479500.0
2026-06-23,79.50146484375,79.6010019027381,79.45169251716054,79.4616485013166,29811300.0
2026-06-24,79.48155212402344,79.62090552412751,79.4715961399615,79.57114079219933,38841000.0
2026-06-25,79.51141357421875,79.61095822782396,79.45169285740829,79.55122991682266,29322400.0
2026-06-26,79.4616470336914,79.58108846459477,79.44173506574707,79.45169104971924,27647500.0
2026-06-29,79.64081573486328,79.66072010835718,79.48155037014976,79.58108742600042,37325700.0
2026-06-30,79.60099792480469,79.68063060569199,79.55122560070252,79.63085828158982,38103900.0
2026-07-01,79.58999633789062,79.66000366210938,79.51000213623047,79.55999755859375,38152300.0
2026-07-02,79.70999908447266,79.79000091552734,79.66999816894531,79.7300033569336,26111800.0
2026-07-06,79.87000274658203,79.91000366210938,79.7300033569336,79.7300033569336,25159400.0
2026-07-07,79.76000213623047,79.87999725341797,79.72000122070312,79.8499984741211,28558300.0
2026-07-08,79.66000366210938,79.68000030517578,79.54000091552734,79.61000061035156,30771300.0
2026-07-09,79.75,79.86000061035156,79.66999816894531,79.7300033569336,21882200.0
2026-07-10,79.70999908447266,79.83000183105469,79.62000274658203,79.77999877929688,24550300.0
2026-07-13,79.5199966430664,79.69000244140625,79.45999908447266,79.66999816894531,32133300.0
2026-07-14,79.68000030517578,79.69000244140625,79.56999969482422,79.68000030517578,28248700.0
2026-07-15,79.80999755859375,79.83999633789062,79.70999908447266,79.70999908447266,26948800.0
2026-07-16,79.80000305175781,79.83999633789062,79.7300033569336,79.76000213623047,22780300.0
2026-07-17,79.6500015258789,79.83999633789062,79.62999725341797,79.75,42020100.0
2026-07-20,79.68000030517578,79.7699966430664,79.66999816894531,79.73999786376953,19767900.0
2026-07-21,79.6500015258789,79.73999786376953,79.5999984741211,79.72000122070312,27198800.0
2026-07-22,79.5199966430664,79.6500015258789,79.4800033569336,79.61000061035156,24851700.0
2026-07-23,79.2300033569336,79.37000274658203,79.1500015258789,79.27999877929688,52554200.0
2026-07-24,79.2300033569336,79.30999755859375,79.16000366210938,79.25,41964600.0
2026-07-27,79.2699966430664,79.4000015258789,79.23999786376953,79.33999633789062,28939800.0
2026-07-28,79.41999816894531,79.41999816894531,79.25,79.31999969482422,33698300.0
2026-07-29,79.23999786376953,79.4800033569336,79.13999938964844,79.37000274658203,53074500.0
2026-07-30,79.47000122070312,79.5,79.33000183105469,79.37999725341797,30570700.0
2026-07-31,79.4800033569336,79.54000091552734,79.23999786376953,79.45999908447266,38581900.0
