Date,Close,High,Low,Open,Volume
2016-08-01,89.49734497070312,89.69619261476812,89.46553468779942,89.52916132195534,2479100.0
2016-08-02,89.28260040283203,89.46554292228336,89.0996578833807,89.0996578833807,2920500.0
2016-08-03,89.33032989501953,89.36214625204774,89.0996658578273,89.33828550136398,1148600.0
2016-08-04,89.54510498046875,89.72009194159223,89.51328861768714,89.52124422547023,1065000.0
2016-08-05,88.9883041381836,89.37009432197671,88.98035460085913,89.29055647028831,2368100.0
2016-08-08,88.94053649902344,89.07575138357998,88.79736601292065,88.88485942489157,1304000.0
2016-08-09,89.25872039794922,89.29053674526591,88.99624008384735,89.0439615706485,1817000.0
2016-08-10,89.49734497070312,89.56097767320757,89.29054779008645,89.3064529315383,1262500.0
2016-08-11,89.06781768798828,89.48141801674855,88.9803242604597,89.42574093271647,1823600.0
2016-08-12,89.3860092163086,89.6405340104877,89.36214846503395,89.51327464757303,1377100.0
2016-08-15,89.1235122680664,89.3064486936501,89.10760105902108,89.2507715986879,1031800.0
2016-08-16,88.97238159179688,89.12350772828829,88.90079329143592,89.0439638238099,1433500.0
2016-08-17,89.11559295654297,89.23490279957986,88.88492887823183,88.99628311350608,1733900.0
2016-08-18,89.27462005615234,89.33825274687881,89.04395610352947,89.17917708841004,1245600.0
2016-08-19,88.97238159179688,89.11555212417086,88.86102740754464,89.02805868392298,1396700.0
2016-08-22,89.1712417602539,89.24282400233662,89.07579270246153,89.1712417602539,1084600.0
2016-08-23,89.16329956054688,89.32238134745181,89.08376170126925,89.23488788174151,939900.0
2016-08-24,89.13145446777344,89.25871985626786,89.05987223800612,89.23485911301209,1345600.0
2016-08-25,88.9883041381836,89.14738590990952,88.97239899518556,89.05193684687397,1037700.0
2016-08-26,88.64629364013672,89.3382857536677,88.58266699425025,89.12353292855789,1988300.0
2016-08-29,89.01213073730469,89.0678078151652,88.79737195959532,88.80532756167436,1497400.0
2016-08-30,89.00420379638672,89.08374163775076,88.95647623688964,89.05192528753548,2498400.0
2016-08-31,88.90079498291016,89.12350942400002,88.90079498291016,89.0121552376291,2008100.0
2016-09-01,89.0401840209961,89.06407790065549,88.62600318431632,88.67379702041019,1775900.0
2016-09-02,88.80919647216797,88.94459916979822,88.6578604708313,88.87291753344392,1550100.0
2016-09-06,89.223388671875,89.28710974561685,88.74549277236328,88.78531996264594,1284000.0
2016-09-07,89.27117919921875,89.41454857142381,89.22338535729983,89.35082750004915,836800.0
2016-09-08,88.83309936523438,89.18355916103994,88.72955718773522,89.10391086475018,1287300.0
2016-09-09,88.4109878540039,88.53046337727022,88.37116065398928,88.51453006655336,1700700.0
2016-09-12,88.49058532714844,88.56227303062472,88.28349494427411,88.31535547062201,1446600.0
2016-09-13,88.16401672363281,88.56226414787649,87.96489301151097,88.55429749789505,1993700.0
2016-09-14,88.36317443847656,88.48264385030352,88.17997787904893,88.17997787904893,1062100.0
2016-09-15,88.38703155517578,88.45075259949513,88.14808067736486,88.31534386112321,994100.0
2016-09-16,88.48262786865234,88.54634892796801,88.3711190532373,88.49059452026047,833600.0
2016-09-19,88.331298828125,88.4746681746252,88.331298828125,88.40298046298773,490400.0
2016-09-20,88.46672821044922,88.58620371470369,88.40300713127662,88.43486767086293,1177800.0
2016-09-21,88.61004638671875,88.64987355737706,88.27552002957195,88.37109551631501,1108300.0
2016-09-22,88.87291717529297,88.97645934186798,88.73751447820838,88.76140835689687,1012300.0
2016-09-23,88.91272735595703,88.96848175830443,88.80918520210446,88.83307907785705,952500.0
2016-09-26,89.16761016845703,89.24726452750869,89.01628025516258,89.03220748090827,764000.0
2016-09-27,89.31893920898438,89.42248136021117,89.23132428226404,89.42248136021117,1583700.0
2016-09-28,89.27914428710938,89.44641362711445,89.24728982658817,89.3587986687408,594800.0
2016-09-29,89.33490753173828,89.47031026183309,89.06409599477232,89.11985041756292,1123900.0
2016-09-30,89.11187744140625,89.36675565276224,88.98444137411622,89.34286176994384,1774600.0
2016-10-03,88.90447235107422,89.11184072353844,88.8885176613063,89.08790868888654,3112000.0
2016-10-04,88.49777221679688,88.87262857327302,88.48979486657058,88.79287332581615,3949600.0
2016-10-05,88.29834747314453,88.48976121122762,88.20263756163648,88.45786399232462,1490600.0
2016-10-06,88.11494445800781,88.34623284979246,88.09898975758004,88.20267097061921,1577400.0
2016-10-07,88.24249267578125,88.30629926498803,88.03512430332489,88.19464077634181,1601100.0
2016-10-10,88.0112533569336,88.05113402134437,87.87566883383303,88.05113402134437,1067000.0
2016-10-11,87.9873275756836,88.1388667988384,87.89161763185923,87.9953049255694,1942600.0
2016-10-12,87.9873275756836,87.9873275756836,87.81186238780647,87.91554968151664,1037800.0
2016-10-13,88.17073822021484,88.28239673848645,88.13883491714682,88.13883491714682,1188400.0
2016-10-14,87.89958190917969,88.1867056130162,87.87565594801568,87.94743383150771,2105300.0
2016-10-17,88.09101104736328,88.17077237840004,87.98732983592481,87.98732983592481,1490800.0
2016-10-18,88.26643371582031,88.26643371582031,87.97133883891833,87.97931010023353,1484400.0
2016-10-19,88.30633544921875,88.37014206457079,88.13884764761995,88.13884764761995,1264200.0
2016-10-20,88.2265625,88.43392483083963,88.19465919873255,88.43392483083963,979900.0
2016-10-21,88.3222427368164,88.35414602956567,88.20260691023938,88.35414602956567,571100.0
2016-10-24,88.20262908935547,88.3780942011328,88.09894792554724,88.3780942011328,900800.0
2016-10-25,88.18672180175781,88.32230632986638,88.07506323920542,88.09101185459778,735100.0
2016-10-26,87.99527740478516,88.09895858113364,87.9633741001549,88.0590840140457,1136600.0
2016-10-27,87.69217681884766,87.732057460757,87.5087404699005,87.69217681884766,3668500.0
2016-10-28,87.70816802978516,87.77994591319116,87.57258352672885,87.61245810030967,1313200.0
2016-10-31,87.77996826171875,87.84377489761407,87.70021300931748,87.81187157966642,4413900.0
2016-11-01,87.78312683105469,87.9508492917266,87.47962382211202,87.52754278417284,2004000.0
2016-11-02,88.04670715332031,88.19845869215457,87.87898465466898,87.94288068085818,1455900.0
2016-11-03,87.99082946777344,88.03875455038406,87.86304346555764,87.91895098405126,686600.0
2016-11-04,88.26231384277344,88.302244270554,88.07861437591849,88.0945914217968,1699800.0
2016-11-07,87.89492797851562,87.99076588756147,87.86297997768098,87.93485840946536,2617900.0
2016-11-08,87.58348846435547,87.94289299845346,87.54355191902845,87.91094498088411,1182200.0
2016-11-09,86.24967956542969,87.18414226746445,86.18578962750243,87.18414226746445,6381300.0
2016-11-10,85.7304916381836,86.28158396677932,85.71452068514014,85.99405806433441,5445300.0
2016-11-11,85.55479431152344,85.97010615524582,85.52284630916658,85.89822772003667,2482900.0
2016-11-14,85.0595932006836,85.37906706989403,84.88388226794498,85.0595932006836,3753800.0
2016-11-15,85.0595932006836,85.21134465958643,84.99569720815005,85.05160467825259,1391700.0
2016-11-16,85.13948822021484,85.19539570875342,84.87592173419326,84.87592173419326,2765700.0
2016-11-17,84.76412963867188,85.04367325028512,84.70023970128054,84.99574818041552,2499200.0
2016-11-18,84.38868713378906,84.82795828667732,84.30881411194025,84.74010283740846,4093700.0
2016-11-21,84.46060943603516,84.57242441258721,84.36476541607944,84.45262091100737,1364300.0
2016-11-22,84.54045867919922,84.72415815556413,84.46059172604585,84.57240667915215,1744700.0
2016-11-23,84.23695373535156,84.33279163255459,83.8615723887535,84.0612427992029,4607100.0
2016-11-25,84.16508483886719,84.30884780480947,84.0532698757408,84.26891737138347,948200.0
2016-11-28,84.54844665527344,84.58039465501957,84.3567647502545,84.4446202261919,2474800.0
2016-11-29,84.63630676269531,84.66026624045155,84.3487808427039,84.40468832195455,1745000.0
2016-11-30,84.06926727294922,84.2849087273297,83.99738272584909,84.09322675749594,3362500.0
2016-12-01,83.7485122680664,83.82849243719966,83.42858548943765,83.67653194647521,3467600.0
2016-12-02,84.12446594238281,84.23643945305274,83.92451237302956,83.92451237302956,1660400.0
2016-12-05,84.09246063232422,84.30041402334767,83.74854029805758,83.84452019439867,2281600.0
2016-12-06,84.12446594238281,84.20444614970438,84.04448573506124,84.11646609102105,989400.0
2016-12-07,84.40437316894531,84.44436631107526,84.26840624905834,84.27640609790367,1237600.0
2016-12-08,84.08441925048828,84.18839894569047,84.00443909409069,84.13241222600267,1357500.0
2016-12-09,83.65255737304688,84.14044448311212,83.61257032759252,84.0444706923436,3261000.0
2016-12-12,83.66857147216797,83.75655153024542,83.47661775549834,83.59658501460521,1538200.0
2016-12-13,83.71659088134766,83.86855760468694,83.56463026010937,83.81257082799894,1993500.0
2016-12-14,83.02072143554688,84.06047629734292,83.00472173340167,83.99648969295897,3941000.0
2016-12-15,82.78875732421875,83.03669773693115,82.72477073316485,83.0047044414042,1999200.0
2016-12-16,82.89273071289062,83.14867097425193,82.74876393449382,82.9327238577053,1811800.0
2016-12-19,83.27664184570312,83.31662888731131,83.08468207843467,83.1806619620689,1691800.0
2016-12-20,83.1006851196289,83.14867201232788,82.92472504360302,82.98071178578424,969400.0
2016-12-21,83.23665618896484,83.28464308404978,83.13268254891496,83.1806694439999,1870500.0
2016-12-22,83.20063781738281,83.27273248972756,83.08047391835177,83.14456214607362,1872100.0
2016-12-23,83.28071594238281,83.37684825037064,83.26469694694534,83.28872849599537,830400.0
2016-12-27,83.16053771972656,83.16053771972656,83.07241798057359,83.08043053280203,1148800.0
2016-12-28,83.46492004394531,83.55303974768505,83.14448531323576,83.20056093272613,1369800.0
2016-12-29,83.7212905883789,83.84145441078931,83.60112676596852,83.60112676596852,1328600.0
2016-12-30,83.9696273803711,84.08177865509428,83.73731227936275,83.76134382226256,2439500.0
2017-01-03,83.9295883178711,84.02572062139647,83.54507132734433,83.59313442321334,3230500.0
2017-01-04,84.02568817138672,84.06574481033293,83.80939821171819,83.89751792797185,1523000.0
2017-01-05,84.5704574584961,84.65857720809387,84.13787126368537,84.19394691235783,3344400.0
2017-01-06,84.18595123291016,84.41826642734205,84.1459006825665,84.25805200239039,1601400.0
2017-01-09,84.50633239746094,84.53837648440955,84.40219369871642,84.49031340987895,1275000.0
2017-01-10,84.46634674072266,84.59451707516419,84.42629007332816,84.46634674072266,1352700.0
2017-01-11,84.56241607666016,84.85881932533027,84.36214509799296,84.5143529975513,1833700.0
2017-01-12,84.61050415039062,84.93894545057593,84.5864664936864,84.7707185243659,1544700.0
2017-01-13,84.42625427246094,84.56243710499105,84.1538886074007,84.41023527936959,1833200.0
2017-01-17,84.850830078125,84.93894982188239,84.69862824855153,84.8908867295736,1656800.0
2017-01-18,84.25005340576172,84.66662075851265,84.21800929310476,84.5945199770871,3640400.0
2017-01-19,83.9295883178711,84.02572062139647,83.76136137054222,83.97765752552746,1840000.0
2017-01-20,83.9696273803711,84.0497345606325,83.69726174512509,83.82543201118612,1306400.0
2017-01-23,84.41024780273438,84.5704622045648,83.9856680254872,84.12185699000949,1720200.0
2017-01-24,84.0898666381836,84.33820095329428,83.97771526285673,84.22604957796742,1344000.0
2017-01-25,83.67324829101562,83.85750035951504,83.56109698385522,83.75336160623407,1816000.0
2017-01-26,83.78539276123047,83.80943042090722,83.45695142042975,83.64120347389407,2212900.0
2017-01-27,83.8895263671875,83.95361456082246,83.82543817355254,83.83345072570354,2285200.0
2017-01-30,83.8655014038086,84.07377888178684,83.8655014038086,83.90555194413348,1909300.0
2017-01-31,84.15389251708984,84.29007535594685,83.94560892650516,83.94560892650516,1411700.0
2017-02-01,83.99263000488281,84.12099457900332,83.75193801196082,83.88832728479251,2055100.0
2017-02-02,84.02472686767578,84.32157340322013,84.01670216856455,84.26541275154537,1423500.0
2017-02-03,84.0888900756836,84.4178353449979,83.93645754792524,84.24132872449273,1711100.0
2017-02-06,84.49005889892578,84.57029365129662,84.24134830552238,84.43389824489752,1500500.0
2017-02-07,84.64250183105469,84.79494052294694,84.38576652531918,84.44192718216593,1540600.0
2017-02-08,84.98747253417969,85.04363317917294,84.64248396606364,84.64248396606364,3182200.0
2017-02-09,84.48204803466797,84.98749396707505,84.46599863430743,84.98749396707505,1530200.0
2017-02-10,84.42588806152344,84.49006730032877,84.29751734180712,84.29751734180712,1646400.0
2017-02-13,84.29751586914062,84.30554056924592,84.14507717240379,84.24135521050907,1045200.0
2017-02-14,83.99263000488281,84.32156919942109,83.80809866083574,84.25738385183502,2318100.0
2017-02-15,83.8321533203125,83.88831396026704,83.6957640691444,83.70378876658096,2750900.0
2017-02-16,84.16911315917969,84.2493417607452,83.92039653696169,83.92039653696169,2459800.0
2017-02-17,84.39376831054688,84.49806489607148,84.33760766894888,84.4017868871674,2237700.0
2017-02-21,84.3536605834961,84.4659818795286,84.17715394085889,84.19320333803584,2832700.0
2017-02-22,84.49005889892578,84.57831222969193,84.20925562878448,84.5301762751112,2812800.0
2017-02-23,84.7146987915039,84.7146987915039,84.5863342097314,84.64249486195412,1842700.0
2017-02-24,85.10781860351562,85.17200394672665,84.89921929860544,84.99549731342196,2677000.0
2017-02-27,84.8029556274414,85.04364764466798,84.754819672417,85.03562294514649,3292600.0
2017-02-28,84.76290130615234,84.97150078645896,84.74685189632918,84.84312999209908,2482500.0
2017-03-01,84.17230224609375,84.19640941973715,84.07589806936774,84.12410015773075,2249000.0
2017-03-02,83.93130493164062,84.03574485687666,83.8188292800131,84.00360808077404,2023300.0
2017-03-03,84.01162719726562,84.01966292206836,83.76257489353947,83.95538938257062,2509000.0
2017-03-06,83.99555969238281,84.0357260564276,83.89914938564384,84.02769033183388,1401700.0
2017-03-07,83.87506866455078,83.93934221795048,83.83489616131011,83.89916971470981,1596300.0
2017-03-08,83.5938491821289,83.6741880299804,83.47333784562109,83.4894031634069,2392800.0
2017-03-09,83.36088562011719,83.53763481265518,83.31267739431225,83.50549803860619,2322900.0
2017-03-10,83.53764343261719,83.5617444832751,83.35285849513389,83.53764343261719,1333000.0
2017-03-13,83.32877349853516,83.48945128685304,83.30467244323394,83.40107666443879,1342600.0
2017-03-14,83.41714477539062,83.5055193942605,83.35287121085535,83.36893653725694,864600.0
2017-03-15,84.14822387695312,84.14822387695312,83.48943526413638,83.54567309220133,3701900.0
2017-03-16,83.91523742675781,84.05182026398549,83.89113637591281,83.94737420437235,2749900.0
2017-03-17,84.14022064208984,84.21252381677121,84.00363776302702,84.01970922148875,1186700.0
2017-03-20,84.3410415649414,84.3651426147668,84.15625663384118,84.15625663384118,1362700.0
2017-03-21,84.62226104736328,84.65439783514496,84.28483396985395,84.28483396985395,1407000.0
2017-03-22,84.78291320800781,84.9435970983056,84.7186396518887,84.78291320800781,2231300.0
2017-03-23,84.69453430175781,84.87128350738205,84.54992187256192,84.83111100448077,2584700.0
2017-03-24,84.74272155761719,84.84716145806331,84.63827552770923,84.67041229618384,2540000.0
2017-03-27,84.95165252685547,85.1284017951951,84.89541468051699,85.09626500736375,2614000.0
2017-03-28,84.66243743896484,85.04807280844732,84.65440783816976,85.04807280844732,1356800.0
2017-03-29,84.90345764160156,84.9355944321702,84.80704726989565,84.80704726989565,1860400.0
2017-03-30,84.66243743896484,84.8713235194956,84.64637210790843,84.86328778923428,1487800.0
2017-03-31,84.83113098144531,84.86326776544159,84.71865530219077,84.78292887018331,1698500.0
2017-04-03,85.24874114990234,85.28897425361907,84.91080517803684,84.93494258478297,4175500.0
2017-04-04,85.12804412841797,85.30505380335839,85.12804412841797,85.22459374407474,1319600.0
2017-04-05,85.2889633178711,85.36942337627823,84.98321264044037,85.02343960028946,2551100.0
2017-04-06,85.23262786865234,85.36941056128262,85.12803042229531,85.31308791498144,1496300.0
2017-04-07,84.97513580322266,85.54641000334148,84.97513580322266,85.44181257696712,1185400.0
2017-04-10,85.12804412841797,85.22459374407474,85.04757793042529,85.08781102942163,1752500.0
2017-04-11,85.52227783203125,85.6107857131033,85.31307682779665,85.32917251819552,2219200.0
2017-04-12,85.78783416748047,85.83610897965926,85.5223104230779,85.58668093178936,2273600.0
2017-04-13,86.0452651977539,86.1015878288312,85.7797415918011,85.93261993559933,1868200.0
2017-04-17,85.90848541259766,86.12573425432603,85.83607322449288,86.05331592751423,1110500.0
2017-04-18,86.3992919921875,86.47171031262732,86.09354143813593,86.14181622595815,1678400.0
2017-04-19,86.17400360107422,86.23032623449903,86.08549572873427,86.19009928988511,1750000.0
2017-04-20,85.98094940185547,86.10164258483442,85.86830406806453,86.03727206875094,1694700.0
2017-04-21,86.02113342285156,86.19010132711982,85.99698988906457,86.06136036841632,2792500.0
2017-04-24,85.8441390991211,85.8441390991211,85.58666325615958,85.63493805836852,3558000.0
2017-04-25,85.4015884399414,85.6671120947579,85.36135535089375,85.57055636426803,1985700.0
2017-04-26,85.62687683105469,85.62687683105469,85.38549671902159,85.40158627100753,1314400.0
2017-04-27,85.6832046508789,85.7878082305868,85.55446981108699,85.59469676283733,1988200.0
2017-04-28,85.77169799804688,85.81193108168424,85.50617437893635,85.54640746257371,5489800.0
2017-05-01,85.58638000488281,85.81200925007984,85.45745164245702,85.67502094377248,2044400.0
2017-05-02,85.7636489868164,85.81199634696435,85.52995983287649,85.54607971821574,1585300.0
2017-05-03,85.58638000488281,85.81200925007984,85.53803263746512,85.77977562248942,1861300.0
2017-05-04,85.39301300048828,85.4091267457149,85.27213839350594,85.29631208531482,1237100.0
2017-05-05,85.40904235839844,85.43321602632284,85.25594041223327,85.40098856771152,980000.0
2017-05-08,85.19961547851562,85.3285438813586,85.15126194800396,85.3285438813586,4887400.0
2017-05-09,85.10287475585938,85.1431683211142,84.99006015066772,85.08675487058349,1457900.0
2017-05-10,85.07066345214844,85.30435266647977,85.01425613475374,85.28823277697471,995500.0
2017-05-11,85.1351089477539,85.17539636534325,84.94171335869429,84.94171335869429,1088800.0
2017-05-12,85.57022857666016,85.64274959584567,85.46546779614802,85.46546779614802,2005600.0
2017-05-15,85.51383972167969,85.55412713615517,85.45743242306644,85.52995345788298,672200.0
2017-05-16,85.6266860961914,85.74756068034505,85.50581151203775,85.50581151203775,1314500.0
2017-05-17,86.31166076660156,86.36000815615118,86.00545038622292,86.06185772334369,5644700.0
2017-05-18,86.28748321533203,86.42447157822588,86.19884223982699,86.38417799010962,1715200.0
2017-05-19,86.2632827758789,86.27939651736634,86.06182719363531,86.1988155140562,3503100.0
2017-05-22,86.16656494140625,86.23103219055365,86.12627137370531,86.16656494140625,1425800.0
2017-05-23,85.9409408569336,86.26327097401193,85.90064728682293,86.26327097401193,2984700.0
2017-05-24,86.11827087402344,86.16661826683682,85.86040786578694,85.94098890312227,1776300.0
2017-05-25,86.16656494140625,86.20685850910718,86.06181027249316,86.16656494140625,1361000.0
2017-05-26,86.22300720214844,86.2874744774308,86.17465981965555,86.2471808933949,1016600.0
2017-05-30,86.4405517578125,86.4405517578125,86.30356344811445,86.36803070489094,2335200.0
2017-05-31,86.48082733154297,86.54529457490229,86.35189899275905,86.40024635131118,1752300.0
2017-06-01,86.4356689453125,86.45181350830559,86.27426025946167,86.30654322810118,1769300.0
2017-06-02,86.81494140625,86.91179026227552,86.6858157555595,86.758447779571,1803200.0
2017-06-05,86.66967010498047,86.7503744053095,86.65353170785204,86.6777423822164,1414900.0
2017-06-06,86.944091796875,87.02479611547346,86.88759815812159,86.98444087750183,2078900.0
2017-06-07,86.78268432617188,86.92795457484682,86.70198000076255,86.85532252918202,1795800.0
2017-06-08,86.64546966552734,86.70196329816525,86.49212716664834,86.70196329816525,3863000.0
2017-06-09,86.56474304199219,86.62930277883393,86.44368352973223,86.47596647682438,1203400.0
2017-06-12,86.54866790771484,86.71814889787709,86.45182514610643,86.45182514610643,766700.0
2017-06-13,86.58094024658203,86.61322321560226,86.46795293368463,86.46795293368463,682300.0
2017-06-14,87.03285217285156,87.29918193503889,86.92793718654023,87.09741808320196,3712100.0
2017-06-15,86.8795394897461,86.93603313734988,86.81497356181438,86.91182245371195,2000400.0
2017-06-16,86.92797088623047,87.02481978930184,86.89568791854,86.89568791854,3460300.0
2017-06-19,86.68580627441406,86.8633532550266,86.68580627441406,86.83107030654901,1105900.0
2017-06-20,86.90375518798828,86.96832111964562,86.75848492043231,86.75848492043231,1252000.0
2017-06-21,86.89569854736328,86.95219220839509,86.79078350754627,86.80692191469224,1159800.0
2017-06-22,86.9763412475586,87.04897942159653,86.87142628210698,87.02476874936485,1160100.0
2017-06-23,87.00060272216797,87.03287953014473,86.89568154553237,86.93603679152237,1581000.0
2017-06-26,87.07324981689453,87.1700987295923,87.06517753483294,87.08132209895612,3625000.0
2017-06-27,86.64546966552734,86.79881216440633,86.56476535566519,86.77459532983795,1755200.0
2017-06-28,86.56474304199219,86.60509210785045,86.42753897751486,86.60509210785045,1530900.0
2017-06-29,86.24198150634766,86.33075813510904,86.06442824882488,86.11284962547765,1997200.0
2017-06-30,86.04020690917969,86.22582626826791,85.98371325762942,86.22582626826791,1909600.0
2017-07-03,85.72417449951172,86.0474801886861,85.68376514245438,86.03939585065739,1255300.0
2017-07-05,85.78883361816406,85.88582717120202,85.659515047323,85.70800874057053,10477800.0
2017-07-06,85.6271743774414,85.65142122137918,85.4574403033348,85.6271743774414,1794300.0
2017-07-07,85.48974609375,85.58673961423266,85.44933675178783,85.52207726724421,1799900.0
2017-07-10,85.60294342041016,85.68376830405029,85.53828104688071,85.54635921866439,1247700.0
2017-07-11,85.71607208251953,85.74031892320414,85.5463318646445,85.57058487187048,1112600.0
2017-07-12,85.96663665771484,86.08787703567023,85.93430547915729,86.03937718456301,2451700.0
2017-07-13,85.87773132324219,85.95855619000271,85.71608158972114,85.95855619000271,2095900.0
2017-07-14,85.99897766113281,86.27378346045427,85.98280898673598,86.23337410754714,1260400.0
2017-07-17,86.10404968261719,86.16871204734794,85.9989779648366,86.04747165511341,1289200.0
2017-07-18,86.41924285888672,86.4596583653172,86.30608684072998,86.37883351899673,1776100.0
2017-07-19,86.41924285888672,86.49198953715347,86.36266484980834,86.4273271934809,2466000.0
2017-07-20,86.4435043334961,86.6132445560136,86.41117932272675,86.56474470677651,2317200.0
2017-07-21,86.59710693359375,86.70217867262157,86.58094442241399,86.60519127245551,1664200.0
2017-07-24,86.5405044555664,86.60516681511227,86.47584209602056,86.54858879214514,2342700.0
2017-07-25,86.0555191040039,86.24141561474076,86.03127226925909,86.24141561474076,2513600.0
2017-07-26,86.33036804199219,86.41927725829738,86.00706852802017,86.05556222180738,3010400.0
2017-07-27,86.1929702758789,86.26571698744418,86.09597671597297,86.16063908924359,1853000.0
2017-07-28,86.33846282958984,86.36270967941812,86.1606443754576,86.18489122528587,1001600.0
2017-07-31,86.36265563964844,86.37073997338047,86.23333713263499,86.28991513567959,921800.0
2017-08-01,86.57719421386719,86.6095753932142,86.18863241385996,86.22910425598488,1958300.0
2017-08-02,86.49624633789062,86.65815223834005,86.48814949884851,86.53672435702263,516100.0
2017-08-03,86.79576873779297,86.82005307915301,86.60148783083396,86.67434085491408,1576200.0
2017-08-04,86.56102752685547,86.59340871398892,86.37483724485811,86.59340871398892,1266100.0
2017-08-07,86.60960388183594,86.61770072335561,86.47198845640393,86.520557153361,554100.0
2017-08-08,86.53675079345703,86.58531949038999,86.39913536809333,86.57722264887434,1277800.0
2017-08-09,86.64195251464844,86.87671142186039,86.64195251464844,86.85242708250712,1268000.0
2017-08-10,86.96581268310547,86.9981938812533,86.79581602489088,86.81200353592378,1412000.0
2017-08-11,87.06291198730469,87.11957751121626,86.876721736693,86.91719975780651,911000.0
2017-08-14,86.85247039794922,86.98198899778684,86.8200892039695,86.89294225836294,1386100.0
2017-08-15,86.59342193603516,86.66627498614947,86.4800908518034,86.5043752018415,1146300.0
2017-08-16,86.75532531738281,86.88485009106424,86.49628194610109,86.51247563085184,2160100.0
2017-08-17,87.06291198730469,87.09528699290081,86.75529384943138,86.7876750311064,1637300.0
2017-08-18,87.07910919189453,87.27339012751132,86.9495906268432,87.21672459728644,1235700.0
2017-08-21,87.1357650756836,87.19243059963527,87.07100271228771,87.10338389398565,718800.0
2017-08-22,86.96581268310547,87.05485943399151,86.91724397392474,87.05485943399151,984500.0
2017-08-23,87.26527404785156,87.26527404785156,87.07908383072235,87.15194302040867,1246100.0
2017-08-24,87.12767028808594,87.2248138354675,87.07910160243469,87.12767028808594,2520900.0
2017-08-25,87.27339935302734,87.321974224126,87.07911839687345,87.13578393308835,1007500.0
2017-08-28,87.35430908203125,87.36239974285638,87.20050006127622,87.23288123280764,921700.0
2017-08-29,87.55674743652344,87.77531277569933,87.45960385462236,87.75912526675644,1590200.0
2017-08-30,87.48388671875,87.5324554208342,87.41912433191698,87.41912433191698,1299900.0
2017-08-31,87.6214828491211,87.62957968971116,87.48386743948878,87.49196428007885,1023600.0
2017-09-01,87.36369323730469,87.55015644989085,87.31504555048089,87.52583569914817,3460000.0
2017-09-05,87.97174072265625,87.97984351637768,87.66366137175775,87.6879883089382,3054800.0
2017-09-06,87.76094055175781,88.00416041310343,87.66365137015197,87.94740993683453,1601500.0
2017-09-07,88.14196014404297,88.21492237305695,87.84198988120039,87.84198988120039,4292500.0
2017-09-08,88.07711029052734,88.10954001317478,87.96360935392988,88.10954001317478,1249100.0
2017-09-11,87.57447052001953,87.75283092564422,87.57447052001953,87.72040119868173,2206200.0
2017-09-12,87.36369323730469,87.43665548953273,87.28262200638294,87.43665548953273,3167800.0
2017-09-13,87.18534088134766,87.3799130906224,87.16912292246033,87.3799130906224,1590900.0
2017-09-14,87.20150756835938,87.21772551886139,87.07179489102234,87.09611563143953,1377700.0
2017-09-15,87.306884765625,87.306884765625,87.05555607576667,87.20959564193781,1477000.0
2017-09-18,86.96639251708984,87.03936092010994,86.88532132455069,86.95828972757079,3032500.0
2017-09-19,86.86912536621094,87.03126778079144,86.84480462255753,86.99073526981464,673300.0
2017-09-20,86.69889831542969,86.96643275606233,86.56107042047171,86.9502209841876,2397500.0
2017-09-21,86.58537292480469,86.8529072899481,86.58537292480469,86.73940636283595,2390000.0
2017-09-22,86.73941040039062,86.87723826287383,86.71508965563974,86.86102030948196,826600.0
2017-09-25,86.99884033203125,87.06369977369134,86.74751772726935,86.83669791321779,1927000.0
2017-09-26,86.92584228515625,86.97448375369233,86.84477110915138,86.91773331195549,1061000.0
2017-09-27,86.4800033569336,86.60972227953472,86.45568260528054,86.49622131492806,4039100.0
2017-09-28,86.46381378173828,86.52867325968992,86.32599203009623,86.37463354588984,1873300.0
2017-09-29,86.35834503173828,86.56102609574806,86.3097035556832,86.55292330662901,2037800.0
2017-10-02,86.2601089477539,86.44685701840882,86.2601089477539,86.40625772643706,3221600.0
2017-10-03,86.38191986083984,86.41439806273164,86.26012815239159,86.28448525516451,2521700.0
2017-10-04,86.3575439453125,86.4630934325294,86.2763515555624,86.4630934325294,2198300.0
2017-10-05,86.26826477050781,86.43877071517466,86.21955055619864,86.39005650086547,1779900.0
2017-10-06,86.1627197265625,86.26014816025254,85.9434933615898,86.0409279898649,2350600.0
2017-10-09,86.2601089477539,86.29258714241486,86.17891655839264,86.23575185040374,893100.0
2017-10-10,86.29261016845703,86.49559429331494,86.2682530646075,86.30885236741264,1123100.0
2017-10-11,86.3900146484375,86.4224928404375,86.29258007243749,86.41437174379207,2841200.0
2017-10-12,86.47122955322266,86.50370775368185,86.35755894890715,86.4468724515241,1349300.0
2017-10-13,86.7635269165039,86.81224111976276,86.62549921088163,86.73104871613691,1521700.0
2017-10-16,86.61736297607422,86.70667646283044,86.52804948931798,86.60924187875577,1666100.0
2017-10-17,86.58493041992188,86.61740863173256,86.47125977587723,86.48749578448982,673800.0
2017-10-18,86.36567687988281,86.39815507915075,86.28447828442143,86.31695648368935,1788500.0
2017-10-19,86.45500183105469,86.63362265881376,86.39816652345317,86.6011506498277,1518700.0
2017-10-20,86.09774780273438,86.23577552199515,86.06526959915821,86.17894021438283,2651400.0
2017-10-23,86.17891693115234,86.23575222340928,86.13831763900498,86.13831763900498,709800.0
2017-10-24,85.91915130615234,86.03282196176247,85.87043708077262,85.96786553153207,1605600.0
2017-10-25,85.78108215332031,85.85415345613711,85.63493335310355,85.63493335310355,1838800.0
2017-10-26,85.66744232177734,85.87854140212414,85.65932122035312,85.86230539386106,2062400.0
2017-10-27,85.9435043334961,85.95162543553539,85.69180592155055,85.75676234869321,1315000.0
2017-10-30,86.25198364257812,86.26009854432799,86.08959268885859,86.1383068776837,1692700.0
2017-10-31,86.19518280029297,86.26825411272932,86.17894060114003,86.26013301315285,1178000.0
2017-11-01,86.24723052978516,86.37734436204254,86.13338402864446,86.13338402864446,1321500.0
2017-11-02,86.36104583740234,86.4830259600423,86.2959951489389,86.34478471632818,1997900.0
2017-11-03,86.49931335449219,86.5237081438468,86.32040996033408,86.47491236096937,2532400.0
2017-11-06,86.60501098632812,86.65380055647991,86.52369296801946,86.58061620125224,858400.0
2017-11-07,86.63755798339844,86.70261489364077,86.57250107315612,86.62129065375365,734800.0
2017-11-08,86.53182983398438,86.7107269992183,86.5074288438382,86.6781985498574,947800.0
2017-11-09,86.49931335449219,86.57249772255602,86.38546686805851,86.41798911775254,925900.0
2017-11-10,86.0601806640625,86.22281671433358,86.02765221317476,86.19842192720968,1862000.0
2017-11-13,86.01947784423828,86.16585270188344,86.01134418432335,86.1251968106382,868300.0
2017-11-14,86.14148712158203,86.19841035194966,86.02764066084677,86.04390178202317,1629200.0
2017-11-15,86.45052337646484,86.48305183251124,86.271619970294,86.4261285854722,1933100.0
2017-11-16,86.23094177246094,86.36104935885986,86.21467444655669,86.31225978948113,1749200.0
2017-11-17,86.34477996826172,86.42609797749445,86.27972307920896,86.38544207496129,941200.0
2017-11-20,86.20653533935547,86.32038178863397,86.15773957240313,86.23906378260163,1153400.0
2017-11-21,86.22286224365234,86.38550458397309,86.15780530752404,86.34484244785018,835600.0
2017-11-22,86.49931335449219,86.53996926869381,86.27974784196425,86.31227629582648,1657900.0
2017-11-24,86.42611694335938,86.4749065187724,86.39358849169476,86.41798327940127,614400.0
2017-11-27,86.48302459716797,86.53994782628065,86.35291701812466,86.46676347635005,1927500.0
2017-11-28,86.49931335449219,86.64568829478807,86.42612278226014,86.61315984092585,1388000.0
2017-11-29,86.22286224365234,86.26352437977526,86.10088203945452,86.21472857559358,3193600.0
2017-11-30,85.95446014404297,86.20655408297121,85.86500845670835,86.16589196903092,3306400.0
2017-12-01,86.2720718383789,86.60598297862174,85.92186871261872,86.0847512863608,4341500.0
2017-12-04,86.23139953613281,86.23139953613281,86.03593908831097,86.04408508592977,2356200.0
2017-12-05,86.29649353027344,86.3209252921258,86.07660146003096,86.09288723007548,1586000.0
2017-12-06,86.47570037841797,86.5815734571925,86.45941460228862,86.49198615454733,1459000.0
2017-12-07,86.3209228515625,86.54896090716547,86.21504981533855,86.47566562368065,1953400.0
2017-12-08,86.25582122802734,86.34540233060228,86.19066568654155,86.30468477735448,2519500.0
2017-12-11,86.19876861572266,86.34536541460265,86.1743368515046,86.30464787876319,702200.0
2017-12-12,86.12552642822266,86.13367242584211,86.00336131823346,86.11738043060322,2557500.0
2017-12-13,86.47570037841797,86.50827814425017,86.15807492852089,86.24766223116606,1477800.0
2017-12-14,86.443115234375,86.51641675463429,86.21507710658692,86.32095017632483,982100.0
2017-12-15,86.42687225341797,86.46758981721379,86.26398335750655,86.31285313306799,1845200.0
2017-12-18,86.23139953613281,86.37799642539309,86.19882175923324,86.35356464611232,1610300.0
2017-12-19,85.84041595458984,86.02773026800458,85.71825093382267,86.01959048990555,4535100.0
2017-12-20,85.58797454833984,85.75086337978755,85.5472570006581,85.59612054330563,3027000.0
2017-12-21,85.64833068847656,85.6564894148714,85.54229213848288,85.59939077667714,2098800.0
2017-12-22,85.68095397949219,85.68095397949219,85.60753789312778,85.64016657336924,696900.0
2017-12-26,85.71359252929688,85.8114723580073,85.67280511847744,85.68912257211927,2584800.0
2017-12-27,86.08070373535156,86.11333243807574,85.83599779985333,85.83599779985333,2291500.0
2017-12-28,85.97461700439453,86.03987437332245,85.92567086605598,85.9990869619212,1540500.0
2017-12-29,86.11328887939453,86.17038752445745,86.02356154811201,86.0317202754883,1849600.0
2018-01-02,85.82779693603516,86.03172156048942,85.72175214841612,86.0072516012806,3902000.0
2018-01-03,85.91751861572266,85.98277598484297,85.82779128900353,85.93382984636011,2135900.0
2018-01-04,85.87675476074219,85.88491348994152,85.66467136456795,85.72992875158879,2430000.0
2018-01-05,85.77066040039062,85.90932759017386,85.69724433191057,85.87669891788083,2163600.0
2018-01-08,85.72993469238281,85.82782077969725,85.65652479436254,85.81150332016782,2450600.0
2018-01-09,85.32203674316406,85.58305993740768,85.30572551621052,85.58305993740768,5924200.0
2018-01-10,85.29759979248047,85.33838721057063,85.0202652639834,85.0692051870626,2142500.0
2018-01-11,85.35464477539062,85.42806083713384,85.17519020588759,85.25675876749379,1798700.0
2018-01-12,85.29759979248047,85.33022848229535,85.15893252823193,85.17524376149625,1430700.0
2018-01-16,85.33836364746094,85.45256091863843,85.22416637628345,85.43624346659334,5927500.0
2018-01-17,85.1507568359375,85.34652271253937,85.09365819595841,85.20785547591659,2186100.0
2018-01-18,84.88153076171875,85.00388670475081,84.81627965227919,84.92231815049003,3326100.0
2018-01-19,84.66131591796875,84.83261179113762,84.61237601800144,84.83261179113762,2921600.0
2018-01-22,84.62871551513672,84.79185271838186,84.5634581445245,84.72660157105504,8047400.0
2018-01-23,84.87344360351562,84.92238352909277,84.75108756628617,84.8244974546519,1780100.0
2018-01-24,84.71028900146484,84.79185760779096,84.6124091631878,84.72660645670152,1952200.0
2018-01-25,84.89791870117188,84.90607120707011,84.52269806138399,84.62057791845834,3342000.0
2018-01-26,84.64502716064453,84.80001186078613,84.55530605472012,84.80001186078613,3324500.0
2018-01-29,84.43295288085938,84.46558156742307,84.26980944804085,84.42479415339703,2328200.0
2018-01-30,84.23719787597656,84.40850007106094,84.19641667695063,84.35955391962817,2346900.0
2018-01-31,84.26168060302734,84.41665912861309,84.03327973295056,84.37587792642205,2966400.0
2018-02-01,83.82698059082031,84.2354941475333,83.80247077476508,84.2354941475333,8958300.0
2018-02-02,83.51652526855469,83.6390806009435,83.42665177369778,83.57371692587972,5753500.0
2018-02-05,84.20284271240234,84.40709956449602,83.41032512893095,83.54105250631464,6902000.0
2018-02-06,83.8351821899414,84.18650422202124,83.8351821899414,84.11296851448508,5382900.0
2018-02-07,83.59004211425781,83.96587383902711,83.49200284987934,83.9495360394381,4773700.0
2018-02-08,83.66357421875,83.7697854950928,83.24688866269115,83.36127195519013,5685300.0
2018-02-09,83.51652526855469,83.99856834694802,83.42665177369778,83.42665177369778,4376900.0
2018-02-12,83.4920425415039,83.63093572101722,83.40216901748349,83.51655236925036,2836300.0
2018-02-13,83.63092041015625,83.65543023341553,83.48385523717658,83.55738470695441,2698100.0
2018-02-14,83.12435150146484,83.38579997474423,83.03447800439163,83.38579997474423,4141900.0
2018-02-15,83.14888000488281,83.30411721351251,83.12437017897807,83.14071421853103,3057300.0
2018-02-16,83.34495544433594,83.48384858735777,83.30410158654196,83.41031289001334,2277800.0
2018-02-20,83.25508117675781,83.30410081892005,83.10801601684763,83.18154548009099,2138300.0
2018-02-21,83.00993347167969,83.33674548497156,82.90372221656362,83.33674548497156,2253900.0
2018-02-22,83.12435150146484,83.23056903441864,83.091669663127,83.14069553734541,4411800.0
2018-02-23,83.4429702758789,83.50833393582445,83.32042120525813,83.34493101938229,4484700.0
2018-02-26,83.54105377197266,83.7044567627534,83.5001999075652,83.63092728692942,2725600.0
2018-02-27,83.27954864501953,83.60636063788503,83.12431154588886,83.57367881525644,3308900.0
2018-02-28,83.47567749023438,83.49202152690172,83.31227452410248,83.37763820392468,2521400.0
2018-03-01,83.83490753173828,83.96583864562065,83.49122272250575,83.59760581331997,5352600.0
2018-03-02,83.52396392822266,83.7367238881786,83.47486787713272,83.72853913195036,2140800.0
2018-03-05,83.41757202148438,83.75307204864174,83.31937369387951,83.75307204864174,2059300.0
2018-03-06,83.40936279296875,83.58938988585194,83.40117804061857,83.44209555923268,2331300.0
2018-03-07,83.40936279296875,83.6466706660296,83.40117804061857,83.59757463820212,1258100.0
2018-03-08,83.58123016357422,83.66305898217091,83.48303183537499,83.52394936624266,1636700.0
2018-03-09,83.40118408203125,83.46664961930128,83.27843776043423,83.37663606633929,1604500.0
2018-03-12,83.59758758544922,83.60576609592924,83.41756046468417,83.46665650011545,1885700.0
2018-03-13,83.73670959472656,83.77762088260488,83.57304571379717,83.72852483989541,1742100.0
2018-03-14,83.90039825439453,84.00678137711809,83.67127497951456,83.6876382520884,2598900.0
2018-03-15,83.86760711669922,83.97399016540867,83.78577832447888,83.88397662102528,2758000.0
2018-03-16,83.76946258544922,83.78582585592146,83.66307947638897,83.761277828643,3595300.0
2018-03-19,83.68760681152344,83.84308593669766,83.58122997190556,83.58941472668805,2825000.0
2018-03-20,83.52396392822266,83.5976142479973,83.4994159026777,83.54032719753937,2600600.0
2018-03-21,83.58123016357422,83.64669571570704,83.20481260351852,83.41757252638084,3365600.0
2018-03-22,83.9249267578125,84.09676917398949,83.7858171223082,83.8921939771398,5026500.0
2018-03-23,84.03948211669922,84.08039965028102,83.84309169041255,83.84309169041255,2519000.0
2018-03-26,83.81033325195312,83.99854510840986,83.78578523657555,83.89216205092411,4184900.0
2018-03-27,84.28498840332031,84.32590594349058,83.89220124436204,83.9003860010241,3495900.0
2018-03-28,84.26860046386719,84.49772363820965,84.19495016174952,84.45680611001781,2762500.0
2018-03-29,84.44044494628906,84.53863702737219,84.29315058152595,84.29315058152595,2572100.0
2018-04-02,84.52650451660156,84.70683121165672,84.33797291001832,84.3789599451975,2748800.0
2018-04-03,84.25599670410156,84.42813097797644,84.22320832997164,84.39534260384652,4229600.0
2018-04-04,84.20684051513672,84.42815428442884,84.1658534727241,84.42815428442884,2216900.0
2018-04-05,83.9936752319336,84.1084313861906,83.96088686589711,84.07564302015412,1789300.0
2018-04-06,84.36260223388672,84.39539062667394,84.14948706138942,84.26424330927149,2651200.0
2018-04-09,84.37895202636719,84.37895202636719,84.14124100287258,84.21501015477972,2071100.0
2018-04-10,84.23138427734375,84.32155071845555,84.16580754676403,84.27236504365014,1622400.0
2018-04-11,84.31338500976562,84.42814120625133,84.23141719138208,84.39535282814917,2520600.0
2018-04-12,84.01008605957031,84.20681630208902,83.98549634269118,84.19861764521504,2188600.0
2018-04-13,84.08385467529297,84.12483544886858,83.93631013218761,83.93631013218761,2937700.0
2018-04-16,84.04288482666016,84.05928214243595,83.86255187558817,83.87894919136397,1637400.0
2018-04-17,84.09205627441406,84.14944062043192,83.96910768649873,84.0018960611905,1301800.0
2018-04-18,83.76417541503906,84.01827747253895,83.76417541503906,83.91991235976046,2127600.0
2018-04-19,83.53465270996094,83.62481290164578,83.43628760938448,83.56743482307823,3181500.0
2018-04-20,83.25601196289062,83.47732577417956,83.25601196289062,83.42814631694776,2309400.0
2018-04-23,83.17402648925781,83.22320593606706,83.0674626828451,83.18222514830752,5022800.0
2018-04-24,83.07566833496094,83.15763617112432,83.0018991585374,83.05927726922627,3178800.0
2018-04-25,82.89531707763672,82.9936822116056,82.83793897959079,82.94450277149299,3295800.0
2018-04-26,83.1330337524414,83.16582213264945,83.0428672703053,83.09205296748941,1989500.0
2018-04-27,83.27239990234375,83.32158561147358,83.19863071926741,83.20682937974665,2409300.0
2018-04-30,83.36254119873047,83.45270767550022,83.29697069596095,83.3133617582174,3504400.0
2018-05-01,83.23198699951172,83.35517323769453,83.19913691829548,83.35517323769453,1894000.0
2018-05-02,83.2484130859375,83.36338523455595,83.19092701162828,83.26483499337778,3852600.0
2018-05-03,83.46192932128906,83.5769014700605,83.40444324690334,83.42087141987766,6026900.0
2018-05-04,83.47015380859375,83.593340059202,83.3469675579855,83.56048997467228,2370500.0
2018-05-07,83.42906951904297,83.48656185224144,83.38801162241596,83.46191959565147,1854900.0
2018-05-08,83.28945922851562,83.37158128514737,83.20733717188386,83.29767331383219,1654600.0
2018-05-09,83.1005859375,83.19092208685419,83.07594994504191,83.1005859375,2838400.0
2018-05-10,83.2730484008789,83.33874856112867,83.19092633332278,83.29768439459453,4183700.0
2018-05-11,83.28124237060547,83.33051434613502,83.19090623846088,83.33051434613502,2816300.0
2018-05-14,83.1005859375,83.17449391487426,83.09237185151004,83.14985792241617,4762000.0
2018-05-15,82.64070892333984,82.78032335322503,82.52573675673781,82.78032335322503,6812500.0
2018-05-16,82.46820831298828,82.69815252807966,82.46820831298828,82.53390845030295,4784200.0
2018-05-17,82.41893005371094,82.5503240528042,82.3942940704753,82.5010520863329,1702300.0
2018-05-18,82.7392349243164,82.78850690541192,82.57499081032378,82.57499081032378,2642300.0
2018-05-21,82.7967529296875,82.80496701820913,82.64893066386703,82.69820266396928,2845100.0
2018-05-22,82.76386260986328,82.80492676699649,82.68995464563635,82.79671268246771,1977000.0
2018-05-23,83.14161682128906,83.19089505570511,83.00200873238146,83.01843063351362,5102500.0
2018-05-24,83.3552017211914,83.47017391197949,83.29771562579738,83.33056571823889,2994100.0
2018-05-25,83.68365478515625,83.69186887056244,83.56868265151505,83.60974054752327,2838400.0
2018-05-29,84.5870361328125,84.75128029870973,83.96289702447909,84.05323319537656,11256200.0
2018-05-30,84.22566986083984,84.35707017228827,84.0778476432162,84.23388394668329,4512200.0
2018-05-31,84.18464660644531,84.37352679999108,84.04503215169906,84.23391861075912,5321700.0
2018-06-01,83.87354278564453,84.00519621501041,83.74188307839827,83.8077129320214,7891000.0
2018-06-04,83.57734680175781,83.79129076921102,83.57734680175781,83.78306046487899,3131800.0
2018-06-05,83.79129028320312,83.90648943165218,83.70077576972419,83.79951430960466,4305500.0
2018-06-06,83.45394134521484,83.59382516966852,83.40457206079228,83.56914052745724,3910500.0
2018-06-07,83.8077392578125,84.03813753998607,83.4292268974013,83.45391153079385,4400400.0
2018-06-08,83.6925048828125,83.81593427569474,83.66782025981199,83.71718950581301,7342800.0
2018-06-11,83.61029052734375,83.6349751709557,83.52800628934223,83.54446062578856,1875800.0
2018-06-12,83.5608901977539,83.60202916252932,83.47859971243787,83.49506032065412,1664800.0
2018-06-13,83.46214294433594,83.64317196213153,83.23997496296654,83.58557239082225,3294700.0
2018-06-14,83.72544860839844,83.73367891152314,83.55264991007091,83.61847977930478,3626400.0
2018-06-15,83.79129028320312,84.01345827581694,83.76660564823301,83.90648943165218,5826500.0
2018-06-18,83.8324203491211,83.91471082746244,83.76659675548292,83.89825022064134,4600500.0
2018-06-19,84.05457305908203,84.16154186448271,84.00519752915208,84.07925768510677,4172800.0
2018-06-20,83.7830581665039,84.03814109285412,83.77482786239766,84.02168676252424,3059000.0
2018-06-21,84.00523376464844,84.07106364769697,83.91472552281067,83.91472552281067,2680500.0
2018-06-22,84.02164459228516,84.06278981428312,83.88998490419526,83.89821520417074,2309500.0
2018-06-25,84.1368637084961,84.26029312599184,84.1039487786385,84.11217908057313,8110800.0
2018-06-26,84.17801666259766,84.2273859229726,84.1039564941537,84.15332575452865,3873200.0
2018-06-27,84.49893188476562,84.53184681860645,84.32613319051258,84.39195678031251,3044200.0
2018-06-28,84.41667938232422,84.51542422826269,84.35085576291644,84.4907395862492,3705600.0
2018-06-29,84.3508529663086,84.49073678500359,84.34262265994879,84.40845255505855,2721200.0
2018-07-02,84.29310607910156,84.45798005439423,84.26837561176157,84.43324958705423,3911500.0
2018-07-03,84.50749969482422,84.50749969482422,84.31788884504545,84.32613443578616,1463800.0
2018-07-05,84.51567840576172,84.61460655509873,84.46621747586241,84.48270864552111,1682300.0
2018-07-06,84.58989715576172,84.67233415596951,84.51569945289674,84.61462762687006,3206500.0
2018-07-09,84.37554168701172,84.44973937735742,84.35905680556762,84.39203285799472,2258800.0
2018-07-10,84.30958557128906,84.38378325810494,84.26012463977086,84.2931006906292,4461100.0
2018-07-11,84.4826889038086,84.50741936297929,84.35078473551563,84.46619773800352,2198700.0
2018-07-12,84.44972229003906,84.48269833579387,84.35903973659771,84.37552461470631,1385900.0
2018-07-13,84.58989715576172,84.61462762687006,84.4827296844456,84.54043621354504,2891800.0
2018-07-16,84.44972229003906,84.48269833579387,84.30133322891119,84.40850066046113,1782600.0
2018-07-17,84.40029907226562,84.49922726109871,84.37556859744258,84.49922726109871,1034700.0
2018-07-18,84.33431243896484,84.45796475326293,84.30957568656737,84.4414798745358,1355300.0
2018-07-19,84.56517028808594,84.63936170457235,84.37555951894251,84.39205069341075,4201700.0
2018-07-20,84.26839447021484,84.46624454275079,84.23541840986879,84.46624454275079,3362700.0
2018-07-23,83.85620880126953,84.17771754938457,83.83971762521496,84.16947196135727,5285700.0
2018-07-24,83.91390991210938,83.95512527049897,83.78200567036568,83.83971220374343,3293800.0
2018-07-25,83.85620880126953,84.07055006319317,83.80674785218748,84.01284352608383,2403800.0
2018-07-26,83.7655258178711,83.97986707881284,83.74903464189207,83.93864542840608,2598200.0
2018-07-27,83.89741516113281,83.95512169205094,83.82322374546959,83.95512169205094,1435100.0
2018-07-30,83.79024505615234,83.88917323013798,83.72429294016192,83.7325385270457,3832700.0
2018-07-31,83.90564727783203,83.9468689173872,83.84794075617828,83.92213844946976,3053600.0
2018-08-01,83.70742797851562,83.76525443659513,83.58353214527206,83.64135230142719,5366800.0
2018-08-02,83.80654907226562,83.82307271761138,83.69090876254228,83.76525256274971,3370800.0
2018-08-03,84.02127075195312,84.04604990578014,83.86432770848728,83.87258952706999,2174800.0
2018-08-06,84.06259155273438,84.21127282061757,84.0543360336852,84.07911519467858,3867200.0
2018-08-07,83.88915252685547,84.01305466535696,83.87263518262006,84.01305466535696,2181400.0
2018-08-08,83.9635009765625,84.01305931393543,83.90568081565246,83.91393633726469,2777900.0
2018-08-09,84.19474029541016,84.19474029541016,84.07910003034908,84.09561736739131,4318000.0
2018-08-10,84.55823516845703,84.66561367808725,84.39303018988103,84.41780936118604,4327800.0
2018-08-13,84.53341674804688,84.63253969655896,84.442561922648,84.50863758639963,1764700.0
2018-08-14,84.45079803466797,84.52514180444823,84.40950154205375,84.51687998515672,2487600.0
2018-08-15,84.65729522705078,84.81423827623857,84.60773691758995,84.63251607232037,4810700.0
2018-08-16,84.63253784179688,84.68209616400527,84.4838565732487,84.67384064491918,2594400.0
2018-08-17,84.66559600830078,84.78123631820696,84.58299668721412,84.70689881980624,3043400.0
2018-08-20,84.92991638183594,84.96295737017495,84.81427607361145,84.83079341681889,2901100.0
2018-08-21,84.81425476074219,84.85555756126806,84.7564346211595,84.85555756126806,2516700.0
2018-08-22,84.97120666503906,85.0455441513988,84.88860105540837,85.0455441513988,2396500.0
2018-08-23,84.96294403076172,85.03728151641019,84.93816486887889,85.00424683518187,871000.0
2018-08-24,84.98767852783203,85.00420216168546,84.78117721810322,84.81421818389022,1296600.0
2018-08-27,84.79773712158203,84.89685375941725,84.78121348066114,84.87207459995845,1851900.0
2018-08-28,84.60774993896484,84.68208741459685,84.5747089602654,84.64905273781972,1506300.0
2018-08-29,84.58296966552734,84.64078980200865,84.50037037082865,84.63252798196213,1420400.0
2018-08-30,84.73992156982422,84.81426535967675,84.67384590341717,84.69862506606023,2780900.0
2018-08-31,84.7564468383789,84.93816910381102,84.74818501669832,84.92990728213043,2132200.0
2018-09-04,84.562744140625,84.68689546568058,84.52136457533894,84.63723746149783,3419500.0
2018-09-05,84.55448913574219,84.6124255905518,84.46344523324137,84.54621069516939,1332300.0
2018-09-06,84.72832489013672,84.79453349154085,84.59589505812455,84.6041735012758,1656700.0
2018-09-07,84.34759521484375,84.45518971309042,84.31448775816747,84.43036069923363,4405000.0
2018-09-10,84.39720916748047,84.43031660686692,84.33099428870754,84.33099428870754,3110800.0
2018-09-11,84.09097290039062,84.25651010285709,84.09097290039062,84.23167478653816,3360500.0
2018-09-12,84.19031524658203,84.26480226945976,84.19031524658203,84.22342269494995,1398800.0
2018-09-13,84.18202209472656,84.30617342576033,84.16547153073493,84.30617342576033,1281600.0
2018-09-14,84.02479553222656,84.10756732771252,83.97513750661612,84.0165234043591,3749900.0
2018-09-17,84.04134368896484,84.07445114080053,83.90891388162208,83.93374920644942,3808400.0
2018-09-18,83.69371032714844,83.94200670073207,83.66887500665037,83.93373457516572,4972900.0
2018-09-19,83.55298614501953,83.65230846424332,83.42884113923789,83.64403002565838,5515900.0
2018-09-20,83.56134033203125,83.64410584911218,83.4289167676226,83.45374579128647,2973500.0
2018-09-21,83.59442138671875,83.64407941835499,83.51165589579095,83.51165589579095,1024100.0
2018-09-24,83.50335693359375,83.6026792870626,83.46197104099824,83.47024948243747,2389800.0
2018-09-25,83.4206314086914,83.43718198489441,83.32958745306568,83.40407451788472,2878300.0
2018-09-26,83.69371032714844,83.71026089288081,83.46195820469751,83.50334409092795,2502900.0
2018-09-27,83.69371032714844,83.71853933304683,83.58610954878915,83.63577387518562,6342800.0
2018-09-28,83.73509216308594,83.84269294435488,83.70198471612626,83.83441450396501,3931000.0
2018-10-01,83.52278900146484,83.67207038013694,83.52278900146484,83.62231202969922,6408000.0
2018-10-02,83.73843383789062,83.79648736609548,83.6472059610887,83.6472059610887,2915000.0
2018-10-03,83.11640930175781,83.5891325841349,83.00859111257944,83.58083741711536,6612700.0
2018-10-04,82.90078735351562,83.04177356983514,82.83443866559145,82.91737768917623,6427500.0
2018-10-05,82.70172119140625,82.85929769303594,82.6021981913206,82.78465386113241,5676600.0
2018-10-08,82.73489379882812,82.81782646682423,82.71830346881472,82.78465213415438,1947800.0
2018-10-09,82.8924789428711,82.8924789428711,82.73490874342335,82.75978791558046,3066300.0
2018-10-10,82.93395233154297,82.95883150486509,82.66026877028285,82.69344311049848,3001900.0
2018-10-11,83.27399444580078,83.39010148664137,83.00859969261182,83.11641789293463,5821500.0
2018-10-12,83.17448425292969,83.37352402118783,83.13301473450251,83.17448425292969,2647900.0
2018-10-15,83.22423553466797,83.29887939601616,83.14959800067938,83.2574098811161,1860000.0
2018-10-16,83.2159194946289,83.22421466100032,83.09981247486134,83.15786598474513,2703900.0
2018-10-17,82.97543334960938,83.28228496629539,82.97543334960938,83.19935226793051,3336200.0
2018-10-18,83.12469482421875,83.26568101040027,82.89247446612487,82.9339439690525,2587700.0
2018-10-19,83.02519226074219,83.13300413660467,82.95884357066097,83.11642012776403,5531900.0
2018-10-22,83.04177856445312,83.14959677065451,83.03348972348343,83.11642242469713,1690100.0
2018-10-23,83.25741577148438,83.58915293207612,83.21594625365039,83.47304587497301,4420100.0
2018-10-24,83.70525360107422,83.73013277893189,83.43156998992065,83.48962351404174,4881200.0
2018-10-25,83.50621795654297,83.61402984168014,83.43157409194042,83.55597631470475,3559900.0
2018-10-26,83.87943267822266,84.01213009255096,83.79649995794796,83.82137914129427,4220800.0
2018-10-29,83.87107849121094,83.96230631752796,83.63886450689722,83.77156182785164,3766900.0
2018-10-30,83.6886978149414,83.81309374618128,83.6555234574902,83.71357700118938,5746600.0
2018-10-31,83.48133087158203,83.54767323372833,83.39010300535166,83.43986135880121,3956700.0
2018-11-01,83.55278015136719,83.58602582670284,83.38655811565316,83.41149078691384,4834300.0
2018-11-02,83.08735656738281,83.37824831152852,83.05411089077124,83.35331563931095,5250900.0
2018-11-05,83.13725280761719,83.27854222999957,83.13725280761719,83.24530288199992,2446700.0
2018-11-06,83.0457992553711,83.19540163210712,83.03749259180461,83.19540163210712,2456700.0
2018-11-07,83.0457992553711,83.25357998189533,83.03749259180461,83.18708862757607,3297600.0
2018-11-08,82.92945861816406,83.12892637879159,82.90452594070635,83.11230670747504,2188900.0
2018-11-09,83.2535629272461,83.29512160042339,83.04578224328613,83.05409524611424,2772700.0
2018-11-12,83.50292205810547,83.53616773632733,83.38656535481137,83.42811769686512,3704900.0
2018-11-13,83.56939697265625,83.59432964117606,83.40316861425165,83.46134695445238,3265000.0
2018-11-14,83.74396514892578,83.91018723217704,83.43644731984834,83.46969300469179,4626400.0
2018-11-15,83.80211639404297,83.99327109382821,83.70237937178722,83.95171875694463,2621300.0
2018-11-16,84.05980682373047,84.09305251536871,83.92683039814479,83.99331544045397,7226700.0
2018-11-19,84.18444061279297,84.20937328562688,83.99327955279192,83.99327955279192,3447800.0
2018-11-20,84.16781616210938,84.29248586955205,84.13457682502506,84.20937484491184,3658600.0
2018-11-21,84.1512451171875,84.1512451171875,84.0016426500071,84.0930667322267,1897000.0
2018-11-23,84.20108795166016,84.3340707050954,84.20108795166016,84.32575769776402,531200.0
2018-11-26,84.13456726074219,84.13456726074219,84.0514499045859,84.10132158647247,2345600.0
2018-11-27,84.21771240234375,84.27589077064958,84.10135566573209,84.10966233194252,2334400.0
2018-11-28,84.20936584472656,84.32572253497975,84.08469615060842,84.15118749959997,3582500.0
2018-11-29,84.42547607421875,84.55014579272543,84.32573903122034,84.43378273874465,4313000.0
2018-11-30,84.5916748046875,84.62492047651656,84.49194413016384,84.55012247062382,3069700.0
2018-12-03,84.77658081054688,84.77658081054688,84.46009719160175,84.48508190438694,6008500.0
2018-12-04,85.16802978515625,85.33459878270173,84.9015155765635,84.92650029077534,7748800.0
2018-12-06,85.38459777832031,85.75938768388077,85.36794341447863,85.49287338299878,9429900.0
2018-12-07,85.63442993164062,85.66774500271721,85.25131614556001,85.35958536090885,7319100.0
2018-12-10,85.68441009521484,85.81767039621529,85.54282579105254,85.65109501996473,9045700.0
2018-12-11,85.46784973144531,85.65940342228593,85.36790453131155,85.48450408770131,5290100.0
2018-12-12,85.23467254638672,85.36793285744915,85.20968782661286,85.3262874216918,3727200.0
2018-12-13,85.28462982177734,85.36791432100662,85.2346540388798,85.33459925047492,4116000.0
2018-12-14,85.41793060302734,85.55119095824996,85.38461551422168,85.42626096377963,3530000.0
2018-12-17,85.66777038574219,85.7260701888502,85.49287097641816,85.50120133520558,7627000.0
2018-12-18,85.87891387939453,85.9206393653793,85.69530391237842,85.75372468666656,4461400.0
2018-12-19,86.17935180664062,86.36296174470601,85.7787477265538,85.97070530745465,7710900.0
2018-12-20,86.07083892822266,86.35460143653773,86.03745472916295,86.33790615331543,9245200.0
2018-12-21,86.14604187011719,86.15438952014925,86.01250493916933,86.12934657005304,4918800.0
2018-12-24,86.36298370361328,86.3713249811838,86.17937371886268,86.2795199888085,6373000.0
2018-12-26,85.95401000976562,86.47980326276769,85.92062580581424,86.35461408979644,5477700.0
2018-12-27,86.17098999023438,86.48813032457429,86.15430107469429,86.3212156996343,4602100.0
2018-12-28,86.63839721679688,86.6467448622273,86.28787251737307,86.31290908627652,4543100.0
2018-12-31,86.96385955810547,87.34777472540055,86.48814578785,86.53822527819358,7227500.0
2019-01-02,87.1474380493164,87.15578568925885,86.94713926238305,87.05563311210035,18668600.0
2019-01-03,87.8402099609375,87.89863074849627,87.16419708098765,87.18088600569519,10616700.0
2019-01-04,87.13081359863281,87.28938067054992,87.0223133012603,87.25600282085352,6616700.0
2019-01-07,86.88876342773438,87.27267228753074,86.8553792180929,87.23094043363218,5459200.0
2019-01-08,86.6717529296875,86.87205178243586,86.6717529296875,86.79694210042487,6879500.0
2019-01-09,86.72187042236328,86.78863249094593,86.6050224757195,86.66344326534713,3248700.0
2019-01-10,86.68011474609375,86.91379784040909,86.62169397251492,86.85537706683026,14413000.0
2019-01-11,86.93882751464844,87.01394357037447,86.85537018291994,86.91379095186852,3825700.0
2019-01-14,86.88876342773438,87.03898918742746,86.83869029696565,86.97222076814455,3090100.0
2019-01-15,86.8053207397461,87.03900387929423,86.77193652446951,87.03900387929423,4148000.0
2019-01-16,86.75523376464844,86.79696562199861,86.6383922049329,86.70516062973819,4820800.0
2019-01-17,86.59664916992188,86.75521618747342,86.5298807586443,86.71349070596456,5328100.0
2019-01-18,86.32124328613281,86.56327402681323,86.25447486786508,86.4714690435418,6617500.0
2019-01-22,86.6216812133789,86.72183382507046,86.52152860168735,86.56326044840529,5814400.0
2019-01-23,86.5799560546875,86.67176103064995,86.44642559616979,86.47146215918022,3507300.0
2019-01-24,86.85537719726562,86.94718217979691,86.78026750286008,86.84702955320274,6030700.0
2019-01-25,86.65505981445312,86.74686477738813,86.57160249379915,86.70513293336843,2763300.0
2019-01-28,86.68011474609375,86.78026737253751,86.62169397251492,86.62169397251492,3116100.0
2019-01-29,86.93053436279297,86.93053436279297,86.73857666290334,86.74692431091327,2836700.0
2019-01-30,87.13081359863281,87.15585016959928,86.76359357808896,86.83870965837671,5788300.0
2019-01-31,87.5313720703125,87.57310391473169,87.30603666565113,87.33107322534846,10206500.0
2019-02-01,87.06304931640625,87.38922161796273,87.05468412435374,87.37249761462967,9191900.0
2019-02-04,86.87067413330078,86.95430689184026,86.8204893735607,86.95430689184026,7283500.0
2019-02-05,87.021240234375,87.12996221311312,86.9710554604578,86.97942065290604,3331100.0
2019-02-06,87.08810424804688,87.22192174515041,87.03792587701777,87.21355655638907,3489800.0
2019-02-07,87.37249755859375,87.43940633342703,87.27213439634383,87.33067797912996,6937400.0
2019-02-08,87.48954010009766,87.58990321115733,87.47280972453669,87.50626409488991,2602700.0
2019-02-11,87.35572814941406,87.43100208266681,87.28882578524055,87.35572814941406,2637200.0
2019-02-12,87.2386703491211,87.30557911654567,87.1634027713469,87.29721392542478,3305300.0
2019-02-13,87.021240234375,87.12159702066488,86.97942065290604,87.03796423849923,3772100.0
2019-02-14,87.43099975585938,87.49790849902136,87.32227783379787,87.48954331093388,10568700.0
2019-02-15,87.34741973876953,87.37250893740648,87.26378056894934,87.27214576208593,6879000.0
2019-02-19,87.49788665771484,87.56478900340765,87.43934311725404,87.50624546294685,8557400.0
2019-02-20,87.4812240600586,87.56485684254297,87.41431528176219,87.49795444501885,4751100.0
2019-02-21,87.2219467163086,87.26375991054724,87.16340313975746,87.23031190746484,4140200.0
2019-02-22,87.4812240600586,87.58158722750322,87.36413688842602,87.39759127757424,3351000.0
2019-02-25,87.34741973876953,87.39759813604341,87.2805109552225,87.33905454563296,2849600.0
2019-02-26,87.60668182373047,87.64013621494061,87.48122945188562,87.60668182373047,2647700.0
2019-02-27,87.29719543457031,87.46446731770106,87.23029306208792,87.45610212835204,2530600.0
2019-02-28,87.0714340209961,87.27215400983366,87.0296144321338,87.26378881590652,4949900.0
2019-03-01,86.78565979003906,87.02028254637088,86.78565979003906,86.92810840738471,9003000.0
2019-03-04,87.05378723144531,87.10406170185547,86.86106416621328,86.91971984602168,3506600.0
2019-03-05,87.10407257080078,87.11245378124482,86.89458706063243,86.95324274775996,2112200.0
2019-03-06,87.34708404541016,87.38898370824519,87.13759851721693,87.13759851721693,2401600.0
2019-03-07,87.6403579711914,87.70739487106214,87.50629056444058,87.51467177517209,4822900.0
2019-03-08,87.76605987548828,87.84147799409523,87.63199245450785,87.7241666033656,5212000.0
2019-03-11,87.69905090332031,87.75770661309294,87.62363276618815,87.75770661309294,4654100.0
2019-03-12,87.9420166015625,87.9839162617405,87.7325310866536,87.76604953619788,4942800.0
2019-03-13,87.90849304199219,87.9336302776135,87.81631891605421,87.84983096822282,1715000.0
2019-03-14,87.7828369140625,87.90852953734029,87.69066274985829,87.86662986525023,2514700.0
2019-03-15,88.0593490600586,88.12638597519594,87.95880008034464,88.0509742404105,7846600.0
2019-03-18,87.9420166015625,88.0509531608291,87.93364178391934,87.97553505110679,4166200.0
2019-03-19,87.88337707519531,87.97555123014565,87.7744468888866,87.79958413242002,2138000.0
2019-03-20,88.49504089355469,88.52017812663196,87.9922770530419,88.0090330774304,8061700.0
2019-03-21,88.45316314697266,88.61237418654,88.38613263983068,88.59561815800217,4633500.0
2019-03-22,89.10672760009766,89.24918256422019,88.8553488968592,88.89724215090466,4721900.0
2019-03-25,89.33300018310547,89.54248569026161,89.03134054136139,89.10675225530224,7828800.0
2019-03-26,89.25757598876953,89.40003098259288,89.10674617818415,89.14864583395395,7483700.0
2019-03-27,89.51732635498047,89.72681181042525,89.45028947492084,89.50056393847119,3555900.0
2019-03-28,89.52574920654297,89.58441130281268,89.37492573496549,89.49223714152055,3769600.0
2019-03-29,89.38328552246094,89.3916667338031,89.19056241252883,89.21569965356423,2748900.0
2019-04-01,88.76863098144531,89.1128873767507,88.73504389793824,89.08769866564069,9430400.0
2019-04-02,88.91974639892578,88.93653673324754,88.80219484043499,88.85257224947976,7318600.0
2019-04-03,88.64273071289062,88.74349201989857,88.60074523344946,88.64273071289062,5207300.0
2019-04-04,88.73504638671875,88.76863347116783,88.62589316682019,88.68466896308577,2293700.0
2019-04-05,88.77704620361328,88.83582200938594,88.65948818598561,88.66788655997667,1749900.0
2019-04-08,88.63431549072266,88.80225097048621,88.63431549072266,88.76026549902444,3591500.0
2019-04-09,88.79385375976562,88.90300701848115,88.76866503899156,88.852629576933,3210600.0
2019-04-10,89.00374603271484,89.0625218351724,88.92817988930454,88.9365718567399,2059800.0
2019-04-11,88.80220031738281,88.89456317704776,88.7686132405883,88.86097610025324,1547500.0
2019-04-12,88.3907699584961,88.54190861219243,88.3907699584961,88.49153119632044,6032100.0
2019-04-15,88.50835418701172,88.51674615475886,88.40759291930563,88.40759291930563,2410700.0
2019-04-16,88.20606994628906,88.37399897335442,88.18927319993348,88.32362154645116,5003600.0
2019-04-17,88.2228775024414,88.31524040717565,88.1641016908908,88.1641016908908,2348800.0
2019-04-18,88.43275451660156,88.55030608983672,88.40756580891977,88.44115288785558,4893200.0
2019-04-22,88.30684661865234,88.3908111529307,88.26486755455484,88.3824191837612,3630000.0
2019-04-23,88.46633911132812,88.49152781830259,88.39916495534283,88.43275203333548,2462100.0
2019-04-24,88.80220031738281,88.81059228202153,88.70143908699926,88.71823582843645,3266700.0
2019-04-25,88.69307708740234,88.82742544967378,88.65948999683448,88.77704801686325,1457600.0
2019-04-26,88.92816162109375,88.99532937718864,88.87777779642173,88.97853903968509,2156100.0
2019-04-29,88.74346923828125,88.8106370196256,88.67629505085378,88.76865795704576,2715000.0
2019-04-30,88.91974639892578,88.94493510344816,88.6846432819442,88.69303524606535,3621900.0
2019-05-01,88.87943267822266,89.27486473137978,88.80371492452092,88.92991118069048,6870700.0
2019-05-02,88.62700653076172,88.82051810970334,88.56811281872439,88.78686364297727,3126200.0
2019-05-03,88.74480438232422,88.86259181171927,88.70273469228306,88.72797393873437,2625200.0
2019-05-06,88.97196960449219,89.11499628931698,88.95514557877969,89.08134181895811,3370100.0
2019-05-07,89.27485656738281,89.34216551047444,89.14865390381952,89.19072359798533,3965800.0
2019-05-08,89.10653686523438,89.39259007237948,89.06446719645174,89.35893562113942,4226600.0
2019-05-09,89.34217834472656,89.54409878407378,89.22439088686276,89.43472655003883,4224100.0
2019-05-10,89.28324890136719,89.53564774485473,89.22435519599351,89.38420587118921,2855400.0
2019-05-13,89.72915649414062,89.80487421913783,89.61977788834609,89.66184757041049,5653400.0
2019-05-14,89.64503479003906,89.70392850095487,89.55248661303806,89.66185881361513,2573200.0
2019-05-15,89.93109130859375,89.99840024314811,89.80488866103764,89.97316099742355,5512300.0
2019-05-16,89.75442504882812,89.78807952168445,89.64505282624583,89.72918579891946,3898400.0
2019-05-17,89.7964859008789,89.94792780435019,89.70393771437236,89.94792780435019,2128400.0
2019-05-20,89.64503479003906,89.8890184360238,89.62820434752993,89.81330070153193,2439600.0
2019-05-21,89.54405212402344,89.61976984222265,89.46832798689253,89.5861218023108,2675300.0
2019-05-22,89.81328582763672,89.85535550800934,89.66184396480004,89.68708320545082,3561900.0
2019-05-23,90.36015319824219,90.4947646118532,90.03203025508411,90.03203025508411,6184500.0
2019-05-24,90.33494567871094,90.33494567871094,90.21715824334322,90.30129120875819,2422800.0
2019-05-28,90.73040008544922,90.73040008544922,90.46958588411526,90.54531007030192,7039000.0
2019-05-29,90.69671630859375,91.06690261204979,90.6798858654306,90.94069996405948,5251800.0
2019-05-30,91.02481842041016,91.06688168078335,90.62938654309744,90.74717394243334,3461100.0
2019-05-31,91.630615234375,91.66426328588882,91.27724650414076,91.33614022269082,6020600.0
2019-06-03,92.07150268554688,92.1726575164469,91.69215277513382,91.78488232446728,23830900.0
2019-06-04,91.73429107666016,91.87759801983478,91.54883200595809,91.68371366883657,5503200.0
2019-06-05,91.73429107666016,91.9956162590976,91.68371366883657,91.85230931592298,7712300.0
2019-06-06,91.71745300292969,91.97034652572314,91.65844387112658,91.81018255740786,2392400.0
2019-06-07,92.0799331665039,92.24009712379002,92.0040606128315,92.2232401293698,2805900.0
2019-06-10,91.62466430664062,91.78482817157348,91.6162325985361,91.76797118687328,6071200.0
2019-06-11,91.62466430664062,91.69209867695027,91.53193481201741,91.56565521292666,2735800.0
2019-06-12,91.8607177734375,91.87757476127418,91.68369045935725,91.69211573752057,2062800.0
2019-06-13,92.08831024169922,92.16418275565401,91.92814636825547,91.94500335385143,1684700.0
2019-06-14,92.15575408935547,92.20633147932219,92.01244719677682,92.02087890560773,3880700.0
2019-06-17,92.13890075683594,92.20633513562912,92.02930783221642,92.13890075683594,3038800.0
2019-06-18,92.31594848632812,92.56041665413535,92.23165067055244,92.51826453049198,4564900.0
2019-06-19,92.5688705444336,92.64474310413982,92.06307706194,92.12208619437239,4541500.0
2019-06-20,92.72057342529297,92.96504157425011,92.70371643604204,92.76272554568614,4575000.0
2019-06-21,92.34124755859375,92.53513191350152,92.26537501381677,92.50141792861375,4305200.0
2019-06-24,92.66155242919922,92.67841584779752,92.48452512297567,92.50981381936334,3046300.0
2019-06-25,92.80489349365234,92.92291817275913,92.68687524605768,92.7543160822581,5251000.0
2019-06-26,92.42554473876953,92.68686992465257,92.3918243226053,92.68686992465257,6675000.0
2019-06-27,92.7037353515625,92.7543127611458,92.45926715272341,92.53513326709836,2538400.0
2019-06-28,92.74584197998047,92.82171449390611,92.56881468949956,92.61939850928638,4341500.0
2019-07-01,92.62934875488281,92.78135268115695,92.46889837638363,92.73912686278706,8183600.0
2019-07-02,92.95868682861328,93.01779910696563,92.71379126322357,92.73067772442917,3117100.0
2019-07-03,93.1360092163086,93.22890084541784,93.06000404578552,93.06845049645567,2607000.0
2019-07-05,92.54493713378906,92.59560942629425,92.33382083616539,92.59560942629425,3664100.0
2019-07-08,92.4520034790039,92.73911840090459,92.4520034790039,92.68000612623358,3254100.0
2019-07-09,92.39288330078125,92.46888202910509,92.33376458841269,92.46043557837326,2061800.0
2019-07-10,92.44355773925781,92.57022874102941,92.33377319777021,92.47733710258056,4343700.0
2019-07-11,91.9875259399414,92.38442531899318,91.94530013430695,92.32531305675695,4769800.0
2019-07-12,92.0888900756836,92.19022172948515,91.95377261360792,91.97910552705831,4141900.0
2019-07-15,92.28314208984375,92.28314208984375,92.10580519775368,92.16491749511704,1753200.0
2019-07-16,92.08043670654297,92.11421606952439,91.90309988295658,91.98754506903276,2766100.0
2019-07-17,92.51111602783203,92.51955603655666,92.23244111380511,92.2408875652845,2624400.0
2019-07-18,92.73912048339844,92.79823275939684,92.38444682740806,92.40977973958525,2386700.0
2019-07-19,92.57020568847656,92.66309730379281,92.4773140731603,92.54486634022862,1728100.0
2019-07-22,92.61241149902344,92.72219599710802,92.57863214905528,92.71374954892791,1629800.0
2019-07-23,92.46043395996094,92.60399784887223,92.40132169138126,92.51110622071072,2329800.0
2019-07-24,92.59558868408203,92.68003389566343,92.51958348372912,92.58714223009689,2268500.0
2019-07-25,92.43512725830078,92.49423954364006,92.24090393908139,92.48579309066135,3172000.0
2019-07-26,92.41824340820312,92.47735569521379,92.3169052978608,92.46890924199624,3004100.0
2019-07-29,92.5026626586914,92.60400074060135,92.48576975699594,92.5702213799647,2505600.0
2019-07-30,92.54493713378906,92.61249589529058,92.42671252254046,92.57871651453982,2514800.0
2019-07-31,92.7813491821289,92.88268083398664,92.37600324643277,92.51956071506794,6669300.0
2019-08-01,93.83370208740234,93.83370208740234,92.87777144020467,92.92006548677168,16938700.0
2019-08-02,94.02828979492188,94.07058384798404,93.76603826767106,93.85063928209786,8503000.0
2019-08-05,94.84039306640625,94.91652622146482,94.54430892870603,94.59506436541174,7626200.0
2019-08-06,94.99269104003906,95.0011524331189,94.56971174417328,94.64584491943623,6462400.0
2019-08-07,94.99269104003906,95.821726845611,94.89117368553661,95.65253770892542,9665300.0
2019-08-08,95.00113677978516,95.09419272587496,94.45972388661767,94.73888527073628,5178800.0
2019-08-09,94.85733032226562,95.2549318752501,94.79811348166058,95.06881996073383,2869000.0
2019-08-12,95.45800018310547,95.57644036817442,95.1788386483233,95.20421638292584,4739900.0
2019-08-13,95.11956787109375,95.50024658267962,94.87423915205927,95.47486886246065,5888000.0
2019-08-14,95.75403594970703,95.83863050116368,95.59330178403401,95.66943494409982,8124300.0
2019-08-15,96.36314392089844,96.58308850236989,95.83018589050971,95.88094133944132,5240200.0
2019-08-16,96.10933685302734,96.16009229302618,95.73711308196776,96.02474230164577,4957800.0
2019-08-19,95.65255737304688,95.81329160384799,95.60180191243732,95.6271796427421,3691400.0
2019-08-20,96.07550048828125,96.15164010460676,95.98244454285604,96.03319998430588,3161800.0
2019-08-21,95.82170867919922,96.0754987902645,95.77095323864641,95.82170867919922,4921700.0
2019-08-22,95.61022186279297,95.90631248573065,95.59330553349837,95.63560603796113,5860400.0
2019-08-23,96.2531967163086,96.38855323001552,95.60181124301701,95.7033221741434,8192600.0
2019-08-26,96.16012573242188,96.38007680582174,96.08399254594853,96.21088764422358,7581600.0
2019-08-27,96.57463836669922,96.60001609242717,96.27854768880117,96.27854768880117,3266900.0
2019-08-28,96.60841369628906,96.76914780270938,96.54074195256045,96.735308703771,2505400.0
2019-08-29,96.42233276367188,96.52384363205847,96.17700407482124,96.52384363205847,4232400.0
2019-08-30,96.4477310180664,96.48157013278414,96.21931860725947,96.2531577219772,3651100.0
2019-09-03,96.6595687866211,96.97309825124954,96.34603932199266,96.49856629601123,11754000.0
2019-09-04,96.81209564208984,96.85446676006947,96.55788186406187,96.55788186406187,3447000.0
2019-09-05,96.03250885009766,96.278247092725,95.82066620627317,96.25282054492953,4597800.0
2019-09-06,96.09183502197266,96.20199088141415,95.98167269760603,96.04098838575531,3111000.0
2019-09-09,95.49864959716797,95.70202316516901,95.49018054719399,95.63423197583532,4818700.0
2019-09-10,94.80382537841797,95.43935336178714,94.80382537841797,95.3546175903229,4797200.0
2019-09-11,94.71061706542969,94.88009507860684,94.69367249657455,94.71909258231983,4737000.0
2019-09-12,94.498779296875,95.0411025022331,94.35472782690005,94.99025586318126,8612500.0
2019-09-13,93.63447570800781,94.23610821504639,93.63447570800781,94.14289690755471,24187700.0
2019-09-16,94.04118347167969,94.14286379687162,93.84628540685509,93.97339227826905,5388300.0
2019-09-17,94.28694152832031,94.38015282902312,94.00731409113773,94.0920498740696,8211700.0
2019-09-18,94.32078552246094,94.73600162199617,94.22757427276302,94.54110360946716,5170400.0
2019-09-19,94.36322021484375,94.55811189378852,94.32932460439105,94.54964283987033,7131900.0
2019-09-20,94.90550231933594,94.9224468858977,94.46487247456284,94.51571263917243,9915000.0
2019-09-23,95.04108428955078,95.31224260780513,94.95634206234533,95.02413325813998,13163900.0
2019-09-24,95.515625,95.60036077582758,95.08346413887644,95.09193965593678,10459100.0
2019-09-25,94.88859558105469,95.49022814017064,94.82080435793341,95.4054858788056,8430900.0
2019-09-26,95.09194946289062,95.26989654995805,95.04110928513592,95.11736955176798,4233000.0
2019-09-27,95.22753143310547,95.3207427414871,95.0665353717497,95.10043098069995,4545500.0
2019-09-30,95.30375671386719,95.3376523080734,95.04954298978232,95.08343858398854,2797900.0
2019-10-01,95.56774139404297,95.77990670102294,94.8888098217985,94.92275704788786,8555100.0
2019-10-02,95.898681640625,96.05144086152117,95.65256920280511,95.66954604666515,3908600.0
2019-10-03,96.39942932128906,96.6455418634211,96.01753434457096,96.03451119562645,6128300.0
2019-10-04,96.58610534667969,96.6539997799275,96.3315109341547,96.39091694455415,4707600.0
2019-10-07,96.26361083984375,96.47577607518902,96.23815204756539,96.3739344313064,3193100.0
2019-10-08,96.46729278564453,96.6370288678135,96.30605160104587,96.59459322857889,4304900.0
2019-10-09,96.22119140625,96.36546871140523,96.0684321520864,96.36546871140523,3336800.0
2019-10-10,95.61865234375,95.96660653088077,95.52529909719155,95.94962968163148,3924400.0
2019-10-11,94.96514129638672,95.20276527561958,94.8123820990559,95.16032964728464,8685300.0
2019-10-14,95.22826385498047,95.29615829877974,95.18583468368382,95.2622110768801,1932200.0
2019-10-15,94.76997375488281,95.25371027323627,94.74451496045943,95.18582231303047,6638500.0
2019-10-16,94.9566650390625,95.06698862219007,94.83785303422705,94.91422940529185,2755500.0
2019-10-17,94.92274475097656,95.12642160635575,94.8124211365567,94.88031557993992,3188700.0
2019-10-18,95.0075912475586,95.15186853061965,94.93970329203665,94.98213245489171,2406400.0
2019-10-21,94.65966033935547,94.87182561540527,94.63420154219276,94.76150200277671,1735300.0
2019-10-22,94.88030242919922,94.92273159435503,94.62570153918594,94.88878437736862,3334400.0
2019-10-23,94.91424560546875,95.10944048945393,94.87181643922484,95.06700484844026,3305600.0
2019-10-24,94.89727783203125,95.10944309336872,94.86333061324487,94.95668384621494,2645400.0
2019-10-25,94.69359588623047,94.98213751819567,94.55780701840949,94.96516714710285,2381000.0
2019-10-28,94.33717346191406,94.38809105732504,94.24382022048025,94.36263225961955,5837600.0
2019-10-29,94.42204284667969,94.49841924349073,94.3286896007301,94.45599007018599,2199500.0
2019-10-30,94.88030242919922,94.88878437736862,94.4644538771929,94.4984010941793,5276700.0
2019-10-31,95.48285675048828,95.5422627651232,95.10944381577171,95.14339103481595,5540700.0
2019-11-01,95.3026351928711,95.54911563641947,95.09015272268633,95.3451342806882,8149400.0
2019-11-04,94.81819915771484,94.92869421992133,94.76720542712847,94.87769400488294,4145200.0
2019-11-05,94.30824279785156,94.48672734011166,94.21474996841265,94.45272935809278,6853500.0
2019-11-06,94.5802001953125,94.67369300500683,94.3252251106967,94.50370961526296,4129800.0
2019-11-07,93.82377624511719,94.09575359751953,93.47530830193836,94.09575359751953,5890100.0
2019-11-08,93.69631958007812,94.03629301556008,93.69631958007812,93.7388186911836,3037300.0
2019-11-11,93.79828643798828,93.93427188219388,93.69629249149504,93.90877501668359,1563000.0
2019-11-12,93.8407974243164,93.91728803053692,93.64531062322027,93.78979720238317,4446200.0
2019-11-13,94.09577941894531,94.22327025634328,94.02778344107263,94.18927226740693,2475200.0
2019-11-14,94.57171630859375,94.68221136806172,94.46122773357763,94.50372683098098,3189600.0
2019-11-15,94.49524688720703,94.58873973488092,94.41025515780895,94.41874979163144,2104500.0
2019-11-18,94.65672302246094,94.75871049028484,94.62272503836883,94.6482219053248,1893600.0
2019-11-19,94.83523559570312,94.8692335898403,94.67374674466508,94.67374674466508,8306500.0
2019-11-20,95.18366241455078,95.2091592779842,94.95418415919839,95.02218011798855,3838000.0
2019-11-21,94.9456787109375,95.04767264446883,94.82668903070989,94.95417982651125,3034700.0
2019-11-22,94.92868041992188,95.03066786626846,94.85218335071086,94.9966698893359,1879700.0
2019-11-25,94.97118377685547,95.00518175763601,94.92019004791057,94.93718579607493,3573100.0
2019-11-26,95.14968872070312,95.18368670877568,95.06469699274831,95.11569721708375,3579300.0
2019-11-27,94.90319061279297,94.9966769507428,94.86069151735542,94.9541843397568,2351800.0
2019-11-29,94.82672119140625,94.87771493324094,94.71623258927994,94.86922029923745,2882300.0
2019-12-02,94.48625946044922,94.57988657521796,94.3160253909762,94.36709885870098,6826400.0
2019-12-03,95.3288803100586,95.47357437345428,94.96288524197475,94.97139856739939,6561900.0
2019-12-04,94.96289825439453,95.2097327754148,94.80969084458076,95.13312582362516,2072200.0
2019-12-05,94.74156188964844,94.83518896594082,94.59686786038318,94.6053811837997,3062000.0
2019-12-06,94.45220947265625,94.63946369590136,94.33304887491218,94.37560252052619,2717400.0
2019-12-09,94.52881622314453,94.66500348321166,94.51179606251914,94.65649015601598,1928500.0
2019-12-10,94.41815948486328,94.63946051341712,94.40113932594313,94.6054137018115,1707000.0
2019-12-11,94.8096923828125,94.87778600911574,94.54583769809449,94.56285785778748,2462600.0
2019-12-12,94.06066131591797,94.73307111700619,93.89042728754893,94.71604446728719,5490400.0
2019-12-13,94.61392974853516,94.67351004711674,94.03514692212892,94.31602176186176,4162000.0
2019-12-16,94.17130279541016,94.37557712317562,94.11172251257173,94.37557712317562,3028500.0
2019-12-17,94.17984771728516,94.32454181075738,94.12026741445742,94.28198166855215,3471400.0
2019-12-18,93.92446899414062,94.14576997212401,93.82233507642816,94.1202364926959,2249500.0
2019-12-19,93.99776458740234,94.11709383854688,93.827296086612,93.86139108736135,1962500.0
2019-12-20,93.99776458740234,94.01481533925526,93.827296086612,93.8528657114349,4660500.0
2019-12-23,93.91255950927734,94.08302806302072,93.83584410802189,94.02336341891468,1809400.0
2019-12-24,94.07450866699219,94.10860367814395,93.79322970220899,93.79322970220899,857600.0
2019-12-26,94.21086120605469,94.21086120605469,93.9892469344523,94.10858269835897,1285100.0
2019-12-27,94.34725952148438,94.38135453164894,94.28759487943594,94.28759487943594,1771100.0
2019-12-30,94.28761291503906,94.28761291503906,93.96371350799845,94.02337816145969,2035400.0
2019-12-31,93.94664001464844,94.17677317696379,93.9381146373901,94.13415929658706,2801600.0
2020-01-02,94.38136291503906,94.56887573316253,94.29612213057705,94.34726790184602,4022300.0
2020-01-03,95.0120849609375,95.02912921256711,94.64557177280449,94.73933141416113,3839600.0
2020-01-06,94.90980529785156,95.18255886001884,94.83309640675351,95.17403998520209,2714300.0
2020-01-07,94.77344512939453,94.97800870411987,94.77344512939453,94.89277442323088,2038800.0
2020-01-08,94.55181884765625,94.96947132330232,94.43248956890024,94.85866742244544,5081100.0
2020-01-09,94.6199951171875,94.64556474421181,94.29609583366076,94.33871621400597,3680600.0
2020-01-10,94.82453918457031,94.88420380304014,94.68815919780748,94.68815919780748,2600000.0
2020-01-13,94.71375274658203,94.73079699658508,94.59442348768995,94.70522737010205,2672600.0
2020-01-14,94.90128326416016,94.91833402031024,94.747865476558,94.76490972974999,2376300.0
2020-01-15,95.13995361328125,95.13995361328125,94.97800393565186,95.0802889693586,2734800.0
2020-01-16,94.94393920898438,95.0462242753173,94.86723028645507,94.99507849067056,2200500.0
2020-01-17,94.8671875,94.8671875,94.68818708890896,94.72228209564261,2627000.0
2020-01-21,95.2422103881836,95.27630539163097,95.07174187390368,95.08026725050476,2355600.0
2020-01-22,95.25928497314453,95.31042423963102,95.19109494919014,95.24223421567663,1787600.0
2020-01-23,95.49790954589844,95.6683780421196,95.45528917036499,95.48938417020048,1891300.0
2020-01-24,95.83885955810547,95.98375844004185,95.60020104598512,95.61724529558369,7932600.0
2020-01-27,96.48666381835938,96.4951891962918,96.34176490829789,96.47814494338493,3824600.0
2020-01-28,96.16278076171875,96.41849010201364,96.12868574948219,96.39291396561723,1923600.0
2020-01-29,96.62303161621094,96.6656519975173,96.2906134514843,96.2906134514843,2429500.0
2020-01-30,96.71678161621094,97.02363012276336,96.6571169901011,96.78497161832404,4405500.0
2020-01-31,97.20263671875,97.27082672978484,96.90431354916927,96.92988317756799,9764500.0
2020-02-03,97.11986541748047,97.1625365542442,96.71871896407086,96.96623499940222,5722100.0
2020-02-04,96.55650329589844,96.65892569382274,96.41140978260773,96.6503888660728,2569600.0
2020-02-05,96.1383285522461,96.33463659927041,96.12126140157602,96.19807334713275,9027500.0
2020-02-06,96.20661163330078,96.27489326040227,96.0700483790978,96.11272602395982,1697100.0
2020-02-07,96.66748809814453,96.75283686315079,96.52238803477118,96.59920648146218,6177900.0
2020-02-10,96.85527801513672,96.97476761158747,96.76139240196905,96.87234516676055,1909100.0
2020-02-11,96.62482452392578,96.76138777716783,96.56507972855597,96.72724696385731,1657100.0
2020-02-12,96.3772964477539,96.43704123564552,96.30048451119046,96.41997408697371,1473800.0
2020-02-13,96.46263885498047,96.56506127533946,96.39436375310088,96.42850455988722,1868000.0
2020-02-14,96.70166015625,96.76140496223064,96.62484168473463,96.6760496579479,2043600.0
2020-02-18,96.85527801513672,97.00037159487053,96.74431873865059,96.82966752015902,8356600.0
2020-02-19,96.83817291259766,96.88085054534359,96.70161620885722,96.75282415879832,1681800.0
2020-02-20,97.11986541748047,97.2478918511615,96.97477183143293,96.98330215176873,3452900.0
2020-02-21,97.51246643066406,97.75144561286811,97.36737285742507,97.37590317700783,5381000.0
2020-02-24,98.27208709716797,98.40011352668006,98.16966465121936,98.32329506429492,6803600.0
2020-02-25,98.54521179199219,98.75858701408944,98.22088379861457,98.24648778339504,10014300.0
2020-02-26,98.49398040771484,98.8268451541199,98.22939076726185,98.33181319373011,19649400.0
2020-02-27,98.97195434570312,99.29628231322388,98.64762637818237,99.12558475383284,8629700.0
2020-02-28,100.08153533935547,100.24369611153892,99.65478481267937,99.7657376054045,13437000.0
2020-03-02,100.01312255859375,100.78219263896409,99.95330635898033,100.44893002404974,19402100.0
2020-03-03,101.17528533935547,101.93580849002326,100.00458924970347,100.11568114957299,11462300.0
2020-03-04,100.95309448242188,101.61107919946284,100.87619073391093,101.32053871519783,7627100.0
2020-03-05,101.85033416748047,101.96141952221048,101.61960990526465,101.68797313254906,5284200.0
2020-03-06,102.88431549072266,103.66192610316949,102.61940958407371,103.37993916692835,11614800.0
2020-03-09,103.80721282958984,105.45643860259128,103.78157172350485,105.31971211471574,24791700.0
2020-03-10,101.90161895751953,104.04646827633476,101.90161895751953,103.29448569982226,15072900.0
2020-03-11,100.88475799560547,103.04669531439855,100.49167907577751,102.77324882584524,13316100.0
2020-03-12,100.93602752685547,103.20050306581567,97.75720821698468,102.67070419382263,10671600.0
2020-03-13,100.2780532836914,101.67092689780904,99.98751922889315,100.66259170381001,8697200.0
2020-03-16,102.92705535888672,103.12359806417219,101.6880024743435,102.56815809129907,6971700.0
2020-03-17,100.34642028808594,102.79035133232243,100.33787325101405,102.46563563786019,5680300.0
2020-03-18,98.95355224609375,100.66259455418187,98.56046677809194,99.63716525764158,13256300.0
2020-03-19,99.27824401855469,100.51729678560253,99.05606674657817,99.24406239829081,6702900.0
2020-03-20,101.8075942993164,102.4399377833097,100.32927715921954,100.52581326665474,9641600.0
2020-03-23,103.01248168945312,103.44828258922252,102.07250362451654,102.07250362451654,12234700.0
2020-03-24,102.3117904663086,102.51687365733757,101.91016459924724,102.1323353397465,5235500.0
2020-03-25,102.37164306640625,102.76472203875122,102.02983328017777,102.33746143583546,5527600.0
2020-03-26,102.61943054199219,102.96978730449398,102.46562301052694,102.70488786322169,3384400.0
2020-03-27,103.37994384765625,103.73029403499069,103.12358496367321,103.23467033634466,5282300.0
2020-03-30,103.61921691894531,104.32846438478875,103.55085367517219,104.07211199985618,4649400.0
2020-03-31,103.80721282958984,104.08919980174703,103.66193930635265,103.78157172350485,6356500.0
2020-04-01,104.22982788085938,104.59770818229235,104.14427568854762,104.48648445779459,9256400.0
2020-04-02,104.24699401855469,104.56354448710456,104.09299737537063,104.5207651034133,4789400.0
2020-04-03,104.32394409179688,104.62338004813095,104.22127753796191,104.40949628971885,3441100.0
2020-04-06,103.8533935546875,104.03305512216026,103.75928418212357,103.97316793300267,4697500.0
2020-04-07,103.39141845703125,103.42564064526601,102.89520651844971,103.13476183609305,9340600.0
2020-04-08,103.26309204101562,103.40853798008223,103.05776542856586,103.17753982976284,3341000.0
2020-04-09,103.48552703857422,103.61385861165341,103.11764667692849,103.2117560620389,4543600.0
2020-04-13,103.26309204101562,103.53686303335377,103.23742703036132,103.39142362150248,2103100.0
2020-04-14,103.40000915527344,103.5625629702802,103.34867911988904,103.38289479200057,2180100.0
2020-04-15,104.32394409179688,104.40093911176236,103.93039875958432,103.96461441698166,3137400.0
2020-04-16,104.4352035522461,104.58920018170046,104.36675915532928,104.4694257507045,1901600.0
2020-04-17,104.16139221191406,104.6319390997325,104.06728283435037,104.34961096704144,2375000.0
2020-04-20,104.4352035522461,104.44376073366493,104.19565469025417,104.35820850112738,4230700.0
2020-04-21,104.72608184814453,104.96563069383336,104.63197244059299,104.86296410544536,3287700.0
2020-04-22,104.40095520019531,104.58917398095721,104.21273641943341,104.48650741130109,3168700.0
2020-04-23,104.46940612792969,104.49507114014853,104.26407950296324,104.34963171943129,2345900.0
2020-04-24,104.49506378173828,104.50362096094722,104.2726228128128,104.28117999202173,2373500.0
2020-04-27,103.93898010253906,104.27263834201098,103.91331508830527,104.24697332777717,2508100.0
2020-04-28,104.39237976074219,104.45226695076238,104.15283100066145,104.16138817843981,2847600.0
2020-04-29,104.34104919433594,104.55493294715981,104.12716544151206,104.40093638403806,2600100.0
2020-04-30,104.09294891357422,104.59771799181601,104.09294891357422,104.41805641294793,5371500.0
2020-05-01,104.23682403564453,104.40811515488095,104.11692351922309,104.3053404833391,8357700.0
2020-05-04,104.25397491455078,104.33105103131831,104.09981614692647,104.21115049362044,3580500.0
2020-05-05,104.17689514160156,104.21115337247439,103.94566025082182,104.01417017847804,3487600.0
2020-05-06,103.79150390625,103.8685800269493,103.50031220406582,103.62021274788002,3279500.0
2020-05-07,104.42525482177734,104.46807924077683,103.85144419808239,103.88570242646419,3252800.0
2020-05-08,104.08267211914062,104.4680722621237,104.00559601099711,104.15975476137264,3486800.0
2020-05-11,103.79150390625,104.12551349745948,103.70585506002021,104.06556322555238,4569400.0
2020-05-12,104.13404846191406,104.16830668546454,103.72296284748438,103.74008869221561,4267700.0
2020-05-13,104.34819030761719,104.47665705285114,104.18547186213827,104.2625479888246,2615800.0
2020-05-14,104.51092529296875,104.66508409519051,104.46810739651815,104.52805767882157,2257600.0
2020-05-15,104.44239807128906,104.68220570991879,104.36532194515418,104.65650713378379,1828900.0
2020-05-18,103.80006408691406,104.2025901435009,103.6801635424954,104.19403048610643,3091200.0
2020-05-19,104.09124755859375,104.10837340611792,103.77436383963938,103.77436383963938,1941700.0
2020-05-20,104.11693572998047,104.23683626046376,103.86856847852542,103.94565112474402,2366700.0
2020-05-21,104.18544006347656,104.35672464878364,104.14261565010575,104.2196982873556,2063800.0
2020-05-22,104.38245391845703,104.38245391845703,104.21973546459685,104.23686131560146,1352400.0
2020-05-26,104.1083755493164,104.16832581801877,103.96278297305196,104.05699147159702,3484800.0
2020-05-27,104.19403839111328,104.3481906449843,104.03987960315214,104.04843926119602,2542900.0
2020-05-28,104.09980010986328,104.15118417979234,103.94564136598785,104.00559162560117,3873900.0
2020-05-29,104.43380737304688,104.47662525236527,104.16830777128517,104.27108244300791,2993800.0
2020-06-01,104.39265441894531,104.39265441894531,104.15261322151845,104.26406559220383,8531700.0
2020-06-02,104.22117614746094,104.36691448056015,104.1525910940152,104.27261166722991,4711800.0
2020-06-03,103.60396575927734,103.8954490843034,103.51823767802263,103.87829954367244,4226600.0
2020-06-04,103.19248962402344,103.44967392080086,103.14104753216019,103.44110568935257,4744100.0
2020-06-05,102.67807006835938,102.71236260340515,102.31800826132712,102.53233169988903,10611700.0
2020-06-08,102.7895278930664,102.88383073428486,102.58377921251372,102.59234744125531,3314700.0
2020-06-09,103.15815734863281,103.32961348045421,103.08957227965139,103.19244988312353,3238600.0
2020-06-10,103.92974090576172,103.92974090576172,103.34678080037692,103.39821634064715,4944600.0
2020-06-11,104.29837036132812,104.46125174118544,104.23835351429882,104.31551336002732,6365800.0
2020-06-12,104.06687927246094,104.29835222877135,104.01544374467272,104.10974657270559,3051000.0
2020-06-15,103.98115539550781,104.36693495070185,103.98115539550781,104.29835642443605,2658000.0
2020-06-16,103.76686096191406,103.9640349085504,103.50110192921561,103.59539824675876,5252000.0
2020-06-17,103.92974090576172,103.96402690551967,103.70684266353518,103.86973059523534,2308300.0
2020-06-18,104.16118621826172,104.21262174808332,104.0926011514116,104.16976098677597,1694600.0
2020-06-19,104.19548034667969,104.25549064593416,103.9297213843573,103.9297213843573,2033200.0
2020-06-22,104.10118103027344,104.34122223540054,104.04974549792685,104.29836147198915,2284900.0
2020-06-23,104.06687927246094,104.10117180453032,103.93828391235867,103.99829420832216,2010600.0
2020-06-24,104.26411437988281,104.29840692993753,103.98120574740769,103.98120574740769,2310700.0
2020-06-25,104.2812271118164,104.4441150421313,104.2555093419,104.41839727221489,1650900.0
2020-06-26,104.56414031982422,104.64986840357528,104.40125238225372,104.41840192338405,3413900.0
2020-06-29,104.6670150756836,104.70988238937964,104.52127667413107,104.52985144499704,28632400.0
2020-06-30,104.47838592529297,104.75271964859108,104.40980085931047,104.71842711559984,4126700.0
2020-07-01,104.31536102294922,104.39259057270999,104.12658495302452,104.2810375060046,8416500.0
2020-07-02,104.44407653808594,104.46123502393861,104.1265889042069,104.20381845689822,3054100.0
2020-07-06,104.28962707519531,104.30678556155736,104.0751099896893,104.17808054748727,2821900.0
2020-07-07,104.6242904663086,104.63287298417656,104.31538528849181,104.36686730261361,2920400.0
2020-07-08,104.46122741699219,104.5727804798072,104.34968090071843,104.444068932389,2096700.0
2020-07-09,104.7958755493164,104.89026358282165,104.47839447892729,104.48697044812495,2769400.0
2020-07-10,104.58992767333984,104.93315624722113,104.55560416129765,104.89883273517894,1939000.0
2020-07-13,104.70149993896484,104.7186649724796,104.4097598346356,104.43550083836557,2051100.0
2020-07-14,104.69292449951172,104.88170058987811,104.67575946590995,104.83879455241586,1721500.0
2020-07-15,104.6585922241211,104.76155623095002,104.52988066904331,104.53846318512626,2085400.0
2020-07-16,104.7358169555664,104.89885203112163,104.7358169555664,104.8216290247271,1907100.0
2020-07-17,104.71007537841797,104.81304593292029,104.65859337443766,104.78730493093013,2405200.0
2020-07-20,104.77873229980469,104.87312034703449,104.7015027400065,104.85595531306053,2695900.0
2020-07-21,104.89030456542969,104.9246280952553,104.7873405224968,104.8216640523224,3228400.0
2020-07-22,104.92459106445312,105.0189791015254,104.89026754674124,105.0189791015254,2431500.0
2020-07-23,105.0276107788086,105.0705102861226,104.93322269755524,105.05335179250594,2006500.0
2020-07-24,104.97605895996094,105.05328850106916,104.91599444867265,104.94174199340254,3395600.0
2020-07-27,104.81302642822266,105.07902546134332,104.78728543102265,105.06186697872347,1976500.0
2020-07-28,105.06187438964844,105.08761538866418,104.90742184901308,104.94174536321437,1870300.0
2020-07-29,105.19917297363281,105.19917297363281,104.95033237938506,105.07046141846443,1874200.0
2020-07-30,105.34504699707031,105.35362951348377,105.25924147256134,105.32788851078527,28331800.0
2020-07-31,105.37078094482422,105.4480039429516,105.19058085611155,105.23348688609858,4039200.0
2020-08-03,105.31922149658203,105.32781100413536,105.16464311999522,105.21616706156597,6595900.0
2020-08-04,105.67992401123047,105.70568598733496,105.44805967441413,105.48241115984541,3842000.0
2020-08-05,105.32784271240234,105.43948013670489,105.29349122372237,105.41371815816403,2423700.0
2020-08-06,105.44808959960938,105.67995400222671,105.39656563277836,105.53396506162032,2286500.0
2020-08-07,105.22483825683594,105.54258476423456,105.19048675182962,105.48247126844343,2363400.0
2020-08-10,105.11317443847656,105.3879798577821,105.11317443847656,105.37080083364413,1994900.0
2020-08-11,104.75248718261719,104.80401114814119,104.5034437627885,104.73530815952411,7166500.0
2020-08-12,104.44332885742188,104.56355580991881,104.31451239349587,104.46909083983157,5538100.0
2020-08-13,104.2286605834961,104.52063851955684,104.12560607859754,104.42617352803624,5748400.0
2020-08-14,104.2801513671875,104.41755077810508,104.27156185654361,104.32309236853001,2722800.0
2020-08-17,104.4518814086914,104.62363882788283,104.42611943378161,104.50341191038665,3357700.0
2020-08-18,104.63225555419922,104.70095854404916,104.50344563807776,104.56355911622701,1853600.0
2020-08-19,104.49486541748047,104.74390886392175,104.46910343196556,104.68379538042753,4493800.0
2020-08-20,104.79540252685547,104.83834352488013,104.72669955076657,104.81258154681589,2880300.0
2020-08-21,104.87269592285156,104.89845790113932,104.70093848113909,104.86410641279683,2103700.0
2020-08-24,104.72671508789062,104.94999651736707,104.70954261725892,104.8469420379447,1974900.0
2020-08-25,104.47766876220703,104.52919272131119,104.2457978424847,104.39178676119771,3562800.0
2020-08-26,104.43473815917969,104.48626212341355,104.23721870982078,104.37462468361436,3337400.0
2020-08-27,104.0654525756836,104.65800428522671,104.0654525756836,104.65800428522671,4672900.0
2020-08-28,104.2372055053711,104.36602195151514,104.13415758995716,104.2629740361012,2277200.0
2020-08-31,104.34886932373047,104.52062024999472,104.23722532496862,104.25440434872176,3273300.0
2020-09-01,104.6908950805664,104.6908950805664,104.24401514182163,104.3299528350465,4622900.0
2020-09-02,104.83699035644531,104.87996248159266,104.58776645516733,104.60495792787657,3013400.0
2020-09-03,104.9744873046875,105.18073906390741,104.8627624111151,104.91433026838898,5750500.0
2020-09-04,104.39012145996094,104.77684440069972,104.31277293783731,104.69950243520253,7512800.0
2020-09-08,104.61356353759766,104.77684320399118,104.58777632610003,104.62215271813717,3442700.0
2020-09-09,104.56197357177734,104.6994791108638,104.45025523873835,104.63932207666973,3964300.0
2020-09-10,104.6908950805664,104.7080799965611,104.3643292236616,104.42448626458157,3164200.0
2020-09-11,104.85417938232422,104.85417938232422,104.70807809420803,104.74245448219857,4905000.0
2020-09-14,104.75965118408203,104.9315265759891,104.69949414125196,104.8627737965759,1797100.0
2020-09-15,104.70806884765625,104.759636703401,104.63932263437161,104.6994796688863,2897600.0
2020-09-16,104.64791870117188,104.84558128851624,104.55339183210552,104.84558128851624,4015700.0
2020-09-17,104.68225860595703,104.88851685737983,104.6478822307199,104.88851685737983,3426800.0
2020-09-18,104.5877685546875,104.74245902904721,104.5877685546875,104.71667837609156,5606900.0
2020-09-21,104.77682495117188,104.97448753179478,104.7596400364602,104.85417345893744,5838100.0
2020-09-22,104.77682495117188,104.8713583736491,104.74244856512331,104.77682495117188,3387900.0
2020-09-23,104.77682495117188,104.81120133722042,104.63932596360286,104.77682495117188,3172000.0
2020-09-24,104.82838439941406,104.86275422608031,104.76822736781108,104.81978866443515,2866900.0
2020-09-25,104.9143295288086,104.94870591454045,104.84557675734489,104.89713805763009,2187400.0
2020-09-28,104.89715576171875,104.91434723579877,104.84559445273126,104.87997084426502,4167200.0
2020-09-29,104.9744873046875,105.03464434098603,104.92291944741362,104.9572958333878,2577100.0
2020-09-30,104.6908950805664,104.87136620332636,104.55339608273175,104.87136620332636,4276400.0
2020-10-01,104.750244140625,104.82764285777225,104.42346632381114,104.50945979551149,8733800.0
2020-10-02,104.64701843261719,104.85340400554682,104.56961974221915,104.8362079415023,7509700.0
2020-10-05,103.98487854003906,104.3632576429152,103.98487854003906,104.35465632851879,6132200.0
2020-10-06,104.22565460205078,104.3976480719557,103.94187685824771,104.01066768532965,8516400.0
2020-10-07,103.9246597290039,104.13964661572543,103.86446366315705,104.02785579654672,7116700.0
2020-10-08,104.11385345458984,104.13104951943701,104.00206263088477,104.0450560734424,3499000.0
2020-10-09,104.06227111816406,104.1654606413207,103.86448026398024,104.02787242348514,4358500.0
2020-10-12,104.1740493774414,104.1740493774414,104.04505592818987,104.10525199639001,3287900.0
2020-10-13,104.40621948242188,104.42341554404719,104.2858208075321,104.2858208075321,6583300.0
2020-10-14,104.4406509399414,104.5266509630916,104.39765748924692,104.46645488341483,5200600.0
2020-10-15,104.32882690429688,104.56961114640171,104.30302952991114,104.55241508377074,3839200.0
2020-10-16,104.2686767578125,104.44926501891202,104.23427805652477,104.32887284484568,2726200.0
2020-10-19,104.09667205810547,104.16546288806693,103.96767859049726,104.07086811587959,3635800.0
2020-10-20,103.87310791015625,104.03650011108178,103.8387092067571,103.96770270428347,6129700.0
2020-10-21,103.7354736328125,103.84727101654948,103.67527756498463,103.74407494561058,6425300.0
2020-10-22,103.37429809570312,103.68387975024557,103.36569678283267,103.64948105964315,6749000.0
2020-10-23,103.52050018310547,103.61509495353123,103.3485132700842,103.3571145839993,5049900.0
2020-10-26,103.79568481445312,103.90748221446908,103.70109004253823,103.74409005191056,4817800.0
2020-10-27,104.02790832519531,104.0623070317458,103.89891481585161,103.94191483926032,3620100.0
2020-10-28,104.01929473876953,104.20848432204016,103.95049733378355,104.18268693539083,5586600.0
2020-10-29,103.58070373535156,104.00208285616576,103.51191290170574,103.98488022709381,7504800.0
2020-10-30,103.24533081054688,103.58070992781292,103.24533081054688,103.53771647432404,7246800.0
2020-11-02,103.42259979248047,103.62050939893754,103.37096577620021,103.55166842058854,7674300.0
2020-11-03,103.19023895263672,103.28489363442817,103.11279779391762,103.26768667639132,9203500.0
2020-11-04,104.05936431884766,104.17122598691789,103.93028912335915,104.05936431884766,14922300.0
2020-11-05,104.04212188720703,104.13676999559226,103.92164693146194,104.10235608256212,6250700.0
2020-11-06,103.68931579589844,103.76675694693591,103.56884740648358,103.71512951291093,10402200.0
2020-11-09,102.9234619140625,102.9406688676663,102.56205680307818,102.90624839542488,11195800.0
2020-11-10,102.63090515136719,102.82882125243485,102.57927771849506,102.58788447898532,4810500.0
2020-11-11,102.79441833496094,102.83744557972747,102.62232248596645,102.63952944485156,1699900.0
2020-11-12,103.37953186035156,103.38813862051772,103.06975414471431,103.10417462034451,6324000.0
2020-11-13,103.24186706542969,103.3709356559297,103.2246535433396,103.33651517678466,6766000.0
2020-11-16,103.16442108154297,103.25907575952536,103.15581432035314,103.17302784273281,3911400.0
2020-11-17,103.43115997314453,103.47418720922452,103.33650530579611,103.36232558646482,4707900.0
2020-11-18,103.39679718017578,103.5000520937603,103.25050844420146,103.5000520937603,7931200.0
2020-11-19,103.50862121582031,103.61188265689005,103.47420073546373,103.50862121582031,9323000.0
2020-11-20,103.68931579589844,103.7065227522285,103.5430336894711,103.56024064580114,16772200.0
2020-11-23,103.48281860351562,103.56886653112483,103.43118459492125,103.55165300658136,2511900.0
2020-11-24,103.3193130493164,103.42257449157842,103.26768561070313,103.40536096868371,4349300.0
2020-11-25,103.353759765625,103.54306917530903,103.34515300199288,103.3967870187485,2125500.0
2020-11-27,103.66352081298828,103.66352081298828,103.51723868012479,103.52583887732662,2988100.0
2020-11-30,103.59467315673828,103.69793460181764,103.56025267504518,103.62048687674923,2390900.0
2020-12-01,103.04358673095703,103.33635207588799,102.9230382269857,103.30190870769607,13902200.0
2020-12-02,102.87137603759766,102.96609365738688,102.72499665043276,102.94886868866116,5578500.0
2020-12-03,103.14692687988281,103.24164450928392,102.98332250738973,103.02637836417256,4484900.0
2020-12-04,102.7422103881836,102.84554048764743,102.63888028871976,102.81970960513158,4709100.0
2020-12-07,103.06082153320312,103.1210957909398,102.97470981980666,102.99193479024652,4441600.0
2020-12-08,103.16414642333984,103.36219416957198,103.1555405074091,103.25025813785905,4735700.0
2020-12-09,103.01779174804688,103.12972780662888,102.87141230926972,102.97473588045216,3444100.0
2020-12-10,103.25023651123047,103.28467330654331,103.01774544176816,103.10385056885046,3557600.0
2020-12-11,103.45692443847656,103.56024799747944,103.37081928284009,103.39665017259081,4336600.0
2020-12-14,103.39665222167969,103.46553897531496,103.1383301802486,103.18999196077387,2870600.0
2020-12-15,103.29330444335938,103.35357870014167,103.18997433056062,103.26747355751002,2889200.0
2020-12-16,103.20721435546875,103.32776288661763,103.0177790724056,103.06083493470258,5058400.0
2020-12-17,103.1322250366211,103.45101540836326,103.0633028961234,103.3820866944616,3233200.0
2020-12-18,103.04605102539062,103.26144829198776,103.02882213636013,103.20975505149339,3189500.0
2020-12-21,103.11502075195312,103.24426047800917,103.0288631257176,103.20979611283384,2850500.0
2020-12-22,103.28731536865234,103.3045508344993,103.14084677597437,103.2442398508434,3688500.0
2020-12-23,103.07195281982422,103.09780602731348,102.89101980783794,103.08918829148372,3047100.0
2020-12-24,103.2184066772461,103.2184066772461,103.14086021763714,103.16670684637177,1529300.0
2020-12-28,103.2270278930664,103.2270278930664,102.99440163838996,103.05471263578058,3677500.0
2020-12-29,103.20979309082031,103.2442574549865,103.08055336854845,103.08055336854845,2157300.0
2020-12-30,103.27872467041016,103.27872467041016,103.15810267920112,103.1667138404264,2549100.0
2020-12-31,103.34764099121094,103.39072308852656,103.26148336998486,103.26148336998486,2626200.0
2021-01-04,103.37346649169922,103.44238862616729,103.089140501782,103.11498712388295,5499000.0
2021-01-05,103.1322250366211,103.29592908878652,103.02883853917258,103.2787001970131,5004400.0
2021-01-06,102.52912139892578,102.63251447600572,102.33095297787364,102.63251447600572,10039300.0
2021-01-07,102.1672592163086,102.2361879368764,102.08110160230113,102.1672592163086,7751700.0
2021-01-08,101.87432098388672,102.03802506079175,101.77954563130011,101.96909633647333,8378700.0
2021-01-11,101.67619323730469,101.805432995419,101.65895776373897,101.79681525863613,6061000.0
2021-01-12,101.65892791748047,101.70201001533906,101.29706195972715,101.46937720435105,6516600.0
2021-01-13,102.01214599609375,102.14138566974572,101.78813099999056,101.81397762004038,7562900.0
2021-01-14,101.7795639038086,102.07250774805173,101.69340626964512,102.00357901135851,8113000.0
2021-01-15,102.05523681640625,102.12416552914907,101.84845725158166,101.99492583610726,5978400.0
2021-01-19,102.11558532714844,102.11558532714844,101.86573015508345,101.90880568632633,4035700.0
2021-01-20,102.15864562988281,102.15864562988281,101.97771266110101,102.003559289012,4277700.0
2021-01-21,102.01214599609375,102.08107469849517,101.9259884047934,101.98629937604393,4254500.0
2021-01-22,102.1672592163086,102.18448810974826,102.04663724201723,102.09833049574078,4706200.0
2021-01-25,102.58082580566406,102.58082580566406,102.27927084814448,102.31373521091886,5689200.0
2021-01-26,102.5463638305664,102.58082819414327,102.46020620832688,102.47744167681792,4257100.0
2021-01-27,102.6669921875,102.82207196318245,102.63252782399105,102.71868544606082,5764700.0
2021-01-28,102.3998794555664,102.53773688865688,102.28787522123355,102.52911915573767,5394200.0
2021-01-29,102.21892547607422,102.34816514965813,102.07245691360046,102.10692126478303,7952100.0
2021-02-01,102.34654998779297,102.39827724899354,102.19136162646225,102.22584865983897,3640700.0
2021-02-02,102.08790588378906,102.13100974169795,101.99306818756894,102.02754864280448,3609800.0
2021-02-03,101.8378677368164,102.00167290178784,101.8206209335174,101.94994564734719,3844200.0
2021-02-04,101.80337524414062,101.84647909461837,101.6395635102328,101.71716096545728,2146000.0
2021-02-05,101.58783721923828,101.8895904863474,101.58783721923828,101.77751258077198,5498000.0
2021-02-08,101.6309585571289,101.76890669024489,101.51025722951694,101.57060789332292,2861300.0
2021-02-09,101.70855712890625,101.84649868578843,101.66544669240795,101.74304416255907,4458500.0
2021-02-10,101.96722412109375,101.96722412109375,101.81203572183205,101.82065912671621,6726800.0
2021-02-11,101.88961791992188,102.00169585567404,101.84650747970122,101.96720881904346,5949900.0
2021-02-12,101.55338287353516,101.7516751224231,101.51889583509161,101.63959718077905,8802400.0
2021-02-16,100.82051849365234,101.19986263727648,100.7515444392742,101.10502495693848,8909000.0
2021-02-17,100.88949584960938,101.0188205698002,100.76879453149222,100.88949584960938,4789700.0
2021-02-18,100.88089752197266,100.95848842167649,100.64811166740175,100.72570914483529,4469900.0
2021-02-19,100.47567749023438,100.67396971919271,100.32911252487746,100.57913859516657,5851800.0
2021-02-22,100.31185913085938,100.587748814831,100.23426824055278,100.39807342377634,3828000.0
2021-02-23,100.38943481445312,100.51013611389055,100.15664903858988,100.24286331279839,7344900.0
2021-02-24,100.25151824951172,100.3032455147631,99.82906356858976,99.8894142372929,7133700.0
2021-02-25,98.91517639160156,99.76870912459921,98.37201381609727,99.67387142340732,35760600.0
2021-02-26,99.80318450927734,99.84628836441438,98.89791804092877,99.26864539929561,28188400.0
2021-03-01,99.6910400390625,99.80319236038082,99.42361203907392,99.61340219972736,9616500.0
2021-03-02,99.87224578857422,99.88087441288955,99.56168771205331,99.60481767020615,6271000.0
2021-03-03,99.33732604980469,99.41496387387645,99.14753592646343,99.3977132179853,8377300.0
2021-03-04,98.84561920166016,99.44086237978294,98.6989655622465,99.3287166405329,12327900.0
2021-03-05,98.70758056640625,98.83698353737041,98.3625081710713,98.44878120618642,8634600.0
2021-03-08,98.31937408447266,98.50053560349099,98.28486618822512,98.4746563267324,7416400.0
2021-03-09,98.78524017333984,98.87150664001292,98.59544999763335,98.75073227032871,7035000.0
2021-03-10,98.99227142333984,99.0871665020035,98.7334654666737,98.78523060703226,5683100.0
2021-03-11,98.95777130126953,99.09580291079578,98.81111765242993,98.98365058262834,7576500.0
2021-03-12,98.24174499511719,98.33664007917147,98.13822787193742,98.328018040046,7332600.0
2021-03-15,98.36251831054688,98.45741339358874,98.27625184824768,98.30213112876652,4465500.0
2021-03-16,98.34527587890625,98.55231672208838,98.23313012670546,98.47467887403623,5479400.0
2021-03-17,98.18135070800781,98.38839810280331,97.79314836075662,97.97430989492109,8975900.0
2021-03-18,97.5688247680664,97.68097705631801,97.30139684692561,97.39629189927372,8281400.0
2021-03-19,97.50846862792969,97.65512227123173,97.33593570424601,97.36181498462764,8748100.0
2021-03-22,97.82768249511719,97.87944106684218,97.68102882075601,97.7586666783435,4679800.0
2021-03-23,98.3107681274414,98.3280253703974,97.97432428860678,98.04334009701125,7544000.0
2021-03-24,98.4401626586914,98.4574133184544,98.0864616073127,98.11234746952097,14634800.0
2021-03-25,98.3107681274414,98.55231687514733,98.1641144708642,98.49192968822085,10573800.0
2021-03-26,97.98294067382812,98.25036867086148,97.97431205342768,98.04332785321337,6409700.0
2021-03-29,97.64651489257812,98.07785384825632,97.56024183607438,98.06922522626392,6298000.0
2021-03-30,97.5602035522461,97.62059730078353,97.29277561081489,97.37904205175649,5784900.0
2021-03-31,97.42222595214844,97.64652407306791,97.30145155974044,97.53437172175279,8620000.0
2021-04-01,97.8537826538086,97.90557330330384,97.65524085442746,97.72429944428086,8535300.0
2021-04-05,97.57759094238281,97.65527694533647,97.37042168204772,97.51716630037707,9944500.0
2021-04-06,98.05236053466797,98.06962848254024,97.75023730482808,97.78476661478014,8765200.0
2021-04-07,97.99192810058594,98.2336332510403,97.95740537917013,98.03509138104363,6316800.0
2021-04-08,98.32856750488281,98.33719489061278,98.14728703190328,98.16455497494448,6334700.0
2021-04-09,98.06961822509766,98.25089214404153,97.92287361249431,98.00919358544971,5887400.0
2021-04-12,98.00920104980469,98.0350963850843,97.90561312289391,97.99193310242342,5466000.0
2021-04-13,98.41490173339844,98.41490173339844,98.00919062837798,98.03508596090411,7663800.0
2021-04-14,98.29399871826172,98.32852800468252,98.16451554063072,98.25083546378872,4876900.0
2021-04-15,98.92423248291016,99.07097714792175,98.60484781033126,98.60484781033126,9958500.0
2021-04-16,98.6565933227539,98.81197189273767,98.60480266135636,98.63069799205513,7334900.0
2021-04-19,98.55301666259766,98.71702922346444,98.44080135483146,98.49259202214019,5738600.0
2021-04-20,98.84650421142578,98.9155562334656,98.52711308955026,98.52711308955026,6468300.0
2021-04-21,98.89828491210938,98.95007556987005,98.69974308104234,98.8378602827917,7976500.0
2021-04-22,98.97602844238281,99.00192378459538,98.65663718824173,98.88970185394886,7681300.0
2021-04-23,98.84650421142578,98.96735348223461,98.69112563670137,98.95871950980789,5509900.0
2021-04-26,98.74290466308594,98.88102186247147,98.74290466308594,98.80332929136947,7145300.0
2021-04-27,98.3544692993164,98.69112176705403,98.3544692993164,98.60480180354534,7720500.0
2021-04-28,98.48394012451172,98.50120806766637,98.11276496196545,98.36309086559184,8692900.0
2021-04-29,98.311279296875,98.31991326661588,97.92283627379602,98.01779018357786,5547800.0
2021-04-30,98.39765930175781,98.43218861600977,98.2077513662687,98.35450259828784,5160000.0
2021-05-03,98.565185546875,98.7724893225894,98.40106648814749,98.43561821577792,8593300.0
2021-05-04,98.69477081298828,98.95389893220351,98.6429399170897,98.76386769073736,11171000.0
2021-05-05,98.81568908691406,98.84160123733756,98.59110613312912,98.59110613312912,6810000.0
2021-05-06,98.85887908935547,98.97117386728193,98.7293183303159,98.74659090149814,6546200.0
2021-05-07,98.8934097290039,99.29074468213973,98.80703371137746,99.09208050060568,10657600.0
2021-05-10,98.69477081298828,99.01436281902734,98.65157949808437,98.9366263602836,5906800.0
2021-05-11,98.5306396484375,98.61701567758959,98.48744833882715,98.54791221824048,6591300.0
2021-05-12,98.05558776855469,98.23698604526832,98.01240303748935,98.16788256747935,14509800.0
2021-05-13,98.38381958007812,98.41837131672042,98.11604526861775,98.17651575029423,8242700.0
2021-05-14,98.59976196289062,98.63431369917247,98.42700328148142,98.53065849032694,7943100.0
2021-05-17,98.50473022460938,98.57383368587078,98.46153891380379,98.5306423750652,6711100.0
2021-05-18,98.50473022460938,98.54791494534616,98.40107503271726,98.4960906444345,4319600.0
2021-05-19,98.21105194091797,98.68613003883947,98.12467590222388,98.48745921878066,13156500.0
2021-05-20,98.61703491210938,98.62567449373026,98.3579067741121,98.38381892890483,8412700.0
2021-05-21,98.65158081054688,98.73795685143443,98.53929261639999,98.7120446981751,6648700.0
2021-05-24,98.74658203125,98.84159763939,98.6602060029596,98.70339072207054,4826000.0
2021-05-25,99.10938262939453,99.1266617921143,98.85025449922523,98.85025449922523,5748200.0
2021-05-26,98.99706268310547,99.1698147144825,98.95387138022741,99.04025398598351,4501600.0
2021-05-27,98.82433319091797,98.82433319091797,98.64293494951215,98.78114187818915,5998100.0
2021-05-28,98.81568908691406,99.02299288037081,98.78113735632647,98.78113735632647,5575700.0
2021-06-01,98.79752349853516,98.81480800212655,98.58143093322307,98.7024422422281,9498100.0
2021-06-02,98.90990447998047,98.97905569423145,98.85804436660361,98.9012589295434,4269900.0
2021-06-03,98.65925598144531,98.82348849944108,98.61603481524935,98.82348849944108,3591200.0
2021-06-04,99.20378112792969,99.21242667783334,98.89261387224423,98.90989837742917,6326000.0
2021-06-07,99.12598419189453,99.16055979452508,99.0568329866334,99.08276303995085,3068500.0
2021-06-08,99.4112319946289,99.46309210336457,99.3680108409344,99.43716204899674,4760500.0
2021-06-09,99.72239685058594,99.87798375739563,99.5927399958076,99.76561140576433,5679300.0
2021-06-10,100.0768051147461,100.08545066534914,99.46310291438708,99.50632407277945,6494800.0
2021-06-11,99.92986297607422,100.02494424812407,99.8434272545624,100.007653147048,3914200.0
2021-06-14,99.61869812011719,99.8347907407682,99.57547695813761,99.8261451894476,3730900.0
2021-06-15,99.635986328125,99.65327743140831,99.51497498363655,99.56684169886279,4212700.0
2021-06-16,98.95310974121094,99.73103769538446,98.80616178587839,99.67917759033868,13529000.0
2021-06-17,99.30753326416016,99.6273527459186,99.03958050042613,99.10873172804266,8838100.0
2021-06-18,99.86936950683594,99.90394511858733,99.2383761329642,99.43718425187886,13435000.0
2021-06-21,99.549560546875,99.70514751885938,99.47177035819497,99.62735733017935,6460000.0
2021-06-22,99.73104095458984,99.75697760258204,99.41122817019378,99.43715822356407,5459700.0
2021-06-23,99.53221893310547,99.72238141138953,99.48899778999707,99.6186546247017,5429800.0
2021-06-24,99.51494598388672,99.6446028422334,99.47173142751899,99.5322370821312,3631700.0
2021-06-25,99.30753326416016,99.61870719381052,99.13466178974285,99.58413158000226,6716800.0
2021-06-28,99.61869812011719,99.7137794007735,99.4890412288019,99.49768678012249,4968900.0
2021-06-29,99.67056274414062,99.67920829585204,99.48040017423219,99.48904572594358,3373200.0
2021-06-30,99.82616424560547,99.97311226761339,99.80023418131722,99.81752528725919,6572800.0
2021-07-01,99.75433349609375,99.85812290689563,99.61593881632919,99.79757688425401,11966200.0
2021-07-02,100.11762237548828,100.11762237548828,99.84949089809206,99.87543825409526,5071900.0
2021-07-06,100.64523315429688,100.71443049786025,100.23870700963937,100.23870700963937,9095300.0
2021-07-07,100.93933868408203,101.12098340877189,100.74040451745773,100.83554924028627,7456400.0
2021-07-08,101.19880676269531,101.36314881698857,101.04311602679181,101.1296094136221,7368000.0
2021-07-09,100.68849182128906,100.80093256500348,100.67984050284258,100.78362992811051,5531200.0
2021-07-12,100.63658905029297,100.81822714090036,100.55874698247081,100.77498374733995,3867700.0
2021-07-13,100.32521057128906,100.7922827892108,100.23871718256783,100.68849336235435,6926500.0
2021-07-14,100.7577133178711,100.78366068210589,100.51552911964714,100.60202253343792,6029200.0
2021-07-15,101.1815185546875,101.23341327099698,100.79228838529765,101.01717648767692,5704500.0
2021-07-16,101.16419982910156,101.18150246446848,100.90471968979465,100.91336440845623,3577900.0
2021-07-19,102.0291519165039,102.15889529214301,101.78696780145607,101.83886251210284,20557500.0
2021-07-20,101.89942169189453,102.5135333768859,101.81292829664645,102.4702899787734,8729000.0
2021-07-21,101.31122589111328,101.55341656119857,101.21608120619217,101.4842192268885,7438300.0
2021-07-22,101.5448226928711,101.75240821422028,101.30263848479292,101.31128320720661,6363500.0
2021-07-23,101.38911437988281,101.41506174068911,101.17287757446557,101.18152889440887,6804600.0
2021-07-26,101.31990051269531,101.56208463946544,101.30260447464997,101.5447886014201,6179600.0
2021-07-27,101.75239562988281,101.81294167441426,101.63995486118839,101.7350995881698,8621200.0
2021-07-28,101.83888244628906,101.8475337660977,101.42371148180399,101.56209960362452,11533500.0
2021-07-29,101.52748107910156,101.65722445477763,101.44098769499158,101.46693505032236,6203800.0
2021-07-30,101.81292724609375,101.87347328204497,101.6918351741913,101.70048649333376,5656400.0
2021-08-02,102.25952911376953,102.45859178404103,101.87870438346044,101.97391056603772,19495800.0
2021-08-03,102.28550720214844,102.44995546783383,102.23357895121084,102.28550720214844,6627300.0
2021-08-04,102.25952911376953,102.67496827111914,101.93928953571086,102.58841899694517,7545000.0
2021-08-05,101.88734436035156,102.09506390450778,101.8181023112044,102.04313566929004,5164600.0
2021-08-06,101.29015350341797,101.48056585621978,101.2641893831788,101.38535967981888,7807600.0
2021-08-09,101.07381439208984,101.53253162797479,101.07381439208984,101.43732541638113,10842500.0
2021-08-10,100.88337707519531,101.16033873059231,100.8747267695765,101.1516884249735,7192400.0
2021-08-11,100.99590301513672,101.25555086797827,100.77952650279187,100.9526250713529,7254300.0
2021-08-12,100.89202117919922,101.00453456754458,100.770850883047,100.89202117919922,6932200.0
2021-08-13,101.47191619873047,101.47191619873047,101.03051291655368,101.04782013018777,6896500.0
2021-08-16,101.69696807861328,101.97392977010013,101.69696807861328,101.74024602549369,6928100.0
2021-08-17,101.64501190185547,101.8700386746107,101.6276980865446,101.67963292919146,7785500.0
2021-08-18,101.59308624267578,101.68829242563442,101.37670975473094,101.60174315111375,7025800.0
2021-08-19,101.81815338134766,101.88739546522538,101.72294716683791,101.8094964700408,6242600.0
2021-08-20,101.72288513183594,101.87867642390832,101.61902867264405,101.81809128828486,6510200.0
2021-08-23,101.7488784790039,101.76619229603315,101.61040095920205,101.69695023448901,3958500.0
2021-08-24,101.47191619873047,101.70560650415244,101.44595207663612,101.61905722940914,3649700.0
2021-08-25,101.07381439208984,101.47194645725958,101.02188613241634,101.43732541638113,5874700.0
2021-08-26,101.07381439208984,101.11709234401,100.90936609873926,101.02188613241634,6850600.0
2021-08-27,101.40269470214844,101.40269470214844,100.94397093660712,101.07379816824005,6360700.0
2021-08-30,101.60175323486328,101.61041014416044,101.35075569154195,101.38537672544355,6546200.0
2021-08-31,101.41132354736328,101.68828516803417,101.36805221483446,101.54980765934168,7418400.0
2021-09-01,101.45462799072266,101.58454389549797,101.36801959013826,101.54989921370472,11908600.0
2021-09-02,101.57587432861328,101.57587432861328,101.45462125428665,101.56721150679081,2976200.0
2021-09-03,101.33338928222656,101.37669679256052,101.22945522210405,101.34205210585303,4988900.0
2021-09-07,100.93497467041016,101.05622775722178,100.84836626665864,100.97827556838708,7098600.0
2021-09-08,101.21216583251953,101.28145522623271,101.01296047754424,101.07358704509319,6046200.0
2021-09-09,101.4979476928711,101.6105379663821,101.16882648018041,101.25544149897156,7009500.0
2021-09-10,101.177490234375,101.3593698814728,101.08221899906687,101.27276146968312,8147100.0
2021-09-13,101.2987289428711,101.38533734235799,101.25542804702631,101.27274708380476,4269300.0
2021-09-14,101.6798324584961,101.78375991380173,101.42000060463494,101.47197094008628,6991000.0
2021-09-15,101.50660705566406,101.63652298008054,101.33339022830768,101.61920394046426,5108900.0
2021-09-16,101.1861572265625,101.3420550173259,101.05624129962658,101.15151253885969,5682700.0
2021-09-17,100.89165496826172,100.96094432600587,100.79638375331271,100.93496246880103,7611700.0
2021-09-20,101.40267944335938,101.51526972018462,101.17749228191047,101.2554444795575,8781600.0
2021-09-21,101.3420639038086,101.46331701750162,101.28143734696208,101.43733515139586,4867900.0
2021-09-22,101.43731689453125,101.52392530189562,101.15150320321074,101.34204566409107,10966400.0
2021-09-23,100.51922607421875,100.9955821164739,100.51922607421875,100.96960026104115,10650100.0
2021-09-24,100.21610260009766,100.38932599852062,100.15547606259886,100.38066317665022,10528000.0
2021-09-27,99.94762420654297,100.12084101383117,99.9216423462295,99.94762420654297,6742100.0
2021-09-28,99.56654357910156,99.79173072448967,99.36734490294118,99.58386922525338,10295500.0
2021-09-29,99.67046356201172,99.9129697115188,99.48858394988142,99.77439099305933,8364000.0
2021-09-30,99.79173278808594,99.82637747330806,99.53190095281907,99.57520846129624,7307900.0
2021-10-01,100.1990737915039,100.24241138726924,99.89573045831277,99.9823990374547,19830100.0
2021-10-04,100.07774353027344,100.25108070080627,99.89573751749721,100.02574370159142,7691800.0
2021-10-05,99.76575469970703,99.9477607551112,99.66174840559432,99.92176083468071,6861900.0
2021-10-06,99.7917251586914,99.89573142209842,99.71372542042775,99.80039400040586,7473500.0
2021-10-07,99.39305114746094,99.59239484609151,99.38438230515807,99.56638831918289,8160200.0
2021-10-08,99.17637634277344,99.34105128452558,99.06370784243154,99.34105128452558,9455100.0
2021-10-11,98.93370819091797,99.0810454578002,98.91637050517319,99.00304570911773,2261300.0
2021-10-12,99.38435363769531,99.41902238451733,99.04634162166475,99.10701027550647,7938400.0
2021-10-13,99.57508087158203,99.7137559318913,99.39307481421925,99.44507465563981,11662400.0
2021-10-14,99.80906677246094,99.8523977579619,99.5837231657331,99.68772282084667,9518200.0
2021-10-15,99.31505584716797,99.47106196403988,99.26305601234067,99.44506204662622,8689700.0
2021-10-18,99.17637634277344,99.25437608630493,98.864364143869,99.02037024332122,8703300.0
2021-10-19,98.82101440429688,99.08102674223701,98.80368333421546,99.03768914845085,7445200.0
2021-10-20,98.77769470214844,98.98570062881932,98.75169478786322,98.82102568849406,6230000.0
2021-10-21,98.51769256591797,98.76036727430147,98.48302380580749,98.71703628345577,7103900.0
2021-10-22,98.7690200805664,98.84702643124679,98.51767656986779,98.61301399159447,10204600.0
2021-10-25,98.89037322998047,98.99437951005778,98.78637356229302,98.78637356229302,4835000.0
2021-10-26,99.01168060302734,99.01168060302734,98.71700615062085,98.90768096683111,5603100.0
2021-10-27,99.5663833618164,99.72238945355438,99.08103401524886,99.35837744362873,16140300.0
2021-10-28,99.30638122558594,99.59239350622963,99.20237495651847,99.46238732299257,9940400.0
2021-10-29,99.3497314453125,99.54907517985308,98.96838827635075,99.03771919009533,11254300.0
2021-11-01,99.3419189453125,99.41997385043425,99.03836106361872,99.06437936532598,14479000.0
2021-11-02,99.58477020263672,99.70619336135213,99.4460037142759,99.45467207056566,12191100.0
2021-11-03,99.2725830078125,99.63685265155924,99.1077915235642,99.60215935924018,17031100.0
2021-11-04,99.81026458740234,99.88831948967761,99.44599514265384,99.44599514265384,12665400.0
2021-11-05,100.35665893554688,100.44338880194432,99.9316779582541,100.03575115110519,12955100.0
2021-11-08,99.92300415039062,100.19186872447385,99.87964252521915,100.19186872447385,7404300.0
2021-11-09,100.38270568847656,100.59086536731346,100.30465077171262,100.34801240867041,12345400.0
2021-11-10,99.5240249633789,100.23522034549349,99.34189028690533,100.20920205129207,19425100.0
2021-11-11,99.20313262939453,99.56740865595806,99.20313262939453,99.52404041418048,3746100.0
2021-11-12,99.41129302978516,99.6888325749721,99.32455654554916,99.56740943751934,10613400.0
2021-11-15,99.02098846435547,99.37658948517706,98.98629519766088,99.35057118942213,8021400.0
2021-11-16,98.93429565429688,99.22051024890868,98.91695232298699,99.02970051916748,6573700.0
2021-11-17,99.28984832763672,99.29851668052586,98.91690402444146,98.93424734728306,10006200.0
2021-11-18,99.35059356689453,99.37661186850976,99.12509059111996,99.14243391984161,10183400.0
2021-11-19,99.61944580078125,99.83627377673332,99.55873423219727,99.67148239754904,10731600.0
2021-11-22,98.89089965820312,99.25517568418401,98.83018809005043,99.15977084607766,10876200.0
2021-11-23,98.48328399658203,98.76949193850969,98.48328399658203,98.71745533398934,11543700.0
2021-11-24,98.78681182861328,98.8041551524881,98.43988579754401,98.50059735670135,8322900.0
2021-11-26,100.06177520751953,100.0791185338243,99.67148088648405,99.72352409952754,13878500.0
2021-11-29,99.8363037109375,99.91435862949263,99.44601588402855,99.47203419021359,13908200.0
2021-11-30,100.4347152709961,100.73827309627458,99.9316728079264,100.45205859655587,19416800.0
2021-12-01,100.62393188476562,100.62393188476562,99.95559677254745,100.0771122474962,24991000.0
2021-12-02,100.40696716308594,100.64131660986148,100.1726177163104,100.59792199784305,11448900.0
2021-12-03,100.99716186523438,101.24019281991279,100.15522847074354,100.2420242942577,19790900.0
2021-12-06,100.49374389648438,100.9277296667211,100.38090998017785,100.84961540668522,9863200.0
2021-12-07,100.11183166503906,100.42430194115427,100.04239897642236,100.21599063110985,7678400.0
2021-12-08,99.79069519042969,99.99032494861237,99.66049812695096,99.96428686033617,11126500.0
2021-12-09,100.04241943359375,100.1986546035991,99.90354078376744,100.03373786245498,9198400.0
2021-12-10,100.11183166503906,100.38958890789449,100.05975549305225,100.19863411447996,5051500.0
2021-12-13,100.58921813964844,100.67601396655304,100.34618717547669,100.36354369201877,5706900.0
2021-12-14,100.4156265258789,100.51977886936712,100.18995207815925,100.3809068706838,4749500.0
2021-12-15,100.26808166503906,100.45036153820512,100.0597703241183,100.17261087627807,8428000.0
2021-12-16,100.55997467041016,100.69898084068136,100.39490650025786,100.41228558563127,9085400.0
2021-12-17,100.785888671875,101.0725773905928,100.7250751099432,100.88145378750798,7933100.0
2021-12-20,100.6989974975586,101.08125127267594,100.6729288651864,100.95093462353545,13772100.0
2021-12-21,100.29936981201172,100.37756246197193,100.1082462160464,100.33412136441838,7672800.0
2021-12-22,100.39490509033203,100.46440817449155,100.20377492298283,100.45571863192689,5538200.0
2021-12-23,100.1864013671875,100.33409044827242,100.06477428533182,100.32540753398192,7209700.0
2021-12-27,100.2211685180664,100.27329252464305,100.12560342055595,100.15166542384428,3471800.0
2021-12-28,100.20378112792969,100.41229039331981,100.15165712567182,100.38622839219087,8314500.0
2021-12-29,99.69119262695312,99.9691983020493,99.62168955113455,99.88232277136515,11879900.0
2021-12-30,100.02133178710938,100.03002132945588,99.72595362911544,99.89102179280543,10296000.0
2021-12-31,99.90838623046875,100.17770236798603,99.90838623046875,100.04739238414103,7584500.0
2022-01-03,98.97881317138672,99.39582504236282,98.97881317138672,99.36107350076658,27744600.0
2022-01-04,98.92670440673828,98.94407686612216,98.67476066250299,98.75294667200022,15911800.0
2022-01-05,98.50970458984375,98.95277858270629,98.44020148739851,98.94408903785546,13715700.0
2022-01-06,98.26642608642578,98.35330162893264,98.15348854398476,98.28379854365554,10957400.0
2022-01-07,97.94500732421875,98.17088910193688,97.71044262948983,98.13613754935093,13318200.0
2022-01-10,97.9189224243164,97.95367396877776,97.63222715364473,97.69304069940728,8430700.0
2022-01-11,98.15351867675781,98.16220159394881,97.78863068112327,97.87551287848167,8086500.0
2022-01-12,98.17086791992188,98.54443874439035,98.15349546146777,98.31855701541001,7996500.0
2022-01-13,98.4836196899414,98.51837123308567,98.15348997233959,98.23167597327983,8431100.0
2022-01-14,97.80598449707031,98.24905177383268,97.7799224958701,98.23167931575898,10595700.0
2022-01-18,97.0675277709961,97.4758434839277,97.03277622832933,97.38896794135032,11594100.0
2022-01-19,97.30211639404297,97.49324661175446,97.16311018909619,97.22393037489591,10349700.0
2022-01-20,97.51058959960938,97.51058959960938,97.32814898189696,97.45846560259973,8297300.0
2022-01-21,98.07528686523438,98.21429302296055,97.86678425682354,98.05791440960782,13250000.0
2022-01-24,97.98843383789062,98.42281823829185,97.97105475009381,98.37937714697976,22377400.0
2022-01-25,97.8581314086914,98.2490747745757,97.7973178489276,98.0753236404451,13534000.0
2022-01-26,97.16307830810547,97.96235046793225,97.16307830810547,97.8754749324363,12694700.0
2022-01-27,97.5713882446289,97.75382883449187,97.38025811386457,97.39763719566731,11609400.0
2022-01-28,97.79730987548828,97.87550251919862,97.4063665414777,97.43242854665435,6713500.0
2022-01-31,97.79730987548828,97.86681297474628,97.55405565626566,97.61486921107132,8258600.0
2022-02-01,97.66509246826172,97.86510403990485,97.50856369227152,97.83031913029112,16338700.0
2022-02-02,97.86514282226562,98.09993276202277,97.74339890764404,97.74339890764404,5997100.0
2022-02-03,97.44769287109375,97.53465846339202,97.32594900332802,97.43030373336002,8032600.0
2022-02-04,96.69987487792969,96.91727568173307,96.60421799349251,96.89118864680404,8616400.0
2022-02-07,96.7259521484375,96.83030027046244,96.60420161516691,96.7259521484375,10294700.0
2022-02-08,96.41288757324219,96.5172356877559,96.36070688144092,96.46506163049905,8111500.0
2022-02-09,96.54330444335938,96.84767074520121,96.50852616813366,96.63896128658799,10113400.0
2022-02-10,95.6563491821289,96.24767960609117,95.6215642590081,96.18680764926619,16633900.0
2022-02-11,96.64772033691406,96.72598809206215,95.58680313845498,96.06508765728402,18315600.0
2022-02-14,95.97807312011719,96.37808965238162,95.83893347348076,96.12590401876074,11090000.0
2022-02-15,95.6911392211914,95.8650572115479,95.62156937123038,95.69983711107305,8490500.0
2022-02-16,95.8911361694336,95.95200812438554,95.60417217297186,95.93461898063306,9007700.0
2022-02-17,96.40421295166016,96.43899787640784,96.10854440857784,96.11724229840127,8749500.0
2022-02-18,96.71724700927734,96.72594489697565,96.49984625863054,96.56071820342987,8486800.0
2022-02-22,96.70853424072266,96.7172321270826,96.38677879083896,96.49983140988795,8392500.0
2022-02-23,96.20417022705078,96.4389667346414,96.0998221210495,96.35200776812572,7941800.0
2022-02-24,96.4302749633789,97.00421612096164,96.29114193503854,96.97812245826255,19162100.0
2022-02-25,96.40421295166016,96.42160209676099,96.07376611837617,96.28246903231627,8101900.0
2022-02-28,97.49989318847656,97.51728232971223,97.03030676057934,97.06509167759519,12291800.0
2022-03-01,98.44947052001953,98.78021517739899,97.96205594271811,98.00557130681969,28285600.0
2022-03-02,96.9698257446289,97.97076555329892,96.95241428469782,97.88372817522234,12303800.0
2022-03-03,97.38762664794922,97.5704071694131,97.0394704277919,97.21355185813434,12247400.0
2022-03-04,98.35372924804688,98.61484799960596,98.15353731978149,98.24928041931811,20102300.0
2022-03-07,97.93596649169922,98.42338784756696,97.86634056131307,97.8924511152738,13633200.0
2022-03-08,97.30055236816406,97.5442596377309,97.17869873338064,97.37018491390461,10819400.0
2022-03-09,96.70001220703125,96.98724156373339,96.59556999770469,96.90020417578557,7932300.0
2022-03-10,96.25611114501953,96.46500884092713,96.0559258204334,96.36926572376788,11100100.0
2022-03-11,96.2299575805664,96.3518111951166,96.04717715874114,96.1516259600087,5567600.0
2022-03-14,95.01146697998047,95.51628649345527,95.01146697998047,95.45535965697415,8622500.0
2022-03-15,94.96792602539062,95.5684951798792,94.89829347172004,95.51626744436336,9294400.0
2022-03-16,94.83739471435547,94.97665986291192,94.21942055882376,94.87221100149459,12847300.0
2022-03-17,94.65460205078125,95.08108989262803,94.4805272779331,94.89830938897941,7215900.0
2022-03-18,94.93307495117188,95.06363428131671,94.81122134717627,94.81122134717627,7509200.0
2022-03-21,93.69718170166016,94.3934874646624,93.62754913320177,94.24552323708373,11003600.0
2022-03-22,93.18364715576172,93.340317110067,93.10531549887259,93.30550082682949,7710300.0
2022-03-23,93.81031799316406,93.81031799316406,93.20974878572765,93.4099407350486,11222700.0
2022-03-24,93.28807830810547,93.56660188064076,93.2271514841298,93.26196776076243,11112300.0
2022-03-25,92.33067321777344,92.8703090169208,92.23493009717752,92.86160992634092,9055600.0
2022-03-28,92.53953552246094,92.87028015594518,92.36546079757977,92.47860870470002,12858500.0
2022-03-29,93.00086212158203,93.11401669672698,92.56566856309027,92.76586052182823,7539900.0
2022-03-30,93.36640930175781,93.39252648944525,92.74843533700303,92.8093621605556,6430100.0
2022-03-31,93.5405044555664,93.67106385112278,93.36642304798234,93.5056881740496,9147200.0
2022-04-01,92.93141174316406,93.24510479960769,92.53929209860391,92.63514312407342,10237000.0
2022-04-04,92.87040710449219,93.0446780529235,92.69612950805035,93.02725361728459,7372100.0
2022-04-05,91.7637710571289,92.61771470697883,91.66792003577808,92.60028362236363,9675600.0
2022-04-06,91.44136810302734,91.77248557891393,91.18867056300434,91.18867056300434,9054400.0
2022-04-07,91.2148208618164,91.46751843043002,91.02311879955701,91.2148208618164,5518900.0
2022-04-08,90.75298309326172,90.98824953996795,90.62227655708688,90.69198759611487,8091800.0
2022-04-11,90.31732177734375,90.53516384306431,90.20403964844122,90.43059725823403,7356400.0
2022-04-12,90.75298309326172,91.1363805118945,90.64841653471973,90.78783861277572,12211000.0
2022-04-13,90.95339965820312,91.41523033438222,90.89240415727546,91.0056862647204,6346100.0
2022-04-14,90.13430786132812,90.8575382473476,90.02974130826026,90.82268937766855,6158700.0
2022-04-18,89.87291717529297,90.23018133453652,89.84677719252137,90.21275024734753,4591500.0
2022-04-19,89.2803955078125,89.68993967381367,89.21939999253654,89.52437756891636,7004900.0
2022-04-20,89.97745513916016,90.11687055227482,89.54177117016094,89.6463310679945,7479300.0
2022-04-21,89.48080444335938,89.73350202436785,89.11482473927116,89.72478648074357,9137500.0
2022-04-22,89.52434539794922,89.76832737137708,89.21065238982476,89.25422344851268,5451600.0
2022-04-25,90.0994644165039,90.60485951870359,90.04717780895871,90.23017096335019,8617400.0
2022-04-26,90.7007064819336,90.85755301302012,90.41316004828441,90.70942202477488,9575400.0
2022-04-27,90.19534301757812,90.73558715930224,90.1517719393041,90.64845165076737,7908900.0
2022-04-28,90.06462097167969,90.09076095495206,89.71607234935345,89.89034998452259,6943500.0
2022-04-29,89.5853500366211,89.9338985976754,89.35879912274503,89.40236353787002,10012500.0
2022-05-02,88.91795349121094,89.17968482836426,88.8307119308613,89.11861507050908,11327000.0
2022-05-03,89.02261352539062,89.51117140256198,89.00516122629058,89.44137551836555,8129100.0
2022-05-04,89.59844207763672,89.66823798453895,88.82198091763556,88.98774453250233,11934700.0
2022-05-05,88.6998519897461,89.01392695216855,88.2461918529719,88.89178742857146,11675700.0
2022-05-06,88.19381713867188,88.64748380578163,88.10657559687476,88.24616738863253,12538400.0
2022-05-09,88.84815979003906,88.89178389935097,88.19383808698794,88.23746219629983,7301200.0
2022-05-10,89.14480590820312,89.49377888022272,89.09246229203723,89.25821929526452,8054600.0
2022-05-11,89.69441223144531,89.72931018584804,88.8045376905404,88.92667720289785,7167900.0
2022-05-12,89.99103546142578,90.35745397384635,89.86889595728559,89.96486366141056,8132400.0
2022-05-13,89.5199203491211,89.807823452672,89.46757675069496,89.74675370247364,6016900.0
2022-05-16,89.89505767822266,90.14806281017563,89.74674639069599,89.84271408406102,3315600.0
2022-05-17,89.21456909179688,89.55481578421526,89.18839729331906,89.29308448723033,4286800.0
2022-05-18,89.85144805908203,89.94741576791279,89.15350895207226,89.21457870713691,4465500.0
2022-05-19,90.17424011230469,90.67152425550806,90.10444421175951,90.64535245682949,5137600.0
2022-05-20,90.5929946899414,90.72386032858427,90.09571058798082,90.12188904059168,5908800.0
2022-05-23,90.04336547851562,90.53192342137797,90.03463932779229,90.35744034352791,5720600.0
2022-05-24,90.8198471069336,91.14264819594686,90.47960036861618,90.50577217062455,6786600.0
2022-05-25,91.00305938720703,91.14265121067467,90.79367830811005,91.14265121067467,4274500.0
2022-05-26,90.95945739746094,91.09032309018275,90.62793008841822,91.05542512838323,3478900.0
2022-05-27,91.09029388427734,91.24732467786865,90.9245302829041,91.12518517878419,2508200.0
2022-05-31,90.13933563232422,90.409786407216,89.991024346487,90.40106691235707,6773200.0
2022-06-01,89.63184356689453,90.29572030580806,89.46587271605979,90.20836301731056,5555900.0
2022-06-02,89.76286315917969,89.90262280974446,89.55321368669547,89.89389241337614,3014300.0
2022-06-03,89.588134765625,89.66675496592265,89.38722906433034,89.4134335762885,2687800.0
2022-06-06,88.91554260253906,89.45712704238159,88.86313356993067,89.36976976880187,4800600.0
2022-06-07,89.273681640625,89.47459403863186,89.1339219995794,89.15138945555101,3230000.0
2022-06-08,88.94173431396484,89.2474647342052,88.93299725497988,89.10770511256246,2917900.0
2022-06-09,88.8631362915039,89.04657457567568,88.67096094682171,88.82819471388673,4178600.0
2022-06-10,87.98963165283203,88.49626795248567,87.87606984035787,88.40891732595405,4443400.0
2022-06-13,86.4260025024414,87.17722964079086,85.97176873001347,87.05493747077335,9200800.0
2022-06-14,85.73594665527344,86.74049548811519,85.5961803259205,86.61820328214405,7829800.0
2022-06-15,86.93265533447266,86.96759691324978,85.95431778641229,86.43474949964202,10256200.0
2022-06-16,87.50044250488281,87.5441211435509,85.98052051406276,86.0853452482114,9168800.0
2022-06-17,87.52665710449219,87.7537740557635,86.95887472295192,87.57907280981655,7029700.0
2022-06-21,87.07243347167969,87.30828082991606,86.95887832355486,87.05496601213189,10342000.0
2022-06-22,88.17306518554688,88.330298970546,87.97215275743818,88.08570789932772,9501900.0
2022-06-23,88.67095184326172,89.24747115369442,88.57486418078564,88.71462381248115,9247200.0
2022-06-24,88.35648345947266,88.88933079536723,88.28660031211054,88.55738917760905,5127000.0
2022-06-27,87.85858154296875,88.24292554143624,87.7450197574286,87.84984448306011,5439400.0
2022-06-28,87.97213745117188,87.9983419667082,87.6402024803383,87.7624946624572,3763300.0
2022-06-29,88.67970275878906,88.67970275878906,88.04203721235534,88.12065077379566,3559600.0
2022-06-30,89.36105346679688,89.57069629471914,89.10773199519586,89.18634555650722,5409500.0
2022-07-01,90.3189697265625,90.95760932806827,90.0915148982219,90.21399262872399,63222900.0
2022-07-05,90.65144348144531,91.00137615022507,90.4939711106793,90.76517093134495,6651400.0
2022-07-06,89.88156127929688,90.992618016825,89.86406731845861,90.98386769913749,4754700.0
2022-07-07,89.33042907714844,89.90782334254085,89.2604398708772,89.90782334254085,4058100.0
2022-07-08,88.78800201416016,89.0941963769478,88.68302490379669,89.08545273410853,3664900.0
2022-07-11,89.48789978027344,89.63662183491465,89.21669995421736,89.26043820141527,2765700.0
2022-07-12,89.6978530883789,90.13527557036615,89.62786388937198,89.9603092473862,3669200.0
2022-07-13,90.08279418945312,90.15278339403935,89.04172646348138,89.15546058956846,6809400.0
2022-07-14,89.58413696289062,89.794097911898,89.17295870995326,89.40916394326929,5370400.0
2022-07-15,89.89030456542969,90.10026545174887,89.61910480916174,89.6453490856346,3834000.0
2022-07-18,89.62784576416016,89.75907381712588,89.26041255548492,89.60160148847422,3150700.0
2022-07-19,89.21670532226562,89.59288897839946,89.12921547352975,89.51414944944486,2996100.0
2022-07-20,89.12923431396484,89.66289046627557,89.0592517645367,89.6541468191844,53057500.0
2022-07-21,90.14401245117188,90.14401245117188,89.40039567755146,89.48787882600038,5344300.0
2022-07-22,91.17634582519531,91.38630675369329,90.82640649467365,90.98387885968151,7747100.0
2022-07-25,90.85265350341797,90.8963984239978,90.5902040035523,90.61644828608509,2994500.0
2022-07-26,90.88762664794922,91.59624880719196,90.85263205465453,91.46502742550715,4736300.0
2022-07-27,91.07136535644531,91.51753818605164,91.0013761528722,91.10635995823186,7475300.0
2022-07-28,91.9724349975586,92.1386576518738,91.63999636346456,91.94619072046385,5768100.0
2022-07-29,92.00745391845703,92.36614359901905,91.69250916097658,91.7887426521255,5961100.0
2022-08-01,92.5455322265625,92.60687843022548,92.13363342215328,92.27385713694567,9672400.0
2022-08-02,91.26604461669922,92.67701435357695,91.20469839710613,92.51050032058005,9269700.0
2022-08-03,91.64287567138672,91.6516413262561,90.64380497581531,91.12581570009783,7829500.0
2022-08-04,92.10735321044922,92.13364348828647,91.60781787283501,91.73927594825675,9873200.0
2022-08-05,90.77526092529297,90.94176824649333,90.57369098543727,90.90671900030884,10047200.0
2022-08-08,91.30985260009766,91.35366750114096,91.0644677583017,91.14333859192091,6681300.0
2022-08-09,91.03817749023438,91.21345716600614,90.95054099546647,91.05570880092954,3814700.0
2022-08-10,91.09076690673828,91.76557528739107,91.08200125118181,91.4500785497197,7260300.0
2022-08-11,90.48605346679688,91.39748764062665,90.38965132529903,91.30108549912882,8309300.0
2022-08-12,90.8453598022461,90.8804090434197,90.5473877623946,90.83659414883546,4128600.0
2022-08-15,91.13457489013672,91.43254698029952,91.09951895680959,91.292323246991,3441100.0
2022-08-16,91.0293960571289,91.06445198363225,90.60873162532309,90.95928420412221,3241800.0
2022-08-17,90.41595458984375,90.5824686193004,90.23191593497728,90.53864702642139,6366700.0
2022-08-18,90.59122467041016,90.90672138422757,90.51234714883799,90.661329850853,3709200.0
2022-08-19,89.8112564086914,89.99529506016836,89.70608859946049,89.93394884300938,6678000.0
2022-08-22,89.41687774658203,89.78495503145594,89.37306284289849,89.7411401277724,4125800.0
2022-08-23,89.19780731201172,89.82003527711343,89.13646108126191,89.26791920036513,7755000.0
2022-08-24,88.89978790283203,89.07506083118408,88.76832986345119,88.98742436700805,3504600.0
2022-08-25,89.46944427490234,89.50450020409322,88.85598222964892,88.96990898484317,6645300.0
2022-08-26,89.36429595947266,89.59215618869739,89.05756489296002,89.26789381196357,5535900.0
2022-08-29,88.85600280761719,89.02251683827781,88.73331037015244,89.02251683827781,4416900.0
2022-08-30,88.8297119140625,89.14520866143673,88.53173979210402,88.8560021953043,4474200.0
2022-08-31,88.46161651611328,88.89980561050855,88.31262714248031,88.69823568514335,5797600.0
2022-09-01,87.7583999633789,88.0656759373666,87.5564786225215,87.87252912568465,10324200.0
2022-09-02,88.25001525878906,88.48706143825946,87.98663880151426,88.10954915453155,5741900.0
2022-09-06,87.26676940917969,87.7408552708766,87.22286996531129,87.71451828380144,6769400.0
2022-09-07,87.83740234375,87.94275026045352,87.56523793000291,87.60913736070452,7169700.0
2022-09-08,87.51258850097656,88.02179256814655,87.51258850097656,87.82864573590176,5773600.0
2022-09-09,87.5213623046875,87.87253102649036,87.41600766927823,87.70572789306821,5780600.0
2022-09-12,87.31063079833984,87.8373971431198,87.15260223452832,87.76716073740083,4034200.0
2022-09-13,86.81901550292969,86.87168947402725,86.60831292042509,86.70488633284685,5100500.0
2022-09-14,86.86289978027344,87.0736023259949,86.64341600819724,86.68730874374458,3866600.0
2022-09-15,86.56439208984375,86.73120188792133,86.47659992700233,86.62584727364401,4622600.0
2022-09-16,86.6346435546875,86.90680131622517,86.43271551675986,86.49417071123978,4718200.0
2022-09-19,86.38880157470703,86.57316711289869,86.248328765735,86.30978394513221,3879000.0
2022-09-20,85.8532485961914,86.07273230565151,85.63376488673129,85.77423097776791,4869100.0
2022-09-21,86.19567108154297,86.28346325466586,85.42309058070263,86.00252428180451,5414900.0
2022-09-22,84.89634704589844,85.35287718626465,84.79977361997925,85.30020320780518,6662400.0
2022-09-23,85.0016860961914,85.13337771627917,84.52760028274388,84.86121994671475,7630600.0
2022-09-26,83.58819580078125,84.54514849395609,83.46528542890381,84.53636726793259,8015500.0
2022-09-27,83.01753997802734,83.71110950299303,82.97364724238942,83.61453610723115,8668400.0
2022-09-28,84.8875503540039,84.98412375471146,83.86036115539738,84.19398079351934,8471700.0
2022-09-29,84.49248504638672,84.79098650897214,84.1852090541034,84.26422670818441,6056500.0
2022-09-30,84.27299499511719,85.05435675966213,83.98328147991957,84.86121664890165,8847200.0
2022-10-03,85.27316284179688,85.89771272856171,84.87731682712852,85.07963901833966,10579900.0
2022-10-04,85.44908142089844,85.94168258705493,85.29074437303562,85.61621683563905,7361400.0
2022-10-05,84.63980865478516,84.96527441579802,84.4286948218055,84.93888602557404,8603700.0
2022-10-06,84.17362213134766,84.61344666883207,84.05926345644022,84.49908799392463,11298400.0
2022-10-07,83.76013946533203,84.03282837951869,83.62819083514343,83.73375108153154,5085300.0
2022-10-10,83.2675552368164,83.68978288534854,82.9684711671843,83.63700610707889,3829100.0
2022-10-11,83.47870635986328,83.94491933938515,83.24999569985975,83.54907990312445,5498500.0
2022-10-12,83.75135040283203,83.86570231573096,83.31152606080822,83.36430283427129,5847400.0
2022-10-13,83.39950561523438,83.77775489051673,82.66060379999712,82.66940216766083,6220100.0
2022-10-14,82.93331909179688,83.85695336487997,82.88934066191071,83.84815499442664,5886200.0
2022-10-17,83.02125549316406,83.66340210230328,82.9772770776703,83.53145343344585,3215200.0
2022-10-18,83.23236846923828,83.3907055152125,82.74855896454277,83.24116012482368,4006600.0
2022-10-19,82.36148834228516,82.748535837869,82.29991321445914,82.58140047183313,5762600.0
2022-10-20,81.74578094482422,82.3791292916909,81.68420578394492,82.16801541313174,5738400.0
2022-10-21,81.93049621582031,82.0976316507424,81.34993144434567,81.45548501487468,7528500.0
2022-10-24,81.82490539550781,82.18556452337945,81.53462647370223,81.9040772550445,6210800.0
2022-10-25,82.8453140258789,83.07402456477905,82.65179023997777,82.7221637459758,6301500.0
2022-10-26,83.2675552368164,83.40829554926462,83.03884467900215,83.04764304577624,6692700.0
2022-10-27,83.8569564819336,83.98010682809694,83.2763848118574,83.53148387496447,7238100.0
2022-10-28,83.4259033203125,83.73378582222007,83.19719942502944,83.3203497413169,5659800.0
2022-10-31,83.04767608642578,83.17961808459323,82.69581509853558,83.06526611578472,4586900.0
2022-11-01,83.03266906738281,83.73790055096657,82.89161873527605,83.71145529510906,6066400.0
2022-11-02,82.89161682128906,83.6321175964512,82.68004805366411,83.13844817112648,7581400.0
2022-11-03,82.5301742553711,82.68003516217034,82.1422926371624,82.15110996275318,8403900.0
2022-11-04,82.35385131835938,82.8210686329026,82.33622339497857,82.54779210378818,5287000.0
2022-11-07,82.06295776367188,82.50372992497805,82.04532983650537,82.4596567442371,4289300.0
2022-11-08,82.60951232910156,82.75937324011015,82.26571060354117,82.2921558554075,4679200.0
2022-11-09,82.89161682128906,82.94450733178284,82.45966195907357,82.52136979653292,3658100.0
2022-11-10,84.75166320800781,84.7869257848989,84.12576760090113,84.12576760090113,9608300.0
2022-11-11,84.57535552978516,84.68113653290915,84.31970689615429,84.3637800722397,2840200.0
2022-11-14,84.37259674072266,84.4960123938388,84.21391851162353,84.48719506843088,4130800.0
2022-11-15,84.99848175048828,85.06018956936451,84.57534434266492,84.7869130465766,6841600.0
2022-11-16,85.62442016601562,85.7125800019955,85.19246521744924,85.39522342429129,6140100.0
2022-11-17,85.0425796508789,85.18362324146463,84.85745615505745,85.09547015664239,5986800.0
2022-11-18,84.74285125732422,85.14836082881841,84.72522333058502,85.0425798170847,3102100.0
2022-11-21,84.68994903564453,85.1659836995405,84.66350378636947,85.10427587601593,4477700.0
2022-11-22,85.17481231689453,85.2629654013814,84.96323684334699,85.05139665348308,5532800.0
2022-11-23,85.63318634033203,85.66844890852906,85.20123164980099,85.28938470746996,5236500.0
2022-11-25,85.60677337646484,85.61559070325076,85.377569959579,85.39520461315085,1345400.0
2022-11-28,85.64202117919922,85.81832733059511,85.51860552809238,85.70372900475263,4218400.0
2022-11-29,85.28057098388672,85.58029946339008,85.25412573803443,85.29820563155323,3356600.0
2022-11-30,86.04753112792969,86.04753112792969,84.98086343778641,85.13072433976926,7127100.0
2022-12-01,86.98736572265625,87.00502875316346,86.1835596842064,86.21005759948848,17629100.0
2022-12-02,87.16402435302734,87.172859237941,86.2188938385466,86.49271461948582,5783700.0
2022-12-05,86.28074645996094,86.6782287744341,86.23657876322198,86.6428959648518,6295800.0
2022-12-06,86.81072235107422,86.9255556633076,86.43090308400932,86.50156870091539,5745500.0
2022-12-07,87.57035064697266,87.66751417409765,87.11103766887183,87.16403350583333,5386200.0
2022-12-08,87.07571411132812,87.34070006331848,86.96088080032598,87.11104691940233,5325800.0
2022-12-09,86.43089294433594,86.89021266129592,86.43089294433594,86.81954705268002,4343100.0
2022-12-12,86.30724334716797,86.90788762477375,86.19241677168608,86.82839385845035,5192200.0
2022-12-13,87.08454132080078,87.67635742586212,87.00504755777337,87.57035900278157,7856600.0
2022-12-14,87.32303619384766,87.43786276470779,86.74888986145893,87.1375440075148,6533200.0
2022-12-15,87.49296569824219,87.62571987867291,87.21861201026799,87.44871205404591,4344200.0
2022-12-16,87.27171325683594,87.43101692707437,86.79380224612062,86.88230278466236,4432800.0
2022-12-19,86.56365966796875,86.7849142989591,86.49286331769001,86.77606897527143,3951100.0
2022-12-20,85.9353256225586,86.12117876352859,85.83797301269463,85.91762821720047,4199800.0
2022-12-21,86.0415267944336,86.32473253369217,85.92647003175648,86.28933097226516,4406600.0
2022-12-22,86.01496124267578,86.27161745095671,85.97070761111983,86.05920812207556,2143100.0
2022-12-23,85.62556457519531,85.80256562539225,85.57246561056769,85.60786717103852,3164900.0
2022-12-27,84.90869140625,85.32465125192142,84.873289850006,85.15649554780154,4780800.0
2022-12-28,84.70513916015625,85.10340162735974,84.68744175706485,85.03259851068043,3161200.0
2022-12-29,85.1211166381836,85.20076509680587,84.8910098374555,84.93526348257338,4021800.0
2022-12-30,84.76710510253906,85.20076245216882,84.62550559644197,84.83790823166662,5043800.0
2023-01-03,85.43086242675781,85.84682233698324,85.26270669654137,85.76717388719071,6808300.0
2023-01-04,86.08576202392578,86.21851617325943,85.83795787965312,86.14771305999395,7800100.0
2023-01-05,85.96188354492188,86.04153875724687,85.46627512035165,85.58132514686734,3177900.0
2023-01-06,87.06815338134766,87.11240702539656,85.91763290981508,85.9972813665134,6807700.0
2023-01-09,87.28939819335938,87.4487018408394,86.90883985505471,86.96194557231959,4988000.0
2023-01-10,86.74069213867188,87.02389787694577,86.58138848888298,86.92654527139936,4026900.0
2023-01-11,87.29825592041016,87.3159600780298,86.9442470417524,86.9973527624536,7118700.0
2023-01-12,88.07707977294922,88.07707977294922,87.15666603987225,87.58147133942185,5768000.0
2023-01-13,87.60799407958984,88.05935548069772,87.49294408612002,87.8469528957702,5573500.0
2023-01-17,87.33362579345703,87.63452884222738,87.29822424322136,87.31592839441684,3709000.0
2023-01-18,88.51956939697266,88.55497095602891,88.10361627041497,88.38682199070796,7926400.0
2023-01-19,88.35140991210938,88.48416405472472,88.17440213790354,88.34255783536004,4234100.0
2023-01-20,87.76728820800781,88.01509232229824,87.66993562708575,87.90004234127932,8822700.0
2023-01-23,87.48408508300781,87.74074128088107,87.44868352962986,87.47523300662435,4334900.0
2023-01-24,87.98854064941406,88.00624480122464,87.30707935212827,87.59913708760313,3540300.0
2023-01-25,88.0859375,88.26294534629254,87.80273169809088,88.0505359307415,2924700.0
2023-01-26,87.76728820800781,88.08589542699714,87.6433861508626,87.91773974137618,2875400.0
2023-01-27,87.63452911376953,87.63452911376953,87.41327448822743,87.43983071510294,5524100.0
2023-01-30,87.36017608642578,87.57257863767421,87.31592921233317,87.3867255613124,2584600.0
2023-01-31,87.8027114868164,87.83811304792584,87.38675158397727,87.75846459954764,4856400.0
2023-02-01,88.43418884277344,88.48740151427582,87.65370700540066,87.98186083515392,20159100.0
2023-02-02,88.39871215820312,88.87764650528673,88.37210582224567,88.70913068873422,5823000.0
2023-02-03,87.44969940185547,87.80446627548352,87.33440304373786,87.63595048802175,5267000.0
2023-02-06,86.69583892822266,86.95304478665331,86.65149052391457,86.82887737453044,5500400.0
2023-02-07,86.48297882080078,87.03286112429838,86.4386304178533,86.60714622911419,5678900.0
2023-02-08,86.80228424072266,86.81114850963931,86.38543353664537,86.5716846831574,6137600.0
2023-02-09,86.41201782226562,87.04172585212369,86.31445675614239,87.02399055219936,7358300.0
2023-02-10,85.99517059326172,86.36767280580654,85.93308689117092,86.34106647156992,5290000.0
2023-02-13,86.19916534423828,86.24350697990545,85.98630113321774,86.00404320077753,17262300.0
2023-02-14,85.80892181396484,86.13708240055306,85.57832229996728,85.93308922151364,7133600.0
2023-02-15,85.55171203613281,85.85326627391431,85.43641566773701,85.6581441376938,4964700.0
2023-02-16,85.26789093017578,85.5250967403674,85.18807193733106,85.34771668963569,27126400.0
2023-02-17,85.50736999511719,85.53397632872682,85.05504202390586,85.08164835751549,4540500.0
2023-02-21,84.57611083984375,84.99296145941825,84.55836877237209,84.92200672276384,11382100.0
2023-02-22,84.72687530517578,84.97521008966474,84.68253367458297,84.8244363657415,30136400.0
2023-02-23,85.0550765991211,85.14376666941133,84.7091805883561,84.75352224019191,7059800.0
2023-02-24,84.54064178466797,84.65593816810676,84.35439065759758,84.51403544746032,10757200.0
2023-02-27,84.7978515625,84.93089002128494,84.65594206869817,84.84219997096734,3693200.0
2023-02-28,84.9308853149414,84.95749165190063,84.43420888077485,84.54064099522842,4690000.0
2023-03-01,84.25187683105469,84.6962432557322,84.20743747638952,84.5540427451985,8328600.0
2023-03-02,83.90528106689453,83.97637454972119,83.7275304085921,83.79863067191307,12952800.0
2023-03-03,84.58073425292969,84.58073425292969,84.10081752695186,84.34966851043724,5696900.0
2023-03-06,84.42962646484375,84.80289265979081,84.36741543235257,84.77623175736517,3766400.0
2023-03-07,84.43852996826172,84.68737414029779,84.23411838094914,84.58072373207013,5053300.0
2023-03-08,84.41184997558594,84.9273098809016,84.3051995914722,84.76733769497781,5163500.0
2023-03-09,84.93623352050781,85.06954485953854,84.50075614147072,84.55407796488446,12498800.0
2023-03-10,86.50037384033203,86.5803565458221,85.91380687809621,86.03822894029886,11041300.0
2023-03-13,87.54907989501953,88.35782330832417,87.22024628097606,87.94011776036174,23930600.0
2023-03-14,86.72257995605469,87.25581847490166,86.54482926277527,87.17582896780202,47886700.0
2023-03-15,87.9756851196289,88.67778506193115,87.5579794898609,88.21564684674873,25157400.0
2023-03-16,87.1846923828125,88.65999218797536,87.07804877891691,88.45558064635276,13961000.0
2023-03-17,88.21565246582031,88.54447938471425,87.7801683497513,87.86015785738476,12293700.0
2023-03-20,87.86015319824219,88.36673078473841,87.65574160557041,88.3578415553626,7982400.0
2023-03-21,87.09586334228516,87.50467984635462,86.97144122280737,87.25583560739904,9851600.0
2023-03-22,88.24230194091797,88.31340220949144,86.87365228310533,86.94475255167879,10705200.0
2023-03-23,88.74886322021484,88.81996347575503,87.96678075075349,88.10008525427438,7118800.0
2023-03-24,88.77554321289062,89.38877118294113,88.66001035816163,89.26434909923451,9135800.0
2023-03-27,87.68238067626953,88.10896862014599,87.65571299684576,87.93122477361298,8284400.0
2023-03-28,87.6290512084961,87.76236248228932,87.41575723872276,87.49573993470287,13324800.0
2023-03-29,87.47801208496094,87.64687356839055,87.2647180083369,87.30026815119032,13404700.0
2023-03-30,87.61132049560547,87.6913032289785,87.37135873449394,87.39801964561828,4157500.0
2023-03-31,88.0912094116211,88.15342044475912,87.61129282148735,87.75348656273397,6330100.0
2023-04-03,88.50617980957031,88.65756212771467,87.92735747050986,87.98969176585922,7226600.0
2023-04-04,89.07608032226562,89.17403516903907,88.11434553245043,88.1321592103697,6763200.0
2023-04-05,89.4500961303711,89.73505386390357,89.3165275005342,89.40557551840156,6257100.0
2023-04-06,89.4768295288086,89.69054616123645,89.4590158463142,89.48572957612653,4264700.0
2023-04-10,88.59525299072266,88.83569019386752,88.48839805059656,88.7733558808171,6025100.0
2023-04-11,88.55960083007812,88.67536936583613,88.35479107192315,88.66646252602517,5459000.0
2023-04-12,88.8178482055664,89.00485108512808,88.41712871992402,88.9692373123883,5857200.0
2023-04-13,88.52400207519531,89.11172451778022,88.45276093247918,88.96034218495541,39858200.0
2023-04-14,88.0876235961914,88.24791271288188,87.97186187621985,88.23010583055044,4968500.0
2023-04-17,87.52664947509766,87.8027004202237,87.49993574414088,87.74927295831016,5681000.0
2023-04-18,87.66912841796875,87.86503817792611,87.53555975793402,87.55336664796205,5061300.0
2023-04-19,87.48210906982422,87.54444336410992,87.25058557329365,87.46430218314053,4648100.0
2023-04-20,87.98970794677734,88.06094909568574,87.87394617524863,87.96299421441918,4608000.0
2023-04-21,87.77598571777344,88.24794640993161,87.70474457339084,88.176705265549,5948100.0
2023-04-24,88.20339965820312,88.22120654205843,87.95405572673691,88.0163900111216,5143700.0
2023-04-25,89.07608032226562,89.11170088417664,88.68426093517184,88.7020746130911,13076800.0
2023-04-26,88.72880554199219,89.16514562064252,88.59523010740529,89.05829070811606,5903000.0
2023-04-27,88.14999389648438,88.40823795634275,88.05203901881639,88.36371733535798,5065800.0
2023-04-28,88.8089599609375,88.81786000834094,88.4883816122514,88.68428456406686,8525900.0
2023-05-01,87.76367950439453,88.52241622015467,87.64763966183108,88.46886041747146,17442000.0
2023-05-02,88.9062271118164,88.93300500665683,88.01359429581375,88.06715689574249,8540700.0
2023-05-03,89.48645782470703,89.51323572493988,88.9865855263625,89.14725973800886,9534800.0
2023-05-04,89.46862030029297,89.9774209044983,89.2276055449982,89.24546202107571,12014100.0
2023-05-05,88.98657989501953,89.02228602982015,88.76342166020224,88.9508737602189,11254400.0
2023-05-08,88.44207000732422,88.6295221004527,88.39743563790137,88.43314177138993,7022400.0
2023-05-09,88.33495330810547,88.5224054048441,88.31710364614173,88.43314347452791,7317200.0
2023-05-10,88.9955062866211,89.06691856020687,88.72772047604832,88.73664871280884,9930800.0
2023-05-11,89.32579040527344,89.62928918823832,89.22760022345389,89.5221707689125,5979600.0
2023-05-12,88.79021453857422,89.3257930304436,88.76343663551826,89.25438074879435,5107300.0
2023-05-15,88.59382629394531,88.59382629394531,88.47778645426772,88.54027049259402,4459100.0
2023-05-16,88.30817413330078,88.37065816464361,88.05823800792945,88.25461833793511,7194000.0
2023-05-17,88.02252960205078,88.38850554468328,87.91541120383594,88.3617276476917,5542600.0
2023-05-18,87.47806549072266,87.71015206113996,87.44235934063909,87.70122382105613,9448900.0
2023-05-19,87.14775085449219,87.5672894229183,86.99600489024198,87.16560732690328,12923500.0
2023-05-22,86.98709869384766,87.38878770188693,86.94247112201033,87.16562941194863,7034700.0
2023-05-23,87.12989044189453,87.23700883239796,86.79069242067234,86.86209787075997,8264200.0
2023-05-24,86.90674591064453,87.27272188451622,86.86211153834964,87.23702255897916,7415400.0
2023-05-25,86.36225891113281,86.81750373319345,86.29084662330945,86.7460914453701,11647700.0
2023-05-26,86.52291107177734,86.52291107177734,86.04088846736437,86.22834056737238,7408900.0
2023-05-30,87.2013168334961,87.2013168334961,86.71929421348929,86.7817782488467,7883000.0
2023-05-31,87.53158569335938,87.66548199912624,87.13883182275863,87.25487165562379,10817900.0
2023-06-01,87.77497863769531,88.02550755975076,87.6586635885699,87.79287746149993,18161600.0
2023-06-02,87.0770492553711,87.64968857463312,87.00546763386355,87.62284717316757,7585400.0
2023-06-05,87.05020141601562,87.29178083773837,86.62966795375877,86.7191415608265,6243100.0
2023-06-06,87.10391998291016,87.13076139341264,86.84444163738374,87.08602798470899,3986200.0
2023-06-07,86.46861267089844,87.07704275549791,86.37913906389235,86.98756914849183,8226600.0
2023-06-08,87.05020141601562,87.06809340686972,86.58492773702557,86.62071854513239,5841900.0
2023-06-09,86.73705291748047,86.86231735076426,86.58494025443619,86.75494491092117,6421900.0
2023-06-12,86.88021087646484,86.89810969662085,86.49546815990783,86.87126146638684,5261700.0
2023-06-13,86.26284790039062,87.07706682351355,86.12863403958559,87.01443459865793,9173500.0
2023-06-14,86.379150390625,86.63862866344658,86.05703990204644,86.52230681532683,7704400.0
2023-06-15,87.05020141601562,87.11283362360291,86.77283118618605,86.88914619273424,5959100.0
2023-06-16,86.67442321777344,86.83547846901513,86.42388751753094,86.62073358309298,6538100.0
2023-06-20,86.93389129638672,87.13967992157089,86.83546827515984,86.83546827515984,5477300.0
2023-06-21,87.01441955566406,87.08600117923851,86.56704464792286,86.70125848552509,5119600.0
2023-06-22,86.52229309082031,86.90703573412644,86.45966088499831,86.75492992375851,4102100.0
2023-06-23,86.88021087646484,87.23811218918762,86.77284526112784,87.21127078535336,4112100.0
2023-06-26,87.09494018554688,87.17547121536069,86.9338917787174,87.10388959472598,2976600.0
2023-06-27,86.79075622558594,87.23813125767659,86.67444117474682,87.0770759730679,4752500.0
2023-06-28,87.13970947265625,87.17550029491251,86.74601725423864,86.91602195335558,5257300.0
2023-06-29,86.24493408203125,86.41493873125077,86.09282825188713,86.35230651728558,8268700.0
2023-06-30,86.43284606933594,86.4865357096949,86.17336775786933,86.27179080106013,7450600.0
2023-07-03,86.05793762207031,86.65886851351223,86.05793762207031,86.38979457150333,4687100.0
2023-07-05,85.64535522460938,86.10277814952224,85.53773113133624,86.05793021543576,10181200.0
2023-07-06,84.94575500488281,85.08029193858401,84.63184005480183,84.99060293039412,9285100.0
2023-07-07,84.838134765625,85.16102071000766,84.79329367730347,84.82917065366082,6577600.0
2023-07-10,85.27763366699219,85.40319967913064,84.96371863664606,84.97268274977421,6622700.0
2023-07-11,85.45699310302734,85.58255908779743,85.32245616424999,85.43905803784574,6327100.0
2023-07-12,86.29112243652344,86.40771747880436,85.89648253521318,86.02205537522123,8255100.0
2023-07-13,87.00865173339844,87.06246377922446,86.62298277169947,86.71267179568748,9742600.0
2023-07-14,86.57813262939453,86.92792460400716,86.54225565214789,86.82030051510095,7491100.0
2023-07-17,86.72166442871094,86.80238251762705,86.53331537840442,86.64093949695922,3182400.0
2023-07-18,86.82032775878906,87.10733682399018,86.76650885461419,86.99970585847632,3626500.0
2023-07-19,87.11628723144531,87.17010612715191,86.81134314139204,86.9817570992658,5059300.0
2023-07-20,86.42567443847656,86.7037125030889,86.2732023929043,86.66783552010105,9486600.0
2023-07-21,86.49742126464844,86.69474123337673,86.47051524033716,86.61401631760867,4560100.0
2023-07-24,86.29112243652344,86.7395743815274,86.25524545978308,86.64988536109334,7451100.0
2023-07-25,86.12968444824219,86.18349649505082,85.94133544157793,85.95030639699071,4079300.0
2023-07-26,86.42567443847656,86.47052237792008,86.07588240788851,86.32701444596867,4880100.0
2023-07-27,85.48388671875,86.19244144019075,85.3672917049048,86.09378148892482,8522800.0
2023-07-28,85.76197052001953,85.86959463011347,85.60052751204354,85.681245594614,5794100.0
2023-07-31,85.86959075927734,86.02206964642876,85.71711871496069,85.72608967134249,6347000.0
2023-08-01,85.36784362792969,85.58364412907207,85.2239720537186,85.4577599317245,7714000.0
2023-08-02,85.19700622558594,85.23297412267524,84.8463278041838,85.11608360226617,8009200.0
2023-08-03,84.56755828857422,84.74739085666782,84.48662883081118,84.62150668696775,11057900.0
2023-08-04,85.46672821044922,85.53865711599568,84.88226211928645,84.88226211928645,10189900.0
2023-08-07,85.25992584228516,85.40379739269484,85.16101586642178,85.35883581814853,4007400.0
2023-08-08,85.69155883789062,85.90735936680566,85.59264883293474,85.70054566730471,5401400.0
2023-08-09,85.74549102783203,85.88935573315744,85.65557472948193,85.69154262085674,5317200.0
2023-08-10,85.0890884399414,85.90734252779195,85.08010161228887,85.7454904477871,8462100.0
2023-08-11,84.6395034790039,85.02614974892693,84.60353558643268,84.73841346853123,5915000.0
2023-08-14,84.50462341308594,84.75639177396523,84.32478396947693,84.50462341308594,6218400.0
2023-08-15,84.34278869628906,84.68447341918312,84.29782711109324,84.41471762835772,9602600.0
2023-08-16,84.01908111572266,84.52261792084634,83.9561390150822,84.3247979302122,7199600.0
2023-08-17,83.91114807128906,84.04602591408917,83.67736026778036,83.99207752103794,9858300.0
2023-08-18,84.16294860839844,84.35177491654383,84.01908388512443,84.06403860982114,7510500.0
2023-08-21,83.64143371582031,83.80328583512276,83.5425305664123,83.76732479543372,10864000.0
2023-08-22,83.6773910522461,83.76731422064313,83.48856474692658,83.569494226449,6330500.0
2023-08-23,84.5855484008789,84.5855484008789,84.16293427170672,84.18990847396476,8550500.0
2023-08-24,84.27083587646484,84.56756581438123,84.2438616748676,84.32478427965933,5735800.0
2023-08-25,84.24386596679688,84.45966645074245,83.92914863833302,84.15394280999367,7895700.0
2023-08-28,84.4776611328125,84.50464220048238,84.26186061267741,84.44170009626903,3301700.0
2023-08-29,85.08010864257812,85.1160765366817,84.26185448711409,84.27984186425304,7064200.0
2023-08-30,85.07109069824219,85.23294274547328,85.01714230255595,85.18798117561983,6346700.0
2023-08-31,85.24195861816406,85.36784281431187,85.08909335697814,85.17002283174412,6167300.0
2023-09-01,84.72089385986328,85.26177921021842,84.61271403870009,85.2527625056889,7746600.0
2023-09-05,84.20704650878906,84.48650243225246,84.17098657064379,84.47748572828367,4993400.0
2023-09-06,83.9906997680664,84.36931886009491,83.94562999676644,84.35129232712113,7344100.0
2023-09-07,84.27915954589844,84.31521948406021,84.09886673281957,84.189013139359,7137500.0
2023-09-08,84.29722595214844,84.61274193741075,84.26116599987094,84.48653554330582,4648500.0
2023-09-11,84.15299987792969,84.2341365032298,84.05383671241498,84.11693991976672,4321700.0
2023-09-12,84.27015686035156,84.28818339209495,84.08084044952794,84.18000356844296,4998400.0
2023-09-13,84.36933135986328,84.4865279136147,84.12593530113624,84.14396183678075,6675400.0
2023-09-14,84.1800308227539,84.50456352105077,84.12594433228202,84.43245049299917,6421000.0
2023-09-15,83.9185791015625,84.09887881828136,83.85547592014363,84.04479234213117,9367700.0
2023-09-18,83.99970245361328,84.06280562508593,83.81039293919537,83.81039293919537,4622200.0
2023-09-19,83.69320678710938,83.9636529141875,83.65715372271428,83.8104033184509,7536800.0
2023-09-20,83.6301040649414,84.05379979007206,83.61207753264533,83.92759343080728,10751800.0
2023-09-21,83.00809478759766,83.13430115570205,82.95400143145918,83.05316456035995,8702500.0
2023-09-22,83.3326416015625,83.40475462580625,83.02613545703008,83.08923865182611,8637800.0
2023-09-25,82.71963500976562,82.95401437124475,82.68357505929215,82.80076474003171,11712000.0
2023-09-26,82.69258880615234,82.92696815924126,82.59342566533316,82.87288167433337,8281800.0
2023-09-27,82.32298278808594,82.94500490041018,82.10662996204233,82.90894494978086,10586100.0
2023-09-28,82.54837036132812,82.56639690171613,81.8993048636183,82.13369115506548,11654600.0
2023-09-29,82.56636810302734,82.97203733646774,82.44016173112983,82.89090073868708,13488300.0
2023-10-02,81.89662170410156,82.24007707439337,81.79719914243618,82.14969480807709,21010000.0
2023-10-03,81.21873474121094,81.87853141330648,81.17354016554452,81.72488088919918,21364700.0
2023-10-04,81.73391723632812,81.77911180981198,81.28199908438464,81.47180388071406,14054000.0
2023-10-05,81.88758850097656,81.9418233820435,81.7158642488202,81.92374278977935,11315900.0
2023-10-06,81.40856170654297,81.67067514616384,81.06510628344974,81.13740797018318,12257100.0
2023-10-09,82.44798278808594,82.44798278808594,81.89664186339877,82.02317844653419,5816700.0
2023-10-10,82.28527069091797,82.51122980192257,81.9327750294088,82.0321975899088,11508300.0
2023-10-11,82.7372055053711,82.79143349625535,82.4298974669992,82.61066892949037,14815800.0
2023-10-12,81.94181060791016,82.60160731245838,81.84238805313312,82.55641273456902,12855900.0
2023-10-13,82.4660415649414,82.5745044290278,82.3033507166745,82.538350140999,9872500.0
2023-10-16,81.97796630859375,82.0412345866201,81.86951034382005,81.98700660423326,7248000.0
2023-10-17,81.17355346679688,81.38143889491317,81.02894321327159,81.25490233718159,11191600.0
2023-10-18,80.79393005371094,81.06508371458038,80.65835322327621,80.94758057686573,13794200.0
2023-10-19,80.39625549316406,80.89336833620182,80.31491351651718,80.56798663816353,27116700.0
2023-10-20,80.86624145507812,80.98373770119376,80.66739634955604,80.68547004291065,12587100.0
2023-10-23,81.24588012695312,81.34530271526324,80.45050631619884,80.57704290209779,12365000.0
2023-10-24,81.39044952392578,81.39948292066737,80.9927594041698,81.18256417158351,10906000.0
2023-10-25,80.67645263671875,80.99279405106533,80.57703006424902,80.96568005779643,15170200.0
2023-10-26,81.2910385131836,81.3271927924412,80.73969782202163,80.75777151378858,15901300.0
2023-10-27,81.41758728027344,81.42662067965284,81.08316531866777,81.22778245743498,11628200.0
2023-10-30,81.14642333984375,81.28200016637628,80.87527658250251,81.01988680727307,11022500.0
2023-10-31,80.97469329833984,81.36334319512609,80.95661960590222,81.19161898193491,11574700.0
2023-11-01,81.90733337402344,81.95264699139898,81.17318085713913,81.20943590000499,22448900.0
2023-11-02,82.41490936279297,82.67775329865681,82.2336410211357,82.5327330933758,14046200.0
2023-11-03,83.04935455322266,83.6022319785778,83.04029597670097,83.42096363892927,23133700.0
2023-11-06,82.56897735595703,82.76837665469225,82.47834319697095,82.74118709849074,11246700.0
2023-11-07,83.0403060913086,83.22157445303627,82.83184125187148,82.83184125187148,13189400.0
2023-11-08,83.3756332397461,83.45720882340468,83.04934473499793,83.0584102253918,11117600.0
2023-11-09,82.55086517333984,83.23969041274493,82.50554462985137,83.2306318360025,17067900.0
2023-11-10,82.64149475097656,82.91340416690264,82.55086058398243,82.8952731845376,10674700.0
2023-11-13,82.59615325927734,82.62334972592646,82.19736164266898,82.32425082726373,8930200.0
2023-11-14,83.83789825439453,83.90134287377303,83.63849890350642,83.77445363501603,14313600.0
2023-11-15,83.18529510498047,83.43907350326586,83.11278501548672,83.43001492828618,12969400.0
2023-11-16,83.81069946289062,83.93758868767617,83.66567925459621,83.67474474635065,10375600.0
2023-11-17,83.86507415771484,83.95570832564374,83.70192988946532,83.91039469915118,8462000.0
2023-11-20,83.98291015625,84.0372892774871,83.66568017584895,83.6928697364675,7481200.0
2023-11-21,84.0916748046875,84.20950546293633,83.87415138822426,84.08260931214265,9153300.0
2023-11-22,84.0644760131836,84.28199940576656,83.85601119720629,84.21855479480719,7255100.0
2023-11-24,83.6294174194336,83.76537212494644,83.62035884335802,83.70192751769959,4125800.0
2023-11-27,84.26387023925781,84.27293573025892,83.82881656547069,83.88320259653379,9539800.0
2023-11-28,84.63548278808594,84.66267926443025,84.11886037665464,84.16418092228407,13563300.0
2023-11-29,85.07960510253906,85.1702392821507,84.82581971870394,84.94365037564927,19075400.0
2023-11-30,84.66265869140625,84.78954789040131,84.49044895779464,84.76235142066575,18446700.0
2023-12-01,85.46150970458984,85.5069444582254,84.61634563257495,84.64360787144189,21393200.0
2023-12-04,85.1070556640625,85.32516042880664,84.92529591558784,85.13431789297734,16402000.0
2023-12-05,85.70684051513672,85.79772385080035,85.41603186791825,85.47056325600144,25452100.0
2023-12-06,86.06126403808594,86.14305765416427,85.79772454947552,85.8976837393544,14023400.0
2023-12-07,85.93405151367188,86.20668770624411,85.84317509395659,85.87952704852799,13730100.0
2023-12-08,85.37969207763672,85.56145184141988,85.17976673761432,85.45239598314998,13825300.0
2023-12-11,85.38877868652344,85.42513063795494,85.02526610563422,85.1979361415774,10484600.0
2023-12-12,85.57054138183594,85.62506584414245,85.29790520345132,85.3796918969111,7248000.0
2023-12-13,86.84282684326172,86.95188270354205,85.7613856958763,85.82499988101662,16155200.0
2023-12-14,87.56468200683594,87.74697272434187,87.24566977422798,87.2912389766319,32373200.0
2023-12-15,87.49177551269531,87.63761367081622,87.35505397794348,87.40063014084281,9407100.0
2023-12-18,87.30039978027344,87.33685933301535,87.16367819597843,87.32774270634272,8634100.0
2023-12-19,87.46444702148438,87.62851149945544,87.40064455527047,87.44622072568637,9047100.0
2023-12-20,87.89286041259766,87.9475462678905,87.48270259000329,87.66499341027877,12659100.0
2023-12-21,87.75611877441406,88.13893358191618,87.63763046369601,88.08424773911516,8939700.0
2023-12-22,87.67408752441406,87.93841401370376,87.54648259219798,87.92018076398874,4956400.0
2023-12-26,87.72876739501953,87.81079615131262,87.61938876601528,87.63762201448938,3342500.0
2023-12-27,88.4123764038086,88.44883595020139,88.03867126874309,88.10248069039105,7362400.0
2023-12-28,88.07513427734375,88.37592033144749,87.98398888475259,88.23008909409118,4858500.0
2023-12-29,87.85639190673828,88.08425888584155,87.76524650588665,87.81993235560796,7820500.0
2024-01-02,87.52825164794922,87.63763028727855,87.42798963371753,87.44622288391281,9444000.0
2024-01-03,87.73788452148438,87.81079665395778,87.0725100273067,87.14542911372693,11040500.0
2024-01-04,87.20924377441406,87.34596534208947,87.11809838061305,87.21836039997851,7354800.0
2024-01-05,86.89021301269531,87.51912096446063,86.82641055515545,86.89021301269531,10001000.0
2024-01-08,87.1819076538086,87.46446048282151,86.91758112339883,86.94492404827771,7044700.0
2024-01-09,87.14543914794922,87.27304408690408,87.06340342779387,87.06340342779387,7360800.0
2024-01-10,87.00872039794922,87.37330892987612,86.99049410062942,87.30950645833501,9212700.0
2024-01-11,87.47354888916016,87.53735134461029,87.02693170100926,87.13630336524028,10305400.0
2024-01-12,87.71052551269531,87.93839240049788,87.51911120746908,87.71052551269531,8469600.0
2024-01-16,86.99960327148438,87.46445382086387,86.88111495471807,87.3550751757311,9847100.0
2024-01-17,86.71705627441406,86.79909200224733,86.54387514650358,86.74439919904239,9170700.0
2024-01-18,86.525634765625,86.74438508099733,86.43448938038212,86.68058261593261,8910100.0
2024-01-19,86.53474426269531,86.55297055666378,86.17015579780686,86.3889060951613,17711100.0
2024-01-22,86.79905700683594,86.94488819737398,86.72613793459418,86.84462621152794,9831500.0
2024-01-23,86.58030700683594,86.60764992271933,86.47093534330232,86.58942363011242,6428600.0
2024-01-24,86.33423614501953,86.92669164023322,86.27955029910524,86.89934176332822,9718000.0
2024-01-25,86.70793151855469,86.735281394567,86.49829781342703,86.63501937769807,11588100.0
2024-01-26,86.55297088623047,86.63500659426737,86.44359226016348,86.63500659426737,9134600.0
2024-01-29,87.07252502441406,87.15456074925312,86.75351265881336,86.81731513193351,6947500.0
2024-01-30,87.1910171508789,87.26392929327812,86.72616660410155,87.21836007352209,7265800.0
2024-01-31,87.9201889038086,87.93842215521168,87.49179789715876,87.58294329233048,15778300.0
2024-02-01,88.4647445678711,88.72971933545465,88.02616395955984,88.26372874618687,33372900.0
2024-02-02,87.3134765625,87.62413927898349,87.14900970577398,87.47794341922602,13809200.0
2024-02-05,86.46373748779297,86.79267122098885,86.37236855546138,86.71044127319124,12147700.0
2024-02-06,86.92974090576172,87.01197783667178,86.53684816497832,86.56425815161377,9327000.0
2024-02-07,86.77440643310547,87.12161118921499,86.74699644854462,86.77440643310547,8619800.0
2024-02-08,86.49113464355469,86.65559450150504,86.40889774357842,86.58250355497192,7808000.0
2024-02-09,86.33580017089844,86.40889808872464,86.25357024159482,86.28098021802936,8492500.0
2024-02-12,86.4180679321289,86.51857586228223,86.25360104378743,86.40892894638671,7023600.0
2024-02-13,85.46778869628906,85.86068130760401,85.44951073055269,85.77844440379317,11978400.0
2024-02-14,85.78761291503906,85.9429408222555,85.55918706171943,85.55918706171943,8979600.0
2024-02-15,86.02517700195312,86.25360285327483,85.91553008375735,86.1622339069469,6788300.0
2024-02-16,85.6505355834961,85.6962235316662,85.47693671665445,85.5226176938224,7147400.0
2024-02-20,85.7967300415039,85.99774585657038,85.7875910578185,85.82414002155805,8286300.0
2024-02-21,85.52261352539062,85.90636717570732,85.46779356706018,85.8606862007659,6433900.0
2024-02-22,85.53174591064453,85.69621274395028,85.3764180600228,85.49519695090979,8688500.0
2024-02-23,85.92464447021484,85.98860341143389,85.55916181853387,85.55916181853387,6426700.0
2024-02-26,85.7967300415039,85.94291892546003,85.59571422643744,85.93378691277668,6417200.0
2024-02-27,85.60484313964844,85.81499094267666,85.55001621498788,85.66880207591805,7540600.0
2024-02-28,85.91551208496094,85.91551208496094,85.65053731641798,85.70536424953183,5293600.0
2024-02-29,86.0891342163086,86.18964214653298,85.96121629984185,85.97948730033555,11919200.0
2024-03-01,86.48213195800781,86.53709717724078,85.76755615008534,85.97826081679405,11857200.0
2024-03-04,86.28974151611328,86.38135253915452,86.17980409477995,86.188967293926,6641600.0
2024-03-05,86.82110595703125,86.97685241639395,86.62872067255616,86.72949491530137,7673100.0
2024-03-06,87.03179931640625,87.20586515167041,86.93102509488205,86.97683410083776,9499200.0
2024-03-07,87.17840576171875,87.23337099192588,86.95853086194056,87.20588837682232,8420900.0
2024-03-08,87.24252319335938,87.38909945192205,87.16923156934105,87.3249710282745,8103600.0
2024-03-11,87.1325912475586,87.29749391725336,87.05013641797402,87.2700113038833,5568200.0
2024-03-12,86.7752914428711,86.91271148042671,86.67451721462854,86.88522188133682,6556500.0
2024-03-13,86.58292388916016,86.71118075324304,86.54627807235435,86.6470523212016,9708400.0
2024-03-14,85.9416275024414,86.2714328447362,85.92330808985812,86.26227663318178,10055900.0
2024-03-15,85.7950439453125,85.95078340220141,85.77671754481153,85.87749177914526,6591400.0
2024-03-18,85.69426727294922,85.8408435254175,85.61181245198846,85.7675588939202,5319700.0
2024-03-19,85.9416275024414,86.06072814739336,85.81337064593504,85.86834286263381,5470300.0
2024-03-20,86.14315032958984,86.436309769923,85.84082769095718,86.03321990788515,10190800.0
2024-03-21,86.1523208618164,86.37218871341497,86.07902924812589,86.30806029880401,8271200.0
2024-03-22,86.57376098632812,86.62872621698907,86.49131314033671,86.62872621698907,6119800.0
2024-03-25,86.34471893310547,86.49130218226304,86.28975370940839,86.49130218226304,4488900.0
2024-03-26,86.47296142578125,86.49128782362054,86.216447771814,86.31722199151154,5477600.0
2024-03-27,86.80279541015625,86.83944122848595,86.5646010857508,86.573764287702,4838500.0
2024-03-28,86.7203369140625,86.82110416525366,86.55543424656211,86.6103994725708,7561400.0
2024-04-01,85.93566131591797,86.35830994250627,85.87134537295697,86.35830994250627,10854000.0
2024-04-02,85.75189971923828,85.78865268644799,85.467065975841,85.54976190454077,7214900.0
2024-04-03,85.85298156738281,85.85298156738281,85.32007397738343,85.40276290863534,12908000.0
2024-04-04,86.1469955444336,86.16536852525587,85.79784581959734,86.03673662976227,6960500.0
2024-04-05,85.57733917236328,85.94486189593984,85.56814917654782,85.67840809659465,6334600.0
2024-04-08,85.38439178466797,85.50383369126777,85.27413286402073,85.3660188028499,7115100.0
2024-04-09,85.72434997558594,85.79784891143622,85.63246403842565,85.63246403842565,5151100.0
2024-04-10,84.58501434326172,85.05360590476694,84.4563824651876,84.99847995985277,14993700.0
2024-04-11,84.46559143066406,84.77798120189063,84.35533250615947,84.74123523696895,9371400.0
2024-04-12,84.81472778320312,85.04442860117078,84.81472778320312,84.90661371832032,11675600.0
2024-04-15,84.27262878417969,84.2910017634169,83.93266908403965,84.2358758157933,12315300.0
2024-04-16,83.9418716430664,84.09806652465386,83.7764867655288,83.90511866917882,12027200.0
2024-04-17,84.47478485107422,84.539100807164,84.10726209774107,84.24508400648018,10515400.0
2024-04-18,84.1807632446289,84.39208408403987,84.07050432194944,84.39208408403987,6964500.0
2024-04-19,84.2909927368164,84.40125163016808,84.19911383064562,84.3828716429872,6125800.0
2024-04-22,84.30017852783203,84.3644944599364,84.11642072465123,84.13479370100497,4002900.0
2024-04-23,84.41045379638672,84.62177461006249,84.10724705337832,84.18993597788304,8319800.0
2024-04-24,84.1531753540039,84.2450612749791,84.01536049236428,84.21749830265117,7567400.0
2024-04-25,83.83159637451172,83.91429230211158,83.62945856250276,83.69377450178638,5784300.0
2024-04-26,84.06130981445312,84.18994171238579,83.9969938654868,84.02455684219912,5432600.0
2024-04-29,84.4012680053711,84.41964098620542,84.18075718579631,84.25425611904619,4846500.0
2024-04-30,84.00617980957031,84.20831764226226,83.93267386860737,84.07968575053327,7516700.0
2024-05-01,84.3388442993164,84.65216972228215,84.03474322179957,84.25590955928939,12392500.0
2024-05-02,84.73512268066406,84.79041954998887,84.27435527722217,84.33886243247393,8661500.0
2024-05-03,85.20510864257812,85.42627503084282,84.98394225431343,85.34334027177583,8501100.0
2024-05-06,85.27880859375,85.37096064313268,85.15901163262761,85.2419463678468,4043400.0
2024-05-07,85.49996948242188,85.7211357930289,85.42624503530278,85.58291124311842,7776200.0
2024-05-08,85.26038360595703,85.38940492658226,85.25117332150283,85.3156804664397,9024000.0
2024-05-09,85.51841735839844,85.58292450193376,85.21430923998135,85.24195415424629,9625200.0
2024-05-10,85.2419662475586,85.37098055293255,85.19588669674546,85.33411831843252,3205000.0
2024-05-13,85.34334564208984,85.49078756662666,85.33412832469593,85.46314264519808,3228700.0
2024-05-14,85.59213256835938,85.62899479667459,85.41704577230104,85.5091978277135,4688800.0
2024-05-15,86.23719024658203,86.30169737290862,85.97916174127565,86.08974136883583,11384500.0
2024-05-16,86.07133483886719,86.26485626520778,86.04368992521155,86.26485626520778,4278400.0
2024-05-17,85.80408477783203,86.0068235091036,85.78565014912508,85.93309905577742,3883900.0
2024-05-20,85.67507934570312,85.75801409119482,85.64743443053923,85.68429666100829,4575900.0
2024-05-21,85.89625549316406,85.96997996250954,85.85018297288742,85.9331177278368,2669700.0
2024-05-22,85.78568267822266,85.88705208229673,85.67510298705349,85.68432030490209,3616300.0
2024-05-23,85.48155975341797,85.83174040430323,85.35254545936806,85.82252308879917,6005500.0
2024-05-24,85.59213256835938,85.60134988312596,85.37096622921923,85.39861114276786,3926400.0
2024-05-28,85.11295318603516,85.68430728300704,85.09451855313957,85.66587265011145,8761400.0
2024-05-29,84.6982650756836,84.91021413804022,84.52317121749579,84.9009968216218,10126800.0
2024-05-30,85.12216186523438,85.1405894655077,84.9378507087425,84.9839302555534,5069500.0
2024-05-31,85.51841735839844,85.53684495765795,85.343323527052,85.38018575632236,4807400.0
2024-06-03,86.07855224609375,86.12476925919519,85.63489994791486,85.63489994791486,7675900.0
2024-06-04,86.54991149902344,86.63310068584387,86.30959580031582,86.36505760877074,8752000.0
2024-06-05,86.86416625976562,86.87340401750632,86.4112622684267,86.66082276189483,6466800.0
2024-06-06,86.82720184326172,86.91038398071224,86.68855789578674,86.71628527493692,5849400.0
2024-06-07,85.91215515136719,86.1062609069019,85.90291739289337,86.0877712865062,7125100.0
2024-06-10,85.72731018066406,85.81049232593062,85.6441280353975,85.75503756241959,3938900.0
2024-06-11,86.18022155761719,86.19871118301702,85.79202404493186,85.87521325577924,3954700.0
2024-06-12,86.66083526611328,87.17843184321453,86.64234564451709,86.95660574613177,9243200.0
2024-06-13,87.23390197753906,87.36330114461802,86.95662107025231,87.0490480393479,6529900.0
2024-06-14,87.43724060058594,87.52042980427998,87.30784144081773,87.35405844861722,5424600.0
2024-06-17,87.03054809570312,87.08600285574705,86.91038671330885,87.01205847453893,4957200.0
2024-06-18,87.40949249267578,87.51116424434906,87.14144942478472,87.17842161191352,5232600.0
2024-06-20,87.18766021728516,87.21538759272774,86.9288619775235,86.97507191935343,3573100.0
2024-06-21,87.2061538696289,87.43722476332253,87.04902735433102,87.35404262642037,6908700.0
2024-06-24,87.28010559082031,87.28010559082031,87.09525168100345,87.22465082822018,5276000.0
2024-06-25,87.35404968261719,87.39102187480155,87.18767834364984,87.2246505358342,3790100.0
2024-06-26,86.82720184326172,86.9658387390126,86.80871222267888,86.90113917042082,4196400.0
2024-06-27,87.02130126953125,87.10448340767049,86.98432907978355,86.99357389015151,4946600.0
2024-06-28,86.55915832519531,87.23388138688483,86.55915832519531,87.21539881811863,6032400.0
2024-07-01,85.9148178100586,86.32274626949896,85.83138175603656,86.07242396093338,13662800.0
2024-07-02,86.23932647705078,86.34130861950543,86.10953230906337,86.27641153551171,8195700.0
2024-07-03,86.81411743164062,86.85120248290717,86.40618894095897,86.45254702335471,3861000.0
2024-07-05,87.29620361328125,87.35182764564742,87.00879627514105,87.12005141312267,5111500.0
2024-07-08,87.32403564453125,87.38893272158292,87.13861037206156,87.26840452616489,5294600.0
2024-07-09,87.2035140991211,87.3054962384437,86.99028386108397,87.18497510708582,3006900.0
2024-07-10,87.28693389892578,87.33328490324173,87.15713976964183,87.27766086876277,4076600.0
2024-07-11,87.84320831298828,88.05644559843212,87.80612326016106,87.90810538712326,9658400.0
2024-07-12,88.02863311767578,88.02863311767578,87.80612985724586,87.86175390404057,4304500.0
2024-07-15,87.75051879882812,87.91739803716393,87.67634867662284,87.806142853856,3754500.0
2024-07-16,88.13990020751953,88.14917324099008,87.8246878020415,87.90812388352025,4705800.0
2024-07-17,88.21405792236328,88.26968196885949,87.92665051121371,88.01009365420909,5113500.0
2024-07-18,87.9637222290039,88.21404454678351,87.90809819094179,88.01935334031604,8640600.0
2024-07-19,87.68560028076172,87.7968483636296,87.63924219739981,87.7319512908732,5274400.0
2024-07-22,87.60215759277344,87.85247992700555,87.46309041522788,87.78758285391767,3869800.0
2024-07-23,87.66706085205078,87.8432130942553,87.65779489327758,87.72269197094488,5095600.0
2024-07-24,87.47235870361328,87.96372324081409,87.46308567274626,87.8246631440592,4733500.0
2024-07-25,87.66706085205078,87.96373421756573,87.60216377438348,87.6485218612534,4335600.0
2024-07-26,88.08425903320312,88.11207105495718,87.9544648828504,88.03790094811256,5217500.0
2024-07-29,88.2325668334961,88.31600994804434,88.14913079219652,88.30673691903928,6165600.0
2024-07-30,88.41801452636719,88.51072362024178,88.17696522369286,88.33457139060472,4419200.0
2024-07-31,89.06698608398438,89.0762591154331,88.49217837942237,88.67760364214425,10982900.0
2024-08-01,89.44731903076172,89.67049363251277,89.25204036740546,89.27063529480442,10492600.0
2024-08-02,90.83287048339844,90.8979633703147,90.32142130434735,90.37722027498457,18286500.0
2024-08-05,90.92585754394531,91.66978231820347,90.57249717819853,91.49309858803386,19098200.0
2024-08-06,90.1168441772461,90.73987707692899,90.0517441990242,90.70268012991315,9507000.0
2024-08-07,89.79136657714844,89.9494553648963,89.62398387422087,89.85645945636517,8419700.0
2024-08-08,89.52169799804688,89.58679088013395,89.33572036196728,89.41941526441754,4856100.0
2024-08-09,89.8843765258789,90.00526129342347,89.80998262527017,89.99596028219916,5174900.0
2024-08-12,90.13544464111328,90.18194260138785,89.71699137701287,89.77278325366822,4166400.0
2024-08-13,90.53530883789062,90.53530883789062,90.3772271140733,90.50741289775735,6458700.0
2024-08-14,90.65618896484375,90.78637474185717,90.4795123215214,90.49810724912642,4275700.0
2024-08-15,90.08893585205078,90.08893585205078,89.84716635254347,89.92155314761168,5507000.0
2024-08-16,90.265625,90.28421992623845,90.02384839134683,90.27492601041534,4437000.0
2024-08-19,90.38652038574219,90.48881022856266,90.21913765154443,90.23773967456255,4437600.0
2024-08-20,90.74918365478516,90.78638060699102,90.53531004784298,90.6097039522547,4886000.0
2024-08-21,90.93515014648438,91.13972979521891,90.62828067338258,90.84216133194826,5386000.0
2024-08-22,90.51669311523438,90.730573781541,90.38650735125367,90.71197885579748,4819500.0
2024-08-23,90.93515014648438,91.00024302611884,90.60038473848091,90.70267456284819,5475400.0
2024-08-26,90.82356262207031,91.10253617043679,90.82356262207031,91.0932351602667,3062400.0
2024-08-27,90.78636169433594,90.8514545734877,90.53529118749101,90.58178914171017,4433700.0
2024-08-28,90.73989868164062,90.8793854925131,90.70270172576836,90.80499158076859,8147000.0
2024-08-29,90.58180236816406,90.61899222345964,90.44231557973094,90.53530440715544,6199800.0
2024-08-30,90.265625,90.7119812702372,90.24703007376155,90.60039042902984,4802600.0
2024-09-03,90.86067199707031,91.00057386217102,90.70211987061825,90.75807777037676,8232700.0
2024-09-04,91.39230346679688,91.43893979887302,90.93529729841256,90.96327625137617,9914900.0
2024-09-05,91.60680389404297,91.68141916544909,91.31767861197422,91.63478284189428,33635000.0
2024-09-06,91.73738098144531,92.1943870858555,91.42026962226993,91.64411544605404,17777600.0
2024-09-09,91.86795806884766,91.93324465797399,91.5695040734552,91.68142699011658,8532500.0
2024-09-10,92.25968933105469,92.30632566451783,91.85864105667015,91.87729843633758,7921400.0
2024-09-11,92.19439697265625,92.47420072454007,92.01719457112117,92.07315247521593,7286200.0
2024-09-12,92.045166015625,92.2223684027068,91.87728520132869,92.11977417643104,5929800.0
2024-09-13,92.22236633300781,92.33428924526166,92.11045053645822,92.2969816078437,5305500.0
2024-09-16,92.4648666381836,92.50217427730415,92.21304896875057,92.32496477040765,6666900.0
2024-09-17,92.29696655273438,92.46484733587899,92.2316799768283,92.4088894467318,7807000.0
2024-09-18,91.89594268798828,92.38093490773467,91.84931347328131,92.08248089393112,8584500.0
2024-09-19,91.82132720947266,91.83998458787957,91.60681716772784,91.64412480883671,16770800.0
2024-09-20,91.79335021972656,91.9146018348485,91.56951148399354,91.69075598341037,6580600.0
2024-09-23,91.73738098144531,91.82131782858619,91.39229067322296,91.6068078087567,7491700.0
2024-09-24,91.8399887084961,91.86796766165685,91.41096149005217,91.48556965991243,6580800.0
2024-09-25,91.46691131591797,91.65344239764784,91.46691131591797,91.65344239764784,10455100.0
2024-09-26,91.401611328125,91.5881423825132,91.25238079205155,91.54151317676795,8026500.0
2024-09-27,91.76537322998047,91.81200956228719,91.54153448945979,91.61614977486843,6207700.0
2024-09-30,91.51353454589844,91.72804454761456,91.36430400931015,91.70006560093016,8902400.0
2024-10-01,91.8465576171875,92.10846741834857,91.7436634615161,91.82784569624351,11665600.0
2024-10-02,91.58463287353516,91.62204243630589,91.33207193754582,91.43496607642953,7742100.0
2024-10-03,91.11692810058594,91.40689857790696,91.08886022582458,91.34142114314075,11556100.0
2024-10-04,90.2376480102539,90.52761846969676,90.19087535837389,90.33118617750921,8878300.0
2024-10-07,89.91027069091797,90.05057438889487,89.863498033922,89.90091473221767,10152600.0
2024-10-08,89.98509216308594,89.98509216308594,89.73253838365987,89.76995507996469,5975200.0
2024-10-09,89.64835357666016,89.87285376586776,89.60158805628768,89.82608110898981,6769200.0
2024-10-10,89.63902282714844,89.6857883569496,89.35840110231385,89.58289420027738,5959000.0
2024-10-11,89.66708374023438,89.75126597593824,89.49871213231972,89.54548479871538,5394100.0
2024-10-14,89.50804901123047,89.50804901123047,89.24613926286636,89.29290478278544,3850900.0
2024-10-15,89.96639251708984,90.00380921552983,89.80737690109906,89.85414242176991,7736900.0
2024-10-16,90.10671997070312,90.2283189106807,90.05059134443846,90.13478071558204,5041100.0
2024-10-17,89.63902282714844,89.75126580787675,89.56418941565829,89.71385623863858,5460200.0
2024-10-18,89.74189758300781,89.84479171743591,89.72318566592705,89.78866310269899,5174700.0
2024-10-21,89.04969787597656,89.42385770970861,89.04034905409956,89.39579697106713,6633600.0
2024-10-22,88.96552276611328,89.21807657056446,88.89068936608855,89.16195508879883,5433900.0
2024-10-23,88.7597427368164,88.86263688729062,88.61943188285096,88.70362124983282,6914300.0
2024-10-24,88.95616912841797,89.10583593237318,88.74103201836485,88.84392616195755,5486300.0
2024-10-25,88.7597427368164,89.16196337871388,88.6942652898334,89.15260741871445,6455300.0
2024-10-28,88.55394744873047,88.78779647471941,88.3855758645582,88.77844765196411,5447300.0
2024-10-29,88.59136962890625,88.61008154858607,88.13302750783977,88.1797930340266,8475400.0
2024-10-30,88.46039581298828,89.02163196271034,88.4229791181395,88.79713893012249,6341100.0
2024-10-31,88.41364288330078,88.58201447942761,88.13302831409366,88.32010469356507,8662900.0
2024-11-01,87.89006805419922,88.63132177028605,87.86192035690569,88.54687867840545,15659500.0
2024-11-04,88.35921478271484,88.61255837373653,88.190321441574,88.49996042676902,8179300.0
2024-11-05,88.40613555908203,88.51872635147288,87.95575091365536,88.24662716411427,8118500.0
2024-11-06,87.49600219726562,87.73996088340948,87.27081341854479,87.29896112105712,15261400.0
2024-11-07,88.19970703125,88.35921542164175,87.80562495194533,87.85253539455539,15674000.0
2024-11-08,88.38737487792969,88.6501034577069,88.28416186838695,88.38737487792969,12335300.0
2024-11-11,88.1434097290039,88.16217247391766,87.99327913521087,88.12463982546942,3980000.0
2024-11-12,87.58982849121094,87.97453284077646,87.48661547833346,87.79625451696589,8037600.0
2024-11-13,87.53352355957031,87.99328601140314,87.42092560542662,87.98390105890252,6661800.0
2024-11-14,87.52415466308594,87.88071133730612,87.42094164250878,87.67428529615182,7510000.0
2024-11-15,87.5616455078125,87.85251452219998,87.16756352213542,87.35521956523331,16761500.0
2024-11-18,87.75870513916016,87.8150005323219,87.42091846294826,87.5241314561586,4788200.0
2024-11-19,87.94637298583984,88.08711147611366,87.9088403355598,88.03081608000413,4951500.0
2024-11-20,87.81500244140625,87.97451798986688,87.67426395544224,87.70241165263505,5752900.0
2024-11-21,87.76807403564453,88.04018031718492,87.65547611129767,87.8806719599914,5098200.0
2024-11-22,87.82439422607422,87.94637713489442,87.73056617525812,87.89007457750763,5373900.0
2024-11-25,88.77207946777344,88.80022716888853,88.49997309262451,88.63133380357615,7716000.0
2024-11-26,88.58442687988281,88.61257458211806,88.40614855423006,88.58442687988281,5093100.0
2024-11-27,88.94096374511719,89.06293949035972,88.7626854447756,88.94096374511719,5587600.0
2024-11-29,89.31629943847656,89.32567723385847,89.13802110550637,89.25999687307299,5136200.0
2024-12-02,89.30875396728516,89.42169838544122,88.94169358408841,89.04522417223605,5950600.0
2024-12-03,89.05461883544922,89.4404996149632,88.99814304820201,89.40285148368068,5364800.0
2024-12-04,89.39347076416016,89.42170507564947,88.80052150028897,88.82875581177828,5908800.0
2024-12-05,89.38404846191406,89.44051707954077,89.1299253212974,89.1299253212974,5210300.0
2024-12-06,89.66638946533203,89.80756817545883,89.47815597226129,89.7510995636671,6880200.0
2024-12-09,89.35581970214844,89.5628808871693,89.35581970214844,89.55346705676416,4303100.0
2024-12-10,89.19579315185547,89.26167558850628,89.08285593510954,89.16755884766899,3543400.0
2024-12-11,88.9322738647461,89.4122786343117,88.90403955723892,89.32757571179017,6452800.0
2024-12-12,88.59345245361328,88.9040442137558,88.5652181446273,88.82874793602763,4518000.0
2024-12-13,88.1793441772461,88.48052213104287,88.13228220482677,88.45228781985081,5230100.0
2024-12-16,88.20757293701172,88.34875166473567,88.11345617874521,88.33933783471451,4607600.0
2024-12-17,88.20757293701172,88.34875166473567,88.16051096755427,88.18874527696939,4881100.0
2024-12-18,87.52578735351562,88.3095385034315,87.45968768534624,88.196228903326,11553900.0
2024-12-19,87.12920379638672,87.28973777697652,86.98756676105056,87.23307575851676,9273800.0
2024-12-20,87.45024871826172,87.72409227753447,87.43135898075381,87.58244806352111,6070900.0
2024-12-23,87.06310272216797,87.42193575082634,86.99700303862434,87.38416347389781,5954500.0
2024-12-24,87.11032104492188,87.11976591536276,86.84592230717948,86.88369458461771,3076100.0
2024-12-26,87.1764144897461,87.2141867644808,86.80814381648864,86.83647122145848,3703300.0
2024-12-27,86.94977569580078,87.24250177801163,86.93088595895404,87.11974730580276,3752500.0
2024-12-30,87.4596939086914,87.50690384398683,87.36525962945252,87.37470449824121,4797700.0
2024-12-31,87.29916381835938,87.64855193575642,87.23306414256257,87.5824522599596,5856000.0
2025-01-02,87.34637451171875,87.61077319538674,87.1669580316624,87.48801872206197,5034800.0
2025-01-03,87.20474243164062,87.506913427054,87.17641502649637,87.44081374694248,2863700.0
2025-01-06,87.11975860595703,87.18585828484683,86.93089723461142,87.10086886666014,3894600.0
2025-01-07,86.72315979003906,87.07254794981786,86.63817756984501,87.00644826600296,5524400.0
2025-01-08,86.8742446899414,86.89312722540585,86.581518562131,86.60040109759544,6402900.0
2025-01-10,86.2415542602539,86.52483544909511,86.14712719730683,86.36430872165278,8210900.0
2025-01-13,86.09048461914062,86.22268397795692,86.00550240461217,86.1943565731141,5094300.0
2025-01-14,86.1187973022461,86.19434183846266,86.00548770224475,86.12824217035404,4365500.0
2025-01-15,87.02532196044922,87.09142163207625,86.85535034707631,86.99698735461716,7846600.0
2025-01-16,87.2330551147461,87.42191645770895,86.82701223278043,86.9497739067872,7550900.0
2025-01-17,87.29916381835938,87.42192550507083,87.21418160847391,87.36526349415618,3912800.0
2025-01-21,87.59188842773438,87.6579880969648,87.45024422100529,87.58244355946614,4431300.0
2025-01-22,87.36527252197266,87.56357877417923,87.26140776726577,87.55413390399676,3656400.0
2025-01-23,87.13862609863281,87.20472576611216,86.99698189565609,86.99698189565609,4860900.0
2025-01-24,87.31804656982422,87.42191850981114,87.06308555192042,87.11030268985039,4468700.0
2025-01-27,87.88459777832031,87.96014230144081,87.69574367484132,87.89404264479094,4297100.0
2025-01-28,87.89408111572266,87.91296365260648,87.61079263218754,87.6674474471644,3906600.0
2025-01-29,87.7901840209961,88.05458268763452,87.53522301793522,87.98848302097491,4918400.0
2025-01-30,87.97905731201172,88.12070154407726,87.89407509536733,87.97905731201172,4365600.0
2025-01-31,87.83739471435547,88.13956565089725,87.63909571265525,88.00736631643043,6277400.0
2025-02-03,87.89991760253906,88.364092313454,87.77677127479629,88.08937460326968,8294000.0
2025-02-04,88.11780548095703,88.11780548095703,87.71994138410598,87.71994138410598,6742300.0
2025-02-05,88.62934112548828,88.79038753728341,88.44935913056236,88.47777695990214,6576300.0
2025-02-06,88.525146484375,88.64830006030326,88.39252511593114,88.53462150421315,5268500.0
2025-02-07,88.23149108886719,88.31675181776478,88.0799268991824,88.24096610926091,4565300.0
2025-02-10,88.21253967285156,88.44936456833861,88.16517180282526,88.32621099719911,3229100.0
2025-02-11,87.98518371582031,88.06096941792087,87.92834805290606,87.99465873541347,3379500.0
2025-02-12,87.37891387939453,87.45469958264493,87.22734970021618,87.39786391886835,7280200.0
2025-02-13,88.03253936767578,88.09885004097936,87.81465731120896,87.83360734776502,6121900.0
2025-02-14,88.40199279785156,88.58198202322338,88.36409994896687,88.44936066578792,5157900.0
2025-02-18,87.92835235595703,88.22201293181499,87.91887733590018,88.12728441321461,4484100.0
2025-02-19,88.07044219970703,88.10833504979448,87.88097794926976,87.88097794926976,4607000.0
2025-02-20,88.25043487548828,88.34516339074338,88.20306700419951,88.21254202392176,7545400.0
2025-02-21,88.77143859863281,88.88511714472128,88.35462449029701,88.36409950930152,6156500.0
2025-02-24,88.96090698242188,89.01774264445034,88.65776417874415,88.68618923708061,4109500.0
2025-02-25,89.66191864013672,89.7092792890543,89.4440365276816,89.51982223873758,7697100.0
2025-02-26,89.90821838378906,89.96505405329073,89.51034701530789,89.6240255816344,7379800.0
2025-02-27,89.80401611328125,89.8324339484356,89.56719118389742,89.60507681255434,5907900.0
2025-02-28,90.2966079711914,90.33450082682953,89.898743827976,90.07872585810304,11831500.0
2025-03-03,90.62437438964844,90.68137450755655,89.9783464764958,89.9878489122254,9637400.0
2025-03-04,90.3393325805664,90.99486273553775,90.1873298950301,90.766855083117,12745500.0
2025-03-05,89.83582305908203,90.48185085807853,89.80732300516406,90.3583482083562,15590000.0
2025-03-06,89.788330078125,89.95933765880403,89.45581735131407,89.788330078125,9318900.0
2025-03-07,89.67431640625,90.27283927311493,89.58881624594072,90.23484403402192,9210200.0
2025-03-10,90.30135345458984,90.44385373262867,90.11134100348161,90.19684841853879,7698500.0
2025-03-11,89.97834014892578,90.54836303262525,89.85483748606507,90.30135770690381,10408600.0
2025-03-12,89.71232604980469,89.93083855730328,89.67432355944693,89.69332842874276,7610300.0
2025-03-13,90.07332611083984,90.11132859582884,89.4938008991653,89.57930830244874,6902300.0
2025-03-14,89.75982666015625,89.9213318002379,89.73131935758282,89.84532682317587,4390900.0
2025-03-17,89.83582305908203,90.1113356606781,89.74082046327767,89.92133046906937,6734000.0
2025-03-18,89.9403305053711,90.0923404613289,89.69332519929011,89.70282038536224,8993300.0
2025-03-19,90.21582794189453,90.24432799178508,89.72181016458273,89.86431041403547,5854500.0
2025-03-20,90.34884643554688,90.71936163565903,90.2443414049272,90.70036401565248,4409100.0
2025-03-21,90.27284240722656,90.57685506815876,90.2538447870205,90.49135490488108,4919600.0
2025-03-24,89.75032806396484,90.0448383023824,89.72182800840622,90.02584068142129,4823500.0
2025-03-25,89.90232849121094,90.00683352442547,89.73132091397203,89.75032578268396,6825800.0
2025-03-26,89.69332885742188,89.84533157134545,89.61732387634312,89.75032896911397,8281700.0
2025-03-27,89.61732482910156,89.69332981098836,89.50331735627137,89.5888247729525,5085100.0
2025-03-28,90.3393325805664,90.39633992984604,90.01632234365638,90.0448223941799,6224500.0
2025-03-31,90.60536193847656,90.78586469839047,90.33934451922586,90.71936215563618,13255800.0
2025-04-01,90.92369842529297,91.17150089328494,90.79979355559071,90.79979355559071,18128800.0
2025-04-02,90.83790588378906,91.30491956557215,90.55198670804414,91.30491956557215,7635900.0
2025-04-03,91.77191925048828,92.11502805336693,91.66708004564141,91.88629127525152,18188000.0
2025-04-04,92.02925109863281,92.94420552109726,92.01972554972573,92.6392207136091,27006500.0
2025-04-07,90.93321990966797,92.12456799188408,90.72354148377208,91.96253912642985,68670600.0
2025-04-08,90.47573852539062,91.10476652804246,90.4280816938119,90.4566801556061,19508000.0
2025-04-09,90.1898193359375,90.23747617135096,89.21768242764757,89.8085937382785,24170800.0
2025-04-10,89.62749481201172,90.33277080148645,89.57983798280736,90.08496837816405,12093800.0
2025-04-11,89.12236022949219,89.3320386338822,88.43614264109246,89.08423622220211,55446600.0
2025-04-14,89.8371810913086,89.93248748664993,89.39876585560893,89.5131306214538,12630900.0
2025-04-15,90.10404968261719,90.31372813331006,89.81812320050645,89.8276560222868,7708100.0
2025-04-16,90.49480438232422,90.6187092461156,90.02779793414338,90.21841800481774,8708400.0
2025-04-17,90.23748016357422,90.53293219625478,90.15169931031737,90.44715861441043,6987000.0
2025-04-21,89.75141143798828,90.30419877988017,89.73235306510807,89.97062271888085,4901300.0
2025-04-22,89.81812286376953,90.00874294159954,89.80859731343737,89.9896772981103,5233000.0
2025-04-23,89.91342163085938,90.75213535925663,89.79905686528654,90.58058093948553,8041300.0
2025-04-24,90.39949798583984,90.42808917858893,90.18029399382193,90.27560039345634,7308900.0
2025-04-25,90.74260711669922,90.80932232378673,90.5234031240169,90.64730071677594,5341300.0
2025-04-28,91.10476684570312,91.13336530759702,90.60916924404975,90.63776043453203,4950500.0
2025-04-29,91.4192886352539,91.4288214563181,91.04758859928178,91.05712142034598,5350200.0
2025-04-30,91.562255859375,91.64803670987048,91.3049278507131,91.40023425127632,13923200.0
2025-05-01,91.16351318359375,91.69898667110176,90.98184132272793,91.67985870984447,13703300.0
2025-05-02,90.5515365600586,90.8288335965007,90.39854936816079,90.69496706789812,9331600.0
2025-05-05,90.38900756835938,90.53243811139355,90.19777170776746,90.52287412980981,10089400.0
2025-05-06,90.61847686767578,90.6376048276364,90.26468985537602,90.35074378966107,6081200.0
2025-05-07,90.85753631591797,90.972282204055,90.69498511244227,90.71411307472184,9471100.0
2025-05-08,90.14994812011719,90.81928814106394,90.13082745445794,90.80016018022512,6409000.0
2025-05-09,90.21688079833984,90.4654932213496,90.18819615245016,90.31249871636528,3698700.0
2025-05-12,89.64318084716797,89.8535446787849,89.62406017846676,89.62406017846676,9483700.0
2025-05-13,89.57624053955078,89.80572502187322,89.43281000240671,89.75791970627863,13166800.0
2025-05-14,89.24156188964844,89.60491287800674,89.18418530556511,89.5379796092255,6994700.0
2025-05-15,89.8248519897461,89.8726573048114,89.49974228947367,89.61448817695454,9024900.0
2025-05-16,89.8535385131836,90.19776888763066,89.84397453189888,90.17864092506125,6819200.0
2025-05-19,89.80574035644531,89.82486832209344,89.29895869449139,89.3372073306062,11704900.0
2025-05-20,89.69099426269531,89.75792754651839,89.43281781424857,89.56668438189473,8929600.0
2025-05-21,89.06945037841797,89.4614860272966,88.95470450072743,89.33718346451644,11383500.0
2025-05-22,89.40412139892578,89.4423700268175,88.98339378729682,89.09813967097195,10981200.0
2025-05-23,89.66228485107422,89.80571537280758,89.53798228966764,89.79615868782356,9860700.0
2025-05-27,90.03521728515625,90.13083521204148,89.75792019056293,89.86310209869075,10834400.0
2025-05-28,89.78659057617188,89.92045711158204,89.6814086847526,89.85352384387696,8591500.0
2025-05-29,90.15951538085938,90.24556932222629,89.97783622217834,90.0256488308354,9679100.0
2025-05-30,90.42724609375,90.47505870114487,90.16907698128475,90.22644627401488,10268600.0
2025-06-02,90.12026977539062,90.31213456633614,89.96677208729614,90.17782774883976,13341900.0
2025-06-03,90.0339126586914,90.3696796545575,89.95716382558727,90.24496829014197,8508900.0
2025-06-04,90.69587707519531,90.772625923988,90.30254471451258,90.37929356330527,10115900.0
2025-06-05,90.42725372314453,90.8109906067701,90.39847473772777,90.69586734593075,8762800.0
2025-06-06,89.70775604248047,90.04352309428691,89.6789770550646,89.96677424839606,7624200.0
2025-06-09,89.87084197998047,89.98596524898244,89.70775617160727,89.71734428797784,6061200.0
2025-06-10,90.02433776855469,90.19701902285951,89.92840536486828,90.15865191672354,5579900.0
2025-06-11,90.39848327636719,90.43685038109868,90.12027419243957,90.19701572107552,6594900.0
2025-06-12,90.79179382324219,90.8013892574802,90.58073818503681,90.74382397122395,7795400.0
2025-06-13,90.45602416992188,90.6574843679946,90.21618955519173,90.59033096863702,9195200.0
2025-06-16,90.19700622558594,90.5423686851951,90.17782267523974,90.35050390504432,7508400.0
2025-06-17,90.63831329345703,90.67668039622316,90.28335537990314,90.42725763238026,5285000.0
2025-06-18,90.69587707519531,90.98367427940829,90.54237937760993,90.79180947659964,6732400.0
2025-06-20,90.75342559814453,90.88773240995405,90.45603298901949,90.51359096003148,6261700.0
2025-06-23,91.07001495361328,91.36740758192846,90.94530356864915,91.01245697888719,9310300.0
2025-06-24,91.3865966796875,91.43455921797099,90.9453018039472,90.98366890690494,7694500.0
2025-06-25,91.42497253417969,91.46333963773851,91.11798447149975,91.21391686874234,6393300.0
2025-06-26,91.75115203857422,91.76074747487543,91.47294293922582,91.59766165362156,7131900.0
2025-06-27,91.51129913330078,91.7895081772211,91.45374116530759,91.51129913330078,8402400.0
2025-06-30,91.8758544921875,91.9142289144843,91.5784618683531,91.71276868680557,10542300.0
2025-07-01,91.70551300048828,91.91723851850143,91.54190958835176,91.83062019640401,10659800.0
2025-07-02,91.51301574707031,91.56113784444273,91.35903825180074,91.41677889472668,6026200.0
2025-07-03,91.19544982910156,91.29168669723276,91.07996118190269,91.23394604483452,7398900.0
2025-07-07,90.90673828125,91.06072315502087,90.82974584436457,91.05109726480947,8518600.0
2025-07-08,90.7719955444336,90.78162143362236,90.61801802942395,90.66613279056354,5282800.0
2025-07-09,91.24357604980469,91.25320194054729,90.90674329784677,90.90674329784677,6900800.0
2025-07-10,91.19544982910156,91.21469426576685,91.0125946399706,91.17619805003389,4451900.0
2025-07-11,90.7719955444336,90.9163545126566,90.72387344089188,90.88748418749242,6004300.0
2025-07-14,90.7334976196289,90.90672690975047,90.62763486775451,90.77199383325615,5101600.0
2025-07-15,90.37743377685547,90.84899961389844,90.32931166714773,90.83937372347629,5628100.0
2025-07-16,90.62763214111328,90.69499867733364,90.39666220870087,90.52176939242389,12786300.0
2025-07-17,90.5987777709961,90.7816329768227,90.52178533250036,90.67577020949183,4747200.0
2025-07-18,90.8489990234375,90.92599146150826,90.75276214705056,90.8586249137971,4035000.0
2025-07-21,91.16657257080078,91.33017596842403,91.11845046919308,91.23393910761045,5232300.0
2025-07-22,91.4264144897461,91.48415513880258,91.24355931119798,91.26281108915144,6098000.0
2025-07-23,91.09921264648438,91.27243460308112,91.0510905413837,91.21469395088221,5074000.0
2025-07-24,90.9644546508789,91.06069884249067,90.77198095245728,90.78160684009865,5867400.0
2025-07-25,91.17618560791016,91.17618560791016,90.89709358873357,90.93558979921325,3614000.0
2025-07-28,90.97409057617188,91.07995332470445,90.93559436375988,91.01258678858389,5073200.0
2025-07-29,91.57078552246094,91.57078552246094,91.08959380383781,91.10883824192544,7864000.0
2025-07-30,91.25318908691406,91.50341081415306,91.18582254601151,91.25318908691406,7425600.0
2025-07-31,91.33019256591797,91.551536651774,91.29169634611624,91.39755911497022,10411800.0
2025-08-01,92.38164520263672,92.42992451045241,92.05336211554388,92.07267678522541,11870100.0
2025-08-04,92.50715637207031,92.5457783430755,92.23680994142184,92.46853440106514,8449500.0
2025-08-05,92.4395751953125,92.55544111513525,92.32371664187794,92.34302394532097,8218700.0
2025-08-06,92.37198638916016,92.42026569620303,91.97612406368309,92.30439977913295,10107500.0
2025-08-07,92.30439758300781,92.46853543682754,92.23681097458864,92.37198419142699,5725900.0
2025-08-08,92.09197998046875,92.17888125738287,92.0437080411945,92.17888125738287,5623800.0
2025-08-11,92.1209487915039,92.2464646689329,92.07266948751484,92.1595633950301,4920200.0
2025-08-12,92.10163879394531,92.10163879394531,91.89887896640664,92.0050875474585,6724600.0
2025-08-13,92.429931640625,92.52648289731636,92.34303035313069,92.36234502430219,5925200.0
2025-08-14,92.13060760498047,92.30440280308521,92.06302099273908,92.2754381644658,5527500.0
2025-08-15,91.94715881347656,92.14991864220742,91.88922217213349,92.09198200086435,7428500.0
2025-08-18,91.86024475097656,92.02438258476589,91.77335085063643,92.01473261787494,9669600.0
2025-08-19,92.09197998046875,92.13060195172082,91.98577140112249,91.99542873553246,6499300.0
2025-08-20,92.2271499633789,92.31405123724646,92.07266945017415,92.09197675192941,6270700.0
2025-08-21,91.95680236816406,92.14991221519257,91.83128649238611,92.10163291183858,5351300.0
2025-08-22,92.46855926513672,92.57476787236268,92.08235418401296,92.11131882845827,10867700.0
2025-08-25,92.28509521484375,92.41061110393686,92.23681590636812,92.30440251840106,9936400.0
2025-08-26,92.52647399902344,92.55543863660644,92.30439950024045,92.36233614179444,5871200.0
2025-08-27,92.70026397705078,92.70026397705078,92.34301627871494,92.40094555062275,5222800.0
2025-08-28,92.9126968383789,92.9126968383789,92.63269303283708,92.67131500943479,6544700.0
2025-08-29,92.83544158935547,92.91268553315219,92.7195756736604,92.80647695202867,6818900.0
2025-09-02,92.55841064453125,92.63590029319649,92.44216508574677,92.47122462781178,8623200.0
2025-09-03,92.87805938720703,93.01367549065323,92.56807866639811,92.56807866639811,7586100.0
2025-09-04,93.29460906982422,93.29460906982422,92.99431728522514,93.11056284242042,6395300.0
2025-09-05,93.7498779296875,93.98236161139418,93.7498779296875,93.87581244144265,9566300.0
2025-09-08,94.04048919677734,94.0501707820102,93.88549514677489,93.98236273276488,7599600.0
2025-09-09,93.81768798828125,94.09860916368561,93.73050937721945,93.99205260092798,8223100.0
2025-09-10,94.06954956054688,94.1857950990707,93.92424448502287,94.01143048654653,8864500.0
2025-09-11,94.21485900878906,94.40859419146399,94.18579947044017,94.19548105620748,8554300.0
2025-09-12,93.94363403320312,94.00175311437775,93.80801052625559,93.99206413734063,36502700.0
2025-09-15,94.09861755371094,94.17611458635776,94.05986903738753,94.10830653042274,4990100.0
2025-09-16,94.15673065185547,94.2439166556758,94.06955203855846,94.10830055242046,5847700.0
2025-09-17,93.95332336425781,94.46672833168428,93.8370851923271,94.25362255296973,10701700.0
2025-09-18,93.64331817626953,93.77893426851793,93.48833152392396,93.62394761617236,7589200.0
2025-09-19,93.60456848144531,93.67237652671174,93.47864136609986,93.59488689678058,5528800.0
2025-09-22,93.4495849609375,93.63363854304909,93.43989598542561,93.6045716165134,5282700.0
2025-09-23,93.7111587524414,93.7208477311147,93.46898601928608,93.58523159178975,7077500.0
2025-09-24,93.45928192138672,93.6045796138646,93.42053340655144,93.59489802804842,5419700.0
2025-09-25,93.25585174560547,93.30428923749449,93.09117609802063,93.24617015964658,6517500.0
2025-09-26,93.20743560791016,93.41085980137706,93.12024958755306,93.23649515118761,7295300.0
2025-09-29,93.4786605834961,93.52709807886819,93.31398492406962,93.3236665107247,6357500.0
2025-09-30,93.43990325927734,93.73051342307373,93.40115474473626,93.5561488029006,9257800.0
2025-10-01,93.75473022460938,93.89076095627786,93.60898089407345,93.82274559044362,8347000.0
2025-10-02,93.85188293457031,93.91018710779797,93.65755545879284,93.71585221890248,9420600.0
2025-10-03,93.66728210449219,93.90047657808503,93.64784490737357,93.86160959696645,5154300.0
2025-10-06,93.39521026611328,93.608967518822,93.38549166863449,93.4437884272716,6319600.0
2025-10-07,93.62841033935547,93.75472246169785,93.45351263981772,93.51180940195754,5119900.0
2025-10-08,93.64781951904297,93.82271718010175,93.58952276972893,93.80328740136927,5141900.0
2025-10-09,93.57982635498047,93.62841193300281,93.50209980851048,93.56039657164257,7130600.0
2025-10-10,94.16279602050781,94.26967091719708,93.83243049571367,93.91016443250243,10417700.0
2025-10-13,94.21138763427734,94.24053601145947,94.03648995806728,94.15309087991308,5607600.0
2025-10-14,94.45429992675781,94.48344830371316,94.23082409468863,94.30855062886381,7650600.0
2025-10-15,94.34741973876953,94.57090298901616,94.26968578971702,94.45430206543739,7769300.0
2025-10-16,94.78467559814453,94.82353516281509,94.25026391994916,94.26969370228444,11627200.0
2025-10-17,94.62920379638672,94.71665634609498,94.51260286781495,94.69721915144082,12491000.0
2025-10-20,94.7555160522461,94.76523464958785,94.60977415770846,94.68750069708929,10437800.0
2025-10-21,94.930419921875,94.99843528146182,94.86240456228818,94.92070873701846,7642000.0
2025-10-22,94.94984436035156,94.99842251746192,94.7943764661171,94.88182900990329,6523500.0
2025-10-23,94.63893127441406,94.81382897712486,94.61949407793597,94.75552480080898,6138300.0
2025-10-24,94.72637939453125,94.77496497413412,94.57091888341559,94.75552777704551,7555200.0
2025-10-27,94.72637939453125,94.72637939453125,94.45431794023986,94.58063006884124,7272300.0
2025-10-28,94.8138198852539,94.86239804555407,94.668070578118,94.668070578118,5539600.0
2025-10-29,94.20167541503906,94.7652354557713,94.1530972541525,94.7652354557713,11223300.0
2025-10-30,94.06564331054688,94.21139261728374,93.91018281964718,93.92961260109051,8958800.0
2025-10-31,94.10450744628906,94.20167117680849,94.0462106906009,94.12394464026342,9739900.0
2025-11-03,94.0596694946289,94.11814981102074,93.93295966362679,93.98169078180021,8012500.0
2025-11-04,94.1766357421875,94.2253668594183,94.10840622889701,94.12789718849749,6119000.0
2025-11-05,93.72828674316406,94.03044501016717,93.69903914363357,94.01094661048018,11749200.0
2025-11-06,94.20589447021484,94.27412399695511,94.0694354167343,94.07917718022527,7665000.0
2025-11-07,94.24488067626953,94.41057988759331,94.10842162736049,94.11816339052511,11460300.0
2025-11-10,94.11815643310547,94.20588435032505,94.06942531150337,94.12790563200984,9097300.0
2025-11-11,94.41057586669922,94.43981602786863,94.28386602281174,94.36183730711012,4937700.0
2025-11-12,94.4300765991211,94.49830612772931,94.33260690631805,94.36184707051287,7188200.0
2025-11-13,94.15715026855469,94.35209707361064,94.15715026855469,94.20588882893374,46965300.0
2025-11-14,94.00119018554688,94.47879679293675,93.98169178890107,94.4300582377817,11288500.0
2025-11-17,94.1084213256836,94.1766508499194,94.04993356458118,94.0986721260898,6648500.0
2025-11-18,94.26435852050781,94.47879626365363,94.12789949058946,94.39106835215789,8769000.0
2025-11-19,94.1961441040039,94.4105818815214,94.15715474114067,94.36184331882721,13075900.0
2025-11-20,94.42032623291016,94.49829751817225,94.25461959013522,94.29360895099637,9076400.0
2025-11-21,94.73223114013672,94.77122049995116,94.54703354013319,94.73223114013672,12551100.0
2025-11-24,94.87842559814453,94.89792399497765,94.72247560577716,94.82969447898076,6903900.0
2025-11-25,95.12210845947266,95.22932733826266,94.96615845897985,94.97590765790437,9193400.0
2025-11-26,95.2000961303711,95.2000961303711,94.86869770037242,95.01490595214972,7747100.0
2025-11-28,95.03438568115234,95.18059391564606,94.92716680495427,95.16109551826838,7798000.0
2025-12-01,94.52408599853516,94.67071993805891,94.51430791640314,94.60228828011739,9898100.0
2025-12-02,94.60228729248047,94.65117024413894,94.43609719042766,94.49475822411608,7317200.0
2025-12-03,94.79782104492188,94.8564746259377,94.64140155089038,94.75871617141401,6855100.0
2025-12-04,94.50452423095703,94.6609437018298,94.45564874017747,94.65116562027752,8928900.0
2025-12-05,94.30900573730469,94.53384939972378,94.26012278887058,94.52407877682955,9118700.0
2025-12-08,94.11349487304688,94.26013628084806,93.93752667538384,94.25036565655532,14728300.0
2025-12-09,93.97662353515625,94.25035762034148,93.95707482974575,94.25035762034148,8509200.0
2025-12-10,94.2796859741211,94.30901276196968,93.92774960295543,93.9375202265774,13356900.0
2025-12-11,94.28944396972656,94.56317802279906,94.26011718580565,94.51429507727069,8672800.0
2025-12-12,94.03528594970703,94.11348823098895,94.01572978551808,94.03528594970703,8348700.0
2025-12-15,94.11349487304688,94.34812410892549,94.09394616596957,94.25036565655532,6117000.0
2025-12-16,94.37743377685547,94.39698248038626,94.07438039194025,94.08415101446042,7456400.0
2025-12-17,94.35790252685547,94.40678548632404,94.24059535771883,94.26014406641079,5673200.0
2025-12-18,94.60228729248047,94.66094832616888,94.47520206005619,94.60228729248047,7357600.0
2025-12-19,94.38945770263672,94.53657494075553,94.35022594029213,94.44830908750038,5806600.0
2025-12-22,94.29137420654297,94.34041577607384,94.23253030926028,94.3109938274325,4672800.0
2025-12-23,94.25214385986328,94.28156580894552,94.03637292300274,94.08541449326853,5093900.0
2025-12-24,94.49734497070312,94.51696459359432,94.32080577815093,94.3698473526852,3967700.0
2025-12-26,94.58561706542969,94.6542707792593,94.4777315890269,94.63465115662594,3491500.0
2025-12-29,94.7229232788086,94.74253541849696,94.59541818140696,94.6935013279293,5034600.0
2025-12-30,94.62484741210938,94.70330345338813,94.54638388813713,94.58561565012324,4108600.0
2025-12-31,94.31099700927734,94.61503379908602,94.30118719850162,94.4875287070812,6802100.0
2026-01-02,94.23253631591797,94.43849745222889,94.2227265048479,94.43849745222889,6611800.0
2026-01-05,94.51696014404297,94.52676247233339,94.32080133783408,94.37965272104343,8693200.0
2026-01-06,94.44831848144531,94.46793062322148,94.25215965021218,94.39927690296345,12834100.0
2026-01-07,94.62484741210938,94.69350112491172,94.4875325038112,94.664071691402,7990900.0
2026-01-08,94.34040832519531,94.45809611046586,94.33059851552531,94.37964008118294,6931700.0
2026-01-09,94.44831848144531,94.52677453124426,94.22273769620078,94.31101104092927,10277300.0
2026-01-12,94.33061218261719,94.44830746763238,94.2717682814563,94.30119023203675,6360600.0
2026-01-13,94.44831848144531,94.51697220170333,94.35023532448159,94.48754276499763,7622500.0
2026-01-14,94.64446258544922,94.74253825221146,94.51696496692769,94.5267672957183,7331200.0
2026-01-15,94.44831848144531,94.6640819717603,94.42869885697485,94.65427964221936,6172500.0
2026-01-16,94.08541870117188,94.40907512093797,94.06580656180427,94.37965317053985,11979300.0
2026-01-20,93.71273040771484,93.87945978570919,93.69311078518987,93.76176449864012,13607700.0
2026-01-21,93.95792388916016,93.99714816906454,93.72253331357211,93.82061646141393,11969000.0
2026-01-22,93.94811248779297,94.01676620050414,93.81080506237065,93.85983915276806,10209500.0
2026-01-23,94.10503387451172,94.12465349720526,93.90888254373802,93.98734606912495,8147500.0
2026-01-26,94.24234771728516,94.31100891869244,94.193313622601,94.25215752929965,6803800.0
2026-01-27,94.13446044921875,94.30118982358135,94.10503101607235,94.18349453907595,9857200.0
2026-01-28,94.05598449707031,94.10501858044785,93.88925514474036,94.07559663388284,17032400.0
2026-01-29,94.1540756225586,94.2423414767618,93.93830466869258,93.95792429142239,11049100.0
2026-01-30,94.09522247314453,94.21291026718377,94.06580052463472,94.14425655976325,8238500.0
2026-02-02,93.91024017333984,94.16606735225994,93.91024017333984,94.13654940908505,8987100.0
2026-02-03,93.99879455566406,94.03815431583092,93.84136302210328,93.8610391486334,7313800.0
2026-02-04,93.97913360595703,94.0775292687109,93.88073794320316,93.92009020261841,7268600.0
2026-02-05,94.53014373779297,94.55966168229072,94.17591338960592,94.26447473020616,12086800.0
2026-02-06,94.53014373779297,94.58917962678849,94.38254650819721,94.57934531669386,7759900.0
2026-02-09,94.54981994628906,94.5891797080222,94.39238840646348,94.47110792992974,8165100.0
2026-02-10,94.96308898925781,95.00244874904222,94.86469334335007,94.88436946968899,9752300.0
2026-02-11,94.6974105834961,94.90404368787972,94.61869857261644,94.63837469855974,9106600.0
2026-02-12,95.27796936035156,95.2976454887143,94.84501946529807,94.85486128303312,13099900.0
2026-02-13,95.65187072753906,95.70107230646886,95.53379144237171,95.56331689399376,11681500.0
2026-02-17,95.64202880859375,95.75026627643862,95.59283473682322,95.69123038747122,8623800.0
2026-02-18,95.44524383544922,95.53379767477156,95.41572588900843,95.47476178189,7778800.0
2026-02-19,95.5337905883789,95.58299216686889,95.38620086712272,95.40587699425458,4993000.0
2026-02-20,95.5337905883789,95.58299216686889,95.33699928863274,95.57315034974951,11200200.0
2026-02-23,95.87818908691406,95.96674292194291,95.61251256761336,95.61251256761336,9862900.0
2026-02-24,95.85850524902344,95.91754864602461,95.76995141418226,95.87818888372618,9493300.0
2026-02-25,95.77977752685547,95.85849704471491,95.71089982550505,95.71089982550505,8762700.0
2026-02-26,96.0356216430664,96.0356216430664,95.85850646403203,95.85850646403203,8177300.0
2026-02-27,96.41936492919922,96.47840832387641,96.26193339330916,96.3111274639156,9970300.0
2026-03-02,95.84010314941406,96.10654163159779,95.67233777886105,96.09667130889461,17709600.0
2026-03-03,95.73155975341797,95.86971416678196,95.36643307304118,95.39603651464049,13708500.0
2026-03-04,95.53418731689453,95.71181548862702,95.51445419952451,95.69208237125702,12535500.0
2026-03-05,95.2381362915039,95.30721348898052,95.11971501203692,95.17892188734548,12599700.0
2026-03-06,95.1789321899414,95.46511133299322,94.90262337012605,94.95196745745766,12758200.0
2026-03-09,95.4749755859375,95.52431967013182,94.98156485939519,95.09011582154251,12134400.0
2026-03-10,95.1690673828125,95.49471275422167,95.1394639425799,95.42563555072876,10571300.0
2026-03-11,94.73485565185547,95.04076788066595,94.71512253628862,94.99143132732388,12197600.0
2026-03-12,94.42894744873047,94.71512657417446,94.33025928013927,94.586834966546,11401400.0
2026-03-13,94.33026885986328,94.66579210367698,94.29080262303906,94.57697424869504,11839700.0
2026-03-16,94.75460052490234,94.79407428978398,94.60658331765974,94.71513428887152,9092100.0
2026-03-17,94.92236328125,95.01117360313808,94.86314887114067,94.90262263493001,7209700.0
2026-03-18,94.4881591796875,94.85328584721715,94.4684260622659,94.78420864296567,13048700.0
2026-03-19,94.47827911376953,94.61643350802576,94.22171096949356,94.231573762762,18464600.0
2026-03-20,93.62962341308594,94.08356041030679,93.60001997200534,94.05395696922619,20761500.0
2026-03-23,93.92566680908203,94.1723721739379,93.63948768238718,93.74803864523179,28336300.0
2026-03-24,93.6098861694336,93.82698809959011,93.37305112237667,93.54080896700656,19785600.0
2026-03-25,94.1032943725586,94.14276813414573,93.88619244825449,94.03421717199367,15939200.0
2026-03-26,93.34343719482422,93.87632168044802,93.34343719482422,93.7579079250984,12897300.0
2026-03-27,93.35330963134766,93.5309377972446,93.11647458643517,93.1263449092212,11401900.0
2026-03-30,94.01447296142578,94.13289424169623,93.87631856553521,93.9453957634805,15430000.0
2026-03-31,94.18224334716797,94.41907839149039,94.09342550001561,94.28092398823145,18649700.0
2026-04-01,94.10005950927734,94.34758702033271,94.08025307818643,94.13966481751902,13557600.0
2026-04-02,94.31788635253906,94.4465979408139,94.0703588377442,94.09015771519407,13171300.0
2026-04-06,94.07035827636719,94.23867517247757,93.97134878182814,94.06045506073121,6104900.0
2026-04-07,94.3079833984375,94.34758870738737,93.82283158319711,94.12976328513324,6737500.0
2026-04-08,94.51591491699219,94.78324889025737,94.42680862853115,94.77334567355913,12107400.0
2026-04-09,94.4862060546875,94.70403148280407,94.28818705854908,94.42680186663408,11065900.0
2026-04-10,94.32778930664062,94.51591264968916,94.3178936441208,94.48621055424799,4404800.0
2026-04-13,94.53572082519531,94.54561648789755,94.22878154078343,94.32779104539264,4300200.0
2026-04-14,94.8426513671875,94.85255458370662,94.46641223281071,94.49611432842718,5239800.0
2026-04-15,94.63472747802734,94.75353585840178,94.55551685515054,94.74364019599776,5592900.0
2026-04-16,94.4664077758789,94.7535330559188,94.43669812772323,94.72383096170367,6618900.0
2026-04-17,94.98125457763672,95.10007049952627,94.89214074773457,94.9416492703402,6912900.0
2026-04-20,94.89215087890625,94.97136150195621,94.76343928190565,94.96146583953055,3868800.0
2026-04-21,94.47630310058594,94.80304124366648,94.46640743850993,94.74363705544839,4872900.0
2026-04-22,94.57530975341797,94.76343308236918,94.55551087592113,94.73373098915378,4121400.0
2026-04-23,94.42680358886719,94.68422677775413,94.24858346751589,94.61491937244755,6795600.0
2026-04-24,94.61492156982422,94.64462366508248,94.26838453524319,94.34759515855909,5490000.0
2026-04-27,94.3970947265625,94.58521806565031,94.33769053693085,94.47630534869849,4055500.0
2026-04-28,94.3079833984375,94.3277822759423,94.16936859408311,94.24857921198284,4867700.0
2026-04-29,93.86243438720703,94.09015546516615,93.76341734050472,94.09015546516615,7200300.0
2026-04-30,94.04065704345703,94.14956220068781,93.93174433228594,94.10006122993569,10382400.0
2026-05-01,94.1121826171875,94.41019763333036,93.99298267379972,94.06251850038815,5359200.0
2026-05-04,93.76449584960938,93.97310331238914,93.59562422433567,93.96316745830362,6593900.0
2026-05-05,93.90357208251953,94.0128437462946,93.84397211276456,93.87377209764205,11281600.0
2026-05-06,94.37045288085938,94.4002528638922,94.23138124081551,94.30091706083743,9031100.0
2026-05-07,94.08238220214844,94.54926885518523,94.06251807128665,94.54926885518523,5610100.0
2026-05-08,94.33072662353516,94.45986242273702,94.29099078251072,94.41019830558403,3215100.0
2026-05-11,94.01284790039062,94.25125536878133,94.01284790039062,94.23139123759742,4025400.0
2026-05-12,93.6949691772461,93.80424084634825,93.67510504597152,93.79430499129256,5686700.0
2026-05-13,93.6949691772461,93.75456914990662,93.48636169409748,93.67510504597152,3459200.0
2026-05-14,93.63536071777344,93.93336813290239,93.6254248636183,93.91350400342823,5167300.0
2026-05-15,92.89034271240234,93.12875019081645,92.87047100154619,93.09895020336931,12498700.0
2026-05-18,92.85060119628906,93.12874450058361,92.72145782012615,92.99960870325732,8422900.0
2026-05-19,92.49298095703125,92.65191673095552,92.33403760427079,92.51284508670821,10069800.0
2026-05-20,93.11881256103516,93.18834839003249,92.53272594217714,92.55259007381768,14892500.0
2026-05-21,93.17841339111328,93.21814165152811,92.69165504441297,92.85059840141791,7762000.0
2026-05-22,93.25788116455078,93.36715283208719,93.00953784357472,93.33735284618393,6321900.0
2026-05-25,,,,,
2026-05-26,93.65523529052734,93.72477111969482,93.50622777692932,93.71483526443177,5494400.0
2026-05-27,93.6949691772461,93.85391254278989,93.66516919091583,93.72476916357635,5958800.0
2026-05-28,93.91350555419922,94.04264134500387,93.66516224807287,93.7247622163156,5938300.0
2026-05-29,94.02278137207031,94.11218132838688,93.9035738514783,94.01284551731183,9639700.0
2026-06-01,93.86031341552734,93.89021354169955,93.50149669285142,93.60117391916508,8054100.0
2026-06-02,93.93008422851562,94.01979221259492,93.85035309237328,94.01979221259492,15426600.0
2026-06-03,93.69087219238281,93.79054181215209,93.60117181588181,93.68090294911451,7056500.0
2026-06-04,93.81048583984375,93.96995572003318,93.78057810827228,93.89021697778597,4417900.0
2026-06-05,93.31212615966797,93.4815652765464,93.28221842936176,93.40182653767255,9880800.0
2026-06-08,93.21244812011719,93.55133395522003,93.21244812011719,93.49153370373908,5352200.0
2026-06-09,93.47159576416016,93.54136525939786,93.30215664776927,93.40182626892246,8007300.0
2026-06-10,93.38189697265625,93.5912054619248,93.29218898908128,93.5114667219259,5804900.0
2026-06-11,94.02975463867188,94.06962400922905,93.44169853263948,93.5014987863228,11281600.0
2026-06-12,93.87028503417969,93.95998541496596,93.71080755148644,93.85035415099549,8861800.0
2026-06-15,93.96995544433594,94.15933305554123,93.95002456098511,94.07959431352795,3787600.0
2026-06-16,94.20915985107422,94.30883707628365,94.03972073510559,94.06962086094656,4675000.0
2026-06-17,93.71080780029297,94.2689713868964,93.70084616082687,94.2191327723462,11508300.0
2026-06-18,94.04969024658203,94.28889885829636,94.01979012065583,94.11945974184474,6836500.0
2026-06-22,93.69087219238281,93.82044193765242,93.66097206688248,93.80051105542039,4572200.0
2026-06-23,93.81048583984375,93.95002483662388,93.78057810827228,93.85035521096735,6504600.0
2026-06-24,94.4184799194336,94.46831092983359,94.24903319201972,94.2590024358217,5179800.0
2026-06-25,94.47827911376953,94.7075184885088,94.46830987007938,94.54804861099082,5630500.0
2026-06-26,94.71748352050781,94.76732213243756,94.5181442813979,94.5181442813979,5584100.0
2026-06-29,94.74738311767578,94.75735236086706,94.61781337340722,94.66765198505908,5901500.0
2026-06-30,94.25900268554688,94.5879192931391,94.23907180219506,94.5679808054823,8034000.0
2026-07-01,94.02999877929688,94.19999694824219,94.0,94.04000091552734,7890500.0
2026-07-02,94.12000274658203,94.26000213623047,94.02999877929688,94.08999633789062,7605500.0
2026-07-06,94.18000030517578,94.19000244140625,94.02999877929688,94.13999938964844,4600500.0
2026-07-07,93.69999694824219,94.0199966430664,93.69000244140625,94.0,5813600.0
2026-07-08,93.51000213623047,93.58999633789062,93.36000061035156,93.52999877929688,5509600.0
2026-07-09,93.70999908447266,93.8499984741211,93.58999633789062,93.58999633789062,3223100.0
2026-07-10,93.62999725341797,93.77999877929688,93.58999633789062,93.73999786376953,6507600.0
2026-07-13,93.29000091552734,93.5199966430664,93.26000213623047,93.5,5769700.0
2026-07-14,93.55000305175781,93.79000091552734,93.45999908447266,93.5999984741211,5315900.0
2026-07-15,93.77999877929688,93.87000274658203,93.63999938964844,93.63999938964844,6735500.0
2026-07-16,93.72000122070312,93.75,93.54000091552734,93.58000183105469,4841200.0
2026-07-17,93.83999633789062,94.0999984741211,93.81999969482422,93.95999908447266,7561300.0
2026-07-20,93.54000091552734,93.76000213623047,93.44000244140625,93.73999786376953,3784800.0
2026-07-21,93.30999755859375,93.41999816894531,93.26000213623047,93.4000015258789,2786200.0
2026-07-22,93.0999984741211,93.29000091552734,93.08000183105469,93.27999877929688,3428200.0
2026-07-23,92.8499984741211,92.9000015258789,92.76000213623047,92.80000305175781,5002200.0
2026-07-24,93.02999877929688,93.22000122070312,92.94000244140625,92.98999786376953,5092700.0
2026-07-27,93.27999877929688,93.3499984741211,93.13999938964844,93.20999908447266,4046300.0
2026-07-28,93.55999755859375,93.66000366210938,93.37000274658203,93.37000274658203,3320700.0
2026-07-29,93.16999816894531,93.52999877929688,93.16000366210938,93.41000366210938,5391000.0
2026-07-30,93.20999908447266,93.31999969482422,93.12000274658203,93.23999786376953,3973000.0
2026-07-31,92.94999694824219,92.9800033569336,92.7300033569336,92.9800033569336,8488900.0
