Date,Close,High,Low,Open,Volume
2016-08-01,108.0945053100586,108.36511569070774,107.46930569921314,107.59994421135204,13990100.0
2016-08-02,107.27339172363281,108.029230155176,106.58287257482462,107.93591791116428,21278400.0
2016-08-03,107.62797546386719,107.63730882356008,107.12408794873066,107.18940722804595,15011300.0
2016-08-04,107.9359130859375,108.03855868554203,107.3387062078389,107.59065708660185,12835300.0
2016-08-05,108.9717025756836,109.21432011083098,108.36516229744912,108.48647462465682,23196600.0
2016-08-08,108.85037231445312,109.0556634800761,108.50510925233573,109.02766340536411,12358200.0
2016-08-09,109.1023178100586,109.44758087780049,108.8690336851897,108.93435295538232,13276500.0
2016-08-10,108.82239532470703,109.19564427776426,108.53311813104003,109.16765131821171,14688400.0
2016-08-11,109.28894805908203,109.5222321811281,108.97167795108084,109.19562871485047,12969800.0
2016-08-12,109.36360931396484,109.37294267358513,108.98102700074257,109.10233219873648,19379000.0
2016-08-15,109.83018493652344,110.0821358281711,109.46626219904832,109.50358852074677,11777800.0
2016-08-16,109.22364807128906,109.6342233574692,109.20498135144088,109.62489711681278,14161400.0
2016-08-17,109.41960144042969,109.45692775933226,108.64509634155274,109.25163656500176,15980300.0
2016-08-18,109.44758605957031,109.60621756336757,109.13031593270897,109.316947513,10036300.0
2016-08-19,109.41960144042969,109.66221183439538,108.95303313304849,109.25163656500176,18743000.0
2016-08-22,109.50360870361328,109.69024034650413,109.05570699921373,109.2609911274898,14500600.0
2016-08-23,109.69953918457031,110.11945493672138,109.65288662495405,109.93282334045398,11997900.0
2016-08-24,108.99034881591797,109.77418007857833,108.62642614121614,109.62488193680494,17728700.0
2016-08-25,108.81305694580078,109.14898668347055,108.57977280126717,108.71041135266462,24266300.0
2016-08-26,108.9717025756836,109.68088846035474,108.31850973405756,108.85039736774391,23896000.0
2016-08-29,109.1209945678711,109.41026463116111,108.9810226562166,108.99968225544586,11184900.0
2016-08-30,108.76637268066406,109.26093381618847,108.39312382920333,108.94367086859376,19843300.0
2016-08-31,108.65442657470703,108.76639840892554,108.19718452075749,108.5984335383306,16169800.0
2016-09-01,108.93437957763672,109.06501814994847,108.15988150443651,108.69176915435388,20944700.0
2016-09-02,109.28894805908203,109.69952327278196,108.87836572611567,109.47557250901232,18088200.0
2016-09-06,109.97016143798828,109.97016143798828,109.23298257212875,109.47560011362803,18525200.0
2016-09-07,110.03548431396484,110.22211593631049,109.61557562240691,110.07281063843396,17546900.0
2016-09-08,109.39163208007812,109.73688814569101,109.10235482599433,109.70889518029202,20125300.0
2016-09-09,106.63883209228516,108.71972950290322,106.62017249581031,108.47711203313352,50813300.0
2016-09-12,108.55176544189453,108.70106357257039,106.0322927436192,106.0416261015571,39646000.0
2016-09-13,107.581298828125,108.32780369334272,107.05874471054601,108.01054072746001,45863900.0
2016-09-14,108.0945053100586,108.68238573394862,107.66526346742148,107.69326353653551,28221800.0
2016-09-15,109.77418518066406,109.94215004750748,108.11320323036081,108.12253658942629,38521400.0
2016-09-16,109.72179412841797,109.83405362669183,109.1792172590826,109.65631120536737,27596500.0
2016-09-19,109.2447280883789,110.33923171199936,109.02957291643907,110.00246026825381,16222900.0
2016-09-20,109.45052337646484,109.89955430500196,109.263431319552,109.6376154333777,18078600.0
2016-09-21,110.52629852294922,110.6853274533474,109.27275915267967,109.91823875348803,31546800.0
2016-09-22,111.40565490722656,111.52727116011292,111.05953390957535,111.17178628195778,22614400.0
2016-09-23,110.69471740722656,111.32148371185866,110.53568842911487,111.32148371185866,22213400.0
2016-09-26,109.76856994628906,110.19889447946436,109.60954100065248,110.06792862575143,16403900.0
2016-09-27,110.85372924804688,110.9098554346789,109.59084008909754,109.69374285599233,20238400.0
2016-09-28,111.04082489013672,111.10630782236231,110.47018485055476,110.99405544546379,14794300.0
2016-09-29,110.23631286621094,111.05953500300863,109.75922600468039,110.8537294688092,27207500.0
2016-09-30,111.05952453613281,111.38693915645445,110.41404490099627,110.52630440100802,25543200.0
2016-10-03,110.90052032470703,111.04083580962849,110.47019571393113,110.91922667699488,19216400.0
2016-10-04,110.73210906982422,111.47113471410606,110.3111413008239,111.22790936782387,21239700.0
2016-10-05,111.1250228881836,111.48050064858488,111.01276337258635,111.05953995502797,14481300.0
2016-10-06,111.0688705444336,111.30273912736148,110.52629371913625,110.98467414328613,11987100.0
2016-10-07,110.82564544677734,111.33080244338848,110.28306862036878,111.17176638247372,19984200.0
2016-10-10,111.52726745605469,111.77049281664532,111.34952502288033,111.39630160122215,19687300.0
2016-10-11,109.93697357177734,111.45244501684654,109.45052991249241,111.43373866487997,27774400.0
2016-10-12,109.84342956542969,110.21762084561287,109.50665812697534,110.03987838167723,14267800.0
2016-10-13,109.45052337646484,109.7498749497881,108.45892262803869,109.09504561348865,22821000.0
2016-10-14,109.58146667480469,110.43275177377149,109.5159837546613,109.99307767976472,21313300.0
2016-10-17,109.2821273803711,109.73115826662736,109.14180478234702,109.48793290585922,14182700.0
2016-10-18,110.25502014160156,110.76953394811324,110.19889395801982,110.58243477433457,19276700.0
2016-10-19,110.24567413330078,110.40470309366957,110.04922533453268,110.17083445650215,13702900.0
2016-10-20,110.11471557617188,110.35794097335899,109.47859255537051,110.13342906516583,18132200.0
2016-10-21,110.52629852294922,110.591781443531,109.83404948578419,110.19888392004029,15707800.0
2016-10-24,111.85469055175781,111.9295302279227,111.21856757856499,111.23728106615837,19143000.0
2016-10-25,111.49921417236328,111.93888835388042,111.33082846746532,111.92017486605596,20341800.0
2016-10-26,110.74147033691406,111.34953019809969,110.41405568461539,110.77889017390594,20463700.0
2016-10-27,110.23631286621094,111.31210998045987,110.07728391236742,111.21856395685215,19099800.0
2016-10-28,109.5440673828125,110.48889866812175,109.20729597690236,109.91825862683535,35369300.0
2016-10-31,109.44112396240234,109.94628088363639,109.38499779463247,109.94628088363639,18749400.0
2016-11-01,108.61793518066406,109.64695561243437,107.67310402065429,109.62824926441093,23498700.0
2016-11-02,107.7479476928711,108.7956816487215,107.47665924527313,108.54309954984244,26960100.0
2016-11-03,106.69087219238281,107.92569827713587,106.56925593665821,107.57021339068451,36205200.0
2016-11-04,106.31668853759766,107.14926035139001,106.12958933741106,106.42894092060489,26997500.0
2016-11-07,108.84244537353516,108.95470487126461,107.86020153253969,108.03793681589889,26591200.0
2016-11-08,109.55340576171875,110.04920604366662,108.47760879190751,108.7301908725509,20777900.0
2016-11-09,110.05856323242188,110.23629851300343,108.14083788119086,108.2718037246102,70234400.0
2016-11-10,108.2811508178711,110.74144567098503,106.83116279009097,110.59177349345883,72825400.0
2016-11-11,108.32795715332031,108.56182579386106,107.42989529299183,107.81344328928884,41115200.0
2016-11-14,107.23343658447266,108.45891300091986,106.67215332645071,108.3560102376204,35906000.0
2016-11-15,108.72084045410156,109.09503165716214,107.88826877427113,108.04729771601322,31796600.0
2016-11-16,109.36631774902344,109.44115027834343,108.206324330771,108.206324330771,16538100.0
2016-11-17,110.1614990234375,110.18020537649177,109.0857017266312,109.31021364880907,20598600.0
2016-11-18,109.74989318847656,110.47956232364236,109.64699039894235,110.29247023563778,16428700.0
2016-11-21,110.89115142822266,110.99405419729202,109.98373999394063,110.02115983152079,20268500.0
2016-11-22,111.22793579101562,111.4992242922575,110.95664728977377,111.33083857207652,18850600.0
2016-11-23,110.77888488769531,110.98469041277777,110.29244130422168,110.86308130118532,22926000.0
2016-11-25,111.1343765258789,111.1811459699089,110.77889163830902,110.90985750095975,7162800.0
2016-11-28,110.88180541992188,111.39631931508295,110.7695530334176,110.99406494353109,13479000.0
2016-11-29,111.26533508300781,111.79855524224796,110.66663199674183,110.98468988883774,18553000.0
2016-11-30,109.91828155517578,111.44310280654054,109.88086170925749,111.40568296062224,30405300.0
2016-12-01,108.01924133300781,109.8901903273972,107.8508556380286,109.88083358403613,39796600.0
2016-12-02,108.23438262939453,108.66470712372502,107.78535892494122,108.08471044027779,32876800.0
2016-12-05,109.07633209228516,109.50664953273711,108.29988649583501,108.79569400700143,21419700.0
2016-12-06,109.3382797241211,109.52537894528496,108.8798991222043,109.38505631368844,27293300.0
2016-12-07,110.72278594970703,110.86310858198459,108.78635360817208,109.11376832541605,26622400.0
2016-12-08,110.91919708251953,111.19984225169325,110.55436264485557,110.76952489283585,18578400.0
2016-12-09,111.7891845703125,111.8266044006796,111.32144739637813,111.33080413824563,21863100.0
2016-12-12,111.2840576171875,111.51792626730862,110.82567706133942,111.29341436158168,23259300.0
2016-12-13,112.68724060058594,113.2953003622841,111.62080040066738,111.62080040066738,54477900.0
2016-12-14,112.45339965820312,113.19242544108926,112.12598497897629,112.82759092179296,28746000.0
2016-12-15,112.63114929199219,113.29533543706653,112.33179768946424,112.60308619442787,22762300.0
2016-12-16,112.2136001586914,113.13307930795675,111.98842436715658,112.90789635821258,26283900.0
2016-12-19,112.67335510253906,113.36765857703085,112.16671127593557,112.32621052350372,21138700.0
2016-12-20,113.10492706298828,113.31133401835434,112.89851294941326,113.0298660838321,11461800.0
2016-12-21,113.02047729492188,113.22689140050306,112.76715544784139,113.15183042425379,7079300.0
2016-12-22,112.7015151977539,113.05804421250544,112.26054076795984,113.02989812689492,16645000.0
2016-12-23,112.77655029296875,112.82346519999487,112.41063692443636,112.51384399332599,9007500.0
2016-12-27,113.35828399658203,114.01504987190074,112.9736088862414,113.02051664407206,16110600.0
2016-12-28,112.47632598876953,113.70542653887776,112.40127215068745,113.60221945852798,17975200.0
2016-12-29,112.31681060791016,112.71087004453092,111.96028166404511,112.4481637534504,13267500.0
2016-12-30,111.16279602050781,112.54200426757212,110.84379036056012,112.53262701155212,41749000.0
2017-01-03,112.15734100341797,112.57954663155881,111.54748286193896,111.9040118999643,22307600.0
2017-01-04,112.76717376708984,112.97358790620342,112.26990724552161,112.2792845004196,19749100.0
2017-01-05,113.40520477294922,113.480258620999,112.68275511455415,112.68275511455415,20644300.0
2017-01-06,114.39973449707031,114.69997135457388,113.23631756902043,113.52717001148007,24074300.0
2017-01-09,114.77500915527344,114.98142329524252,114.41847303779599,114.49353402655018,18909200.0
2017-01-10,115.0283203125,115.3754719844417,114.55919991386972,114.8219061917892,16176600.0
2017-01-11,115.33795928955078,115.33795928955078,114.48415659636642,115.07525297109723,20686000.0
2017-01-12,115.15968322753906,115.23474421566216,114.09008920051933,114.92512300831176,19622500.0
2017-01-13,115.55372619628906,115.75075588114682,115.21595897704482,115.21595897704482,16930800.0
2017-01-17,115.20659637451172,115.43177217723088,114.86882909132811,115.25350412271462,14538500.0
2017-01-18,115.44114685058594,115.55373832155122,115.08461792984284,115.37547028207513,12499700.0
2017-01-19,115.3848876953125,116.01350748202242,115.14094301755524,115.61006354343628,12710700.0
2017-01-20,115.6382064819336,116.18238799511333,115.32858522530951,115.89152840940088,22091000.0
2017-01-23,115.73202514648438,115.90090881168643,115.000198316679,115.56314148128232,17434200.0
2017-01-24,116.51075744628906,116.68902551127925,115.76016184884517,115.95719158257691,17640900.0
2017-01-25,117.68355560302734,117.71170168452952,117.1393741666189,117.24258123760015,15036200.0
2017-01-26,117.80551147460938,118.04945608466583,117.59909735519307,117.84304196524953,16052200.0
2017-01-27,118.03070831298828,118.143292639953,117.64602610729885,118.05885439472947,15053000.0
2017-01-30,117.11121368408203,117.63662622940633,116.46382525630096,117.63662622940633,25006700.0
2017-01-31,116.87664794921875,116.90479402592564,116.20111347541861,116.69837991913018,19091100.0
2017-02-01,117.68355560302734,117.91811582649203,117.14875857985626,117.70231727129215,22861900.0
2017-02-02,117.58035278320312,117.93688175880428,117.14876281540903,117.47714570849038,15101400.0
2017-02-03,117.91812133789062,118.0400900828374,117.58973844133371,117.70232277260449,16957200.0
2017-02-06,118.0588607788086,118.07762244824725,117.6085019719664,117.72109346322955,11630100.0
2017-02-07,118.49044036865234,118.73438499922801,118.19020357648606,118.30278789966731,17541100.0
2017-02-08,118.68746948242188,118.85635312453553,118.10575756887268,118.33094053049737,12569100.0
2017-02-09,119.11905670166016,119.38176299268076,118.74375893239807,118.80943550515322,17542700.0
2017-02-10,119.51313781738281,119.68202148627508,119.17537047959827,119.38178464804558,13915700.0
2017-02-13,120.18865966796875,120.33876732480951,119.83212356058081,119.87903130856733,19120200.0
2017-02-14,120.59210205078125,120.60147930589487,119.85089087883476,120.23556592658343,16333500.0
2017-02-15,121.30514526367188,121.36145173678146,120.4419654560959,120.50764918318127,17891400.0
2017-02-16,121.26760864257812,121.62414468444408,120.95798749828664,121.3801929436235,15098300.0
2017-02-17,121.79304504394531,121.80243661515381,121.07059556544861,121.08936439144605,15563700.0
2017-02-21,122.39352416992188,122.46858516089081,121.9619413673757,122.02761078671091,18479600.0
2017-02-22,122.44046020507812,122.52489846582985,122.07454675873134,122.28096094040622,12110900.0
2017-02-23,121.98070526123047,122.62809383127059,121.4928302570326,122.62809383127059,17489000.0
2017-02-24,122.21527099609375,122.21527099609375,121.38962862768315,121.42715196952922,18624500.0
2017-02-27,122.36538696289062,122.3747642187843,121.78368213621616,121.9900962972467,12008700.0
2017-02-28,121.99010467529297,122.3935414527464,121.65233732644772,122.33724928067589,16598600.0
2017-03-01,123.32239532470703,123.54756399488303,122.53427634624892,122.76883658862961,25813800.0
2017-03-02,122.70314025878906,123.31299109983605,122.55301828312778,123.29423659019307,19951400.0
2017-03-03,122.92835235595703,122.9658757005555,122.29034096639951,122.61873107643363,13722700.0
2017-03-06,122.65621948242188,122.86263360997377,122.1683445594982,122.52486633910875,12026200.0
2017-03-07,122.4498062133789,122.98461036117263,122.2340148299413,122.41228287920588,15500900.0
2017-03-08,122.6656265258789,123.05029443354746,122.40292020611568,122.52488179402103,15776000.0
2017-03-09,122.75944519042969,122.92833600972213,122.10267937411699,122.63748359938515,20855300.0
2017-03-10,123.27550506591797,123.472542008147,122.74071505088014,123.3224199870605,21922600.0
2017-03-13,123.48186492919922,123.51001100621463,123.16286651207946,123.22853591964288,10731600.0
2017-03-14,123.181640625,123.2473243594354,122.68437409669153,123.2004094514701,14019700.0
2017-03-15,123.94160461425781,124.23245694630467,123.04088722546435,123.4349466091811,22709100.0
2017-03-16,123.85717010498047,124.17618287613425,123.57570930163784,124.17618287613425,18457300.0
2017-03-17,123.81388854980469,124.14294714680568,123.74806822268953,124.01132083876696,21234500.0
2017-03-20,123.92675018310547,124.20881075467048,123.59769147144347,123.77631596544458,10105200.0
2017-03-21,122.0463638305664,124.50966313971429,121.97114672276541,124.39684465111101,35841900.0
2017-03-22,122.8737564086914,122.99598602078285,121.9241528308091,122.08399817563574,29177900.0
2017-03-23,122.56349182128906,123.05239592604818,122.35664832874477,122.71392606063013,20311700.0
2017-03-24,122.81733703613281,123.43785311314932,122.34724083906725,122.95836015677352,22967600.0
2017-03-27,123.01476287841797,123.23101744685678,121.66088360730832,121.94294417982228,18472400.0
2017-03-28,123.76693725585938,124.13361174850783,122.74213089771355,123.01478040406292,23721900.0
2017-03-29,124.34044647216797,124.3874589620019,123.71991603723454,123.85154240105093,13710000.0
2017-03-30,124.54730224609375,124.67892862290462,124.1806277431064,124.29344625288739,16092400.0
2017-03-31,124.46269989013672,124.80116979702422,124.22765174219263,124.36867489247891,19841400.0
2017-04-03,124.38745880126953,124.86695176608157,123.69171125274039,124.56609765468902,23700300.0
2017-04-04,124.58488464355469,124.60369250771768,123.98316210611105,124.03017459342009,13400000.0
2017-04-05,124.07718658447266,125.49687187986704,123.8421384950645,124.76352298860934,32011200.0
2017-04-06,124.14299011230469,124.47206316938845,123.82332816017545,124.19941370344212,18832200.0
2017-04-07,124.07718658447266,124.45325778904696,123.63529502868957,124.10539120750589,16743100.0
2017-04-10,124.12419891357422,124.64130757885322,123.7857290914095,124.1994160236327,15619300.0
2017-04-11,123.58831787109375,124.1994516859746,122.69513774525355,124.01140168373374,33778400.0
2017-04-12,123.0899887084961,123.67290341244721,122.95836234482333,123.5694816734045,15955200.0
2017-04-13,122.6010971069336,123.64471136297794,122.5823035860673,122.92077346224923,23683000.0
2017-04-17,123.616455078125,123.63526293733091,122.9019142364247,122.94892671134292,13325500.0
2017-04-18,123.42845916748047,123.78573687617788,123.11819394880078,123.20280782311404,12841100.0
2017-04-19,123.62589263916016,124.37803501405217,123.4566505624721,123.96436244634005,17764800.0
2017-04-20,124.66007232666016,124.93273608096919,123.93613470854258,124.12417026719399,21977900.0
2017-04-21,124.63192749023438,124.81996313907761,124.31226545258082,124.77296498651711,22454900.0
2017-04-24,126.13623809814453,126.25845337630898,125.79776820053519,126.01400847378004,22469900.0
2017-04-25,127.04822540283203,127.27386243598241,126.43709163024982,126.54992449302499,19384400.0
2017-04-26,126.86956024169922,127.40546243062738,126.79434313082918,127.09519722811234,25398500.0
2017-04-27,127.63109588623047,127.63109588623047,127.10459053008363,127.17980763041817,16136500.0
2017-04-28,127.85673522949219,128.18579387321142,127.64989180946587,128.13878139662478,22771900.0
2017-05-01,128.9944610595703,129.163703239037,128.2235103532585,128.27991963101243,24815500.0
2017-05-02,129.2106170654297,129.26704065255862,128.82514913698657,129.15420782449632,18345100.0
2017-05-03,128.7969207763672,128.96614846797482,128.44903994440776,128.91913599379728,23827600.0
2017-05-04,128.84393310546875,129.21060749055954,128.39264486524806,128.77812711132142,14630100.0
2017-05-05,129.3140869140625,129.3140869140625,128.69357068667193,129.17306375924667,19330700.0
2017-05-08,129.5961151123047,129.5961151123047,129.11662215981985,129.37987488034454,13279900.0
2017-05-09,130.0474090576172,130.33886638247697,129.68072027914621,129.79355311336664,28426100.0
2017-05-10,130.12258911132812,130.16960158853286,129.66190413482568,130.12258911132812,20499400.0
2017-05-11,130.0192108154297,130.0568265482315,129.16364656786988,129.76536917691126,27232100.0
2017-05-12,130.3106689453125,130.33887356887362,129.96278801106348,130.07562085150508,19738600.0
2017-05-15,130.72434997558594,130.79956709200192,130.24485699790685,130.3670866053576,20481300.0
2017-05-16,131.26966857910156,131.28847644551,130.67735707612223,131.06282508720446,21786000.0
2017-05-17,127.93199920654297,130.47051606439211,127.91319133977699,130.22605683503107,55642200.0
2017-05-18,129.05081176757812,129.4833066110785,127.74394482331611,127.88498229989595,41319900.0
2017-05-19,129.5961151123047,130.14142841801933,129.4268873689091,129.5115012406069,36730100.0
2017-05-22,130.6867218017578,130.75254214495394,129.84055452137557,129.88755265657838,19509700.0
2017-05-23,130.818359375,131.08161207799913,130.47988956454452,131.0722153193907,19687500.0
2017-05-24,131.4201202392578,131.48594060731335,130.8466021804617,131.21327671994115,15891900.0
2017-05-25,132.5389862060547,132.87745620333342,131.63639476457658,131.91845548667627,23928600.0
2017-05-26,132.77394104003906,132.8303502755469,132.38845880247675,132.56709761238093,13851600.0
2017-05-30,132.8867950439453,133.04662603601975,132.62354231038765,132.70815618627446,20306400.0
2017-05-31,132.83973693847656,133.3568454683277,132.16281181762693,133.3568454683277,33229400.0
2017-06-01,133.35687255859375,133.41328180127417,132.5483066057171,133.1124277249133,20120700.0
2017-06-02,134.87997436523438,134.90817898250182,133.61070920342328,133.82694938453838,37222900.0
2017-06-05,134.851806640625,135.0868547712929,134.66377100533055,134.87061450801426,15727500.0
2017-06-06,134.31590270996094,135.13386560383643,134.11845597030174,134.69197397592228,22393000.0
2017-06-07,134.8423614501953,134.95517992161234,134.0714113185218,134.69192725750978,18842400.0
2017-06-08,134.9834442138672,135.19968447209595,134.25008086480614,135.14327521744488,25417400.0
2017-06-09,131.60813903808594,135.2936918298703,129.84998369521549,135.14327193651894,109783700.0
2017-06-12,130.9029998779297,131.13804800673608,129.2482662157643,130.49872398255832,104454000.0
2017-06-13,131.96539306640625,132.1534286589689,130.94998365113256,131.6363200197745,51193000.0
2017-06-14,131.3918914794922,132.50131165554117,130.32946944776555,132.50131165554117,60093800.0
2017-06-15,130.8090362548828,130.9500594443793,129.26712054950207,130.0662758669895,55145200.0
2017-06-16,130.2414093017578,130.83534869683277,129.7606101252031,130.74106757894572,48087400.0
2017-06-19,132.41921997070312,132.5417681964948,131.30676288123885,131.50474753102998,39626500.0
2017-06-20,131.38214111328125,132.45687963239632,131.33500055664112,132.2871908908257,40935100.0
2017-06-21,132.6831817626953,132.74916705171682,131.59900620619143,131.68385060005426,35743400.0
2017-06-22,132.6454315185547,133.1356674290604,132.3060396397859,132.89055666644686,24099100.0
2017-06-23,133.154541015625,133.32422978083102,132.12692852473893,132.49460190129884,21654300.0
2017-06-26,132.53231811523438,134.1444189015973,132.24006676713816,133.91816721805444,34411100.0
2017-06-27,130.12831115722656,132.19294436486769,130.1188887975445,132.0326779385813,65957800.0
2017-06-28,132.0043487548828,132.1174745713003,129.85487193129006,130.60906322110898,57427200.0
2017-06-29,129.71348571777344,131.45758591890183,128.45019913834807,131.45758591890183,88769400.0
2017-06-30,129.76060485839844,130.73163991505092,129.33636861568357,130.08113762975825,68898300.0
2017-07-03,128.39366149902344,130.5054211198311,128.30881709681958,130.3545914221188,32797000.0
2017-07-05,129.6569061279297,130.00572036920627,128.36533825269137,128.79899686855762,42116600.0
2017-07-06,128.48794555664062,129.2138702166458,128.0260052700527,128.66707113114836,48430500.0
2017-07-07,129.87379455566406,130.22262334100972,128.9121957686949,128.92161813062327,36970400.0
2017-07-10,130.7222442626953,131.03335474031644,129.62864641141155,129.9586159927531,24853500.0
2017-07-11,131.08995056152344,131.2502170201606,130.04349301430508,130.5337291370854,31517700.0
2017-07-12,132.6454315185547,132.79627555029163,131.94780304600897,132.2117729089093,36045800.0
2017-07-13,132.937744140625,133.25829145219913,132.55122591082267,132.8057591483128,31073600.0
2017-07-14,133.984130859375,134.1538339799057,133.10737695667896,133.53161318008924,34544800.0
2017-07-17,134.05014038085938,134.5215171938533,133.7955928739646,134.12556239717185,25343200.0
2017-07-18,134.94583129882812,134.97411277310107,133.5317000440331,133.9559365434142,25748500.0
2017-07-19,135.73765563964844,135.9356402198318,135.28513795172952,135.34170086455967,33752300.0
2017-07-20,135.9168243408203,136.1713719147777,135.30404007659675,136.08652751855274,36139400.0
2017-07-21,135.86021423339844,135.86021423339844,135.14372671637932,135.41711891548684,39697100.0
2017-07-24,136.4824676513672,136.57673439743388,135.68112119075508,135.84138760582132,26712700.0
2017-07-25,136.1335906982422,136.45413779998398,135.76591743281932,136.02988724464723,28120900.0
2017-07-26,136.5767364501953,136.65215847935085,136.2562036152452,136.4730329582666,18610600.0
2017-07-27,135.71885681152344,137.6043645981586,134.1538818961484,137.47237962850545,80665900.0
2017-07-28,135.60572814941406,135.83199428184582,134.6912556439346,134.90809941532987,38013200.0
2017-07-31,135.03060913085938,136.1619106997329,134.73835778397236,135.99222193777783,33848600.0
2017-08-01,135.34173583984375,135.5302837264284,134.92692185818856,135.4925799032241,20149400.0
2017-08-02,135.70944213867188,136.24681885020107,134.446155168625,136.21853737962428,41769700.0
2017-08-03,135.1814422607422,135.9167889403976,134.93633149594996,135.84136692385874,27112800.0
2017-08-04,135.4265594482422,135.7282475287054,134.8703382333275,135.48313675228863,29472900.0
2017-08-07,136.28453063964844,136.28453063964844,135.48319828437772,135.6717462276599,17933900.0
2017-08-08,136.04881286621094,137.1424108415443,135.66228031514405,136.0205314000629,30810400.0
2017-08-09,135.8697052001953,135.93570488674624,134.6158406232906,134.92695117713475,36169500.0
2017-08-10,132.95655822753906,135.19087997840603,132.82457327991995,135.09661323598115,63331700.0
2017-08-11,133.96534729003906,134.257598724327,132.83403099755336,133.135719178292,45862500.0
2017-08-14,135.69049072265625,135.8978976226485,134.9928624092963,135.0305662159879,34161000.0
2017-08-15,135.78482055664062,136.03936809532257,135.41714717200247,136.0299313513059,25509200.0
2017-08-16,136.02049255371094,136.66157250230572,135.567974839295,136.1241960283978,31913000.0
2017-08-17,133.2393798828125,135.69996757340567,133.2393798828125,135.4925606121082,70191000.0
2017-08-18,133.1450653076172,134.059537302137,132.59826658205964,133.31476840844067,60751900.0
2017-08-21,132.9754180908203,133.42793585877735,132.15521255387762,133.13568450061175,37111500.0
2017-08-22,135.00234985351562,135.14377156366257,133.64478199368594,133.69192256373492,36294200.0
2017-08-23,134.52157592773438,134.82324973942028,134.22932447772192,134.32359125031158,25702300.0
2017-08-24,134.12557983398438,134.9740524535665,133.37137395808884,134.82320840133127,38160800.0
2017-08-25,133.84274291992188,134.9834668324727,133.66361741664207,134.64408931292743,26380400.0
2017-08-28,134.25755310058594,134.56866353676875,133.82388008446705,134.24811635734204,15362100.0
2017-08-29,134.7855682373047,135.0118344225183,132.98490427469247,133.10746692317744,24498300.0
2017-08-30,136.3693389892578,136.59560509252495,134.81380088698242,134.89864528122678,33642700.0
2017-08-31,137.83059692382812,137.8400336680139,136.68043618506394,136.75585821214628,38480700.0
2017-09-01,137.64202880859375,138.19824999309313,137.274355471434,138.00970214575352,22293600.0
2017-09-05,136.40707397460938,137.5289534985288,135.37947560163326,137.23670207000202,44794300.0
2017-09-06,136.82183837890625,137.13294880179754,135.83194419430282,136.75583872013596,30722700.0
2017-09-07,137.14239501953125,137.4912093186364,136.64273666151746,137.07639534927827,22721100.0
2017-09-08,135.9545135498047,137.02925216190562,135.81309186764858,136.96325249984355,27890100.0
2017-09-11,137.5194854736328,137.75517391210013,136.98212331427322,137.0198271349045,27126300.0
2017-09-12,137.84945678710938,138.02858230425764,137.19895438705768,137.90601971141285,30256700.0
2017-09-13,138.0380096435547,138.0568687474299,137.3875072200332,137.61377331069153,28450900.0
2017-09-14,137.2272491455078,137.91545543335027,137.14240475083182,137.50065581984018,35296400.0
2017-09-15,137.6986083984375,138.19826672776736,136.97268399373397,137.19895006910764,46422400.0
2017-09-18,137.51817321777344,138.29291597645866,137.10245126184856,137.85830805291477,24858200.0
2017-09-19,137.7543182373047,137.95272172924206,137.29135272817922,137.76376121704737,20871200.0
2017-09-20,137.3291778564453,137.85827315120937,136.27097285015168,137.7070989479152,34236200.0
2017-09-21,136.48829650878906,137.24413872127352,136.00643051904922,137.2346957394856,28841800.0
2017-09-22,136.35604858398438,136.55445215658486,135.9119832705677,136.05370010813948,21702400.0
2017-09-25,134.919921875,135.89308260234054,134.25855260643394,135.81749548353744,54947700.0
2017-09-26,135.26947021484375,135.86470963525812,134.79706163782043,135.60960496697115,29628800.0
2017-09-27,136.48829650878906,136.99849144389268,135.6474097931489,135.98753013870726,33249400.0
2017-09-28,136.44107055664062,136.58278738576817,135.84583104076904,136.15762248161758,24149400.0
2017-09-29,137.42364501953125,137.5275754777372,136.35601149443184,136.71503219088112,43102400.0
2017-10-02,137.5465087890625,138.10394755437702,136.9323688737976,137.63153888883556,27351300.0
2017-10-03,137.83937072753906,137.99998790987019,137.42364888302777,137.72599728513245,19715200.0
2017-10-04,137.97166442871094,138.26455547497233,137.4425690655591,137.57484290634704,26381100.0
2017-10-05,139.32273864746094,139.3983113301931,138.33067778961117,138.47239459069039,31562400.0
2017-10-06,139.51173400878906,139.51173400878906,138.85036474407198,138.85036474407198,23561100.0
2017-10-09,139.35108947753906,139.84238402545935,139.1715719087057,139.69122423512707,13704800.0
2017-10-10,139.455078125,139.96527326585803,138.84093805872487,139.82355639805633,19223100.0
2017-10-11,139.87071228027344,139.8990700557117,139.20934321660823,139.38886076605257,12439100.0
2017-10-12,139.6156463623047,140.1636420866921,139.47391512749232,139.66289010724213,14513500.0
2017-10-13,140.15420532226562,140.31482254528686,139.6251099013089,140.18254869004767,18409900.0
2017-10-16,140.63609313964844,140.67387949694037,140.20147073854957,140.50381926396986,21809400.0
2017-10-17,140.8155517578125,140.8344521388578,140.37150092899705,140.5888048523351,13138200.0
2017-10-18,140.6455078125,140.97619964351298,140.43764684730928,140.9572992602861,17218200.0
2017-10-19,140.1258544921875,140.144754875292,139.14325082227697,139.82352044635664,27680300.0
2017-10-20,140.50381469726562,140.8155917809114,140.33374005305174,140.69277531112604,30173300.0
2017-10-23,139.5872802734375,140.8060879605037,139.38886234371,140.79664497976032,29297100.0
2017-10-24,139.82350158691406,140.11639261007153,139.30384924739295,139.8612879312582,20289500.0
2017-10-25,139.29443359375,140.00304670088795,138.25514302001,139.54953834901542,36179100.0
2017-10-26,138.85035705566406,139.55897003221696,138.8125562901912,139.20937782704868,28230200.0
2017-10-27,142.8942108154297,143.15875857490937,140.96677494862445,141.18407894746028,60165100.0
2017-10-30,143.21536254882812,143.79170149533292,142.65792397901163,142.79019778230304,31733400.0
2017-10-31,143.75396728515625,143.96182827465566,143.26267259794855,143.67839457694737,26319300.0
2017-11-01,143.70672607421875,144.39643870961083,143.139829892097,144.33029457443016,29481600.0
2017-11-02,143.43270874023438,143.60278334708093,142.45010511398695,143.54608220028703,31017400.0
2017-11-03,144.81214904785156,144.83103501344485,143.46105283601557,143.95236186002572,26199200.0
2017-11-06,145.3034210205078,145.36012215875795,144.65150930666798,144.69873863006168,28693900.0
2017-11-07,145.38845825195312,145.57741878637844,144.87824895056363,145.1900403199095,21333100.0
2017-11-08,145.97425842285156,146.01204476773913,145.14281466766036,145.31288926157058,17373500.0
2017-11-09,145.20896911621094,145.28455622812663,143.71615609360302,144.77434682688764,40594500.0
2017-11-10,145.1995086669922,145.31289654086785,144.61372658290867,144.86883127816998,20150800.0
2017-11-13,145.37904357910156,145.56801858582853,144.65154458692456,144.65154458692456,12522400.0
2017-11-14,144.84994506835938,145.02946267085645,144.15078945876272,144.86884545198237,25173800.0
2017-11-15,144.1696319580078,144.55701041325628,143.40433244485519,144.226318675017,24808000.0
2017-11-16,146.01202392578125,146.34271566760157,144.86880334234465,144.89714670115617,34790600.0
2017-11-17,145.45462036132812,146.15379035293043,145.31290353312326,146.04985987332424,28725800.0
2017-11-20,145.3411865234375,145.69076416563874,145.1333256505714,145.55849037533866,21143900.0
2017-11-21,146.91912841796875,146.98527256624587,145.9648678864493,146.0309976179548,20147800.0
2017-11-22,147.0986328125,147.2403496649445,146.76794093443573,147.05138905609505,17299000.0
2017-11-24,147.63714599609375,147.68438974441153,147.16473734645172,147.24978186013087,8280600.0
2017-11-27,147.57102966308594,147.92060748215383,147.23089482783072,147.58993004748044,22653400.0
2017-11-28,147.9488983154297,148.04338578708163,147.10801171807793,147.9016545796037,25227300.0
2017-11-29,145.36956787109375,147.81664083959305,144.6703979871944,147.77885449681514,71986300.0
2017-11-30,146.58837890625,146.87182694204847,145.64356173143236,145.98369649103736,56595500.0
2017-12-01,145.96484375,146.6734567923974,143.85789059053124,145.6908386335489,59015800.0
2017-12-04,144.2830352783203,147.04189966375623,144.14130405383716,146.88128247608793,51319100.0
2017-12-05,144.37750244140625,146.02148942753934,143.706690356617,144.25467160189618,40604200.0
2017-12-06,145.02943420410156,145.25619551276256,143.66889518566722,143.83896977135439,28647800.0
2017-12-07,145.52078247070312,145.93650444048822,144.86885614688282,145.02003039349006,32666200.0
2017-12-08,146.16317749023438,146.94737727913454,145.93643065174146,146.58834222917093,28081700.0
2017-12-11,147.29702758789062,147.34427134146728,146.21993632348224,146.22939372425924,20821500.0
2017-12-12,147.0986328125,147.53324077117668,146.78684132035178,147.23090668037165,20310300.0
2017-12-13,147.38201904296875,147.8544275750956,147.16470073812013,147.69381040418418,24418500.0
2017-12-14,147.278076171875,148.01503226651727,147.11745901450558,147.63709682262183,24594700.0
2017-12-15,148.950439453125,149.1110710785889,147.60880063627914,147.85446235750558,49816200.0
2017-12-18,150.19924926757812,150.3223369874135,149.65958474006047,149.93414836863693,26844500.0
2017-12-19,149.3092041015625,150.06664114181802,148.89261300707648,149.91515084438493,31415000.0
2017-12-20,149.14828491210938,149.8583795896368,148.56127793503225,149.82997695828877,38972600.0
2017-12-21,149.167236328125,149.8299885222529,148.99680607996964,149.3565920340309,18638700.0
2017-12-22,148.99684143066406,149.05364671122192,148.59919001984136,148.9400361501062,23330400.0
2017-12-26,148.19204711914062,148.38140283322556,147.65236816473785,148.16364448437363,21918700.0
2017-12-27,148.21099853515625,148.60866438537064,148.0689853364493,148.20153580421493,22388200.0
2017-12-28,148.39088439941406,148.71280504582987,148.2109913917773,148.68438796054062,25393800.0
2017-12-29,147.4725341796875,148.55187807339428,147.41572888742726,148.52347542726415,33186000.0
2018-01-02,150.05728149414062,150.09514687105468,147.86071401321027,148.2299628375315,32573300.0
2018-01-03,151.51528930664062,151.64783975460128,150.17084492106406,150.1992475565617,29383600.0
2018-01-04,151.7803955078125,152.23485213857447,151.5626371457476,152.03603368314177,24776100.0
2018-01-05,153.30474853515625,153.40889636185685,152.2159421671278,152.49998300784918,26992300.0
2018-01-08,153.90121459960938,153.97695977794436,153.2479250775212,153.30473034954352,23159100.0
2018-01-09,153.91065979003906,154.36511636134475,153.4467404901132,154.20416329331803,24782400.0
2018-01-10,153.55091857910156,153.57933566706862,152.547320070258,153.22901234926837,34004000.0
2018-01-11,154.6018524169922,154.61132959484456,153.5793284931583,153.81602678878824,20473500.0
2018-01-12,155.73800659179688,155.89895968968523,154.2704743562168,154.46929282252498,37762700.0
2018-01-16,155.29302978515625,157.5653277606631,154.8290959011014,156.77002491392753,41231800.0
2018-01-17,156.96884155273438,157.20553985768248,155.27408804594995,156.03152551116744,33849900.0
2018-01-18,156.99729919433594,157.3570708868851,156.3534721261733,156.722720999396,26432200.0
2018-01-19,157.4895477294922,157.7451858904341,156.73211042290708,157.4611450946003,38937600.0
2018-01-22,159.17483520507812,159.17483520507812,157.2528465627643,157.4327395450257,26081400.0
2018-01-23,160.49087524414062,160.63290286141776,159.59142478904369,159.6671699622086,37989700.0
2018-01-24,159.4494171142578,161.18205008697086,158.5310267224878,160.83172684314468,54287400.0
2018-01-25,159.39266967773438,160.60456403603288,158.88139316746825,160.54775874531893,28925000.0
2018-01-26,161.83535766601562,161.85429757549485,159.97018831947435,160.28261736783267,32038200.0
2018-01-29,161.0495147705078,161.81641488277137,160.70866867095552,161.49450869067098,37277800.0
2018-01-30,159.72398376464844,160.40567591264175,158.89081570914632,159.5819705866979,44987700.0
2018-01-31,160.38673400878906,160.94535287790538,159.38313570533205,160.62343226703516,42449200.0
2018-02-01,159.02337646484375,160.69918986094157,158.51210009725204,159.15592692182747,38037900.0
2018-02-02,155.85165405273438,158.77724203943936,155.71910356149945,158.3985304778882,68478100.0
2018-02-05,149.70687866210938,156.93091262654218,149.59326814475816,154.3935147596173,105372200.0
2018-02-06,153.67405700683594,153.86341282525535,146.84768368077823,147.51989900320564,118537900.0
2018-02-07,151.6857147216797,154.8479999126763,151.67623754553964,153.18163496649186,91028300.0
2018-02-08,145.28538513183594,152.24431956459966,145.28538513183594,152.07388930965706,94184800.0
2018-02-09,147.79440307617188,148.87374659130643,142.1420473280707,147.33993200365109,113836600.0
2018-02-12,150.41697692871094,151.4395149503486,148.13521711753137,149.30923101699824,63050600.0
2018-02-13,151.193359375,151.4963255883258,149.3281762202797,149.5554117154588,31785600.0
2018-02-14,154.0242919921875,154.26099026322066,149.59330729296613,150.30340210606565,52107400.0
2018-02-15,156.88363647460938,156.88363647460938,153.79709572301584,155.40664133646132,51633900.0
2018-02-16,156.18301391601562,157.88723013252883,155.91789852666605,156.3723696681929,62256300.0
2018-02-20,156.4954376220703,157.81147955814131,155.56758435521527,155.63386681202076,36785600.0
2018-02-21,156.05047607421875,158.7961708202972,155.95579096700817,157.26237032253522,41161800.0
2018-02-22,156.03146362304688,157.56526340773237,155.63381236208812,156.73208108177369,37074400.0
2018-02-23,159.2222137451172,159.2222137451172,156.64693503627942,157.29076193694786,50096900.0
2018-02-26,161.33355712890625,161.33355712890625,159.83763657110168,159.97018704256226,39266700.0
2018-02-27,159.33580017089844,161.64597758447402,159.26006943821488,161.3808766793341,42209900.0
2018-02-28,158.3132781982422,160.76546882266194,158.2091303809506,160.24472973620394,42936300.0
2018-03-01,155.728515625,159.12751362809794,154.32726596687874,158.39847894005064,76809900.0
2018-03-02,157.158203125,157.43276678702014,153.3426278144954,153.853889768467,57445100.0
2018-03-05,158.90029907226562,159.30741319986544,155.832684007959,156.4197055958498,38540200.0
2018-03-06,159.572509765625,160.11218879098223,158.56891134680296,159.67665758910184,29480900.0
2018-03-07,159.94174194335938,160.07430683852078,158.07657293836675,158.3511365644067,34609400.0
2018-03-08,160.8222198486328,160.9358303575681,159.9606349641106,160.60446155753647,25828400.0
2018-03-09,163.9467010498047,163.9467010498047,161.73120860378702,161.9679068851201,38310500.0
2018-03-12,164.81768798828125,165.19639931947688,164.06025087897874,164.4294994833134,37635000.0
2018-03-13,162.5738525390625,165.8876284498334,162.1572612559161,165.19645907237845,55638900.0
2018-03-14,162.54539489746094,163.54900748686296,161.83530023661527,163.42591978930426,40536400.0
2018-03-15,162.4033966064453,163.35018957421886,161.80691241373543,162.65903475288013,28810400.0
2018-03-16,161.92059326171875,163.0378024146468,161.84484806453258,162.6780307866614,31176700.0
2018-03-19,158.4657745361328,160.4762272948827,157.08120789166728,160.3624324505313,71395100.0
2018-03-20,158.98731994628906,159.35716760509172,158.0010643462651,158.5321261670741,34075700.0
2018-03-21,158.2951202392578,160.0400426256779,157.6028439228635,158.57014383135225,43863500.0
2018-03-22,154.3879852294922,157.20452390269915,154.1888297452732,156.1044586392178,66607300.0
2018-03-23,150.31964111328125,154.86214562627683,150.24377304849477,154.20779622905314,80110400.0
2018-03-26,155.9053192138672,156.09499663565293,150.9360833227626,153.36380382992144,57481500.0
2018-03-27,150.8601837158203,157.06224920041865,149.5325143926034,157.06224920041865,78889100.0
2018-03-28,149.124755859375,151.52402740333153,147.9772712438351,149.99721692350883,89369700.0
2018-03-29,151.85594177246094,153.35430347071113,148.53678995832982,149.93083487789318,68692600.0
2018-04-02,147.47463989257812,151.48608204411758,145.9288734381852,150.77483528296762,85549400.0
2018-04-03,149.13424682617188,149.7601475796335,146.45996597011248,148.76439901191827,64090000.0
2018-04-04,151.48606872558594,151.95074064099146,146.08058223981035,146.25128897206122,65768700.0
2018-04-05,152.34910583496094,153.2310596639944,151.23956222064734,152.99397732408914,43054900.0
2018-04-06,148.53680419921875,152.16890669763632,147.8255573137145,150.67054485573146,59870900.0
2018-04-09,149.57994079589844,152.5671860613218,149.32390236456325,149.81702306440727,41810400.0
2018-04-10,152.88014221191406,153.3732629305298,150.85071849503805,151.9318131017785,48296800.0
2018-04-11,151.99819946289062,153.62932680636436,151.8275071566539,151.92233139222267,41622100.0
2018-04-12,153.8284454345703,154.3595073316183,152.83269714242965,152.9180432750942,30467900.0
2018-04-13,153.03184509277344,154.8241863121685,152.36801769121084,154.59659661469107,44604900.0
2018-04-16,154.19830322265625,154.757813867154,153.13616488880277,154.10346453326406,28180800.0
2018-04-17,157.51747131347656,157.85887037265869,155.44062824264807,155.75357858609453,35536100.0
2018-04-18,157.8398895263672,158.3709514795451,156.76827306847767,157.51746112198816,29573900.0
2018-04-19,156.38894653320312,157.4131436398786,155.84839203092181,157.04329589055297,34705700.0
2018-04-20,153.91383361816406,156.10447177716878,153.37327902290036,155.99067690252605,49197100.0
2018-04-23,153.5249786376953,155.2699004953339,152.6999370521454,154.66297052440083,33040600.0
2018-04-24,150.27223205566406,154.49229355837966,149.2575129965099,154.25521128889727,70256800.0
2018-04-25,150.45233154296875,151.07823191240743,148.38498207283962,150.53769211723514,52089300.0
2018-04-26,153.6197967529297,154.1318879687496,151.9033093666861,152.39644442401823,43005500.0
2018-04-27,153.71469116210938,155.91482206095097,152.84222995164492,155.8768807859466,51043400.0
2018-04-30,152.62411499023438,155.0328649684649,152.2447746001171,154.0750576153368,35615300.0
2018-05-01,154.36903381347656,154.38800445013396,151.86544517786814,152.22581492257925,36513500.0
2018-05-02,153.45863342285156,155.11820947238124,153.27844856507443,154.63455233406268,38646800.0
2018-05-03,153.4396514892578,154.00864026784356,150.99296067138408,152.68098531412312,60337100.0
2018-05-04,156.35101318359375,156.7113828700259,152.66201358471108,152.77582291589437,41543200.0
2018-05-07,157.65025329589844,158.16234470304425,156.95796255299328,157.08124998097605,32500200.0
2018-05-08,157.489013671875,157.83039824135489,156.341529144273,157.318306916782,26040200.0
2018-05-09,159.2054901123047,159.31928497105665,157.21399326202513,157.77350394469346,29122700.0
2018-05-10,160.85562133789062,160.9694307008809,159.5943415532342,159.7176290004913,27067600.0
2018-05-11,160.703857421875,161.0831832779089,160.00208867082307,160.6659161540593,24688800.0
2018-05-14,160.9788055419922,161.993524251706,160.7132746492415,161.07364420526673,21821700.0
2018-05-15,159.19601440429688,159.793466416665,158.35200201509426,159.70812026357098,49361600.0
2018-05-16,160.24864196777344,160.61848972573048,159.32876161356043,159.40462967549436,22941200.0
2018-05-17,159.63226318359375,160.84612345679966,158.85462625869465,159.68916062290717,27480200.0
2018-05-18,158.8072052001953,159.56585694092237,158.57012291362952,159.01582429964716,26217900.0
2018-05-21,159.69866943359375,160.74183758957517,159.01587108974385,160.04006860551868,22954600.0
2018-05-22,159.48997497558594,160.69435693809538,159.20548783277934,160.42882595790715,19477700.0
2018-05-23,160.8366241455078,160.8555803092064,158.25716778780853,158.27612395150712,26557800.0
2018-05-24,160.78916931152344,161.07367087811048,159.1675205112229,160.78916931152344,27696500.0
2018-05-25,160.950439453125,161.5289208671988,160.46679675100657,160.77025458262327,27460500.0
2018-05-29,160.2391815185547,161.14009133882874,159.2813742631577,160.22021088339542,41220500.0
2018-05-30,161.3866424560547,161.6711440857028,160.4762546056055,160.81765366711244,22665800.0
2018-05-31,161.2823486328125,162.35395075337792,160.8650814834151,161.38665094980712,35670900.0
2018-06-01,163.81436157226562,163.9091857928924,162.040976449349,162.0883957948387,45543300.0
2018-06-04,165.29379272460938,165.33171952800967,164.12735178783197,164.2316541147718,20459600.0
2018-06-05,165.80581665039062,166.0808401269036,165.07561383697393,165.6825437367626,24779300.0
2018-06-06,166.7731170654297,166.80156577414192,165.14199023762663,165.9765242807864,25036600.0
2018-06-07,165.41702270507812,166.8395162238322,164.58250301391533,166.80158943028712,39600300.0
2018-06-08,165.42652893066406,165.84379604591365,164.23162501511237,164.63941404878028,31780300.0
2018-06-11,165.8722686767578,166.28004329886582,165.27481663284033,165.30326535204063,22319700.0
2018-06-12,166.74472045898438,166.90593468217799,165.91967870783034,166.0998490958551,22511800.0
2018-06-13,166.7352752685547,167.98706250102745,166.3654129260621,167.00080633212036,37858600.0
2018-06-14,168.42324829101562,168.69825735382278,167.38008052791284,167.50336793728496,35916000.0
2018-06-15,167.8352508544922,168.16717176986268,167.01020931160426,167.7878315136748,49615700.0
2018-06-18,167.7383575439453,167.8809055883527,166.25579987680038,166.77850020850585,31633200.0
2018-06-19,167.26318359375,167.30119157307357,165.08686786961997,165.61906658811495,38236000.0
2018-06-20,168.45111083984375,169.1448687592361,167.88088971348046,168.03295061402073,33038000.0
2018-06-21,166.98753356933594,169.04981020832233,166.66440059030776,168.87873810162236,43469400.0
2018-06-22,166.61691284179688,167.61477798711653,166.01818215354544,167.54826041138,30073200.0
2018-06-25,162.8629913330078,165.35294137859935,161.38043384859503,165.1058387969804,77799700.0
2018-06-26,163.5282745361328,164.46912063332582,162.86301165766753,163.46174244775548,39008100.0
2018-06-27,161.304443359375,164.96333163540305,161.1904049096549,164.22205270956462,52843500.0
2018-06-28,162.69190979003906,163.24311958167573,160.77218113659043,161.10481248542527,46407700.0
2018-06-29,163.12908935546875,164.33604914463746,162.89149964507553,163.47121911848802,36408500.0
2018-07-02,164.2220001220703,164.26952096134607,161.2473724995618,161.59900060781902,31770000.0
2018-07-03,162.32131958007812,164.83976512147632,162.15976029075517,164.83976512147632,25512700.0
2018-07-05,164.33607482910156,164.46912450766342,162.5398969178529,163.3762174695716,31626200.0
2018-07-06,166.89251708984375,167.01606837992483,164.41207992821478,164.71620171877586,37005600.0
2018-07-09,168.39410400390625,168.43211198117197,167.0921168879864,167.75736525008682,27362100.0
2018-07-10,168.51763916015625,168.89777690169586,167.93791967844686,168.70770803092606,23902500.0
2018-07-11,167.66229248046875,168.28003438182662,167.07307468343188,167.19661146264426,30280600.0
2018-07-12,170.55137634277344,170.55137634277344,168.28951802738072,168.4035564293929,27930100.0
2018-07-13,170.69395446777344,170.96955215504533,170.06671414337154,170.54189357070777,28049800.0
2018-07-16,170.2852783203125,171.01705863733204,170.00018228891122,170.73194810460666,21405300.0
2018-07-17,171.32118225097656,171.6823087284154,168.47960426304041,168.47960426304041,31034100.0
2018-07-18,170.99806213378906,171.48275443157806,170.47537636363865,171.34019190227087,23220800.0
2018-07-19,170.14273071289062,170.95054147399696,169.94316349043083,170.3803204071779,31094100.0
2018-07-20,170.1046905517578,171.22610673594122,169.9146072312401,170.65590027835216,35897300.0
2018-07-23,170.64642333984375,170.72245378379418,168.91677786927548,169.60103736350507,22184700.0
2018-07-24,171.34971618652344,173.012844296623,170.64644536520387,172.40461516783964,36900300.0
2018-07-25,173.74461364746094,173.84913920072938,171.340192391803,171.42573571016183,35026600.0
2018-07-26,171.11212158203125,171.93892917850303,170.8840302272378,171.38771928041322,40873500.0
2018-07-27,168.802734375,172.30956085334125,167.8333787885038,172.19552243171236,59456100.0
2018-07-30,166.41737365722656,168.90730972528303,165.6190755363528,168.8122825211761,60193000.0
2018-07-31,167.6908416748047,168.33709333173778,166.14176637471348,167.07311412892707,47285100.0
2018-08-01,168.3275604248047,168.83124947181568,167.3582048067792,168.08047233613019,37101900.0
2018-08-02,170.61793518066406,170.81751693378456,167.0635876111949,167.13961806470147,47178200.0
2018-08-03,171.1406707763672,171.15016914701684,170.19031166354952,170.9410889820906,28934400.0
2018-08-06,172.1479949951172,172.1955158360841,170.8174984559913,171.02657855518606,24808800.0
2018-08-07,172.77525329589844,173.09837184602304,172.26205136209944,172.63269075814264,29895700.0
2018-08-08,172.9843292236328,173.2979493975018,172.07197830862066,172.53765938521263,22680700.0
2018-08-09,172.87982177734375,173.56408146734864,172.62322076825976,172.87982177734375,18852900.0
2018-08-10,171.55874633789062,172.22399448789358,170.91249491980057,171.7107926998041,33818500.0
2018-08-13,171.36871337890625,172.97480764104336,171.29268293137446,171.87240240514498,26089200.0
2018-08-14,172.44261169433594,172.64219343487977,171.1026022257104,172.0244514770634,20913000.0
2018-08-15,170.3328094482422,171.61579967234317,169.27791056436416,171.07408817731056,58528000.0
2018-08-16,170.89353942871094,172.00545756947528,170.56090802277626,171.64431655746912,27711800.0
2018-08-17,170.93153381347656,171.3591923718742,169.42046680652018,170.44685604746917,36092600.0
2018-08-20,170.77952575683594,171.37825662460662,170.11427729338456,171.31172452759702,24939000.0
2018-08-21,171.40675354003906,172.43314302247376,171.18817502566702,171.29271509798892,26258700.0
2018-08-22,172.07199096679688,172.27157272896844,170.8270230494858,171.04560154990082,18042400.0
2018-08-23,171.82484436035156,173.0127926558444,171.53973386916888,171.7678251623794,25776200.0
2018-08-24,173.4215087890625,173.56407134193836,172.35711133396256,172.39511931393284,23136100.0
2018-08-27,175.18914794921875,175.18914794921875,174.02021061728036,174.2958083048027,29343600.0
2018-08-28,175.44573974609375,175.83539033685028,175.07510039182705,175.65481984350825,20277000.0
2018-08-29,177.47003173828125,177.5650589304477,175.6833523101655,175.74986989454936,29175600.0
2018-08-30,177.1564178466797,178.2113168761006,176.56718542847278,177.12790823788401,29315500.0
2018-08-31,177.38446044921875,177.88814944240704,176.74772180691136,176.9377906626066,28653200.0
2018-09-04,176.62420654296875,177.14689233447373,175.6738476473947,176.84278502857953,29063500.0
2018-09-05,174.3433380126953,176.33909751132992,173.74462176416577,176.31058790432024,42623300.0
2018-09-06,172.7847442626953,174.62844279527658,171.61580691006952,174.4193626832524,46091400.0
2018-09-07,172.11947631835938,173.6020336699037,171.48273768667426,171.5397568922992,46629500.0
2018-09-10,172.69923400878906,173.2029231051753,171.75837340354244,173.10788140719305,26132000.0
2018-09-11,174.02972412109375,174.31483470281634,171.55879958259334,172.0054694436492,30116500.0
2018-09-12,173.51654052734375,173.89667831052904,172.0244700006214,173.7731415067236,36204000.0
2018-09-13,175.3697509765625,175.70238243822106,174.5239320183203,174.59996248102306,31133200.0
2018-09-14,174.8565673828125,175.76890395295317,174.16279483316268,175.49330620816625,31224100.0
2018-09-17,172.3380584716797,174.68544582910246,172.176499218501,174.56189454671465,33071200.0
2018-09-18,173.76365661621094,174.6094756461223,172.39513717425794,172.48068051537692,31877300.0
2018-09-19,173.6305694580078,174.20079060290038,172.49964003814404,173.79212873208462,31843400.0
2018-09-20,175.55027770996094,175.78786740862628,174.40985005663214,174.82801024649504,33295800.0
2018-09-21,174.59043884277344,176.2725636446367,174.3718458561419,176.0254755526097,38605400.0
2018-09-24,175.07601928710938,175.14267110986125,172.61016333892775,173.32421529880133,34945600.0
2018-09-25,175.31399536132812,175.44728444804895,174.40000267565628,174.99981082961034,25277500.0
2018-09-26,175.437744140625,177.0753038469411,175.0949987479677,175.46630504606154,36210600.0
2018-09-27,176.92298889160156,177.55135793550843,176.05660259113182,176.15181530472515,33113300.0
2018-09-28,176.88491821289062,177.3514373189477,176.1042290763914,176.42792909573444,28076800.0
2018-10-01,177.2467041015625,178.5415186696014,176.79923045858732,177.9131495717101,27371300.0
2018-10-02,176.84686279296875,178.20831484426802,176.4374799895455,177.09439556754393,25618600.0
2018-10-03,177.03726196289062,178.00837659881716,176.76116829143515,177.58946383322444,29128700.0
2018-10-04,173.63836669921875,176.4374521710363,172.38162851700616,176.32319400065782,80557300.0
2018-10-05,171.51528930664062,174.20013187365257,169.8777288460714,173.61936898324808,83325600.0
2018-10-08,170.46792602539062,171.98171197059293,168.44953023770353,170.91539953534362,66864500.0
2018-10-09,171.02020263671875,172.34357830236922,170.18237705475053,170.5917598557608,49097900.0
2018-10-10,163.4988250732422,170.0585806953768,163.2798532444409,169.95385251161585,114471100.0
2018-10-11,161.470947265625,165.0887987187315,159.7667352080754,162.8228838293248,143084500.0
2018-10-12,165.96469116210938,166.47880207994544,162.7371629925142,165.82187208179496,102078400.0
2018-10-15,163.95578002929688,165.6980532085638,163.33692657175004,165.38388327798074,64885300.0
2018-10-16,168.72567749023438,169.13506020684252,165.37439038071759,165.6790594485922,71979700.0
2018-10-17,168.79237365722656,169.71588211621017,167.05961494328497,169.5445166013105,66987600.0
2018-10-18,164.87928771972656,168.2115289220889,164.17476602020366,168.15440711157825,82486200.0
2018-10-19,164.7270050048828,167.63081875800606,164.1271968039725,166.21223052387776,82923700.0
2018-10-22,165.57437133789062,166.85014068162766,164.31763291993525,165.71717591837452,52909300.0
2018-10-23,164.9650421142578,165.7838222458832,160.72833688038043,162.46109535165695,77567000.0
2018-10-24,157.41510009765625,165.05069827895215,157.1294764647299,164.77460463449026,102997400.0
2018-10-25,162.86093139648438,163.8320459072541,159.1478678662193,159.86191966261035,83481100.0
2018-10-26,158.67185974121094,161.81369107367436,156.35832398163006,157.28183228751163,130970900.0
2018-10-29,155.40623474121094,161.7184575073842,152.41673835569682,161.09961840488236,111871900.0
2018-10-30,157.9673309326172,158.08157459580573,154.24473661453348,154.94927310151905,92584000.0
2018-10-31,161.68043518066406,163.04188747223102,160.4617729630846,160.53794025964746,73828600.0
2018-11-01,163.81301879882812,163.9843988034086,160.6902330885115,161.91841045116647,52706800.0
2018-11-02,161.26145935058594,164.2795164773199,160.15705577276574,163.3084019845869,75966800.0
2018-11-05,160.86160278320312,161.5280482529188,159.0717082124624,161.47092643086057,39573500.0
2018-11-06,162.0802459716797,162.98470869533497,160.63309689737844,160.87111416820463,34410400.0
2018-11-07,167.164306640625,167.164306640625,163.6321236272519,164.02247547360042,51169600.0
2018-11-08,166.0979766845703,166.89771121842776,165.30775761156076,166.38358578421858,40296500.0
2018-11-09,163.29891967773438,164.9459953908708,162.00410493368454,164.5461280544262,50602700.0
2018-11-12,158.35768127441406,162.4610974480671,158.21486216939678,162.15644284006004,62578400.0
2018-11-13,158.49098205566406,161.35670550056335,158.04350830970162,159.10030584395386,64128100.0
2018-11-14,157.2818145751953,160.61405647097243,156.37735182325446,160.06185464209588,75270700.0
2018-11-15,160.03329467773438,160.46172287567043,155.62522453674424,156.9961918646553,73254300.0
2018-11-16,159.47157287597656,160.24274651594462,157.83401287589223,158.47189742410555,65390700.0
2018-11-19,154.29234313964844,158.90035490695985,153.79726305295634,158.70994395897802,67280500.0
2018-11-20,151.53128051757812,153.64487451094027,149.59858192874788,150.7791379963579,102652800.0
2018-11-21,152.6833038330078,154.20662007342565,151.5979457331217,153.6163419307884,42965800.0
2018-11-23,151.57891845703125,153.13078111570005,151.46466029342952,151.46466029342952,23503700.0
2018-11-26,155.08251953125,155.15868679488534,153.05460790329147,153.70202238048194,42012600.0
2018-11-27,155.6061553955078,155.9965071613296,153.4544702172646,154.23517374890815,36608100.0
2018-11-28,160.61410522460938,160.61410522460938,155.63478631943514,156.72966032085122,70141000.0
2018-11-29,160.09042358398438,161.14722093361175,158.8241843842013,159.93810355909136,44885700.0
2018-11-30,161.25192260742188,161.3471353188187,159.50963458628507,160.309383590726,36722800.0
2018-12-03,164.07008361816406,165.00310734737175,161.38524155600243,164.8126964167571,50771700.0
2018-12-04,157.77688598632812,163.6701957996208,157.58647507956982,163.21319219049573,70594700.0
2018-12-06,158.89083862304688,158.90988407597388,154.01624864826684,154.59701147943588,71715500.0
2018-12-07,153.64488220214844,159.10974833623018,153.14980231139683,158.19577033667778,80432200.0
2018-12-10,155.25392150878906,155.929882462292,151.76934497259472,153.3592986918324,73960800.0
2018-12-11,155.76800537109375,157.82447784090527,154.45414553858868,157.78638694660157,59058300.0
2018-12-12,157.1389923095703,159.56677117979484,157.05330958563087,158.04345495957784,53780000.0
2018-12-13,157.1865997314453,158.8241595946881,156.16787891518905,158.16722965185673,46378500.0
2018-12-14,153.35926818847656,155.95841235394641,152.9974773387515,155.3871797004755,56547400.0
2018-12-17,149.88421630859375,153.92099411494115,148.68461459356877,152.70234695216084,74834100.0
2018-12-18,150.82676696777344,152.28343135366674,149.51290711876385,151.04573876680175,63642100.0
2018-12-19,147.12326049804688,153.0165714982704,145.9902957626341,150.59830746038915,81856500.0
2018-12-20,144.99057006835938,148.39897856014474,143.18164492342171,146.76141884839492,99002100.0
2018-12-21,140.49681091308594,146.70428952082682,139.6875465580451,145.7141442824949,141129400.0
2018-12-24,137.01280212402344,141.29027089150622,136.9746168125307,139.47616993139565,56163300.0
2018-12-26,145.56771850585938,145.64408911010355,137.57609276372003,138.52134289229065,98982100.0
2018-12-27,146.1310577392578,146.25517091060647,140.43094290299098,143.57220516546255,85824300.0
2018-12-28,146.05471801757812,148.5562715574526,144.86122650901387,147.18136700854848,77856600.0
2018-12-31,147.28634643554688,147.9737984840545,145.80642910652125,147.486859353438,53015300.0
2019-01-02,147.87832641601562,148.70899156234705,144.05915488311425,144.16418268302837,58576700.0
2019-01-03,143.04705810546875,146.33153295754255,142.73197474681135,145.70138080920907,74820200.0
2019-01-04,149.16729736328125,149.90249200849834,144.88028637457657,145.45315339882367,74709300.0
2019-01-07,150.9432373046875,151.6784320691638,149.0527510507349,149.53969028568113,52059300.0
2019-01-08,152.30859375,152.8719181615784,150.09346684693196,152.32767912162282,49388700.0
2019-01-09,153.5498046875,154.218156819009,152.26082841538826,152.90053792476,46491700.0
2019-01-10,153.989013671875,154.07494154520555,151.5256459868379,152.38496842709827,38943400.0
2019-01-11,153.4257049560547,153.58801803412675,152.56638242810163,153.08197885867077,30176600.0
2019-01-14,152.06991577148438,152.72872540501254,151.42064882504073,152.1272010319672,30710200.0
2019-01-15,155.03929138183594,155.2493470065144,152.68095151575173,152.76687938885158,40874200.0
2019-01-16,155.0106658935547,156.3760130359159,154.95336606950215,155.29709216888463,33812200.0
2019-01-17,156.23281860351562,156.92981357191172,154.2659469095011,154.51418790083702,39329000.0
2019-01-18,157.77952575683594,158.51472036464,156.41417891132602,157.3307719310709,57183200.0
2019-01-22,154.6192169189453,156.71975909649873,153.49255333952848,156.6433738903528,56711700.0
2019-01-23,154.81968688964844,156.11820601755403,153.07242843269594,155.4116684862577,38106100.0
2019-01-24,155.822265625,156.0514212647463,154.73380183193711,155.3257690233779,32417800.0
2019-01-25,157.6840057373047,158.16140207870615,156.53825743173726,157.07293900307005,36515900.0
2019-01-28,155.7362518310547,155.7457945140766,154.43773305997047,155.65032397691235,33491200.0
2019-01-29,154.2659149169922,155.86041750883203,153.7121332182538,155.8222176294789,30784200.0
2019-01-30,158.19007873535156,158.76296029590648,155.52621298743276,156.01315211561615,41346500.0
2019-01-31,160.55796813964844,161.35044794842688,158.94436590229088,159.16396417709035,37258400.0
2019-02-01,159.88009643554688,160.97811720591278,159.44089978258933,159.7655259293816,32143700.0
2019-02-04,161.8660430908203,161.8660430908203,159.76550157375559,159.9087146846299,26718800.0
2019-02-05,163.2982635498047,163.48921925696897,162.01884428591865,162.0856722273822,28156400.0
2019-02-06,162.81129455566406,163.62285980503665,162.07609992001036,163.336433581131,27970000.0
2019-02-07,160.62481689453125,161.78966548077221,159.40268306125952,161.38865418257222,42036200.0
2019-02-08,160.9398956298828,160.96853825256312,159.0398670034973,159.22126542414452,29020700.0
2019-02-11,160.78712463378906,161.9137878744139,160.38611334884993,161.52231927400283,21434100.0
2019-02-12,163.16455078125,163.40324899554577,161.6750762550817,161.9615170260332,29722100.0
2019-02-13,163.27911376953125,164.37713424629575,163.097715372936,163.89018058732862,26094100.0
2019-02-14,163.47962951660156,164.06205372565546,162.1524680656732,162.69669240289727,30326800.0
2019-02-15,164.16714477539062,164.7591118960032,163.403307303285,164.7209265784425,32521700.0
2019-02-19,164.49172973632812,164.98822615409836,163.63242190121196,163.6610645244502,19487700.0
2019-02-20,164.46311950683594,165.25559956681644,163.5751688735849,164.6063326512354,32593000.0
2019-02-21,163.86158752441406,164.47265452701384,162.99273687391116,164.0239006034967,25207400.0
2019-02-22,165.07415771484375,165.18872821035853,164.12890741989287,164.21484986051362,27735400.0
2019-02-25,165.6757049560547,166.76416852151723,165.56111987564668,166.33451453470062,32608800.0
2019-02-26,165.84756469726562,166.37270383550796,164.99779938955967,165.27469755744522,21939700.0
2019-02-27,165.74253845214844,165.9430514228417,163.9952652494882,165.08372885142555,25162000.0
2019-02-28,165.36058044433594,165.95254736509088,164.8927266904916,165.22691002452086,25085500.0
2019-03-01,166.50631713867188,166.7545580238204,165.35101143109554,166.55405969284945,31431200.0
2019-03-04,166.53501892089844,167.84308086997248,164.67317519838758,167.60438258326627,38063500.0
2019-03-05,166.65911865234375,167.1747004545302,165.83799610146548,166.65911865234375,22319900.0
2019-03-06,165.71389770507812,166.8501038909385,165.44655678710947,166.8214612617981,27194600.0
2019-03-07,163.68014526367188,165.3510328938963,163.06907837023488,165.2937476490403,39407400.0
2019-03-08,163.4319305419922,163.51785842304912,161.68465744890344,161.84697052500638,39303200.0
2019-03-11,166.83099365234375,166.94557873082096,164.08119944166066,164.10984206903333,30518400.0
2019-03-12,167.74761962890625,168.17727365508267,166.86921163323785,167.27022302893508,33953500.0
2019-03-13,169.00791931152344,169.88632720446222,168.37776694568856,168.61646521775845,42426100.0
2019-03-14,168.7214813232422,169.3229910201753,168.67373875834647,169.1224926441927,23751500.0
2019-03-15,170.28733825683594,170.79337738392996,169.26570274844815,169.38027324696452,38192000.0
2019-03-18,170.69288635253906,171.20942106121984,169.87026943487987,170.2146210421674,32935100.0
2019-03-19,171.2667999267578,172.1755010409298,170.53982735902179,171.39113897479314,36893300.0
2019-03-20,171.9459228515625,172.99811227296433,170.4920069544405,171.27635439953295,50105000.0
2019-03-21,174.63375854492188,174.88245118943254,171.4102412382317,171.42937593257722,42428500.0
2019-03-22,170.79811096191406,174.34684610443443,170.6163678026732,173.87814083036588,70794500.0
2019-03-25,170.472900390625,171.06594474665152,169.2389676295698,170.17637821261172,46336500.0
2019-03-26,171.2667999267578,172.83550946353304,170.39635361302024,171.7928946545936,33248100.0
2019-03-27,170.1667938232422,171.9076865816609,168.92331567637072,171.52508016654647,37096700.0
2019-03-28,170.55897521972656,171.19984899382246,169.53549502976716,170.6068046705843,30368200.0
2019-03-29,171.8502960205078,172.0129044757049,170.82680124335678,171.8789907716897,35205500.0
2019-04-01,174.1268768310547,174.33731479454022,172.91209310925547,173.61991662688584,30969500.0
2019-04-02,174.78683471679688,174.95901781668795,173.87813355411828,174.31814405784098,22645200.0
2019-04-03,175.7911834716797,176.88162771585425,175.24596864734136,175.77204877392282,31633500.0
2019-04-04,175.72425842285156,176.47991124137732,174.7103236373424,175.83903743439978,28530800.0
2019-04-05,176.6329803466797,176.73819931809214,176.02080122087122,176.23123916369616,25674700.0
2019-04-08,177.08253479003906,177.22600855815838,175.64773872684444,176.34600205752574,22697500.0
2019-04-09,176.4607696533203,177.06338863142693,176.0877232848494,176.47990435299815,25631900.0
2019-04-10,177.40773010253906,177.46511960279116,176.499028959051,176.69033215839082,24563000.0
2019-04-11,176.98687744140625,177.70427547932866,176.6616605004682,177.70427547932866,20654100.0
2019-04-12,177.75209045410156,177.86686946025878,177.01555777509446,177.7712251536275,24989100.0
2019-04-15,177.78077697753906,177.98165482451637,176.59467378531275,177.7616422788987,21073000.0
2019-04-16,178.39300537109375,178.7851865265728,177.84777577511028,178.43126018346854,27195700.0
2019-04-17,179.01470947265625,179.76080222936824,178.48862927932072,179.5886337142038,29651600.0
2019-04-18,179.24427795410156,179.62688437597527,178.19208840069973,179.31124210545414,28580900.0
2019-04-22,179.75123596191406,179.8182001124958,178.32600005516667,178.45992835633018,17936000.0
2019-04-23,182.037353515625,182.2573514878714,179.95212361455012,180.21037639242633,33665600.0
2019-04-24,181.4634246826172,182.41995527278428,181.4060205869884,182.1903826767647,24977100.0
2019-04-25,182.199951171875,182.90778909578103,181.21472578598505,182.82170484159627,29517500.0
2019-04-26,182.36256408691406,182.40083348670908,180.39211326695803,181.91299351006978,26359500.0
2019-04-29,182.7164764404297,183.00343853504035,182.06602805294563,182.36255019902723,21716200.0
2019-04-30,181.30084228515625,181.59737909480913,180.0286691590567,181.2434527721595,31495300.0
2019-05-01,180.71731567382812,183.00343777423998,180.59297662322922,182.4869030869885,34797100.0
2019-05-02,179.93301391601562,181.59738280442977,178.74691043968005,180.6599720879943,44110100.0
2019-05-03,182.8025665283203,182.9364802306823,181.09994320021843,181.4251601065977,30386200.0
2019-05-06,181.68341064453125,181.93210332718704,178.64163597883052,178.91903800515576,38371800.0
2019-05-07,178.14425659179688,180.46861884470957,176.4894482156965,179.7033914782843,58818100.0
2019-05-08,177.69468688964844,179.03382384051133,176.91989946839934,177.56077319456213,37165300.0
2019-05-09,176.73814392089844,177.3503228548242,174.1746346006801,175.71464928382886,55351700.0
2019-05-10,176.95814514160156,177.80945671548992,173.16071783227443,176.1068335677132,58526400.0
2019-05-13,170.81727600097656,173.38077159894735,170.31987588663074,172.4529355336589,67185800.0
2019-05-14,172.69204711914062,173.73467668053587,171.08508254001813,171.71639630845922,43360600.0
2019-05-15,175.1311798095703,175.57119029693308,171.51549539677862,171.55376479333103,40944500.0
2019-05-16,176.89120483398438,177.98166377886764,174.99727824726477,175.2077161564002,39281200.0
2019-05-17,175.08335876464844,177.51295471989218,174.930324957589,175.1407628622321,44702300.0
2019-05-20,172.127685546875,173.30421414595432,171.54420127333987,172.64422026534834,38608300.0
2019-05-21,173.92599487304688,174.40426026688064,173.05554835334905,173.6103379616564,31613800.0
2019-05-22,173.1511688232422,174.15552884638188,172.8929014811781,172.9598656272866,24332600.0
2019-05-23,170.50157165527344,171.2381042703414,169.4398221539929,171.16158007437997,45351300.0
2019-05-24,170.41549682617188,172.03203589088756,170.20505892452258,171.41985688486199,25903300.0
2019-05-28,169.77464294433594,171.85031285768633,169.75550824317358,170.8937821365755,24763800.0
2019-05-29,168.3780975341797,169.30593347850984,167.4789563431381,168.72244916914244,42178800.0
2019-05-30,169.08596801757812,169.56423345835097,168.1294371360324,168.82770059281995,30354800.0
2019-05-31,166.38853454589844,167.67028235199257,166.31201032822835,167.09637261272013,45446200.0
2019-06-03,162.7250213623047,166.3885362204301,161.91197890794407,165.9389655592827,75842300.0
2019-06-04,167.30679321289062,167.36418272131644,163.92066626076243,164.55198004444745,47797800.0
2019-06-05,168.55029296875,168.93289943756213,166.79983991270717,168.90420468217627,34412700.0
2019-06-06,169.889404296875,170.30070545834934,168.09112205759428,168.83721477484926,29913200.0
2019-06-07,173.17031860351562,173.86859655189528,170.57812847375257,170.79812645702933,45888300.0
2019-06-10,175.18856811523438,176.81468176117068,174.28944163935552,174.32769644014897,41385300.0
2019-06-11,175.4276885986328,177.34074960666806,174.83464435670098,177.0155327382214,41260300.0
2019-06-12,174.4137725830078,175.31291361259898,174.08855570713368,174.9494273422117,27758100.0
2019-06-13,175.4468231201172,175.8772589273955,174.79638938387387,175.14074094879598,23715800.0
2019-06-14,174.70077514648438,175.15034576546722,174.0312065423081,174.5477267239581,22844100.0
2019-06-17,175.75296020507812,176.2407856191689,174.89207379753492,175.08337702293323,20379500.0
2019-06-18,178.30690002441406,179.55995296751576,177.3694893837342,177.8286346509859,48177300.0
2019-06-19,178.9764862060547,179.37822740773072,177.5034351332425,178.5460502467948,31672900.0
2019-06-20,180.64085388183594,181.51128584840015,179.02431443671315,181.4730310370521,40922000.0
2019-06-21,180.3730010986328,181.5208350194933,179.99038006134586,180.43039060535082,39980400.0
2019-06-24,180.3787384033203,180.91557753577203,180.28286800348138,180.73343255273963,19375200.0
2019-06-25,177.28231811523438,180.3595768290091,177.01389852604305,180.25412523127173,33921100.0
2019-06-26,178.1067352294922,179.58305744313873,177.81915329103936,178.46144399986568,22595700.0
2019-06-27,178.78741455078125,179.20922097917295,178.29851053302093,178.74907516082374,19709200.0
2019-06-28,179.0174102783203,179.41044369401885,178.37511974834493,179.21871757918166,21179200.0
2019-07-01,181.43324279785156,182.68908069525745,180.58964470132267,182.44941931928807,31025600.0
2019-07-02,182.15225219726562,182.17142920577922,180.85808936414273,181.37575157183758,18035800.0
2019-07-03,183.52313232421875,183.52313232421875,182.4206810095208,182.6124218487881,15792100.0
2019-07-05,183.14920043945312,183.4847175415148,181.55784561827824,182.26724845642988,21415600.0
2019-07-08,181.8646240234375,182.0179961692824,181.11686715901726,181.9604797861196,17598800.0
2019-07-09,182.77532958984375,183.00539511666486,180.8484430361123,181.00182980583799,19193500.0
2019-07-10,184.59669494628906,185.10477567034496,183.5517753158921,183.88730694623683,28374500.0
2019-07-11,184.4626007080078,185.3445529817068,183.8778262558216,184.87482595845333,23736100.0
2019-07-12,185.52664184570312,185.5362230336423,184.49130306532473,184.66386684260507,20211900.0
2019-07-15,186.12098693847656,186.15934094363197,185.44035693852157,185.95801898598359,15606100.0
2019-07-16,185.16232299804688,186.06345186770605,184.59672581484057,185.89090274514098,20190900.0
2019-07-17,184.2516632080078,185.48832410149578,184.2324862021248,185.16237351256254,16765100.0
2019-07-18,184.4626007080078,184.81729493010081,182.80414777093102,183.37932640450572,28877000.0
2019-07-19,183.1108856201172,185.81427315712082,182.91915943108452,185.72799856622171,29387900.0
2019-07-22,184.56800842285156,184.9610565703683,183.52308838676257,183.52308838676257,18954900.0
2019-07-23,185.77590942382812,185.7950864300593,184.33794113965416,185.57460205559488,23786700.0
2019-07-24,187.07965087890625,187.0892466950327,185.04732723661704,185.0665042411014,20422900.0
2019-07-25,185.30616760253906,186.47571621666083,184.95145884070303,186.4469580235077,23434700.0
2019-07-26,187.21389770507812,187.46315492939848,186.38946188231293,186.48533229593943,20431200.0
2019-07-29,186.57159423828125,187.10843341152997,185.39246429505494,187.0413358287591,20451700.0
2019-07-30,185.76634216308594,186.49490754903036,185.00901857952337,185.143228377665,18705000.0
2019-07-31,183.19717407226562,186.38945094434067,181.4907861298046,186.26483696726467,41627500.0
2019-08-01,182.28643798828125,186.9166975597811,181.40448587386743,183.5135030716196,63251600.0
2019-08-02,179.6022491455078,181.17442725803681,178.50939380664948,180.915588864479,55214000.0
2019-08-05,173.25604248046875,175.92107649799635,171.7893156516774,175.84438308258444,75040000.0
2019-08-06,175.6813507080078,176.1990274154695,173.58192956969134,174.85691507903786,41897200.0
2019-08-07,176.63043212890625,176.87967469115088,172.4507371932824,173.7736726548356,49990600.0
2019-08-08,180.47459411621094,180.532125132757,176.93720455651518,177.42610848888714,38418100.0
2019-08-09,178.77781677246094,180.22536631033915,177.37818781064036,179.61183373354245,33608900.0
2019-08-12,176.726318359375,178.2122073047734,175.9114637660263,177.6753681209171,24642900.0
2019-08-13,180.5991973876953,181.8358434563077,176.4099218778002,176.57288983240696,40241900.0
2019-08-14,175.20205688476562,178.26013855471717,174.87612090576505,177.69454118625669,51000500.0
2019-08-15,175.00076293945312,175.9977479599001,173.66824609690406,175.43215054803335,36685000.0
2019-08-16,177.80955505371094,178.26011958817796,176.4866342715324,176.59208585678573,32781400.0
2019-08-19,180.63758850097656,181.02105552849608,179.7460550890651,180.37876471364373,22494100.0
2019-08-20,179.2379608154297,180.83889713897352,179.19002561206494,180.1870251820782,19902900.0
2019-08-21,180.8292999267578,181.40447843285907,180.18700921633845,180.81012292155705,20418500.0
2019-08-22,180.24456787109375,181.62502001387995,178.82576170891213,181.16485954776957,24243700.0
2019-08-23,174.5405731201172,180.65672075938477,174.0516546096097,179.01744533458427,55372400.0
2019-08-26,177.17689514160156,177.2248157216373,175.5088464531967,176.52500849651847,27598900.0
2019-08-27,176.802978515625,178.71068828315927,176.11276722889778,178.41351052537289,28012800.0
2019-08-28,177.4357147216797,177.73289252415069,175.34587428638608,176.22782650357368,21792400.0
2019-08-29,180.148681640625,180.66635846262503,178.9599558158205,179.64060063651797,25358900.0
2019-08-30,179.71728515625,181.15525350307374,178.70112319827118,181.1168994889403,26319800.0
2019-09-03,177.97251892089844,179.43924526428412,177.37816343287164,178.5189538394535,27964200.0
2019-09-04,180.54171752929688,180.6951043274031,179.17084679134908,179.68852357801504,21592100.0
2019-09-05,183.84901428222656,184.37627217961688,182.46856256097482,182.53567476053723,33932600.0
2019-09-06,183.66690063476562,184.2229168188488,183.26427125203722,184.15581923561265,19487800.0
2019-09-09,183.283447265625,184.3187862275017,182.35355990063675,184.24209282724004,24407600.0
2019-09-10,182.75619506835938,182.85206547866488,181.0977422900243,182.29604927998884,23744700.0
2019-09-11,184.47216796875,184.56803838099242,182.6795053564317,183.10131176586452,25063600.0
2019-09-12,185.23907470703125,186.65788064671688,184.98983213113684,185.60336469529784,28689900.0
2019-09-13,184.57762145996094,185.40205727926062,184.3379600546735,184.97066967529747,27669800.0
2019-09-16,183.75314331054688,184.13661024733258,183.20672303880815,183.38886800531037,20319000.0
2019-09-17,184.6350860595703,184.6350860595703,183.37924846034088,183.77229653427298,20953400.0
2019-09-18,184.5584259033203,184.63511929455845,182.24808686099064,184.25165233836776,29781300.0
2019-09-19,184.8651885986328,186.0155602350535,184.51049445624344,184.88436560377437,26039400.0
2019-09-20,182.90956115722656,185.31575605454987,182.29602863296483,185.1240298834248,29086100.0
2019-09-23,182.99026489257812,183.53780185451777,182.24101458685936,182.8557844443022,22485900.0
2019-09-24,180.5599365234375,184.2293386640704,179.7722551410458,183.82589746477134,40820700.0
2019-09-25,182.5868682861328,183.0671578129827,178.86943203864195,180.3775335311686,34704900.0
2019-09-26,181.91439819335938,182.5099522947323,180.56957922419545,182.34665567523547,26826000.0
2019-09-27,179.6570281982422,182.3466514164855,178.4274886682911,182.25058768619323,40773500.0
2019-09-30,181.3668670654297,181.65504361492887,180.0124475428713,180.3870726600398,26307700.0
2019-10-01,179.88760375976562,183.07671789190752,179.58982666405052,182.0296904723706,32367600.0
2019-10-02,176.79452514648438,178.69646700270863,175.8051301882238,178.66765081225589,48544300.0
2019-10-03,178.73484802246094,178.8693284257881,174.65238940906468,176.77525967996252,39392500.0
2019-10-04,181.3668670654297,181.62622742570576,179.5129571581588,179.70506997206886,31887600.0
2019-10-07,180.81935119628906,182.26021933738292,180.50235844637618,180.84816738652944,21216000.0
2019-10-08,178.11050415039062,180.45431856770648,177.9664232055835,179.6858526617765,32379300.0
2019-10-09,179.84915161132812,180.6656493951779,179.08068569545804,179.61862209665486,20147400.0
2019-10-10,181.24200439453125,181.96243850822913,179.7435037832028,179.8971999118697,25177700.0
2019-10-11,183.5762176513672,185.03630155205857,183.2015925003581,183.30725675614372,40976700.0
2019-10-14,183.5569610595703,184.14291459155234,183.13430413063034,183.31681640969683,14975000.0
2019-10-15,185.8911895751953,186.32344704815495,184.00844892010952,184.12371367096077,23234200.0
2019-10-16,185.43011474609375,185.90080360842163,184.84416112452988,185.25721760723974,20457100.0
2019-10-17,185.9200439453125,186.8325909439187,185.2092103021219,186.5444143503403,19045200.0
2019-10-18,184.13331604003906,186.0352575832258,183.19195310656008,185.58378446408184,27700800.0
2019-10-21,185.76634216308594,185.89122210320508,184.56561860738648,185.113155584275,15801200.0
2019-10-22,184.28701782226562,186.75569730361718,184.22937079180045,186.4963369669579,22392300.0
2019-10-23,184.6424560546875,184.68087275706168,183.6146297146314,183.91242145142508,14828400.0
2019-10-24,186.43870544433594,186.55398484852535,185.14193306965694,185.9584161224696,18998500.0
2019-10-25,187.92762756347656,188.0236913021506,185.43973209886622,185.47814879997466,21507100.0
2019-10-28,189.78152465820312,190.03126982235202,188.80173036347574,188.80173036347574,18818700.0
2019-10-29,188.31185913085938,189.75272731271048,188.2830429398039,189.46456540215553,18569700.0
2019-10-30,189.2244110107422,189.5414037533814,187.5914154291581,188.67687409420128,21764300.0
2019-10-31,189.31085205078125,189.8583742882794,188.2157929185172,189.7719257229799,26801800.0
2019-11-01,191.0302734375,191.03988860475167,189.83916527966602,190.12732715187286,22131900.0
2019-11-04,192.2117462158203,192.62478789773397,191.030224215144,192.29819475520736,19015900.0
2019-11-05,192.31744384765625,192.64403704693694,191.6834584674531,192.45192426249335,15048900.0
2019-11-06,191.8852081298828,192.11575230927068,190.95344555860135,192.09653663000452,19725500.0
2019-11-07,192.52879333496094,193.76794814023677,191.97167055399365,192.84578608381594,17832400.0
2019-11-08,193.2972412109375,193.3164568883277,191.67386091724669,192.18298109584964,15258800.0
2019-11-11,193.0379180908203,193.1147514948287,192.05812363111994,192.31748400577246,10147600.0
2019-11-12,193.5950164794922,194.23861707939673,192.90341332972,193.20119036883776,14778300.0
2019-11-13,193.64303588867188,193.82554816729953,192.79773669009057,192.92260194078352,15774600.0
2019-11-14,193.48939514160156,193.61427508528172,192.32710291461225,192.91305661279318,16945400.0
2019-11-15,194.91104125976562,194.91104125976562,194.03691106346787,194.66128139952696,18427900.0
2019-11-18,195.0647735595703,195.3721512004459,193.816017998573,194.60368511234972,18365900.0
2019-11-19,195.3528594970703,195.80433259849102,194.6036093834925,195.80433259849102,16923300.0
2019-11-20,194.18099975585938,195.42975513502236,192.71131535536787,194.84380147711423,36629000.0
2019-11-21,193.7487030029297,194.10412705611637,193.143548444642,193.9696319795342,17883600.0
2019-11-22,193.87362670898438,194.34431561155182,192.82659930369675,194.229036185192,17189600.0
2019-11-25,196.1693572998047,196.20777399351775,194.68045758058736,194.7092737651886,17752800.0
2019-11-26,196.54403686523438,196.79378208679682,196.0061150604723,196.29429164367195,14780600.0
2019-11-27,197.91761779785156,197.92723296496362,196.81295821771764,197.05310287924823,16963100.0
2019-11-29,197.0146942138672,197.71591255008678,196.91863048243215,197.41813550281276,9854600.0
2019-12-02,194.9974822998047,197.09153689689512,193.82557507596331,197.02430400753673,28007000.0
2019-12-03,193.47015380859375,193.54700186121127,191.37608468225164,192.3174623338657,31104100.0
2019-12-04,194.449951171875,194.91103952948296,194.17138978093027,194.45956634011807,15300100.0
2019-12-05,194.8341522216797,195.14152974089694,193.8831741651095,195.14152974089694,14962300.0
2019-12-06,196.9186248779297,197.062705813714,196.10212715577288,196.25582325878756,16555300.0
2019-12-09,196.0253448486328,197.48541423598664,195.9388816073615,196.56326669210748,13984100.0
2019-12-10,195.86196899414062,196.80334656728348,195.4201110500064,196.12132931794662,21799800.0
2019-12-11,196.8994140625,197.10114203484613,195.9964677565774,196.30385997019678,18780800.0
2019-12-12,198.36912536621094,199.14720651673042,196.42876671747646,196.6977276124945,32612000.0
2019-12-13,199.02227783203125,199.7138955804634,197.84077028565378,198.26341254768153,32519400.0
2019-12-16,201.0203094482422,201.27005463461376,200.2614440641703,200.32869160892483,21296600.0
2019-12-17,201.13558959960938,201.44298184384525,200.799381164635,201.27967055330186,15996100.0
2019-12-18,201.28927612304688,201.846413546205,201.07794762952935,201.30849180171253,15443300.0
2019-12-19,202.54763793945312,202.6148708308799,201.35651500032137,201.37573067955844,17865900.0
2019-12-20,203.36410522460938,204.14217155833805,202.94144828844404,203.50818615409005,27672600.0
2019-12-23,203.9012908935547,204.22859221546608,203.72801890750017,204.08419889375398,23774700.0
2019-12-24,204.00717163085938,204.17082228171165,203.5450983408621,204.0841862940331,7089000.0
2019-12-26,205.80734252929688,205.82659986726267,204.30559332695384,204.33447198938006,17067500.0
2019-12-27,205.6340789794922,206.54860426822833,205.08535499282314,206.52934692947355,18134100.0
2019-12-30,204.286376953125,205.6533543436165,203.27557957106492,205.52820366430953,21815500.0
2019-12-31,204.67141723632812,204.81581055405601,203.31406129350384,203.63174128155072,18170900.0
2020-01-02,208.08883666992188,208.08883666992188,205.9902277351023,206.39454365339745,30969400.0
2020-01-03,206.18276977539062,207.4246109553394,205.31638056676368,205.3356379037904,27518900.0
2020-01-06,207.51126098632812,207.5401396493011,204.31523320861092,204.56551985072494,21655300.0
2020-01-07,207.48240661621094,208.06963064715757,206.82780392678688,207.5882999558586,22139300.0
2020-01-08,209.0419158935547,209.99495596195464,207.12622911991602,207.45353046860188,26397300.0
2020-01-09,210.81321716308594,211.21753317284433,209.58101179361842,210.7650811571285,23547000.0
2020-01-10,210.27407836914062,211.66031284411704,209.8986410895882,211.64107019627426,21898500.0
2020-01-13,212.70001220703125,212.72889087103113,210.8035682627954,211.14050559485497,22756900.0
2020-01-14,211.8625030517578,212.95031503349864,211.53520173144415,212.59412035993765,24418100.0
2020-01-15,211.94912719726562,212.94066711688131,211.25600991708154,211.97800585985289,25742100.0
2020-01-16,213.98036193847656,214.01887661802502,212.5556272651574,213.00807927105038,18805000.0
2020-01-17,215.0392608642578,215.21253282734727,213.82629836645552,214.94298886984544,24325200.0
2020-01-21,214.94300842285156,215.4820963868952,214.34616313252403,214.44242044664878,21146300.0
2020-01-22,215.51097106933594,216.7431763041171,215.24142709229287,216.03081637437975,20736400.0
2020-01-23,216.20408630371094,216.30035830419158,214.3846571313682,215.38583305580516,26496100.0
2020-01-24,214.38465881347656,217.44592924643237,213.39311889473478,217.21488525689296,37436500.0
2020-01-27,209.95648193359375,211.09241546858343,209.0708204149641,209.542529844555,42264400.0
2020-01-28,213.1813507080078,213.67231739217365,210.8805906940185,211.43893603364953,26731900.0
2020-01-29,213.52792358398438,214.6060996555299,212.58451952138205,214.36543430462797,28924500.0
2020-01-30,214.28839111328125,214.384648420806,211.4870434682269,212.15128205303816,39568100.0
2020-01-31,210.89022827148438,215.21256831716073,210.1393389071386,215.18368965188355,52015800.0
2020-02-03,214.0766143798828,214.56756633140068,211.7758545702248,211.92024788271684,25408600.0
2020-02-04,218.97653198242188,219.35196924167442,216.26182050087004,217.003073695974,30691200.0
2020-02-05,219.6985626220703,221.6527638820413,218.37972134420056,221.61426389329836,38534800.0
2020-02-06,221.5950469970703,221.6528043352487,219.46755867686016,220.24731212036508,22467100.0
2020-02-07,220.64198303222656,221.83568841889965,220.00662300275312,220.60348304061307,25884900.0
2020-02-10,223.3085479736328,223.3181692987934,219.85259735404267,219.9103546830983,21478900.0
2020-02-11,223.34703063964844,225.2819891472045,222.7598066913871,224.54073587404466,30198000.0
2020-02-12,225.52267456054688,225.62856789472264,224.10756122612838,224.665906561869,24471300.0
2020-02-13,225.23385620117188,226.15800278500447,223.68397098484598,223.9535149625509,22773200.0
2020-02-14,225.87890625,226.090692966823,224.82960868240846,225.59010484623684,23438500.0
2020-02-18,225.96543884277344,226.38901208255513,224.5407045090883,224.78136978723307,24394500.0
2020-02-19,228.1314239501953,228.60313317846052,227.04362689295425,227.3131708265222,22230500.0
2020-02-20,226.0135955810547,228.10256862440443,223.22188397395274,227.6308740369332,42604000.0
2020-02-21,221.6720428466797,225.27238705173554,220.75751746209775,224.887328370558,66017200.0
2020-02-24,213.12362670898438,215.87683915827503,212.03581452465892,213.4027920779363,84522600.0
2020-02-25,207.32835388183594,215.6265040523048,206.72188726776398,214.9141294214852,97743000.0
2020-02-26,208.39691162109375,212.0550274551949,206.8759050225816,208.61833429356105,79537700.0
2020-02-27,197.961669921875,208.33915760150592,197.82689792690755,203.02526309170432,121822600.0
2020-02-28,198.11572265625,199.43456409770943,190.7706113403432,191.22306338168502,148173700.0
2020-03-02,208.33914184570312,208.48354984377673,198.25045625797992,201.08068262730416,112933900.0
2020-03-03,201.65830993652344,211.41007481135986,199.8677591096452,209.00342126389165,131953500.0
2020-03-04,210.07191467285156,210.17780798557482,203.47768000308415,205.35488097309138,73086200.0
2020-03-05,203.6894989013672,208.2813973693051,202.2551429797237,204.74843219637864,78705500.0
2020-03-06,200.2528076171875,201.34060489697507,195.33360778961634,197.02788638852982,89828400.0
2020-03-09,186.3423614501953,193.64895744898524,184.9368694395479,186.25571076647086,116424000.0
2020-03-10,196.48876953125,196.67167750150236,186.4482060158092,193.60078605748063,100599200.0
2020-03-11,187.9307098388672,193.2542247938047,185.53367830056715,191.90650506687496,89168800.0
2020-03-12,170.6991424560547,183.65655788547446,170.33332638936233,175.29102718719963,137820700.0
2020-03-13,185.15830993652344,187.21840496510194,171.47889820661698,180.08509439251696,134882000.0
2020-03-16,162.9785614013672,177.78428224075182,162.8437894066201,167.6474599036412,92054400.0
2020-03-17,175.339111328125,177.50509903983192,163.44061824425333,168.91816285210587,121257100.0
2020-03-18,170.00601196289062,172.52818017263695,160.57192714707853,165.20232620838118,114156300.0
2020-03-19,171.0264129638672,176.6387302000776,165.22156640222326,169.12996899580284,120896500.0
2020-03-20,164.32630920410156,176.04189747520053,163.74872113829707,174.9541000078637,118983900.0
2020-03-23,164.44493103027344,168.0626036049241,159.1100563308023,164.8886906227027,124639800.0
2020-03-24,177.1791229248047,177.3431223033954,171.67060740000372,173.56145060791638,94881800.0
2020-03-25,175.86717224121094,182.82274430846908,173.62903115037722,177.91235896739593,88754900.0
2020-03-26,185.12835693359375,185.91942839495096,177.1308953136619,177.38171531049974,79887600.0
2020-03-27,178.76124572753906,183.78739007400978,178.14383025924863,180.33371723814128,58845000.0
2020-03-30,185.263427734375,185.69756024276714,179.76456807167224,180.45916242068188,49356900.0
2020-03-31,183.68128967285156,188.36015209182457,182.52363739279716,184.9547174851546,62659300.0
2020-04-01,175.8767852783203,181.0380045603474,174.477954685729,178.24998520367816,53715400.0
2020-04-02,179.44622802734375,183.39191468551573,174.5840818460189,174.84455843155314,56465300.0
2020-04-03,176.8993682861328,180.46881715728819,174.8927640447332,179.00244968850615,47487600.0
2020-04-06,189.54676818847656,190.67548040616995,182.51401830274105,183.75849134675707,64763500.0
2020-04-07,189.46957397460938,195.50868507557513,189.08369477137842,195.22891014093685,69904500.0
2020-04-08,193.492431640625,194.07125042343827,189.2476869649236,191.15781397279812,45940400.0
2020-04-09,193.772216796875,196.04893963128802,192.00679057727788,195.20964419193913,68252600.0
2020-04-13,195.8656768798828,196.24191435658824,191.7367064666813,192.9425977023208,42853900.0
2020-04-14,204.384033203125,205.00144874228786,199.1359937600668,199.9174086917818,63959600.0
2020-04-15,202.0397491455078,204.35506817638338,199.8112654345451,201.12327513593752,47036000.0
2020-04-16,205.72500610351562,206.8054797369004,202.29063086567177,204.22005647977275,64657400.0
2020-04-17,207.69297790527344,208.86992850436206,204.59625857252865,208.54192973946107,62863200.0
2020-04-20,205.23300170898438,208.26219924335518,205.06900230315188,205.83111892088505,38249100.0
2020-04-21,197.6599884033203,203.7087412730322,196.44445567672878,203.16850450565815,72932800.0
2020-04-22,203.52545166015625,204.856759976232,200.97861056876033,201.72144351385245,40089100.0
2020-04-23,203.09130859375,206.87298036678422,202.68613105239064,204.3164830448796,43278500.0
2020-04-24,206.2941436767578,206.73791796009087,202.10729442770193,203.52542316050253,34231900.0
2020-04-27,207.9534912109375,208.98574098460935,206.93089798640045,208.5612649924583,36451700.0
2020-04-28,204.03675842285156,209.6513940182693,203.7569981861285,209.6513940182693,46862800.0
2020-04-29,211.27212524414062,212.20789793540712,207.54833285878604,208.56128434854725,48716400.0
2020-04-30,211.18527221679688,212.27538761746118,209.68032267790934,212.18856700260577,43359500.0
2020-05-01,205.23300170898438,209.02431586108833,204.210393799122,206.93089089908722,48795000.0
2020-05-04,207.62551879882812,207.84739865191318,203.6701898819407,203.99820346691345,32841000.0
2020-05-05,209.97938537597656,212.37186892758075,209.1979703863233,209.7671473886203,37783100.0
2020-05-06,211.27212524414062,213.24013308452902,210.41353135136887,211.65800451626365,36455200.0
2020-05-07,213.99256896972656,214.87044630147935,212.64196241564684,213.99256896972656,38624800.0
2020-05-08,216.92532348632812,217.0603826911887,214.62930228334957,215.66155205791532,31852300.0
2020-05-11,218.86439514160156,219.88698838665965,215.37213940575802,215.60367578440025,35714100.0
2020-05-12,214.2820281982422,220.05102203475883,214.25308798838932,219.46254656716602,41054100.0
2020-05-13,211.60008239746094,216.68412250371614,209.06289797857121,214.80293566222824,65521200.0
2020-05-14,214.00221252441406,214.040794554112,208.36829408629904,210.2784210438102,51549300.0
2020-05-15,215.39144897460938,215.44932939218967,210.62576498915945,211.0598828413621,55747200.0
2020-05-18,219.4046173095703,220.6105082670921,217.51378853157144,218.29520351678974,42398100.0
2020-05-19,218.85475158691406,221.73924822664506,218.71005055162215,219.6651068252477,36237300.0
2020-05-20,223.22491455078125,223.58185360880555,221.38230940193867,221.40160778139554,37417000.0
2020-05-21,220.7938232421875,223.94843835442734,220.282526614009,223.27314230969628,43642900.0
2020-05-22,221.55593872070312,221.7585201594007,219.4721556005788,220.3886297897862,28762400.0
2020-05-26,220.95779418945312,225.3279563394855,220.71661601024164,225.1253601919948,33055300.0
2020-05-27,222.1636962890625,222.27947183075904,216.03777906037365,220.62016469647847,55665600.0
2020-05-28,221.87429809570312,225.2314944563368,220.96746572510492,221.02534613678586,42784300.0
2020-05-29,225.1253662109375,225.3569025684961,220.68768170666104,222.25052635957226,50691800.0
2020-06-01,225.8006591796875,226.1768965554922,223.8133533115732,224.2571276442303,25776000.0
2020-06-02,227.31527709960938,227.37315751116316,223.823006825593,226.22514694751698,33383400.0
2020-06-03,228.33787536621094,229.09035017383184,227.04516374494932,227.92304120694092,37228700.0
2020-06-04,226.7364501953125,229.39905224734326,225.43408201574843,227.9905797903836,38716100.0
2020-06-05,231.23202514648438,231.82050057322505,227.31529333455612,227.88447038261765,47365600.0
2020-06-08,233.02635192871094,233.15175456788324,229.5147983452868,231.08727001148026,32937300.0
2020-06-09,234.714599609375,235.56353676380294,231.98446093967473,232.16775870539644,35046300.0
2020-06-10,237.5315704345703,239.07511669640425,235.88190518323094,236.40285830274783,58084400.0
2020-06-11,225.7621307373047,234.99442609832462,225.70425031503365,233.6148936330263,72919400.0
2020-06-12,227.55648803710938,231.91697983220018,223.56257714138843,230.6532082636059,72034800.0
2020-06-15,230.32518005371094,231.00047606686667,223.30207207619324,224.23784466597658,45307400.0
2020-06-16,234.28048706054688,235.76613815413336,230.66281440501248,235.1776628133525,48890100.0
2020-06-17,235.02333068847656,236.83699548662523,234.16473687410073,235.7758055046554,34749300.0
2020-06-18,235.6600799560547,235.90125819530235,233.93325023999603,234.70500882930736,30578600.0
2020-06-19,235.62144470214844,238.28404656279602,233.89460065572752,238.02357000153597,49422100.0
2020-06-22,238.4471893310547,238.57281006462253,235.20011676944222,235.49002211302061,24068700.0
2020-06-23,240.4765625,242.7089217688039,239.490854995558,240.04168980734076,32767400.0
2020-06-24,235.51904296875,240.95015303819852,234.02113469542562,239.7228329340741,46032400.0
2020-06-25,237.7610321044922,238.06061077313754,233.03538357528126,235.60598561260514,36940800.0
2020-06-26,232.1463165283203,237.69340305450055,231.62445742433064,237.51944510452128,52824600.0
2020-06-29,234.6782684326172,234.68794177514607,229.3727939582953,231.9047323814369,34377800.0
2020-06-30,239.27828979492188,239.8194661067416,234.42700543519746,234.61062198655384,38909200.0
2020-07-01,242.07113647460938,243.06651740639933,238.77574167335084,239.3169179377088,34689200.0
2020-07-02,243.71405029296875,245.724144531264,243.25018692903924,244.5161562687753,31956500.0
2020-07-06,249.7056427001953,250.22747230938248,246.84510573209892,246.8644376699774,34589000.0
2020-07-07,247.98544311523438,252.11194927639178,247.68586443037847,249.45437549713066,36578200.0
2020-07-08,251.25186157226562,251.28085210815678,247.87916809870046,249.3094366837607,30426300.0
2020-07-09,253.3682403564453,254.03505212433237,248.97117561865883,253.16530662027412,40312900.0
2020-07-10,255.09814453125,255.3494155410777,250.54645276554857,253.22334428538775,32885300.0
2020-07-13,249.85061645507812,260.72250994243075,249.02917860432066,257.93930049096474,64108100.0
2020-07-14,251.61903381347656,252.02493070965173,244.26480315400752,247.32825858826948,72230500.0
2020-07-15,252.13124084472656,253.8610878593374,248.83584615432338,253.02997680795647,54523900.0
2020-07-16,250.41110229492188,251.04892356561442,247.02873553609317,249.3480668437676,47594100.0
2020-07-17,250.70098876953125,251.56106081504362,248.5266105583892,250.86525860780247,35137900.0
2020-07-20,257.8135681152344,258.441715826729,250.09212010205616,251.3387421859511,40610100.0
2020-07-21,255.12709045410156,259.3888760723057,254.28633544289957,259.3792027299571,43243800.0
2020-07-22,256.02581787109375,256.953573948241,253.72580385416447,255.61995039275118,29865500.0
2020-07-23,249.33840942382812,256.32539350200807,247.92745813276528,255.61994734837268,51363500.0
2020-07-24,246.970703125,248.29465311952933,242.8732176834976,245.50178573765885,54054500.0
2020-07-27,251.37747192382812,251.76402219435963,247.83083558953513,248.61360947222738,36445700.0
2020-07-28,248.1786651611328,251.11649962992138,247.88875989758623,250.5946406636491,31302400.0
2020-07-29,251.03929138183594,251.89939322620813,249.2418189085539,249.71534089501804,27556900.0
2020-07-30,252.35360717773438,252.9141008050047,247.92752127436827,249.07752856201773,41774500.0
2020-07-31,256.8569641113281,257.01159014532055,252.08299221995168,256.97292626384734,53686300.0
2020-08-03,260.32623291015625,261.0703428503079,258.8669740683068,258.9926095304385,32081600.0
2020-08-04,261.2926025390625,261.38924746318963,259.07956059167935,259.82367047286675,24911300.0
2020-08-05,261.9400329589844,262.3942374997932,260.8866712562334,261.77576315232864,21612100.0
2020-08-06,265.4095153808594,265.73808462954054,261.10906562731947,261.74688693072375,28048200.0
2020-08-07,262.34600830078125,265.64140316954297,260.2006203903107,264.86827313898436,44969400.0
2020-08-10,261.22491455078125,262.8387990496852,257.70726980164903,262.6358358875512,35088400.0
2020-08-11,256.27703857421875,261.3505875018859,255.7358623812855,260.06527192475147,43104300.0
2020-08-12,262.722900390625,263.6699736732556,258.3838165950634,258.4321538139539,38773400.0
2020-08-13,263.32208251953125,265.5930765015088,262.38468259592787,263.4960257238545,31895700.0
2020-08-14,263.0127868652344,264.2111013965405,261.62118247770206,263.94051329295877,30799500.0
2020-08-17,266.0666198730469,266.569132278823,263.0514864545993,264.72332302121924,24803000.0
2020-08-18,268.6275329589844,269.10105480398965,265.6703807791961,267.1296396787266,23529500.0
2020-08-19,266.82049560546875,269.64234011841415,266.30830968067283,268.5889777256039,31999400.0
2020-08-20,270.5216369628906,271.00483212604024,265.62203093049936,266.02792784397764,27723400.0
2020-08-21,272.3965148925781,272.8507196562372,270.0675099973816,270.71500467864485,34748900.0
2020-08-24,274.0972900390625,276.38763036922364,271.8165935575746,275.6628376322414,36418500.0
2020-08-25,276.2523193359375,276.4456091943272,272.879626597847,273.32415788187325,34866600.0
2020-08-26,282.1472473144531,282.39851817961636,276.22327124125945,277.49891326024664,42216700.0
2020-08-27,281.2679138183594,283.973824630563,279.00656382383795,283.1233963607817,49482700.0
2020-08-28,282.6982421875,283.32639018167333,281.1520113228344,282.504952269954,28021000.0
2020-08-31,284.9692687988281,286.7764145271866,282.78521657513016,283.2201041479217,36321000.0
2020-09-01,289.8398132324219,289.9557753583132,285.8486162789322,287.61709768256185,36216200.0
2020-09-02,292.58441162109375,293.29953118889125,286.9117038255347,293.0869240887489,50836800.0
2020-09-03,277.7502746582031,288.58350302844633,274.8511033929113,288.0809906262113,110083300.0
2020-09-04,274.0489501953125,279.21914423449357,262.66487356215526,275.9624136196439,123959000.0
2020-09-08,260.8771057128906,268.86914387034597,260.5968442333201,263.0708013495206,99568600.0
2020-09-09,268.54058837890625,270.6376391822243,263.82459816912103,266.3758831646691,64837900.0
2020-09-10,263.186767578125,272.71539260479386,261.4665937831789,271.4977312190594,69667500.0
2020-09-11,261.3603515625,265.9700241426151,257.9296472111629,264.935979114663,71809000.0
2020-09-14,265.9119873046875,267.9027491790809,263.7859166175224,265.1388572857662,38525200.0
2020-09-15,269.68084716796875,271.0241437036458,265.88294075558133,269.6518566416104,41849900.0
2020-09-16,265.3804626464844,270.93720763616034,265.03257624671886,270.47335910313967,42321000.0
2020-09-17,261.2348327636719,265.17769522669886,257.71715522528166,258.55791071057985,81570800.0
2020-09-18,257.9006652832031,262.9452256018231,253.80317840851936,262.6553202066905,86251100.0
2020-09-21,258.5191650390625,258.65444439051623,251.367850834154,253.6485480406014,57168600.0
2020-09-22,263.32208251953125,263.9018932006086,257.58172084169547,260.9157502254752,41128900.0
2020-09-23,255.2816925048828,263.18675892675503,254.40227369874867,263.00314239075476,48837300.0
2020-09-24,256.4703674316406,259.6691173588937,252.4405064083363,252.60480575598547,70631700.0
2020-09-25,262.4330139160156,263.2447784344016,255.41700912524527,256.9729132377426,55242400.0
2020-09-28,267.88336181640625,267.88336181640625,262.5392254578109,267.28417514923785,58438300.0
2020-09-29,266.67547607421875,268.3763033367359,266.11495305655995,267.322941207844,27050000.0
2020-09-30,268.50189208984375,271.64266073652465,266.598101915103,266.8686900342182,49380800.0
2020-10-01,272.763671875,273.3725025043538,270.43466763014914,272.31914057892124,50020200.0
2020-10-02,265.09051513671875,272.753982972973,264.2497603124896,266.74303425647565,75497400.0
2020-10-05,270.7439880371094,271.06288395160846,266.94608014130233,267.0523689488354,28184600.0
2020-10-06,265.9119873046875,271.73932026553695,265.0325684973553,270.0578103987121,49704200.0
2020-10-07,270.5119323730469,271.3043498488438,267.9606483283769,268.55016163083343,27539700.0
2020-10-08,271.951904296875,272.97627567976207,270.88886904334345,272.9086212791073,25443300.0
2020-10-09,276.1073913574219,276.18471910444345,273.20822017389503,273.59477043331975,30201100.0
2020-10-12,284.63092041015625,287.4624367771106,279.7409880829066,280.7846765810854,79370700.0
2020-10-13,284.6213073730469,287.0662740546878,283.25869328680324,286.4284823046044,64240000.0
2020-10-14,282.24395751953125,286.38978029441654,280.50446672167755,285.4233899640773,36949100.0
2020-10-15,280.3498840332031,280.9393680696546,276.90953628514376,277.5473575407139,42514200.0
2020-10-16,278.8133239746094,283.4133225579384,278.4654080695763,281.99272738717144,40570700.0
2020-10-19,274.2615966796875,281.6834977161468,273.28556238406674,280.7267511204607,36756800.0
2020-10-20,274.85107421875,277.95317888560766,273.44015261046803,274.9960268682495,32195400.0
2020-10-21,274.6384582519531,277.66326457149967,274.15526310804836,275.10233620718253,29306100.0
2020-10-22,274.6288146972656,276.36833509912185,271.38175713416496,275.4695696201437,32196200.0
2020-10-23,275.16998291015625,275.33428224853037,272.309475689384,275.1989734414113,24658500.0
2020-10-26,271.04351806640625,275.71117074606025,267.4582179216346,272.88932727895894,38421100.0
2020-10-27,273.159912109375,273.9813498420594,270.78259999958595,272.03889571411895,30559100.0
2020-10-28,262.5102844238281,269.2750167602809,262.25901349964,268.66618613129737,53413500.0
2020-10-29,267.1006774902344,270.0964643686435,263.3607215795069,263.824599624501,43246300.0
2020-10-30,260.32623291015625,265.989266111691,258.09387359780874,265.1195207094076,65838300.0
2020-11-02,260.90606689453125,264.3270673627996,257.9972226197486,262.7132120581859,39987400.0
2020-11-03,265.4190673828125,267.5161471315727,261.7371230128669,262.81947533794744,43604100.0
2020-11-04,277.2671203613281,279.0645926549374,272.3965036591907,274.05869660957654,75728200.0
2020-11-05,284.4957580566406,285.4621487081591,282.1860702433984,283.66464676054557,52054200.0
2020-11-06,284.708251953125,285.4330447285974,280.08890717712325,283.8385065209368,40959800.0
2020-11-09,278.8906555175781,289.0860938892739,278.43645076273805,287.64615186245305,86537100.0
2020-11-10,273.8944396972656,277.0255358366532,271.18852829378295,275.58562326497946,69024900.0
2020-11-11,280.0213317871094,280.49485371342126,273.8557554346704,276.4166844625286,36102900.0
2020-11-12,278.70697021484375,282.2536357652556,277.5956272140191,280.98766676986247,34414600.0
2020-11-13,281.1519775390625,281.77048160736837,278.1948250057309,280.4175408228208,24806900.0
2020-11-16,283.3456726074219,283.6452512673449,280.24353823818916,280.85236889928893,30168400.0
2020-11-17,282.4469299316406,283.8675250915629,281.80910868719633,283.53895587325457,21843500.0
2020-11-18,280.3594970703125,283.5099391249952,280.27252547573397,281.8960837168814,28069600.0
2020-11-19,282.55328369140625,282.8625357563672,279.14192610928717,279.808737971653,22718400.0
2020-11-20,280.6203918457031,283.21998385093764,280.533420266466,282.4758445198724,25907300.0
2020-11-23,280.63018798828125,282.9108557091062,278.3881546583201,281.6158958095342,26875600.0
2020-11-24,284.5729675292969,285.06583604517687,279.8956417745686,281.69311366936597,24516800.0
2020-11-25,286.3221740722656,286.9599953366419,284.6889717798242,285.63604508000066,23326800.0
2020-11-27,288.96044921875,290.08146580130943,287.8877403671693,288.2839640336523,17163100.0
2020-11-30,289.5498962402344,289.88813878949003,284.87257009285486,289.27930809920895,27836200.0
2020-12-01,293.26080322265625,294.8843614016269,290.71919191925224,291.82089105884336,27521300.0
2020-12-02,293.6377868652344,293.9760294703395,290.25541979798413,292.0915560218256,23620000.0
2020-12-03,294.0531921386719,295.5994222690374,293.3283995299274,293.9469033788283,22828700.0
2020-12-04,295.2515563964844,295.39653853625344,293.4250940494465,294.1015495701713,19332100.0
2020-12-07,296.9233703613281,297.29060333303994,295.2515048029142,295.4351212887701,20851000.0
2020-12-08,297.92852783203125,298.2281065199663,294.7007871841629,296.44995158477576,18341500.0
2020-12-09,291.18310546875,297.9961463758119,290.1200700704839,297.7159143781888,48839300.0
2020-12-10,292.352294921875,293.47331087140327,288.0711942598185,289.15354635125755,27519500.0
2020-12-11,291.7049255371094,291.8305609980783,288.4385215194869,290.6998713412504,26760400.0
2020-12-14,293.8213806152344,295.76380549706323,292.825999563861,292.8936244861092,28804800.0
2020-12-15,296.9621276855469,296.9621276855469,293.8889836609134,296.07303550095884,25709000.0
2020-12-16,298.5952453613281,299.3780190397234,296.3145492242118,297.3582671233305,25461900.0
2020-12-17,300.54742431640625,300.77934858265223,298.9915498771804,300.18986457531184,23730500.0
2020-12-18,299.63897705078125,301.49445942174196,297.2713089953816,301.1852074445999,41173400.0
2020-12-21,299.0784606933594,299.6109270127023,293.92793779990836,296.6968099330535,37095500.0
2020-12-22,299.8916931152344,300.81141034243274,297.07439618312935,299.97882235494683,26176300.0
2020-12-23,298.3813171386719,300.29821901010206,298.2264109039014,299.94001126828306,21201300.0
2020-12-24,299.69805908203125,300.14339616488587,298.56534939699964,298.6427877632281,16785000.0
2020-12-28,302.7186584472656,303.19306815724786,300.47256173105023,302.30236444379983,22497700.0
2020-12-29,302.98968505859375,304.6645812057286,302.08932016967725,304.04495619915394,25871900.0
2020-12-30,302.9994812011719,304.47104678502245,302.37985597932527,304.15157284244054,18138100.0
2020-12-31,303.74493408203125,304.22900519750357,301.828031373789,302.90265506836647,21611400.0
2021-01-04,299.4560546875,305.24555554776396,295.4576227654511,305.0712675012697,45305900.0
2021-01-05,301.92474365234375,302.1958517702346,298.46849923876596,298.46849923876596,29323400.0
2021-01-06,297.7424621582031,301.9441957847156,296.2321626812209,297.21965709452303,52809600.0
2021-01-07,304.94537353515625,305.77796146175444,300.36605130282,300.39509438060014,30394800.0
2021-01-08,308.8663635253906,309.21491003430316,305.042190529325,307.2302010628528,33955800.0
2021-01-11,304.4032897949219,307.08503310784016,303.75462150760245,305.9135892944069,32746400.0
2021-01-12,303.9190979003906,305.5261873468905,301.2857509268809,304.44187321874136,29266800.0
2021-01-13,305.9716796875,306.76553386434216,303.5803671894139,304.18061064680813,22898400.0
2021-01-14,304.33544921875,307.4141337446142,303.861039539168,306.41694864804754,23500100.0
2021-01-15,301.92474365234375,305.08089596114627,300.6855230999575,304.1224448556124,35118700.0
2021-01-19,306.329833984375,306.83325722127717,303.14463832144224,304.23864358090657,24537000.0
2021-01-20,313.4552917480469,314.39439057112713,306.4266016578569,309.94096147562493,30728100.0
2021-01-21,315.9627990722656,316.70828729801116,313.41661050986386,314.7913555615418,25130600.0
2021-01-22,315.0527648925781,316.05961124320964,314.3653628386491,314.9269017124123,21609400.0
2021-01-25,317.6570739746094,319.79668917864336,311.1705399641472,318.4316053421389,39080600.0
2021-01-26,318.1217956542969,319.25453486339853,316.7954457605857,318.3735220441752,25498100.0
2021-01-27,309.25360107421875,315.8756890037456,307.249539984331,315.86602767429855,55264000.0
2021-01-28,311.0834045410156,316.02093480896673,309.83449304813007,310.4541181298361,42836300.0
2021-01-29,304.5387878417969,310.50254694314407,302.79614381568024,309.39885072667784,55259000.0
2021-02-01,312.1483459472656,313.23266022286646,305.9522137232358,307.97562688848154,35646000.0
2021-02-02,317.2408447265625,318.3929363652849,314.9463523261116,315.1109495082248,33930800.0
2021-02-03,315.98223876953125,319.6805488631782,315.92415260432034,319.3126501199401,24824500.0
2021-02-04,319.71923828125,319.8063675249799,316.0596623178328,317.3763509400177,22350900.0
2021-02-05,320.8036193847656,321.8104956527255,319.0319319699878,320.66809482591316,22732000.0
2021-02-08,322.9527587890625,323.1076650369629,320.85190743235717,322.4880695907071,20462800.0
2021-02-09,322.88507080078125,324.14364367200585,322.0137193026321,322.0234101778319,17597500.0
2021-02-10,322.1492919921875,324.7729488774115,319.00283008692946,324.31792089699087,28068700.0
2021-02-11,323.9209289550781,324.3275615844806,321.5393079695732,323.67889346135837,22046100.0
2021-02-12,325.73138427734375,325.89595187020984,322.0330747855263,323.0786551345279,20346800.0
2021-02-16,324.85040283203125,327.415973443144,323.68862051418506,326.5252697267484,27080800.0
2021-02-17,323.29168701171875,324.9665834947725,319.6514927767243,321.8782078068329,31360300.0
2021-02-18,321.87823486328125,323.2336280192509,317.8991551016132,319.7096058137298,32236200.0
2021-02-19,320.47442626953125,323.34980983793963,319.45788875907965,323.2239466223806,39157700.0
2021-02-22,312.1678161621094,317.3570448843186,311.9645145449152,316.0984716697802,47256900.0
2021-02-23,311.2383728027344,312.90357860980123,301.0922316590529,306.9010850029575,97241900.0
2021-02-24,313.8039245605469,314.1137371441251,305.8941900752673,308.5856241112255,58206300.0
2021-02-25,302.86383056640625,313.70703212959273,301.3244884248278,311.151152767555,110182600.0
2021-02-26,304.1321716308594,308.9438094751332,300.97601894949236,305.7876863391182,104739800.0
2021-03-01,313.2810363769531,313.6198919537279,307.8110405073471,309.0986562446758,49164500.0
2021-03-02,308.2564392089844,313.9975147800033,308.0047423534335,313.9200764118382,48370000.0
2021-03-03,299.31085205078125,308.10157040167365,299.25276588125433,307.16247126718065,86301100.0
2021-03-04,294.4118957519531,302.09894318415155,290.54899029291056,298.9427917997256,139131600.0
2021-03-05,298.8460998535156,299.7464649262253,287.9738828516121,297.02598795684276,121523700.0
2021-03-08,290.3846130371094,300.182208696648,289.96831892578984,298.3040102114398,88409800.0
2021-03-09,301.8376159667969,303.73519552966866,297.14215097676424,297.6746172502684,80391100.0
2021-03-10,300.9759826660156,306.3878927743234,300.2886101347486,306.0877711249526,76798100.0
2021-03-11,307.9079284667969,309.6699246727276,304.8195527368651,305.71022694287797,53484800.0
2021-03-12,305.41009521484375,308.0918677112033,301.46977936589934,303.86106196290876,69315600.0
2021-03-15,308.67266845703125,308.83726557970624,304.0933761867674,305.72953835863865,42955700.0
2021-03-16,310.3669738769531,313.8716730118941,308.9341425127925,310.8607357904687,54925900.0
2021-03-17,311.64495849609375,313.53284754502164,305.62311301915645,307.3367435684353,78258700.0
2021-03-18,302.09906005859375,307.75300620687557,301.6440321034834,306.7751732608116,82718100.0
2021-03-19,303.16400146484375,304.7033437065261,299.7948566529253,301.93444221012976,78446200.0
2021-03-22,308.8492736816406,310.9140252313107,305.55343960948335,305.55343960948335,56194800.0
2021-03-23,307.50189208984375,311.2533289990368,306.6876292367578,309.93500711765904,53455400.0
2021-03-24,302.3158264160156,308.9075254809563,302.17042759765224,308.8687426018364,64803700.0
2021-03-25,301.7923889160156,303.30462551444776,297.9731180765903,300.4740667310642,78729000.0
2021-03-26,306.3193054199219,306.6391828174355,300.183238678992,301.5790969053566,63519600.0
2021-03-29,306.2320251464844,307.2789260718177,302.89740800258596,305.7861256396447,54608000.0
2021-03-30,304.6907958984375,305.2627176647272,301.9959625409575,304.27397607290493,44635700.0
2021-03-31,309.3534240722656,310.91408735554086,306.1351255168878,306.47440914710774,55032500.0
2021-04-01,314.62677001953125,314.76246572139036,312.9206783435734,313.17272268188594,55685600.0
2021-04-05,320.908203125,321.67400959517823,316.8659685015175,317.10830969994527,42172500.0
2021-04-06,320.6853332519531,322.6337367666103,319.90982350996234,320.59809395273015,33537200.0
2021-04-07,321.4607238769531,322.29439291956294,319.27965325584194,320.2102351043702,32046400.0
2021-04-08,324.814697265625,324.99887891764314,323.51575217110764,324.31063829216896,29940800.0
2021-04-09,326.78253173828125,326.98611963222544,322.72092071316445,323.4576177958282,36664900.0
2021-04-12,326.3560485839844,326.7728683332673,324.47547857249293,325.74534404855524,25833000.0
2021-04-13,330.1656494140625,330.6309255747527,327.6646717196911,327.87793315422925,30374000.0
2021-04-14,326.2009582519531,330.5340200904296,325.3866953700291,330.40799793322714,42564300.0
2021-04-15,331.14471435546875,331.5324839641165,325.91985316308563,329.07028894600836,36342800.0
2021-04-16,331.532470703125,331.7457321462839,329.6615741225037,331.66816639458983,40860100.0
2021-04-19,328.4983825683594,331.1156500529259,326.57902941354195,329.96213303614445,34533100.0
2021-04-20,326.1040344238281,329.11874492322863,324.13622495146456,327.8392057974429,38081800.0
2021-04-21,328.89581298828125,329.0799946790539,323.7387848119833,324.82446872643175,36598100.0
2021-04-22,324.9311218261719,329.4871190436578,323.7775752444874,328.50808062439205,45936100.0
2021-04-23,329.0218200683594,330.33043890861984,325.5611805627224,325.5611805627224,36381900.0
2021-04-26,331.1641540527344,331.4452781726139,328.5177770778778,329.2642070255575,30812000.0
2021-04-27,329.7294616699219,331.6681914514092,328.77950300990113,331.45492999213883,33187200.0
2021-04-28,328.61468505859375,330.4080159525857,327.9651975909243,329.3998682226513,33615700.0
2021-04-29,329.7972412109375,332.29818898250164,326.57894348476367,331.8813692843512,37708900.0
2021-04-30,327.6356506347656,329.8361280085452,326.7244452133422,327.35455609823015,38263400.0
2021-05-03,325.8907775878906,329.58405537117176,325.4448780314179,328.8376550720035,29729700.0
2021-05-04,320.0261535644531,323.66127206756664,316.21652689036085,323.34136507299735,65147000.0
2021-05-05,318.9501037597656,322.93420853069864,318.17462374116377,322.0714596460376,46219300.0
2021-05-06,321.3541259765625,321.50922789045813,316.449142582441,318.6883728457284,46814300.0
2021-05-07,323.961669921875,326.3365955065622,321.5285552435657,324.12644534204554,53324500.0
2021-05-10,315.78033447265625,322.7597443386134,315.57674653434634,322.58526574806535,60700500.0
2021-05-11,315.3441162109375,316.13900258664955,309.2468022628767,309.90599292569743,71963600.0
2021-05-12,307.1820983886719,312.7365410746286,306.3193493127598,310.41977403718346,91164900.0
2021-05-13,309.5570068359375,312.52326128582257,307.19175393590643,310.1192550864064,69877800.0
2021-05-14,316.3910217285156,317.30219751217567,312.2130318222759,312.7171204997074,44370000.0
2021-05-17,314.4716796875,316.37162666229653,311.6023677851809,314.68494115486175,39395000.0
2021-05-18,312.3487548828125,316.64303422977486,312.07733389792406,315.4216545891111,36528500.0
2021-05-19,312.70745849609375,313.0079592859146,306.61014423238356,306.95913102284595,66319100.0
2021-05-20,318.7562255859375,319.6092713737214,313.96759051845436,314.190525497534,46466100.0
2021-05-21,316.99200439453125,320.7240353459111,316.6333441385424,320.30721556639253,50330400.0
2021-05-24,322.3235168457031,323.4479836254808,316.8853646355601,319.2796970065807,32475800.0
2021-05-25,322.7693786621094,324.55300623379526,321.5964556098517,323.83568579264556,31280300.0
2021-05-26,323.89385986328125,324.3591360264829,322.7500165185231,323.4382572317026,25444900.0
2021-05-27,322.68212890625,324.2912778723172,322.4785706006059,323.4479353091286,27931700.0
2021-05-28,323.6999206542969,325.2896928317441,323.3800433458723,323.88410229882214,29927400.0
2021-06-01,322.6240234375,325.5030382874219,321.27659206724854,325.02802938445956,31145400.0
2021-06-02,323.2541198730469,324.0974626171343,321.53835462068525,323.0408584081203,22047900.0
2021-06-03,319.8904113769531,321.6934158595787,318.22310259495436,320.4235502295139,37057800.0
2021-06-04,325.31884765625,325.76474720147104,321.61586685126764,321.68372949020727,38736500.0
2021-06-07,326.2882080078125,326.346367531055,324.09743402345566,324.78567477026974,32611900.0
2021-06-08,326.443359375,328.89585158541155,324.7663473137233,328.03310255552793,27282800.0
2021-06-09,326.5208740234375,328.5856260231153,326.33669232319687,327.8101459251218,21485300.0
2021-06-10,329.92333984375,330.0299557799059,326.4142437430809,326.8601433007051,33702100.0
2021-06-11,330.7860412597656,330.79574437440573,329.28353762387894,329.93299548610094,21222800.0
2021-06-14,333.9559020996094,333.9655756321318,330.0299566115849,331.2125829407871,27827700.0
2021-06-15,331.7747497558594,333.9170373180938,331.0573998090703,333.6068335347613,35963800.0
2021-06-16,330.5630798339844,333.3063690349668,327.11214372222906,332.24006190320773,55399500.0
2021-06-17,334.7605285644531,335.76867651691026,329.50658646954747,329.55504288980995,59722700.0
2021-06-18,332.13348388671875,334.2466921636833,331.3870540179676,333.10284873846405,55414900.0
2021-06-21,334.19769287109375,334.51797093685457,330.11194106733024,332.32465556437614,32992600.0
2021-06-22,337.31298828125,337.75940508657436,333.69305236731316,333.99390169448657,28941600.0
2021-06-23,337.47796630859375,338.62316628177916,336.643359660952,337.2547727068681,27188500.0
2021-06-24,339.56451416015625,341.0881598467166,338.8657606820142,339.4092323186821,32581600.0
2021-06-25,339.1471862792969,340.37001228841126,338.54548764528295,340.12738996069703,28682800.0
2021-06-28,343.2716979980469,343.4075806908598,340.369945009591,340.42817198737436,39130300.0
2021-06-29,344.51397705078125,344.5430905442502,342.26246444955655,343.09707100698824,29426000.0
2021-06-30,343.9704895019531,344.7468986534807,343.3881900425526,344.3586792692265,32724000.0
2021-07-01,344.1064453125,344.6110891554649,342.27220606826614,343.62120059607673,29290000.0
2021-07-02,348.0562744140625,348.3765228310219,345.7659044123315,345.9988123519383,32727200.0
2021-07-06,349.5605773925781,349.84202760975387,345.9697547859461,348.65802936372256,38842400.0
2021-07-07,350.298095703125,352.0546788214517,348.3474028940629,351.7538295326983,35265200.0
2021-07-08,348.1824645996094,349.03649999370606,343.96085948535847,345.24188295951797,50890000.0
2021-07-09,350.3564147949219,350.83194516016465,347.01792863206083,347.6002282403716,35184500.0
2021-07-12,351.72479248046875,352.1809236975444,350.1816882228182,351.7539059787082,25717700.0
2021-07-13,351.72479248046875,354.684773397096,350.87075704279624,351.3462873863692,39723000.0
2021-07-14,352.3556213378906,354.70418928548685,351.5306993594751,354.06366267696376,35336400.0
2021-07-15,349.88079833984375,352.4720178509438,347.88159271368477,352.2682233868746,53391600.0
2021-07-16,347.0469055175781,351.7149556847077,346.6975140433333,350.73475222352204,47262000.0
2021-07-19,344.20343017578125,344.69835954632407,341.65103874777697,343.6017019715255,64404600.0
2021-07-20,348.2018737792969,349.6478933984783,343.3591119000733,345.13512395324045,42183700.0
2021-07-21,350.8901062011719,350.8901062011719,347.5516206658584,347.7748438652309,30259900.0
2021-07-22,353.2095947265625,353.2192794800728,351.09390553080846,351.09390553080846,30252200.0
2021-07-23,357.33416748046875,357.6155880495975,353.180474514925,354.5294392236291,31960800.0
2021-07-26,357.6156005859375,358.0038200081069,355.78139116921693,356.6451112644814,28438100.0
2021-07-27,353.6754150390625,357.35357784691723,349.5314363134525,357.35357784691723,57933100.0
2021-07-28,355.0340270996094,356.6062443760131,352.5204637948886,354.8108335535045,42066200.0
2021-07-29,355.66497802734375,356.8295475766185,354.4712653627747,354.4712653627747,25672500.0
2021-07-30,353.8113098144531,354.3936093484703,351.71504926218205,351.74416275803367,36484600.0
2021-08-02,353.8404235839844,356.0531381213734,353.13195569506735,355.47083858690587,27334100.0
2021-08-03,355.9851989746094,356.10165295883087,351.31714753282756,354.5003514418158,35558500.0
2021-08-04,356.49951171875,357.45060183033047,354.8399834211076,355.94632574720885,29602200.0
2021-08-05,358.76080322265625,358.9937111841423,356.6063157279587,357.31475398314,21443900.0
2021-08-06,357.18853759765625,358.4695904475238,356.08219531239246,357.49910124919626,33332100.0
2021-08-09,357.8484802246094,358.3725230491214,356.5480282984479,357.64465617587575,25960200.0
2021-08-10,356.0143737792969,358.65410647184547,354.830375374176,358.3629714611559,35130800.0
2021-08-11,355.4029235839844,357.77092014732835,354.0733578121451,357.27599068075955,34249800.0
2021-08-12,356.6839599609375,357.04303629212944,353.5492686074497,354.89826305920906,25969200.0
2021-08-13,357.9358215332031,358.2657842958094,356.5383147639419,357.0332737163408,19336200.0
2021-08-16,358.0911560058594,358.12995425400317,352.96697363746,356.8198173800413,34856900.0
2021-08-17,354.93701171875,356.3150897426544,352.5107888148548,355.34460058109624,44793900.0
2021-08-18,351.5208740234375,355.80073481778976,351.1909112596276,354.4032280434307,38541900.0
2021-08-19,353.21929931640625,354.8885422009641,349.33734187482844,349.58967858596617,48499400.0
2021-08-20,356.8780822753906,357.27598648850346,353.9762987928336,354.28686251287087,39486000.0
2021-08-23,362.21575927734375,362.90479843928557,357.9067840926924,357.9164688468706,34034700.0
2021-08-24,363.3220520019531,363.923750591973,362.341848392222,362.80769388948636,21732900.0
2021-08-25,363.7394104003906,364.3120252016674,362.8271480072528,363.57444379011275,20441900.0
2021-08-26,361.4296569824219,363.56471578355405,360.9929249278574,362.88539100832384,29133300.0
2021-08-27,364.9427490234375,365.44739272038265,361.57515048120206,362.0603950572188,27104700.0
2021-08-30,369.03826904296875,369.52351369079594,365.7094682499672,365.7288969907494,27295700.0
2021-08-31,368.7374572753906,369.34884071563806,367.1943530752369,369.28092896693454,29628200.0
2021-09-01,369.348876953125,371.4160243048738,369.14508245304785,369.79532344261236,28138300.0
2021-09-02,369.17413330078125,371.02777146554007,367.9610216445504,370.69780864908336,25453400.0
2021-09-03,370.30963134765625,370.70753553837505,368.00957630848825,368.02897543352884,24605400.0
2021-09-07,370.8336486816406,371.4838895379319,369.26146076930337,370.4163453946835,23970200.0
2021-09-08,369.5429382324219,370.65899507579223,367.28171104948837,370.65899507579223,32949200.0
2021-09-09,368.2715759277344,370.87248014416735,368.0289536026869,369.76613774278206,29399000.0
2021-09-10,365.4765319824219,370.69776872726254,365.14656920150003,369.9796161815492,40249400.0
2021-09-13,365.2242736816406,368.232796834094,363.1765552031788,367.80577911609487,48741800.0
2021-09-14,364.185791015625,367.4369061808398,363.2347009261619,366.7090392721534,41826600.0
2021-09-15,366.8934631347656,367.24285467894634,362.3515803792951,364.64195049764095,34097900.0
2021-09-16,367.1458435058594,367.7184286993201,363.64239097884035,365.563941041,35193100.0
2021-09-17,362.7980651855469,366.71885093328785,361.75966396256854,366.67033830663036,60912300.0
2021-09-20,355.3014831542969,358.75052850819037,350.66709716152684,357.01141811814324,76203200.0
2021-09-21,355.73858642578125,358.32295337490024,354.6115672536215,357.12791752385976,41927500.0
2021-09-22,359.0614013671875,360.5187493428805,355.55403515444647,356.6519087067731,46972900.0
2021-09-23,362.37445068359375,363.404307570577,359.5763377643105,360.217574445798,44652000.0
2021-09-24,362.7144470214844,363.13224261893384,359.74145968515217,360.1106592295025,36056800.0
2021-09-27,359.8192138671875,360.69361670499325,357.2737175316514,359.6734850025232,43338100.0
2021-09-28,349.63720703125,359.77062620482974,349.13200373868887,355.2723036782193,97701600.0
2021-09-29,349.0639953613281,353.0376940575205,348.4422089595116,350.9002680921135,58076600.0
2021-09-30,347.78155517578125,352.3673452197888,346.9460231327196,350.7059766261453,61384600.0
2021-10-01,349.9383544921875,350.9779363955298,344.3032880653489,348.40329448757456,56375500.0
2021-10-04,342.5934143066406,348.6559734049248,340.3588255658776,348.3256447001927,76766000.0
2021-10-05,347.2179870605469,349.4623003725709,343.4288885889361,343.6523296162224,47232900.0
2021-10-06,349.4429931640625,349.715030331096,343.1083668248391,344.0119156671475,56806500.0
2021-10-07,352.6490783691406,355.29173732282277,351.9495501269947,352.48389921273855,39411200.0
2021-10-08,350.8904724121094,353.96062183778866,350.35609379081643,353.72742604039263,41822300.0
2021-10-11,348.1992492675781,352.87247527953656,348.11178231200773,349.35538452132647,34847200.0
2021-10-12,346.98480224609375,350.08406788914886,346.34356567000145,349.6468813485061,43905100.0
2021-10-13,349.76348876953125,350.4338711616583,347.26655896985903,349.2874312866479,40120800.0
2021-10-14,356.2049560546875,356.41870158590115,352.687894754568,353.3485519783858,43433900.0
2021-10-15,358.4493408203125,358.56592392426677,356.38962691759247,357.41948386895245,40419900.0
2021-10-18,362.0538024902344,362.2675480418583,356.5547393437458,357.15710508473506,34513500.0
2021-10-19,364.7935791015625,364.8421455006068,362.10235422851224,363.1224858069732,29091000.0
2021-10-20,364.3175354003906,365.86232053598303,362.84073729606274,365.25022970588054,31390300.0
2021-10-21,366.5423583984375,366.7366832803752,363.2196223259279,363.5208051380614,25469300.0
2021-10-22,363.4625549316406,366.2509423706017,361.8011867064768,365.2891022902149,36275800.0
2021-10-25,367.1836853027344,368.096959102957,362.93794947075344,364.8810801691298,32597800.0
2021-10-26,368.33984375,371.8277597322551,367.1642580007848,369.4182966859178,47191300.0
2021-10-27,369.1947937011719,372.2552182979416,368.5244113090448,368.78672325168736,45760500.0
2021-10-28,373.29486083984375,373.5474773329144,370.32187307456246,371.0894180459381,38007000.0
2021-10-29,375.1310729980469,375.29625214903933,369.8749306873248,370.22467997203256,37310100.0
2021-11-01,376.4135437011719,376.53985193637055,373.4891522584772,375.5682866192368,30765300.0
2021-11-02,377.9874572753906,378.46354442062784,375.75286900934157,375.8014354130221,25135300.0
2021-11-03,382.0,382.41776592199056,377.43366132861297,378.47321356359595,33748900.0
2021-11-04,386.8968200683594,387.8489649457641,382.71910021919905,383.2631745349085,40265300.0
2021-11-05,387.2659606933594,389.5879864994472,385.8669041947823,388.6650171919364,43383800.0
2021-11-08,386.74127197265625,388.25691143350406,386.10003533155617,387.23677975210165,29256300.0
2021-11-09,384.0791931152344,388.20834554996304,382.71900765493467,387.81000022769325,50490700.0
2021-11-10,378.43438720703125,384.11802015749754,376.51067735237274,381.31021202374023,54937400.0
2021-11-11,379.4836730957031,381.5822576249606,379.143619323171,381.40738299331053,32243000.0
2021-11-12,383.4768371582031,384.0111862152096,379.0367766051723,380.63012828503423,34730600.0
2021-11-15,383.3892822265625,384.97293805192265,380.950674036111,384.6523346212401,33716900.0
2021-11-16,386.1194763183594,386.6149544360584,382.4663814751148,382.66067673603766,27872900.0
2021-11-17,386.3235168457031,388.35408477451546,385.3616766820078,386.44009993829405,28703300.0
2021-11-18,390.32635498046875,390.83155825697514,386.1486360963617,388.36380376999676,45721500.0
2021-11-19,392.502685546875,393.7754338135081,391.1327748129784,391.9586113099856,45191700.0
2021-11-22,387.9460144042969,397.08844748180036,387.83915645266666,394.03774784218194,61715400.0
2021-11-23,386.1778259277344,388.84963077816195,381.7474900750113,386.789887223981,70098700.0
2021-11-24,387.42144775390625,387.7031803861137,381.3783094778985,383.70033548203725,46954400.0
2021-11-26,380.0763854980469,386.2361064003588,378.68702448181364,384.84674538412554,51533300.0
2021-11-29,388.3249206542969,389.33535682537865,383.90431058676927,384.63298453085525,54447100.0
2021-11-30,382.6217956542969,389.78222608763474,380.61064867171586,387.44075051102556,81332700.0
2021-12-01,376.11236572265625,389.0924939464996,375.64603334024446,386.9550383610428,77766500.0
2021-12-02,378.8230895996094,380.6010413339081,373.411462906693,374.8299401671046,84416600.0
2021-12-03,372.23583984375,381.1839484767018,368.1261077111133,380.18323734532777,105349100.0
2021-12-06,375.218505859375,376.5786912592903,368.51468201368897,372.7215760878553,67588800.0
2021-12-07,386.517822265625,387.1299131676193,381.8154496254589,381.8543205406165,56005300.0
2021-12-08,388.2472229003906,388.4512729757663,384.9536317171657,386.84819604677244,39204000.0
2021-12-09,382.5343322753906,388.8203595725798,382.3400073981176,387.02295823215127,49973700.0
2021-12-10,386.6927490234375,386.95506100389343,382.1749462557162,385.34225890409687,52545800.0
2021-12-13,381.106201171875,387.0035798094843,380.73700162639506,386.6829763172521,50166400.0
2021-12-14,377.16168212890625,378.9979252293101,372.72162134697993,376.28724959080563,75199200.0
2021-12-15,385.760009765625,386.11951385042335,372.96451072965965,376.909063672621,73858000.0
2021-12-16,375.84039306640625,387.14942967632874,374.2567365633147,386.72193848593,82591400.0
2021-12-17,373.9652404785156,378.123539191252,370.9145109003366,372.4301505475138,80492500.0
2021-12-20,370.3376770019531,371.12564782415257,367.2052391539112,369.2481385657117,65336800.0
2021-12-21,378.62591552734375,378.9372206550842,369.86095132660364,373.6062316713703,48899500.0
2021-12-22,383.2370910644531,383.441372094784,377.6726372993004,378.3341385226449,37042200.0
2021-12-23,386.1261901855469,387.59510713249676,383.42179055575644,383.587150959049,29595500.0
2021-12-27,392.5079040527344,392.5079040527344,387.3909333176653,387.42011631971087,32820700.0
2021-12-28,390.688720703125,393.5779565780435,389.8132009778117,393.40285857051924,33113700.0
2021-12-29,390.6303405761719,392.08954996149595,388.25669093436284,390.82491370262477,32248500.0
2021-12-30,389.46295166015625,392.5953886793781,388.87926202726817,390.4162826957751,23850100.0
2021-12-31,387.03094482421875,390.15364435086724,386.53480417213575,388.7917216357938,34752900.0
2022-01-03,390.7568054199219,391.00974454371743,386.0873473183604,388.19832024519195,40575900.0
2022-01-04,385.6884765625,391.34047822796384,382.5949599614313,391.30155766728365,58027200.0
2022-01-05,373.8396911621094,385.12424866501397,373.5867520579978,384.00549782002093,75739800.0
2022-01-06,373.5770568847656,376.8165184216376,369.7928558939074,372.0205905872242,70814300.0
2022-01-07,369.5301513671875,375.26973173594047,367.7596666339239,373.58676631105357,72652300.0
2022-01-10,369.77337646484375,370.288992287326,359.267080640251,364.6272526796805,91770500.0
2022-01-11,375.3280944824219,375.4934549109958,366.96195524108066,369.043745067452,68295700.0
2022-01-12,376.8165283203125,379.5890322281386,374.54016512828366,377.89632906917427,54576400.0
2022-01-13,367.3899841308594,378.8788226987878,366.4560985140958,378.19784650025264,77994000.0
2022-01-14,369.6761169433594,370.006867509756,364.6661409463367,364.8704516363952,80121200.0
2022-01-18,360.47332763671875,365.98915188546283,359.71453998380207,363.8684414821431,75450900.0
2022-01-19,356.5140075683594,364.5007377255495,356.25133090845486,362.0298017987283,81791500.0
2022-01-20,351.8834533691406,363.7030425438633,351.3484218440726,359.73400638356384,88610700.0
2022-01-21,342.1261901855469,352.33091698772046,341.84406809533505,349.6946206883517,143388900.0
2022-01-24,343.69244384765625,344.35397467492515,325.0632096858729,336.5034209388335,198685800.0
2022-01-25,335.72515869140625,341.4841848912907,332.38844029940157,337.2427637902628,124398400.0
2022-01-26,335.1999206542969,347.17516550203726,331.51297595065773,343.3131227650297,146559500.0
2022-01-27,331.82415771484375,341.717578860409,330.8026935247298,339.89843625241,95255700.0
2022-01-28,342.23321533203125,342.4472338873204,328.7598729741147,333.7017154948516,108167900.0
2022-01-31,353.1773681640625,353.76105796890243,341.9609110349437,343.5952484260349,94326400.0
2022-02-01,355.580078125,356.2318712803387,349.37360008983933,354.51972302915703,74433000.0
2022-02-02,358.4693603515625,360.0355938288942,354.3835919735696,359.704843271225,78777100.0
2022-02-03,343.93560791015625,352.08772832642944,342.875252752368,348.78019330152955,95384800.0
2022-02-04,348.2742919921875,351.57208895549786,342.3985353311194,344.4511417789402,86318300.0
2022-02-07,345.47265625,351.2316520904139,344.2177279914136,348.86774024734893,58198100.0
2022-02-08,349.3541564941406,350.44369468405654,343.2060142079704,344.33447295829444,64720900.0
2022-02-09,356.75726318359375,356.8350746245941,352.27261072691533,353.8680273004975,55766400.0
2022-02-10,348.6828918457031,356.52370682890097,346.84430370922803,349.7432469581747,112468500.0
2022-02-11,337.6221008300781,350.2783183711059,336.3963555781641,348.6829020313012,101569100.0
2022-02-14,338.0404357910156,341.43554980599544,334.53835702585025,337.0676295367606,80254400.0
2022-02-15,346.44549560546875,346.67895960611054,342.252703030362,343.31305828353123,55128800.0
2022-02-16,346.35784912109375,347.3792835241046,341.1727766272422,344.19821865992344,58947100.0
2022-02-17,336.0558776855469,343.84803432565775,335.63754850169113,343.14761274914025,61801400.0
2022-02-18,332.2229919433594,337.37885195183105,329.91744643602993,336.9897354830625,80001500.0
2022-02-22,328.88629150390625,334.6842375572723,325.25774354936186,329.2851455895957,85967100.0
2022-02-23,320.4617919921875,332.8747773875307,320.15048692148855,332.03817840867356,86215400.0
2022-02-24,331.2308349609375,331.7658962827721,309.6053681248613,310.16958276290524,130614100.0
2022-02-25,336.3671875,336.5714981761726,328.21509652010724,332.02848018101594,78842100.0
2022-02-28,337.3691711425781,339.06187408237105,332.0382122795594,333.1958540080665,77515500.0
2022-03-01,332.20361328125,338.6144032240385,329.68404853136684,336.3477776117557,67407000.0
2022-03-02,337.7778015136719,339.11054138217366,330.9876029156235,333.75036921925533,70609000.0
2022-03-03,332.9526062011719,340.521036037841,331.09454309415395,340.4140119353788,71089400.0
2022-03-04,328.12750244140625,332.02846460203284,325.81224874261795,330.5984383743675,76936300.0
2022-03-07,316.02581787109375,329.2754636715576,315.8215368751897,328.1178218819508,89933800.0
2022-03-08,314.556884765625,324.14873946634606,311.23961212376486,315.23783128014855,116153900.0
2022-03-09,325.88037109375,327.23258609319413,320.14081989375154,322.72848819963866,64723400.0
2022-03-10,322.26153564453125,323.46783565663105,317.82554124569333,321.8237906176218,69362700.0
2022-03-11,315.5783996582031,325.5399576796849,315.09199644365975,325.22865249733,66228400.0
2022-03-14,309.5177001953125,317.70871014612084,308.81727868302414,314.34280967569686,79802600.0
2022-03-15,319.22637939453125,320.00464224223913,310.54896387835566,312.15408832569585,76471000.0
2022-03-16,331.0653991699219,331.18213115897674,319.4695366915689,323.13703491127427,105243000.0
2022-03-17,335.0733337402344,335.1316997309201,327.8745745746981,329.16839361847946,67810000.0
2022-03-18,341.931640625,342.2235002966636,332.2619446534584,333.41958640270553,85446300.0
2022-03-21,340.9809875488281,343.3186324478158,336.5979479498107,341.09789357328924,73799100.0
2022-03-22,347.68218994140625,348.5490720835401,341.0979103437439,341.4777583376518,63345900.0
2022-03-23,342.685546875,348.3640355512725,342.6271087174735,344.8089089212396,70615500.0
2022-03-24,350.30224609375,350.35096436659234,342.45173783238135,344.60428887839834,53555300.0
2022-03-25,350.01007080078125,351.29576956009686,345.71468839424256,350.2438234026969,57584200.0
2022-03-28,355.4256591796875,355.5230660331783,348.7634405976162,350.00042143619373,56833900.0
2022-03-29,361.5423889160156,362.1657391948954,356.5457181859745,359.31190007061673,68073000.0
2022-03-30,357.5489501953125,361.3378593665474,356.0684672576992,359.6820322233208,68757700.0
2022-03-31,353.11724853515625,358.0457319393923,352.27958529730734,357.69507322547497,67011400.0
2022-04-01,352.4450988769531,354.1593341944505,349.2698205991994,353.38013902507805,54527800.0
2022-04-04,359.7014465332031,359.7111961332405,353.01976027347615,353.28273195497076,45950200.0
2022-04-05,351.71466064453125,358.9612900813736,350.5750570202456,358.250252800888,62738700.0
2022-04-06,344.078369140625,347.50686952486234,341.448533407247,346.4062347899626,90077100.0
2022-04-07,344.89654541015625,347.08806535874953,339.627153877945,343.08487346263547,63777400.0
2022-04-08,340.0751953125,343.9127926867397,339.4420954838791,343.16281654814475,61956100.0
2022-04-11,332.02984619140625,336.7635142938174,331.688937195183,335.84794372082325,66107400.0
2022-04-12,330.6273193359375,338.65314282857037,329.2539632767462,336.77331286308385,72790200.0
2022-04-13,337.3479919433594,338.39990848748874,330.2474586662088,330.9682157478457,61367800.0
2022-04-14,329.6337890625,337.95183248717245,329.4195059388165,337.43560901526075,73519400.0
2022-04-18,329.88702392578125,332.1759504193535,327.0624045126952,328.58185577557975,58560600.0
2022-04-19,337.2603759765625,337.8350377368867,328.22157337418815,329.2442709651318,56515700.0
2022-04-20,332.3415832519531,338.52654598737115,331.12407207271315,338.06876059500115,65500000.0
2022-04-21,325.4650573730469,338.8284602340918,324.53976678286665,336.21812360109845,75801000.0
2022-04-22,316.9425048828125,326.838439334833,316.51393856889234,325.62092815310405,82562100.0
2022-04-25,321.0137634277344,321.3254533350625,314.04960740276744,315.31583650464313,101755900.0
2022-04-26,308.897216796875,319.1437803869639,308.6244657518132,318.95871630604034,105819600.0
2022-04-27,308.52703857421875,314.48796770473507,306.8127735656662,308.99454377699504,111204200.0
2022-04-28,319.4846496582031,321.3157910363892,309.26727669681173,313.48475162677266,99450000.0
2022-04-29,305.1082763671875,318.7249309741561,304.4751765510485,315.28668087637624,91977900.0
2022-05-02,310.2023010253906,310.4360536012468,301.60178757124913,304.6991280988893,115511800.0
2022-05-03,310.533447265625,312.822373555241,307.7672662457178,310.2217573614251,78185500.0
2022-05-04,321.0333251953125,321.7053936845587,305.73165437547124,311.01076573447637,116083400.0
2022-05-05,304.8647766113281,316.79638528062134,301.57262187157147,316.71847764967674,154607400.0
2022-05-06,301.2122802734375,306.90048921029944,297.1798687855756,302.868107446833,139572800.0
2022-05-09,289.4266662597656,301.3095837557679,288.03384101518077,295.5921576994829,113387300.0
2022-05-10,292.94287109375,297.8129146763731,288.86177219356085,296.59540378071733,124124600.0
2022-05-11,284.2547302246094,296.18633825965026,283.38787783221585,290.68319437612166,140326100.0
2022-05-12,283.58270263671875,288.0631497956638,277.53411532056,279.978887320911,120910900.0
2022-05-13,294.09228515625,295.12473233696886,286.4365588211198,288.03394787771657,83684900.0
2022-05-16,290.68316650390625,294.4038869702922,289.40721745106714,292.3487131021855,59190400.0
2022-05-17,298.21240234375,298.5922504655092,292.73844580890307,296.53710537290175,62715300.0
2022-05-18,283.57293701171875,294.3941605391823,282.3164573337348,293.70262261227504,79477100.0
2022-05-19,282.053466796875,286.738476663522,280.10544911695507,281.77102563484806,79920700.0
2022-05-20,281.1768798828125,286.1638006552641,272.9270233764225,285.51123134311183,91764200.0
2022-05-23,285.8521423339844,286.23199034784994,279.8230248721788,282.21907844050895,63648400.0
2022-05-24,279.7742614746094,281.35215088037694,274.91396736497427,280.6411435224921,73491100.0
2022-05-25,283.6898498535156,285.76449362585697,278.07954891697494,278.28408246900483,67144500.0
2022-05-26,291.5500793457031,293.09877969872235,282.60868452032753,282.8911554322837,59462200.0
2022-05-27,301.0660705566406,301.2121659048462,294.55970010522407,294.6765763837885,66985600.0
2022-05-31,300.26751708984375,303.23823288514484,296.4201693456621,301.0369925835597,60968300.0
2022-06-01,298.0467224121094,304.523875630762,295.8357329172192,302.40054336965414,65341700.0
2022-06-02,306.2089538574219,306.3842683433846,295.5143243477627,296.92664928605205,59291300.0
2022-06-03,298.2414855957031,302.40049218011103,296.9947556078543,300.99791722823267,60914700.0
2022-06-06,299.2349853515625,304.23165526192764,297.6765653234213,302.67323523378644,51785000.0
2022-06-07,301.816162109375,302.59538713893994,294.8227846687545,295.9136699857499,44900300.0
2022-06-08,299.64404296875,303.6179852830129,298.7966304532307,301.01736904269234,38342100.0
2022-06-09,291.6182556152344,301.01743545544304,291.4526907496542,297.9590629986376,55900500.0
2022-06-10,281.33270263671875,287.20597460384334,280.8846669045221,286.01768266023385,85963500.0
2022-06-13,268.2518005371094,275.00167522673036,267.3946679306064,272.4789956879142,94442000.0
2022-06-14,268.73876953125,271.41729371088064,266.2355598004326,270.44328491828765,64697500.0
2022-06-15,275.4497375488281,279.37499269025363,269.42061936810114,272.1576120466617,86051400.0
2022-06-16,264.33624267578125,268.884846785,262.2810688052266,268.42706149435605,81910300.0
2022-06-17,267.55047607421875,269.9854980416754,263.47912647848466,265.1057045070877,82703400.0
2022-06-21,274.3007507324219,276.61361483491163,271.91962734247886,272.02696000913744,51633700.0
2022-06-22,273.90057373046875,278.30177743750676,271.20713224352835,271.8024054461043,67472900.0
2022-06-23,277.97979736328125,278.82880933870996,273.5492878730118,276.3793377182855,57457800.0
2022-06-24,287.5043029785156,287.92395446562955,280.5658029808013,280.800004903636,58422300.0
2022-06-27,285.3964538574219,289.42681798517424,284.26442815111665,288.8608200227862,54151500.0
2022-06-28,276.7013244628906,288.5192298202316,276.51590467871944,285.9331509640633,61609800.0
2022-06-29,276.9550476074219,278.45791285837396,274.06644785541357,276.5647011190199,57302700.0
2022-06-30,273.51995849609375,277.09168696089944,269.12849346614837,273.97862381270477,79313600.0
2022-07-01,275.3253173828125,275.71566383513857,270.34831821646026,272.2220228817609,56675100.0
2022-07-05,280.038818359375,280.1559193205776,270.075081156703,271.5974532153894,61829300.0
2022-07-06,281.8344421386719,283.93261027210065,278.70187223129227,280.4194324508901,63194700.0
2022-07-07,287.865478515625,288.5681142475734,282.64450756949054,282.64450756949054,56620100.0
2022-07-08,288.2264709472656,289.5926984461402,284.0984834291946,285.0353208882049,59895500.0
2022-07-11,282.06878662109375,286.04060154458625,281.1904992600266,285.8161678681086,55273900.0
2022-07-12,279.336181640625,285.2305115091865,277.74549076739095,283.3177929939941,55797100.0
2022-07-13,278.76043701171875,281.10254575215123,273.2662215205759,273.8322492499436,73939400.0
2022-07-14,279.75592041015625,280.6244393274366,273.05159050234846,276.16465439918056,63741800.0
2022-07-15,284.8304138183594,284.9377762264799,281.13181608551673,282.74204373662945,63818100.0
2022-07-18,282.41998291015625,289.0169486418252,281.24894346518283,287.611677482635,59519600.0
2022-07-19,291.1053466796875,291.39812890521887,284.44009126466915,286.0405209277583,55172600.0
2022-07-20,295.72125244140625,296.90206024914977,290.7442528094692,291.52497556868116,67769400.0
2022-07-21,299.9663391113281,300.0248895951628,293.525517855766,296.1799156552056,55049400.0
2022-07-22,294.7063903808594,301.1081694593646,292.8814970769838,299.0393058254194,57127700.0
2022-07-25,293.02789306640625,295.20411927863995,291.0273481376284,294.7356854919852,40582400.0
2022-07-26,287.2701721191406,291.5835805480421,286.46020374795387,291.3298418811851,50074100.0
2022-07-27,299.41015625,301.09844171609467,291.261540976586,291.8275688403443,69304400.0
2022-07-28,302.33770751953125,302.91347376867895,295.4479896479993,299.1953693285458,55139900.0
2022-07-29,307.8514404296875,308.7590324776936,302.45481919119555,303.87962702583735,57501000.0
2022-08-01,307.6660461425781,311.1206738276758,304.9921412634084,306.08512341017763,46358800.0
2022-08-02,306.7487487792969,310.8669689606227,304.31881392899396,305.37278238610025,48676500.0
2022-08-03,315.102294921875,315.922031555984,308.3686908175321,308.42724130700196,53735700.0
2022-08-04,316.5758361816406,316.88812529432516,313.0333828747934,315.1803332975884,38973700.0
2022-08-05,313.9897766113281,316.0195964067601,310.7108300691232,311.4915231177822,53894000.0
2022-08-08,312.9748229980469,318.5959077315919,311.51100133048016,314.907078320585,43878500.0
2022-08-09,309.43243408203125,311.33541455782307,307.8124973077939,311.081675885975,39764200.0
2022-08-10,318.0689697265625,318.3617519714591,314.29231404150215,316.7612924209817,51459600.0
2022-08-11,316.26361083984375,322.3921444497628,315.56097508538966,320.39159961995324,45897700.0
2022-08-12,322.4214172363281,322.6165756154438,317.25899713697703,318.31293577249124,40928400.0
2022-08-15,325.0270080566406,325.5247170262433,321.45527909341536,321.474815778675,38266600.0
2022-08-16,324.2657165527344,326.35411605303005,321.2209727943602,324.051021555335,41186900.0
2022-08-17,320.5672302246094,323.43632355321506,318.48859834556515,321.13325804129107,47842200.0
2022-08-18,321.338134765625,322.5189425848019,318.90820030114213,320.5183981966612,41937200.0
2022-08-19,315.07293701171875,318.9569542566425,314.31175099484204,318.3031306401274,51770600.0
2022-08-22,306.77801513671875,311.05237977233116,305.96804680393296,310.81817780266437,51098900.0
2022-08-23,306.5243225097656,309.354372325522,305.77287484803617,306.5438294144277,39497100.0
2022-08-24,307.4123229980469,309.2274475970766,305.4410240635622,306.0460655965721,38057100.0
2022-08-25,312.8480224609375,312.8675591476444,308.14429710244514,309.1884674875516,38098300.0
2022-08-26,300.02490234375,313.7555572354442,299.9370766142662,312.5552127027734,69047700.0
2022-08-29,297.0679931640625,299.8102168935229,295.9652426671527,297.2729198727488,48321900.0
2022-08-30,293.7597351074219,299.33203795561866,291.24197482667506,298.7172280617715,51184500.0
2022-08-31,292.0519104003906,297.5558938041094,291.94457778028476,296.658070136426,50044000.0
2022-09-01,292.17877197265625,292.5496115259869,285.88435725091745,289.56341798178005,57990700.0
2022-09-02,288.0508728027344,296.42392056621236,286.440644964557,295.04792447226936,64666800.0
2022-09-06,285.98199462890625,289.44639101078417,283.85458060513645,288.5290602332811,57005400.0
2022-09-07,291.7591552734375,292.7545432113645,286.19662144134224,286.46012838191547,49260400.0
2022-09-08,293.2716979980469,294.5891430824327,288.3240047954274,289.69023200898624,55649800.0
2022-09-09,299.6833190917969,300.1810279756889,293.27177320994116,295.52605613582205,56125200.0
2022-09-12,303.24530029296875,303.57709631157707,300.74704692101136,301.0593360378884,45905700.0
2022-09-13,286.6163024902344,295.7114920734445,285.7282470797957,294.5209158923819,79562200.0
2022-09-14,288.8900451660156,289.76833209124834,285.9916774656809,287.75801965602886,54907200.0
2022-09-15,284.0790710449219,289.3780997043996,282.47861131266575,286.97743988755116,65299400.0
2022-09-16,282.3419189453125,282.7322654178717,278.7311470657045,280.78050327354885,79920400.0
2022-09-19,284.5406494140625,284.6970745912991,279.6427184448839,279.70137415696615,52613800.0
2022-09-20,282.2724914550781,284.56015318458026,279.9750438308843,282.0378388277905,51271100.0
2022-09-21,277.2181701660156,287.37581184198143,277.0813167842155,283.11330785148755,82931000.0
2022-09-22,273.80621337890625,276.70000432671964,272.58416975490826,275.6930415739473,62757100.0
2022-09-23,269.3482360839844,271.6358984690643,265.93626954877664,271.34259005966226,74815200.0
2022-09-26,268.233642578125,273.2391277430711,267.4417608144934,268.878885095722,71176700.0
2022-09-27,268.3412170410156,273.94304548411566,266.0241974483463,271.5967278751962,69780100.0
2022-09-28,273.67913818359375,274.9598376182292,266.84547923320525,268.32168776244924,79652100.0
2022-09-29,265.7896728515625,270.071719733526,262.8274394357609,269.6904276907213,81216000.0
2022-09-30,261.28271484375,269.0353524973825,261.12628967839305,264.9683877032516,78482400.0
2022-10-03,267.4124755859375,269.0060252619339,261.54666612929276,263.0522322436455,61267400.0
2022-10-04,275.8200988769531,276.52399709567806,272.7503114179168,272.7503114179168,66696900.0
2022-10-05,275.6734924316406,277.4625511231233,269.2602100468539,272.05623146486425,55766300.0
2022-10-06,273.50311279296875,277.82424176859405,273.18047661125445,274.67625661590097,53489400.0
2022-10-07,263.0816345214844,268.99631546280324,261.75203515428467,268.869218115013,71354700.0
2022-10-10,260.4517517089844,263.6681793088625,257.7437134187237,263.2771014291403,60393000.0
2022-10-11,256.87359619140625,261.6444597639264,255.19206279838772,258.7799963749924,66522500.0
2022-10-12,256.7856140136719,259.42521062634756,256.0915015138821,257.50905437021186,50580200.0
2022-10-13,262.80780029296875,264.12761327109695,248.57342473862707,249.45330502988705,112894100.0
2022-10-14,254.9084930419922,265.73091764377233,254.32193601889864,265.13457472527824,77244300.0
2022-10-17,263.325927734375,264.1960071537805,260.77428550467795,260.8720549473756,64576500.0
2022-10-18,265.40826416015625,271.0100915814728,262.729524945079,270.3453071832955,69781000.0
2022-10-19,264.4404602050781,267.55911798953014,262.0746004041456,263.89298703618215,53115400.0
2022-10-20,263.09130859375,268.6931672043855,261.9279505332129,263.5507981813768,60605500.0
2022-10-21,269.2602844238281,269.7979718188774,260.85261622041753,261.9866765673945,77897700.0
2022-10-24,272.222412109375,273.151147234624,265.887328094791,269.52413061213724,63963600.0
2022-10-25,277.85357666015625,278.2348685509283,271.68470349213027,273.16094157940734,59014500.0
2022-10-26,271.7139892578125,277.62869675092986,271.225171936152,272.232134425371,63492400.0
2022-10-27,266.7672424316406,272.05625105959984,266.2490971046528,270.59958454005965,57760300.0
2022-10-28,274.9305114746094,275.39978700768586,265.97537143833364,266.1415825130853,62651300.0
2022-10-31,271.733642578125,273.503159426672,269.81745662103884,272.68194966008537,47742000.0
2022-11-01,268.9570617675781,275.7614206032316,268.5953417105619,275.2041616767264,45895900.0
2022-11-02,259.7380065917969,271.9877694465551,259.6695649953625,268.9277677479085,79803100.0
2022-11-03,254.66416931152344,258.58449578923245,254.2829071192963,257.1278289707571,70038900.0
2022-11-04,258.7604064941406,260.6472347514151,253.2856449110451,259.59140215287795,78313200.0
2022-11-07,261.6053466796875,262.1430638319726,257.675264711144,259.80650185570005,47333800.0
2022-11-08,263.51171875,266.7476878754442,259.5816073657685,263.1206707578258,63213800.0
2022-11-09,257.4308776855469,262.55367598259363,257.1473551571443,261.7715798487891,64862100.0
2022-11-10,276.4263000488281,276.71957861883755,267.7253543962646,269.8370496054912,99256700.0
2022-11-11,281.5197448730469,282.1845592972137,274.90116716615194,276.2405222408589,66961800.0
2022-11-14,279.0561828613281,282.741856679245,278.07854769991235,279.4667729214906,55290700.0
2022-11-15,282.91778564453125,286.70122803572764,279.57426106914244,285.6746934620761,73985400.0
2022-11-16,279.0561828613281,283.005837267264,278.23497290594577,280.96258336011186,48859800.0
2022-11-17,278.44024658203125,279.9164851097725,274.44172265870026,274.5981478527372,55462100.0
2022-11-18,278.4499816894531,281.5490676405468,276.00589441916804,281.45132801777515,53588600.0
2022-11-21,275.5855407714844,278.21535143793466,274.7545450656288,277.0617493138327,40083500.0
2022-11-22,279.55474853515625,279.71114388498205,274.1875119369852,276.3187789752924,41873400.0
2022-11-23,282.3605651855469,282.98623610970964,279.3983321471917,279.57429929757615,46390000.0
2022-11-25,280.5030212402344,281.47087025300624,280.0142037856951,280.7669719250677,15498800.0
2022-11-28,276.38714599609375,280.5420941973852,275.45841076977536,278.52816875015134,38714200.0
2022-11-29,274.2950439453125,277.0128679016486,272.9263609879941,276.6120339936034,35618900.0
2022-11-30,286.7989501953125,286.9065055448826,273.70843484346506,274.5589724039487,74718100.0
2022-12-01,287.15093994140625,289.13553770503285,284.3744602516807,287.12161208618227,51547300.0
2022-12-02,286.0070495605469,286.8869447509054,281.910757350936,282.08675429003557,53583200.0
2022-12-05,281.2070007324219,285.15662542383615,279.7503040096174,283.88571160923243,41482100.0
2022-12-06,275.3802185058594,281.1873727687558,273.991993519204,281.0505193835465,53937600.0
2022-12-07,274.25592041015625,276.2503039825609,272.54505931577694,274.1972647022958,45614300.0
2022-12-08,277.5016784667969,278.4695274919775,273.532483071853,275.60506433206405,42594900.0
2022-12-09,275.73211669921875,279.2516078103331,275.2921691221875,276.4848847255361,47860500.0
2022-12-12,279.1929626464844,279.2516481889468,274.871833080141,275.90812369116725,35732500.0
2022-12-13,282.1943054199219,290.2402513163145,279.5155953648504,290.0153845506873,80667700.0
2022-12-14,280.1021423339844,284.89254665162576,276.856387797035,281.607678370785,64984400.0
2022-12-15,270.69732666015625,276.68044714031987,269.5046109553816,276.01563277082005,60554100.0
2022-12-16,268.1163635253906,271.55762753266515,266.5130280152086,270.0227634589525,68300400.0
2022-12-19,264.3484191894531,268.4741081086413,263.11364035829007,268.38591389305566,44167900.0
2022-12-20,264.142578125,265.8869331436149,261.6044454235954,263.1821914650864,51064200.0
2022-12-21,267.9742736816406,269.27762774929147,264.3385435697956,265.18133792927495,46394700.0
2022-12-22,261.418212890625,265.093120157277,257.2043012809809,264.9657185869975,60278400.0
2022-12-23,262.0062255859375,262.6726316300907,258.2529327193007,260.1540875111518,39373600.0
2022-12-27,258.30194091796875,261.50648008934456,257.76296633096587,261.39866722805584,38009000.0
2022-12-28,254.8916473388672,260.1541112739001,254.5290611692624,257.90017946439536,47139000.0
2022-12-29,261.1046447753906,262.0454127740725,256.9985455070873,257.6943196587652,45893600.0
2022-12-30,260.9478759765625,261.07527757710335,257.03778328615977,258.34113754746767,37858300.0
2023-01-03,259.18389892578125,264.7403425754029,256.8809508045334,263.2703795073479,42335300.0
2023-01-04,260.41864013671875,262.094419519153,257.2729276346424,261.30064187756807,47754900.0
2023-01-05,256.34197998046875,258.919320349099,256.02841054713053,258.7527412605254,45396700.0
2023-01-06,263.41741943359375,264.5346059307866,255.12683454248378,258.0765705578795,54659700.0
2023-01-09,265.12255859375,269.7774418403852,264.5149786181728,265.40672993298676,45568700.0
2023-01-10,267.36663818359375,267.47445101402536,263.583948018736,264.0935243898107,35247800.0
2023-01-11,271.9922180175781,272.10003088582084,267.6509332520167,268.43493168224774,44077000.0
2023-01-12,273.4620666503906,274.491058550709,268.2584007489289,272.5506968950995,60600000.0
2023-01-13,275.3436584472656,275.58865226978315,270.6299796945461,270.9631677043932,44802900.0
2023-01-17,275.90234375,277.18610941652383,273.98157000685694,275.1477433843072,36269700.0
2023-01-18,272.3155822753906,278.9892126837552,272.1097958051242,277.4408347282873,47754500.0
2023-01-19,269.6402587890625,271.8256149685803,268.4055099682429,270.6888397747378,44150400.0
2023-01-20,277.01947021484375,277.3526582997376,270.189039708322,271.2474300076123,60613600.0
2023-01-23,283.1737060546875,284.39867540350957,277.06847796030434,277.8622557058228,52799900.0
2023-01-24,282.5954895019531,283.751853248069,281.03733226985304,281.5567180138864,44875100.0
2023-01-25,281.9683532714844,282.5857126972859,275.54949598721333,278.08762887043525,50872000.0
2023-01-26,287.4659729003906,287.64236129032844,282.7424844155557,285.388429890523,51596300.0
2023-01-27,290.3275451660156,292.2874961252807,286.03524778018846,286.15284005270786,56441900.0
2023-01-30,284.4574279785156,288.48514213201554,284.08506247493875,287.06416594239596,49405800.0
2023-01-31,288.7204284667969,288.8184320155541,284.3889527326783,284.4967357017723,46705100.0
2023-02-01,294.89422607421875,297.35394412149606,286.4468125594158,288.5145763137995,67562200.0
2023-02-02,305.4778747558594,307.3986178005541,300.5878080104467,301.4109836010301,83070600.0
2023-02-03,300.0488586425781,306.134527365596,298.44171454947156,298.8336987253652,76170800.0
2023-02-06,297.5107727050781,299.7843231515215,296.16821099081466,297.4323878201747,40802300.0
2023-02-07,303.6748046875,304.80177050137615,296.2661924961063,297.3833489851689,67584000.0
2023-02-08,298.27508544921875,303.30236366101053,297.58912066430577,302.36159572104424,56720900.0
2023-02-09,295.638916015625,302.80253245280153,294.1885718359373,302.65554215168055,49137800.0
2023-02-10,293.6986389160156,295.5311881263179,291.2976872269125,293.4830431320697,50050100.0
2023-02-13,298.40252685546875,298.9905181113563,293.92403183643796,295.1000143482131,39636700.0
2023-02-14,300.6075439453125,301.5581215641537,294.8844894847325,296.82485212396585,64079100.0
2023-02-15,302.91033935546875,303.0769183913256,298.1084668717564,298.7944315657326,43100600.0
2023-02-16,297.22650146484375,302.25377962239094,297.07951114869655,298.28489155405015,59498600.0
2023-02-17,295.1293640136719,295.88393422598153,292.13064199756906,295.04116982572447,58230700.0
2023-02-21,288.1422119140625,292.74810899592325,288.00503088741164,291.30754373044596,46526700.0
2023-02-22,288.3577575683594,290.4254912794168,286.70159677213525,288.72034367644244,51389200.0
2023-02-23,290.87640380859375,292.1601696243717,286.69188829483403,292.0033699185495,69294400.0
2023-02-24,286.0058288574219,287.1033965295427,284.24185517881966,285.9176346594632,74332000.0
2023-02-27,288.0539855957031,290.5529110256689,287.4659943455708,289.1613626370489,48995000.0
2023-02-28,287.6816101074219,290.1903450360639,287.093618816479,287.4268069031681,48243100.0
2023-03-01,285.3688659667969,288.0441798329406,284.3888905066176,287.387613022248,58287000.0
2023-03-02,287.7305908203125,288.5341779040145,282.59552879500677,282.8797300624582,53565900.0
2023-03-03,293.6790466308594,293.914261084036,288.96536693308644,289.4749733262371,60511500.0
2023-03-06,294.0122375488281,297.91255078931,293.8162603935119,294.9138281640149,56736300.0
2023-03-07,290.40594482421875,294.9824437058501,289.7983647809635,294.06126431559863,65955800.0
2023-03-08,291.85626220703125,292.45403280782995,288.975132322113,290.8272701587182,50876300.0
2023-03-09,286.7995910644531,294.9529931979204,285.98619477194666,292.356034581254,71456700.0
2023-03-10,282.7719421386719,288.45581845645546,281.62538745570544,286.9662364321143,98593600.0
2023-03-13,284.869140625,288.5734476007409,279.4792742371688,280.9884451995774,97123600.0
2023-03-14,291.415283203125,291.9640670408029,287.57379633938,288.4165608377867,73602500.0
2023-03-15,292.9440612792969,293.2772493516955,287.3679984394516,288.80856358255966,83631500.0
2023-03-16,300.66632080078125,301.0289069990285,291.2389600204212,292.0327378886065,98198100.0
2023-03-17,299.2452697753906,302.95938486538984,297.29512832561835,300.5780518528827,89923700.0
2023-03-20,300.3072509765625,300.6311303110754,296.42054919854286,298.62890724672246,56359500.0
2023-03-21,304.5964050292969,305.04788323131515,300.72932185078076,302.24082881743965,49757000.0
2023-03-22,300.4544982910156,309.4155301746397,300.2876613290279,304.52768643281496,75791900.0
2023-03-23,304.01727294921875,308.3358335477737,301.3279933399785,304.1841398375628,74576000.0
2023-03-24,305.1361999511719,305.23432523324425,301.26911732991573,303.59524962715017,57195200.0
2023-03-27,303.045654296875,306.9127374035687,302.19176055680384,305.833089590293,50287400.0
2023-03-28,301.4360046386719,302.49603342767915,299.1294910219015,302.46658984758324,48585900.0
2023-03-29,306.9323425292969,307.55068761030134,304.3117443176052,305.1263998840245,53274300.0
2023-03-30,309.8375549316406,310.4657245286793,307.02067616071264,309.4056958218703,58354800.0
2023-03-31,314.9903869628906,315.22596553535897,309.7590450153617,310.0633053000576,62138100.0
2023-04-03,314.2248229980469,314.48984514713516,311.54536759921757,312.8703585335609,47126800.0
2023-04-04,313.1648864746094,315.677505418444,311.9478151451285,314.66656912426663,45875400.0
2023-04-05,310.0731506347656,313.15502177624506,308.25738336194655,312.2127972814154,62795700.0
2023-04-06,312.1637268066406,312.6544731339284,307.03053939298894,308.4242421889301,46916500.0
2023-04-10,311.98699951171875,312.03609210575996,307.45250919646037,309.238832639675,45134700.0
2023-04-11,309.98480224609375,312.0067046080071,309.4744368646345,311.94778749401394,40113600.0
2023-04-12,307.2464599609375,312.52689508007813,306.7851572287098,311.9379935140546,62813300.0
2023-04-13,313.2630310058594,313.73412832120374,307.825553186617,309.00332642775743,54613800.0
2023-04-14,312.674072265625,314.43092227098646,309.768832905649,311.71219883461987,56278300.0
2023-04-17,312.9390869140625,313.2924398141298,310.19091970365525,312.261854645645,43007000.0
2023-04-18,312.95867919921875,315.4713275158406,311.76128712291046,315.04926298343963,46746900.0
2023-04-19,312.8114929199219,313.87152168372256,310.4264731305352,310.55407195884237,38960100.0
2023-04-20,310.4264221191406,313.36107487685706,309.14066944218166,309.8473451843308,62462100.0
2023-04-21,310.7503662109375,311.52575377293005,308.28684008542274,310.0633393438064,59002300.0
2023-04-24,310.1025695800781,311.85941960168043,307.9334495735245,310.52460416943904,44043100.0
2023-04-25,304.25286865234375,309.14071237711994,304.15474335870545,308.4733046259451,57121600.0
2023-04-26,306.09808349609375,309.11127287941105,305.5778936312846,307.63903402208973,55400500.0
2023-04-27,314.4211120605469,314.92165284170386,309.21918410864004,309.8571781627747,65430400.0
2023-04-28,316.5902099609375,316.678540689249,313.056831064611,314.18554141895567,59712600.0
2023-05-01,316.2270202636719,317.6403716332605,315.14737269624044,316.1288650388564,41013400.0
2023-05-02,313.46905517578125,316.4822441061862,311.73179441549286,316.1583348327076,56519400.0
2023-05-03,311.41778564453125,316.5019099639338,311.3098058864839,313.83224897780207,59882100.0
2023-05-04,310.3184814453125,312.3403534983685,309.28789639998797,311.1919941513549,50224500.0
2023-05-05,316.91412353515625,317.7680172064844,310.3577309572595,312.5759135629798,51806100.0
2023-05-08,317.6993103027344,318.04283866891797,315.3731778659205,316.45282560845146,36465800.0
2023-05-09,315.6872863769531,316.9043275857456,315.37320156411107,316.0406093268182,31768800.0
2023-05-10,319.1225280761719,319.9764218717756,315.64803577940484,318.1213864238547,60446600.0
2023-05-11,320.162841796875,320.7026506508327,318.12132077434427,319.67209558317825,44278500.0
2023-05-12,319.0144958496094,321.11490410960397,316.9631801847053,320.6928395840267,48432800.0
2023-05-15,320.7419738769531,320.97752251513634,317.96433305634275,319.4856645520145,33375600.0
2023-05-16,321.1051940917969,322.8129820110801,319.98627790138113,320.0255460009002,40019200.0
2023-05-17,324.9918212890625,325.5708983222604,320.9873447050186,322.16511784019536,47486100.0
2023-05-18,331.0279846191406,331.24391418025004,325.36478333622733,325.3844024044097,64213500.0
2023-05-19,330.2821044921875,331.95062404196796,329.2220756461821,331.2439481288907,61554900.0
2023-05-22,331.3910827636719,332.4020186596197,330.01696954739674,330.026794055526,43015900.0
2023-05-23,327.1903381347656,330.8218725069687,326.8370151983698,329.67354301090694,48216700.0
2023-05-24,325.5119934082031,326.74868358782186,323.46067760334,325.237176696374,62891200.0
2023-05-25,333.4326477050781,334.69878147156203,330.4391074318428,332.86339520970245,66862800.0
2023-05-26,341.9520263671875,342.7863010934035,334.3552829944159,334.4534382479904,63007000.0
2023-05-30,343.5027770996094,347.37965474183784,342.0796009058038,346.18223261994183,72652200.0
2023-05-31,341.549560546875,344.1112715102419,340.09697083767367,341.9225324839208,65105400.0
2023-06-01,345.4952087402344,346.8201997459397,340.2442175064159,341.2944217437348,50488600.0
2023-06-02,348.0863037109375,349.2444576542266,345.49517912675213,347.25202910838146,53372100.0
2023-06-05,348.3317565917969,350.8836436269123,347.3012012279909,347.8704538202461,47266200.0
2023-06-06,348.2727966308594,349.2346700680704,346.3981423533168,347.7231632246743,41390400.0
2023-06-07,342.3642272949219,350.5106032126766,341.73605770611135,348.55744268687283,69225900.0
2023-06-08,346.6141357421875,347.07543850228194,342.43299727167624,342.6587214194635,47153900.0
2023-06-09,347.9391174316406,351.04063755935596,346.49632214996257,348.06671625868603,53196900.0
2023-06-12,353.81829833984375,353.91645360164864,348.62622345678517,349.59789165725834,44606500.0
2023-06-13,356.5369873046875,357.3712319959438,353.3667556384782,356.5664308825815,57097800.0
2023-06-14,359.1281433105469,359.41278455684176,353.7495829280698,356.54681293006774,69525600.0
2023-06-15,363.407470703125,364.88950420626855,357.2436981859481,357.86201338240306,71138800.0
2023-06-16,361.1205139160156,365.94947000240563,360.67886028031626,365.8218711900571,80932000.0
2023-06-20,360.60357666015625,361.9992210577164,357.645252046979,359.6698977267216,49204700.0
2023-06-21,355.68939208984375,359.89594138420165,354.76552112387077,359.46348986847545,53378300.0
2023-06-22,359.88616943359375,360.0433972788197,354.0382653924448,354.44123298126794,47603000.0
2023-06-23,356.3184509277344,358.61829053341046,354.6279666884513,355.9940972689347,48922900.0
2023-06-26,351.54180908203125,358.5789391758396,351.453357180665,355.78768031078647,52685500.0
2023-06-27,357.5862731933594,358.31359439431293,352.35759290319345,353.0848841102833,49428100.0
2023-06-28,358.2840881347656,360.23008989079324,355.689379134913,355.76802304065137,46498000.0
2023-06-29,357.5666198730469,358.62810268773603,355.9252956971378,357.98923340395874,46151000.0
2023-06-30,363.08038330078125,364.1319981969894,360.9279635699781,361.24244924314036,58712500.0
2023-07-03,363.9353942871094,364.5643955337729,362.63803984892405,363.7191685474118,19432900.0
2023-07-05,363.925537109375,365.6258589725061,362.33334310732084,362.37266505624507,34460900.0
2023-07-06,361.1539611816406,361.59625066873787,358.2644125170553,360.22028225556915,49374700.0
2023-07-07,359.95489501953125,364.12215218790664,359.7288612774692,360.92792588819304,47133700.0
2023-07-10,360.07281494140625,360.75097612528987,357.1734584248159,359.67968541300456,48498800.0
2023-07-11,361.8518371582031,362.3039346865907,358.3627408147586,360.4955145791754,38214100.0
2023-07-12,366.42193603515625,367.76842027241986,363.9451632833012,365.95016265531314,61975400.0
2023-07-13,372.6433410644531,373.46892209273324,369.0166633368068,369.5965346545085,46960000.0
2023-07-14,372.5647277832031,376.289665406279,371.6899868150142,373.07579318427884,55148500.0
2023-07-17,376.04400634765625,376.91874743367106,372.8006497232177,373.28223122359674,40868900.0
2023-07-18,379.12030029296875,380.4864608785152,373.4788141198273,375.40517013121564,55262000.0
2023-07-19,379.0317687988281,381.32179994850327,377.7049304495396,380.18170336657397,54093000.0
2023-07-20,370.2943420410156,377.5083749640253,369.2721813289526,376.0439248109553,71941700.0
2023-07-21,369.1838073730469,373.40019495574614,368.751355826418,372.67287372158023,60499600.0
2023-07-24,369.7734375,371.1002458310115,367.9158578464102,370.15672901962193,40380100.0
2023-07-25,372.27972412109375,373.94072429184797,370.4614661242125,370.48114209864303,38894400.0
2023-07-26,371.04132080078125,372.73180486329676,368.74148143559074,371.23790057306576,47075700.0
2023-07-27,370.1567687988281,378.10793162303287,368.8692522842773,376.4960914801021,63940200.0
2023-07-28,376.8990478515625,377.9211786460314,373.69498364625855,374.206049043493,56902900.0
2023-07-31,377.0955810546875,378.27499960431606,375.7785806707894,377.20370891876894,44019900.0
2023-08-01,376.22088623046875,376.977661335996,374.15691867719516,375.7491127916499,41060600.0
2023-08-02,367.9650573730469,372.75147785059374,366.72667080407234,372.75147785059374,72687100.0
2023-08-03,367.3753967285156,369.4983325592285,365.3900427604383,365.5571385870663,47666400.0
2023-08-04,365.6553955078125,371.6113968871545,365.1541380670017,369.30171945598914,61702800.0
2023-08-07,368.75128173828125,368.8495716143789,365.13444225121697,367.46376534482164,37230400.0
2023-08-08,365.6160888671875,366.2647661725059,362.49066820926964,366.2451201913258,44726500.0
2023-08-09,361.5962219238281,366.0583184175493,360.8394468552102,365.9010606122795,51150900.0
2023-08-10,362.26458740234375,367.9355570708687,360.74119910131196,364.6037487888542,72035300.0
2023-08-11,359.95489501953125,361.6847010137196,358.4315067818279,359.70918530416867,48707200.0
2023-08-14,363.9944152832031,364.1123511595301,358.4413811511349,359.15883439674536,42130800.0
2023-08-15,360.1318054199219,363.8174509109836,359.4634522422092,363.0213238905632,45539900.0
2023-08-16,356.3184509277344,361.12451792586296,356.2201610313143,359.5912915220789,53190500.0
2023-08-17,352.4264221191406,358.0581008135343,352.01364650443765,357.714101138703,62604300.0
2023-08-18,351.98406982421875,353.2421023084122,348.6227478776219,349.1633272225095,61191400.0
2023-08-21,357.655029296875,358.3331904607531,352.98654504940504,353.4484804799617,50696500.0
2023-08-22,357.14398193359375,360.269402241501,356.4559827490985,360.2595642550805,44530200.0
2023-08-23,362.7756652832031,363.8666320990124,358.107180337032,358.3234061027145,51770600.0
2023-08-24,355.0210266113281,366.3433186005974,354.814638865053,366.24505871732504,66842500.0
2023-08-25,357.77301025390625,359.4634943837441,352.42636416855237,355.85649237018794,69960500.0
2023-08-28,360.4659729003906,361.3996517770629,357.99903788003854,360.6920066314646,40910000.0
2023-08-29,368.33843994140625,368.6922774617008,359.94501924087376,360.2693428067757,58492400.0
2023-08-30,370.392578125,370.9724793526567,367.44406202468116,368.4465766948579,41731500.0
2023-08-31,371.5032653808594,373.2035874718416,370.402490614343,370.471296535716,35730700.0
2023-09-01,371.1101379394531,374.2945263884665,369.6260415972673,373.8719128585272,39801200.0
2023-09-05,371.5818786621094,372.800589196893,369.380299316676,370.30417020396686,32344200.0
2023-09-06,368.30902099609375,371.149439669224,366.3040513379726,370.805440073003,42998700.0
2023-09-07,365.6750183105469,366.45146939646156,362.8149536720257,363.85676044832894,52060700.0
2023-09-08,366.18609619140625,368.41715964189956,365.2229332864503,365.62590082593965,35800100.0
2023-09-11,370.5007629394531,371.0118283442909,367.24756874146516,369.21324644388017,39936600.0
2023-09-12,366.39251708984375,370.4811304591035,366.10748541432696,368.8299383335772,41391000.0
2023-09-13,367.7881164550781,369.39014857434654,365.49811513938084,366.62837381440505,46300700.0
2023-09-14,370.7956237792969,371.77846268664996,367.4736534672886,369.5375911776395,48039400.0
2023-09-15,364.4465026855469,369.8619548094555,363.5127937007819,369.45898724728664,69811200.0
2023-09-18,364.8263854980469,365.9386058426175,363.2220343841815,363.5074786408104,36903500.0
2023-09-19,364.0487976074219,364.846047022524,361.0271075817854,363.50746579523855,37621700.0
2023-09-20,358.8027038574219,365.46614355197374,358.7239461147386,365.11182382173274,45514200.0
2023-09-21,352.2278137207031,355.9089722370328,352.0605060828978,355.12154499734396,69734800.0
2023-09-22,352.27703857421875,356.1058002061891,351.9620676839268,353.9699695629412,51589700.0
2023-09-25,353.9502868652344,354.0388968388634,350.32821151607146,351.31247308077525,39168000.0
2023-09-26,348.63525390625,351.91286148829664,347.6509924164087,351.37149964651775,53657700.0
2023-09-27,349.45220947265625,351.36167917526865,345.83010434399625,349.78685477636566,56066000.0
2023-09-28,352.37554931640625,354.50155824408824,347.6806016704603,348.5369045641203,56453300.0
2023-09-29,352.6313781738281,357.23774510147166,351.4010512242257,355.84993269784667,64829600.0
2023-10-02,355.5743408203125,356.9719754148044,352.2869108139904,352.8971481752992,51625100.0
2023-10-03,349.3341979980469,355.32834852780064,347.7199942894876,353.13343398378214,60478500.0
2023-10-04,354.08807373046875,354.9345242004373,349.708098051623,350.1707021569454,54786700.0
2023-10-05,353.0447998046875,354.48181334692805,349.55068309904425,354.07826248177054,45897400.0
2023-10-06,358.9602966308594,360.1512450188432,349.26531172713914,350.052709165728,75049100.0
2023-10-09,360.79095458984375,361.3322864922869,355.10192335075635,356.5979902725734,45304800.0
2023-10-10,362.7889404296875,365.43660625124284,360.6235831654883,361.12553610202554,46968800.0
2023-10-11,365.3775634765625,365.5645755687648,362.39525226575506,364.11770992962386,38215100.0
2023-10-12,364.1078796386719,367.8579138612387,361.71613120455214,365.87956850775583,49587900.0
2023-10-13,359.5310974121094,365.31856077000174,358.13343264064804,364.73784999596586,52469900.0
2023-10-16,363.5960693359375,364.649236422345,360.7023379238582,360.84997115156034,44201100.0
2023-10-17,362.4051208496094,364.0980519457113,357.93656492665207,360.0527212874597,50999100.0
2023-10-18,357.65106201171875,362.1196172018905,356.32230310720615,359.91488126610767,54280500.0
2023-10-19,354.3046569824219,360.2594277757286,353.50740747223784,359.06847962452343,72274200.0
2023-10-20,349.01910400390625,354.373488508131,348.79271306488334,353.8026000661688,72559700.0
2023-10-23,350.07232666015625,353.60582210048005,345.59391848351896,347.70025266627835,60665200.0
2023-10-24,353.47784423828125,354.2455670218574,350.1904143682358,351.88334538295214,47082100.0
2023-10-25,344.8262023925781,351.26328161200416,344.2454916580146,351.08612173446545,71190500.0
2023-10-26,338.2513427734375,344.56046319125295,336.9619624891379,343.62540266266313,78621400.0
2023-10-27,339.8753967285156,343.34983924117734,338.664744054355,340.97776499899555,63476700.0
2023-10-30,343.7041015625,345.02300826728754,340.9973826442415,342.3556381791839,55298500.0
2023-10-31,345.34783935546875,345.72186354405744,341.1647278392773,343.7336660603702,47671900.0
2023-11-01,351.3420104980469,351.9030468160759,346.0860571858595,346.18448935280355,58992700.0
2023-11-02,357.72003173828125,357.95624490601404,354.62943595313834,355.8499407400772,58162400.0
2023-11-03,361.9228210449219,363.21220132553935,358.7830241681351,359.0094151473788,53280500.0
2023-11-06,363.3992004394531,363.96023673494824,361.1354108770652,362.6905309181117,38848700.0
2023-11-07,366.8342590332031,367.7003838887603,363.2416806658004,364.4424808513599,50777400.0
2023-11-08,367.0705261230469,367.90715449646547,364.7870319858255,367.20830712864307,35663400.0
2023-11-09,364.24566650390625,368.90120425160836,363.7535357458132,367.759487325637,53859400.0
2023-11-10,372.4347839355469,372.5824171770866,365.43666791374335,365.96817762056844,58309800.0
2023-11-13,371.2733459472656,372.32651317096065,369.33434920460445,370.85997285581357,40733500.0
2023-11-14,379.2655334472656,380.1809196223346,377.14937687893797,377.67103435891903,67792600.0
2023-11-15,379.55096435546875,381.64744643002416,378.19267850224793,381.15531561580104,54141400.0
2023-11-16,379.87579345703125,380.11200663962404,377.52339371034566,378.78324741297644,45343500.0
2023-11-17,379.96435546875,380.9781437125755,378.241897673309,379.14740152203535,46571900.0
2023-11-20,384.5903625488281,385.2498310279321,379.9741733069402,379.9741733069402,44429600.0
2023-11-21,382.3561096191406,383.1041580561983,380.6139773793034,382.8876193000648,43337000.0
2023-11-22,383.9210510253906,386.8836878506186,382.91711507550013,384.42303401897493,44121000.0
2023-11-24,383.3797302246094,384.1080741677964,382.3856164361023,383.51751122375975,15718800.0
2023-11-27,383.0451354980469,384.9939544223412,382.16912817517203,382.8876500230149,34139700.0
2023-11-28,384.0490417480469,384.629752496103,381.9427074752137,382.29705727580426,35491100.0
2023-11-29,383.6750183105469,387.9368879307099,383.3305207373286,386.5096965719259,38811700.0
2023-11-30,382.71038818359375,384.40331917550225,379.747781475712,383.9407150661645,52834400.0
2023-12-01,383.8029479980469,384.39351093056035,379.9938606373886,381.64741281860364,40490100.0
2023-12-04,380.2399597167969,380.51555177142023,376.6375585502535,380.0135687287101,51186900.0
2023-12-05,381.1946716308594,382.38561971941857,378.1631291761713,378.3403190869991,42933000.0
2023-12-06,378.98992919921875,384.2262082878161,378.64546165801414,384.12777611720855,41994100.0
2023-12-07,384.2852478027344,385.1120239390845,380.86985886236414,381.96240485355264,49593500.0
2023-12-08,385.9978332519531,386.44073289033656,382.36590603082794,382.552918112793,46687500.0
2023-12-11,389.295166015625,389.56093589114397,385.36797155305123,385.5746580939018,41198000.0
2023-12-12,392.3955993652344,392.5137059555065,388.20263518688597,389.3345300600356,39221200.0
2023-12-13,397.3857421875,397.9959795327111,392.5628666775999,393.3305894727491,55408100.0
2023-12-14,397.0412902832031,399.9054650273427,394.03927446369323,398.60626257953487,55447800.0
2023-12-15,398.9605712890625,400.14169715869406,397.2184391667707,397.818824291693,62896600.0
2023-12-18,401.47357177734375,402.3710426248639,399.0277462649899,399.35318817364663,46610000.0
2023-12-19,403.5248718261719,403.6432143177387,401.739802351394,401.92718799546697,35711900.0
2023-12-20,397.528564453125,404.8168000697406,397.35105072781244,402.7260026011045,54042400.0
2023-12-21,402.1540222167969,402.5189517146843,398.89948313848276,401.45380904002565,45568900.0
2023-12-22,402.755615234375,404.32371344102273,400.8817888923147,403.36707150520004,34314000.0
2023-12-26,405.22113037109375,405.8917577986872,403.5149460858929,403.6135748481326,22722500.0
2023-12-27,406.0460510253906,406.33221584781865,404.6448582070806,405.50335267436475,31980500.0
2023-12-28,405.8487854003906,407.4473398757146,405.49357114794793,407.20065327381474,27029200.0
2023-12-29,404.0923156738281,406.18424303030133,402.1780255292888,405.8289987195395,42662100.0
2024-01-02,397.2541809082031,400.7077928852175,394.93532112958644,400.46110631543075,58026900.0
2024-01-03,393.0506591796875,395.68528517613936,392.61651849103555,394.62945935762554,47002800.0
2024-01-04,391.02783203125,394.29395995431605,390.8107466354673,391.1857150566472,39432800.0
2024-01-05,391.4916076660156,394.2643624530388,390.1002917227411,391.19559581132245,44922800.0
2024-01-08,399.5828857421875,399.86902045875746,392.56710460125134,392.7151105086331,42473800.0
2024-01-09,400.3723449707031,401.29988897993053,396.3858811510308,396.58324247290847,39132900.0
2024-01-10,403.0858459472656,404.0923162885945,399.7999941615258,400.68805977012255,33962800.0
2024-01-11,403.9245910644531,405.7500776839411,398.8823019732114,404.35876183167534,54536200.0
2024-01-12,404.1318054199219,405.79940904791505,402.7404895467562,404.96066868440437,39595000.0
2024-01-16,404.0923156738281,405.67111570510156,401.43796583773303,402.8983611364545,43903000.0
2024-01-17,401.8129577636719,402.1879261807825,397.57983776151127,400.78676327938865,54386000.0
2024-01-18,407.5163269042969,408.0985035821571,403.7371019910327,405.0790624458076,59562500.0
2024-01-19,415.5977478027344,415.7556308047032,409.13457238549967,409.7167490166388,70325100.0
2024-01-22,416.1404724121094,419.10071091711063,415.53854159061206,417.7981987477653,44880600.0
2024-01-23,417.86737060546875,418.0844560150282,414.9959350071137,416.8312688317537,33003800.0
2024-01-24,420.1861572265625,424.1528965640352,419.6927840841391,421.77483440398146,46948000.0
2024-01-25,420.69927978515625,423.3536296702719,418.36069593474804,422.68261931824196,44367200.0
2024-01-26,418.19293212890625,420.5611171421055,417.54167598048286,418.81458709390614,37137000.0
2024-01-29,422.4754333496094,422.6727946600037,417.995596599009,418.6468527875806,38694700.0
2024-01-30,419.6631774902344,422.0116384359929,418.75538778321743,421.43933884792625,36739000.0
2024-01-31,411.443603515625,417.2654006290457,411.2659964098067,415.2721839553905,64010600.0
2024-02-01,416.2885437011719,416.7819168628328,412.2724789381055,413.2395011756799,51008600.0
2024-02-02,423.323974609375,424.5376530990858,417.1864123640052,418.1830054966218,59602400.0
2024-02-05,422.77142333984375,423.9160224374684,419.36713688926557,423.38320116850315,39889200.0
2024-02-06,421.9228210449219,424.5179684735846,419.5842372747902,423.9160376085168,35846100.0
2024-02-07,426.2645263671875,427.09338964924376,423.4029681072797,424.7054804561285,37712700.0
2024-02-08,427.0539245605469,427.8137083440557,425.7020869952788,426.38291421422974,29889900.0
2024-02-09,431.2574157714844,432.0468308013728,427.39926461911506,428.1886495358991,36943900.0
2024-02-12,429.5701599121094,433.31981417558666,428.88930250964694,431.1489601223572,33203300.0
2024-02-13,422.8701171875,425.55406834305234,419.69279287918516,421.6169602202019,64491700.0
2024-02-14,427.478271484375,427.90256520413857,423.19579577332206,425.5442569952469,45092700.0
2024-02-15,428.75115966796875,429.2149316499549,425.61328343662643,428.1689829438769,38796100.0
2024-02-16,424.8634033203125,429.2248055310627,424.15294471005365,429.1261549818656,53716500.0
2024-02-20,421.65643310546875,424.37983239693597,417.8870550394781,422.87011177333653,53999500.0
2024-02-21,419.9690246582031,420.0578583133934,416.0417941581034,418.9230761228205,49779000.0
2024-02-22,432.2639465332031,433.3000180733952,427.96171712915435,428.73137801666724,53887800.0
2024-02-23,430.9910583496094,434.75055943637386,430.01418912468716,433.82301548242646,39853900.0
2024-02-26,430.76409912109375,432.7869471692382,430.5766149089948,431.8002008373945,33043200.0
2024-02-27,431.8002014160156,432.185016827134,429.2642561126333,431.86928088648324,33713200.0
2024-02-28,429.50103759765625,430.8825064645186,428.5438925123563,429.6589206142435,32938800.0
2024-02-29,433.1816101074219,434.2571599221341,429.2543491340669,432.4218263244893,42495200.0
2024-03-01,439.7039489746094,440.66109396972627,434.01043438056365,434.0696367420675,43853000.0
2024-03-04,438.13507080078125,440.12831755147187,437.8883842316844,439.7039937666643,34325700.0
2024-03-05,430.2707214355469,435.1058025012789,427.9025362866196,435.0959254018696,57917100.0
2024-03-06,432.97442626953125,436.13199642628683,431.09961428378455,434.48414693490355,46234500.0
2024-03-07,439.5461730957031,440.7993301178958,435.01698085540727,436.5563328635165,44526700.0
2024-03-08,433.20135498046875,442.6938797953184,432.53037471556775,439.901370869489,72096000.0
2024-03-11,431.593017578125,432.846174651549,429.6688500741566,431.71142232671815,45860000.0
2024-03-12,437.7799072265625,438.1351214728527,430.6753211696575,433.9020011390106,55300900.0
2024-03-13,434.4150085449219,436.8029475656784,433.29998053623865,436.78319336956474,37928700.0
2024-03-14,433.3197937011719,436.17147490901215,430.60624131940546,435.64850056359603,52195200.0
2024-03-15,428.16900634765625,433.0533829051464,427.00462272271886,430.29050506130005,73069800.0
2024-03-18,432.2525939941406,435.77005339953286,432.015441232783,433.4876578345993,47323800.0
2024-03-19,433.32958984375,433.73469442402046,428.15218143620706,430.2468751531262,43004100.0
2024-03-20,438.4674377441406,438.80337150894667,432.82567425217115,434.52512339661354,43653500.0
2024-03-21,440.5423278808594,443.97086631640985,440.34473575766197,443.51637126483735,39345700.0
2024-03-22,441.0462646484375,442.1429869204166,439.1788335545133,440.0285731989278,28253900.0
2024-03-25,439.445556640625,440.9276330874447,437.2520822932149,438.2499932634195,27789200.0
2024-03-26,438.0228271484375,441.88611062299844,437.79556453713616,440.9672001706422,34142000.0
2024-03-27,439.51470947265625,441.2042983789603,436.64936762664576,441.10548724918266,41359200.0
2024-03-28,438.70458984375,440.3151180026423,438.34887575907896,439.4653783552645,36839600.0
2024-04-01,439.63330078125,442.18245907233614,437.726339451207,439.6530509460299,38729000.0
2024-04-02,435.8392028808594,436.15538646711934,432.79601878365486,434.8215114618378,44259700.0
2024-04-03,436.8173828125,438.694673809478,433.70502798159896,433.71488798828096,39949800.0
2024-04-04,430.13812255859375,441.6094104504409,429.910859971514,440.9967934965204,57267700.0
2024-04-05,435.2068176269531,437.8745673418474,430.75069804531415,431.56090708796177,54744600.0
2024-04-08,435.3352966308594,437.2125875865216,433.9520311978938,436.13561556539395,28144900.0
2024-04-09,436.94580078125,437.9437117785747,432.21302808963225,437.66705870710007,39443600.0
2024-04-10,433.1319274902344,433.99152706641837,431.0669044449502,431.7783023964343,61502200.0
2024-04-11,440.0483093261719,440.99682993017785,432.7268471276374,434.9993827274123,45474600.0
2024-04-12,433.03314208984375,436.95570613893716,431.6597667487768,435.82934357135736,53665000.0
2024-04-15,425.9092712402344,436.86675345867155,425.06942184073426,436.77783248501964,63453600.0
2024-04-16,425.9488220214844,428.5770414842701,424.56555655499864,425.75119974644684,47619000.0
2024-04-17,420.751708984375,427.9447203363732,419.82293846710934,427.92497016791634,56880500.0
2024-04-18,418.3506774902344,423.1229505525132,417.7775910246494,421.39386130267076,46549400.0
2024-04-19,409.69537353515625,417.69859329896826,408.13426609892537,417.17492743365193,75231000.0
2024-04-22,413.8155517578125,416.1473377835961,408.9938577655325,412.3235850098198,47807700.0
2024-04-23,419.99090576171875,421.1864391995663,413.86497662605376,415.7422677634582,44384700.0
2024-04-24,421.4136657714844,424.59519137964264,419.1312702431236,423.0834744692618,48440300.0
2024-04-25,419.3782958984375,420.23789551957753,413.1436959522945,414.23052802555014,57392200.0
2024-04-26,425.85003662109375,427.38150380995216,421.8188012818527,422.51041898043206,41874900.0
2024-04-29,427.5791015625,428.57704279451684,424.84221094712433,427.9545657944638,30022200.0
2024-04-30,419.5166015625,427.39136982222493,419.4375707439293,425.9982141906258,43665900.0
2024-05-01,416.4832763671875,425.00030192305,415.6335669199923,418.0938044365129,52251700.0
2024-05-02,421.79901123046875,422.6981413555137,415.60394164929187,420.2181234298724,36559000.0
2024-05-03,430.27655029296875,431.2646014995406,427.45070816264973,429.24896859531367,48515300.0
2024-05-06,434.98944091796875,435.0783618871992,431.3039999331629,432.074678486083,30227200.0
2024-05-07,435.0586242675781,436.68890238965724,434.32744602239535,435.43408847265937,30996100.0
2024-05-08,434.8017578125,436.20480361971187,432.3217399415846,432.44033140017706,24896700.0
2024-05-09,435.7502746582031,436.3233611678897,433.22086631601803,435.068517003567,24580100.0
2024-05-10,436.77783203125,439.0009468290101,435.23647485037026,437.25210737649155,27116600.0
2024-05-13,437.7856750488281,438.78361632455744,436.3727691901708,438.6848051824084,22994200.0
2024-05-14,440.6015319824219,441.1350879129133,437.17299414255007,437.3607262263726,34478300.0
2024-05-15,447.48834228515625,447.73535506298566,441.56003561725066,443.0717526114495,41464700.0
2024-05-16,446.5793151855469,449.2569250327754,446.41133324323863,447.30057313923777,34780400.0
2024-05-17,446.3619689941406,447.31048959544074,444.1684943734974,446.70776275246817,35803700.0
2024-05-20,449.474365234375,450.1363426383365,446.39165038189213,446.5793825180434,24474200.0
2024-05-21,450.3536682128906,450.5414003294952,447.4290454718327,447.6266677481299,23167700.0
2024-05-22,450.2647399902344,451.3614923460644,447.6661608786562,450.6105638917276,25120000.0
2024-05-23,448.2392578125,455.0765544193966,446.4508877649814,455.04691409303155,40899200.0
2024-05-24,452.4779968261719,453.7427009819922,448.1503283413245,449.8497773775448,29669500.0
2024-05-28,454.18731689453125,454.24659754757704,451.23305379035156,453.6932913505319,26216800.0
2024-05-29,450.98602294921875,452.7645027751896,449.899160765381,450.0375023855627,29739200.0
2024-05-30,446.15447998046875,450.195635675604,444.8304950718889,450.0572940426685,30536800.0
2024-05-31,445.3244323730469,447.0733018411906,437.7658486846515,446.3816541194616,55941300.0
2024-06-03,447.7155456542969,450.136252464962,442.54802817081566,449.1383414785647,32997500.0
2024-06-04,448.94073486328125,450.13626814861834,445.7394592236012,447.458658340774,23767400.0
2024-06-05,457.9913024902344,458.07033330703183,448.98028172906453,452.50763121803925,33817400.0
2024-06-06,457.8332214355469,458.9892544596683,456.6673284046728,458.67307087921665,21966800.0
2024-06-07,457.42816162109375,460.17494266998284,456.32154913419294,457.46769211074843,25829700.0
2024-06-10,459.2757873535156,459.6315014350847,456.015230729256,456.3017739959468,20660800.0
2024-06-11,462.4276428222656,462.5462342770449,456.5092266656226,458.001193404112,22053300.0
2024-06-12,468.4844055175781,470.80633154634563,465.6585939506412,466.35021160302534,34532600.0
2024-06-13,471.0237121582031,472.6737707294216,468.7512067349177,472.01176323840133,25859000.0
2024-06-14,473.4642028808594,473.5333736936647,470.36170799369097,470.8260932107854,23372600.0
2024-06-17,479.2640686035156,481.0425485388574,472.4267718136733,473.7309763615581,37054500.0
2024-06-18,479.4122314453125,480.09398906770866,477.65350181941676,479.21463933122305,24438600.0
2024-06-20,475.7169494628906,481.0227788796813,473.8890489544044,480.6078143162827,33918700.0
2024-06-21,474.4423522949219,476.77416848361605,472.9504156934659,475.440293517699,37456800.0
2024-06-24,469.041015625,474.9490574140219,468.9024843141438,473.2172197227776,37751000.0
2024-06-25,474.40478515625,474.70165954196335,470.1889876740023,471.129140230183,29014700.0
2024-06-26,475.3844909667969,475.92880093044886,473.1677483971883,473.58337252856364,22737100.0
2024-06-27,476.61163330078125,478.0861899873957,474.3256098735084,475.1371068150206,26222100.0
2024-06-28,474.1375427246094,482.1436072423702,473.49429478929665,477.4033117975724,34881600.0
2024-07-01,476.91839599609375,477.48245728594264,471.3171348061598,475.0579027852008,24898300.0
2024-07-02,481.9258728027344,481.98524767467785,475.2953968944467,475.42405251727433,26723600.0
2024-07-03,485.9437561035156,486.0724117323164,481.17377316359585,481.17377316359585,18064900.0
2024-07-05,491.0106201171875,491.4460560048313,486.4880424937544,486.7849470721582,28495900.0
2024-07-08,492.1783447265625,492.73253034096933,490.35744482196145,491.376753741408,22109400.0
2024-07-09,492.6039123535156,494.8107793015075,491.08979257688713,493.6925021081496,25614500.0
2024-07-10,497.7400207519531,498.29420637540426,493.2174734535237,494.5237508797434,28046900.0
2024-07-11,486.82452392578125,498.05673460649984,485.6369961812132,497.8489225363497,49966600.0
2024-07-12,489.68450927734375,494.43468031357077,486.9333627636992,487.3984860685638,37109400.0
2024-07-15,491.0007629394531,495.8103397388106,488.9621448091182,491.45598043046874,31151400.0
2024-07-16,491.1887512207031,493.2669624935249,488.0318560940838,492.45546558304693,25950600.0
2024-07-17,476.76995849609375,483.7269967148813,476.70070794093556,483.21240438634226,56268800.0
2024-07-18,474.51361083984375,480.6690578747681,471.32702835165105,480.49093325016867,49347400.0
2024-07-19,470.3077087402344,476.690779451391,469.0212128794801,474.1771324025522,42042900.0
2024-07-22,477.31427001953125,478.3335790011108,472.75209900040915,476.1663054051844,40300000.0
2024-07-23,475.63189697265625,479.40235260218805,475.1568979647483,476.41370644097475,23282500.0
2024-07-24,458.57080078125,469.2686064367645,457.70983493602466,468.9024513256549,58818600.0
2024-07-25,453.5137939453125,463.0834462949083,450.901209120113,458.90724272509993,59256800.0
2024-07-26,458.1650695800781,461.0943407799324,454.9982686823399,457.848383450134,39992100.0
2024-07-29,459.08538818359375,463.05377989321454,456.8290524680878,460.87660060595,28218500.0
2024-07-30,452.7815246582031,461.7178056143378,449.4365991488919,461.01518280406907,41317200.0
2024-07-31,466.1810302734375,467.88318054552457,461.56939023161044,463.01422923671885,44552100.0
2024-08-01,454.889404296875,470.6144736045948,451.2476045693235,466.8638300127631,56653900.0
2024-08-02,444.0926513671875,448.86263428021607,439.85707252429887,446.21045588905764,66323200.0
2024-08-05,430.8515319824219,437.69972643798087,419.05525994795903,420.3021625718776,87483500.0
2024-08-06,434.96832275390625,442.4300770811271,430.04990284842074,432.6922054571562,63164400.0
2024-08-07,430.2577209472656,444.3400455113918,429.8618783945526,441.85608592677744,54929200.0
2024-08-08,443.4197692871094,444.3302042707087,432.61308784093444,436.48251202336974,47890100.0
2024-08-09,445.7354431152344,447.36831262214395,440.985241585035,442.10351876153544,33574000.0
2024-08-12,446.69537353515625,449.65433226208825,443.8947276771572,446.7052794147843,27795000.0
2024-08-13,457.7790832519531,458.0463003756158,450.9507011946519,451.08926269593627,40084500.0
2024-08-14,457.9275817871094,460.2828556615313,453.6425036465701,458.69948537304487,34733700.0
2024-08-15,469.49627685546875,469.89211944188804,463.51895413772047,463.8950151651175,38280600.0
2024-08-16,470.09991455078125,471.46559709537195,466.7549889446626,467.71492303753774,38383600.0
2024-08-19,476.27508544921875,476.3146787618839,468.45708234495805,470.2384190047046,23737700.0
2024-08-20,475.2756042480469,477.9277824691398,473.58332983459263,475.364666553884,29209300.0
2024-08-21,477.49237060546875,479.34295796614543,474.3453815043976,476.0574073595781,25658800.0
2024-08-22,469.9217834472656,480.50083988140653,468.89256861321644,479.8080927390778,37739600.0
2024-08-23,475.018310546875,477.72986373864114,470.3472959517967,474.2661885575702,36061500.0
2024-08-26,470.40667724609375,475.3943780311616,468.32846606891127,474.47403729011756,27452600.0
2024-08-27,471.81195068359375,472.8807286031664,466.8143440444415,468.77380546465093,27510000.0
2024-08-28,466.4580993652344,472.06923634933787,463.0340174366107,471.3468319839668,37372400.0
2024-08-29,465.7752380371094,472.96977514887374,464.4986179028176,468.3680414193151,41081500.0
2024-08-30,471.3270263671875,471.9504927515124,465.626826998042,470.1098112366977,33466500.0
2024-09-03,457.0171203613281,468.41754961460447,454.6420347086688,468.28892418329235,44985200.0
2024-09-04,455.82952880859375,459.62970181353774,452.9794443561613,453.9096909499647,32505100.0
2024-09-05,456.255126953125,460.53026908790207,453.18729411410754,454.20660310052904,34452400.0
2024-09-06,444.03326416015625,456.4332200932518,443.53845342028677,455.5524424798757,50624400.0
2024-09-09,449.7433776855469,450.73299918390046,445.15154963762876,448.35791362802206,32981200.0
2024-09-10,453.8998107910156,454.404527431382,447.5365516543528,451.50491342000015,29680300.0
2024-09-11,463.75640869140625,464.49862479430976,446.5963760163785,455.1368141392579,57843000.0
2024-09-12,468.3087158203125,469.12021274769836,462.004831315396,463.7861380430132,40067800.0
2024-09-13,470.40667724609375,471.5843292398022,467.34875045430647,467.57637427019046,29111800.0
2024-09-16,468.3284912109375,468.94205173790556,465.0132831893614,468.2790222139315,22585600.0
2024-09-17,468.5759582519531,472.64331904950666,466.0821224978304,471.34691706850185,30084400.0
2024-09-18,466.5471496582031,473.8604366394035,465.9434648552166,469.7733253245315,39909200.0
2024-09-19,478.3434753417969,481.18371466250795,475.50326622193984,477.6012591522515,52782500.0
2024-09-20,477.4329528808594,478.66997963668604,473.33590576915435,477.48242187075306,34577700.0
2024-09-23,478.69854736328125,479.7886668451641,477.271487358506,478.60935989339436,24843000.0
2024-09-24,481.007568359375,481.9589315670274,475.85432326157445,480.10574366251944,25952600.0
2024-09-25,481.4535217285156,483.40581684032236,480.2048367630411,480.3832116885974,26549900.0
2024-09-26,485.07073974609375,489.2627322137733,481.4337116875212,488.93568125355074,32020200.0
2024-09-27,482.3751525878906,486.23020427686686,481.1958457378582,486.0914480623736,22851100.0
2024-09-30,483.68328857421875,484.020229062973,478.5795822480605,481.41386237049977,30281100.0
2024-10-01,476.94439697265625,483.6139194959118,473.1091848680393,483.31662795419345,42735400.0
2024-10-02,477.6183166503906,479.530962836938,473.42632437830656,476.0425807215539,23744000.0
2024-10-03,477.2615661621094,480.1949538329901,474.6849283697324,475.4281875265743,25337200.0
2024-10-04,482.9400634765625,483.4950278786583,478.0543806808698,483.0688998990654,30686600.0
2024-10-07,477.7669677734375,482.19679333270193,476.5480119306122,481.0274062437878,24975100.0
2024-10-08,484.9022521972656,485.5860530274448,479.50125391077506,480.30397136476074,28272000.0
2024-10-09,488.7176513671875,489.29245536882917,483.5644061682119,484.6049568617026,24995000.0
2024-10-10,488.1627197265625,490.02582759216244,485.1302246664413,486.43836809249575,25750400.0
2024-10-11,488.9257507324219,489.9465223032904,485.7644497271091,486.32930368033,20644500.0
2024-10-14,493.0285339355469,494.34656675942244,490.8086764455291,491.3140720656338,26060100.0
2024-10-15,486.4383239746094,494.0195609373264,484.2878142839425,493.35556948418406,34784500.0
2024-10-16,486.497802734375,487.27079104064836,483.18782561554843,486.7653651407915,22996800.0
2024-10-17,486.8347473144531,492.0276416079537,486.7752890014201,491.97810309485703,27210700.0
2024-10-18,490.02581787109375,491.11593737118017,488.86632025661703,489.61949922818457,25335000.0
2024-10-21,490.9672546386719,491.7699720639436,486.894178959246,488.81674495745733,30336500.0
2024-10-22,491.50238037109375,492.9790090488197,487.54825154691343,488.30143046324906,26685800.0
2024-10-23,483.970703125,489.80777949555636,480.6904551648371,489.1537078148346,39346600.0
2024-10-24,487.89508056640625,488.568961530818,485.04096090149875,487.6869462518437,22024900.0
2024-10-25,490.8681335449219,495.7835452221233,489.9861182359376,490.6897586206183,38762100.0
2024-10-28,490.9474182128906,494.0393713144082,490.65012666208736,493.9799130042475,20477800.0
2024-10-29,495.6646423339844,496.84394921613693,489.4113580647336,491.2645459528903,28014100.0
2024-10-30,491.9186706542969,495.8529905378008,491.43308432455694,494.90162723594295,29756000.0
2024-10-31,479.50128173828125,488.00415351011384,479.40217446492693,487.9546149950835,41245200.0
2024-11-01,483.049072265625,486.33924004761803,480.8391344021652,481.1364259666195,33655800.0
2024-11-04,481.641845703125,484.9815519553387,479.8976545652101,482.4445631601672,23291600.0
2024-11-05,487.7860412597656,488.45003265201524,483.13819224388277,483.2273797007602,24353600.0
2024-11-06,501.035888671875,501.85844565844053,495.1096556168165,496.06101877316587,43082200.0
2024-11-07,508.9243469238281,509.70728521710686,503.7711019992823,503.83056030755586,32853100.0
2024-11-08,509.5190734863281,510.29203161978796,507.80458109311115,508.4289236749699,22924500.0
2024-11-11,509.2216491699219,510.9460004278616,506.3278807292483,510.7378661259614,24167500.0
2024-11-12,508.3000183105469,510.0342895835151,505.24771417717085,509.1523347344934,25835300.0
2024-11-13,507.64599609375,510.3514400261562,505.36668014613633,507.7946721174008,24567400.0
2024-11-14,504.11798095703125,508.1811066415075,503.2062364575977,507.30904134011206,28679500.0
2024-11-15,492.10693359375,498.8061554755535,490.0456112891242,498.4196764454938,51461100.0
2024-11-18,495.52587890625,497.62685004551037,492.2654707437731,493.652881689858,27080800.0
2024-11-19,498.9349670410156,499.4205835584643,492.612304704476,492.94927544853863,24523000.0
2024-11-20,498.6476135253906,498.9548248827178,492.0970072679585,498.63769372570533,29565500.0
2024-11-21,500.44134521484375,502.4035299899302,493.088021478257,501.6900000053646,34526700.0
2024-11-22,501.24407958984375,501.97741895532835,498.2611231276005,499.88639768637404,23826600.0
2024-11-25,502.0368347167969,506.85316942781503,499.727789745264,505.31708246990956,26375200.0
2024-11-26,504.732421875,505.5549789384047,502.6711298031389,503.51346597969416,26557100.0
2024-11-27,500.7584228515625,503.67200096615676,497.4187167746415,503.6026531011734,24957400.0
2024-11-29,505.15850830078125,505.7531216213566,500.7683318681806,501.38275454356886,15334000.0
2024-12-02,510.6586608886719,511.6199741872277,506.03065079539806,506.4171600748149,25147200.0
2024-12-03,512.2244873046875,512.5019997630951,508.755944494111,509.33074852467934,18597900.0
2024-12-04,518.5570678710938,518.8147407281132,514.9299292457346,515.6434895026028,26086200.0
2024-12-05,517.1199951171875,519.3299326318131,516.7334859011141,518.6065131914003,18169600.0
2024-12-06,521.748046875,521.9858801083601,517.6551619389516,517.7839983547849,23762600.0
2024-12-09,517.6849365234375,521.6192257616104,516.5353285463648,520.8264281316256,20674400.0
2024-12-10,515.9209594726562,520.6580271192222,514.4938993957188,518.9138358600111,24350000.0
2024-12-11,525.1571044921875,525.8409052468438,519.875053656175,520.2813419948772,32168600.0
2024-12-12,521.7678833007812,524.2057949010591,521.2922168369533,522.9372703487448,23577500.0
2024-12-13,525.7616577148438,528.3778835858818,522.560647627192,525.6922796121901,28780400.0
2024-12-16,533.3330078125,534.3042408794819,528.2094917796982,528.2887896903175,31979900.0
2024-12-17,530.9842529296875,532.6491459423796,529.3292797155087,531.5392172672515,28579100.0
2024-12-18,511.8280029296875,532.0545942641155,510.38116393926435,530.3401626443599,54703200.0
2024-12-19,509.5487060546875,517.0705149732767,509.21179579232137,516.5056307829288,46441800.0
2024-12-20,513.998291015625,520.1029592084699,504.71254304884667,505.852200874932,60530000.0
2024-12-23,519.0060424804688,519.383239168352,512.31586004398,515.7105696508168,29672800.0
2024-12-24,526.0437622070312,526.1330632045123,520.3163815436208,520.9516666586724,17558200.0
2024-12-26,525.6863403320312,527.3142356084127,522.4206745678785,524.4158307733787,19090500.0
2024-12-27,518.6984252929688,522.5596938208661,514.0331448619471,522.1229428744699,33839600.0
2024-12-30,511.7998046875,515.5220934757389,508.0477388006378,511.70056788679796,34584000.0
2024-12-31,507.4521179199219,513.8345638741997,506.48928482473434,513.0802310210817,29117000.0
2025-01-02,506.45953369140625,512.8221689652438,501.9729160194123,510.49943434648804,36389800.0
2025-01-03,514.747802734375,515.8099028942349,508.74252327822325,509.5564103096281,29059500.0
2025-01-06,520.6636962890625,524.0187233784725,518.1722957509822,520.1475802181556,36109700.0
2025-01-07,511.3728332519531,522.1029453633986,509.4869105259949,521.7059376977747,36690300.0
2025-01-08,511.46234130859375,513.100111993596,506.7970606664675,511.27374292356757,30777800.0
2025-01-10,503.4419860839844,507.799529251394,500.1961615298894,507.700292461824,40532500.0
2025-01-13,501.8240051269531,502.28059733248006,496.00732395497107,497.4962392396563,31694200.0
2025-01-14,501.3475341796875,506.39001083545065,497.88333436019064,504.9804910575475,33737200.0
2025-01-15,512.8817138671875,514.0231792721111,507.680415704871,509.2388513156959,34957600.0
2025-01-16,509.2884521484375,515.2242416848954,509.15940797728683,515.144815906314,28229000.0
2025-01-17,517.8843994140625,520.1971979799845,509.3181691473964,518.9861821179226,51837900.0
2025-01-21,520.9218139648438,522.0831509199561,516.2168513724278,520.6041714349437,23628000.0
2025-01-22,527.5823364257812,529.8752639091944,525.3489631399584,525.6566699248622,33593000.0
2025-01-23,528.703857421875,528.8229657869698,524.5448186856646,525.1304247166951,23096600.0
2025-01-24,525.7161254882812,529.8453571094432,524.2470818339253,529.0810884811151,19878300.0
2025-01-27,510.41009521484375,514.162130138184,506.3800700726188,507.2237947720407,60771700.0
2025-01-28,517.9539794921875,519.1351881754546,507.9980993704096,511.4126509421013,33194200.0
2025-01-29,516.9812622070312,518.7282661051813,513.0803108268819,518.5992219137866,26649000.0
2025-01-30,519.184814453125,522.2122638046841,514.3806144435209,519.8399711897874,27431300.0
2025-01-31,518.4303588867188,527.5921922182381,517.3385119017584,523.0261489535886,38755200.0
2025-02-03,514.2813110351562,517.0010535797855,507.27348469906485,509.6755846757201,40580800.0
2025-02-04,520.59423828125,521.2295233442737,514.4003603770645,514.7974286874838,26046800.0
2025-02-05,522.9566040039062,523.1154555461139,516.7726625026758,517.9638067327847,21134100.0
2025-02-06,525.6863403320312,525.8948102853632,521.8548794809367,523.4629031663001,19434500.0
2025-02-07,519.0556640625,528.1678176426686,518.3310780658987,526.2223405922623,29605500.0
2025-02-10,525.3389282226562,526.4407109622551,522.8574028177311,523.3239005134812,20852800.0
2025-02-11,524.0881958007812,526.0039260192839,521.9441846467193,522.0732288061517,19325500.0
2025-02-12,524.3959350585938,525.2793726405877,518.0928847804781,518.4402741025981,25009400.0
2025-02-13,531.9398803710938,532.2574623508953,525.2794434932922,526.0635838146525,28714800.0
2025-02-14,534.1732177734375,534.8581212532781,531.7115032138299,532.0490173479468,17862600.0
2025-02-18,535.3840942382812,536.0094434356852,532.0786857068766,535.7414193270516,20565000.0
2025-02-19,535.5331420898438,536.8135875991883,532.4957569178074,534.5901501639886,19666900.0
2025-02-20,533.260009765625,535.1161861718319,528.5252998523972,534.7489252091573,26550800.0
2025-02-21,522.1923217773438,534.4212850908257,521.8250608987436,534.4014135025412,47093800.0
2025-02-24,516.0281982421875,525.1602231091551,515.6907447415672,523.979014688761,39268400.0
2025-02-25,509.5267028808594,515.4823644051806,505.67537024840186,515.4029386213022,48940000.0
2025-02-26,510.7574462890625,515.8197335223668,507.5910176736259,511.7203095816127,34457600.0
2025-02-27,496.57305908203125,515.2341477107384,496.35468364163813,514.3010917647001,52448000.0
2025-02-28,504.4147644042969,505.02024211700774,493.2578045883236,496.4341695072467,47654000.0
2025-03-03,493.37689208984375,509.2487196326077,489.93253345416554,507.7399630206097,44587200.0
2025-03-04,491.8879699707031,500.0174498903787,484.1356867718227,490.5280988504062,67875400.0
2025-03-05,498.30023193359375,499.9082555325708,487.6296728031353,492.5331693757525,46323700.0
2025-03-06,484.5923156738281,494.89558418778057,482.6070952577814,490.0417360224173,57574300.0
2025-03-07,488.1557922363281,489.63477178176004,476.9789913818525,483.56000203653406,54714700.0
2025-03-10,469.23663330078125,480.39356231594445,465.1967024947357,479.8774159142813,76668000.0
2025-03-11,468.1149597167969,475.27167052229146,463.5588826960084,468.8594173402994,68760800.0
2025-03-12,473.3956604003906,477.50505079394827,468.3035653299785,475.6190975102553,46971100.0
2025-03-13,464.8790283203125,472.76035523811606,462.98313932199375,472.73057814566323,46563300.0
2025-03-14,476.11541748046875,477.00876061202655,469.62373821824536,470.2292461988736,43563000.0
2025-03-17,479.2023620605469,482.2496823057727,474.2690887034549,476.065710542302,41744400.0
2025-03-18,471.0332336425781,476.0657441300447,468.9189691557921,475.86724027334935,39072300.0
2025-03-19,477.3363342285156,481.74349565345614,471.3608014299573,473.28646764378425,40430300.0
2025-03-20,475.7183837890625,480.96927004322396,472.6611273475336,473.35596661844284,36780500.0
2025-03-21,477.28668212890625,478.0509810732746,469.4152905592447,470.57662752286865,42234900.0
2025-03-24,487.76043701171875,488.60541998448804,481.53742091872255,484.8576794709337,34567200.0
2025-03-25,490.5438537597656,490.70291186860106,487.5218407035887,488.4861096315565,26035200.0
2025-03-26,481.5175476074219,490.2456607367531,479.96676889831855,489.3907271556028,34627100.0
2025-03-27,478.7738037109375,483.70448349873095,477.4119047450076,479.5591436051509,33469800.0
2025-03-28,466.16876220703125,477.6803158784236,465.2840071747282,476.9745201773356,46363800.0
2025-03-31,466.14892578125,467.08334293131804,454.62739030879317,459.1902923533091,53000300.0
2025-04-01,469.9065856933594,470.8310825660288,461.6755176682955,464.538472789733,41156200.0
2025-04-02,473.3361511230469,476.7260031222664,463.1069521266998,463.3654253458386,49894500.0
2025-04-03,447.99676513671875,457.35115906183495,447.47984907108474,453.7426062022167,70456300.0
2025-04-04,420.1722106933594,437.7675929050692,420.1722106933594,435.55079068681124,117088400.0
2025-04-07,421.1861877441406,440.52125924890055,400.01207316550386,406.24500940343484,161557000.0
2025-04-08,413.60125732421875,440.52124286102435,407.3683213181599,435.5706616527368,101248100.0
2025-04-09,463.2461853027344,465.0653576176641,412.9750201017136,413.11420733728266,142876900.0
2025-04-10,443.5433044433594,452.8976999510687,430.0733899256375,450.8796973929854,108384100.0
2025-04-11,451.7146911621094,453.09649143953806,438.7219217931667,442.0223093443537,52483800.0
2025-04-14,454.7765197753906,462.30176158755654,449.955174921676,461.7152518499013,43941200.0
2025-04-15,455.2834777832031,459.64754944257936,453.4543549864483,455.83024573579985,35404200.0
2025-04-16,441.55511474609375,449.94524106408096,435.1730706709317,446.3764597793453,48980600.0
2025-04-17,441.4755554199219,445.103979334769,438.75172707786896,444.5274202476084,44837000.0
2025-04-21,430.5505065917969,436.48522787937225,425.40112526573694,435.64027525418857,44149300.0
2025-04-22,441.85333251953125,444.9349886334612,435.03385628214005,436.22677695266526,52304400.0
2025-04-23,451.873779296875,460.6416648662758,450.20371452286577,455.46246180935236,55801100.0
2025-04-24,464.5881652832031,464.89633088737224,453.1362241937562,453.78240723852906,45956100.0
2025-04-25,469.7673645019531,470.29423120888106,462.63975320893314,464.2104027176438,38697100.0
2025-04-28,469.61822509765625,472.0040358662156,463.27592382131877,470.2345562596675,33550800.0
2025-04-29,472.7198181152344,473.6045731544733,466.8149185696458,467.3915080044207,30613100.0
2025-04-30,472.6601867675781,474.37997416490805,459.697238824554,464.36947606745446,46810600.0
2025-05-01,478.83349609375,484.30099374480625,477.89904861368166,480.5532835490319,43316500.0
2025-05-02,485.941162109375,488.00888698225697,481.9648007939258,483.6647170990854,39218100.0
2025-05-05,483.058349609375,486.14003597307794,481.2391774925475,481.73622270162116,28309500.0
2025-05-06,478.5650634765625,482.1835367600156,475.36409117258444,476.7259901676863,32786300.0
2025-05-07,480.44390869140625,482.9291348492083,473.9624497932624,479.2311171129095,38006300.0
2025-05-08,485.4044189453125,489.78836133137906,481.30877127503675,485.642990937839,39577600.0
2025-05-09,485.0863037109375,488.63521379310254,483.326774588034,487.31305654497106,27767400.0
2025-05-12,504.84881591796875,504.88858802841014,498.51646492128515,503.99388239825186,45090600.0
2025-05-13,512.5430908203125,514.3324413872226,505.4154493764172,506.1510665570221,53269600.0
2025-05-14,515.6148071289062,516.1615447200978,512.7021295054291,513.7161211405411,47014500.0
2025-05-15,516.1814575195312,518.8456125999866,512.125551562593,513.4676100523011,50153300.0
2025-05-16,518.4281005859375,518.6169801912382,514.0441278903378,517.5830873308704,48394600.0
2025-05-19,518.9251708984375,519.442117353632,511.2010686059385,511.2010686059385,52536200.0
2025-05-20,517.1954345703125,517.8515075410328,513.6067220946634,516.4001137065187,42517600.0
2025-05-21,510.0081481933594,519.909311026266,508.2187974987168,513.2191016405527,71292800.0
2025-05-22,510.9624938964844,514.6505913275334,509.27252798800356,510.62447644500173,55607200.0
2025-05-23,506.2306213378906,508.8152626278632,502.59224657648224,503.1887069260503,58368100.0
2025-05-27,518.139892578125,518.6270479567075,511.5491274768003,513.0999064431962,47226300.0
2025-05-28,515.8433837890625,520.5852140545883,515.3264980787542,519.0940785672615,46637200.0
2025-05-29,516.857421875,523.3687019543887,514.2628604553026,523.2196247969079,58513300.0
2025-05-30,516.042236328125,517.6029654866918,508.9046747674079,516.370303138387,67662800.0
2025-06-02,520.1181030273438,520.3566750351536,512.9208369697641,514.18335129797,44762800.0
2025-06-03,524.183837890625,525.6153304447355,519.6010958649408,520.4659496294596,44070300.0
2025-06-04,525.645263671875,526.7089478092026,522.8617616763219,524.889745168766,41359300.0
2025-06-05,521.688720703125,529.8999177687056,519.5713031286073,527.0468829475419,61031200.0
2025-06-06,526.7883911132812,528.6572860020211,525.0885352856423,526.8679353376542,42467000.0
2025-06-09,527.5638427734375,529.2040557008712,525.8838273941709,527.0071545180014,33688700.0
2025-06-10,531.0531005859375,531.7390254485366,525.7645319173196,528.0310266756026,40664800.0
2025-06-11,529.263671875,533.607902979141,526.9772759658763,532.4547240748923,53701000.0
2025-06-12,530.5062255859375,531.4804753804111,527.7029442130614,527.9514667987352,34104900.0
2025-06-13,523.8458862304688,528.7268432784747,522.6231138097035,524.5616021772432,55814400.0
2025-06-16,531.132568359375,532.2062030416474,527.3152949826874,527.3649873706377,37622100.0
2025-06-17,525.953369140625,530.1782533672921,524.7902396796701,528.5678317630843,42180900.0
2025-06-18,525.8638305664062,529.4027896913979,524.2832609295995,526.9672562637179,43983500.0
2025-06-20,523.7167358398438,530.4069457539052,521.7782471531975,529.1146401876316,61643500.0
2025-06-23,529.1017456054688,529.6192118620138,521.1400908129034,524.2849177292203,50666100.0
2025-06-24,537.1928100585938,538.1083833993794,533.6996241180443,534.3166475371182,45442000.0
2025-06-25,538.566162109375,540.7058813321303,536.7947253384327,539.4618726543914,44804200.0
2025-06-26,543.6019287109375,544.0497840014915,538.9245044882573,540.7456895311693,43811400.0
2025-06-27,545.462890625,547.3537469915822,541.9298580924457,544.6368520201894,57577100.0
2025-06-30,548.9959716796875,550.1503850048523,546.3785725646466,548.6177881825827,45548700.0
2025-07-01,544.3681640625,548.0703649871544,542.0493151839511,547.0950210069877,56166700.0
2025-07-02,548.1599731445312,548.3590266820488,543.5024119311546,543.5421983416136,36538300.0
2025-07-03,553.5538940429688,554.5292380064824,550.5284872552298,550.5284872552298,26443500.0
2025-07-07,549.3840942382812,551.6830197478901,546.9458251844275,550.8669428006658,45349300.0
2025-07-08,549.692626953125,551.3546055319305,548.4585193260065,550.7276203014773,36153300.0
2025-07-09,553.5839233398438,554.9573139326626,550.4489968252316,551.8223874180504,43045500.0
2025-07-10,552.7876586914062,554.6287670725607,550.1005880395711,554.2207589895446,34710900.0
2025-07-11,551.543701171875,553.126046198862,549.4039819426756,550.647990624161,39618600.0
2025-07-14,553.5439453125,554.2803885581213,548.9858815787339,551.3345548330391,36453300.0
2025-07-15,554.0515747070312,558.112036002509,553.9918647207423,557.5646843377589,43277700.0
2025-07-16,554.6188354492188,557.5248833529374,548.9163193085661,554.6089344039383,52314700.0
2025-07-17,559.107177734375,559.6147429299454,554.5392124594489,555.3453275516479,40423800.0
2025-07-18,558.5698852539062,562.0232243547773,557.2959911495041,560.4209556781648,50484700.0
2025-07-21,561.4658203125,563.3467757995568,559.365948479278,559.3958338406302,39595200.0
2025-07-22,558.5598754882812,561.6449925970527,555.9325146805868,561.5952444003194,43270600.0
2025-07-23,561.1076049804688,561.1473913894928,556.897899192682,559.644679980569,40215300.0
2025-07-24,562.3018798828125,563.5259649748344,560.590092369004,562.4212998555654,42275500.0
2025-07-25,563.6553955078125,564.9790378534013,561.5654850611911,562.2222949681642,30630800.0
2025-07-28,565.4168090820312,566.3124587614624,564.1528770013529,565.0187020627711,31498700.0
2025-07-29,564.5410766601562,569.3678058353573,563.8145950597007,568.0243008153843,45463300.0
2025-07-30,565.2974853515625,567.8849991894002,562.3416890497874,565.4566917408055,43433800.0
2025-07-31,562.3018798828125,571.8757657350329,561.1673293990499,571.7861703841629,64613600.0
2025-08-01,551.2251586914062,556.3405363278684,549.0356915374143,556.1514446022372,69400800.0
2025-08-04,561.3961181640625,561.6150952409816,556.2708397121321,556.3703360927129,47669800.0
2025-08-05,557.5845336914062,563.8443626007596,557.047083143738,562.6799876518158,48666600.0
2025-08-06,564.600830078125,565.0387235781728,557.9428929652461,558.4205728770752,41823700.0
2025-08-07,566.5115356445312,570.5719965866228,562.4013265086303,568.9298809926769,44463000.0
2025-08-08,571.796142578125,572.0151196938974,567.4172684314073,567.7158183687225,35255500.0
2025-08-11,570.1041870117188,574.0352659921666,568.8303539029688,571.9353942373868,33112900.0
2025-08-12,577.269775390625,577.5683253251331,569.7460133279651,572.4031988590039,42143300.0
2025-08-13,577.558349609375,580.5240464797514,576.165035771658,579.9667330931853,41209300.0
2025-08-14,577.1105346679688,579.0909866487473,575.139983732242,575.508266162602,45425000.0
2025-08-15,574.57275390625,577.060771050305,572.811218330625,577.0209239007323,49480200.0
2025-08-18,574.3438110351562,575.0006815724842,572.4827790837365,573.67703945311,29831000.0
2025-08-19,566.5513916015625,573.7964659713523,565.5262993771687,573.6272978127284,53752600.0
2025-08-20,563.1876220703125,565.7253875756548,556.1614636230435,565.6059676042936,76781100.0
2025-08-21,560.5801391601562,563.774714247948,558.2911148293009,561.6449570276834,46436900.0
2025-08-22,569.2284545898438,571.238791941298,560.5702032580724,561.9634564557491,51502100.0
2025-08-25,567.58642578125,570.542161218221,566.4319517221652,567.6660593438861,34044700.0
2025-08-26,569.8653564453125,570.1738681264644,566.0736209319145,567.0987131018536,34103000.0
2025-08-27,570.7412109375,571.6567843025553,567.6361701841732,568.8503542214644,36927100.0
2025-08-28,574.31396484375,575.2295381040836,569.716114225579,571.3581690220095,46787900.0
2025-08-29,567.666015625,572.273828233091,565.8148847062891,571.9055458127416,56030400.0
2025-09-02,562.9088745117188,563.2571726003424,556.8580000613789,558.6195355636612,65876800.0
2025-09-03,567.3375854492188,568.9597775003773,564.0135677896833,566.5015849549442,54230200.0
2025-09-04,572.4727783203125,572.840999970597,566.3025448600863,568.0043095836706,47526300.0
2025-09-05,573.298828125,578.3345721151251,568.7905728965633,577.707586970244,68342500.0
2025-09-08,576.095458984375,578.0560483188578,575.0007556046913,575.5978554949527,46371400.0
2025-09-09,577.7275390625,578.1554707195171,574.274139701763,576.8915385805233,44007600.0
2025-09-10,577.9166259765625,580.971918274203,575.7769069667078,580.9420329124574,49308000.0
2025-09-11,581.2803955078125,582.0765487866307,578.8321649514098,580.4443950823623,44745800.0
2025-09-12,583.8480224609375,585.0422828265267,581.3002953608963,582.2357922273038,50745900.0
2025-09-15,588.8439331054688,588.9533912717069,585.4701675842726,585.6194728964887,44360300.0
2025-09-16,588.3463745117188,590.018314719858,587.6596793599289,589.7695130089575,36942100.0
2025-09-17,587.172119140625,588.913731358415,581.5690989748401,588.2668225233333,69384800.0
2025-09-18,592.466552734375,595.2730433570825,590.1178791327126,592.058483907603,61069300.0
2025-09-19,596.4771728515625,597.173829761915,592.9939490424024,594.4668964152456,58196100.0
2025-09-22,600.0083618164062,600.6759063866804,595.5446250028239,595.56457167487,57154800.0
2025-09-23,596.02294921875,600.3770403666388,594.8073576106723,600.1777560752951,64635500.0
2025-09-24,593.9305419921875,597.7167610032964,591.2005236200914,597.3979183069385,49850300.0
2025-09-25,591.3699340820312,592.9541133753095,586.358211090951,590.0447574609248,70920200.0
2025-09-26,593.801025390625,594.1298414316656,588.9089213733314,592.1869260081028,54337400.0
2025-09-29,596.5509643554688,599.858888854889,595.2357610619866,596.929586249639,48332900.0
2025-09-30,598.1849975585938,598.5237869140956,593.9305184146496,596.2520555976123,46533800.0
2025-10-01,601.0545043945312,601.592517201177,594.1696797218984,594.9966151966095,46899600.0
2025-10-02,603.5255126953125,604.950301116935,600.7357150581139,604.8506893778672,43765400.0
2025-10-03,600.9848022460938,605.1197232184186,599.2013385970163,604.3027001978111,46482100.0
2025-10-06,605.498291015625,607.1422494333636,603.7645725777412,606.2355880916678,41962100.0
2025-10-07,602.3099975585938,607.4910851983766,600.835403229105,606.8035939044607,58209500.0
2025-10-08,609.2147216796875,609.523591030116,603.0572205300643,603.2066381307736,50629800.0
2025-10-09,608.4774169921875,609.3840783602061,605.2691043090726,609.2545466200572,45551000.0
2025-10-10,587.3546142578125,610.9484275974415,586.9062397942465,609.174937229752,97614800.0
2025-10-13,599.8190307617188,600.7556121211176,595.056398092238,597.497493628088,65872600.0
2025-10-14,595.8236694335938,600.4966033203683,587.9823159734815,593.1434568492728,69203200.0
2025-10-15,600.0282592773438,604.4919961772353,593.7611729131481,601.8117836952674,62805500.0
2025-10-16,597.806396484375,606.0961241101174,593.3327470469682,602.9077579751356,70982000.0
2025-10-17,601.7320556640625,603.306322454893,594.1995718879336,595.7738386787643,72024900.0
2025-10-20,609.3143310546875,610.5697551235123,604.8606284241672,604.9303809627713,45761700.0
2025-10-21,609.1549682617188,610.4900574537519,607.1024677916307,609.41403175621,44538200.0
2025-10-22,603.286376953125,609.1848147458128,597.5573034367524,608.5969960402966,61478800.0
2025-10-23,608.35791015625,609.1450131867009,602.319966975814,602.7085014161719,42844300.0
2025-10-24,614.8541259765625,616.1693293175521,612.8913247080658,613.7481802624443,47632500.0
2025-10-27,625.80419921875,626.2624862060553,621.7589773359792,622.2471843336021,54098600.0
2025-10-28,630.6165161132812,632.3701204498367,626.9598898422056,628.0658354818435,61195700.0
2025-10-29,633.4561767578125,634.69165413006,627.9562469711387,633.276839153424,67422800.0
2025-10-30,623.7715454101562,631.1944440896802,623.6619603385896,629.869267455657,61628600.0
2025-10-31,626.780517578125,631.8918518941646,624.4091746831857,631.8619318884121,66305100.0
2025-11-03,629.7796020507812,633.5059808284601,627.5576766411583,632.7985429356352,37154300.0
2025-11-04,616.996337890625,624.6683271251044,616.2092348629542,621.0117005353788,63830800.0
2025-11-05,621.0116577148438,624.3195213581258,614.9637416360841,616.2390515684897,48688500.0
2025-11-06,609.4439086914062,619.7761638844125,608.078899450419,619.5270737190788,72115100.0
2025-11-07,607.5209350585938,607.7301926884926,596.4912153281726,606.0961466218313,81835400.0
2025-11-10,620.9617919921875,622.0378784586748,614.644899897251,616.6674802752618,55919900.0
2025-11-11,619.307861328125,620.4536395227035,615.2726130875191,618.3115007347396,44868800.0
2025-11-12,618.8197021484375,622.5859138594624,615.5615832963299,622.566027998916,47444400.0
2025-11-13,606.1858520507812,615.8704485105809,603.8742880136988,615.2925422980531,71333600.0
2025-11-14,606.64404296875,611.1176919097272,594.9965862233795,597.3679290922347,80087300.0
2025-11-17,601.4630126953125,610.2509204798646,597.6868279161546,604.0934192729386,63850400.0
2025-11-18,594.1397705078125,600.1179339423381,589.1878876531316,597.4377215700049,83327300.0
2025-11-19,597.686767578125,603.953853223184,592.4260157669842,594.8969703439581,73111500.0
2025-11-20,583.5385131835938,611.7953468701894,582.6218784315797,609.3940836964333,117743200.0
2025-11-21,587.9224853515625,594.807310091711,578.6264242609341,585.3319113971087,103344200.0
2025-11-24,602.9575805664062,604.4720682054578,592.9939741263881,593.1135933516537,60168100.0
2025-11-25,606.6740112304688,608.0390203669549,595.1461119637967,601.3135864178203,57560900.0
2025-11-26,612.034423828125,613.9474190856081,608.1685399702174,610.2808195033393,42393600.0
2025-11-28,616.996337890625,617.0660904342964,613.1802595402138,613.8677508272276,23034400.0
2025-12-01,614.923828125,617.1855860502521,610.2907880213397,611.3967336448243,40957600.0
2025-12-02,619.7362670898438,621.4798980663827,615.3423437866954,617.2055331651553,54541800.0
2025-12-03,621.2507934570312,621.9481972408511,615.7807833814271,617.3649627124794,47841600.0
2025-12-04,620.6729125976562,622.665633919662,617.285262025035,622.6556605829674,47067800.0
2025-12-05,623.20361328125,626.6310962033638,621.440096358939,622.1076409382764,53614200.0
2025-12-08,622.0079956054688,626.5513972974647,619.4273950138578,624.9273247300189,43462400.0
2025-12-09,622.775146484375,623.5921694288306,618.7398984397635,620.7425928652799,37156000.0
2025-12-10,625.3258666992188,626.920080160108,618.7299643381673,621.5795410824109,55031400.0
2025-12-11,623.3032836914062,623.5025679748155,615.4718431258982,621.5496792982444,58272800.0
2025-12-12,611.3867797851562,621.2706598008424,609.1349951238292,619.8160122611713,75158700.0
2025-12-15,608.3179931640625,616.1693197420918,607.102462393675,616.1195138735233,49538200.0
2025-12-16,609.5235595703125,611.2771638485672,604.7011478051123,606.0462710202155,55152800.0
2025-12-17,598.2247924804688,611.4166568355257,598.0953215609716,610.8287773715621,70654300.0
2025-12-18,606.8931884765625,610.6992932536183,604.7111563372118,607.5806797208244,78875800.0
2025-12-19,614.8043212890625,615.3722541519244,609.6431804668954,609.722906345813,60369800.0
2025-12-22,617.7513427734375,620.1855972768566,616.3147325600856,619.8862552767364,43703100.0
2025-12-23,620.6444702148438,620.9437513214359,616.3247143117193,616.7437078609482,41120400.0
2025-12-24,622.460205078125,622.809417120355,620.255389239048,620.5247726871431,18468700.0
2025-12-26,622.4203491210938,624.0465142854792,621.6721158574088,623.1884938656726,28959800.0
2025-12-29,619.4074096679688,621.312944373981,617.2724362589381,618.6392040742111,32458300.0
2025-12-30,617.9707641601562,620.7142858196408,617.7612369489017,618.3798323976478,31226800.0
2025-12-31,612.8628540039062,618.4995685313527,612.6034567489972,618.1903012408169,40746500.0
2026-01-02,611.6756591796875,621.3827185880021,608.7126848809434,618.5993129536024,61859200.0
2026-01-05,616.5341796875,619.3475438678657,615.2671519649484,617.8610636312775,46828400.0
2026-01-06,621.951416015625,622.550039153126,617.0829067758982,617.7712838046286,43137500.0
2026-01-07,622.550048828125,626.4607976434537,621.0934661514185,621.5723159557587,44880300.0
2026-01-08,619.0083618164062,621.9514248328863,616.3446684463296,621.5623898130801,50435900.0
2026-01-09,625.173828125,626.4108973206594,617.6016810573577,619.946120817708,49688700.0
2026-01-12,625.6925659179688,627.368601054656,620.7941591397378,620.8440291770474,37388700.0
2026-01-13,624.7647705078125,627.9871421828441,622.2307758506613,625.7923733874012,44481400.0
2026-01-14,618.0905151367188,621.9813522711377,613.1122798122711,620.7741807448011,72598700.0
2026-01-15,620.3153076171875,628.5159146085045,619.2877047511574,625.1238996016858,53934900.0
2026-01-16,619.7965087890625,624.6051616315584,617.4221104790464,624.0265108868263,61058100.0
2026-01-20,606.6276245117188,613.611135001854,605.6199939698072,609.0918377338978,81988900.0
2026-01-21,614.8282470703125,618.958448118544,606.4280383777512,608.0342310571399,79837900.0
2026-01-22,619.2976684570312,620.9936758988773,616.3247080096578,620.8838887514372,42254800.0
2026-01-23,621.2530517578125,623.9267921630139,617.1926928942361,618.2701049354484,43645800.0
2026-01-26,623.9866333007812,626.1315320367429,620.654474506515,621.7419335987944,35983000.0
2026-01-27,629.6432495117188,630.5510790290263,625.8621995501378,627.428447510711,38997200.0
2026-01-28,631.728271484375,635.1003139672691,630.3216198646463,633.9630457840011,50691700.0
2026-01-29,627.9472045898438,632.1772064107698,616.8135217006399,631.1596506954837,79944000.0
2026-01-30,620.405029296875,626.7799907137291,617.8410762491409,624.2360100363766,65650700.0
2026-02-02,624.6650390625,627.0094788951942,617.2026180242116,617.2425627681274,49020300.0
2026-02-03,615.0676879882812,628.4959413976924,609.5207880738473,626.8199062679399,81234000.0
2026-02-04,604.322998046875,613.6509473291842,599.0554072347201,613.5711796318161,81850700.0
2026-02-05,595.6235961914062,603.3852370585454,593.3589241811554,598.7960977080248,89354500.0
2026-02-06,608.2138671875,609.9696699932801,597.3594924154261,598.7761302609774,78019300.0
2026-02-09,612.8728637695312,615.0078372205985,603.6446538426547,606.1088060763491,56797600.0
2026-02-10,610.029541015625,615.566515685603,609.5706636004911,613.8605219833995,53938900.0
2026-02-11,611.6657104492188,616.0653561148772,606.2584951427149,614.9280269463444,58575100.0
2026-02-12,599.22509765625,614.3593449076634,598.1576109292407,613.2619605146361,81378900.0
2026-02-13,600.5020141601562,605.0512695366964,595.0149707463246,599.0155339597561,69237500.0
2026-02-17,599.8834838867188,602.527265543405,591.9422745141455,596.9703796848319,69013800.0
2026-02-18,604.3629760742188,608.333642172117,599.3049116850376,600.6916520079001,64250700.0
2026-02-19,602.04833984375,604.3928403408552,599.3347767407971,601.3899214380363,60960800.0
2026-02-20,607.3757934570312,608.9121436812641,597.8183444916572,598.70626248816,74127300.0
2026-02-23,599.9932250976562,606.5777139403463,597.6387991893799,605.1809875790976,63859100.0
2026-02-24,606.4380493164062,607.5554060860559,598.3172099190714,600.9809641013653,55023700.0
2026-02-25,615.227294921875,615.3769659271486,609.5606824638733,609.6305248735758,55710700.0
2026-02-26,607.8048095703125,614.1398874724765,602.5571907580546,614.1398874724765,96178900.0
2026-02-27,605.8594360351562,606.8870389785335,600.7714740333364,601.5595911757949,68125200.0
2026-03-02,606.6575317382812,608.4831769130049,596.5812880631398,597.449233707877,75264600.0
2026-03-03,600.162841796875,602.5372399706525,590.4756942596103,594.9252095120197,97015500.0
2026-03-04,609.3112182617188,611.436205359631,602.0084551337541,602.7367159421393,70943900.0
2026-03-05,607.4755859375,611.3165531665334,600.8412876368789,605.9691941386595,89602400.0
2026-03-06,598.337158203125,604.5724349663923,596.9205203720956,598.8958365654587,86302300.0
2026-03-09,606.3283081054688,607.8347607375977,589.9370196014203,592.83015152989,93068200.0
2026-03-10,606.3383178710938,611.8452732023572,603.9938171455258,606.3483040570791,64078900.0
2026-03-11,606.2584228515625,610.9872467457833,603.6047159994632,607.5154643204306,60114800.0
2026-03-12,595.85302734375,602.716824803038,595.6435001258386,601.3400708370464,71836600.0
2026-03-13,592.3213500976562,602.1780807449821,591.1740956767717,598.3172021392496,63145500.0
2026-03-16,598.9656982421875,602.4374809704295,597.6986704778886,598.6264723831473,49077200.0
2026-03-17,601.8887939453125,604.4727195335382,600.4521836848432,601.7192114600242,47106600.0
2026-03-18,593.4986572265625,601.7391485345295,593.1594313501803,600.0730994941966,56128000.0
2026-03-19,591.623046875,594.3964663870662,585.6970372512312,588.1213056121308,75597600.0
2026-03-20,580.6888427734375,589.777367794347,577.177115328303,589.6676415345306,91964700.0
2026-03-23,587.3545532226562,594.426798587646,585.316814476339,589.8718065319924,89936100.0
2026-03-24,583.3389282226562,587.2846043834495,581.291190762444,584.168034177979,57750900.0
2026-03-25,587.1747436523438,590.7208345412774,585.0470769253521,588.4933019738706,60475500.0
2026-03-26,573.1600952148438,583.9882223389391,572.8005050402526,581.9604215239336,81492100.0
2026-03-27,561.9624633789062,570.3932010852176,560.953562318283,570.1834096572744,82702200.0
2026-03-30,557.6671752929688,567.4264087803426,554.990063621082,566.7571613464482,70602600.0
2026-03-31,576.54638671875,578.0048059355398,563.5906539497258,563.6705222317372,95878000.0
2026-04-01,583.6685791015625,587.0948065489223,579.7828346644924,580.8416686249938,79435100.0
2026-04-02,584.3378295898438,585.4066623334502,571.2921684003409,573.3399058573888,50941700.0
2026-04-06,587.85400390625,589.9616731281693,584.04818857967,585.5864761740653,35108500.0
2026-04-07,587.9439086914062,588.33343423744,577.7650922119919,584.9971348275072,49948200.0
2026-04-08,605.4246826171875,609.2304976949432,601.4590090396181,608.0418015962135,63086000.0
2026-04-09,609.5202026367188,609.8298599139192,602.3680889271087,605.2648690435934,37837500.0
2026-04-10,610.3992309570312,612.9963525292593,608.9108762966896,611.1684052317679,34038500.0
2026-04-13,616.7122802734375,626.0519920071752,607.4424380458482,608.8109292631304,32972100.0
2026-04-14,627.909912109375,627.909912109375,619.4192432257902,619.5391066149297,49921100.0
2026-04-15,636.7003173828125,637.1298380333551,627.5104045058445,628.389443361703,50102400.0
2026-04-16,639.7669067382812,641.4750515662109,634.5626649382287,638.508341093032,42320600.0
2026-04-17,648.1376953125,649.2864572780229,643.3629742993419,644.8813252169399,53488900.0
2026-04-20,646.0799560546875,648.0478251654257,641.8146849601577,647.3285838511964,37138500.0
2026-04-21,643.6226806640625,649.4862317832127,641.5050128476822,647.6981578004061,39580500.0
2026-04-22,654.390869140625,654.6106593494021,647.8081371457112,649.4363527672372,37368400.0
2026-04-23,650.7048950195312,656.1988574654163,644.8114082493845,652.8325617169355,40099800.0
2026-04-24,663.1512451171875,663.7805584259092,655.8093378063087,657.7871447947734,45563100.0
2026-04-27,663.5008544921875,663.7006471456002,659.9647623025988,662.6718094811696,32717000.0
2026-04-28,656.8281860351562,658.9159186391063,653.0923012400261,656.6883250827437,34147900.0
2026-04-29,660.84375,660.9935487523345,655.8692364466933,657.906975030037,31724900.0
2026-04-30,667.0069580078125,668.165718724101,656.8381407338443,664.6195670718752,40622200.0
2026-05-01,673.4099731445312,675.2279215792395,668.0658095505829,668.425399726581,39172600.0
2026-05-04,672.141357421875,675.9871067346722,668.165745937857,673.9193717407993,34542000.0
2026-05-05,680.8617553710938,682.0205161358222,676.7662804889583,677.2157986999623,37101100.0
2026-05-06,695.0062255859375,695.1660231170968,685.7263848294704,687.0250065058129,38778500.0
2026-05-07,694.1771240234375,700.4701959320079,691.0106209986512,695.8153383268437,43779100.0
2026-05-08,710.44921875,710.44921875,698.7321150158692,699.1516368844667,44320400.0
2026-05-11,712.5069580078125,713.805579696499,708.1317613118729,709.5801817559162,36019100.0
2026-05-12,706.463623046875,709.4003981235137,695.8752835015275,707.4425277497028,45873000.0
2026-05-13,713.9254760742188,715.8633489513101,704.0563165931343,709.1806902070881,40012500.0
2026-05-14,718.9998168945312,721.2374091114184,713.4359241362712,713.8355094170396,33327500.0
2026-05-15,708.1517944335938,714.3450008365951,704.7754998097428,709.3604881552494,51792700.0
2026-05-18,705.1051025390625,711.2883097073819,698.0827906816122,710.7588622671137,49834500.0
2026-05-19,700.7599487304688,705.714465040699,694.4868131207006,699.0418050981273,46827500.0
2026-05-20,712.3671875,712.3671875,703.0174157954351,704.5157692199168,36779200.0
2026-05-21,713.7256469726562,716.3327671783537,705.9941534147096,708.2116871156971,36415400.0
2026-05-22,716.7523193359375,721.3273088449104,715.1640988544713,717.2817668085307,33118600.0
2026-05-25,,,,,
2026-05-26,729.4783935546875,730.3673702569255,723.3650554496121,725.1631283460116,34254700.0
2026-05-27,728.6492919921875,732.515039000156,724.6436840304248,732.155448805963,35148700.0
2026-05-28,734.79248046875,735.7913827320126,725.6125662306399,728.9289290608506,32840000.0
2026-05-29,737.49951171875,740.815874477768,734.4428732975097,737.0300569298091,37541700.0
2026-06-01,741.9246826171875,744.8315224447946,735.1820921097265,736.2309273283665,33890600.0
2026-06-02,745.3408813476562,745.6206032443648,738.4184960219842,741.5850600741305,30085200.0
2026-06-03,743.39306640625,747.828194840854,740.1965670083828,746.4896389980919,40270200.0
2026-06-04,739.7969970703125,742.6838392688934,731.815777671541,734.6726235372454,40782600.0
2026-06-05,704.2860107421875,730.8867822650427,703.5468328396532,729.2585667367451,99606600.0
2026-06-08,715.283935546875,722.2363170978037,712.2872288217055,717.0220156925686,47401500.0
2026-06-09,707.052978515625,724.863361278284,685.6165148330579,722.1863106332692,91932200.0
2026-06-10,692.9285278320312,710.4992458337158,692.1693523412803,700.8897497708573,65334300.0
2026-06-11,716.332763671875,717.5813914617661,694.2370511794155,698.5223198057862,71798900.0
2026-06-12,720.5481567382812,723.2152086039907,710.4992028084189,716.8222099862159,51168400.0
2026-06-15,743.1832885742188,743.9424640540115,736.5705604269921,737.2897407963812,46710200.0
2026-06-16,729.0587768554688,743.4029984406948,728.8390476265988,741.4351902855873,45348700.0
2026-06-17,721.7168579101562,734.8723831709506,720.058646070882,734.38293083454,51669300.0
2026-06-18,739.8070068359375,741.005701773832,731.7059239216511,736.390778085872,50154600.0
2026-06-22,737.9500122070312,745.4500122070312,734.3900146484375,742.02001953125,43518600.0
2026-06-23,713.6500244140625,723.6099853515625,712.1099853515625,715.739990234375,53354200.0
2026-06-24,710.6199951171875,719.9299926757812,704.4500122070312,715.3699951171875,52480400.0
2026-06-25,716.3800048828125,726.8300170898438,705.2999877929688,725.9000244140625,49668000.0
2026-06-26,706.52001953125,715.5599975585938,702.8099975585938,707.1300048828125,47081800.0
2026-06-29,724.0800170898438,724.5800170898438,705.1699829101562,713.989990234375,44939100.0
2026-06-30,736.4000244140625,737.6199951171875,723.9099731445312,724.1799926757812,42121800.0
2026-07-01,725.1699829101562,731.9199829101562,724.5999755859375,729.1900024414062,40803800.0
2026-07-02,712.5999755859375,730.8300170898438,707.5599975585938,725.5800170898438,50959800.0
2026-07-06,722.8200073242188,726.0800170898438,718.4500122070312,719.9299926757812,30220400.0
2026-07-07,709.4299926757812,716.3499755859375,704.9000244140625,714.1699829101562,42483100.0
2026-07-08,711.4400024414062,712.260009765625,700.9099731445312,704.9500122070312,35603200.0
2026-07-09,723.280029296875,724.22998046875,715.1300048828125,718.3300170898438,33654700.0
2026-07-10,725.510009765625,726.3900146484375,717.0,720.7000122070312,26415900.0
2026-07-13,711.739990234375,718.739990234375,710.0800170898438,717.719970703125,36552400.0
2026-07-14,719.6900024414062,722.2899780273438,714.3400268554688,720.219970703125,29448100.0
2026-07-15,717.739990234375,724.3599853515625,710.22998046875,723.8499755859375,32627600.0
2026-07-16,705.9400024414062,713.5999755859375,702.6099853515625,712.010009765625,39402000.0
2026-07-17,695.3300170898438,702.2999877929688,686.760009765625,691.6500244140625,54109300.0
2026-07-20,696.0599975585938,705.7999877929688,695.510009765625,702.1599731445312,29687600.0
2026-07-21,708.969970703125,710.0499877929688,702.7999877929688,706.5700073242188,33728300.0
2026-07-22,705.3499755859375,709.6500244140625,703.6199951171875,703.6199951171875,23692200.0
2026-07-23,691.9600219726562,698.6599731445312,687.7899780273438,694.6699829101562,44028600.0
2026-07-24,684.22998046875,692.6300048828125,682.47998046875,690.4099731445312,42876700.0
2026-07-27,682.1199951171875,692.2999877929688,675.9500122070312,691.6799926757812,42681500.0
2026-07-28,675.489990234375,679.4000244140625,667.8800048828125,676.22998046875,51398700.0
2026-07-29,661.72998046875,680.0499877929688,661.1400146484375,675.510009765625,57233300.0
2026-07-30,683.5499877929688,685.1199951171875,673.2999877929688,674.760009765625,66753700.0
2026-07-31,687.989990234375,695.77001953125,680.0499877929688,692.1099853515625,50443900.0
