Date,Close,High,Low,Open,Volume
2016-04-25,177.23289489746094,177.27537697210172,176.32382776224247,176.93553333868448,66166500
2016-04-26,177.49624633789062,178.0060052508106,177.02047826647606,177.59819293499154,75864200
2016-04-27,177.86154174804688,178.25234560286344,176.75707296217792,177.11389894585156,77329400
2016-04-28,176.2472686767578,178.20981756247173,175.830978285062,177.10536202526083,97216200
2016-04-29,175.29580688476562,175.97548109221796,174.191337918119,175.6271462783889,142424100
2016-05-02,176.68910217285156,176.86750868073221,175.36374483091808,175.79703074233328,62188000
2016-05-03,175.15135192871094,175.69508862030605,174.40370911637817,175.45720462796479,106422100
2016-05-04,174.17431640625,174.8879813472055,173.67306177677943,174.15733395229546,92243800
2016-05-05,174.1403350830078,174.9984156840955,173.71554039586846,174.64158970254306,67619200
2016-05-06,174.77755737304688,174.82003944185675,173.21431576501837,173.36723565628523,89315000
2016-05-09,174.92196655273438,175.35525249343715,174.4716851936592,174.65010467730497,74374900
2016-05-10,177.0968780517578,177.11387346673692,175.55912357058196,175.6270922667951,77472200
2016-05-11,175.440185546875,177.17334196640778,175.440185546875,176.6381095376849,81727000
2016-05-12,175.4911651611328,176.28128995768517,174.4801518117173,176.11136172533998,89586300
2016-05-13,173.9619140625,175.7460569180924,173.63907891846603,175.19382901520686,96474600
2016-05-16,175.6781005859375,176.15386859061536,174.07237708829686,174.13185457073453,77486800
2016-05-17,174.03842163085938,175.69511863327767,173.51166730323104,175.40626130233449,114924900
2016-05-18,174.08941650390625,175.27034558672304,173.0019428001775,173.69010833541265,120062100
2016-05-19,173.48614501953125,173.77500229114204,172.27972968188774,173.36720302747358,115430500
2016-05-20,174.58204650878906,175.1002963120883,174.04680129582619,174.09777456111803,104990400
2016-05-23,174.34425354003906,174.87948606839956,174.1573428273716,174.59911999939837,58682600
2016-05-24,176.6041717529297,176.91852869488514,175.13438549336922,175.15987214221596,93537800
2016-05-25,177.80210876464844,178.21841233163534,176.60418432871938,177.28385859501512,76621400
2016-05-26,177.85311889648438,178.1674759259231,177.53877483075672,177.9380830587567,55280700
2016-05-27,178.61770629882812,178.62619752713854,177.96351873512137,178.01449203239846,64211200
2016-05-31,178.27786254882812,179.00001882948405,177.71713035187463,178.88956804301242,109879400
2016-06-01,178.64320373535156,178.82161028659505,177.47076597234752,177.6661679449455,69936200
2016-06-02,179.1869354248047,179.20391788196574,177.76812242939198,178.2438905040564,63044700
2016-06-03,178.6516876220703,179.00002244512663,177.4452720296459,178.6262009729401,101757100
2016-06-06,179.56072998046875,179.9175559829688,178.84706501176282,179.00848907654503,64887000
2016-06-07,179.84112548828125,180.4018577517311,179.6882055784543,179.71369223009214,60974800
2016-06-08,180.4272918701172,180.55473805490792,179.84957731625556,179.9770105373412,66170900
2016-06-09,180.1809539794922,180.29989599837947,179.42481979577144,179.696681711639,73786900
2016-06-10,178.4732208251953,179.1443906318817,177.929471257435,178.80456011573472,113829200
2016-06-13,177.0968780517578,178.7280878697639,177.01192690426882,177.87000738701636,117751200
2016-06-14,176.74862670898438,177.34334984042636,175.7970904406122,176.71464882670367,125059300
2016-06-15,176.5022430419922,177.87008284476488,176.31533228903874,176.74861832704423,109124500
2016-06-16,177.02894592285156,177.19887418033667,174.66708833731502,176.50220462302434,149533100
2016-06-17,176.3697052001953,176.95042428447155,175.71211550560253,176.92480509140793,117055700
2016-06-20,177.5054931640625,179.00854191906885,177.4200871876243,178.3338816172478,82789600
2016-06-21,178.00938415527344,178.41930424189601,177.44573589171452,177.889823587045,72461700
2016-06-22,177.718994140625,178.91459961774572,177.57380137521815,178.18868791520092,95560500
2016-06-23,180.03329467773438,180.08453303583573,178.7181290390316,179.17928729306234,102731400
2016-06-24,173.56854248046875,180.06754207953452,173.1244547948989,173.90160498686507,333444400
2016-06-27,170.45989990234375,172.16791487919642,169.6485823634426,172.15936646439525,230775800
2016-06-28,173.5343017578125,173.55992093742398,171.7579647950763,172.06540798153293,159382400
2016-06-29,176.48924255371094,176.71981526094208,174.83246545427784,174.93494221304724,137328600
2016-06-30,178.8975067138672,178.94874508440498,176.4038061090953,176.9589188625386,165021900
2016-07-01,179.27328491210938,179.76007552914442,178.73525592088592,178.8975194598976,106055300
2016-07-05,177.9837646484375,178.55594829759565,177.3859618083562,178.4449231161789,109803700
2016-07-06,179.05125427246094,179.17081482705453,176.83082908015393,177.48841864598015,96021500
2016-07-07,178.9402313232422,179.89671577185584,178.1716296100524,179.23059081212514,85593800
2016-07-08,181.60476684570312,181.8524364233916,180.00777631193074,180.23836208364483,133971000
2016-07-11,182.24520874023438,182.81740527485772,181.86090794309075,182.06587444942394,73633900
2016-07-12,183.56900024414062,183.86790822931812,182.2709045538687,183.21031848060366,101275600
2016-07-13,183.54335021972656,183.99597329991124,183.05657256209142,183.98743791332976,87324100
2016-07-14,184.56814575195312,185.03785260793288,184.1753094950419,184.80726687297488,91230900
2016-07-15,184.32049560546875,185.3282185029604,183.87640792347915,185.13180036772673,107155400
2016-07-18,184.81578063964844,184.97804416230315,184.18381034907776,184.44001522531568,58725900
2016-07-19,184.6279296875,184.6620842623495,184.1496874528655,184.39734395611424,54345700
2016-07-20,185.3966064453125,185.63572765939955,184.62800440447967,184.62800440447967,58159500
2016-07-21,184.69631958007812,185.50762459920406,184.25223175748553,185.28558720347195,67777300
2016-07-22,185.524658203125,185.57589658587986,184.55108983740817,184.81583016905816,62787500
2016-07-25,185.02078247070312,185.37092879203456,184.44006342850685,185.31969040962014,55873100
2016-07-26,185.10617065429688,185.46485232781606,184.2606983324223,184.9182879161025,70080500
2016-07-27,184.9097442626953,185.55025001486825,184.14112954141405,185.4819278375684,84083900
2016-07-28,185.12322998046875,185.41358943524244,184.2521385850259,184.71329695254167,65035700
2016-07-29,185.42213439941406,185.78081604403943,184.5766751767694,184.85849926135842,79519400
2016-08-01,185.2684326171875,185.87477078706675,184.81580957844722,185.48193454229607,73311400
2016-08-02,184.08135986328125,185.1744886620766,183.24443597726173,185.02076050196183,92295500
2016-08-03,184.61940002441406,184.67918682537842,183.72270225894798,184.02159717039504,53993600
2016-08-04,184.81578063964844,185.13175926937313,182.97112116808105,184.7303746705287,46585500
2016-08-05,186.32736206054688,186.3700650445132,184.81577807088328,184.81577807088328,71892200
2016-08-08,186.2163848876953,186.61776955629065,185.95164458098853,186.51527976931246,39906500
2016-08-09,186.32736206054688,186.82268800608992,186.00284805086918,186.28467210770165,51251700
2016-08-10,185.8662567138672,186.515297949416,185.51611038906955,186.43844037503354,57941100
2016-08-11,186.7288055419922,186.97647510843117,186.13100267129929,186.39574301181148,72504300
2016-08-12,186.5665283203125,186.7800302458213,186.16514365786608,186.42133554357792,61313500
2016-08-15,187.10447692871094,187.4546230879154,186.92514267329705,186.93367805603907,49813500
2016-08-16,186.13951110839844,186.75438462109534,186.13951110839844,186.68607547722425,53213600
2016-08-17,186.48965454101562,186.62629889847904,185.33675198161646,186.17367586661427,75134300
2016-08-18,186.90811157226562,186.94226614398184,186.35301182180146,186.46402395322087,52989300
2016-08-19,186.63485717773438,186.81420454779516,185.9516613688594,186.43843903423905,75443000
2016-08-22,186.6262969970703,186.85688271905013,186.0284942281625,186.3957112750905,61368800
2016-08-23,187.00205993652344,187.5400889368396,186.94227314487813,187.24118104085886,53399200
2016-08-24,186.0455780029297,186.95082405730236,185.62710954919459,186.85688269140766,71728900
2016-08-25,185.91746520996094,186.33593365509222,185.50754518135895,185.66126030541366,69224800
2016-08-26,185.56732177734375,187.13015738473075,184.67915952994585,186.10535078200306,122506300
2016-08-29,186.4811553955078,186.74589574509,185.66130212252284,185.6954697340903,70502200
2016-08-30,186.17369079589844,186.6775522444359,185.61859096698421,186.3957281212393,58114500
2016-08-31,185.64418029785156,185.96015894676873,184.86703023747037,185.8405984014118,85269500
2016-09-01,185.65274047851562,185.9430999801453,184.49128944087306,185.63565667514803,97844200
2016-09-02,186.48965454101562,186.9166583847464,185.91747095415118,186.50673834347933,79293900
2016-09-06,187.05331420898438,187.1301717780979,186.0541267171368,186.77149009111085,56702100
2016-09-07,187.0361785888672,187.2155258982362,186.42984055900882,186.89099887705433,76554900
2016-09-08,186.6092071533203,186.9764372194823,186.30176387767503,186.70314851618755,74102900
2016-09-09,182.14271545410156,185.34524352453582,182.1170962720277,185.29400516038808,221589100
2016-09-12,184.75604248046875,185.1574271849525,181.31439212331006,181.38271431036313,168110900
2016-09-13,182.10006713867188,183.73976043922337,181.47664513586105,183.4750201242403,182828800
2016-09-14,182.03173828125,183.35545283875425,181.4766384818725,182.1512988394755,134185500
2016-09-15,183.85076904296875,184.23506988591947,181.6901306934286,181.8694780367378,134427900
2016-09-16,183.1400604248047,183.414729600579,182.4534136792633,183.23447631685872,155236400
2016-09-19,183.17446899414062,184.436203160311,182.84830250039664,183.79246177336498,80250500
2016-09-20,183.18301391601562,184.18724872391758,183.14868681099702,184.0327571059094,69665300
2016-09-21,185.24293518066406,185.42317534460352,183.20012600971364,183.88678576521295,110284400
2016-09-22,186.41030883789062,186.71072668507645,186.00690967008302,186.25581721153242,76678700
2016-09-23,185.38890075683594,186.1528065132363,185.29448485000222,186.01547190385105,73630900
2016-09-26,183.8868408203125,184.73657089861007,183.68941740477214,184.5563306807073,89827300
2016-09-27,185.02835083007812,185.12275361118702,183.35461361939622,183.723698632497,78494800
2016-09-28,185.94679260253906,186.1012973023667,184.2902381859078,185.2515541956856,87411000
2016-09-29,184.26449584960938,186.1442224638383,183.71517048673903,185.7408102180015,128070600
2016-09-30,185.6549530029297,186.35876986017539,184.84812865424877,185.0970361399101,117202900
2016-10-03,185.20860290527344,185.43176176914656,184.57344031232466,185.2429430978361,83512100
2016-10-04,184.26449584960938,185.54339989459726,183.6722648793966,185.32024096800765,119948100
2016-10-05,185.07989501953125,185.50905582931773,184.8223959142697,184.89106321546933,72816000
2016-10-06,185.20860290527344,185.43176176914656,184.31595435283492,184.8566879647094,62927400
2016-10-07,184.573486328125,185.654980015392,183.84392076610686,185.48331830062003,89788300
2016-10-10,185.53477478027344,185.99826261811654,185.3888616998979,185.53477478027344,51855000
2016-10-11,183.1915740966797,185.1743080081347,182.4620085896904,185.10564070801541,130367400
2016-10-12,183.43190002441406,183.95547668183588,182.83106447557643,183.328892534842,73866100
2016-10-13,182.8310546875,183.32888272011377,181.28608649304968,182.10148928388656,101357000
2016-10-14,182.9254913330078,184.2730625030485,182.84824553390877,183.80956151455825,93346200
2016-10-17,182.29034423828125,183.15724433290873,182.11009094096957,182.89974523544126,58275700
2016-10-18,183.43190002441406,183.9468850844857,183.0542364555266,183.88680938777023,76869700
2016-10-19,183.92117309570312,184.23016943203046,183.33752062539025,183.6980141682805,66519200
2016-10-20,183.5778350830078,184.13573890575714,182.91692375835873,183.5692434846294,73639800
2016-10-21,183.66363525390625,183.74947264471845,182.6164819513431,183.57781096004106,89089100
2016-10-24,184.44471740722656,184.81380248424253,184.09280242836073,184.5391333016309,60146600
2016-10-25,183.82672119140625,184.5219595377776,183.66363800458882,184.26446045843153,66542300
2016-10-26,183.4576416015625,184.04129393336314,182.76239018711055,183.00273225561594,75705500
2016-10-27,182.96844482421875,184.21300873517526,182.89119901043085,184.1786816280308,77220200
2016-10-28,182.42770385742188,183.6207705979266,181.71530831120074,182.94270215996457,140623200
2016-10-31,182.43624877929688,182.985574049549,182.27316558865292,182.76240206363727,61272500
2016-11-01,181.11439514160156,182.8138809550611,179.9041719129774,182.76237066927376,122781800
2016-11-02,180.0243682861328,181.19168612886682,179.58661590951533,180.80543095021665,103330800
2016-11-03,179.2003936767578,180.4535490528735,178.9257375581942,180.23896863961014,88939300
2016-11-04,179.00296020507812,180.15310792810095,178.8570471145705,179.31195648407876,109122100
2016-11-07,182.9512176513672,182.98555784474982,179.0029467138762,179.0029467138762,109794900
2016-11-08,183.77523803710938,184.34173343556697,182.29034533837805,182.55642293848587,106772100
2016-11-09,185.72366333007812,186.3416560340876,182.25603614680827,182.28178475139612,258429000
2016-11-10,186.18714904785156,187.3802157347475,184.72800471881305,186.51331549793616,172113300
2016-11-11,185.75794982910156,185.99827881735078,184.81380397439327,185.46612364293432,100552700
2016-11-14,185.9038848876953,186.4875504259405,185.15714923575797,186.2815485129806,94580000
2016-11-15,187.3544158935547,187.3544158935547,186.0841037412333,186.29009251910088,91652600
2016-11-16,187.0025177001953,187.23426819301946,186.6162756101203,186.73644010696472,65617700
2016-11-17,187.96383666992188,188.0239123666414,187.04542634579707,187.1570123357797,69797200
2016-11-18,187.54324340820312,188.2041546150475,187.36299013471958,188.03249293841097,86265800
2016-11-21,188.95948791503906,188.98523651431762,187.97242335083433,188.11833644572866,72402600
2016-11-22,189.3285675048828,189.50880769460164,188.59898895463746,189.26847871034497,67429000
2016-11-23,189.4315643310547,189.48306152877836,188.6161614742189,188.8135717644755,56620200
2016-11-25,190.13540649414062,190.16973359584355,189.69765409150062,189.77491298999192,37872300
2016-11-28,189.2427215576172,190.1010430617208,189.13972716814772,189.82638699081997,76572500
2016-11-29,189.6117706298828,190.06667989296835,188.97660812248773,189.2770258306888,69886700
2016-11-30,189.1569061279297,190.39289124725988,189.09681733329265,190.2298080583278,113291800
2016-12-01,188.46165466308594,189.45729763155808,188.10114811423543,189.45729763155808,79040500
2016-12-02,188.55604553222656,189.0452950340586,188.19555210311404,188.54746703282353,74840300
2016-12-05,189.68902587890625,190.03234919375524,189.19119790451373,189.38860815570465,67837800
2016-12-06,190.28988647460938,190.32422667116327,189.39723781842213,189.87789579459584,59877400
2016-12-07,192.7789764404297,192.83905212326945,190.01518070314023,190.13534516576394,110738100
2016-12-08,193.25106811523438,193.72314752940352,192.48716255301375,192.75325320241515,99714400
2016-12-09,194.4184112548828,194.43558135317642,193.43992520330906,193.47426539989627,88005800
2016-12-12,194.19525146484375,194.80466553044005,193.7746691887591,194.3239944590801,102016100
2016-12-13,195.4913330078125,195.98916113318353,194.83901327298958,194.85618337302276,110477500
2016-12-14,193.87770080566406,195.8947488490547,193.43994837689505,195.19093189807282,142501800
2016-12-15,194.67588806152344,195.53420952070528,193.88623389070966,194.11798435183368,124972600
2016-12-16,194.295166015625,195.19308922448477,193.9757194067393,195.1326462584023,156420200
2016-12-19,194.7182159423828,195.14127715795195,194.32969732660885,194.47647044038382,90341100
2016-12-20,195.46939086914062,195.61617718563676,195.02044237752733,195.25354568789194,89838800
2016-12-21,194.9254608154297,195.51255335726185,194.9254608154297,195.339879855202,67909000
2016-12-22,194.58871459960938,194.8995321278094,194.19155374585418,194.77865937651725,56219100
2016-12-23,194.87364196777344,194.882271031124,194.4419516656797,194.6318832783898,36697800
2016-12-27,195.35711669921875,195.75426436649033,195.1240002667776,195.14127156618028,42672500
2016-12-28,193.74256896972656,195.63337427537977,193.63033846891236,195.6161161516485,64095000
2016-12-29,193.69943237304688,194.16565207513557,193.25909985948013,193.81166288654242,48696100
2016-12-30,192.9915008544922,194.11389848095968,192.30079360942415,194.0275551350218,108998300
2017-01-03,194.4678192138672,194.97721052258495,193.29362126334982,194.29513258285616,91366500
2017-01-04,195.6248016357422,195.77157477463183,194.7873212983205,194.79595036267494,78744400
2017-01-05,195.46939086914062,195.62480625019472,194.67508218304283,195.35716033330948,78379000
2017-01-06,196.168701171875,196.63492087370182,195.03766158158038,195.5815955454964,71559900
2017-01-09,195.5211944580078,196.04785719941958,195.48665185331058,195.90971312891796,46939700
2017-01-10,195.5211944580078,196.37593289918138,195.13266261295402,195.53845258621277,63771900
2017-01-11,196.07373046875,196.07373046875,194.77001739154568,195.43482411158368,74650000
2017-01-12,195.58160400390625,195.77154878764264,194.22610332812465,195.55570364013695,72113200
2017-01-13,196.0305938720703,196.33276921767424,195.71977628786865,195.75430571982696,62717900
2017-01-17,195.33984375,195.79743437424548,194.95132514864042,195.3916444736291,61240800
2017-01-18,195.7715301513672,195.8147018115871,195.03765145005184,195.59021444809997,54793300
2017-01-19,195.04629516601562,195.987376764899,194.61460490882422,195.84923272080388,66608800
2017-01-20,195.76292419433594,196.25504429133156,195.09811743607892,195.72838159242662,129168600
2017-01-23,195.25350952148438,195.82334385622627,194.4937435826371,195.76291406722498,75061600
2017-01-24,196.50543212890625,196.91985113299535,195.35713433657327,195.46936485746957,95555300
2017-01-25,198.20631408691406,198.20631408691406,197.29111947648914,197.45516391773648,84437700
2017-01-26,197.99905395507812,198.3271427646296,197.72276586826825,198.0594837402296,59970700
2017-01-27,197.68826293945312,198.22355471171284,197.50694721141585,198.07678158622687,59711100
2017-01-30,196.4623260498047,197.02351836406032,195.47807235267445,196.9976179910422,79737300
2017-01-31,196.44496154785156,196.50540450565055,195.40027853400153,195.97009964421937,75880800
2017-02-01,196.52272033691406,197.36020071083536,195.93562775576842,196.4450192319056,79117700
2017-02-02,196.6522216796875,196.93713888571978,195.83201266640026,196.52270667286717,69657600
2017-02-03,198.00770568847656,198.189021412973,197.24793971104177,197.55875725721955,80563200
2017-02-06,197.6537628173828,197.99912304640782,197.31704482792452,197.60196207656548,57790100
2017-02-07,197.66232299804688,198.28395797807633,197.47237824447453,198.04221250519157,57931200
2017-02-08,197.92138671875,198.05088854775087,197.11843585651454,197.66236988660492,51566200
2017-02-09,199.09552001953125,199.39769524671505,197.92132218094457,197.92132218094457,65955200
2017-02-10,199.88124084472656,200.10572823541386,199.11283262661516,199.44092147507035,66015900
2017-02-13,200.96913146972656,201.2281483174449,200.34749630486021,200.37339667221764,55182100
2017-02-14,201.77203369140625,201.78067592843365,200.44243342922505,200.7877803826342,71109000
2017-02-15,202.8253631591797,203.01530793966828,201.50439193296327,201.55619265961616,86785800
2017-02-16,202.65269470214844,203.03258427254195,201.90155779877912,202.85126855062055,84722400
2017-02-17,202.97215270996094,202.97215270996094,201.9706279997756,201.98789930143897,77204100
2017-02-21,204.18089294433594,204.35356643805537,203.33477042906745,203.34341266694642,88946100
2017-02-22,203.9995880126953,204.22406224900018,203.61106933772223,203.77511377639047,62115200
2017-02-23,204.13772583007812,204.53487355707574,203.3779466317962,204.5176154292191,74615900
2017-02-24,204.39678955078125,204.43994805446658,203.248491426018,203.29166310384977,82381600
2017-02-27,204.7161865234375,204.8888600186721,204.06002197188874,204.31039656385744,56515400
2017-02-28,204.16355895996094,204.57797785248036,203.77504042484028,204.33623240066578,96961900
2017-03-01,207.02145385742188,207.48768688200394,205.8040837283026,205.82135503362124,149158200
2017-03-02,205.71771240234375,206.8401098889274,205.6659116708949,206.8314676509237,70246000
2017-03-03,205.84718322753906,206.0112276351819,205.25144855731665,205.63133809624927,81974300
2017-03-06,205.23422241210938,205.5881984702343,204.62984541100997,205.05290667695087,55391500
2017-03-07,204.62118530273438,205.28599199859568,204.41396923315463,204.9320028200333,65103700
2017-03-08,204.2413330078125,205.1737857297519,204.10318893623398,204.91476888907812,78168800
2017-03-09,204.5003662109375,204.82845511365156,203.53338398080533,204.36222212830583,90683900
2017-03-10,205.21694946289062,205.50186665919932,204.267225475195,205.45869499173256,81991700
2017-03-13,205.320556640625,205.36372830929346,204.82843650540687,205.1565122041711,57256800
2017-03-14,204.53488159179688,204.8284410407562,203.92188867522026,204.77662713272062,59880800
2017-03-15,206.3048095703125,206.72787084357762,204.87159448861624,205.10471095952914,96081800
2017-03-16,205.89898681640625,206.52062185710258,205.5709111706965,206.4429207705509,78344000
2017-03-17,205.53741455078125,206.35252518012385,205.53741455078125,206.1617540442583,89002100
2017-03-20,205.31192016601562,205.8235275437975,204.92171137332525,205.53737090077033,52537000
2017-03-21,202.6758575439453,206.04035217995005,202.54579233129812,205.918953570994,131809300
2017-03-22,203.15277099609375,203.43892767511824,202.08619663351524,202.7105360729405,97569200
2017-03-23,202.93600463867188,204.07195161988832,202.56314220179587,203.15278881772713,100410300
2017-03-24,202.7886199951172,203.81183510544602,202.00820213915307,203.2395348524194,112504900
2017-03-27,202.58045959472656,202.8406032355756,200.8375196945119,201.11499654168372,87454500
2017-03-28,204.05458068847656,204.47946913274336,202.16421611623088,202.27694810256475,93483900
2017-03-29,204.24537658691406,204.47950720541104,203.54299796287933,203.7684619775269,61950400
2017-03-30,204.89573669433594,205.09518767334725,204.01126673659485,204.18469144018388,56737900
2017-03-31,204.41880798339844,205.0864937077872,204.36676866759603,204.55753979783736,73733100
2017-04-03,204.0632781982422,204.6702712330258,202.83194569012235,204.470833499766,85546500
2017-04-04,204.1933135986328,204.28003254728003,203.3955495506031,203.7770917543247,56466200
2017-04-05,203.58633422851562,205.84956133200993,203.3782166767564,204.86969271906057,108800600
2017-04-06,204.1586456298828,204.6789196571488,203.28282918541828,203.72507732476717,69135800
2017-04-07,203.9505157470703,204.644227639597,203.46492139173776,203.9071562728898,74412300
2017-04-10,204.07192993164062,204.8696940380048,203.54297606170348,204.08927636892926,67615300
2017-04-11,203.82916259765625,203.93321477372265,202.33768632723948,203.69041754192986,88045300
2017-04-12,202.93600463867188,203.7424486651146,202.7105538557787,203.55167752902952,81864400
2017-04-13,201.61793518066406,203.33487525261768,201.61793518066406,202.59780381684874,92880400
2017-04-17,203.40426635742188,203.40426635742188,201.93880318650014,202.13824092689617,68405400
2017-04-18,202.7972412109375,203.3348749236641,202.11220908904167,202.66717600787345,83225800
2017-04-19,202.4243927001953,203.7337643495707,202.198928690804,203.3609019208942,68699900
2017-04-20,204.07192993164062,204.5141780780443,202.71919891513377,203.04003523197187,92572200
2017-04-21,203.4215545654297,204.04589392299323,203.02267917287443,203.9938678484385,110389800
2017-04-24,205.65884399414062,205.86696160031948,203.39561629884614,205.66751059926793,119209900
2017-04-25,206.85548400878906,207.2023334323872,206.2137980205294,206.3005169921576,76698300
2017-04-26,206.72537231445312,207.70524096418976,206.68202606706552,206.82075787532534,84702500
2017-04-27,206.89877319335938,207.2022630280219,206.3611395685679,207.0461848098731,57410300
2017-04-28,206.4478759765625,207.18493412148746,206.31779755231412,207.15892108292857,63532800
2017-05-01,206.9681854248047,207.39308717979222,206.55196350512594,206.9681854248047,66882500
2017-05-02,207.04623413085938,207.22832542874272,206.6386788222267,207.10692681966847,57375700
2017-05-03,206.7947235107422,207.14158607426322,206.11835805119355,207.04620052322667,73137700
2017-05-04,207.03758239746094,207.1763274642226,206.18779201859695,207.09828832596585,61462700
2017-05-05,207.85264587402344,207.8699923112897,206.9681628138105,207.41041095964437,62001300
2017-05-08,207.8179931640625,208.04344395192322,207.39309140042783,207.8960322946924,48385700
2017-05-09,207.6272430419922,208.2775956593231,207.2803803738743,208.07815789481648,51363200
2017-05-10,208.0000457763672,208.0000457763672,207.3757063845557,207.58382392564423,54293800
2017-05-11,207.57521057128906,207.73996867965013,206.49128957571077,207.54919752591178,62358300
2017-05-12,207.22833251953125,207.6185414026606,206.95952224963003,207.32371808931455,53912700
2017-05-15,208.37295532226562,208.4943539331432,207.63588382171568,207.65323026082854,61918900
2017-05-16,208.1821746826172,208.6937821457131,207.79196582485682,208.66776910395944,51241800
2017-05-17,204.4882049560547,208.1822029323497,204.42749902942148,208.1822029323497,172174100
2017-05-18,205.31192016601562,206.16171026165628,204.14994715847854,204.41009076408994,107047700
2017-05-19,206.6473846435547,207.31508373590725,205.74556812377836,205.79759421876142,115011400
2017-05-22,207.69659423828125,207.8613523347789,207.08960117075563,207.15896046579584,61010600
2017-05-23,208.15618896484375,208.3209470718812,207.68792768889972,208.0694699933112,48341700
2017-05-24,208.64175415039062,208.7458063164518,208.05209433598128,208.39029033859103,46927700
2017-05-25,209.6389923095703,209.91648244236814,208.94529344049135,209.15339780863192,64071700
2017-05-26,209.5955810546875,209.760325884556,209.37011708384506,209.4481561976965,46629900
2017-05-30,209.41354370117188,209.6650075591372,209.118720355569,209.2747986333148,35201900
2017-05-31,209.36151123046875,209.74305353972326,208.6677991437749,209.70836065808695,91796000
2017-06-01,211.0264129638672,211.04375940473994,209.53493660379107,209.82109333663263,68962000
2017-06-02,211.72877502441406,211.88486651709152,210.78359915869203,211.0784224730804,88666100
2017-06-05,211.57269287109375,211.84150313700025,211.3732418990385,211.5553464319028,44698800
2017-06-06,210.8963623046875,211.56404816265064,210.81830993109696,211.00908109950316,50375400
2017-06-07,211.28652954101562,211.5119803176038,210.56680449890564,211.23450345653035,54144300
2017-06-08,211.39060974121094,211.86753763132825,210.8616557597095,211.38194313646613,65950700
2017-06-09,211.06976318359375,212.4571740689785,209.80373768461638,211.65940983280444,132256400
2017-06-12,211.0264129638672,211.07843905502793,210.17662260150766,210.82697520393188,86108100
2017-06-13,212.0582733154297,212.1102993981112,211.21714969486433,211.56399906704462,60067000
2017-06-14,211.78952026367188,212.33580751081473,210.96572962722183,212.3271409051791,78602300
2017-06-15,211.38198852539062,211.50338717517343,210.15932218949627,210.43679914694533,66464900
2017-06-16,211.42808532714844,211.59364686891837,210.54801112129442,211.54136707593415,84553100
2017-06-19,213.18826293945312,213.24925160382472,212.1600448487952,212.25589557507703,65123800
2017-06-20,211.75048828125,212.83969496548008,211.73307054740792,212.83098609855904,56906400
2017-06-21,211.69822692871094,212.25590026777624,211.22769545036692,212.14263180401596,55977600
2017-06-22,211.60238647460938,212.20363077322858,211.4281160406863,211.7069593717487,44148100
2017-06-23,211.85504150390625,212.18615126391856,211.27993723696764,211.6633400815934,66986800
2017-06-26,211.99444580078125,212.94424402812868,211.7853266502287,212.5259791350665,56700500
2017-06-27,210.28665161132812,212.07295366360648,210.26922057730079,211.77667926907495,82247700
2017-06-28,212.1687774658203,212.36918779574532,211.07084849322783,211.30612088678072,70042600
2017-06-29,210.3040771484375,212.36920921125852,209.0928795868699,212.3169294065263,106949700
2017-06-30,210.69618225097656,211.4891280533793,210.5044807757587,211.11443397145985,86820700
2017-07-03,211.0533905029297,212.07288628590052,211.0533905029297,211.6372036455209,39153800
2017-07-05,211.5413818359375,211.75050102246536,210.60901447606477,211.41939121180266,54427600
2017-07-06,209.60693359375,210.89655056421648,209.4239410235178,210.7745599493883,65400800
2017-07-07,210.96624755859375,211.11437806003448,209.61562872124975,210.18202412838315,57972300
2017-07-10,211.1928253173828,211.56751934898887,210.66129189764914,210.96627510253822,36663300
2017-07-11,211.03598022460938,211.34967228836572,209.86835382461976,211.1928196084974,50354600
2017-07-12,212.621826171875,212.78738769385512,212.00316430087156,212.00316430087156,59610400
2017-07-13,212.97914123535156,213.092422998322,212.40403684855306,212.63060037449395,39471600
2017-07-14,213.97251892089844,214.32978198174123,212.8833120007554,212.9791627415673,60262700
2017-07-17,213.9463348388672,214.27745792892873,213.77206442682748,213.89405504485327,33531900
2017-07-18,214.05960083007812,214.111880620243,213.19694440442012,213.536776336471,42742500
2017-07-19,215.2185516357422,215.22726050346031,214.36460394403895,214.37332610773834,51034300
2017-07-20,215.31442260742188,215.59325265641056,214.7654580819989,215.47126201698129,47135200
2017-07-21,215.12269592285156,215.14883582138162,214.5127295012009,214.73929301643605,82340800
2017-07-24,215.07044982910156,215.2098582111147,214.59990498986028,215.0442966304921,46622300
2017-07-25,215.59327697753906,215.9244001630508,215.36672670617963,215.81982724889846,54915600
2017-07-26,215.60191345214844,215.9156054973058,215.34051449450024,215.8807567349459,47575400
2017-07-27,215.40151977539062,216.09861474020028,214.0770406718503,216.06376597515103,70766600
2017-07-28,215.14881896972656,215.27951845213977,214.4691550692181,214.92225547223714,50088400
2017-07-31,215.02687072753906,215.64553279418223,214.8177382184862,215.54968205619747,65838700
2017-08-01,215.506103515625,215.66294291021597,214.9832789416926,215.62809414341172,55050400
2017-08-02,215.6106719970703,215.75009366199518,214.67830457086475,215.636811897246,47211200
2017-08-03,215.19241333007812,215.52352315357572,214.91357000925768,215.49738325424647,40856000
2017-08-04,215.58448791503906,215.9155976814008,215.20108506306107,215.68033862803355,60191800
2017-08-07,215.98533630371094,215.98533630371094,215.54965360600968,215.6542264947249,31995000
2017-08-08,215.4538116455078,216.8915725839997,215.07913089231317,215.6716530032204,61719400
2017-08-09,215.44512939453125,215.49740919948408,214.40820227635703,214.76546533817861,62632600
2017-08-10,212.40403747558594,214.73930379736694,212.3517576759011,214.60859100217328,120479500
2017-08-11,212.71774291992188,213.31027837749468,212.39534193764374,212.63061434697283,74869900
2017-08-14,214.82640075683594,215.04424208745883,213.96375759699626,213.99860635966488,73291900
2017-08-15,214.80029296875,215.2272668271467,214.49532303787947,215.20983579521703,55242700
2017-08-16,215.17503356933594,215.72399817801733,214.7480596185855,215.3231641328246,56715500
2017-08-17,211.8201904296875,214.87869118317516,211.8201904296875,214.5649991391246,128490400
2017-08-18,211.4890899658203,212.77870696105012,211.04468512785718,211.65463821371043,136748000
2017-08-21,211.6545867919922,211.91599899269895,210.72223300784287,211.42803664256732,65469700
2017-08-22,213.86793518066406,214.02477457739676,212.22105503506384,212.2384860666946,63140100
2017-08-23,213.1011199951172,213.52809382746688,212.75257915367558,212.9007096760873,50203800
2017-08-24,212.60446166992188,213.64137539039606,212.39532917464268,213.4845359909229,50741700
2017-08-25,213.1011199951172,214.01605632387748,212.95298947270547,213.39738103994065,64445900
2017-08-28,213.1098175048828,213.65876860184878,212.69155258836295,213.63262870656368,40565600
2017-08-29,213.35382080078125,213.61521978067924,211.6807875535501,211.79406930882632,51135700
2017-08-30,214.36459350585938,214.63472794374306,213.15339615295224,213.3363887339727,62030800
2017-08-31,215.65423583984375,215.89821709745064,214.3994674887333,214.98328073343416,103803900
2017-09-01,215.95921325683594,216.38618712045306,215.8110827235766,216.02892408942537,62007000
2017-09-05,214.40817260742188,215.68037196782498,213.4409564616852,215.4538084497364,91398800
2017-09-06,215.14010620117188,215.4712292990506,214.55629299426707,215.08782640592375,57916900
2017-09-07,215.114013671875,215.46256787691527,214.70447079094234,215.4451368426674,58034700
2017-09-08,214.86131286621094,215.32313553103205,214.6173315827576,214.82645079944174,63832800
2017-09-11,217.15298461914062,217.2314043167902,216.1160576302813,216.13347536577143,71364800
2017-09-12,217.88494873046875,217.91979750068376,217.33598420370916,217.51897681128986,56896000
2017-09-13,217.98948669433594,218.02434875707223,217.48409315250922,217.59737491243038,59228000
2017-09-14,217.91976928710938,218.12019290184045,217.49280875133618,217.66707917181387,95446300
2017-09-15,218.21315002441406,218.30071098989268,217.67022660776115,217.775305111122,95432400
2017-09-18,218.67726135253906,219.02753193324287,218.29195569658518,218.5809349385506,46235200
2017-09-19,218.89620971679688,218.98378405332213,218.57220872319542,218.9224793453609,47108100
2017-09-20,218.97494506835938,219.08878899521864,217.97665943225823,218.983710516249,59574100
2017-09-21,218.38821411132812,218.90486773368465,218.21307887550782,218.8173067967555,48211400
2017-09-22,218.4320526123047,218.59843580213592,218.06426452202962,218.09053414548032,51214000
2017-09-25,217.98545837402344,218.528395143318,217.24113005139031,218.17811120152052,57064400
2017-09-26,218.11683654785156,218.65975999671107,217.8803965392975,218.41456789967987,54082000
2017-09-27,218.96624755859375,219.35155322680205,217.93292659731088,218.81738188896173,81001400
2017-09-28,219.22897338867188,219.30778227336725,218.59847558717362,218.68603656062376,44778800
2017-09-29,219.9995880126953,220.07841026530312,219.03633706028901,219.22022447178057,85578000
2017-10-02,220.9540557861328,220.9540557861328,220.05208300305776,220.22723165186667,59023000
2017-10-03,221.42697143554688,221.45324106629286,220.87528246594292,220.9541047201498,66810200
2017-10-04,221.68968200683594,221.93487413610876,221.16426266584054,221.27810664084893,55953600
2017-10-05,223.00311279296875,223.02061696404542,221.7246001203505,222.02233137220588,63522800
2017-10-06,222.7492218017578,223.0382010543097,222.29387270255486,222.55656896672323,80646000
2017-10-09,222.38140869140625,223.03817600199042,222.11869909477954,222.97688466789108,35803100
2017-10-10,222.96807861328125,223.34463208432928,222.4076378114585,222.95057444213498,43057400
2017-10-11,223.3184051513672,223.3184051513672,222.70542499501343,222.87179482447962,47674300
2017-10-12,222.98562622070312,223.3534142938193,222.74918625871257,223.00314375617472,47065100
2017-10-13,223.25714111328125,223.53736829977106,222.98567937759907,223.4235243350136,54800400
2017-10-16,223.5548095703125,223.74746236632083,223.14324771916444,223.4847661553676,38221700
2017-10-17,223.71249389648438,223.7562810627181,223.28340104654148,223.5023235157429,31561000
2017-10-18,223.93141174316406,224.13281666932104,223.73875890528632,224.08902950399124,40888300
2017-10-19,223.99266052246094,224.02769559285423,222.73167858955216,223.15200590052174,61903800
2017-10-20,225.1485595703125,225.1748559155403,223.97515197434277,224.78955032052585,89176400
2017-10-23,224.2729034423828,225.49889055023027,224.19409456669527,225.47262092500108,63915300
2017-10-24,224.6669921875,224.90341883312888,224.30795613188522,224.70202726520085,66935900
2017-10-25,223.5548095703125,224.44801677344535,222.42517577732173,224.33417284072297,103715300
2017-10-26,223.84381103515625,224.43927365517973,223.72121500385936,224.16782533084222,69798000
2017-10-27,225.67398071289062,225.8316251660089,223.85255793086253,224.58813405767742,85562500
2017-10-30,224.8333740234375,225.57771575739636,224.53564267464077,224.5881819289029,54285700
2017-10-31,225.18362426757812,225.43758178950736,224.88589294569937,225.20989389233412,60304800
2017-11-01,225.4813232421875,226.30447366503012,225.11354854836372,225.96296859219376,54202700
2017-11-02,225.5689239501953,225.7090375198339,224.34296362077094,225.41130620582592,56449500
2017-11-03,226.32200622558594,226.36578001957756,225.31494172449962,225.72651693894687,59589700
2017-11-06,226.6722869873047,226.80363509913997,226.1205981936673,226.19064161200308,49652600
2017-11-07,226.5146484375,227.11011097238597,226.00673348650625,226.77734463703007,57502200
2017-11-08,226.89991760253906,226.9962573542052,226.05926307600345,226.3394901594905,50469600
2017-11-09,226.07687377929688,226.26952662671255,224.49185047050648,225.69156808446556,95085500
2017-11-10,226.00677490234375,226.18192355007767,225.37627718400591,225.69153940514062,59984700
2017-11-13,226.2169647216797,226.44465265198207,225.28873554666524,225.32377062608148,50228600
2017-11-14,225.69154357910156,225.7966220801126,224.6319396713987,225.41131642711738,61315200
2017-11-15,224.5618896484375,225.24492660887586,223.85258306351813,224.71950739532375,80811500
2017-11-16,226.47085571289062,226.83865712881288,225.4638179481447,225.50759174159674,67777000
2017-11-17,225.80532836914062,226.44459145703757,225.72651950470316,226.12059055081866,75756800
2017-11-20,226.1906280517578,226.383280845543,225.80532246418747,226.05054122348457,48075500
2017-11-21,227.67054748535156,227.85446155625675,226.15562146799138,226.96124099451092,69176800
2017-11-22,227.46920776367188,227.8107129143955,227.3028245514952,227.6793647795018,45033400
2017-11-24,227.99459838867188,228.0997036196381,227.81947645159548,227.95959003561677,27856500
2017-11-27,227.88076782226562,228.33611690074267,227.67934954628222,228.03838557359245,52274900
2017-11-28,230.1925811767578,230.21885080268228,228.24854868654762,228.34488846422593,98971700
2017-11-29,230.0524139404297,230.85806015409528,229.60583040387328,230.32387558631203,77512100
2017-11-30,232.0665740966797,232.9772722931551,230.8931529126595,230.97196179174296,127894400
2017-12-01,231.58493041992188,232.32927213776017,228.3448940068808,231.8476534094766,164390900
2017-12-04,231.3046875,233.63399855789893,231.25212153259577,233.20491916153784,94040600
2017-12-05,230.47280883789062,232.1891534245384,230.34146070798212,230.47280883789062,77994500
2017-12-06,230.51661682128906,230.94572307452924,230.0525022108374,230.56915608104308,75898600
2017-12-07,231.2434539794922,231.55868953736882,230.253920049596,231.2434539794922,77218600
2017-12-08,232.50433349609375,232.51307221904426,231.20830338315423,232.19783681866414,76563900
2017-12-11,233.20486450195312,233.26616917961542,232.47805398827325,233.20486450195312,83077500
2017-12-12,233.6165008544922,234.08938078279797,233.23996069117888,233.99304101780547,85195800
2017-12-13,233.5902557373047,234.29956234221004,233.50268141192322,233.86171743923478,102905400
2017-12-14,232.63575744628906,234.001831407951,232.58321819575838,233.88798745715712,100666700
2017-12-15,234.57296752929688,235.03945427234981,233.58718625043218,233.639994043191,144610300
2017-12-18,236.06048583984375,236.41254679897668,235.8668482832412,235.97246388492815,83653600
2017-12-19,235.15390014648438,236.35091269837585,235.08347184312157,236.3069151541698,82382900
2017-12-20,235.0306854248047,236.1748902835174,234.73143225961104,236.12208248145558,76751500
2017-12-21,235.51475524902344,236.22771426568343,235.26830989703402,235.65558500166438,67032300
2017-12-22,235.4532012939453,235.56762716484587,234.9162860983042,235.5324130059842,78720900
2017-12-26,235.17147827148438,235.39151969904776,234.90743930261863,235.04824217899647,45244400
2017-12-27,235.28594970703125,235.64682094143072,235.0131004328199,235.3387575110379,57751000
2017-12-28,235.76992797851562,235.8139523697883,235.40027351073388,235.78754847923244,45116100
2017-12-29,234.8809814453125,236.36846347286163,234.68737079749977,236.35086983047577,96007400
2018-01-02,236.56219482421875,236.5974089834825,235.356371759636,235.74364692993703,86655700
2018-01-03,238.05845642089844,238.20809643270974,236.7293974037698,236.7293974037698,90070400
2018-01-04,239.06182861328125,239.54593593694952,238.12007158752897,238.70098425961316,80636400
2018-01-05,240.65496826171875,240.77817751822775,239.36112333545296,239.85401408255126,83524000
2018-01-08,241.09498596191406,241.25340933192524,240.26762810449048,240.55807094951098,57319200
2018-01-09,241.6407928466797,242.2657032159506,241.235897127514,241.51755670766337,57254000
2018-01-10,241.27108764648438,241.53515354969787,240.2149046152303,240.88381247686453,69574300
2018-01-11,243.03134155273438,243.03134155273438,241.65828525044407,241.82551887730855,62361500
2018-01-12,244.61573791503906,244.78294473745254,242.99620889486286,243.29548896158266,90816100
2018-01-16,243.77952575683594,246.52563878958108,243.08418724517006,245.8743246847843,106555100
2018-01-17,246.1032257080078,246.49050093358076,243.7796012151073,244.7125751147502,113258800
2018-01-18,245.6894989013672,246.41121445686719,245.1965813324595,245.98875205570212,100728000
2018-01-19,246.8073272705078,246.8073272705078,245.6895262290551,246.27041209526817,140920100
2018-01-22,248.81407165527344,248.81407165527344,246.54322885390033,246.5960635134814,91322400
2018-01-23,249.3421630859375,249.6326059650939,248.53239877650185,248.85805580664078,97084700
2018-01-24,249.2454376220703,250.58330732706133,248.0660182340915,249.98477394615236,134816100
2018-01-25,249.3509521484375,250.20471402062026,248.5588083267436,250.10790867887582,84587300
2018-01-26,252.23797607421875,252.28200049326455,249.9319453091672,250.18720098591655,107743100
2018-01-29,250.56561279296875,252.10590306158304,250.40718938329576,251.66582012769325,90118300
2018-01-30,247.99549865722656,250.61837527818918,247.52020165362248,248.7348346292075,131796400
2018-01-31,248.11868286132812,249.35090935700217,247.04487973070007,248.84923536768983,108364800
2018-02-01,247.8371124267578,249.13976768175868,247.04496845650746,247.38824606458448,90102500
2018-02-02,242.44171142578125,246.648903414558,242.40649726832018,246.51685703921194,173174800
2018-02-05,232.30218505859375,242.79377465444557,231.75648648531626,240.68138181637397,294681800
2018-02-06,236.87899780273438,237.38069869543102,227.69887605003453,228.7902729165111,355026800
2018-02-07,235.59400939941406,239.72196260327064,235.51477083413027,236.32453525026932,167376100
2018-02-08,226.7571258544922,236.03408117347925,226.72191170053435,235.89325141817721,246449500
2018-02-09,230.163330078125,232.0204668082653,222.61150677597604,229.54720334517796,283565300
2018-02-12,233.5431365966797,235.01302496426297,230.30413364191847,232.2140779480672,143736000
2018-02-13,234.12413024902344,234.66982881131727,231.7564818205949,232.33739453996532,81223600
2018-02-14,237.283935546875,237.64480681010988,232.62785014434985,232.63666039923194,120735700
2018-02-15,240.3116912841797,240.32050153842815,236.56217600658562,239.02665660887322,111200300
2018-02-16,240.38211059570312,242.32729669194248,239.64277441824743,239.68679883222927,160420100
2018-02-20,238.87698364257812,240.87497712315854,238.08483982487812,239.4314923731264,86369700
2018-02-21,237.68878173828125,241.79916815751923,237.5919763859256,239.31709396501657,98883700
2018-02-22,237.9968719482422,240.3293063871522,237.3279640789248,238.61299886895065,110511300
2018-02-23,241.7903594970703,241.7903594970703,238.7449930968572,239.22029018931661,92766400
2018-02-26,244.59805297851562,244.69488517707467,242.27442939994546,242.8641254019329,86491400
2018-02-27,241.54388427734375,245.49584682465152,241.48226622730925,244.7828878438035,99099200
2018-02-28,239.0970458984375,243.09300634693332,238.78019908798586,242.64411317159698,121907800
2018-03-01,235.62045288085938,240.43496205571952,234.1241599116461,238.88586127446672,176855100
2018-03-02,236.8350372314453,237.39835632114153,233.0855486252185,233.94809404808356,139083200
2018-03-05,239.5723419189453,240.18846875059273,235.541167333542,235.64680979709024,97307400
2018-03-06,240.1796417236328,240.62853486564214,238.68334915728698,240.54929630838222,79213200
2018-03-07,240.09161376953125,240.4436746997118,237.82079793841837,238.01443547909676,87063500
2018-03-08,241.2534942626953,241.37670352923723,239.77482190099204,240.769386869871,66901200
2018-03-09,245.45187377929688,245.45187377929688,242.3448890552754,242.66176276423687,113625300
2018-03-12,245.14376831054688,246.3672116624282,244.7564932107088,245.7423014669966,71924800
2018-03-13,243.55960083007812,246.80741637548974,242.9522839810635,246.3057151766443,91968900
2018-03-14,242.30963134765625,244.70368337191348,241.75514946256,244.5188560768814,105895100
2018-03-15,242.0455780029297,243.46263194836675,241.54387708563357,242.82012815022333,83433000
2018-03-16,242.30812072753906,243.35971533877714,242.25510141672984,242.57321728158507,100343700
2018-03-19,239.0294952392578,242.48472920532004,237.37699790072818,241.5568647326154,109208400
2018-03-20,239.43609619140625,240.0723548139247,238.75563683636938,239.42725065128056,59757300
2018-03-21,238.9765167236328,241.4861955710921,238.76443954354212,239.39185251338063,78709600
2018-03-22,233.00283813476562,237.59801555422393,232.72886909023754,236.74967967138895,148785900
2018-03-23,228.03646850585938,233.77164185526675,227.84205539286063,233.44468047615774,183534800
2018-03-26,234.27528381347656,234.55807137654898,229.23826181576712,231.64190216567016,141956100
2018-03-27,230.2898712158203,235.7422293758554,228.73456648530788,235.21203637055171,129941400
2018-03-28,229.6094207763672,232.0926172982425,228.50480702582675,230.42242836273297,146452300
2018-03-29,232.54327392578125,234.40787590041907,229.61825896543695,230.74938233105553,111601600
2018-04-02,227.52391052246094,232.52560454766385,225.04957315969895,232.0130486932908,186286300
2018-04-03,230.4400177001953,230.91721823665554,226.96711966774117,228.76101073780606,119956900
2018-04-04,232.9055633544922,233.6125052626878,226.75508245525387,226.88763069202741,123715300
2018-04-05,234.74371337890625,235.62740446622072,233.57723467130435,234.66415744910958,82652600
2018-04-06,229.51223754882812,234.27531822190647,227.992287884209,232.78190517782255,179521200
2018-04-09,230.64337158203125,234.03674208867398,229.70666119589032,230.970332966311,105442900
2018-04-10,234.31065368652344,235.09715158909322,232.39305939698409,233.5330013233873,103529000
2018-04-11,233.08233642578125,234.743679746807,232.75537508521705,232.8260584961061,91140200
2018-04-12,234.99990844726562,235.9454641579969,234.23110169917575,234.40785066181715,68890500
2018-04-13,234.31065368652344,236.42268803495486,233.30326001108475,236.30780389474955,85079200
2018-04-16,236.2371063232422,237.0059401567355,235.1236739866664,235.94550015531053,63405300
2018-04-17,238.7644805908203,239.36538401645197,237.49196335530033,238.00449228466618,64682000
2018-04-18,238.94122314453125,239.74535822498413,238.48168656357623,239.20631965807513,57303900
2018-04-19,237.6156463623047,238.49049167681346,236.58171619852686,238.28723307214477,77655900
2018-04-20,235.600830078125,237.7658836822387,234.7171391324635,237.54496094582333,99953100
2018-04-23,235.5655517578125,236.7320305255298,234.48744749700347,236.1753007969323,65558000
2018-04-24,232.39303588867188,236.81149026125064,230.89075061475296,236.5905675426217,112885500
2018-04-25,232.96749877929688,233.4093443478293,230.5108384969812,232.33124008188568,103840900
2018-04-26,235.33572387695312,236.16639548906852,233.55067794884684,233.9925234034569,67731900
2018-04-27,235.5566864013672,236.24596434828754,234.61997603678594,235.9455126245644,57053600
2018-04-30,233.74508666992188,236.7319662022988,233.67437629636294,236.17523662497214,82182300
2018-05-01,234.1603546142578,234.26639317576297,231.62413983380253,233.17944398413925,74203400
2018-05-02,232.58750915527344,234.7790458316721,232.19868291240678,233.96606511885076,86368900
2018-05-03,232.07485961914062,232.72878214200674,228.92007718059222,231.7567438949684,136311500
2018-05-04,235.07948303222656,235.7599423992167,230.7759119405855,231.10287331365893,91222100
2018-05-07,235.8748016357422,236.84684011200807,235.1589871513474,235.8482919858096,55304900
2018-05-08,235.8748016357422,236.2370911954513,234.31065138539753,235.5036395685785,67499200
2018-05-09,238.15469360351562,238.48165491620054,236.0249953336343,236.54636971982185,59666100
2018-05-10,240.3816375732422,240.70862592564802,238.79100441847086,238.89704303304075,72063900
2018-05-11,241.11505126953125,241.38014773448955,239.99274664229782,240.5053024320229,59871500
2018-05-14,241.22987365722656,242.20191175870875,240.6819628230291,241.54798933376313,54790600
2018-05-15,239.56861877441406,240.01928281464853,238.62306299805707,240.00161870440058,87036100
2018-05-16,240.5760498046875,241.0355864236159,239.57747457430713,239.60401119596355,53942600
2018-05-17,240.37274169921875,241.45084554749067,239.59508948497634,240.31087687124426,56536400
2018-05-18,239.77188110351562,240.39047562672215,239.4184100765879,240.02815905948526,64368000
2018-05-21,241.5746612548828,242.1137269152695,240.8677190756154,241.25654536464714,58025900
2018-05-22,240.9030303955078,242.35229681981767,240.57606898634646,242.09601883637487,52966400
2018-05-23,241.56576538085938,241.5923020009654,239.47142196883436,239.6305068489211,64694200
2018-05-24,241.07089233398438,241.44205441736767,239.28584623493438,241.16811236672407,76043800
2018-05-25,240.49647521972656,241.1238882133398,239.99276492981866,240.49647521972656,56374800
2018-05-29,237.7305450439453,239.63050228387698,236.61711271320866,238.87051399428245,115908600
2018-05-30,240.9030303955078,241.34487596856127,238.96777159619822,239.03845502191677,69678400
2018-05-31,239.4272918701172,240.79700241990025,238.82638833654232,240.49655065311285,93519900
2018-06-01,241.77789306640625,242.0783448076039,240.65558809722202,240.72629848815825,71258400
2018-06-04,242.92662048339844,243.18289839279595,242.36107233671052,242.59965916870462,45385200
2018-06-05,243.10337829589844,243.48335892041933,242.2903707808217,243.0591775688871,51135000
2018-06-06,245.13589477539062,245.24193338774694,243.09457058319848,243.71316511275833,62732200
2018-06-07,245.10935974121094,245.9135217591233,244.19915912192252,245.62191560533927,72969400
2018-06-08,245.83395385742188,245.88697314970935,244.48190796788347,244.64981138282843,72139700
2018-06-11,246.16091918945312,246.87670661518612,245.9399964785947,246.05488060313778,58892500
2018-06-12,246.47911071777344,246.84140030338042,245.8340065658228,246.57630378510464,72329000
2018-06-13,245.692626953125,246.97398979103377,245.48936829863752,246.71771182982977,79070600
2018-06-14,246.31112670898438,246.8413195721325,245.7190420543345,246.55855903448713,77097600
2018-06-15,245.9969482421875,246.3342630036423,244.41691627211264,245.52649004573834,120041600
2018-06-18,245.49102783203125,245.6153131236855,244.06190951326263,244.54122598024824,52917600
2018-06-19,244.55007934570312,244.77199411824915,242.80138985447235,243.21859071042707,97531500
2018-06-20,244.9672393798828,245.63298358658002,244.6299246475507,245.23352622688125,53785500
2018-06-21,243.43162536621094,244.97617063642073,242.93453843234295,244.95840011715003,71061400
2018-06-22,243.8754119873047,244.80747014112634,243.6534972491378,244.69207014300736,54898500
2018-06-25,240.5555419921875,242.88120378344922,238.8689956396021,242.72143169607955,137854200
2018-06-26,241.0882110595703,241.94035618967405,240.36920937335694,241.12372500767617,68547400
2018-06-27,239.09095764160156,243.10316657911685,238.94004369199013,241.6740485885047,105110700
2018-06-28,240.4579620361328,241.2213357813261,238.3275587424145,239.03770220338833,76650500
2018-06-29,240.8041229248047,242.91675559562933,240.68872292509045,241.54975320464837,97592500
2018-07-02,241.3189697265625,241.47876893898498,238.99330741347623,239.23299268750813,63554800
2018-07-03,240.46676635742188,242.31311185329525,240.04070746544886,242.21545529775338,42187100
2018-07-05,242.42857360839844,242.49071624932256,240.52011188401102,241.59419894270374,56925900
2018-07-06,244.47906494140625,244.8518665685956,242.07348943656189,242.45520341190885,66493700
2018-07-09,246.68038940429688,246.73364676824892,245.43767243008548,245.4820445369794,50550400
2018-07-10,247.56808471679688,247.66574129122372,246.84019784998708,247.13314048406528,51966800
2018-07-11,245.75738525390625,246.80484400519788,245.45558428801442,246.01481408245579,77054700
2018-07-12,247.9853057861328,248.03856316228035,246.41415901137128,247.01776066717977,60124700
2018-07-13,248.18064880371094,248.48244970085963,247.35513219481496,247.80784708514344,48216000
2018-07-16,247.9586181640625,248.36693364721475,247.51478874218458,248.22493207070815,48201000
2018-07-17,248.96176147460938,249.35233366553481,247.13318580309817,247.18644318466008,52315500
2018-07-18,249.4853973388672,249.59191206792966,248.59773847774855,249.04156790830788,44593500
2018-07-19,248.5444793701172,249.2013382541947,248.06513600349925,248.81965144799824,61412100
2018-07-20,248.26051330566406,248.97065690417503,248.10074115445224,248.34039938126998,82337700
2018-07-23,248.72206115722656,248.92620538892325,247.71011690042437,248.05631691118387,47047600
2018-07-24,249.9736328125,250.81691968072434,249.10374434759734,250.1334320169862,68026900
2018-07-25,252.1041259765625,252.42367032112602,249.68080634010803,249.72517846933786,78882900
2018-07-26,251.50927734375,252.19276496602095,251.28736261180742,251.38501918024653,57919500
2018-07-27,249.80508422851562,251.9354610633286,248.88191100071924,251.8378044570254,76768700
2018-07-30,248.50015258789062,250.04467060857164,247.97640992948166,249.88489848695707,63742500
2018-07-31,249.72512817382812,250.3376151334298,248.88186826381303,249.2635551837948,68570500
2018-08-01,249.3079376220703,250.435282087603,248.65996377509936,249.92930986712963,53853300
2018-08-02,250.66607666015625,250.8347069740888,247.7989278959903,248.0030992495822,63426400
2018-08-03,251.7400665283203,251.79332389456457,250.61272240135142,250.79026501496526,53935400
2018-08-06,252.66329956054688,252.97395857459247,251.38506828772208,251.77564045937442,39400900
2018-08-07,253.49769592285156,253.87940995687197,253.19589505328793,253.32906560124368,43196600
2018-08-08,253.39122009277344,253.79067761960602,252.92964700178607,253.32910452861861,42114600
2018-08-09,253.04501342773438,253.84390128604824,252.91186996621687,253.453329072791,35717000
2018-08-10,251.34954833984375,252.14843609399105,250.6394048223309,251.6069770580175,77076000
2018-08-13,250.4085693359375,252.2371444168388,250.11562674275706,251.62465763749628,65732900
2018-08-14,252.00634765625,252.2460328881242,250.74588723139615,251.13645930114777,43842000
2018-08-15,250.12451171875,250.79914111882084,248.6865087042399,250.65711245095338,102925400
2018-08-16,252.1484832763672,253.0183990896483,251.52711096842205,251.56262492324444,69967900
2018-08-17,253.03602600097656,253.47985541963948,251.53588039875999,251.94419587895447,65618500
2018-08-20,253.57757568359375,253.8438625660107,253.03608957040626,253.48880435971984,39807500
2018-08-21,254.1722412109375,255.03327141068831,253.61301178058812,254.09235516220178,67272000
2018-08-22,254.02134704589844,254.5450625208637,253.49760448173464,253.76391839237363,44993300
2018-08-23,253.68409729003906,254.7048998191549,253.36452593330048,253.84386942380561,49204900
2018-08-24,255.2108917236328,255.3529204388044,254.2078325465637,254.2610899286021,57487400
2018-08-27,257.2257995605469,257.3323142961806,256.24936933523725,256.40914143868787,57072400
2018-08-28,257.3500671386719,257.79389656613364,256.8884671970246,257.6873547486161,46943500
2018-08-29,258.7347717285156,258.9655445735212,257.3233976238515,257.5630557245399,61485500
2018-08-30,257.6874084472656,258.6283248624232,257.09269206048697,258.25552323561953,61229500
2018-08-31,257.6963195800781,258.14014914459057,256.7909170205872,257.27911870586814,66140800
2018-09-04,257.25250244140625,257.6075606923249,256.24944324288515,257.27913113299496,57594400
2018-09-05,256.5601806640625,257.1016669535676,255.5482630921748,256.8974955510962,72452400
2018-09-06,255.787841796875,256.9684164450401,254.75815402120662,256.6666156108415,65909900
2018-09-07,255.29075622558594,256.2671866291312,254.50072664342497,254.7404119315528,73524800
2018-09-10,255.7345733642578,256.56897502417314,255.539287293018,256.3026610601894,50210900
2018-09-11,256.577880859375,257.0217104592627,254.7404469036389,255.08661990516262,50530500
2018-09-12,256.6399841308594,257.24358579269136,255.8499816506508,256.58672675418035,59810800
2018-09-13,258.1579284667969,258.34435641404013,257.4211832065274,257.7052406687176,51034200
2018-09-14,258.2022705078125,258.5484434532182,257.4211262043679,258.3620426364613,55079900
2018-09-17,256.8352355957031,258.18446743841525,256.56006349021055,258.1489805848816,68244000
2018-09-18,258.2288513183594,258.82356760557764,257.0216211398096,257.0482498229806,61930400
2018-09-19,258.5040283203125,258.9212290907196,258.1578283433109,258.2821135932705,49080600
2018-09-20,260.5989074707031,260.9184787850341,258.52178873975845,259.7645329642432,100360600
2018-09-21,260.36083984375,261.45761269257395,260.200344464458,261.34169029247494,105479700
2018-09-24,259.4959716796875,259.9239866684046,258.9163867572712,259.7813150054989,53409600
2018-09-25,259.25518798828125,260.05769215619654,259.0144449014566,259.95069522871887,44370000
2018-09-26,258.47943115234375,260.58377660882445,258.0603417149148,259.3978577222201,79739700
2018-09-27,259.2016906738281,260.2895381277292,258.67560430350846,258.9520221046623,59249500
2018-09-28,259.2283935546875,259.7277306037356,258.5418119152034,258.5774594102581,70091400
2018-10-01,260.1290588378906,261.19905539547744,259.4603007849608,260.4678733934338,62078900
2018-10-02,259.9774169921875,260.6907479078921,259.6029277855832,259.9774169921875,47258200
2018-10-03,260.12005615234375,261.44864638205115,259.7633907390065,261.0295570381276,64694600
2018-10-04,258.087158203125,259.6921669454175,256.4999732159816,259.6386684681304,111545900
2018-10-05,256.6426086425781,258.82720205480575,255.2159192888122,258.3100411101316,105951700
2018-10-08,256.6426086425781,256.9992741780606,254.57391044020932,255.95599959464238,87742200
2018-10-09,256.2680969238281,257.5699383979539,255.7063357693403,256.25919865326443,74339000
2018-10-10,248.15377807617188,255.83113366704777,247.77928885427428,255.75978424546548,214731000
2018-10-11,242.68780517578125,248.68877555553425,241.07384434453292,247.0659164559745,274840500
2018-10-12,246.058349609375,247.07484753078003,242.86612979515945,246.78950427810025,183186500
2018-10-15,244.67628479003906,247.03032630002048,244.58711160341807,245.70170840659046,102263700
2018-10-16,250.02638244628906,250.40089899479534,246.16543058370004,246.6380186021487,118255800
2018-10-17,250.07093811035156,250.69509596423816,247.4939773585941,250.06201262855035,110626000
2018-10-18,246.45965576171875,249.7321241626372,245.18456346650396,249.13468826393387,134557500
2018-10-19,246.32591247558594,249.0455180000834,245.63040510530487,247.110593039357,139901600
2018-10-22,245.22012329101562,247.31554266649795,244.6851115988781,246.99455197831045,82415800
2018-10-23,243.97178649902344,245.09530848280906,239.51340048314862,241.5999490849873,146352700
2018-10-24,236.57980346679688,244.10556128274322,236.02696795147386,243.72211940213597,177806700
2018-10-25,240.82421875,242.36683043885208,237.39128255040535,238.41670611178432,138061500
2018-10-26,236.58868408203125,241.64450544969924,233.87800516322892,237.11479754214855,201574600
2018-10-29,235.2779541015625,240.97578498395356,231.70234671185867,239.682842042878,160749100
2018-10-30,238.76441955566406,239.07651205137157,234.6181255750687,235.10856441456093,157116000
2018-10-31,241.31468200683594,243.63304890912153,240.85991778191018,241.33250576026617,128296300
2018-11-01,243.88267517089844,244.07884527191928,241.0917207748512,242.17956820563373,99495000
2018-11-02,242.4381561279297,245.41635506870088,240.38728199417207,244.98834016496485,122634100
2018-11-05,243.77572631835938,244.32856201793888,241.95669658761557,242.92862180330178,65622500
2018-11-06,245.31826782226562,245.47876321419287,243.6508355340776,243.713259479327,60085900
2018-11-07,250.57025146484375,250.6504991579241,247.0659389293435,247.49395383760404,102752100
2018-11-08,250.115478515625,250.75748724948596,248.97413267896457,249.76771131269436,65584900
2018-11-09,247.6723175048828,248.99198261026126,246.26345200740127,248.80473797998025,98812600
2018-11-12,243.04444885253906,247.40473599362826,242.52726086362566,247.16399295785445,99673600
2018-11-13,242.5896759033203,245.50545029923543,241.86741961064567,243.50810225152546,98176600
2018-11-14,240.9312744140625,244.86354829208736,239.3708387694425,244.46230973914507,125335900
2018-11-15,243.4457550048828,243.90944467046296,238.08679231174762,239.66505152031465,135101400
2018-11-16,244.07882690429688,244.98832791595154,241.8317827868211,242.3489708377892,126668000
2018-11-19,239.95034790039062,243.7667253541707,239.03192144248044,243.4724566298117,103061700
2018-11-20,235.5098419189453,238.0778773089809,234.6449137106602,236.61551324060773,136021300
2018-11-21,236.31231689453125,238.21159396690376,236.30341862525125,237.06132258851162,75563700
2018-11-23,234.73406982421875,236.13400983891086,234.57357442697398,234.6716458769011,42807900
2018-11-26,238.52369689941406,238.74661624231072,236.59767051136697,236.99001073181176,79981400
2018-11-27,239.32615661621094,239.32615661621094,236.88296977988102,237.48930374904148,75502400
2018-11-28,244.83673095703125,244.83673095703125,239.2637480620135,240.39619560185264,127629600
2018-11-29,244.30181884765625,245.70173188521753,242.91970235254936,244.06104849958857,82346400
2018-11-30,245.79083251953125,246.3525935500648,243.82915886470985,244.1501496182544,98204200
2018-12-03,249.0454559326172,250.02630639288208,247.449373177828,249.91930947209525,103176300
2018-12-04,240.97576904296875,248.64419858808955,240.6636765731652,248.21618372563074,177986000
2018-12-06,240.61021423339844,240.7261366434541,234.01180724806255,237.11485424005295,204185400
2018-12-07,235.0194091796875,241.840735566678,234.18123028122503,240.27137469945745,161018900
2018-12-10,235.4652099609375,236.43713486508972,230.60555822834715,234.84102502235243,151445900
2018-12-11,235.5187225341797,238.85358682830298,234.04746047570356,238.6663422202357,121504400
2018-12-12,236.70469665527344,239.86124255957256,236.62444894734685,238.4969771011459,97976700
2018-12-13,236.62440490722656,238.514756462568,235.5098082626307,237.64982837788833,96662700
2018-12-14,232.2551727294922,235.42954153976902,231.70233719235173,234.47544035827565,116961100
2018-12-17,227.69871520996094,232.4156821266384,226.06694412299714,231.30108550488026,165492300
2018-12-18,227.4490509033203,230.00817404669752,225.8440290168278,229.33941606115198,134515100
2018-12-19,224.0428466796875,231.30109978443372,222.3397532769953,227.52930839320615,214992800
2018-12-20,220.39585876464844,224.3638197072121,218.1488283409156,222.79447268439893,252053400
2018-12-21,215.8800811767578,223.96101871006718,215.23432328750374,221.2972708382368,255345600
2018-12-24,210.17593383789062,216.0056837367362,210.11315903229698,214.3912887199813,147311600
2018-12-26,220.79501342773438,220.79501342773438,209.6557098934448,211.6378306042303,218485400
2018-12-27,222.49012756347656,222.68742954792995,214.31950984244187,217.55726318862372,186267300
2018-12-28,222.2030792236328,225.47670135459668,221.03712692857448,223.84437908980937,153100200
2018-12-31,224.14938354492188,224.39154620365275,221.9520191496797,223.826504561738,144299400
2019-01-02,224.38253784179688,225.30634138582334,220.5887205734624,220.6156260112586,126925200
2019-01-03,219.0281219482422,222.9385380619332,218.5437967601723,222.633586997628,144140700
2019-01-04,226.36463928222656,227.01039710544208,221.68290190659857,222.0595916892461,142628800
2019-01-07,228.1494598388672,229.5575612415073,225.73683859430514,226.6337230013322,103139100
2019-01-08,230.29298400878906,230.77730922015044,227.80862422016872,230.33784464859812,102512600
2019-01-09,231.36927795410156,232.21235150960845,229.7728247604112,231.001552052594,95006600
2019-01-10,232.18545532226562,232.43658187833222,229.15398144284202,229.83562239676925,96823900
2019-01-11,232.275146484375,232.30205192325036,230.52621084525182,231.10918026804572,73858100
2019-01-14,230.85801696777344,231.66520737629008,229.97011025547886,230.3736917743686,70908200
2019-01-15,233.50389099121094,233.8178060483478,231.2257966394314,231.23477424329755,85208300
2019-01-16,234.0688934326172,234.95680020292303,233.72807299168477,233.93433888012572,77636700
2019-01-17,235.84471130371094,236.70574002421503,233.15405813629934,233.19891877819984,96118400
2019-01-18,238.9837646484375,239.4501619660618,235.8805528714252,237.65639350316124,127900300
2019-01-22,235.7550048828125,237.72816138252549,234.14062401631128,237.51291789918878,115531200
2019-01-23,236.248291015625,237.48599569891365,233.78185925046566,236.78642705671606,86030300
2019-01-24,236.37387084960938,236.95686760170713,235.05544969694287,236.06893344044875,59204100
2019-01-25,238.37391662597656,239.19906225440906,236.47252622175893,238.2214342464364,96883400
2019-01-28,236.56219482421875,236.62495591897456,234.795331784632,236.23035203624687,85613700
2019-01-29,236.248291015625,237.2707248600356,235.41419520583867,236.7057107561628,66136300
2019-01-30,239.98828125,240.83135465460592,237.0016686699602,237.7640257746446,92473700
2019-01-31,242.09596252441406,242.5802876902036,239.71024710052512,239.92551793572912,104012100
2019-02-01,242.2126007080078,243.23506206970345,241.42333805071436,242.2933170201301,85782500
2019-02-04,243.9166259765625,243.9794144412397,241.58472151923812,242.2573846874624,60744800
2019-02-05,244.93910217285156,245.24403954335247,243.8449022571784,244.34715526397238,79552800
2019-02-06,244.61622619628906,245.15436227457596,243.8808018390595,244.66108683574342,58347800
2019-02-07,242.28431701660156,243.54889968414557,240.6250757307441,243.00181344634484,95482000
2019-02-08,242.58029174804688,242.6789358806665,240.21250411634384,241.03764969516837,75788900
2019-02-11,242.71484375,243.49512877232434,242.18568525636323,243.2350520120421,68021400
2019-02-12,245.83596801757812,246.21264405905953,244.25744304560342,244.32920911018448,72270200
2019-02-13,246.63427734375,247.4773510230501,246.24862355044635,246.6701603900964,65277200
2019-02-14,246.0871124267578,247.2171953749836,244.73280840916888,245.54897638613906,83234400
2019-02-15,248.76885986328125,248.80474290860056,247.65673179507854,247.86299772149064,97088700
2019-02-19,249.1992950439453,249.85400303103305,247.96159039611473,247.97056799727545,59120800
2019-02-20,249.7015838623047,250.15900365536774,248.66119469559098,249.16344775941977,76610800
2019-02-21,248.81378173828125,249.42365680506168,247.85410847773664,249.06490837582322,64214700
2019-02-22,250.35633850097656,250.55362680405707,248.79574094593468,249.43252124160176,78114600
2019-02-25,250.69708251953125,252.3025130344666,250.6163662193259,251.78233219845353,69030700
2019-02-26,250.51768493652344,251.39661387779793,250.1409815540259,250.34727476000455,56844100
2019-02-27,250.41017150878906,250.7599422424013,248.86752902368693,249.80026922714873,56921600
2019-02-28,249.94369506835938,250.63431345494496,249.6208298778012,250.19482156237186,69268300
2019-03-01,251.50425720214844,251.91681623391875,250.06923713469772,251.52218503110151,78880500
2019-03-04,250.58949279785156,252.80479833338205,248.2934709518045,252.56264940183235,106494600
2019-03-05,250.2485809326172,250.9122937500809,249.7014947931696,250.714978161764,59114600
2019-03-06,248.73281860351562,250.37413159125066,248.40995351324244,250.36515399294532,75039800
2019-03-07,246.65211486816406,248.42792793922666,245.80904159111614,248.28442319305557,94885100
2019-03-08,246.1588592529297,246.32926946093076,244.32923497345007,244.79560495965796,85795800
2019-03-11,249.728515625,249.88994826166174,246.8495241215637,246.8764295610073,65098900
2019-03-12,250.67025756835938,251.1904659421307,250.09626568125225,250.28460377553407,79667500
2019-03-13,252.32940673828125,253.2621740040763,251.3966394724862,251.55809943612732,80639200
2019-03-14,252.1680450439453,252.7779199246628,251.72858040500805,252.35638312195522,67518400
2019-03-15,253.41383361816406,254.22457943424033,252.53100562346543,252.72020072387699,81309000
2019-03-18,254.33273315429688,254.63002409907617,253.40487420504172,253.6300829547765,62199800
2019-03-19,254.39576721191406,256.16139589718296,253.50394946882147,255.39570823440198,90268100
2019-03-20,253.6300811767578,255.38672040889546,252.52207173026378,254.1796048177356,84609200
2019-03-21,256.4947509765625,256.90011021839473,252.76528100389675,252.81033924719029,79550400
2019-03-22,251.5581512451172,255.65693913191063,251.49508620284652,255.13446697482513,122659300
2019-03-25,251.36895751953125,252.40491207106848,250.10779426151646,251.21580350295577,85575200
2019-03-26,253.2427520751953,254.19763505610663,251.83745155644644,253.12563911674877,68125900
2019-03-27,251.91848754882812,253.81926358336898,250.369050339607,253.23369887450275,72224700
2019-03-28,252.87344360351562,253.32386120762857,251.39608815750583,252.54915612438256,56238500
2019-03-29,254.4678497314453,254.79213709615857,253.26073427729185,254.38677789026698,82186800
2019-04-01,257.485595703125,257.7828865786894,256.19740855246874,256.4676754840088,77617900
2019-04-02,257.6117858886719,257.8460117857423,256.8190466905588,257.67485093654506,40070400
2019-04-03,258.0171203613281,259.224235717059,257.4135489378142,258.82786619830597,68243200
2019-04-04,258.70184326171875,258.954076015262,257.64788148457,258.34151468398676,48997500
2019-04-05,259.9539489746094,260.0079968724831,259.08013797058265,259.3684117534433,58621700
2019-04-08,260.1521911621094,260.2602869817064,258.8729931504952,259.53061270811963,53566300
2019-04-09,258.8188781738281,259.51251116404137,258.2693820694969,259.18822378928195,66142300
2019-04-10,259.70172119140625,259.791810186664,258.818893023963,259.2332694125867,52601500
2019-04-11,259.629638671875,260.1971691008526,259.0621082428974,260.1881519539477,55093100
2019-04-12,261.38629150390625,261.66554815952185,259.67471047201315,261.24215460241066,69727800
2019-04-15,261.2150573730469,261.5573789816548,260.4133012380131,261.4582728622337,49596700
2019-04-16,261.38629150390625,262.15200676565667,260.7917370944754,262.0979588640087,52153200
2019-04-17,260.7467346191406,262.5303705495719,260.3323306731585,262.5033465958171,58268300
2019-04-18,261.2600402832031,261.5303071574477,260.03491842542303,261.3321224461844,68708500
2019-04-22,261.4853210449219,261.63847506502617,260.40433572370114,260.49442470662734,40160100
2019-04-23,263.8365478515625,264.0707737387057,261.6205015444346,261.85469994027653,52246600
2019-04-24,263.2508850097656,264.08865452606443,263.106748185786,263.7553501480502,50392900
2019-04-25,263.0888671875,263.74648667544756,261.8997858066131,263.151932239352,57770900
2019-04-26,264.31396484375,264.386019537816,262.35914106238647,263.1338733529149,50916400
2019-04-29,264.72833251953125,265.2508321267672,264.3139561868012,264.40404516990714,57197700
2019-04-30,264.863525390625,265.1517992196518,262.9717936794869,264.3860838887455,81111700
2019-05-01,262.8725280761719,265.70116176157273,262.8635109334512,265.4939599180196,71671900
2019-05-02,262.3051452636719,263.67443214456034,260.80975577029875,262.7555627921106,65030200
2019-05-03,264.8725280761719,265.1517847417606,262.41323849814745,263.78252536560603,56543700
2019-05-06,263.78240966796875,264.2238098506895,260.25112573232684,260.5664233591096,107198100
2019-05-07,259.3773498535156,261.97175840097896,257.46758453143724,261.377204151244,144729900
2019-05-08,259.0169982910156,260.7285787101996,258.42244409442253,259.0169982910156,91568300
2019-05-09,258.2333068847656,258.8368508052138,255.206487663427,256.9451197195856,103471100
2019-05-10,259.5304260253906,260.2871237095767,254.30556940893348,257.2963465592551,112429300
2019-05-13,253.0084686279297,255.3776687368432,252.17069879596136,254.4137963184327,127290500
2019-05-14,255.29664611816406,256.82807669036634,253.90036279568258,254.0264654064371,77003200
2019-05-15,256.7920837402344,257.43166904420116,253.45898245403038,253.66618444998986,73956400
2019-05-16,259.170166015625,260.53040778063,257.4225444185562,257.4945991016758,76749600
2019-05-17,257.49468994140625,259.98100350122996,256.846087599335,256.8641218949481,100353000
2019-05-20,255.7920379638672,257.60269711519743,255.04432972710484,255.89111659043132,62877600
2019-05-21,258.0981750488281,258.4765102516774,257.2333538882968,257.485586520628,46847100
2019-05-22,257.3054504394531,258.2603331360052,256.8280090911771,257.1433067720303,49482500
2019-05-23,254.1615447998047,255.12541714671232,252.74722755959448,255.0803864030303,98733800
2019-05-24,254.73812866210938,256.01732650077423,254.1165502921579,255.60292259327096,55268100
2019-05-28,252.368896484375,255.97223615216205,252.35088968290407,255.01735333950248,70029400
2019-05-29,250.67527770996094,251.6571842952598,249.26997768959785,251.25182514974838,104972900
2019-05-30,251.35997009277344,252.26982217173114,250.26095037557218,251.43202479119464,62523800
2019-05-31,247.97280883789062,249.6393588730026,247.94578489099905,248.81060617412786,86862800
2019-06-03,247.34225463867188,249.1258902150911,246.00900903833892,248.00886369318812,96428000
2019-06-04,252.71119689941406,252.84631662733304,249.18892937140495,249.639346792,77231900
2019-06-05,254.9002227783203,254.92724672430833,252.52203305748088,254.33269242127398,71169700
2019-06-06,256.5577697753906,257.2333959536874,254.54892553301983,255.19752776383675,69430400
2019-06-07,259.1251220703125,260.2061348157699,257.4045243209625,257.57568513051484,74272200
2019-06-10,260.314208984375,261.98075870724784,260.22412001451545,260.6745373725193,60799100
2019-06-11,260.2511901855469,262.50327737561093,259.60258797515644,262.1339317774846,58641300
2019-06-12,259.79180908203125,260.5755311039681,259.27832655341695,260.0170178235672,47096300
2019-06-13,260.8638000488281,261.22415605961413,259.99900610381013,260.7016563387567,48945200
2019-06-14,260.575439453125,261.1789832730312,259.80972450296343,260.575439453125,52324700
2019-06-17,260.674560546875,261.44027562181344,260.5033997363136,260.8096802680297,39205700
2019-06-18,263.4041442871094,264.458133316418,262.1339636584768,262.49431964575285,85434800
2019-06-19,263.9986572265625,264.5301464856538,262.5663331233237,263.539222658832,78674400
2019-06-20,266.5210266113281,266.9264133528406,264.0617646861457,266.6831978027144,116570000
2019-06-21,266.1335754394531,267.5094941837973,265.9163323811376,266.2512579710432,83309500
2019-06-24,265.8077697753906,266.65864781741556,265.653870824963,266.3418441621465,47582700
2019-06-25,263.20068359375,265.8891769398379,263.0920620646163,265.8620215575545,82028700
2019-06-26,262.93817138671875,264.60376601063865,262.8295498541817,264.09684710879384,51584900
2019-06-27,263.87060546875,264.37752449052414,263.31843667271613,263.69861212653933,40355200
2019-06-28,265.2284240722656,265.7262820776857,264.3322686125038,264.84822100220697,59350900
2019-07-01,267.6362609863281,268.7768423916626,266.43230780847284,268.55957168944997,78705600
2019-07-02,268.3332824707031,268.38759324301185,266.7491538200057,267.5909984158022,61504500
2019-07-03,270.47857666015625,270.4966986632992,268.867293005705,269.01213090582485,40898900
2019-07-05,270.17083740234375,270.333797324257,267.95307413888946,269.2475267615392,51677300
2019-07-08,268.686279296875,269.98979283576267,268.1431440515041,268.85827258499256,45841800
2019-07-09,269.02117919921875,269.3198883619145,267.4732673788795,267.5275781357333,41101300
2019-07-10,270.3066101074219,271.2571037412516,269.55529277783,270.08936704826425,58448500
2019-07-11,270.9403076171875,271.18470609038985,269.93553071345565,270.9493686208283,50826100
2019-07-12,272.1533203125,272.22575309854625,271.12138792395734,271.42915820211965,40326000
2019-07-15,272.2438049316406,272.587791549062,271.7368860086016,272.587791549062,33900000
2019-07-16,271.36572265625,272.3614660428078,271.05795245040616,272.15325636311616,36650100
2019-07-17,269.5191345214844,271.50156073888,269.5191345214844,271.3386284093714,36036300
2019-07-18,270.5057678222656,270.88597081349883,268.5776803578232,269.0212274934216,51392600
2019-07-19,269.0031433105469,271.6282650875979,268.8311500014461,271.60110970326673,58678600
2019-07-22,269.6639404296875,270.2070757552025,268.88546764229045,269.40141995777003,43638100
2019-07-23,271.592041015625,271.592041015625,269.95360174897894,270.78641288658775,44564500
2019-07-24,272.8683776855469,272.8683776855469,270.7411140582117,270.8316412045889,47213200
2019-07-25,271.56488037109375,272.4700966389974,270.75922463265556,272.41578587292383,55394100
2019-07-26,273.3843078613281,273.583456497154,272.1260442929282,272.252787799818,45084100
2019-07-29,272.8865051269531,273.38439067984694,272.33433642966406,273.2667081377991,38126500
2019-07-30,272.21661376953125,272.62397210504514,271.10318791079754,271.4833908656109,45849000
2019-07-31,269.2384338378906,272.6511164157316,267.21981949609557,272.461001133541,104245200
2019-08-01,266.8939208984375,272.3523730664228,266.097326282711,269.3923262613973,142646600
2019-08-02,264.8843688964844,266.24219324196565,263.32739587533223,265.99779480478156,116749700
2019-08-05,256.9185485839844,260.89243457546314,255.01758844653918,260.78381301761164,178745400
2019-08-06,260.5212097167969,260.73848038847234,257.334858657285,258.8103654742626,120711700
2019-08-07,260.6751403808594,261.4445797648899,255.30721432375586,257.4435115429368,140572300
2019-08-08,265.7896728515625,265.7896728515625,261.61663791246286,262.16880673520035,87713900
2019-08-09,263.97918701171875,265.4456330756324,262.1959097009694,264.8481869708878,93730000
2019-08-12,260.7655944824219,263.97003941346276,259.81510105372206,262.4764384540791,65527600
2019-08-13,264.82098388671875,266.2693353078018,260.1229096763027,260.46689624662304,94299800
2019-08-14,256.9908447265625,261.3720873263827,256.8641288378296,260.7656080106551,135622100
2019-08-15,257.6697998046875,258.565982676383,255.6240298665411,257.87800948700215,99556600
2019-08-16,261.47174072265625,261.90622687818694,257.72413188114456,259.3263824546937,83018300
2019-08-19,264.6218566894531,265.3007688833208,263.8162285844009,264.4951407782686,53571800
2019-08-20,262.59417724609375,264.6490081776248,262.46746133677397,264.11493390797597,51596400
2019-08-21,264.7304992675781,265.1016136143309,264.0696814702971,264.75765464965775,49524700
2019-08-22,264.6490783691406,266.07027488099453,262.874861793045,265.4366399163249,51666400
2019-08-23,257.8509216308594,265.01118735203045,256.60171845984394,263.34559233234813,149161500
2019-08-26,260.7021789550781,260.7021789550781,258.5115443241375,260.0413614037,72423800
2019-08-27,259.679443359375,262.4675255465736,258.9190648424156,262.09638348025754,66668900
2019-08-28,261.5079650878906,261.67089740118485,258.21296430788306,259.0186201208558,59696700
2019-08-29,264.84814453125,265.37318539901827,263.0648675062555,264.0696718566362,57899400
2019-08-30,264.7304992675781,266.3508164400091,263.7981276495006,266.33272206029176,62901200
2019-09-03,263.1825866699219,263.9429650713282,261.8519175612082,263.0287153639879,69101400
2019-09-04,266.1697998046875,266.1878941850872,264.60376571235577,265.35511068657013,46887300
2019-09-05,269.5914611816406,270.50571064288545,266.13352910544006,268.6590897186863,83258100
2019-09-06,269.7997131347656,270.4424366119935,269.2294500581553,269.90836229817734,49584300
2019-09-09,269.93548583984375,270.8768908116145,268.9940532430665,270.78639129029517,51260300
2019-09-10,269.8721008300781,269.9354725918967,267.91683059042794,269.175066700084,57947100
2019-09-11,271.7912292480469,271.87269541058845,269.5281882051822,270.1799451305277,68821100
2019-09-12,272.7326354980469,273.79172313296596,271.9360407085292,272.69641910988423,72908700
2019-09-13,272.55157470703125,273.52922378912524,272.1804327059594,273.1761761691998,62104800
2019-09-16,271.7097473144531,272.5968692967688,271.0670514305876,271.4200714477773,58191200
2019-09-17,272.3977355957031,272.48823513713944,271.33862023577393,271.5106135645232,41475500
2019-09-18,272.5606689453125,272.66929049545473,269.971735625201,272.0084725654059,73375800
2019-09-19,272.5425109863281,273.9456128239517,272.20758537589813,272.9498693706403,76560500
2019-09-20,271.2547607421875,273.4282314887525,270.46359030392364,273.14629306857836,89565000
2019-09-23,271.19122314453125,271.9096544168928,270.3363878970603,270.5910179014609,43476800
2019-09-24,269.0631408691406,272.67344612254635,268.09918278912005,272.2824122840167,94869400
2019-09-25,270.65472412109375,271.1003197594331,267.66280029308865,269.1451218074746,71854000
2019-09-26,270.09075927734375,270.87282694256567,268.6812058097561,270.6636835101628,56179700
2019-09-27,268.6357421875,270.9547201008358,267.08068181796534,270.8455691998778,84746600
2019-09-30,269.881591796875,270.5909199632974,269.10862696682705,269.1540856912137,51662400
2019-10-01,266.67144775390625,271.4184990741899,266.4532014526551,270.7637324178549,88242400
2019-10-02,261.9608154296875,265.09824519659725,260.6694876361952,265.0891423486225,122539500
2019-10-03,264.1069030761719,264.1341838568683,259.0142779097758,261.73336414528853,85278800
2019-10-04,267.6808776855469,267.93550760720115,264.7071332315853,264.7617225564784,65091200
2019-10-07,266.52593994140625,268.5084455962607,266.2440292191831,266.88061793215365,59610500
2019-10-08,262.3881530761719,265.4073559101464,262.35176944794006,264.6707470157687,95708100
2019-10-09,264.8799133300781,265.81659063182866,263.7795513160013,264.407037132498,62359400
2019-10-10,266.67144775390625,267.55356355823847,264.63440826867793,264.7980929946163,55296300
2019-10-11,269.43603515625,271.67314311799345,269.30873405810314,269.4269323090313,98720400
2019-10-14,269.1358947753906,269.7906613399473,268.790319678461,269.11768908445055,40394800
2019-10-15,271.8005676269531,272.54627979417654,270.0636161044368,270.1818421495567,46754500
2019-10-16,271.36395263671875,272.0551029660115,270.927460009867,271.3366718475405,48928200
2019-10-17,272.1642150878906,273.0372280587811,271.4730647866204,272.5279681797132,45736600
2019-10-18,270.9728698730469,272.2733001769917,270.1180349628478,271.62763644782535,64304000
2019-10-21,272.8098449707031,273.009913309205,271.85498975437696,272.29151006181155,39048600
2019-10-22,271.9186096191406,273.6373542774494,271.82766443425294,273.3463407868384,48594700
2019-10-23,272.7099304199219,272.76449201043494,271.45495833294325,271.66412959830274,34352200
2019-10-24,273.15545654296875,273.792045273886,272.32790229380925,273.64653848531685,35453100
2019-10-25,274.2740173339844,274.8196608389771,272.527963668524,272.58252524376513,45205400
2019-10-28,275.8199462890625,276.32013101368767,275.4652960867663,275.4925768715583,42147000
2019-10-29,275.73809814453125,276.66570031313864,275.4198038269224,275.54713265499714,44284900
2019-10-30,276.5838928222656,276.95672100272753,274.62866794732867,275.93820126006324,49643900
2019-10-31,275.8472900390625,276.57482405388174,274.39227751459396,276.57482405388174,69053800
2019-11-01,278.4027099609375,278.4481686934179,277.1295324204775,277.2932449130918,71141500
2019-11-04,279.5212707519531,280.0941951369652,279.1484147592851,279.95779117686374,60606900
2019-11-05,279.2120056152344,280.0213818195309,278.92099207531345,279.72126543380665,42933200
2019-11-06,279.2756652832031,279.5484731268798,278.3298851708271,279.2120008688192,46487100
2019-11-07,280.2578125,281.5946264927241,279.78493630115787,280.6124904635661,54272300
2019-11-08,280.948974609375,281.0035361826021,279.2120238547651,279.9122492128996,49032100
2019-11-11,280.4125061035156,280.5852937140423,279.43034202761794,279.5667737483614,35797300
2019-11-12,281.0035705566406,281.9038643775972,280.230577837926,280.7762213895236,46484600
2019-11-13,281.09454345703125,281.4946802507706,279.78500990526373,280.0123590947708,53917700
2019-11-14,281.503662109375,281.5855322127574,280.1759510531311,280.8125396739401,51219900
2019-11-15,283.540771484375,283.5862302129895,282.1493958072757,282.8405183461568,62023600
2019-11-18,283.74993896484375,283.9863909798559,282.84964514242654,283.3043434773983,49228000
2019-11-19,283.6680603027344,284.35921056429345,283.0223965204034,284.35010771793173,67804700
2019-11-20,282.61309814453125,283.5952617594238,281.05803813228846,283.07689917115135,79406200
2019-11-21,282.158447265625,282.8314195597847,281.35820164303874,282.72229641818564,54664700
2019-11-22,282.78594970703125,283.04057963659153,281.7765328353182,282.9041757015737,44850200
2019-11-25,284.9775695800781,284.9775695800781,283.7135229082867,283.7135229082867,48647200
2019-11-26,285.6232604980469,285.80515091180786,284.69568599405943,285.01398034185087,37569000
2019-11-27,286.8963928222656,286.8963928222656,285.88694836384724,286.1051946240128,44444600
2019-11-29,285.8324279785156,286.5781398116173,285.60507884056364,286.3325849809778,36592700
2019-12-02,283.4043884277344,286.15075634985016,282.976970887455,286.08709192303365,75767800
2019-12-03,281.503662109375,281.5855322127574,279.30293822530007,280.6852108487473,73941700
2019-12-04,283.2406005859375,283.8408055521402,282.2039031007338,282.54947817999374,49080000
2019-12-05,283.74993896484375,283.95911018986095,282.44040553991834,283.9409322473923,40709000
2019-12-06,286.3416748046875,286.7418114894914,285.6505245759209,285.6596274218507,48927000
2019-12-09,285.4413757324219,286.62358007257694,285.36860847152025,285.950635548419,34838500
2019-12-10,285.1230773925781,286.0506518116673,284.4683108165804,285.3868101426187,52649800
2019-12-11,285.9324951171875,286.1871250585876,285.04127644599606,285.5778171170683,53429100
2019-12-12,288.39697265625,289.1790404773349,285.7051662626912,285.9415905269858,96389600
2019-12-13,288.5697021484375,289.79739296590316,287.3874700546423,288.16046262508945,81503900
2019-12-16,290.5521545410156,291.14325666014565,288.5060126076282,290.2975246549638,82749700
2019-12-17,290.6158752441406,291.2342582653961,290.53403288126106,290.9341696015044,61097700
2019-12-18,290.634033203125,291.23423824222414,290.5794716316232,291.0068891101069,48133000
2019-12-19,291.82525634765625,291.89802359041096,290.570285059568,290.82491490406625,85310500
2019-12-20,293.1047668457031,294.23795375085035,291.88018760229625,292.8580047434994,147142100
2019-12-23,293.5525817871094,293.945538202169,293.4063596093835,293.89070837165036,52990000
2019-12-24,293.5617370605469,293.82673861863617,293.2601450957839,293.7810563883531,20270000
2019-12-26,295.1243591308594,295.1335067299267,293.9363425910148,293.94546230106056,30911200
2019-12-27,295.05126953125,295.91030727604016,294.52123861313635,295.8554774530982,42528800
2019-12-30,293.42462158203125,295.2706521393171,292.94027282858093,295.1335775655158,49729100
2019-12-31,294.13751220703125,294.38427439178196,292.5748058894299,292.9220801575714,57077300
2020-01-02,296.8881530761719,296.90644827655234,294.74970630853255,295.672721478946,59151200
2020-01-03,294.6401062011719,295.7641735797391,293.44294167338677,293.49777150755784,77709700
2020-01-06,295.76409912109375,295.84634385164514,292.7665868662051,292.88539410667613,55653900
2020-01-07,294.93255615234375,295.67278681667864,294.4847419794395,295.19755772617054,40496400
2020-01-08,296.50433349609375,297.71976504897265,294.8776503960096,295.12438459091834,68296000
2020-01-09,298.5149230957031,298.5880481404525,297.48224797862525,298.06713678048754,48473300
2020-01-10,297.6558837890625,299.25515249526273,297.1898301592266,299.09981058166176,53029300
2020-01-13,299.702880859375,299.7120005705417,297.8477308070792,298.2772496807154,47086800
2020-01-14,299.2460021972656,300.31521183370324,298.68852837435486,299.264269511989,62832800
2020-01-15,299.9222106933594,300.6807085322573,299.07232051640693,299.1545652539482,72056600
2020-01-16,302.4170837402344,302.4170837402344,301.07369722923175,301.3021641332184,54050300
2020-01-17,303.3583679199219,303.56853962375646,302.3531079591049,303.12990101469194,95846000
2020-01-21,302.76434326171875,303.56855126120206,302.3257046358388,302.398801777143,77742400
2020-01-22,302.8009033203125,304.27224473675494,302.6455614379162,303.62337862619233,48914900
2020-01-23,303.148193359375,303.5594449783584,301.03716121185505,302.15208091700214,51963000
2020-01-24,300.4522705078125,303.8884219479204,299.16371371777205,303.80617720247466,87578400
2020-01-27,295.6361999511719,297.1166611579254,294.8685544324489,295.2066810180619,84062500
2020-01-28,298.7342529296875,299.6115581923156,295.7276201151106,297.06185926917453,63834000
2020-01-29,298.4874572753906,300.3243402372707,298.28640527016483,300.0958733171972,53888900
2020-01-30,299.4561767578125,299.6663763797536,295.6727787860852,296.42212914324796,75491800
2020-01-31,294.0186462402344,298.99008843943227,293.104778599044,298.83471866925794,113845600
2020-02-03,296.2027587890625,298.067056481467,295.3802835359217,295.499090784858,69083000
2020-02-04,300.71722412109375,301.58540936360026,299.4926450715204,299.81250426028714,62573200
2020-02-05,304.1899719238281,304.4001715229161,302.18862743263116,303.6507933581962,65951100
2020-02-06,305.2135314941406,305.40543589404376,304.1351464583818,305.14955406449695,50359700
2020-02-07,303.5868225097656,305.22262540475447,303.038496381652,304.15341594950706,64139400
2020-02-10,305.8531799316406,305.91715735245873,302.66379115886144,302.70035366918944,42070000
2020-02-11,306.38330078125,307.9916890041701,305.85324188570775,307.20577615157714,54864500
2020-02-12,308.35711669921875,308.56728832929036,307.4523691075053,307.8179104497755,43992700
2020-02-13,308.0282287597656,308.9969262404168,306.65742728084103,306.93157642101494,54501900
2020-02-14,308.52166748046875,308.6404747153644,307.24225858355834,308.4394227537769,64582200
2020-02-18,307.7266845703125,308.58572245034776,306.33758779968736,307.52563255819723,57226200
2020-02-19,309.197998046875,309.87425122864335,308.4120852020123,308.69538196134926,48814700
2020-02-20,307.92767333984375,309.4721116863874,304.9393086876562,308.64960860364215,74163400
2020-02-21,304.7565612792969,306.8858604042742,303.93405817128195,306.57514878327885,113788200
2020-02-24,294.6492004394531,304.82967088286625,293.5708154883239,295.3071862193686,161088400
2020-02-25,285.7207946777344,296.65064700332005,284.8434892986095,296.03837112534984,218913200
2020-02-26,284.6697998046875,290.7104521537765,283.93871677139504,287.1189586441504,194773800
2020-02-27,271.884765625,284.72459458112405,271.884765625,279.1499964992916,284353500
2020-02-28,270.74249267578125,272.23210170332254,260.94582840686195,263.833654100991,384975800
2020-03-02,282.4673767089844,282.53135414421934,269.0974871963839,272.5244912250123,238703600
2020-03-03,274.3796081542969,286.8082134931983,271.93959720140725,282.8420313278847,300139100
2020-03-04,285.91259765625,286.1319448399597,277.20344073550206,279.7531390923097,176613400
2020-03-05,276.4083557128906,281.90070830188273,274.1693970755827,278.71131965746457,186366800
2020-03-06,271.83905029296875,273.0453622263488,265.23180535005173,267.9002831419246,228667200
2020-03-09,250.60995483398438,259.7120695140164,249.89713912812093,251.5877720984813,309417300
2020-03-10,263.57763671875,263.6690011437003,249.94272341173854,260.1232192072673,276444100
2020-03-11,250.72874450683594,257.6558777250476,247.54850256040214,256.5226906304821,255316300
2020-03-12,226.7397003173828,243.69194779831977,226.3467299817304,233.95011542645673,392220700
2020-03-13,246.12278747558594,248.09674450743702,227.11434179246803,240.42938324174193,329566100
2020-03-16,219.19114685058594,234.7725780910604,216.91561153342053,220.4065784730682,297240000
2020-03-17,231.02574157714844,234.10548499816915,216.65060754197967,223.93411978479276,262070500
2020-03-18,219.3282470703125,226.97731522464503,208.38011597518343,215.90124320983887,327597100
2020-03-19,219.7943115234375,226.0725919909202,212.21835456333,218.64284326233184,289322000
2020-03-20,210.32244873046875,224.72696071707477,210.0466734873275,222.94363004147445,347158800
2020-03-23,204.94488525390625,211.13137648969655,200.6336404665036,209.76171566084122,326025200
2020-03-24,223.51353454589844,224.38682507267387,214.91863611227424,215.4885612758454,235494500
2020-03-25,226.85960388183594,235.6475644145072,220.38814988584195,225.09466188292848,299430300
2020-03-26,240.10585021972656,241.57661392737845,228.93705947674567,229.36910403044877,257632800
2020-03-27,232.9541473388672,239.74734053233655,230.77554977075565,232.8162667433577,224341200
2020-03-30,240.51950073242188,241.23650788451303,233.0552652380832,235.05001734341474,171369500
2020-03-31,236.93447875976562,242.06383359967347,235.52804049293425,239.5175449357564,194881100
2020-04-01,226.27130126953125,236.85178045649488,224.20300778799435,227.95351498436278,189554600
2020-04-02,231.49258422851562,232.27393107275833,224.83727084545978,225.38882134558207,177660400
2020-04-03,228.14654541015625,232.8622586960982,225.4163970895069,230.50898872250409,135561200
2020-04-06,243.47027587890625,245.43746603844804,228.12814793015815,237.01721102821946,188061200
2020-04-07,243.71849060058594,252.81897536266575,243.49788162912452,252.0651906394755,201427200
2020-04-08,251.8997039794922,253.71061054645543,243.82876611393948,246.31990229743062,153774500
2020-04-09,255.73301696777344,258.49074168826115,253.22347737304005,255.1630636276637,189999200
2020-04-13,253.3981475830078,255.09875018556286,249.49137070961035,254.7586352756574,114839100
2020-04-14,260.8714904785156,261.8918348329773,253.26017380887484,258.28842472821,134143400
2020-04-15,255.32855224609375,261.0094585224513,253.21427976364757,255.1538941002778,121775000
2020-04-16,256.560302734375,257.4151905782351,253.49003955687044,256.6062535871755,131798300
2020-04-17,263.4913330078125,264.098007563754,259.5937309187142,262.3330800222529,146684800
2020-04-20,258.8492736816406,263.6293418674101,258.6286646448618,259.78689014098177,100109300
2020-04-21,250.98968505859375,255.5858921565235,250.05204085668208,254.38168814110765,126385700
2020-04-22,256.560302734375,258.30685593614993,254.5471616484955,255.87087162422512,92951600
2020-04-23,256.54193115234375,261.00945987704335,256.2385937703153,257.8380651634286,104709700
2020-04-24,260.11773681640625,260.7887931290741,256.00872668784143,258.0586450832086,85063200
2020-04-27,263.86822509765625,264.9897006956838,261.6344752923047,262.09409597915175,77896600
2020-04-28,262.6548767089844,267.86696016171067,262.35151131258954,267.51764391278255,105270000
2020-04-29,269.5307922363281,271.06593788395355,266.9569272587203,267.98647324976343,118745600
2020-04-30,267.0212707519531,269.63191314520935,265.2838909183048,268.1519197995434,122901700
2020-05-01,259.95233154296875,267.1867582133852,258.78487679464763,262.26881020124006,125180000
2020-05-04,260.6693115234375,260.9726488665371,256.58787713450204,258.06784244223917,80873200
2020-05-05,263.07769775390625,265.8905741855777,260.79796898937275,263.4913676039255,79569900
2020-05-06,261.2944030761719,265.1644020355753,260.86235843797067,264.7783363053678,73632600
2020-05-07,264.4473876953125,266.3778004537861,263.9418160920804,264.5117413329673,75250400
2020-05-08,268.8229675292969,269.2917896381727,266.45130891700745,267.58198598128706,76452400
2020-05-11,268.8781433105469,270.2570055839343,266.4697350281808,266.892578270506,79514200
2020-05-12,263.5190124511719,270.47765032372735,263.3811037631839,270.0640084188488,95870800
2020-05-13,258.8584289550781,263.9969859100772,256.43161777077114,262.95823845859854,144721100
2020-05-14,261.9562072753906,262.08488647615417,250.94368586031882,256.42238447612806,121977900
2020-05-15,263.1604309082031,263.2063817576998,258.61937607827673,259.56619361268525,111146300
2020-05-18,271.17620849609375,272.78488091937567,269.0619645324173,269.383676574657,119703800
2020-05-19,268.3908996582031,272.28847402813193,268.3725249301823,270.57869857253786,95189300
2020-05-20,272.95037841796875,273.81446769296434,271.7002234133943,271.9300337939139,85861700
2020-05-21,271.06597900390625,273.63067103163144,269.9720792092253,272.82173390080567,78293900
2020-05-22,271.5806579589844,271.75531605411203,269.53994110545716,270.78092249867296,63958200
2020-05-26,274.9267578125,277.7856136973342,271.59910780063615,277.5466019109484,88951400
2020-05-27,279.0173034667969,279.05408097269293,272.89515320041767,277.72116990088165,104817400
2020-05-28,278.5025634765625,282.06002314727544,277.8315071665672,280.04688227031033,90405200
2020-05-29,279.7435607910156,280.3318607230198,275.28523421175083,278.03375713092686,119090800
2020-06-01,280.87420654296875,281.48090925059915,278.58530436878937,279.100077323199,55758300
2020-06-02,283.1999206542969,283.24589956300736,280.46059882527766,281.79348222342395,74267200
2020-06-03,286.96881103515625,287.92483007098406,284.9097190069347,285.18548024177693,92567600
2020-06-04,286.21502685546875,287.722596417164,284.1191573072027,285.98521647494385,75794400
2020-06-05,293.550537109375,295.32466622909004,291.54659764607965,291.61095127500704,150524700
2020-06-08,297.09881591796875,297.291848746868,293.8171175615824,294.3594665924078,73641200
2020-06-09,294.88348388671875,297.17238620785696,293.5689472426089,294.43303648292283,77479200
2020-06-10,293.2379455566406,296.35418671938277,292.5209385360209,295.46252162487986,95000800
2020-06-11,276.3331604003906,286.94121464894255,275.7816379696527,286.306935800571,209243600
2020-06-12,279.6424560546875,284.1191577863785,274.4855245724636,283.34699827287557,194678900
2020-06-15,282.2530822753906,283.38375938311225,272.7757049594633,273.9523329194972,135782700
2020-06-16,287.6856994628906,290.14928703960817,282.8229340280374,290.0022050907733,137627500
2020-06-17,286.4908142089844,289.000353646456,285.75540416445665,288.7061896286449,83398900
2020-06-18,286.60107421875,287.07906963373426,284.51440640064004,284.9740270872474,80828700
2020-06-19,284.96319580078125,290.26285198086515,283.01504638164135,290.0689696801593,135549600
2020-06-22,286.79132080078125,287.18832733403883,283.21820564851276,284.36307218217655,74649400
2020-06-23,288.11163330078125,290.37369722062647,287.7053848565929,289.44116854058365,68471200
2020-06-24,280.7622375488281,286.6897503140339,278.92490610868884,286.0711358531049,132813500
2020-06-25,283.7721252441406,284.03988623160495,278.16776915357684,280.18976894126644,89468000
2020-06-26,277.0321350097656,282.88579689027085,276.45048811590635,282.67343082724625,127961000
2020-06-29,281.10382080078125,281.24230815078425,275.99804720322345,278.28780803699664,79773300
2020-06-30,284.7046813964844,286.4035537681701,280.5129799461542,280.6699229107989,113394800
2020-07-01,286.6990051269531,287.9639317029631,285.3602561815504,285.8218995785466,72396500
2020-07-02,288.2778625488281,291.4816690368275,287.6130948915451,290.1336499523645,69344200
2020-07-06,292.72802734375,293.3097024538688,291.3523392224344,292.10019917073765,61713800
2020-07-07,289.7088623046875,293.1619451017001,289.3303114252415,291.1861264698139,82910000
2020-07-08,291.9247131347656,292.0355030043778,288.7116942101427,290.4751465955823,54638600
2020-07-09,290.2628173828125,292.77415781586666,286.84664602686377,292.534094306912,83354200
2020-07-10,293.2265930175781,293.49435402565143,288.767131059591,290.1982140439162,57550400
2020-07-13,290.68756103515625,297.95382235069326,290.03203541314804,295.57175522796825,102997500
2020-07-14,294.4545593261719,295.23011664805574,288.0654039937912,289.2656652398442,93657000
2020-07-15,297.1597900390625,298.25850331831754,294.77769489481517,297.6768282673625,87196500
2020-07-16,296.18115234375,296.6335538163291,294.61155366216747,295.25786563140133,54622500
2020-07-17,297.03973388671875,297.8245330469586,295.21161647331553,297.1874631078848,62774900
2020-07-20,299.4403076171875,300.1881674859498,296.0241360322097,296.771995900972,56308800
2020-07-21,300.0774230957031,301.8501178028075,299.08949955212785,301.40695821426857,57292200
2020-07-22,301.7854309082031,302.0993731333049,299.60648815541464,299.7172780341707,57792900
2020-07-23,298.1846618652344,302.12711406913473,296.8182155953633,301.42540716743423,75738000
2020-07-24,296.26422119140625,297.2890558358542,294.75925946179956,296.328858018481,73766600
2020-07-27,298.4246826171875,298.6001093174505,296.1626192778823,296.95666037009426,48293000
2020-07-28,296.53204345703125,298.81256305317737,296.2365849092078,297.6953657023095,57495000
2020-07-29,300.1789855957031,300.7422051686178,297.37218596811334,297.4091253277657,48454200
2020-07-30,299.1078796386719,299.5233698245188,295.1193034662908,297.2059117473767,61861700
2020-07-31,301.47149658203125,301.5730727483719,296.679637412853,300.89906346264803,84986800
2020-08-03,303.5674133300781,304.3337288211006,302.58873177456934,303.1334674949773,53077900
2020-08-04,304.739990234375,304.739990234375,302.70874832852365,302.70874832852365,41917900
2020-08-05,306.6327209472656,306.89126826301356,305.7740711107244,306.0418321331255,42697700
2020-08-06,308.682373046875,308.8024048039593,305.72787305800415,306.05102897866146,43679400
2020-08-07,308.9040222167969,309.1902388250722,306.8081434818142,307.71297454516787,57308300
2020-08-10,309.8273010253906,310.0119414454086,307.4175082706169,309.356415827872,44282100
2020-08-11,307.269775390625,311.64617312266336,306.5403992490115,311.00910310173,69601100
2020-08-12,311.55377197265625,312.3293291846631,309.67950166619,309.7071991317451,53774400
2020-08-13,310.9906005859375,312.30167990291056,310.06731402303166,310.7874764150394,41816100
2020-08-14,310.9998779296875,311.5353999760587,309.87346706744495,310.6028714247222,47260400
2020-08-17,311.9877624511719,312.38476890654016,311.0090809592796,312.0154599206983,35481000
2020-08-18,312.66180419921875,313.0865081681524,310.7875052531915,312.38480129876183,38733900
2020-08-19,311.35992431640625,313.557322573065,310.79670488557355,313.04028437426666,68054200
2020-08-20,312.3293151855469,312.80941395913743,309.50406111970256,309.6333065610113,42207800
2020-08-21,313.4373779296875,313.6589577204171,311.65541319099066,311.99705293699736,55106600
2020-08-24,316.6134338378906,316.68728436371094,313.4096284054614,315.87478769734156,48588700
2020-08-25,317.72137451171875,317.8044669230327,316.0132886974553,317.17663880879144,38463400
2020-08-26,320.90679931640625,321.1745322009073,317.76762983680743,318.3123656667442,50790200
2020-08-27,321.6083984375,323.05796511433385,319.94649388256835,321.7746114341692,58034100
2020-08-28,323.6858215332031,323.81509518897934,321.4422417348515,322.6332894034035,48588900
2020-08-31,322.51324462890625,324.3505759728523,322.28242297558756,323.473470596124,66099200
2020-09-01,325.55084228515625,325.6523902806764,322.4485848337792,323.34417391191676,54908700
2020-09-02,330.2596130371094,331.2290526523332,326.31716140186785,327.46205589368293,69540000
2020-09-03,318.8939514160156,329.0408614690771,316.3087321994255,328.5699763174422,148011100
2020-09-04,316.2902526855469,321.14672035614166,309.18093559831357,319.57715026354145,139156300
2020-09-08,307.6483459472656,316.3549607309717,307.3436737413122,310.8798493187982,114465300
2020-09-09,313.7236022949219,316.18876205705584,310.78752911291656,311.65542088332745,91462300
2020-09-10,308.27618408203125,316.25336585308577,307.3159581046872,315.5978402401596,90569500
2020-09-11,308.4331359863281,311.11990351849477,305.6078810919823,310.05812950649084,84680200
2020-09-14,312.49560546875,314.2683283126777,308.58087891635495,311.6000162516437,65605700
2020-09-15,314.0743713378906,315.7824287686118,312.5047730661032,314.9514765797402,52920900
2020-09-16,312.82806396484375,316.74279127603273,312.55106099803675,315.3117078985403,82096000
2020-09-17,310.0765380859375,311.7938656460169,307.4451658975791,307.97144597054444,91523300
2020-09-18,306.5068359375,310.993428984105,304.02252899495534,310.88219558209073,105877900
2020-09-21,303.0954284667969,303.2437490415965,298.2380498714508,301.91817103397455,99450800
2020-09-22,306.18231201171875,306.7385071760695,302.066507400489,304.5786503731086,63612100
2020-09-23,299.0816650390625,307.0166334444668,298.5810865385112,306.7385217044883,93112200
2020-09-24,299.8788757324219,302.9379070439711,296.44902874373327,297.7653565033435,76681300
2020-09-25,304.7269287109375,305.51484110446944,298.1546270152853,299.02596442851154,71069400
2020-09-28,309.788330078125,310.50209652529975,307.8972775754779,308.88915578763124,64584600
2020-09-29,308.1011657714844,310.3259180903288,307.40592890376666,309.58434341380087,51304000
2020-09-30,310.437255859375,313.5889914411936,308.57401154453265,308.7686699942234,104081100
2020-10-01,312.4302673339844,314.0061210018967,310.5484935230902,313.0328004508117,88698700
2020-10-02,309.46380615234375,312.40235285633963,307.0073084094654,307.48007849386664,89431100
2020-10-05,314.9516296386719,315.1370091924181,311.475444751699,311.5217825678193,45713100
2020-10-06,310.47430419921875,317.18567808183934,309.96447503768013,315.090688159139,90128900
2020-10-07,315.87860107421875,316.6850714131168,313.40354507518236,313.43135342172144,56999600
2020-10-08,318.6780090332031,318.74290459076605,316.89819037406056,317.8159221887509,45242500
2020-10-09,321.52392578125,321.9874170889095,319.7070477762188,320.32811028649445,59528600
2020-10-12,326.6964416503906,328.1703404575897,323.5725150946358,324.0638146970355,80388500
2020-10-13,324.56439208984375,326.73352777746965,323.6003223544785,326.55739883670304,73255500
2020-10-14,322.5250244140625,326.23295452878085,321.7927285846741,325.13912193436175,57727900
2020-10-15,322.1264343261719,322.6084550653457,318.07552513157503,318.6131625602973,60357700
2020-10-16,321.9317626953125,325.13911424772533,321.7556337558863,323.4798076396234,89501900
2020-10-19,317.0372619628906,323.8227516799886,316.1380878968359,323.1924104328647,68425600
2020-10-20,318.30731201171875,321.55175133899183,317.6213538922318,318.38145817763655,60051900
2020-10-21,317.7046813964844,320.430011857811,317.39876136898965,318.26084819327986,63575000
2020-10-22,319.44744873046875,320.0314522737697,315.7766056873438,317.9179331532719,55399300
2020-10-23,320.53204345703125,320.7267018827422,318.0755452159894,320.6710851896819,49143900
2020-10-26,314.6086120605469,317.9364759234132,311.1138698437013,317.14853512100905,91473000
2020-10-27,313.5240478515625,315.285309087353,313.31083167503937,314.95160893898276,65994100
2020-10-28,302.80810546875,313.5518292002192,302.3168058775529,307.8508925089764,127094300
2020-10-29,305.8856506347656,309.05591447743296,301.3526932962897,303.0398079880695,90597700
2020-10-30,302.6969909667969,305.6169813173772,299.0446762359622,304.3099320903176,120287300
2020-11-02,306.0896301269531,308.09188741481535,303.34574158278815,306.0896301269531,86068300
2020-11-03,311.4939880371094,313.5518907130495,306.1731165199986,309.3248519661346,93294200
2020-11-04,318.4555969238281,322.5343145343358,314.7940044922087,315.97126216053266,126959700
2020-11-05,324.66632080078125,326.473947874862,323.38708050703286,323.7393383605878,82039700
2020-11-06,324.59222412109375,325.8436562639265,322.26548878904805,324.3790079432216,74973000
2020-11-09,328.6709289550781,337.77390433814645,328.2074376824893,337.3938380999121,172304200
2020-11-10,328.18890380859375,329.24564918548936,324.9166565996286,327.6790464420353,85552000
2020-11-11,330.62689208984375,331.4518918826983,329.13443541283425,330.37658868596975,58649000
2020-11-12,327.4194641113281,330.67318157201504,325.6118653025927,329.6164079973696,67546200
2020-11-13,331.95245361328125,332.6940283304285,328.80996922022456,329.3290771800801,62892200
2020-11-16,336.0960388183594,336.2906972148393,333.33362089104185,334.622140095063,74541100
2020-11-17,334.2884216308594,335.49351584362677,332.17490268135197,333.68588866910596,66111000
2020-11-18,330.26531982421875,335.1041695450707,330.2282326036911,334.55725327164475,70591300
2020-11-19,331.65582275390625,332.02661012404343,328.29087149861675,329.63500754078495,59940900
2020-11-20,329.3846740722656,331.60017579109797,329.3105279207122,331.3962385127505,70417300
2020-11-23,331.3591613769531,332.6198723058136,328.9582800615384,331.1923113139346,63230600
2020-11-24,336.6985778808594,337.2454941499389,333.05554351994675,333.9083515604822,62415900
2020-11-25,336.1794738769531,336.6429651228615,335.085641326032,336.61515677967736,45330900
2020-11-27,337.11572265625,337.5884644727242,336.1052868833564,337.2732938319882,28514100
2020-11-30,335.623291015625,336.6058902297958,332.9443262265779,336.3370573763305,83872700
2020-12-01,339.2941589355469,340.8329534365879,338.28375130260855,338.8770337417267,74231400
2020-12-02,340.0079040527344,340.16547522877676,337.6070228786699,338.18174747696014,45927000
2020-12-03,339.9151306152344,341.30560401927636,338.81201945155414,339.90585173997954,62882000
2020-12-04,342.8445129394531,342.8445129394531,340.4065442272832,340.4992481431544,50749900
2020-12-07,342.13995361328125,342.63125318672655,340.8699921662204,342.07505805149833,48944300
2020-12-08,343.1410827636719,343.7065284410971,340.8236267953573,340.86996459902065,42458900
2020-12-09,340.0635681152344,343.95687801184386,339.2292894437654,343.7993068138485,74098300
2020-12-10,339.95233154296875,340.99979809475724,337.82025463669373,338.6916205245105,57735400
2020-12-11,339.55364990234375,339.9615244312118,336.73564370740246,338.2558801692447,57698600
2020-12-14,338.0334777832031,342.7981536293505,337.8573488263368,341.7228787095807,69216200
2020-12-15,342.603515625,342.603515625,339.20150512752514,340.57342135002625,63865300
2020-12-16,343.1410827636719,344.05878627456207,341.9359886865939,342.8166332702564,58420500
2020-12-17,345.0599365234375,345.26387379305515,343.9568251499501,344.78185310544035,64119500
2020-12-18,343.68218994140625,345.5161309651634,341.67136919379556,345.3485696719916,136542300
2020-12-21,342.4532470703125,352.321149679086,337.0259162608997,339.76286353036693,96386700
2020-12-22,341.87615966796875,342.8908742196503,340.7497375927771,342.7791666961401,47949000
2020-12-23,342.1833190917969,344.09172188070283,341.8574866032453,342.8442740875377,46201400
2020-12-24,343.51458740234375,343.54251428118584,342.07165131242414,342.65811576810853,26457900
2020-12-28,346.4657897949219,346.8567662449789,345.4417565045349,346.0654665019591,39000400
2020-12-29,345.8047180175781,348.1692982115266,345.2182250819667,347.9924184877755,53680500
2020-12-30,346.2981262207031,347.33147772383484,345.90714985399984,346.62395879952305,49455300
2020-12-31,348.0575256347656,348.7836528455677,345.5905568038257,346.10255901803885,78520700
2021-01-04,343.319091796875,349.5191144538357,339.6232833911593,349.3887700821715,110210800
2021-01-05,345.6837463378906,346.77295173360443,342.63028363083185,342.676847381675,66426200
2021-01-06,347.7503967285156,350.9435220537929,343.62636577991566,344.17561345030657,107997700
2021-01-07,352.91705322265625,353.66178899148537,349.9473717579539,350.12425147477427,68766800
2021-01-08,354.9278564453125,355.14195305315735,351.05516813608017,354.3041182519428,71677200
2021-01-11,352.535400390625,354.2948508857765,351.6323932699845,351.7534192361298,51034700
2021-01-12,352.6098327636719,353.6245473333701,350.3662785938468,352.7215686990142,52547700
2021-01-13,353.5594482421875,354.55552607698144,351.7534339254866,352.5354151126377,45303600
2021-01-14,352.32122802734375,354.80683398556437,351.9861054675014,354.3041217359534,49989100
2021-01-15,349.7518615722656,351.50199335982205,347.88999385755534,350.70140387922305,107160000
2021-01-19,352.4981689453125,353.0381265986138,350.72939994936974,352.2095816653885,51233300
2021-01-20,357.3761901855469,358.21402492373454,354.39719066105187,354.7881669476118,61836100
2021-01-21,357.7020568847656,358.36304045364824,356.78044135246313,357.934790375537,47840100
2021-01-22,356.4360046386719,357.5996721065897,355.4678253506062,355.8495116892653,52860500
2021-01-25,357.8417663574219,358.19549744523476,352.3213056451607,357.1714926802257,70402000
2021-01-26,357.28314208984375,359.2008637189769,357.0504086066009,358.79125051568155,42665300
2021-01-27,348.55096435546875,354.05278710492604,346.31672868098127,353.95968803310404,123351100
2021-01-28,351.5486145019531,355.55161937828063,349.92879841681105,350.3663101277551,94198100
2021-01-29,344.51068115234375,350.6548499672451,342.83498325200054,349.6866708521476,126765100
2021-02-01,350.2452697753906,351.2785927627981,344.7993008040637,347.90861660624154,75817600
2021-02-02,355.1977844238281,356.75245638940856,350.32901877184787,353.4290158638977,64450700
2021-02-03,355.4770812988281,357.19931453059735,354.20170652374054,356.02632883796133,52427100
2021-02-04,359.51739501953125,359.563930354463,355.5888524983493,356.5104680448607,47142600
2021-02-05,360.93243408203125,361.6399530541466,359.47088920889945,361.3886110871411,48669800
2021-02-08,363.53900146484375,363.58553679527535,361.52818085884974,362.3846241257551,38365200
2021-02-09,363.29693603515625,363.89274733764177,362.2915399745202,362.7011247326708,35551100
2021-02-10,363.1387939453125,365.1868605137784,360.736996251254,365.03790763517577,59154400
2021-02-11,363.72515869140625,364.63748409725014,361.29543496551975,364.21855249837824,42913300
2021-02-12,365.52191162109375,365.7639351240039,362.8501073798465,362.9245980037026,50593300
2021-02-16,365.205322265625,366.94619235443565,364.48851345953494,366.75067579926497,50972400
2021-02-17,365.2892150878906,365.54055704666837,362.440530839151,363.45527392535223,52290600
2021-02-18,363.7344970703125,364.47923283154506,360.9603038015021,362.6825372104316,59712800
2021-02-19,363.0920715332031,365.2797714201649,362.6452131276188,364.991184244634,83241000
2021-02-22,360.2994079589844,362.71052376422216,360.02942912693527,360.3273348443789,67414200
2021-02-23,360.7369079589844,362.0867735591579,353.941101443955,358.0930589330605,107284100
2021-02-24,364.7120056152344,365.1402557134538,358.6609345710552,359.6477223454717,72433900
2021-02-25,355.9239501953125,364.81438610383606,354.4810139951626,363.4459121163381,146670500
2021-02-26,354.0900573730469,358.949534192139,352.1071917346127,357.8045035066823,152701600
2021-03-01,362.67315673828125,363.92063296020666,354.28546299460015,358.95874017805767,105348800
2021-03-02,359.8431701660156,363.1293654455315,359.3404579436692,362.8966319883141,79595300
2021-03-03,355.07684326171875,360.11317098093735,354.97442575307235,359.1450201183431,119940200
2021-03-04,350.6827697753906,357.4785750729967,346.1956620928304,354.8905802752683,183433000
2021-03-05,357.1341857910156,358.1861456706564,346.9032310579424,354.18311275175654,152039600
2021-03-08,355.3560485839844,360.90440603525224,355.07677981003513,358.09299620806587,123149200
2021-03-09,360.4296569824219,362.9804065396195,358.6981053166281,359.20081753054825,113633600
2021-03-10,362.67315673828125,364.3674629765684,361.36056515537535,362.775574223593,109899400
2021-03-11,366.35040283203125,368.32397808065963,364.68402325858307,365.1402001712224,86245000
2021-03-12,366.8438415527344,366.98347596763745,364.18138400908146,364.99129202536955,64653600
2021-03-15,369.0315246582031,369.29218502366257,364.95402947649114,367.09516616349055,73427200
2021-03-16,368.56610107421875,370.3534785306605,367.79340990754196,369.64598797533466,73722500
2021-03-17,369.82281494140625,370.6234044689322,366.13629619510306,367.28135513431295,97959300
2021-03-18,364.4421691894531,369.32025581956174,363.7625769243992,367.2349720833065,115349100
2021-03-19,363.76763916015625,365.7196598344972,361.5914432269456,364.1412265877475,113624500
2021-03-22,366.67230224609375,368.05460704440395,364.2252718824728,364.2813085699684,73778600
2021-03-23,363.786376953125,367.48494163658637,363.0018346568089,366.0372793939017,90686600
2021-03-24,361.9371032714844,366.821844910974,361.8904155198871,365.18737456445785,97588600
2021-03-25,363.9732360839844,364.76709893981024,358.5561168442893,360.49881771056033,116128600
2021-03-26,369.8385314941406,370.24013727057377,364.52416690819587,365.1219010982299,114409100
2021-03-29,369.6517639160156,370.55772850073316,366.87783346614003,368.362862908593,108107600
2021-03-30,368.671142578125,369.3436115196959,367.0740110275809,368.3816101105084,76262200
2021-03-31,370.16546630859375,371.7252304449524,369.2128139187483,369.2408322683644,112734200
2021-04-01,374.16290283203125,374.2189680327331,371.89333106228867,372.0988084552015,99682900
2021-04-05,379.5333251953125,380.0750513069228,376.7500740458587,376.8247801459603,91684800
2021-04-06,379.3092041015625,380.35526059128404,378.6367351434698,378.972983873967,62021000
2021-04-07,379.7481689453125,380.0937381170486,378.6834430784203,379.1410856568923,55836300
2021-04-08,381.55072021484375,381.60675691392385,380.06569068342264,380.99967367195654,57863100
2021-04-09,384.3246154785156,384.49275406318844,381.30786894490393,381.429291282708,61104600
2021-04-12,384.4647521972656,384.7355867285504,383.11981447960585,383.7268976917543,56704900
2021-04-13,385.6042175292969,386.2299986965263,383.9790961887934,384.36203264890395,56551000
2021-04-14,384.2872619628906,386.6315395766929,383.7455359385016,385.5761343766993,61659900
2021-04-15,388.4154357910156,388.6862987931113,386.37936005791016,386.42604779835347,60229800
2021-04-16,389.7137451171875,390.3208283501207,388.28475230611167,389.7043961665137,82037300
2021-04-19,387.7991027832031,389.22809574117946,386.4728627845068,388.77980210912494,78498500
2021-04-20,384.9598083496094,387.68702290879025,383.4840991609738,386.5849297445035,81851800
2021-04-21,388.602294921875,388.80777231208793,384.2032146818028,384.34333492736897,66793000
2021-04-22,385.0531311035156,389.26540322576255,383.98840538810305,388.43417324213044,97582800
2021-04-23,389.2280578613281,390.63838128168265,385.53884219304297,385.6135482901479,73209200
2021-04-26,390.0405578613281,390.61030221191777,389.29338299483373,389.8817967410728,52182400
2021-04-27,389.9565734863281,390.5356668911207,388.8171130815738,390.3395099382348,51303100
2021-04-28,389.84454345703125,391.3482710819515,389.3775519031769,390.2274799515401,51238900
2021-04-29,392.3288269042969,392.9452589949812,388.9478136062445,392.5716715620224,78544300
2021-04-30,389.7510986328125,390.9092569470682,388.8544829241141,390.0593289877053,85527000
2021-05-03,390.5916442871094,392.12336135927444,390.0966345103683,391.7404249655094,68128300
2021-05-04,388.1820068359375,389.0973204297574,384.49279111679294,388.6023105837801,101591200
2021-05-05,388.3034362792969,390.05932889798106,387.74304077290196,389.82583314555814,60162200
2021-05-06,391.404296875,391.5350396849246,386.3701143834206,388.3781723084249,74321400
2021-05-07,394.2528991699219,394.90669867070073,391.48831747234374,392.17013532299035,67733800
2021-05-10,390.348876953125,394.8319841776763,390.2274545965479,394.60783736731895,81852400
2021-05-11,386.8651123046875,387.8551320603856,382.9890883362958,385.8284047975115,116888000
2021-05-12,378.64605712890625,385.35204832878026,377.3291376588085,384.0818451111226,134811000
2021-05-13,383.1945495605469,385.12790123879364,380.14975581622974,380.19647206863493,106394000
2021-05-14,389.07867431640625,389.9286023731761,385.9031374193678,385.93115577276006,82201600
2021-05-17,388.0885925292969,388.9011816537385,386.0711858984487,387.9671986859142,65129200
2021-05-18,384.7449951171875,388.5930008749449,384.5862054511297,388.3501561514101,59810200
2021-05-19,383.73626708984375,383.9137261518179,378.5713418982046,380.0564000490199,106467100
2021-05-20,387.864501953125,389.1253848430136,384.4928366319979,384.6142304929748,78022200
2021-05-21,387.54693603515625,390.59172995398563,387.08929345333263,389.3495165134627,76578700
2021-05-24,391.49761962890625,392.57169424932044,389.5455703108136,389.7884149825735,51376700
2021-05-25,390.62908935546875,392.9360287923444,390.0500243839531,392.5811106477631,57451400
2021-05-26,391.404296875,391.90862721701114,390.180781318248,391.2174888575059,43088600
2021-05-27,391.6097412109375,392.9453300641983,391.3295292083679,392.43165081383626,56707700
2021-05-28,392.31024169921875,393.44035318988387,392.07674594064906,393.1788390804018,58520200
2021-06-01,391.9646301269531,394.81326667212426,391.5256570082224,394.67317493272026,54216600
2021-06-02,392.5810241699219,393.4216315915621,391.60970246523397,392.6183914671472,49097100
2021-06-03,391.1240539550781,392.2635143648258,388.7984453863478,390.26480554943856,58138800
2021-06-04,394.7011413574219,395.0000226974305,391.18935686955393,392.9732674576829,55938800
2021-06-07,394.3182067871094,394.86925322739137,393.38422397248354,394.691794212381,51555000
2021-06-08,394.4023132324219,395.2709105225555,392.5717146579376,395.17750652833854,47134300
2021-06-09,393.81396484375,395.317692442625,393.58981802271103,395.2429578336774,48436300
2021-06-10,395.6445007324219,396.59718157596666,393.72049815041606,395.0374175201594,51020100
2021-06-11,396.2983093261719,396.410382721431,394.90668383020704,396.1955848814836,45570800
2021-06-14,397.185546875,397.2882713047734,395.16814054455347,396.4103251655172,42358500
2021-06-15,396.45703125,397.37231615686954,395.57908513324,397.33497736676,51508500
2021-06-16,394.2435607910156,396.8213630595682,392.19816419002484,396.59721625461583,80386100
2021-06-17,394.11285400390625,395.0935248680887,391.6378044633818,393.832670472112,90949700
2021-06-18,388.79608154296875,391.5228387958726,388.5899319002041,390.8294393593685,118676300
2021-06-21,394.3620300292969,394.5494491775668,389.74243684552914,390.5576558078238,72822000
2021-06-22,396.4703674316406,397.3043454678535,393.6311417670724,394.352679752593,57700300
2021-06-23,395.9924621582031,397.35115077864344,395.9081321276498,396.54531142259333,49445400
2021-06-24,398.3351135253906,398.75676373658587,397.88532470396706,398.1383434268328,45110300
2021-06-25,399.7500305175781,400.19981934817787,398.7567718716343,399.08474110668726,58129500
2021-06-28,400.55596923828125,400.7246293559444,399.0754605452032,400.27486904217596,53159600
2021-06-29,400.7714538574219,401.57729339402437,400.237334948101,400.9401139563176,35970500
2021-06-30,401.1087341308594,401.78340305544015,400.2841356012442,400.3122456149289,64827900
2021-07-01,403.32952880859375,403.4888379572731,401.80215127327483,401.8677508401516,53441000
2021-07-02,406.412353515625,406.7684327334074,403.41381877275404,404.49143596219454,57697700
2021-07-06,405.67218017578125,406.6841980421251,402.9360430328732,406.4686688344779,68710400
2021-07-07,407.1058044433594,407.38693319644403,404.3415575796705,406.35618496076756,63549500
2021-07-08,403.7886962890625,404.5476952865336,400.60274209170535,401.78341990828244,97595200
2021-07-09,408.0990905761719,408.39894982783824,403.59193664787284,405.2973539710542,76238600
2021-07-12,409.5607604980469,409.8137791856225,407.5836230591932,408.01465274701275,52889600
2021-07-13,408.1645812988281,410.2729178438437,407.9022116726275,408.7736505814926,52911300
2021-07-14,408.77374267578125,410.3479893837978,407.5274938195921,409.86071097096965,64130400
2021-07-15,407.37750244140625,408.10839135369446,405.4753153622365,407.4337224657248,55126400
2021-07-16,404.18231201171875,408.60513628556026,403.7887717300997,408.5582957840858,75874700
2021-07-19,398.21331787109375,404.24784908958907,395.40220190953943,399.35650617263855,147987000
2021-07-20,403.9198303222656,405.1942176052661,398.0820699298473,398.8785584072042,99608200
2021-07-21,407.1900329589844,407.330611598549,403.87293754966424,405.1191860628591,64724400
2021-07-22,408.0428161621094,408.28645534613815,406.3842681533673,407.36814723384765,47878500
2021-07-23,412.24072265625,412.57804279229185,409.28905708130054,409.97307688921177,63766600
2021-07-26,413.25274658203125,413.2621261186514,411.60357811733337,411.65041860813767,43719200
2021-07-27,411.36932373046875,412.2407627628377,408.5394488652319,412.21265274876606,67397100
2021-07-28,411.20068359375,412.57813163816985,409.7763950523972,411.99717221467273,52472400
2021-07-29,412.90606689453125,413.9836556005954,412.1189578762892,412.12833741336397,47435300
2021-07-30,410.9007873535156,412.3531856804309,410.207359374989,410.33855849930256,68951200
2021-08-02,410.0386962890625,413.16840161930367,409.68261706413523,412.61555230549715,58783300
2021-08-03,413.3746337890625,413.4964534004576,408.642599597881,410.8352668145335,58053900
2021-08-04,411.3412780761719,413.34652611804194,411.10701839020584,412.0908976328021,46732200
2021-08-05,413.9461975097656,414.0305275555735,412.1845602964902,412.5031500015922,38969700
2021-08-06,414.6301574707031,415.0518362349307,413.9835986168319,414.26472732503214,46930000
2021-08-09,414.2928161621094,414.9206159123269,413.5244377669037,414.602026269566,41222600
2021-08-10,414.8082275390625,415.52038600343246,414.05860812109773,414.74262797604996,43339300
2021-08-11,415.8389587402344,415.93266831269824,414.75199061117655,415.87644828844924,44034300
2021-08-12,417.0851745605469,417.2257532062454,414.78944749477773,415.68899640806853,38909400
2021-08-13,417.84429931640625,417.8630297953268,417.0478107219428,417.5350605392358,39470300
2021-08-16,418.8281555175781,418.95932605512974,414.9862914344037,416.5417789840265,73740000
2021-08-17,416.0826110839844,416.9446705471954,413.0934557834653,416.27000163869883,92673900
2021-08-18,411.5286560058594,416.63552844125934,411.28504538533383,415.07066120484444,89351900
2021-08-19,412.165771484375,413.36520830572493,408.66125638495504,408.8018064511608,92812200
2021-08-20,415.4454040527344,415.7733732693985,412.0252190130029,412.51249736786883,72008700
2021-08-23,419.0998840332031,420.0088125987634,415.5203897980154,417.1320972978909,54973000
2021-08-24,419.76519775390625,420.2993166380276,419.2498379439889,419.76519775390625,38744700
2021-08-25,420.64599609375,421.16135587884156,419.57775837696613,419.9525966891945,40529700
2021-08-26,418.16278076171875,420.5990578135191,418.0690711990779,420.3647982049888,57829600
2021-08-27,421.9015808105469,422.27639048792906,418.91242573488046,418.96864575668053,77235100
2021-08-30,423.7569885253906,424.544097540426,422.33267151100796,422.57631070476276,48357400
2021-08-31,423.1291198730469,424.0005588501911,422.5294300788062,423.6632387027082,59300200
2021-09-01,423.3539733886719,424.5814915085135,423.1197137689136,424.06613178350335,48721400
2021-09-02,424.6564636230469,425.46230297562477,423.4570555334381,424.7782831987027,42501000
2021-09-03,424.553466796875,425.0688552215791,423.11979877975574,423.5227471397682,47170500
2021-09-07,423.0354919433594,424.30049993285274,422.36082292203974,424.20679034175095,51671500
2021-09-08,422.52008056640625,423.23223905655976,420.5991342695839,422.5013500889307,56181900
2021-09-09,420.7115478515625,424.0755125696742,420.467908695529,422.3232551840981,57970400
2021-09-10,417.39447021484375,423.06354222411983,417.27265062322766,422.64189201792766,89948200
2021-09-13,418.46270751953125,420.655403124016,416.1482209113753,420.39303344599693,83738600
2021-09-14,416.2044677734375,420.1119029115105,415.314269621711,419.90575326564493,78197100
2021-09-15,419.6808166503906,420.1774459218341,415.5203633365021,416.6260619263352,78792200
2021-09-16,419.0155944824219,420.1306441908273,416.063899796155,419.15614456363676,77786700
2021-09-17,414.9339599609375,418.6659226939103,414.57673990427645,418.24292159083717,118425000
2021-09-20,408.01519775390625,410.38408955076596,403.1457660287209,408.8048283528595,166445500
2021-09-21,407.6297912597656,411.6531636956014,407.10337084294684,410.3559031370975,92526100
2021-09-22,411.6061096191406,413.64601007748894,407.74255702757415,409.9046386502538,102350100
2021-09-23,416.607177734375,418.21466778281064,413.2418450775607,413.47685522277226,76396000
2021-09-24,417.2933654785156,418.00780541065916,414.7552447526697,414.97146438680744,62094800
2021-09-27,416.09954833984375,417.4249802239827,415.40389884937827,416.25933916263614,61371100
2021-09-28,407.71435546875,413.65541814858807,406.9811250466519,413.3263982451864,130436300
2021-09-29,408.4006042480469,410.83530568589765,407.8365742138815,409.09622503378733,82329200
2021-09-30,403.40899658203125,410.58148154628566,403.07056708218,409.8764511666684,140506000
2021-10-01,408.20318603515625,409.8858665977476,401.61352150069314,405.1386734490561,129240100
2021-10-04,402.9389343261719,407.9399274949172,400.79561465530827,407.03749673565017,128570000
2021-10-05,407.1315612792969,409.3782432393912,403.64401892844825,404.4430304326626,90682500
2021-10-06,408.8236999511719,409.0305100553427,401.90501408030383,403.53126615205247,113032200
2021-10-07,412.3581848144531,415.1970969045478,411.92577420062315,412.1043841974191,72437500
2021-10-08,411.6061096191406,413.5144193283019,410.9762985644965,413.1289992900791,74557400
2021-10-11,408.626220703125,413.8622533457,408.5604109808945,410.9481219621356,65233300
2021-10-12,407.6203918457031,409.951702812476,406.8307612007708,409.5474922480039,71181200
2021-10-13,409.08685302734375,409.90468374251765,405.6651202312037,408.64503280690064,72974000
2021-10-14,415.9678955078125,416.11830542103553,412.28292435324295,412.7529445741557,70236800
2021-10-15,419.1358337402344,419.50246328838506,417.46256287521214,418.0829930190192,66260200
2021-10-18,420.376708984375,420.71510979062344,416.6917376412568,417.34977745930763,62213200
2021-10-19,423.6199035644531,423.6856846027925,421.39198327728565,422.00303260856737,46996800
2021-10-20,425.28375244140625,425.5845723051379,423.96770139728164,424.0805016742407,49571600
2021-10-21,426.39300537109375,426.6186059313377,424.2497139854905,424.6821246218787,41305400
2021-10-22,425.9512023925781,427.40828257050583,424.0053114184127,425.9606119788899,58845100
2021-10-25,428.2354431152344,428.56446303148596,425.26494034706053,427.0416019944035,45214500
2021-10-26,428.6208801269531,430.99918156529145,428.2448696453988,429.78654991386077,56075100
2021-10-27,426.7220764160156,429.7490086087516,426.64685709508495,429.0815877462607,72438000
2021-10-28,430.83941650390625,430.9146071296096,428.14150456050857,428.1508854588699,51437900
2021-10-29,431.71356201171875,432.00497224630874,428.2448105739149,428.5362208085048,70162400
2021-11-01,432.45623779296875,433.07666796283195,430.7265667229376,432.70062881424144,48433600
2021-11-02,434.2047119140625,434.51494135185385,432.4938312768331,432.62545072020157,48908400
2021-11-03,436.8556213378906,437.25983186693117,433.19885003088245,433.6406702124122,52509800
2021-11-04,438.9143371582031,438.9989373652711,437.10944667746986,437.4572570913363,52847100
2021-11-05,440.43719482421875,442.43007618696566,438.92374331887703,441.1422252320449,66390600
2021-11-08,440.8132019042969,442.0352718144265,440.1269906728055,441.53705147758245,50405200
2021-11-09,439.3561706542969,441.4148618185051,437.9461097849906,441.17985167362065,51149100
2021-11-10,435.82159423828125,439.35615587855733,434.3363427951768,437.6640656796384,69429700
2021-11-11,435.96258544921875,437.39146541229354,435.9437949662479,437.3162461048895,34848500
2021-11-12,439.25274658203125,439.8073670755041,436.2822149398842,437.23166509516153,53466700
2021-11-15,439.403076171875,440.70033651062397,438.27504490739136,440.540545708173,46980500
2021-11-16,441.1422119140625,442.27965290510997,439.0647304076264,439.13992102624314,48857500
2021-11-17,440.07061767578125,441.0576488248933,439.4501874408848,440.87903881691875,47858300
2021-11-18,441.5652160644531,441.8284262460176,438.37846513160173,441.10457673089655,50625600
2021-11-19,440.77557373046875,442.7026451488348,440.4089441903681,441.45237530402534,57315600
2021-11-22,439.5347900390625,445.1468335661726,439.32797995964046,442.65573171479053,72762000
2021-11-23,440.1175842285156,440.9730245653836,436.60184177692975,439.20574375407494,73206500
2021-11-24,441.2925720214844,441.4147818647302,437.2974002820981,438.11523084811967,61858800
2021-11-26,431.4504089355469,436.08480192497507,430.32234880945094,434.6183409737067,112669600
2021-11-29,436.7428894042969,438.5853610359219,434.0449773431906,436.2446690099577,86268800
2021-11-30,428.244873046875,436.207017697208,428.0004533224309,434.29873651759567,148559600
2021-12-01,423.4882507324219,436.8086374124799,423.290850257439,433.9603158081163,131939200
2021-12-02,429.97454833984375,431.54442870471775,423.3096641820062,423.7044938415965,127637800
2021-12-03,426.2331848144531,432.7006394884692,422.0030024782896,431.638417799551,137331600
2021-12-06,431.28118896484375,433.1612699645703,426.36476682296546,428.78067779267633,98977500
2021-12-07,440.2021789550781,440.7662090115453,431.1495840464495,436.5642266881175,95484700
2021-12-08,441.36785888671875,441.81908870916527,438.83914733929845,440.5970473857132,72238800
2021-12-09,438.3879089355469,441.4712407407317,438.19050845590453,440.07997042228766,61272600
2021-12-10,442.51470947265625,442.66511941343407,438.53835603543934,441.09526765313603,77159800
2021-12-13,438.5946960449219,442.3454484006168,438.3126666867193,441.99763801115,87724700
2021-12-14,435.5771789550781,437.8144800719802,432.65366659136504,435.323378332146,97264100
2021-12-15,442.3830261230469,442.6274171238725,433.11421269074907,435.6335428118317,116899300
2021-12-16,438.48193359375,444.5169779638093,436.930843709259,444.23497726904446,116568600
2021-12-17,433.81512451171875,438.4092001430193,432.10767604892624,435.3999337829501,135511600
2021-12-20,429.2023010253906,429.5984890492109,425.57986657914137,428.73062942371416,107134800
2021-12-21,436.824462890625,436.9659586009306,430.4568968299471,432.62657449075914,69806300
2021-12-22,441.1921691894531,441.30536576361067,436.3716706238864,436.569793417211,58890200
2021-12-23,443.937255859375,445.4371678906433,442.08831149730497,442.19206541682075,56439700
2021-12-27,450.219970703125,450.26712634622396,445.26741905868244,445.3145747017814,56808600
2021-12-28,449.85198974609375,451.68207754216996,449.087884188701,450.653837085784,47274600
2021-12-29,450.42755126953125,451.4463493259037,448.9559380833534,449.95587963835754,54503000
2021-12-30,449.18231201171875,451.8614033073912,448.7200830453062,450.85201915066745,55329000
2021-12-31,448.0502014160156,449.8425474311,447.77665266265734,448.6916965613621,65237400
2022-01-03,450.6443786621094,450.7764605012531,447.0030884828913,449.3142615710116,72668200
2022-01-04,450.4934997558594,452.78584543871375,448.635112640116,452.06889544831097,71178700
2022-01-05,441.84307861328125,450.8991788038624,441.7487385385624,450.12563049513625,104538900
2022-01-06,441.42803955078125,444.1448726975174,439.06023879788046,441.3808839040391,86858900
2022-01-07,439.68280029296875,442.61661242591146,438.3243838694435,441.43743350191716,85111600
2022-01-10,439.13568115234375,439.3526316532516,430.7304901894249,436.48488919074714,119362000
2022-01-11,443.1354064941406,443.2297465587139,435.87165335018614,438.8715061877595,74303100
2022-01-12,444.33349609375,446.3900061138433,442.37135493830107,444.8712086177971,67605400
2022-01-13,438.21112060546875,446.0880403766342,437.1828801948643,445.4371314065704,91173100
2022-01-14,438.3904113769531,438.739443721602,433.8434906759854,435.0604113490844,95890900
2022-01-18,430.62664794921875,433.90004939507276,429.5135100897984,433.6925127781855,109709100
2022-01-19,426.1552429199219,433.5699058238336,425.88166536173696,432.17377646871046,109357600
2022-01-20,421.43853759765625,432.749212360242,419.3160155840139,428.04193941787696,122379700
2022-01-21,413.16546630859375,422.6743531254501,413.137167164053,420.31599511855075,202271200
2022-01-24,414.9200134277344,415.4294267475225,396.9210402768621,407.5525063368311,251783900
2022-01-25,409.85430908203125,414.80686073493035,402.9490301538802,408.52419175491247,167997300
2022-01-26,408.82598876953125,418.8820284768249,404.562060038854,415.75012284723124,186391100
2022-01-27,406.8072814941406,416.5708886311564,405.11871802199556,413.4295686804275,149878300
2022-01-28,416.9105224609375,416.95767810367454,403.5810789597359,408.1657129140467,164457400
2022-01-31,424.41949462890625,424.76852696731544,414.89172362734763,416.2406973417306,152251400
2022-02-01,427.2872314453125,427.928697788192,421.61773069576964,425.14582437015105,123155400
2022-02-02,431.4379577636719,432.16432156191325,427.3815652994968,429.6927673307446,117361000
2022-02-03,421.2970275878906,427.30611843415994,420.45743842360054,425.40057576602374,118024400
2022-02-04,423.2781066894531,427.1269342906215,418.6840011085922,421.06124440475634,118454400
2022-02-07,421.9196472167969,425.43829858096694,420.58952998140325,424.04216920738406,84472900
2022-02-08,425.3911437988281,426.31563040935833,419.99522006477935,421.4196773714475,81012000
2022-02-09,431.6172180175781,431.93795122288446,429.23056108197864,429.4286550758493,92589900
2022-02-10,423.8629455566406,431.7775795121979,421.86306271080866,425.7684883309894,140103700
2022-02-11,415.5048522949219,426.02312105241583,414.070981289909,423.94778371267705,153214600
2022-02-14,414.146484375,416.5803257355876,410.67498861776903,414.9955162101405,123006300
2022-02-15,420.82537841796875,420.99517327307245,418.0708037959125,418.5896597934599,88482700
2022-02-16,421.2970275878906,422.67430043142383,416.9010453564432,418.77828888356663,84863600
2022-02-17,412.297607421875,421.2688111349309,411.69388269891886,418.10860542165693,102259100
2022-02-18,409.6278991699219,413.806902341528,407.3544387638589,412.55223985255054,132642900
2022-02-22,405.2319030761719,410.8259207595827,401.7320794413733,407.4204659812032,124391800
2022-02-23,398.04364013671875,408.71284849771104,397.477628508236,408.1468368692283,132578000
2022-02-24,404.0339050292969,404.46786365481387,387.3744884622656,387.73293471716227,213942900
2022-02-25,412.94842529296875,413.0333227139032,403.61874859349035,405.26959895160047,121804500
2022-02-28,411.89190673828125,413.37296233027865,406.29788900505855,407.5525226744369,145615000
2022-03-01,405.61871337890625,412.4013531876371,402.9112942533806,410.39202759579075,137785900
2022-03-02,413.0805358886719,414.8068411449072,407.1186004140651,407.8732634005898,117726500
2022-03-03,411.0239562988281,416.11800256549805,409.222167776321,415.51427803635465,105501700
2022-03-04,407.68463134765625,408.81662588103086,403.63768107861074,407.2884145484183,113978200
2022-03-07,395.6664123535156,407.8072341448679,395.60037142345385,407.09972677904506,137896600
2022-03-08,392.66656494140625,403.0055972451965,391.60058263341585,395.84562657872834,164772700
2022-03-09,403.1943054199219,405.1753318232111,398.8643637492097,401.05292680024445,116990800
2022-03-10,401.37359619140625,402.2697547820951,396.61913933731984,398.5812801406087,93972700
2022-03-11,396.2701721191406,404.4772404206204,395.7607587468195,403.86407311815816,95636300
2022-03-14,393.3740234375,400.49625143515976,392.23258649023603,397.04364145545367,95729200
2022-03-15,402.02459716796875,402.6566210107506,394.71368713234256,395.9871774625465,106219100
2022-03-16,410.9391784667969,410.9957767582318,400.7321976792803,405.5338401149026,144954800
2022-03-17,416.0803527832031,416.0803527832031,408.6468044640496,409.02413595065417,102676900
2022-03-18,420.6375732421875,420.9593028336933,413.7297868077792,414.4678791360529,106345500
2022-03-21,420.5146179199219,422.47338269242965,417.00392141262006,420.46728690424806,88349800
2022-03-22,425.4351501464844,426.37195178227597,421.9055391743934,421.9055391743934,74650400
2022-03-23,419.9563293457031,424.3943560786695,419.8711681632906,422.8992560796724,79426100
2022-03-24,426.286865234375,426.29633721311484,420.86473496549416,421.981331093405,64736900
2022-03-25,428.3686828613281,428.64311034533864,424.3375472885619,426.92088512262796,77101300
2022-03-28,431.4156799316406,431.4156799316406,425.8799725760659,427.7725201247763,68529800
2022-03-29,436.75262451171875,437.24470532869987,432.6174129701443,435.30482687325934,86581500
2022-03-30,434.0558166503906,436.42150122145665,431.94561561692495,435.6076907124575,79666900
2022-03-31,427.3750915527344,434.11255605182595,426.9208697553412,433.2893025074121,121699900
2022-04-01,428.5863037109375,429.0972707248986,425.0093902232998,428.9553354432427,89048800
2022-04-04,432.2577819824219,432.36188709811455,427.96172050083106,428.7849739372156,59601000
2022-04-05,426.7978210449219,433.23247058270414,425.65283796639494,430.76271011439627,74214500
2022-04-06,422.5301513671875,424.81067460735846,419.64402793365923,422.88029691792224,106898000
2022-04-07,424.6592712402344,426.47612959296237,419.7008059045146,421.65012756907544,78097200
2022-04-08,423.52374267578125,426.4193379958125,421.98131186663085,423.9022463943376,79272700
2022-04-11,416.2847595214844,421.0918174503352,415.7832355906516,420.24961995400275,89770500
2022-04-12,414.74224853515625,421.80144123818826,413.19034602845363,419.2748781154879,84363600
2022-04-13,419.4925842285156,420.24959162395425,414.3164660258067,414.49626033587003,74070400
2022-04-14,414.2691650390625,420.8363067294956,414.16505991706254,419.71968183285964,97869500
2022-04-18,414.4394836425781,416.123849633217,412.2062627473825,413.34180271144544,66002500
2022-04-19,421.1296691894531,421.8488175877449,414.1650795150678,414.33540185587515,77821000
2022-04-20,420.8173828125,423.5237406996165,419.65348460531936,422.9086685500845,65224400
2022-04-21,414.5246887207031,425.83267191463915,413.61627398000866,424.4416483063958,85417300
2022-04-22,403.1505126953125,414.5436288750389,402.58274261879126,413.43650465990896,132471800
2022-04-25,405.48773193359375,405.6580542602697,396.33725301076987,400.9077709224342,119647700
2022-04-26,393.74444580078125,403.1504075771343,393.7160587482562,402.95166933148056,103996300
2022-04-27,394.85162353515625,400.19809313911514,392.7130645715548,394.82323647876274,122030000
2022-04-28,404.8253173828125,406.5570142890086,395.1638717530579,399.6018973665393,105449100
2022-04-29,389.86474609375,402.98955707599237,389.1171818200173,400.832054296418,145491100
2022-05-02,392.2115783691406,393.57421496301487,383.2598073525532,389.93105502630925,158312500
2022-05-03,394.00946044921875,396.4224469103301,391.15169530175734,392.7130700591638,100028200
2022-05-04,406.0081481933594,406.5759181285182,391.4828426689402,394.6717800780099,144247900
2022-05-05,391.5774841308594,402.16628824210756,387.44227303458774,401.740453562189,172929100
2022-05-06,389.24017333984375,392.51427186106486,383.93159238463204,389.0130769201918,151770800
2022-05-09,376.77783203125,384.5751184962438,375.19754216123187,383.3355021930368,155586100
2022-05-10,377.64837646484375,384.26282054447404,373.60779806565324,382.7582487909865,132497200
2022-05-11,371.64892578125,382.3323619309161,370.901361613005,376.6831078492176,142361000
2022-05-12,371.260986328125,374.5350849474075,364.4572767318207,368.45055253884505,125090800
2022-05-13,380.1371154785156,381.51866715299093,374.35536749244255,375.396274457315,104174400
2022-05-16,378.5946350097656,382.26618152652463,376.2384227760437,378.49055876588955,78622400
2022-05-17,386.38250732421875,386.6190757634291,380.9508763229202,384.68866921363724,83029700
2022-05-18,370.8067932128906,382.1053033485448,369.5671769928699,381.82143279357103,117674500
2022-05-19,368.5357360839844,372.96431881468,366.31198717995636,367.7408696651366,98510700
2022-05-20,368.6966247558594,375.6990443299585,360.09500032544264,372.12213091455766,131432200
2022-05-23,375.594970703125,376.3614500919125,369.4063326029317,371.72468584727085,76414900
2022-05-24,372.7277526855469,373.92003788214953,366.1700541533183,371.4691925228241,91448800
2022-05-25,376.02081298828125,377.98907865192785,370.8352510778718,371.2326698997725,91472900
2022-05-26,383.5341796875,385.1712435361306,377.0427561590206,377.2509375219795,82168300
2022-05-27,392.9495544433594,393.06310264623306,385.79572888255234,385.99443823758133,84768700
2022-05-31,390.74481201171875,394.08515718858496,388.00062391684565,391.33149711527295,95937000
2022-06-01,387.5842590332031,393.87697365023195,385.06716741079504,392.8644826922193,86585800
2022-06-02,394.9651794433594,395.01248157548275,385.17124122143497,387.4233771677342,79609600
2022-06-03,388.48321533203125,391.795173302903,387.50855457000824,390.24327056369185,71874300
2022-06-06,389.6660461425781,394.22706332553315,388.4926471442496,392.4953952002465,57508900
2022-06-07,393.40380859375,393.8580303540427,385.7105989918035,386.1742927298047,59272400
2022-06-08,389.126708984375,393.4795741929143,388.33184246632624,391.69110286881636,64350000
2022-06-09,379.87213134765625,389.61873928900354,379.87213134765625,387.34768809546443,86289800
2022-06-10,368.8575134277344,374.51624111312117,368.81021128921816,373.6646004739386,132893900
2022-06-13,354.8526611328125,361.2967831487457,353.2439841844837,359.4420946590602,170004900
2022-06-14,353.7834167480469,357.63475843407963,350.67963952541805,356.60332335317423,104011800
2022-06-15,358.8269348144531,363.27440308718553,352.1273020375545,357.085766103299,125666800
2022-06-16,346.95123291015625,351.01075501197846,344.51930266450194,350.60386426743156,134473300
2022-06-17,347.6991882324219,351.0444787331084,344.19238154711957,347.3665849634016,111113900
2022-06-21,356.4519958496094,357.8395151338056,353.3538089384876,353.42985407891445,76811900
2022-06-22,355.8057556152344,359.9208069891218,351.8047139460426,352.22287520839393,90059400
2022-06-23,359.2936096191406,360.0253774175742,354.380257681737,357.944112743824,79292100
2022-06-24,370.71697998046875,370.7264928757993,362.43933990911876,362.4678495923808,98050300
2022-06-27,369.3009338378906,371.93342448126845,368.20802402579585,371.63881476677494,66009600
2022-06-28,361.7550354003906,373.6440649503389,361.6409966809316,370.859513206885,86548900
2022-06-29,361.4604187011719,363.2946090766125,359.6357412197438,362.3062541919747,65676000
2022-06-30,358.52386474609375,361.7646008408261,354.0666671292307,357.56399038001507,112508300
2022-07-01,362.3157043457031,362.7528913914141,355.2450145074344,357.86802077080847,74839700
2022-07-05,362.9999694824219,363.01899526887956,354.3896990068369,357.22178593032197,81438000
2022-07-06,364.2259216308594,366.7158632778939,360.7571091301574,363.14249596615014,70426200
2022-07-07,369.6810607910156,370.47936086311995,364.2449925833958,366.0031669220348,64525900
2022-07-08,369.376953125,371.24916611652566,366.5163562235368,368.04642405277673,72397800
2022-07-11,365.1573181152344,367.6662567653329,364.46354395303933,366.6968987191373,58366900
2022-07-12,361.9261169433594,366.99155941529256,360.17745545859367,364.60614303529803,62219200
2022-07-13,360.025390625,362.96203282628903,356.06239989210513,356.48056122161495,84224600
2022-07-14,359.1510925292969,360.2344894812079,352.6221141267699,355.06452096685234,89704800
2022-07-15,366.01263427734375,366.12667298735175,361.6504796031944,363.5606860012762,79060400
2022-07-18,362.9905090332031,369.7760736131692,361.764534839165,369.1013252129824,63203600
2022-07-19,372.7982482910156,373.3684709198661,366.25978635540963,366.91550902545094,78506000
2022-07-20,375.1741027832031,376.59016077722407,371.6197609648057,372.98828349436786,71843800
2022-07-21,378.9945983886719,379.0421048535145,372.1900078667484,374.59442084284586,64903900
2022-07-22,375.4783020019531,380.3156383047251,373.2544596880856,379.1182025989379,72197300
2022-07-25,375.9344482421875,376.78976766133366,373.6915803624673,376.10550632547137,53631500
2022-07-26,371.4867248535156,374.49935379005854,370.59338295368127,374.2902731538691,52946400
2022-07-27,381.13299560546875,382.8816573380171,374.4899487977389,374.78455855142886,82342100
2022-07-28,385.9131774902344,386.6069226009788,378.3863040631557,381.94067465500603,73966600
2022-07-29,391.5393371582031,392.52772101696127,386.5784500823875,387.3482404042619,87003700
2022-08-01,390.37994384765625,392.8889118778882,388.1275919584921,388.8403630121632,69997500
2022-08-02,387.8044738769531,392.49926155328086,386.6260350117583,388.81185464934134,63435400
2022-08-03,393.8772277832031,395.04615354744396,389.64810866127794,389.93320543237974,67820600
2022-08-04,393.6111755371094,394.48549174301655,391.96703995040895,393.80123040665455,45656600
2022-08-05,392.9459533691406,393.59219220020464,389.2680591655284,389.32507853281464,56814900
2022-08-08,392.48974609375,396.8899240250277,391.3873233872075,394.63757214293867,53886100
2022-08-09,390.93115234375,392.26165245097286,389.8572393634721,391.7579620888554,44931800
2022-08-10,399.1422424316406,399.284819832152,396.0345713490144,397.9923133525369,68665700
2022-08-11,399.1422424316406,403.8560554717358,398.40096176043045,401.99332639825303,59489700
2022-08-12,405.8993835449219,406.0039093837423,400.1306825479558,401.0810440036907,61694500
2022-08-15,407.57196044921875,408.09467660080554,403.6279665910464,403.68498595264106,54048300
2022-08-16,408.3703308105469,410.29956341351703,405.69030453369277,406.49811757493705,59289000
2022-08-17,405.47161865234375,408.1801539962864,403.46637035029323,404.7683606131751,63563400
2022-08-18,406.6501159667969,407.33434826924736,404.37873850839094,405.6712159722093,49023200
2022-08-19,401.18560791015625,404.15073107861025,400.3112625899229,403.88463102510104,68016900
2022-08-22,392.83184814453125,396.5192546194772,391.92899331076484,396.34816754384633,77695600
2022-08-23,391.88153076171875,394.7991472328157,391.33030490584025,392.40421793285645,49105200
2022-08-24,393.1360168457031,394.50451059223457,390.9691939931629,391.6534263650644,49177800
2022-08-25,398.68609619140625,398.73360265745475,393.5351249523274,394.6280346959815,50942300
2022-08-26,385.1910095214844,399.1137994167783,385.13399015284614,398.5721154147152,103087000
2022-08-29,382.64404296875,385.69469516399244,381.285033028505,382.23539449766605,65370800
2022-08-30,378.44342041015625,384.0410632057968,376.3431297512481,383.80347284610536,85652400
2022-08-31,375.5638427734375,381.32303102305707,375.4308072476335,380.07805980425115,76029700
2022-09-01,376.7423095703125,377.0844257808097,370.6789987050582,373.38753471575,78740100
2022-09-02,372.7696838378906,381.6270575634506,370.9544903875025,380.4105963352462,99632100
2022-09-06,371.3632507324219,374.55645129385596,369.1394084122668,373.61560273606375,76637400
2022-09-07,378.0347595214844,378.8045499413538,370.8310328137159,371.0495973756983,70964200
2022-09-08,380.505615234375,380.9617700406463,374.55634494566635,375.76332221027627,80821700
2022-09-09,386.4169616699219,387.2817940480387,382.4824514443837,382.74855148359427,76706900
2022-09-12,390.57000732421875,391.2922912350759,388.1845910416869,388.488713636019,69256300
2022-09-13,373.5870056152344,383.090617922909,372.46558632358233,381.8836405980916,122947100
2022-09-14,375.0126037597656,376.5331877578143,371.7053357392143,374.8890521407821,85023700
2022-09-15,370.75494384765625,376.3050503313671,369.48146319239925,373.4539664457312,87633800
2022-09-16,367.926513671875,368.58495903524056,364.6342868550473,366.57147330224217,103084800
2022-09-19,370.77978515625,370.77978515625,364.70111961719556,364.77747715242447,73278500
2022-09-20,366.5238037109375,368.4609613594327,363.76599177517704,367.44944233835855,77274900
2022-09-21,360.1301574707031,371.50498233585387,360.1206054997159,368.45132204995605,106746600
2022-09-22,357.1051025390625,360.99849150409443,356.36077689331256,359.357154295279,89472600
2022-09-23,351.1219787597656,353.6698511651654,346.6750983342068,353.63167239360894,122346900
2022-09-26,347.64837646484375,353.27853570562985,346.42691809015844,349.6523393463072,92581200
2022-09-27,346.76092529296875,353.459857136267,344.3657100991575,351.18870108949443,108294100
2022-09-28,353.5839538574219,355.27299311416255,346.01663630256644,347.7152275322068,110802200
2022-09-29,346.19793701171875,350.32034122123895,343.2492605532847,350.034073262893,112952300
2022-09-30,340.8444519042969,349.17519794486384,340.7108699138818,345.25315265968237,153711200
2022-10-03,349.8431701660156,351.6944470852205,342.78161312339256,344.5660844856892,89756500
2022-10-04,360.6836242675781,360.71225105913686,349.80500664731017,355.3683600338881,103602800
2022-10-05,359.8439025878906,362.1055067151951,353.9847287224127,356.3131384107271,88065700
2022-10-06,356.1318359375,361.3993701215644,355.6355993235401,358.44114174816866,82333500
2022-10-07,346.19793701171875,356.21772325997466,344.43254027693825,352.09528992858685,107789500
2022-10-10,343.5545654296875,347.55293916401916,341.31206538570666,347.3143728510966,76042800
2022-10-11,341.3787841796875,346.4268546628964,339.4416272107152,341.85591672497,92482800
2022-10-12,340.2528076171875,343.36372158176107,340.0046893387279,341.7891897787711,76991800
2022-10-13,349.232421875,350.7019983759628,332.18923096891143,333.2389284695991,147254500
2022-10-14,341.27398681640625,353.3263651432205,340.6346160964401,351.6945501160019,123737000
2022-10-17,350.0436096191406,351.15056087847387,340.9399103655982,347.362126415413,93168200
2022-10-18,354.15643310546875,358.2788655814361,350.711520738244,357.97349374132114,97162900
2022-10-19,351.64678955078125,354.8435843710711,348.831695054884,352.114370264022,79746900
2022-10-20,348.6980895996094,355.62606505287266,347.9346598802896,351.19826004641624,88283100
2022-10-21,357.1719055175781,357.65856093354137,346.91355531677885,348.4212814163938,131038400
2022-10-24,361.54248046875,362.67805847697105,356.0459031598392,358.698788584184,85436900
2022-10-25,367.3157958984375,367.63069061993605,361.351638036336,361.46614520779,78846300
2022-10-26,364.54840087890625,369.85411334727513,363.90905946867207,364.16670060269513,104087300
2022-10-27,362.60174560546875,367.39214701251325,361.9814498519805,365.55042194011406,81971800
2022-10-28,371.228271484375,371.70540412790007,362.31543719795053,362.49674993223925,100302000
2022-10-31,368.5467529296875,370.63659603718315,367.6402184672529,368.7662444084812,96631300
2022-11-01,366.9340515136719,372.53561281137877,365.7603239323339,372.2970465066368,85407600
2022-11-02,357.72540283203125,370.85610174230845,357.62044763501416,366.34241671143474,126990400
2022-11-03,354.0419921875,357.08610094389695,351.9235219733596,354.4809460886305,87100100
2022-11-04,359.13775634765625,361.5424944523819,353.07816578614245,359.75802297669105,103505200
2022-11-07,362.5731201171875,363.1647599563083,358.3552545876023,360.43554599672575,68286900
2022-11-08,364.529296875,367.50659956170625,360.44504309059437,363.679986890698,84641100
2022-11-09,357.019287109375,363.7086962893126,356.52305050737357,362.55401428993724,78495500
2022-11-10,376.63897705078125,376.9729757332263,368.0028876550996,370.30264142200895,141455800
2022-11-11,380.2843017578125,381.08588117365133,375.608378149284,377.49783406496215,93839900
2022-11-14,377.0492858886719,381.8778657875463,376.77254080840333,378.5188625471577,71903500
2022-11-15,380.2651672363281,383.91046764433503,376.44810606485254,382.8035164099832,93194500
2022-11-16,377.3641662597656,379.58759125179506,376.73434776440064,378.63332609915625,68508500
2022-11-17,376.20953369140625,376.88708300619,372.2970693510568,372.60241210724644,74496300
2022-11-18,377.9176940917969,379.6162851991159,375.06445009963727,379.54947963736595,92922500
2022-11-21,376.5435485839844,377.7173054097724,374.70182350827446,376.59127932303574,51243200
2022-11-22,381.6106872558594,381.77292517031464,377.077927085489,378.4902502119182,60429000
2022-11-23,384.01544189453125,384.5020973782574,381.0476617682043,381.2766761134872,68261600
2022-11-25,383.9295959472656,384.4830862024749,383.17574722863225,383.45246323436714,30545400
2022-11-28,377.8031921386719,382.4790864541177,377.0397623978261,380.837748913633,67881600
2022-11-29,377.15423583984375,379.1295426207394,375.3124819183031,377.93671115122805,52310000
2022-11-30,389.0349426269531,389.0349426269531,375.48439032831845,377.40244413398347,144566700
2022-12-01,388.7485656738281,391.2487358630156,386.2388435135502,390.07497917155587,76398200
2022-12-02,388.3000793457031,389.20661386702676,383.7482445522166,383.8531997520255,85342700
2022-12-05,381.3148498535156,386.4106228219642,379.9598094992948,385.4754615098056,77289800
2022-12-06,375.8182373046875,381.69651421862574,373.728423384414,381.15260520692095,77972200
2022-12-07,375.1789245605469,377.54551283524984,374.0433465972937,374.9689850432598,65927900
2022-12-08,378.1180419921875,379.1868143806111,375.2838731198775,377.06837354618364,60737900
2022-12-09,375.2934265136719,379.4349340954439,375.1693673749268,376.87751028175563,81447700
2022-12-12,380.7041320800781,380.7041320800781,375.41749445562255,376.0854626556509,75405800
2022-12-13,383.58599853515625,391.7163278716569,380.8186351718438,391.45868674150205,123782500
2022-12-14,381.13360595703125,386.9546308897341,378.1849292803874,383.2425243978925,108111300
2022-12-15,371.8104248046875,377.1733915827472,370.15001236187896,376.2668278226688,117705900
2022-12-16,367.4207458496094,370.59386612148,365.2829810609633,369.2517657317392,119858000
2022-12-19,364.3050842285156,367.9479610000422,362.6370475272463,367.6124286419873,79878100
2022-12-20,364.8036804199219,366.42379682476735,362.22491663969316,363.54785469861747,74427200
2022-12-21,370.2583312988281,371.38952801231983,366.86471190276114,367.40155201274337,78167400
2022-12-22,364.9761962890625,370.23916053307846,359.2722332289845,367.209831595386,100120900
2022-12-23,367.07562255859375,367.21941379519086,362.39741929068407,363.950423157118,59857300
2022-12-27,365.6280822753906,367.30571508666856,363.95044946411275,366.960616093891,51638200
2022-12-28,361.0841064453125,367.5358135013805,360.854040448147,365.56097308852884,70911500
2022-12-29,367.58367919921875,368.45605164881476,363.4039622569558,363.93123576240765,66970900
2022-12-30,366.6155090332031,366.7593002885038,362.78091952867106,364.8995512939543,84022200
2023-01-03,365.072021484375,370.4500180533657,362.2056465586836,368.4752072280289,74850700
2023-01-04,367.8905029296875,369.92283055639075,364.28597966385496,367.3344711039099,85934100
2023-01-05,363.6915588378906,366.04982262488596,363.09720228841604,365.9347896482895,76970500
2023-01-06,372.03179931640625,373.15342943340613,363.7203443233328,366.787997866155,104189600
2023-01-09,371.8209533691406,377.419479732033,371.63883728473166,374.2271676198182,73978100
2023-01-10,374.4284973144531,374.4956096553548,370.2967292649536,371.2362142707851,65358100
2023-01-11,379.1641540527344,379.2408622167289,375.19536960600243,376.0102256287862,68881100
2023-01-12,380.544677734375,382.0114071401958,376.1924394420377,380.2666910421618,90157700
2023-01-13,382.02093505859375,382.5961292686462,377.07431166109114,377.3427317250366,63903900
2023-01-17,381.3210754394531,383.6793685488554,380.6404441382468,382.00173599624947,62677300
2023-01-18,375.30078125,383.5739112290624,375.09947353048597,382.5098268846119,99632300
2023-01-19,372.5687255859375,374.9077982389386,371.24578754272824,373.25892360264237,86958900
2023-01-20,379.5093078613281,379.6626949440639,372.31945292080763,373.9683274907241,91806400
2023-01-23,384.0628967285156,385.99935386476415,379.3559346776604,380.31458203818664,84178800
2023-01-24,383.6506042480469,384.5613014945895,381.1964698645628,382.38518297842836,59524900
2023-01-25,383.79443359375,384.12996598342204,377.2852105542449,379.57639153162364,84800300
2023-01-26,388.0124206542969,388.1754035366661,383.4876050912672,386.4594170054567,72287400
2023-01-27,388.90399169921875,391.28144730327597,386.7566313185161,386.96753487416305,68346200
2023-01-30,384.02447509765625,388.37674154050546,383.72729680861056,386.14307720021804,74202000
2023-01-31,389.6710205078125,389.71894117739674,384.19712258154567,384.54225087158534,86811800
2023-02-01,393.81231689453125,396.5636593442866,385.7117643976384,388.45348175657574,101459200
2023-02-02,399.54498291015625,401.01171197085296,395.80626464324223,397.70436739497256,101654500
2023-02-03,395.2982482910156,399.7271944530263,394.090343244796,394.56966692909316,94736800
2023-02-06,392.8824157714844,394.2820619137646,391.22397464206705,392.8440909429574,60295300
2023-02-07,398.0207214355469,399.2669510561357,390.71583467034515,391.96206429093394,90990700
2023-02-08,393.6684875488281,397.388043561494,392.97826035827575,396.0459432619734,76227500
2023-02-09,390.25567626953125,397.42636769460404,389.0286090516376,397.27298063541855,78694900
2023-02-10,391.16644287109375,391.54989593055205,388.26174279369724,389.0765695741987,70769700
2023-02-13,395.75836181640625,395.8925864844252,391.3581741107854,391.8183353582287,64913500
2023-02-14,395.5762023925781,397.8865164448738,391.61698469819703,394.2340728818384,88389300
2023-02-15,396.86077880859375,396.93745771221506,392.5372705702228,393.3808847880114,61555700
2023-02-16,391.39654541015625,395.835087395517,391.2623499918296,391.8854649285943,76431500
2023-02-17,390.418701171875,390.6583629922171,387.34142233465536,389.26831273199565,89257800
2023-02-21,382.58648681640625,387.4468348785111,382.3276626184369,386.3923171645057,82655900
2023-02-22,382.0592956542969,384.54218860202,380.6021330632425,382.9987512663258,83742300
2023-02-23,384.09161376953125,385.567938737912,379.86397585252666,384.95439045031753,96242400
2023-02-24,379.9886169433594,380.8226354035622,377.36193273433554,379.0683237378521,108194400
2023-02-27,381.2828063964844,384.69558849089844,380.34332149757034,383.33429643374495,80444700
2023-02-28,379.87359619140625,382.7687005643169,379.76812977335084,380.80348526155615,96438600
2023-03-01,378.4164123535156,380.285786224129,377.11266611466596,379.05871889408525,99706800
2023-03-02,381.3594970703125,382.20311141280865,376.10609910014693,376.4416315212209,85127800
2023-03-03,387.4756164550781,387.7248740903768,382.5289933624495,383.18086644105557,90120000
2023-03-06,387.7440490722656,390.6008283701899,387.3030795348652,388.3000515971973,72795900
2023-03-07,381.8004455566406,387.9358116155142,381.1869265041094,387.69614979307676,108310600
2023-03-08,382.423583984375,383.18089426793244,380.18991944950625,381.9155020986243,74746600
2023-03-09,375.36785888671875,384.87765106087704,374.3804535367053,383.2095852008517,111945300
2023-03-10,369.9516296386719,376.9018234388532,368.4273837504072,374.82154566343945,189253000
2023-03-13,369.42431640625,374.24634050095773,364.90909573022645,366.021130129731,157790000
2023-03-14,375.53094482421875,377.1798194710275,371.04445289786275,374.351798026972,149752400
2023-03-15,373.1822204589844,373.38352820078774,367.84254796683757,369.9324213189262,172996900
2023-03-16,379.7297668457031,380.0748950855989,370.31587262158683,370.82395451887174,143254200
2023-03-17,375.28973388671875,379.533507168689,373.9040108000652,378.3979930571189,140553400
2023-03-20,378.8983154296875,379.3121292855333,375.3666692245707,376.06913373609086,93055800
2023-03-21,383.87347412109375,384.35462710121084,380.66897882785537,382.2664102459138,91524200
2023-03-22,377.3297119140625,387.31845078432247,377.29124082660223,383.70020095781945,111746600
2023-03-23,378.3498840332031,384.2391923827506,375.6361739137841,380.19749521054143,119351300
2023-03-24,380.83258056640625,380.9191845780308,374.7219318967555,377.06996076940004,107682400
2023-03-27,381.544677734375,383.88310351821207,380.6497402466303,383.11324113581304,74010400
2023-03-28,380.6882629394531,381.54470001628135,378.850254938649,380.85183851528325,62871700
2023-03-29,386.2215270996094,386.46210360467114,383.65215710396006,384.8550396292689,77497900
2023-03-30,388.4829406738281,389.1084336951085,386.61606470017716,388.85822473969705,69840000
2023-03-31,393.95843505859375,394.2567475446969,389.30084855820127,389.40671748046964,112062600
2023-04-03,395.4595947265625,395.86374673169445,393.0441976826668,393.43874659917225,67391100
2023-04-04,393.265625,396.3931196515644,391.8895050342017,396.10441021722386,66601500
2023-04-05,392.23590087890625,393.29444326978927,390.58073351331996,392.53421336625786,65200200
2023-04-06,393.7659606933594,394.0450376322365,390.3882575257403,391.437167451645,63743300
2023-04-10,394.17010498046875,394.2471058980047,390.66732678096605,391.28318728502614,63681000
2023-04-11,394.27593994140625,395.68089820935097,393.5061070358252,394.7955933046571,59297900
2023-04-12,392.6688537597656,396.6335781608483,392.08186134223416,396.3448688124016,86420400
2023-04-13,397.8846435546875,398.2406920585318,392.6111963601302,393.75634279356007,85814800
2023-04-14,396.9126892089844,399.44355846247794,394.6031608879993,397.2495021524552,78161500
2023-04-17,398.3369445800781,398.356180127704,395.59436663010166,396.82611712486937,66436400
2023-04-18,398.5967712402344,400.04986273859487,397.22068066969723,399.9151257985286,63560000
2023-04-19,398.5294494628906,399.4339901497687,396.6240728742949,396.6818088890477,55227300
2023-04-20,396.3545837402344,398.10598763661955,394.80525587274064,395.7098258250606,75840400
2023-04-21,396.6625671386719,397.12445524947367,394.70908702407195,396.65293468061344,73457400
2023-04-24,397.0763244628906,397.4997414469219,395.12284448225694,396.46043453439125,64332100
2023-04-25,390.7731628417969,395.661693208056,390.7154268377835,395.103539346267,97766700
2023-04-26,389.1180419921875,392.46687746099377,388.5599174310108,391.38909943441206,80447000
2023-04-27,396.8646545410156,397.13409906910863,391.4083661380691,391.65857511674506,92968400
2023-04-28,400.2519226074219,400.26155506482286,395.92154566069996,395.97928167060974,89433100
2023-05-01,399.8477478027344,401.8781992260224,399.61677440898023,399.8092473425676,62122300
2023-05-02,395.353759765625,399.1837478908785,392.4476064659251,399.1356149746384,103998500
2023-05-03,392.6400146484375,398.2695096340394,392.39943819065314,395.8541126003669,91531800
2023-05-04,389.8589782714844,391.9182975436162,388.5213590280541,391.5911170748567,94901900
2023-05-05,397.0763244628906,398.125234465571,393.2367329689119,393.4965450134205,87891800
2023-05-08,397.18212890625,397.6632818576283,395.77717051105407,397.4034698360924,50046800
2023-05-09,395.44036865234375,396.55664705489033,395.20942462672946,395.6328415851866,49220100
2023-05-10,397.2879943847656,398.9142936957152,393.45800635276555,398.2791682813285,96142900
2023-05-11,396.5951843261719,396.8838643849846,394.5165998009732,396.4219762908843,70157100
2023-05-12,396.0755615234375,398.0483066355821,393.650560739882,397.8365981203093,70481500
2023-05-15,397.4419860839844,397.8461381335402,394.7667767427343,396.68175616777665,54289400
2023-05-16,394.78607177734375,397.259205466478,394.77643931896347,396.3353704795069,57705500
2023-05-17,399.5783386230469,400.1845667461961,395.1613575223225,396.80689259108277,87287000
2023-05-18,403.42755126953125,403.850968255046,399.03943829896787,399.26074988190857,97177200
2023-05-19,402.8405456542969,404.86139419112027,401.6184275681808,404.3321376214222,103793300
2023-05-22,403.00408935546875,404.54378464321184,401.61836653322445,402.8597493463277,60745400
2023-05-23,398.4813232421875,402.93680511481756,398.08677422323905,401.3586090390237,86383500
2023-05-24,395.5943298339844,397.2591296170941,394.4299479150844,396.8742131296412,89213700
2023-05-25,399.0201416015625,400.4732329300767,396.86458575045214,399.10674560980397,90961600
2023-05-26,404.1877746582031,404.90950419232723,399.5975853933837,399.6745569554337,93830000
2023-05-30,404.34173583984375,406.65126441099187,402.95601282370507,406.12200784767117,72216000
2023-05-31,402.09954833984375,403.41790279671176,400.5309849376734,402.51333285149997,110811800
2023-06-01,405.9198913574219,406.9784337458306,401.0794937409788,402.3304796935779,88865000
2023-06-02,411.7900390625,412.5791077450609,407.9696826723972,408.4989392802767,91426200
2023-06-05,411.0008544921875,413.4258547804784,410.298360615152,412.13636840253633,65460200
2023-06-06,411.8958435058594,412.4251000685976,409.93273100728186,410.5871214183071,64022200
2023-06-07,410.4715270996094,413.4258129527148,410.04811019837797,412.29029915724993,85373300
2023-06-08,412.954345703125,413.4066306619177,409.76911544531237,410.5389484373123,61952800
2023-06-09,413.6953430175781,415.7065590310339,412.70416901348756,413.7530790281272,85742800
2023-06-12,417.4482727050781,417.52527361997466,413.9551270818145,414.67685648093624,76104300
2023-06-13,420.20050048828125,420.8452289997208,418.2470206735575,418.9110140981565,95899700
2023-06-14,420.70086669921875,422.5100064056292,417.246192203358,420.5372911495027,100612100
2023-06-15,425.91656494140625,427.16755076971987,419.78668152163175,419.8828886105457,110303100
2023-06-16,424.4658508300781,428.4742491472454,423.99257880127806,427.9043831698667,114165800
2023-06-20,422.26361083984375,423.4130109410261,420.1869737539229,422.52441742791524,76160400
2023-06-21,420.10003662109375,422.08007971224396,419.510834231047,421.2784119248558,76982300
2023-06-22,421.6165466308594,421.722779347334,418.80583057108225,419.14389467353715,70637200
2023-06-23,418.4291076660156,420.2159925909701,417.71436548656794,418.1586622892244,92074500
2023-06-26,416.71954345703125,419.781368562751,416.47807329831915,417.8592755318311,72823600
2023-06-27,421.28814697265625,421.90629521825156,417.1445110170716,417.59847607026,72813700
2023-06-28,421.5006103515625,422.5147730975973,419.58815632826764,420.2063045276252,75636000
2023-06-29,423.1618957519531,423.32610840810986,420.679605245235,421.0852585523664,67882300
2023-06-30,428.155517578125,429.1407051013052,426.0595438710738,426.3783009507995,104964000
2023-07-03,428.648193359375,428.92827753238817,427.5277682383053,427.8078818876575,32793400
2023-07-05,428.01068115234375,428.7447598513333,426.8226373857692,426.8323056243361,58418400
2023-07-06,424.6590270996094,425.08401688065084,422.1477318870011,424.42722521043544,80658300
2023-07-07,423.5868835449219,427.5373607483118,423.3454134187473,423.66417049204466,86134200
2023-07-10,424.6590270996094,424.8328785164898,422.6596473764828,423.2295133382579,62443500
2023-07-11,427.3634338378906,427.85604227467053,424.4464856392724,425.4220342763996,64463800
2023-07-12,430.80206298828125,432.2122699147005,429.7299496500487,431.1594635773627,91924500
2023-07-13,434.22125244140625,435.0132815571351,432.18325865422753,432.617887210663,72425200
2023-07-14,433.9508056640625,435.9598242076378,433.18775178790105,435.1098740968055,69815800
2023-07-17,435.4576110839844,436.5104174127122,433.7576517763609,433.80596349270843,52680200
2023-07-18,438.69329833984375,439.3404218148386,434.69453863237396,435.12919667930265,80668200
2023-07-19,439.66888427734375,440.8568986136269,438.61604842821305,439.4853645954834,65891700
2023-07-20,436.75189208984375,439.57227647249636,436.0371498627965,438.6740145693688,70591600
2023-07-21,436.75189208984375,438.6740145693688,436.742253327544,438.4711584160143,71275600
2023-07-24,438.7029724121094,439.5143085643416,436.86777572408096,437.9012750217946,54023400
2023-07-25,439.9006652832031,441.1562982796933,438.38422565839835,438.43253737447066,55191200
2023-07-26,439.96820068359375,441.3976848440359,437.91087066746417,438.9636767908251,71052900
2023-07-27,437.05126953125,443.7641509737044,436.14333947921443,443.35846818342566,92194400
2023-07-28,441.3301696777344,442.1608128318353,437.0512962860115,440.3256456163928,80011800
2023-07-31,442.17041015625,442.5277811990183,440.48975816470266,441.80337087675883,62040400
2023-08-01,440.90521240234375,441.64892989588066,439.9489705091238,440.7023562416477,55291500
2023-08-02,434.7718200683594,438.0461398306252,434.0184344125547,437.7853626915781,93933400
2023-08-03,433.5258483886719,435.4093273640729,432.1060027164115,432.75315569310766,64276100
2023-08-04,431.56512451171875,437.44733404641704,431.04354071502667,435.34172133475255,100128900
2023-08-07,435.3320007324219,435.4865451527169,432.7048045400754,433.40023969323573,58357500
2023-08-08,433.4389343261719,435.322413352219,430.07765910977645,432.791781332074,71361300
2023-08-09,430.541259765625,433.87355948928627,429.77820586959297,433.7093468244431,78789600
2023-08-10,430.6957702636719,436.2882265207825,429.52706313111736,432.89797658868093,93005500
2023-08-11,430.44464111328125,431.4588333292262,428.22312774254544,428.82196893936987,68690900
2023-08-14,432.8207092285156,432.8207092285156,429.2179937241371,429.5270825673996,47867400
2023-08-15,427.77880859375,431.4008602977152,427.2089131864871,431.04345976947155,75707500
2023-08-16,424.63970947265625,429.0247856402229,424.53344729188865,427.3634700312785,80107200
2023-08-17,421.4040222167969,426.3686327842003,420.8824384802807,426.1078556541094,95711300
2023-08-18,421.60687255859375,422.6403718520157,418.23595877170976,418.5836616313642,98852000
2023-08-21,424.3500061035156,425.09372360106846,420.4671764574395,422.62107146680034,68719000
2023-08-22,423.2005615234375,426.12717844156236,422.64036376815267,426.12717844156236,64994200
2023-08-23,427.9140319824219,428.53220964419495,424.1181287339091,424.263004912033,68441000
2023-08-24,421.9835205078125,430.0292916211122,421.95451579727023,429.5173761658402,88517300
2023-08-25,424.9584655761719,426.24307373449807,420.1580380770201,423.71247141677657,102325100
2023-08-28,427.6532287597656,428.2713769074764,424.9584141058072,427.1509520711484,61595400
2023-08-29,433.8349304199219,434.1150440450923,427.3635186603017,427.54703833096477,83081900
2023-08-30,435.6217346191406,436.25921922905536,433.4678106860802,434.1729139992429,69053900
2023-08-31,434.98431396484375,437.3796788770793,434.8007943012341,436.2399468961714,66084600
2023-09-01,435.7956848144531,438.19107939386777,434.3371956273561,437.7081390777522,58944100
2023-09-05,433.9121398925781,435.670049450585,433.8445506606034,435.35132185994263,55166200
2023-09-06,430.99517822265625,433.2070527201014,428.66740278671307,433.1007905422567,70758500
2023-09-07,429.6719970703125,430.34809581436866,427.6436418854697,427.991344757898,70355400
2023-09-08,430.3190612792969,431.85480770691146,429.3628490355431,429.72022009729625,61659700
2023-09-11,433.14910888671875,433.45816823533755,431.2366549432054,432.9462527649071,60180100
2023-09-12,430.7730407714844,433.2263855290798,430.19353604446763,431.70030728737913,67565400
2023-09-13,431.2752990722656,432.4343379531001,429.8940675950137,430.9951854819559,60199300
2023-09-14,434.9939270019531,435.6893621396805,432.4440178145085,433.747962382289,83430800
2023-09-15,429.7530212402344,433.7368084981918,429.3168595859164,433.4072542770486,111848900
2023-09-18,430.00506591796875,431.30390776198857,428.9679210789831,429.4428625408151,55752200
2023-09-19,429.11328125,429.6754845917088,426.42836539622306,429.08420380682946,66514600
2023-09-20,425.16827392578125,430.7901294710478,424.96470225740006,430.3733429544115,82562600
2023-09-21,418.14093017578125,422.58025371246634,417.98584063306095,422.31855674804774,104095800
2023-09-22,417.20074462890625,420.7677155797648,416.7839285170148,419.16839709834846,100829700
2023-09-25,418.95513916015625,418.993889361631,415.55293063128704,415.9891218304828,70874500
2023-09-26,412.8001708984375,416.6191660672769,411.96656825523684,415.91157553365485,96168400
2023-09-27,412.9649353027344,414.5352059296986,409.32043434886083,413.97300260416256,104705800
2023-09-28,415.35906982421875,417.035947852058,411.8211763569914,412.4124571151363,92258300
2023-09-29,414.35101318359375,418.5867946420908,412.8292247753013,418.41232999892884,115111300
2023-10-02,414.1862487792969,415.436637965525,411.4237734247356,413.51743802249865,83798600
2023-10-03,408.6419372558594,414.2444181473067,407.27523825202337,412.00536625897985,103760600
2023-10-04,411.6177062988281,412.364047157279,407.6436209279744,409.10725477824377,87453000
2023-10-05,411.4625549316406,412.3058303467078,408.23484048426144,411.3268404794052,70142700
2023-10-06,416.3477478027344,417.88891132912596,407.6823154616602,409.0102345616155,113273300
2023-10-09,419.0133361816406,419.5852123041229,413.8954989431742,414.44797038266114,80374400
2023-10-10,421.1942138671875,423.79189736248946,419.245936455557,419.64334789466267,78607300
2023-10-11,422.9195861816406,423.17158085104415,419.8760088222951,422.26047769195304,62451700
2023-10-12,420.34124755859375,423.90821868639375,417.9858858829249,423.5302119190894,81154200
2023-10-13,418.2475891113281,423.0455744454242,416.6773479708049,421.8436377363804,95143100
2023-10-16,422.64813232421875,423.71435449669224,420.25399100160854,420.4963128780658,75433200
2023-10-17,422.62872314453125,424.68363748247594,419.1683892665842,419.51731856642147,75324700
2023-10-18,416.9972229003906,421.8145836033234,415.91162548795126,420.85499831559775,93559800
2023-10-19,413.3332824707031,419.52704410810907,412.6547989345063,417.71448112410957,121323000
2023-10-20,408.25421142578125,413.4399055549237,408.14757441721036,412.8971069121286,123919900
2023-10-23,407.5466003417969,411.4140774521023,404.96829212836195,406.7227000782813,92035100
2023-10-24,410.6192626953125,411.7727171708306,407.8180076603951,409.66935030950145,78564200
2023-10-25,404.7259826660156,408.9617938766799,404.21226147565824,408.93271643497314,94223200
2023-10-26,399.87957763671875,404.512771066671,398.9587721877273,403.65982284727204,115156800
2023-10-27,398.0669860839844,401.8666061249316,396.64213226616755,401.46919469761593,107367700
2023-10-30,402.8262023925781,403.88272225418063,399.5597081383843,400.85854988329856,86562700
2023-10-31,405.3560485839844,405.67590044700427,401.48857130380884,403.39806888205027,79665200
2023-11-01,409.67913818359375,410.49333629271865,405.7922850849921,406.32541106213137,98068100
2023-11-02,417.5303039550781,417.68539350879695,413.4592845158063,413.4786596174057,94938900
2023-11-03,421.3396301269531,422.89049620638866,419.71123405468535,419.83724617580907,100167800
2023-11-06,422.30889892578125,422.75476292041225,420.36062146659094,422.0956544795997,67831700
2023-11-07,423.51080322265625,424.1505365569555,421.1651439105342,422.308896123232,64256100
2023-11-08,423.82098388671875,424.6351818841711,421.5140747704494,424.11175832141294,61746000
2023-11-09,420.5157470703125,425.0035535857789,420.08925814139275,424.96477379761035,83174400
2023-11-10,427.0777893066406,427.38796843360757,420.5060206531149,422.59001262842264,89462200
2023-11-13,426.670654296875,427.7756266322396,424.95502612182986,425.740146607046,52236100
2023-11-14,434.9483947753906,436.23753414765645,432.3894615518305,432.61240832792026,97176900
2023-11-15,435.8692321777344,437.51703289700214,435.01625437389265,436.28601873814944,77327600
2023-11-16,436.4023132324219,436.7221650858265,434.35710126569217,435.4233234108849,66665800
2023-11-17,436.94512939453125,437.55578526494025,435.4911981146269,436.41200351038174,83133200
2023-11-20,440.30853271484375,441.15180807539235,436.6833774860901,436.69307982642476,69936200
2023-11-21,439.3489685058594,440.18257120218567,438.0792041489343,439.2617361737396,49244600
2023-11-22,441.0451965332031,442.3634429416601,439.94992648347943,441.0064463302394,59394900
2023-11-24,441.31658935546875,441.51045868866237,440.7641179584505,441.09367216063396,29737400
2023-11-27,440.5217590332031,441.50071921666876,440.1340203994256,440.6865213302844,50506000
2023-11-28,440.9579772949219,442.25681906014256,439.57190319998205,440.13407696271906,62115000
2023-11-29,440.64776611328125,444.24384395397783,440.2503842780265,443.10976458954195,63146000
2023-11-30,442.38287353515625,442.7318324677561,439.4168557194586,441.4911454702114,79752700
2023-12-01,444.9998779296875,445.5329741995201,441.18088297834976,441.77213412924385,89183400
2023-12-04,442.6639404296875,445.01930211338146,440.3861087358581,441.60742053346644,72430900
2023-12-05,442.5766906738281,443.5362758597069,440.8998126034742,441.2778489374918,69793500
2023-12-06,440.7932434082031,444.74792384542485,440.35705215116445,444.71884640030964,69124700
2023-12-07,444.1566467285156,444.80605282503006,442.27622650644105,442.87718005735604,66995400
2023-12-08,446.0661926269531,446.5992890074254,443.1680024111317,443.4103243259485,83194400
2023-12-11,447.8011474609375,447.97564170163525,445.358553474564,445.5717979195869,65002200
2023-12-12,449.8462829589844,449.9432176139037,446.45377709893216,447.45214192596393,68327600
2023-12-13,456.04974365234375,456.30176785417245,449.8656850098202,450.2243166322346,93278000
2023-12-14,457.513427734375,459.1806035101216,454.83818462019093,457.98836917003774,119026000
2023-12-15,456.7601318359375,458.09346468799856,454.911024624647,456.9158501916579,141553700
2023-12-18,459.3294372558594,460.31239637628556,457.3051580447496,458.3659614924249,70375300
2023-12-19,462.1225280761719,462.2004020971749,459.7965540277921,459.8743983485583,55761800
2023-12-20,455.71881103515625,463.15417688283,455.2905929826461,461.26613266046417,102921000
2023-12-21,460.0398864746094,460.31238616429494,456.28325178797456,458.7065536605437,86667500
2023-12-22,460.96441650390625,462.6480933014032,459.06666039020405,461.1687838422537,67160400
2023-12-26,462.9108581542969,463.8159432234597,461.2953136791012,461.373187704544,55387000
2023-12-27,463.747802734375,463.89377939487036,462.1711954005529,462.70645305578125,68000300
2023-12-28,463.9230041503906,464.75995685713684,463.5045277970175,464.1079178321579,77158100
2023-12-29,462.5799865722656,464.2539217843669,460.62380998189565,463.72837604213146,122283100
2024-01-02,459.9912109375,460.9839117212058,457.8890577311239,459.5143439023402,123623700
2024-01-03,456.2346496582031,458.57036576687835,455.63125954765485,457.83071094737187,103585900
2024-01-04,454.7650146484375,458.34644746704663,454.54116395968543,455.75768568069975,84232200
2024-01-05,455.3879089355469,457.84040614563645,453.93779478135224,454.96940287212124,86118900
2024-01-08,461.8890075683594,462.0349842457667,455.7577198150965,455.884242835596,74879100
2024-01-09,461.18829345703125,462.2101599071882,458.72605447786003,459.23211686361327,65931400
2024-01-10,463.7964782714844,464.6626560070687,461.17852110920177,461.4607624691406,67310600
2024-01-11,463.5921325683594,465.3147167416708,459.6116768106503,464.7989126874992,77940700
2024-01-12,463.91326904296875,465.7818595429952,462.502121615046,465.04220480544996,58026400
2024-01-16,462.2101745605469,463.845172812728,460.3902626095814,462.53135296380003,85014900
2024-01-17,459.6408996582031,460.12750840636863,457.28570024897624,459.183486246918,68843900
2024-01-18,463.72833251953125,464.2830735453687,459.7673604180853,461.31477246365523,91856200
2024-01-19,469.5093078613281,469.79154925027024,463.7770722736198,464.85732943436926,110834500
2024-01-22,470.5019836425781,472.22456782073624,469.8499148891261,471.0469830334159,75844900
2024-01-23,471.8741760253906,472.1174803762762,469.956966252641,471.0469649925702,49945300
2024-01-24,472.3900146484375,475.6794645582401,471.8936642634199,474.745184157241,81765000
2024-01-25,474.95928955078125,475.23178923650255,472.3900110425858,474.52132983790426,72525000
2024-01-26,474.3559265136719,476.0201200569098,473.509232074134,474.53109852869903,76641600
2024-01-29,478.11248779296875,478.258494159002,474.12232032676826,474.66731967923187,61322800
2024-01-30,477.74267578125,478.45310543351826,476.9835377414516,477.4214974259143,58618400
2024-01-31,469.947265625,475.98119623389044,469.92778226707486,475.533524505223,126011100
2024-02-01,476.0979919433594,476.1271872790658,470.8425939142762,471.65038103588824,91891600
2024-02-02,481.11004638671875,482.7644982110768,476.1952805049677,476.53591254829524,99228200
2024-02-05,479.35821533203125,481.13921979443177,477.10037355108614,480.47743909484853,75757100
2024-02-06,480.74993896484375,481.0808293147646,478.871606822303,480.3022375794468,55918600
2024-02-07,484.75958251953125,485.1780588645302,482.092946704362,482.99806143919835,70556500
2024-02-08,484.9737243652344,485.3532637246949,483.9421162494583,484.759615339305,52343600
2024-02-09,487.7765808105469,488.2145108276318,485.13914022884614,485.47977226451565,63979400
2024-02-12,487.5625,490.01499733828587,486.84229887428285,487.7474136957695,56502300
2024-02-13,480.84722900390625,483.7766228154562,477.57723287028176,481.2851887040555,113099200
2024-02-14,485.2170104980469,485.703619202311,481.1586808363787,483.48468469887587,68387800
2024-02-15,488.56488037109375,488.74979405458623,485.4408311080291,485.91772783399097,61683000
2024-02-16,486.1318359375,489.4018321652925,485.39218120492103,488.26318443249403,75532900
2024-02-20,483.45550537109375,485.06130820828355,481.20737545898015,484.3897857981468,71736700
2024-02-21,483.8934020996094,484.0491204434422,480.3411646253707,482.15136438471933,59293400
2024-02-22,493.90777587890625,494.87125149427965,489.5477517169942,490.5112570326023,76402500
2024-02-23,494.24847412109375,496.4674086571224,493.51856105397593,495.6304262293698,61321800
2024-02-26,492.4382629394531,495.12435246871587,492.3117399253592,494.6863927584272,50386700
2024-02-27,493.35308837890625,493.57693907250416,491.23148157958644,493.1292673855463,48854500
2024-02-28,492.7010498046875,493.28495648375826,491.4358493661455,491.7959350516518,56506600
2024-02-29,494.47222900390625,496.0877732738066,491.81536480300167,494.462517027139,83924800
2024-03-01,499.114501953125,499.5427199698066,494.93942084083443,495.3481852022985,76844800
2024-03-04,498.57928466796875,500.4284215717115,498.2873313148722,498.3165563504212,49799300
2024-03-05,493.5964050292969,497.0221493633574,491.38721217314117,496.5744479650044,72855600
2024-03-06,496.0975646972656,498.3554361707815,494.8031986362925,496.8761267293977,68382400
2024-03-07,501.0220947265625,502.07318625015404,496.1560072661152,499.396838146908,58652100
2024-03-08,498.01483154296875,504.3407152276024,497.4406368151398,501.6546849790431,86532500
2024-03-11,497.5865783691406,498.1705147342669,494.881035254285,496.80801634913047,62557200
2024-03-12,502.9393310546875,503.5232377514132,497.17784111143084,499.6985003866654,73114400
2024-03-13,502.1510009765625,503.43565519442245,500.7106580961506,503.26048317387085,55104100
2024-03-14,501.15838623046875,503.27999334861664,498.1122105652992,503.1242452772841,110171800
2024-03-15,497.7170104980469,499.54260646729915,496.04764647981636,498.0879869004349,107646300
2024-03-18,500.6750793457031,503.23282668542583,500.26507469946,501.78800868482955,88893300
2024-03-19,503.45733642578125,503.7404249038955,498.9763634054438,499.98192037379897,60755300
2024-03-20,508.1140441894531,508.2507322695581,502.84237700936313,503.515985878407,69594600
2024-03-21,509.7931213378906,511.6577156470844,509.50997328058423,510.9548506462455,60256100
2024-03-22,508.82672119140625,510.19342318455074,508.59237324097523,509.7053025616341,79070800
2024-03-25,507.4208984375,508.57285588251494,507.26466648069925,507.4501546887545,48512100
2024-03-26,506.4837341308594,509.1879415331935,506.0835014250274,508.8462213354942,65463700
2024-03-27,510.7400817871094,510.7791695687557,507.14752139258985,509.31480779780867,82999800
2024-03-28,510.6424560546875,512.145845947325,510.3593675770243,510.7791441135719,96294900
2024-04-01,509.7540588378906,511.92134520134493,508.592329471925,511.38442447935097,62477500
2024-04-02,506.5130310058594,506.6496594947848,504.20905639561914,505.92725051103764,74230300
2024-04-03,507.0694580078125,508.57290771634445,505.3708077109344,505.4196078580209,59155800
2024-04-04,500.8800964355469,511.42348983220387,500.57746403679687,511.08182923475704,96858100
2024-04-05,506.11273193359375,508.0749863325785,501.7977623960231,502.2370828649808,74546500
2024-04-08,506.395751953125,507.8210854017469,505.58551474588614,506.81558805859675,48401800
2024-04-09,506.9815673828125,508.3775850942212,502.12961782362083,508.13352480372953,68049200
2024-04-10,501.90509033203125,503.8966008078219,499.9233518012494,501.2802817017724,82652800
2024-04-11,505.6929626464844,507.13778061540546,499.9136311857634,503.42807581801776,70099000
2024-04-12,498.71282958984375,503.56474960986543,496.9848635757255,502.14918793409277,92561100
2024-04-15,492.4649353027344,503.0571295651305,491.61558034670605,502.89118522807627,92101400
2024-04-16,491.5667419433594,494.4661795680653,490.27809637848605,492.94324564322153,73484000
2024-04-17,488.6575622558594,494.1928634388067,487.2615443714678,494.0268893119992,75910300
2024-04-18,487.6520690917969,492.1525572135463,486.7148857364247,490.05364426668797,74548100
2024-04-19,483.3956298828125,488.56969668668467,482.1264983587833,487.57394131853926,102212600
2024-04-22,487.8472595214844,490.44406471980994,483.6591763812229,486.0021493308909,67961000
2024-04-23,493.6363830566406,494.0659315908711,487.6617913619136,489.85833417865257,64633600
2024-04-24,493.402099609375,495.31552414024065,491.1762707245871,494.52477110173174,55928100
2024-04-25,491.5276794433594,492.28914639879576,485.6702321576898,487.3200821932215,69122400
2024-04-26,496.1843566894531,497.765862650216,493.68518162682494,494.3197324417275,64306100
2024-04-29,497.94158935546875,498.61519817399505,495.19835393785416,497.97087540007783,46415400
2024-04-30,490.0535583496094,497.45345338662946,490.0535583496094,496.47721220645434,77483600
2024-05-01,488.4623107910156,496.1160385437577,487.9937042701267,489.4678380773352,80242800
2024-05-02,493.0310974121094,493.8706803453591,487.6812848525579,492.1720003799534,62550200
2024-05-03,499.14239501953125,500.372438730604,496.47724569258963,499.01547889074567,72756700
2024-05-06,504.2969665527344,504.3359947534281,501.1046384911043,501.54395898532556,47264700
2024-05-07,504.8533935546875,506.2494113345479,504.1797847364997,505.2633981790086,52561300
2024-05-08,504.9021911621094,505.439111907815,502.90090860900597,503.01805278679507,42047200
2024-05-09,507.8114013671875,507.8504891521531,504.4336447297941,505.08770969254925,43643700
2024-05-10,508.46563720703125,510.2228599489975,507.24533536051985,509.4125628390996,52233200
2024-05-13,508.5337219238281,510.25191578241885,507.39153652795756,510.14454356251383,36716400
2024-05-14,510.86700439453125,511.38444082765227,508.19211305924,508.72903379839863,57535900
2024-05-15,517.193115234375,517.4859756907869,512.7023697575905,513.3369504006804,59504900
2024-05-16,516.1289672851562,518.8917465910545,515.9825072697596,517.2906967075278,50244800
2024-05-17,516.8709106445312,516.9392546781255,514.7915121402848,516.2461019816988,59187600
2024-05-20,517.4664306640625,518.930792527948,516.5975616577482,516.9880819887991,37764200
2024-05-21,518.7354125976562,518.8916445280207,516.4998421188823,516.704874183102,33437000
2024-05-22,517.2418823242188,518.7550442398426,515.064823969773,518.0424072439434,48390000
2024-05-23,513.4638671875,520.4049281460258,512.2532779910508,520.2975559093766,57211200
2024-05-24,516.8612670898438,517.671564163704,514.3620914027401,515.3090169926944,41291100
2024-05-28,517.2222900390625,517.9056707197677,514.5864271763583,517.6713823915322,36269600
2024-05-29,513.6005249023438,514.7817983278129,512.8878878194378,513.1905202395113,45190300
2024-05-30,510.1934509277344,512.7219421093527,508.9438930493387,512.0581051762924,46377600
2024-05-31,514.8403930664062,514.9673092079909,506.0444490191236,511.15023176853157,90785800
2024-06-03,515.2601318359375,516.7342656913833,510.18366530067414,516.4511771729021,46835700
2024-06-04,515.8361206054688,516.5780734778808,512.4876203186922,513.9519821715993,34632700
2024-06-05,521.966796875,521.9863407636332,516.1679225284454,518.1594924481877,47610400
2024-06-06,521.9571533203125,522.6991062505612,520.0242145910106,522.2695576901561,30808500
2024-06-07,521.3225708007812,524.1341502130953,519.8874652579173,520.9808506310355,43224500
2024-06-10,522.933349609375,523.255525898201,519.916797584573,520.5122904328304,35686100
2024-06-11,524.1927490234375,524.2513211148034,519.4091430834137,521.3811694677967,36383400
2024-06-12,528.4979248046875,531.1923600659605,527.4631115100716,528.7615289974312,63251300
2024-06-13,529.5621948242188,530.4212920805763,526.7701585335817,530.2455757670101,44760900
2024-06-14,529.88427734375,529.9135335983043,527.0238379218912,528.0293950539849,40089900
2024-06-17,534.1016235351562,535.4977011129996,528.7420680092554,529.2009324320882,55839500
2024-06-18,535.4586181640625,535.5855343086499,533.7404238235347,534.1602004613839,41376400
2024-06-20,534.0039672851562,537.0498352385172,532.2272010481894,536.385998334327,70328200
2024-06-21,533.2880249023438,534.4045446160707,531.828742363983,533.1803062748603,64338600
2024-06-24,531.5545043945312,535.6777608035513,531.4369822915095,533.1117619254674,45528700
2024-06-25,533.6015014648438,533.9638712753774,531.2607431275164,532.7787868983022,37936200
2024-06-26,534.2674560546875,534.9823921713983,531.8385861304241,532.4849577215607,38550600
2024-06-27,535.1097412109375,535.6876080791019,533.3860038559784,534.1303504208262,35041500
2024-06-28,533.0040283203125,538.9391939081404,531.76024266257,535.883439640916,76144500
2024-07-01,534.1009521484375,534.6298016081159,531.3390631933655,534.3849539324244,40297800
2024-07-02,537.6952514648438,537.6952514648438,532.4457321114778,532.4946896868087,40434800
2024-07-03,540.0948486328125,540.457218430894,537.3427629954197,537.381917105902,32789900
2024-07-05,543.2092895507812,543.6108134486142,539.7618150479054,540.3984429341523,41488400
2024-07-08,543.8360595703125,544.7860397915607,542.7684974779849,543.9927357696513,36110500
2024-07-09,544.364990234375,545.6969473479489,544.0711849559792,544.7959245684453,27289700
2024-07-10,549.7515869140625,550.0943497431794,545.2953712492263,545.5891764995068,38701200
2024-07-11,545.0112915039062,550.7407626908513,544.3747234457534,549.8690906630567,53054200
2024-07-12,548.448974609375,552.0531251206323,545.667538567234,546.1376269625789,53084400
2024-07-15,549.9573364257812,553.1991175344059,548.0964700225896,550.4470318184875,40584300
2024-07-16,553.2186889648438,553.5124942578993,550.5155607141872,551.2697107807569,36475300
2024-07-17,545.4618530273438,548.9582849622979,545.1386373621594,547.2835053633577,57119000
2024-07-18,541.27001953125,547.9886849352189,539.0859974733345,546.9994907975359,56270400
2024-07-19,537.6757202148438,542.6608454522978,536.6179614633988,541.0350233261719,65509100
2024-07-22,543.2191772460938,543.8263948114603,539.6639835581032,541.6031583779978,43346700
2024-07-23,542.3670654296875,545.2660239376293,541.8773700301276,543.1113522241114,34439600
2024-07-24,530.0755615234375,537.8519253696913,529.1549319575545,537.5483166712224,74515300
2024-07-25,527.313720703125,536.177254363603,526.3735438881854,530.1931317534066,61158300
2024-07-26,533.219482421875,535.9128068838628,530.3302678617441,531.1040247828195,53763800
2024-07-29,533.5328369140625,535.775619885458,531.534841817287,534.7668786438925,39515800
2024-07-30,530.8297119140625,536.0596840862061,527.4214517116767,535.001925487195,46853600
2024-07-31,539.4581298828125,542.0926929678205,536.2947173976487,537.6658283608423,65663400
2024-08-01,531.8189697265625,543.4345294348678,528.3127341764186,541.1819427118934,76428700
2024-08-02,521.9174194335938,525.9230946235249,517.7059908635142,524.7086595069954,82789100
2024-08-05,506.7171936035156,512.7894282399624,499.75370979338373,501.0955002341847,146267400
2024-08-06,511.3888854980469,518.8322310175004,507.19706454680966,508.51921810050686,84826300
2024-08-07,507.9707336425781,520.6343074860769,507.3733196862517,517.5785536304185,70698300
2024-08-08,519.7137451171875,520.3405097902447,511.08531467340157,513.1126009988247,63276600
2024-08-09,522.0054321289062,523.4941251002426,517.6667385635127,518.8909769209239,45619600
2024-08-12,522.2797241210938,524.6889871074426,520.0075304089534,523.2003538167259,42542100
2024-08-13,530.868896484375,531.1040004577378,525.2276564461794,525.4725041133277,52333100
2024-08-14,532.543701171875,533.728785456597,528.9885080949739,531.6622256176499,42446900
2024-08-15,541.671630859375,541.9556326474029,537.5679813653051,538.1751988274788,60846800
2024-08-16,542.8861083984375,543.5814973816967,539.8989784334714,540.0556546584454,44430700
2024-08-19,548.0768432617188,548.0768432617188,542.4453464492109,543.2974116195307,39121800
2024-08-20,547.1856079101562,549.2815184001456,545.8438474042439,547.6263456901657,33732300
2024-08-21,549.0659790039062,550.5252615016209,543.2973537542563,548.2335208659752,41514600
2024-08-22,544.7567749023438,551.5733570510946,543.5423397569558,550.9661394784007,56121500
2024-08-23,550.5449829101562,551.4852196453214,545.8047048974495,547.998590612835,50639400
2024-08-26,549.2324829101562,552.2881770773529,547.528352675827,551.5732410031779,35788600
2024-08-27,549.986572265625,550.4762675561165,546.8133563476018,547.9592265897197,32693900
2024-08-28,546.7938232421875,550.0748179978751,543.6009999526875,549.6438836929623,41066000
2024-08-29,546.8427124023438,552.0628809883677,545.6968421488655,548.7623394799141,38715200
2024-08-30,552.06298828125,552.5722906161151,545.6577940930898,549.212987410433,62700100
2024-09-03,540.7020874023438,549.25214992284,538.1850458833093,548.9191307501956,60600100
2024-09-04,539.5952758789062,543.0035361193702,538.1359934145067,538.8607329114091,47224900
2024-09-05,538.2828979492188,542.3865472945482,535.8246177750381,539.5365467142444,44264300
2024-09-06,529.2235107421875,540.231851947678,528.3224880929642,538.60608979078,68493800
2024-09-09,535.14892578125,536.4221817026793,531.4958170549409,533.425248105456,40445800
2024-09-10,537.4797973632812,537.8324234437913,532.1813200114981,537.0586665381934,36394600
2024-09-11,542.9938354492188,543.9144652005341,528.8318826121556,537.3917487162622,75248600
2024-09-12,547.5675048828125,547.8711135710835,541.3483388424467,543.5715745845557,51819600
2024-09-13,550.4273071289062,551.4263046450518,547.920069645679,548.1747207597754,39310500
2024-09-16,551.2402954101562,551.5046902542234,548.360884321784,550.1629297590999,36656100
2024-09-17,551.4654541015625,554.903124558385,549.232414914231,553.4535858697245,49321000
2024-09-18,549.8299560546875,556.9696926491016,549.2716961893568,552.1216967889254,59044900
2024-09-19,559.2125244140625,561.0733907935877,556.3723270388496,559.2419348303403,75315500
2024-09-20,558.2457885742188,559.2871245583524,555.219996107625,557.843033129673,77503100
2024-09-23,559.6408081054688,560.2892222272916,558.0984411315784,559.3166610051752,44116900
2024-09-24,561.2421875,561.3011287948526,557.6073144224192,560.4366164965969,46805700
2024-09-25,560.0042114257812,561.8216774615664,558.8941007007465,561.0848814915315,38428600
2024-09-26,562.2245483398438,564.5921534543987,559.8668367278948,564.2679463720303,48336000
2024-09-27,561.4090576171875,564.1106429805404,560.377555197848,563.2952985697877,42100900
2024-09-30,563.6587524414062,564.2678323150915,558.0787581388843,560.3775279948936,63557400
2024-10-01,558.6093139648438,563.9535439565005,556.035444442894,563.3051897855821,72668800
2024-10-02,558.8450927734375,559.866821742494,555.3183290115846,557.715374727311,38097800
2024-10-03,557.8234252929688,559.7685478192003,555.5344286086627,557.3715020969081,40846500
2024-10-04,562.892578125,563.2658929623027,558.09848649286,562.273664576873,42939100
2024-10-07,557.8037719726562,561.8905680396737,556.6543868115797,561.2421538745174,49964700
2024-10-08,563.0792236328125,563.67853004462,559.5033520489247,560.377637870892,37398700
2024-10-09,566.9793090820312,567.5392812736217,562.4700908869163,563.0693372819003,37912200
2024-10-10,565.987060546875,567.411544847049,564.375918856187,565.6334128471475,44138100
2024-10-11,569.3763427734375,570.1131388058892,565.7709110163313,565.9084606662699,42268000
2024-10-14,574.032958984375,574.966246072679,570.5061351329805,570.9874990099419,36217200
2024-10-15,569.5729370117188,574.6027940420114,568.3547169835323,574.2982540251211,54203600
2024-10-16,572.0484619140625,572.5691599226542,568.767296964022,569.57286786976,30725400
2024-10-17,572.09765625,575.8013042765577,571.9109988172407,575.5949797580469,34393700
2024-10-18,574.2981567382812,575.0840605235142,572.3235337539761,573.787292295603,37416800
2024-10-21,573.3551025390625,574.5535954570634,570.3784174069214,573.5712006217359,36439000
2024-10-22,573.050537109375,574.2097557683464,570.1622940232531,570.8204817447413,34183800
2024-10-23,567.8142700195312,571.4688092704015,564.3071139493308,571.0267196890029,49314600
2024-10-24,569.0423583984375,569.8479293354313,566.4193810527883,569.7693209618997,34979900
2024-10-25,568.8458251953125,574.1704478252901,567.9027646254573,571.2723713678375,47268200
2024-10-28,570.6043701171875,572.4512770786239,570.299830137409,572.3235609618828,30174700
2024-10-29,571.52783203125,572.6477165136779,568.2466070737139,569.6415908764491,42899700
2024-10-30,569.798828125,573.0505525749719,569.0914726763393,571.0562623128328,41435800
2024-10-31,558.62890625,565.4958352362431,558.4324153285519,565.4270604157058,60182500
2024-11-01,560.9866943359375,565.4173043933644,560.5741053167588,561.2617936558026,45667500
2024-11-04,559.7783203125,562.4209644478059,557.892139281839,561.1241962515347,38217000
2024-11-05,566.5470581054688,566.586332309216,560.4758658123077,560.6919638738422,39478300
2024-11-06,580.6345825195312,581.508928254242,575.0840880526238,578.8270097230293,68182000
2024-11-07,585.1241455078125,586.145874462509,582.5601095007273,582.6387178727699,47233200
2024-11-08,587.65869140625,589.0831757216504,585.674234913322,585.674234913322,46444900
2024-11-11,588.2186889648438,589.6038391769904,586.4896646144927,589.2501914582232,37586800
2024-11-12,586.3914184570312,588.739296212128,583.9059310932324,588.1400498376755,43006100
2024-11-13,586.67626953125,588.6803330522652,584.4855486263699,586.853093374815,47388600
2024-11-14,582.9039916992188,587.2854945523371,582.2163632356335,586.804130643577,38904100
2024-11-15,575.4378051757812,579.809474415934,573.5810644484284,579.337884096854,75988800
2024-11-18,577.7955322265625,579.1119076957027,575.0350052053479,575.8994574754852,37001700
2024-11-19,579.9075317382812,580.6344941628126,573.7479582489347,574.4159793947367,49412000
2024-11-20,580.1040649414062,580.3889378159292,574.3374129030207,579.9861823753545,50032600
2024-11-21,583.2182006835938,584.6426848830619,577.107734892484,582.9529949078541,46750300
2024-11-22,585.02587890625,585.6546259064262,582.7074417987914,583.2084127301733,38226400
2024-11-25,587.0103149414062,590.2816460152659,584.7213185752529,588.965270737662,42441400
2024-11-26,590.0753784179688,590.7433995936517,587.540783398016,588.2579123147351,45621300
2024-11-27,588.2874755859375,590.2718722436573,586.7647756879834,589.8887838542881,34000200
2024-11-29,591.9419555664062,592.7278593888155,588.8277809402925,589.1028202958577,30177400
2024-12-02,593.0028686523438,593.680723337865,591.8632573163846,592.3544546258752,31746000
2024-12-03,593.2780151367188,593.5236138358292,591.73570807165,592.7672106157903,26906600
2024-12-04,596.9620361328125,597.2076348485892,594.2997844285924,594.9678057402301,42787600
2024-12-05,595.9796142578125,597.7675800229049,595.6259665136723,596.9620090763937,28762200
2024-12-06,597.109375,598.3472020292826,596.333304701608,596.7458937244957,31241500
2024-12-09,594.0344848632812,597.1584931551176,593.445071963169,596.9915028268559,34742700
2024-12-10,592.1875610351562,595.134745373381,591.529373321926,594.7123228135097,37234500
2024-12-11,596.7655029296875,597.7183970026139,594.8399877419274,595.1150870375847,28677700
2024-12-12,593.690673828125,596.4708079758578,593.690673828125,595.9010621562538,31543800
2024-12-13,593.57275390625,596.4413297893211,592.1973772710232,595.7242008087076,35904700
2024-12-16,596.1072998046875,597.0799209921157,594.5551592425911,595.3312295236393,43695200
2024-12-17,593.6513061523438,594.5158183353977,592.2759894688432,593.5530906608857,55773500
2024-12-18,575.9583740234375,595.7339235020439,575.5752257128447,593.3467116570313,108248700
2024-12-19,575.7815551757812,582.5601031255708,575.5359564813775,580.948961299734,85919500
2024-12-20,582.697265625,587.231466902458,572.6036351958548,573.4513839180992,125716700
2024-12-23,586.1865844726562,586.7878476994515,579.2570769218985,582.440932357683,57635800
2024-12-24,592.7021484375,592.7416149913781,586.9554933157183,587.5370835235541,33160100
2024-12-26,592.7415771484375,593.8652307760627,589.5281816588665,590.9278604962976,41219100
2024-12-27,586.5020751953125,589.2324867459512,582.3128451341881,588.9958679237085,64969300
2024-12-30,579.8090209960938,583.2787078138697,576.0535025430138,579.4837829787388,56578800
2024-12-31,577.6997680664062,582.194563069081,576.0634704063194,581.4749602926895,57052700
2025-01-02,576.2803344726562,582.6775253068124,572.1995172748154,580.9624149327,50204000
2025-01-03,583.4857788085938,584.1264484268344,578.044689478734,579.1289967873591,37888500
2025-01-06,586.8470458984375,591.1250155334773,585.1122021784661,587.7440676720806,47679400
2025-01-07,580.2132568359375,589.2028462645713,578.3897338233832,588.877548048508,60393100
2025-01-08,581.0609741210938,582.1354148697908,576.8323377526707,580.282291853868,47304700
2025-01-10,572.1896362304688,577.5715860296085,570.2773736421228,577.5025797313914,73105000
2025-01-13,573.0768432617188,573.4316812597856,567.1231694250464,567.5372072518853,47910100
2025-01-14,573.8653564453125,576.6351742776535,570.0802375478183,576.0043111010004,48420600
2025-01-15,584.303955078125,585.4473419377294,580.7751281246863,581.8889752343268,56900200
2025-01-16,583.1802368164062,585.8514484014332,582.4803673486446,585.6740294157521,43319700
2025-01-17,589.035400390625,590.7899174222187,587.0935375428814,588.4242703969026,58070600
2025-01-21,594.4270629882812,594.4369296257112,590.1096871636119,592.0810894520482,42532900
2025-01-22,597.7686157226562,599.1288881406504,596.7040416210903,597.2560318658977,48196000
2025-01-23,601.03125,601.03125,596.8617535693179,597.1377185948221,41152100
2025-01-24,599.2767333984375,602.0466115435261,598.1234798327728,601.0904500891409,34604700
2025-01-27,590.7997436523438,591.1151752666312,586.1373960687419,586.3049484329972,70361100
2025-01-28,595.8760375976562,596.713859452747,588.7099714764748,592.031779311243,44433300
2025-01-29,593.204833984375,595.4916679771449,590.6518414168764,595.0874967960807,37177400
2025-01-30,596.3885498046875,597.9262410572588,592.130313990855,595.3240359730432,39281300
2025-01-31,593.2147216796875,601.2383441338676,592.4557124803268,598.8134974486875,66566900
2025-02-03,589.2225952148438,591.7065212004032,582.0466619706364,584.1954832564219,65857200
2025-02-04,593.17529296875,593.6878166788046,588.7396375989994,589.281761222817,33457800
2025-02-05,595.5803833007812,595.7282625539741,590.0210739471236,592.0516161255263,30653100
2025-02-06,597.650390625,597.7785366008171,594.0131505968404,597.3250923662002,35771500
2025-02-07,592.1797485351562,599.4344951653416,591.4700123634921,598.2122352633725,50788500
2025-02-10,596.2013549804688,596.8420848342793,594.1215398587573,595.3931329282537,26048700
2025-02-11,596.6547241210938,597.1968476878733,593.8159001701387,593.9341794878935,30056700
2025-02-12,594.7327270507812,595.9057140143801,589.9520997695843,590.6322360789388,45076100
2025-02-13,601.0115356445312,601.2185545419917,594.5749384975967,595.8366046698266,40921300
2025-02-14,600.9819946289062,602.2535274358258,600.360998100256,601.2185532755497,26910400
2025-02-18,602.7463989257812,602.7463989257812,599.6808827255115,602.145135650955,26749000
2025-02-19,604.1658325195312,604.4615308486234,600.8440242708047,601.3566081495158,31011100
2025-02-20,601.65234375,602.9337433637311,598.3404019341449,602.7957307474628,36554000
2025-02-21,591.361572265625,601.5734221193063,590.8982614234848,601.435409514207,76519800
2025-02-24,588.6705322265625,594.4073194254672,587.9607962023846,593.4117517618158,50737200
2025-02-25,585.7431030273438,589.3409366661995,581.1300283822392,588.6115273648803,58266500
2025-02-26,586.0387573242188,591.0067297705009,583.3970853838995,587.4088964020577,43321600
2025-02-27,576.6844482421875,589.4690234968429,576.290203877955,588.3157098294636,74196700
2025-02-28,585.6839599609375,586.2162169760591,574.1118369424444,577.1872200213395,88744100
2025-03-03,575.4227294921875,588.7987001526899,571.6080711867788,587.6552532272791,74249200
2025-03-04,568.611572265625,577.0196322682823,564.0675042327628,571.4208567458912,109648200
2025-03-05,574.722900390625,576.5168836727693,564.8856223320056,568.4439889843314,71230500
2025-03-06,564.52099609375,571.874289065213,561.9680033325571,567.2513477016495,80094900
2025-03-07,567.68505859375,569.1340707451673,557.5422141835529,562.7368791286215,81158800
2025-03-10,552.5643920898438,561.3962362827218,547.6457527585567,559.4741670846696,99326600
2025-03-11,547.9708862304688,555.9551004739012,544.1266884057775,551.4011666406667,88102100
2025-03-12,550.8787841796875,555.0581473332891,545.7728595599632,554.1315858671662,69588200
2025-03-13,543.5352783203125,551.1153221105548,541.8201680493273,550.5041922476157,74079400
2025-03-14,554.7625122070312,555.7679467233177,543.604366956188,548.1583018697701,62660300
2025-03-17,559.0404663085938,561.5638590041749,554.3090523622551,554.7427633019219,49008700
2025-03-18,552.9981079101562,556.9409127203818,551.0661118946721,556.7240271713574,66041400
2025-03-19,559.0206909179688,562.7860764826731,553.5993346617712,554.7821880592443,66556000
2025-03-20,557.4042358398438,562.4116154449966,554.5555445552985,555.2751474371241,62958200
2025-03-21,557.5880126953125,558.4877328401925,551.7054963570508,552.9413292589383,83763000
2025-03-24,567.5736083984375,568.6314886589248,563.7375780431137,564.3307537296456,58766800
2025-03-25,568.93798828125,569.8771730865459,567.1880294433175,568.7797678649376,38355700
2025-03-26,562.1458740234375,569.7981425644431,560.7617168790538,568.6710483477373,51848300
2025-03-27,560.6529541015625,564.4296669577193,558.5371935416607,560.7517966033342,42164200
2025-03-28,549.3623657226562,559.8521624781242,548.7790863172526,559.120558969836,71662700
2025-03-31,553.050048828125,554.3550955683165,540.6719276036363,543.5984015371023,95328200
2025-04-01,554.6121826171875,556.5598868781194,547.4048260096515,551.1321177898429,54609600
2025-04-02,558.1219482421875,560.9890444564371,548.52197624234,548.7592465118332,76014500
2025-04-03,530.6172485351562,541.7594774009829,530.6172485351562,538.9319060881811,125986000
2025-04-04,499.5533447265625,519.9099817661254,499.3358369172059,517.7349036725598,217965100
2025-04-07,498.66357421875,517.2405945444942,476.3394695378794,483.6457288710085,256611400
2025-04-08,490.85308837890625,519.0300496454024,483.61604333672847,515.9454154101668,165816600
2025-04-09,542.4021606445312,542.4021606445312,487.46196103833506,487.84755542038147,241867300
2025-04-10,518.6346435546875,527.4535310578508,503.5475844453038,526.1385878330984,162331200
2025-04-11,527.8885498046875,530.3503195313269,514.1757514102393,517.0824330937988,97866300
2025-04-14,533.0098266601562,538.111379094838,527.8094317224818,537.8839447885014,68034000
2025-04-15,531.516845703125,537.0731451747598,530.7259247754906,533.5534957548979,56892900
2025-04-16,519.7023315429688,531.7937621429162,514.3931980244283,525.6541223320015,83484800
2025-04-17,520.44384765625,525.1499093262158,517.9721816819745,521.6599483491107,79868100
2025-04-21,508.0558776855469,515.7872559194974,502.69729269891565,515.2533374613439,69368100
2025-04-22,521.2743530273438,523.3011070538847,513.305704354498,514.2449494916972,75948100
2025-04-23,529.3516845703125,539.2482437222484,527.8291602174767,534.3049123051696,90590700
2025-04-24,540.4940185546875,541.2256220112762,529.3814182452572,530.6369834977514,64150400
2025-04-25,544.3992919921875,544.804618673288,537.5280483044934,540.454522631326,61119600
2025-04-28,544.6068725585938,547.2762839575454,538.8429907853031,545.1407910444296,47613800
2025-04-29,548.0375366210938,549.1547344204944,542.3329124899421,542.6888178923871,47775100
2025-04-30,548.2550048828125,550.2126052496137,535.382610300473,541.3640295279456,93101500
2025-05-01,552.1405029296875,557.6770710508032,551.5374308999284,554.0189932525213,63186100
2025-05-02,560.3366088867188,561.9382437140476,556.0062449925595,558.329587021111,60717300
2025-05-05,557.1234130859375,560.2278400664005,555.3339293144951,556.194064255589,38659200
2025-05-06,552.4667358398438,556.9651555946843,550.6476235760448,551.6066009560054,48264700
2025-05-07,554.7901611328125,557.4298834610689,549.738030089525,553.8014947566288,55588000
2025-05-08,558.65576171875,563.8462596511741,555.3338575244147,558.8337144066537,65130800
2025-05-09,557.9440307617188,561.0681900796083,556.3819209310694,560.0597310271954,37603400
2025-05-12,576.3826293945312,576.3925257137258,570.5000520977247,574.8798371188,78993600
2025-05-13,580.18896484375,582.403567726764,576.2342995973956,576.7977862928067,67947200
2025-05-14,580.9304809570312,582.3046813078995,578.9036666864055,581.1479585868793,66283500
2025-05-15,583.7679443359375,584.2721134769878,578.4686469334371,578.9234551699535,71268100
2025-05-16,587.465576171875,587.7621640177526,582.6013544692614,584.5489982766968,76052100
2025-05-19,588.108154296875,588.7903364922698,581.4346564328234,581.4346564328234,68168500
2025-05-20,586.130859375,587.3172711404261,582.9176935296509,586.3681900028125,60614500
2025-05-21,576.2540283203125,585.8638961879915,575.2258370862548,581.7708032009541,95197700
2025-05-22,576.4814453125,579.971405887537,574.8204328669485,576.0562657117097,70860400
2025-05-23,572.5465698242188,575.2159811048424,569.0763411937487,569.4520392436427,76029000
2025-05-27,584.4501342773438,584.6082943415249,571.8742669840636,579.4276923460704,72588500
2025-05-28,581.0689086914062,586.051826179252,580.3373051792158,584.8555180607121,68445500
2025-05-29,583.362548828125,586.4768718669775,579.4276761926377,586.3384441000501,69973300
2025-05-30,582.7101440429688,584.4304140423015,576.6298211275496,582.2553357440712,90601200
2025-06-02,585.9925537109375,586.0716035851324,578.4292307095351,581.0986423772898,61630500
2025-06-03,589.3341064453125,590.3128764026674,585.1421107506463,585.6266079138771,63606200
2025-06-04,589.1759033203125,591.173028564345,588.7408877328025,590.1942585782981,57314200
2025-06-05,586.3285522460938,592.2111289512687,584.3512195951713,590.8566609128592,92278700
2025-06-06,592.3495483398438,594.0203968199735,590.0953601848463,591.8749474768216,66588700
2025-06-09,592.8834228515625,594.4356362447949,591.7069074945726,592.9229477814916,53016400
2025-06-10,596.2449340820312,596.6304681071312,592.3001649023746,593.4173023897237,66247000
2025-06-11,594.5443725585938,598.2024500657004,592.4780937113569,597.3423151819753,73658200
2025-06-12,596.9072875976562,596.9072875976562,592.7252483956809,593.2096852350186,64129000
2025-06-13,590.23388671875,595.0288949944265,588.7310943639458,591.7168864341237,89506000
2025-06-16,595.8494262695312,597.5993850121447,593.4172853343232,593.5952983788304,79984100
2025-06-17,590.7578735351562,594.9300168530282,589.9965810836336,593.4074922933922,82209400
2025-06-18,590.6688232421875,594.4059506456396,589.7097855095001,591.6574895866379,76605000
2025-06-20,589.2816772460938,594.4181022000307,587.8735769623825,593.3471688844512,94051400
2025-06-23,595.1022338867188,595.4889076465048,586.9116980815279,590.0351674928282,87426000
2025-06-24,601.6764526367188,602.737399696003,598.3347417480489,599.2470472798032,67735300
2025-06-25,602.0136108398438,603.4910690166892,600.4468830082857,602.7969444947229,62114800
2025-06-26,606.7236328125,607.1599344481853,603.2530708764845,603.8678512919777,78548400
2025-06-27,609.738037109375,611.2056301568862,605.6923970890058,607.7251426738447,86258400
2025-06-30,612.6533203125,614.0117925800773,609.8669572755672,612.1873024714439,92502500
2025-07-01,612.455078125,613.625146088841,610.3429883405835,611.1758893553448,70030100
2025-07-02,615.2315673828125,615.2712091652924,611.4238380015553,612.0485440759944,66510400
2025-07-03,620.0804443359375,621.0125406459644,617.1948857443227,617.2147368961759,51065800
2025-07-07,615.45947265625,618.7813322240264,612.6731098992973,618.1169239973963,74814500
2025-07-08,615.1224365234375,616.8775081543645,614.3093261623386,616.1238907210633,59024600
2025-07-09,618.8110961914062,619.4655183729625,615.6875662931247,617.5319680301938,66113300
2025-07-10,620.5562744140625,621.5974308254256,617.7699115690501,618.9499049744066,57529000
2025-07-11,618.3748779296875,619.6044389056334,616.3024903072059,617.5022745554412,63670200
2025-07-14,619.5548095703125,619.9018415613931,616.5701165685465,617.9186632768227,51898500
2025-07-15,616.9072875976562,622.5791484786782,616.8279435196437,622.2420420602726,74317300
2025-07-16,618.9697265625,619.4754466932056,612.8516386863737,618.4937831556223,88987500
2025-07-17,622.7576293945312,623.1146474859103,618.9301097920578,619.1482908768893,68885700
2025-07-18,622.301513671875,624.175571102461,621.1909387049365,624.007017899032,65621600
2025-07-21,623.4815063476562,626.2281670376054,623.0551302914085,623.4815063476562,63375000
2025-07-22,623.5707397460938,624.4334174667899,620.9232136557434,623.8087114591411,60046300
2025-07-23,628.875732421875,628.875732421875,624.4333721871909,626.238071576001,70511000
2025-07-24,629.083984375,630.7994747941685,628.6576082944551,629.2624631630094,71307100
2025-07-25,631.741455078125,632.2174590489252,629.5005143245561,629.7484116245431,56865400
2025-07-28,631.5828247070312,632.6735486135409,630.1945756243812,632.1182610848412,54917100
2025-07-29,629.9169311523438,633.2982235137306,629.0046860832861,632.9809077241022,60556300
2025-07-30,629.1236572265625,632.3165451544952,626.2281734095909,630.5713386132512,80418900
2025-07-31,626.763671875,634.4682782312485,625.4646925404661,634.0816044685715,103385200
2025-08-01,616.49072265625,621.0719198033348,614.0811684978922,621.032217506902,140103600
2025-08-04,625.861328125,625.9108954798245,620.3183784803682,620.407587614692,73218000
2025-08-05,622.688232421875,627.2892207726588,621.7660617410078,626.476110377079,68051400
2025-08-06,627.457763671875,628.1121858315174,622.8468502662965,623.7590952688204,64357500
2025-08-07,626.9322509765625,631.62244837055,623.8186464662513,630.8886820702932,74205800
2025-08-08,631.8207397460938,632.2868180975779,628.4096707981653,628.7269865749256,64051600
2025-08-11,630.5713500976562,633.5758942477272,629.3219380955197,632.0984361099556,58742300
2025-08-12,637.284423828125,637.4430514601922,631.4340237207567,632.9214074238032,64730800
2025-08-13,639.4659423828125,640.7549961752953,637.2745085703324,639.4857330110176,60092800
2025-08-14,639.525390625,640.1897383639256,636.9373576458678,637.3835243153912,59327500
2025-08-15,638.028076171875,640.6558114265956,637.1158311699311,640.5566162061228,68592500
2025-08-18,637.8893432617188,638.5834678311134,636.778768159409,637.4530415771111,43804900
2025-08-19,634.4286499023438,638.6924711313014,633.1098193903536,637.7108075589789,69750700
2025-08-20,632.742919921875,634.2798709561484,627.6263466835007,634.0221086228163,88890300
2025-08-21,630.2045288085938,632.6041578211218,628.4791732160404,630.928430107967,54805800
2025-08-22,639.8824462890625,641.0624398986112,631.8902394824283,632.3959596753498,84083200
2025-08-25,637.0662841796875,639.8625729858918,636.9472983174492,638.6230864860744,51274300
2025-08-26,639.733642578125,640.0807351008626,636.1738713484165,636.7985773675441,51581600
2025-08-27,641.1912841796875,641.9250504526357,638.9998504138363,639.148612992103,48341100
2025-08-28,643.4619750976562,644.0172625669782,639.9121297324674,641.7961126896905,61519500
2025-08-29,639.6245727539062,642.3911452321481,637.7306640961879,642.0242015644989,74522200
2025-09-02,634.8848266601562,635.1029472303277,629.5797882088864,632.138105251538,81983500
2025-09-03,638.3255615234375,638.7916398746721,635.0731807265284,637.2645539172183,70820900
2025-09-04,643.6603393554688,643.6901160802078,638.0975387911232,638.9998582812316,65219200
2025-09-05,641.796142578125,646.7243720544352,637.9190556866993,646.0004708304714,85178900
2025-09-08,643.372802734375,644.3743174556171,641.7862237872296,643.1645472258064,63133100
2025-09-09,644.8601684570312,645.3856792185645,641.7762803015634,643.5115612591451,66133900
2025-09-10,646.7243041992188,649.0445886413597,645.157576582919,648.1224181044277,78034500
2025-09-11,652.0988159179688,652.7929404681626,648.092817304151,648.6778210448584,69934400
2025-09-12,651.8805541992188,653.5662677492645,651.3748946038203,652.0689585463732,72780100
2025-09-15,655.3511352539062,655.4800466805781,653.7943936028013,654.0918582328915,63772400
2025-09-16,654.4488525390625,656.213910313041,653.6655188822047,655.9064595692537,61169000
2025-09-17,653.6357421875,656.1543568928759,648.7967821934204,654.4587781451693,101952200
2025-09-18,656.6897583007812,659.2976422819312,654.716505821751,656.3228752027601,90459200
2025-09-19,659.9423217773438,660.7874850308027,656.6311583459587,658.5800832029405,97945600
2025-09-22,663.0645141601562,663.5119177999496,658.4209110544651,658.4507703315647,69452200
2025-09-23,659.4551391601562,663.5617612775759,658.2320617574377,662.9452156846509,81708900
2025-09-24,657.3569946289062,660.8471316064555,655.9350982101993,660.7477220570149,68082200
2025-09-25,654.3242797851562,655.6765652531099,650.7048739536411,654.2149171420698,89622100
2025-09-26,658.072998046875,658.619871988132,654.1553026157394,655.7760789419195,69179200
2025-09-29,659.9224243164062,661.5134019828115,658.112721358766,660.5985670660314,73499000
2025-09-30,662.4082641601562,662.8756347075731,657.8641309647478,659.1766647693167,86288000
2025-10-01,664.6654663085938,665.5802405756418,659.3059681646932,659.4153308150761,72545400
2025-10-02,665.4309692382812,666.7733621981591,663.004842335434,666.6540464714482,56896000
2025-10-03,665.421142578125,668.8714672806448,664.377038831869,666.1966948783695,70494400
2025-10-06,667.8074951171875,668.7024238148077,665.669704301124,667.8174482099862,54623300
2025-10-07,665.3316040039062,669.1796881705657,663.8898014056139,668.7322238208072,72020100
2025-10-08,669.2990112304688,669.398481470165,665.6299006256374,666.4552183740389,60702200
2025-10-09,667.3600463867188,670.1243359074817,665.4211353124821,669.7166839203261,66501900
2025-10-10,649.32275390625,670.1342452495495,649.14378031214,668.324542434099,159422600
2025-10-13,659.2860107421875,661.3642043859337,656.0345659370097,656.9095884512618,79560500
2025-10-14,658.4805908203125,662.0602448848334,649.4718888267987,653.4492417720955,88779600
2025-10-15,661.4039916992188,666.4353410824248,655.1993304017814,663.0446741742268,81702600
2025-10-16,656.899658203125,664.9239754340409,653.3896149312258,663.0446615126489,110563300
2025-10-17,660.62841796875,661.9906565438909,654.4138037793879,655.7660892614911,96500900
2025-10-20,667.499267578125,668.4041493887289,663.4921159142255,663.5418206897375,60493400
2025-10-21,667.4892578125,669.1796448635298,666.1866772188026,667.6384328159621,56249000
2025-10-22,664.0191040039062,668.1953369980629,659.5445816579371,668.1953369980629,80564000
2025-10-23,667.9566650390625,668.9012985038863,664.019063764971,664.3372592841532,65604500
2025-10-24,673.4155883789062,674.628651928334,671.8246714345047,672.6300829996666,74356500
2025-10-27,681.3603515625,681.658640907831,678.2580209918731,678.8645527756448,63339800
2025-10-28,683.1700439453125,685.0095454543999,680.9526890414517,683.1600908523567,61738100
2025-10-29,683.4981689453125,685.795087823854,679.0037407351697,684.8205950917289,85657100
2025-10-30,675.98095703125,682.0563488815194,675.98095703125,680.0279207971732,76335800
2025-10-31,678.1983642578125,681.2012852815519,675.3943230278239,681.1614729090464,87164100
2025-11-03,679.4711303710938,681.9171636388411,676.0903560257897,681.7878948104295,57315000
2025-11-04,671.4169921875,676.1103005794487,670.7607556049009,672.2820616639051,78427000
2025-11-05,673.7437133789062,677.0051112074705,670.3529860359731,671.1583975728993,74402400
2025-11-06,666.514892578125,673.5448715272548,664.9338680034818,672.6399897028363,85035300
2025-11-07,667.1710815429688,667.2805048704689,657.4663915648358,664.1284090392404,100592400
2025-11-10,677.5819091796875,678.317709828293,671.2082272333661,673.4056760856186,75842900
2025-11-11,679.1329956054688,679.6997756663966,674.8871520395073,676.1002762110339,58953400
2025-11-12,679.5108642578125,681.081935653801,677.0946296424269,680.9128544582501,62312500
2025-11-13,668.2350463867188,677.0051169124795,666.723693536663,676.6471697129602,103457800
2025-11-14,668.125732421875,671.8345948923219,659.5147893727298,661.6128286383953,96846700
2025-11-17,661.901123046875,669.8956413839408,658.4209391867944,665.9083353081996,90456100
2025-11-18,656.3428344726562,661.3542775984923,652.1466953365565,658.351356546523,114467500
2025-11-19,658.87841796875,663.561773390439,655.020380360944,657.0389163187169,94703000
2025-11-20,648.8355712890625,671.7351497651099,648.1991802397498,669.1001291109939,165293500
2025-11-21,655.2987670898438,660.7874729698119,647.1650267848305,651.3412595795126,123956200
2025-11-24,664.9437866210938,666.2662734630499,657.8442577670318,658.9380055466532,80437900
2025-11-25,671.1981811523438,672.3814460202411,660.7178178396566,664.8443455838128,81077100
2025-11-26,675.8318481445312,677.8404309302599,672.8885849296569,673.7934667684052,71879600
2025-11-28,679.5208129882812,679.7991961322198,676.6471609574353,677.0051081523229,49212000
2025-12-01,676.4185180664062,679.1230890446475,674.8971513739515,674.9667623359846,61201200
2025-12-02,677.67138671875,679.9483994968172,675.4838303983408,678.0591325179204,62953800
2025-12-03,680.0180053710938,681.0321891246488,675.8417725523884,676.7167950740063,57238500
2025-12-04,680.51513671875,681.4895687361658,677.4824173401821,681.4199577792665,61970300
2025-12-05,681.8078002929688,684.4925257185774,680.7040993957534,681.5890143183475,79241000
2025-12-08,679.7594604492188,682.7524282821314,677.7111260885928,682.7027235077143,55231500
2025-12-09,679.1727294921875,681.5094606319436,678.7253258622812,679.2821528162136,58310100
2025-12-10,683.6771850585938,685.0692222502689,677.4526176554032,678.6955405173951,85671300
2025-12-11,685.26806640625,685.3476304583654,678.3076987410943,681.2609148661827,86173700
2025-12-12,677.9000244140625,684.9797075791527,675.3246617594549,684.2737056052856,113160300
2025-12-15,676.8758544921875,681.8774049984522,675.4042533093998,681.8574988128718,90811000
2025-12-16,675.0264282226562,677.2239376857725,671.1584377196804,675.3843754405706,122030600
2025-12-17,667.5986938476562,676.5874893555698,667.3998140691156,676.0406154817738,110625200
2025-12-18,672.6399536132812,676.8857972779194,671.0788959983324,673.7635606688432,108650100
2025-12-19,678.7363891601562,679.2350273728672,674.6275542880097,674.747283458469,103599500
2025-12-22,682.96484375,683.4933686131409,678.7364013691785,682.0772531068674,69556700
2025-12-23,686.0863037109375,686.325640311278,682.0074163952171,682.0572680421344,64840000
2025-12-24,688.4996948242188,688.9484813838191,685.9267046355759,686.0763204450832,39445600
2025-12-26,688.4298706054688,689.7761694005526,687.392725060237,688.758988861415,41613300
2025-12-29,685.9765625,687.322922191004,684.2014421207446,685.6674092439482,62559500
2025-12-30,685.138916015625,686.6846823672308,684.7100944386586,685.5777200962995,47160700
2025-12-31,680.062744140625,685.4879304984822,679.8533550408816,685.2685588951464,74144800
2026-01-02,681.309326171875,684.999261161205,677.9684744567207,683.842447277036,89377200
2026-01-05,685.846923828125,687.5522884526621,684.5106074856512,684.6701449336617,71927200
2026-01-06,689.92578125,690.4344019511112,685.9067890249802,686.0563439630641,69273800
2026-01-07,687.701904296875,692.0699799720542,687.4426026835383,690.3047811958188,75588300
2026-01-08,687.632080078125,688.7390423054183,685.6175622141362,686.9439569075789,64019200
2026-01-09,692.1796264648438,693.4162394407576,687.3029303433501,688.7489932725086,80125500
2026-01-12,693.2666625976562,694.1941832506386,688.7490319805348,688.7988836287034,63976000
2026-01-13,691.8804931640625,694.194181802135,689.467040360938,693.595779418591,78309700
2026-01-14,688.479736328125,689.8360176539858,684.1714948792828,689.1180078469732,94676700
2026-01-15,690.3546142578125,693.5558934557131,689.3673203481677,692.678285342935,77862000
2026-01-16,689.7761840820312,692.359156800422,688.22043529661,691.7707369284135,79289200
2026-01-20,675.7345581054688,682.9049778344743,674.7272992054969,679.6338820353151,111623300
2026-01-21,683.5332641601562,686.8641332264262,676.2830453044572,677.7989248999835,127844500
2026-01-22,687.103515625,689.2476843606095,685.0491285530771,687.9711412752974,77112200
2026-01-23,687.352783203125,689.0781127396581,685.2884137823622,686.2757685331861,63059600
2026-01-26,690.84326171875,692.2394730275811,688.0409174669724,688.609372319757,60473800
2026-01-27,693.5957641601562,694.6329705879123,691.6810104865692,692.2893344912051,55506100
2026-01-28,693.5259399414062,695.9393926651097,692.0499903412962,695.1515053497095,61172200
2026-01-29,692.1497192382812,695.1615135683285,682.9648421722587,694.4933553961189,97486200
2026-01-30,690.0853271484375,692.3192774332931,685.2485609149509,689.9058246991844,101835100
2026-02-02,693.5159912109375,695.0318708971434,687.5423149981101,687.7019133171445,79286500
2026-02-03,687.6520385742188,695.0617950648859,682.1670182684101,694.3138377504575,107904600
2026-02-04,684.3211059570312,689.5667896413613,679.9031787408285,688.4697490630058,105204600
2026-02-05,675.7744750976562,681.8279505601881,673.9494421186707,679.0854402743204,113610800
2026-02-06,688.739013671875,690.4244132010324,678.995603890688,679.6039887472712,89127600
2026-02-09,692.0599975585938,693.9747512796714,686.4652913399738,687.5423060693106,73885200
2026-02-10,690.2349243164062,694.64286887948,689.7761552680904,693.0572335194393,65185700
2026-02-11,690.075439453125,695.2413241987686,687.3029816841566,694.4933668556342,76353900
2026-02-12,679.41455078125,693.4561594586687,678.5169776231163,692.3491972008484,118829000
2026-02-13,679.8931884765625,684.410879804094,675.6747287653898,679.833354327075,96267500
2026-02-17,680.9901733398438,683.074507822494,673.9394826742099,678.287593220413,81354700
2026-02-18,684.4208374023438,687.2730943282486,680.9702998190471,682.157061237011,73570300
2026-02-19,682.61572265625,684.311104689823,679.6937101433548,681.9775120282383,58649400
2026-02-20,687.5523071289062,688.1805961724377,679.8732661615737,680.4616860592505,100034000
2026-02-23,680.531494140625,688.1207533479937,678.5169762252317,685.9566804858357,90558100
2026-02-24,685.4779052734375,686.4751816677359,678.1479481229125,680.0427976196477,73798700
2026-02-25,691.26220703125,691.7907319065998,688.2204651135966,688.3002642742074,56369500
2026-02-26,687.422607421875,691.4117130049051,682.486077089091,691.391808867856,71671000
2026-02-27,684.1216430664062,684.9892686841309,679.7835149777827,681.2295779636313,83308900
2026-03-02,684.5106201171875,686.744509644098,676.1734035367807,676.8515442239554,87477200
2026-03-03,678.4771118164062,680.7508704958498,667.8361281509542,673.221445388408,105003100
2026-03-04,683.2639770507812,685.2186606854194,677.7689744100875,679.7735096903759,79182200
2026-03-05,679.4544067382812,683.6629449535216,673.7699188745959,680.2223290726917,106606500
2026-03-06,670.5487060546875,674.2685275228549,667.9358467743081,671.5758690877306,100687000
2026-03-09,676.4227294921875,678.0681991431876,660.5859743093405,664.5750801817165,102667700
2026-03-10,675.3356323242188,681.4987932365287,672.9222404542279,675.87413967305,81505300
2026-03-11,674.4879760742188,678.2277626375325,671.5061293267642,675.7345715953234,68441700
2026-03-12,664.2459106445312,669.8207124533001,664.0564256954588,669.3319958917509,108882200
2026-03-13,660.4862060546875,670.5088831921612,659.5587462493693,667.4472371497842,97200200
2026-03-16,667.2078857421875,670.239584206393,665.3030536555561,666.5596317087426,82023100
2026-03-17,668.9630126953125,672.60309589337,667.8760155087483,670.5586914524959,87128000
2026-03-18,659.6285400390625,667.8959397089973,659.3892034355257,666.5396583763402,82062600
2026-03-19,658.0029907226562,661.1743225351036,653.3855958813168,655.1806813207687,111272500
2026-03-20,648.5700073242188,656.6900024414062,644.719970703125,656.510009765625,163617500
2026-03-23,655.3800048828125,662.6199951171875,653.9400024414062,658.0700073242188,134802700
2026-03-24,653.1799926757812,657.030029296875,649.8800048828125,651.3200073242188,96457500
2026-03-25,656.8200073242188,660.8900146484375,654.239990234375,658.6699829101562,90653800
2026-03-26,645.0900268554688,654.8499755859375,644.8200073242188,652.0599975585938,96494400
2026-03-27,634.0900268554688,642.6599731445312,633.1099853515625,642.5,103649400
2026-03-30,631.969970703125,640.3699951171875,629.280029296875,640.1099853515625,99275900
2026-03-31,650.3400268554688,651.5399780273438,637.97998046875,638.9400024414062,152534100
2026-04-01,655.239990234375,658.52001953125,653.0,653.9000244140625,97841500
2026-04-02,655.8300170898438,658.2000122070312,645.1099853515625,646.4199829101562,68358700
2026-04-06,658.9299926757812,659.719970703125,655.52001953125,655.8599853515625,39105800
2026-04-07,659.219970703125,659.6099853515625,651.0599975585938,656.6500244140625,69980400
2026-04-08,676.010009765625,677.0800170898438,671.4600219726562,676.3900146484375,93606100
2026-04-09,679.9099731445312,681.1599731445312,673.77001953125,674.8400268554688,57134400
2026-04-10,679.4600219726562,682.030029296875,678.4500122070312,681.3200073242188,42253500
2026-04-13,686.0999755859375,686.2999877929688,676.5800170898438,677.4099731445312,54185800
2026-04-14,694.4600219726562,694.5800170898438,687.6599731445312,687.6900024414062,63480500
2026-04-15,699.9400024414062,700.280029296875,694.2000122070312,695.260009765625,58240400
2026-04-16,701.6599731445312,702.780029296875,698.530029296875,701.0599975585938,49972400
2026-04-17,710.1400146484375,712.3900146484375,705.760009765625,706.1400146484375,70661900
2026-04-20,708.719970703125,709.9099731445312,706.1400146484375,708.780029296875,43546800
2026-04-21,704.0800170898438,711.280029296875,702.6400146484375,710.280029296875,58941400
2026-04-22,711.2100219726562,711.4500122070312,708.219970703125,709.1500244140625,41070592
