Date,Close,High,Low,Open,Volume
2016-08-01,105.75080871582031,106.30312778419399,105.6297490023744,105.75837061857705,9809300.0
2016-08-02,104.66130065917969,105.3649386391,104.03331634603134,104.28299769064867,10051200.0
2016-08-03,104.72183227539062,105.00177278243238,104.34352930051664,104.86558925302523,4930600.0
2016-08-04,105.50867462158203,106.04586980976376,105.37249112155428,105.51624806817564,5646000.0
2016-08-05,104.41163635253906,105.30442596241103,104.27545280319274,105.20607502506945,7778600.0
2016-08-08,104.6082992553711,104.82014792642235,103.89709959963432,104.10894827068556,5185200.0
2016-08-09,105.6373291015625,105.71299432172225,104.88072307953179,104.94882639563224,5503200.0
2016-08-10,106.04589080810547,106.31069595889004,105.52383086484882,105.84916587592738,5843500.0
2016-08-11,105.10014343261719,105.985371077353,104.82019135888974,105.97023572461035,7624600.0
2016-08-12,105.98536682128906,106.5755185607475,105.82647448610055,106.23504817950472,7989600.0
2016-08-15,104.98664093017578,105.6448959789224,104.97907902658686,105.4254737810432,5108600.0
2016-08-16,104.7066879272461,105.28170424348754,104.58562821491434,105.15308262846865,6182700.0
2016-08-17,105.33470153808594,105.50115580268576,104.78994422573976,104.88830671251951,5002000.0
2016-08-18,105.5010986328125,105.74320644883038,105.00929801030786,105.31950911213418,3805200.0
2016-08-19,104.94876861572266,105.20601175081299,104.48723873458513,104.89580068179417,5516300.0
2016-08-22,105.83401489257812,106.03072822935214,105.44813857540373,105.65998725958725,5549700.0
2016-08-23,105.94755554199219,106.37125312793592,105.67517687318646,106.1291451694938,6841400.0
2016-08-24,105.69786071777344,106.06860183086442,105.46331469424538,106.0005100585289,6027800.0
2016-08-25,105.296875,105.75840520667673,105.13799417591903,105.36496678174899,5855500.0
2016-08-26,104.68399047851562,106.44688357204748,104.57806611664584,105.72053684430496,12962500.0
2016-08-29,106.08370208740234,106.18962643539977,105.3270963031669,105.45571790110036,7310400.0
2016-08-30,105.6751708984375,106.12156571946862,105.6751708984375,106.05347394234036,5161800.0
2016-08-31,105.82647705078125,106.05346115874102,105.42547679617188,105.66759625663332,7349700.0
2016-09-01,105.94317626953125,106.1933117856506,105.03359993466402,105.07148979228677,9149100.0
2016-09-02,105.07904815673828,105.39739920821269,104.73037134842586,105.32918360415835,8397000.0
2016-09-06,105.84469604492188,106.17821025913864,104.98817195531039,105.13977773697059,8542600.0
2016-09-07,105.7688217163086,106.43584969422183,105.7688217163086,106.39794827440595,5421800.0
2016-09-08,104.44237518310547,105.56419730547259,104.04064549262668,105.25342178917256,14301500.0
2016-09-09,102.72175598144531,103.17653838404318,102.63837747275205,103.13864852491166,13347700.0
2016-09-12,102.77484893798828,102.95676890974457,102.44892200022414,102.570201981395,9096600.0
2016-09-13,101.60755920410156,103.08562280615783,101.08454941432117,102.98708137738895,15645400.0
2016-09-14,101.75911712646484,102.2593881875932,101.6075229895478,101.6075229895478,7037700.0
2016-09-15,101.31951904296875,101.60755609307688,100.83441070725218,101.27404194366642,9874500.0
2016-09-16,102.13815307617188,102.18363018061599,101.73642323238703,102.00929742494809,7507900.0
2016-09-19,101.80460357666016,102.22907182543415,101.75912648799043,101.96378495289657,7105900.0
2016-09-20,102.16084289550781,102.76723098592758,102.07746438850147,102.44129261639699,6054800.0
2016-09-21,102.98705291748047,103.00221580215367,101.7060609610617,102.02442370973792,10698100.0
2016-09-22,103.80570220947266,104.06341348650703,103.46461239388066,103.59346803239785,12426200.0
2016-09-23,103.70712280273438,104.10126519134829,103.62374430401033,103.86629257655046,5928800.0
2016-09-26,104.36661529541016,104.47273238584486,103.85876839362292,103.89666983289862,8661300.0
2016-09-27,105.13213348388672,105.20793633360077,104.56364680870432,105.04875497555766,9450400.0
2016-09-28,104.90476989746094,105.47325675362325,104.76833860361143,104.98057277130712,7958700.0
2016-09-29,105.17005920410156,105.41261912650755,104.18467975964114,104.2680582872315,8319800.0
2016-09-30,104.23014068603516,105.08666437606846,103.74503248236407,105.01844874568312,11747100.0
2016-10-03,103.88616180419922,104.61513932477267,103.8481921731904,104.54678935427496,7588800.0
2016-10-04,102.6712417602539,103.90896863285862,102.63327211924471,103.74191148178427,12048700.0
2016-10-05,102.19287872314453,102.57255206737376,101.84357414830082,102.52699311994,8917700.0
2016-10-06,101.62332916259766,102.27636752402665,101.50942025162716,101.72963719414626,7839900.0
2016-10-07,101.69164276123047,101.97259715037976,101.06138401833307,101.6992320520954,9953200.0
2016-10-10,101.09175872802734,101.11453818605774,100.62095622642548,100.87914272860829,6089100.0
2016-10-11,100.86393737792969,101.41066746176571,100.66651157581715,100.88671683253108,9670400.0
2016-10-12,100.96269226074219,101.00825118627482,100.41596198093973,100.74247533839392,7582400.0
2016-10-13,101.34236907958984,101.69925120470944,101.27401910211897,101.47904586112001,7080600.0
2016-10-14,99.92234802246094,100.95505915613529,99.87678911147115,100.43870938264895,11415100.0
2016-10-17,100.56023406982422,100.79564117701167,100.30205908521278,100.3096599643935,10595900.0
2016-10-18,100.88671875,100.90949820503435,100.1045932292835,100.12737268431783,7151000.0
2016-10-19,100.97025299072266,101.19805914065039,100.47668265479763,100.51464069086717,6941300.0
2016-10-20,101.07659149169922,101.56257268444065,100.91712366260495,101.47904412381139,6082300.0
2016-10-21,101.22845458984375,101.53978935731509,100.89434036004089,101.38792241286973,9222700.0
2016-10-24,100.78803253173828,101.33476280214438,100.45391830130065,101.30439404787968,6507500.0
2016-10-25,101.05378723144531,101.41827013988646,100.60577578287155,100.63614453078216,5134700.0
2016-10-26,100.37042999267578,100.84123277286152,100.22616386868562,100.58305770461408,5842500.0
2016-10-27,99.27699279785156,99.52757860195425,98.76063101120357,99.52757860195425,10044700.0
2016-10-28,99.05677795410156,99.42126113780466,98.96566005485366,99.01121900447761,7541000.0
2016-10-31,99.66423797607422,99.6946067409244,99.25419592369614,99.39087274558577,7047500.0
2016-11-01,99.67184448242188,100.12072278616087,98.8121532008797,99.02517507673276,12622400.0
2016-11-02,100.1054916381836,100.50871239841183,99.68705171469576,99.89246978782982,8666200.0
2016-11-03,99.3370590209961,99.70223755543529,99.23815190609568,99.47399661810468,6085400.0
2016-11-04,100.22720336914062,100.26523385709376,99.76311764969546,99.86962855536395,7622600.0
2016-11-07,99.37511444091797,99.66422047467428,99.23817680944553,99.47402158063865,5386700.0
2016-11-08,98.97189331054688,99.82399224634776,98.68279888678903,99.67943923005926,7576500.0
2016-11-09,94.7723159790039,96.90254616776092,94.50603865651185,96.78842565686138,31233500.0
2016-11-10,93.37244415283203,95.06901504695261,93.364834571792,94.31582904745903,22961200.0
2016-11-11,92.84747314453125,93.6158781389272,92.55076339702944,93.54740353328381,10040200.0
2016-11-14,92.2921142578125,93.31919298225338,91.85085721217919,92.26929131805335,21174400.0
2016-11-15,92.74859619140625,93.4333076012354,92.64968904665456,92.98444097459584,11963700.0
2016-11-16,93.58545684814453,93.68435817436881,92.94638560460798,93.04529273524133,9149500.0
2016-11-17,92.20842742919922,92.90075423407325,92.04866104447675,92.77902414795518,11221600.0
2016-11-18,91.94215393066406,92.79424715556438,91.55414652059935,92.53557361405115,13577700.0
2016-11-21,92.17044067382812,92.4215047580905,91.97263207976566,92.21608657845289,6488100.0
2016-11-22,92.1399917602539,92.63451025531464,91.96500614960334,92.55843182632346,9989900.0
2016-11-23,91.78239440917969,91.98781250228771,90.72488883180334,91.28787603453931,13563500.0
2016-11-25,91.91929626464844,92.27687101683914,91.59976360267684,92.20079264080896,3126300.0
2016-11-28,92.59644317626953,92.61166234061218,92.12474775662558,92.36820795082414,8555000.0
2016-11-29,92.98440551757812,93.12134890820639,92.2160006143636,92.39098609299158,8363000.0
2016-11-30,91.47806549072266,92.06388137990892,90.89986498752825,91.27265322329492,21163500.0
2016-12-01,90.51215362548828,90.71035679300418,89.6812043814062,90.34443877900408,21715700.0
2016-12-02,91.17540740966797,91.64043295213052,90.82473345925028,90.84760261442655,12487500.0
2016-12-05,91.07630157470703,91.78527443310925,90.2987154377945,90.6646393521351,12100100.0
2016-12-06,91.00768280029297,91.4345949772699,90.80947959915103,90.97718865792584,11526600.0
2016-12-07,91.78527069091797,91.95298556914601,91.34311434216461,91.34311434216461,10392200.0
2016-12-08,90.70275115966797,90.95431765078263,90.55028045094092,90.83234689996382,12041100.0
2016-12-09,89.57451629638672,90.61129414179125,89.40680137784122,90.44357922324575,14646400.0
2016-12-12,89.7421875,89.80317577088348,89.1018222880466,89.39913283840158,9496300.0
2016-12-13,90.06240844726562,90.32922498438316,89.52877537303056,90.26061751033764,12189200.0
2016-12-14,89.05608367919922,90.87806609825239,89.04083951961287,90.7789645205371,16618400.0
2016-12-15,89.50588989257812,90.17674360873058,89.21619843410971,89.62023566180171,12400500.0
2016-12-16,89.3000259399414,89.8946470052245,89.04083452837136,89.65832473983284,14924600.0
2016-12-19,90.26061248779297,90.39783324441267,89.75746777479938,89.9404326610683,10868300.0
2016-12-20,89.81084442138672,89.87945771797162,89.4830395549951,89.67362364438175,7030600.0
2016-12-21,90.20721435546875,90.26057763931998,89.74981394872093,89.89465382422468,4624700.0
2016-12-22,90.04600524902344,90.19123028247347,89.80906405246299,89.83199309324058,5177800.0
2016-12-23,90.22946166992188,90.48933194306508,90.15302374827299,90.37468089198644,4461600.0
2016-12-27,89.93897247314453,89.96190150711575,89.60267025591298,89.74788941486145,5276600.0
2016-12-28,90.59626007080078,90.86377507217102,89.9618631879873,90.08415909226494,7578600.0
2016-12-29,90.91729736328125,91.16188339234313,90.69564619468001,90.80265221793265,8581400.0
2016-12-30,91.05488586425781,91.45234184318421,90.74151271874993,90.78737078116781,10613900.0
2017-01-03,91.44470977783203,91.71222489862745,90.32878539437658,90.50458437740917,13217300.0
2017-01-04,91.7962875366211,91.90329356818144,91.2994704864387,91.53641741180064,6699600.0
2017-01-05,93.2332763671875,93.27148949148666,91.84983064433442,92.06384280087022,13265800.0
2017-01-06,92.377197265625,92.89694343486777,92.29312025064512,92.58356440968959,8369300.0
2017-01-09,93.11858367919922,93.24851874020493,92.83577869519445,93.15679678640551,8839100.0
2017-01-10,93.05742645263672,93.17972237886995,92.69818945856501,92.9045623762359,8417900.0
2017-01-11,93.37081146240234,93.77590653946136,92.79756239153217,93.20265746859118,9402500.0
2017-01-12,93.16444396972656,94.11985914361529,93.11858590742516,93.85998901538545,9977600.0
2017-01-13,92.72114562988281,93.0574536940836,92.19376032994082,92.73643554083327,9820000.0
2017-01-17,93.69184112548828,93.96700118003473,93.24088210166255,93.86763426337573,7853300.0
2017-01-18,92.49180603027344,93.21791901196936,92.4153740055775,93.0726940830743,9064700.0
2017-01-19,91.8574447631836,92.16317881190474,91.37591757263733,92.0943858810313,11795600.0
2017-01-20,91.67401885986328,91.95681808164647,91.17720169353487,91.59758096397219,16953200.0
2017-01-23,92.59121704101562,93.1491822020117,91.73516274088517,91.97974885072347,13118400.0
2017-01-24,91.95679473876953,92.58354683878582,91.56698955936062,92.30838681132586,8395000.0
2017-01-25,90.80262756347656,91.41408955441348,90.61918371794509,91.16950359176084,11115100.0
2017-01-26,91.10839080810547,91.15425470288497,90.44342556341441,90.88673961413618,7827900.0
2017-01-27,91.43707275390625,91.58994271575824,91.14662857347666,91.26127958701746,7197800.0
2017-01-30,91.161865234375,91.62810817056098,91.10836223340561,91.29180609220616,6569500.0
2017-01-31,91.7962875366211,92.02558950790261,91.14660639317859,91.20775436303919,13298500.0
2017-02-01,91.22868347167969,91.55805679020354,90.83037440564767,91.22868347167969,10975500.0
2017-02-02,91.19039154052734,92.02531124050226,91.15209000544856,91.86445531236014,6978600.0
2017-02-03,91.15213775634766,91.818546245464,90.7461669854135,91.48917274081985,10275600.0
2017-02-06,91.70362091064453,92.01767136483421,91.24403160178433,91.73426097710123,8433800.0
2017-02-07,92.37769317626953,92.69174950279273,91.51213313574705,91.74958636721877,8418400.0
2017-02-08,93.6338882446289,93.65686683099382,92.99812592721995,93.00578156001191,15734200.0
2017-02-09,92.5538558959961,93.13599957721354,92.42364000761808,92.99812805586834,16890600.0
2017-02-10,92.500244140625,92.64577714978071,92.00235329289423,92.00235329289423,7978500.0
2017-02-13,92.20913696289062,92.23212138814333,91.82614502458391,92.10956116276843,11536800.0
2017-02-14,91.54277038574219,92.14789858523974,91.02190091300983,92.10193556082524,13210500.0
2017-02-15,91.12144470214844,91.32060215390784,90.88399156150793,90.96825025863716,8481000.0
2017-02-16,91.61931610107422,92.07890517874458,91.24398570277584,91.32058290838887,10005800.0
2017-02-17,92.1632080078125,92.45427986617342,92.01766915663455,92.3853441012965,7886400.0
2017-02-21,92.00232696533203,92.38531891645106,91.61167353887248,91.67295365360994,8703800.0
2017-02-22,92.15550231933594,92.5461556648766,91.60399308892376,92.53083856136168,8101500.0
2017-02-23,92.43130493164062,92.48492358777386,92.17087312870639,92.35470768630675,5330800.0
2017-02-24,93.45770263671875,93.55727844559351,92.88321467876202,92.95215042859984,11336000.0
2017-02-27,92.90619659423828,93.37344728432112,92.86023942603141,93.3045056880169,11039800.0
2017-02-28,93.25086975097656,93.51130729183805,92.92915794520016,93.06703526824617,8410500.0
2017-03-01,91.6883316040039,91.74972973189979,91.28924962792844,91.66530876985489,10717100.0
2017-03-02,91.35833740234375,91.48880405184677,91.03600596642498,91.33531456481363,8201200.0
2017-03-03,91.59626007080078,91.59626007080078,90.982296185597,91.50416870840738,9515200.0
2017-03-06,91.1587905883789,91.41972972604093,90.9592495837254,91.41972972604093,4489200.0
2017-03-07,90.88251495361328,91.082055980461,90.75204829789506,90.92856648611591,7080100.0
2017-03-08,90.39138793945312,90.52185466213433,89.96928868573414,90.0306810018329,11336300.0
2017-03-09,89.66995239257812,90.16113178942211,89.61623046944291,90.05368208790121,10575400.0
2017-03-10,89.98461151123047,90.03833343314656,89.54715990269932,89.90019051175513,9218500.0
2017-03-13,89.41669464111328,89.86181663469822,89.40134217446355,89.66228141025513,6993100.0
2017-03-14,89.846435546875,90.06132315550983,89.57014980570217,89.61619547748158,9869200.0
2017-03-15,90.94390869140625,91.19717161454072,90.12272764038578,90.22249522135604,14600500.0
2017-03-16,90.48342895507812,90.67529372985342,90.27621171938178,90.55249746347806,8018200.0
2017-03-17,91.05135345458984,91.13577442985003,90.58320290278294,90.6446010402901,7266800.0
2017-03-20,91.4427719116211,91.5041700576216,90.9439222220536,90.98229752711629,5497800.0
2017-03-21,92.20252990722656,92.32532616589023,91.34297366232447,91.36600235225983,12540700.0
2017-03-22,92.57093048095703,92.99302952629866,92.42511135979863,92.64767522963288,11661400.0
2017-03-23,92.4404525756836,92.87790405839466,92.1411439746312,92.73209080099008,6746500.0
2017-03-24,92.77046203613281,92.93930398978007,92.40208491476496,92.50185249862525,5819600.0
2017-03-27,93.19253540039062,93.6069639131968,93.0083469020035,93.49952013453373,6878500.0
2017-03-28,92.57093048095703,93.49187917556512,92.47115703795434,93.46885633648726,6811200.0
2017-03-29,93.12348937988281,93.15418844815972,92.77045887757129,92.81651040761092,6291000.0
2017-03-30,92.37137603759766,92.93161789130659,92.34067697153512,92.91627128589938,7042400.0
2017-03-31,92.63995361328125,92.71669832435937,92.25622420264456,92.30994608592385,5144800.0
2017-04-03,93.57441711425781,93.72823738264108,92.59768334750795,92.63613401387131,12996500.0
2017-04-04,93.06690216064453,93.51296664016482,93.02075310799556,93.34377300594575,6976700.0
2017-04-05,93.35140991210938,93.45908119820464,92.5669468466088,92.72076129313204,8555200.0
2017-04-06,93.21296691894531,93.37447970248786,92.68998962895172,93.24373097925606,6497000.0
2017-04-07,92.83610534667969,94.02049510984943,92.82072625235135,93.7051679335028,10270000.0
2017-04-10,93.26676940917969,93.53595337431558,93.05911941043973,93.16679064943712,5314500.0
2017-04-11,94.1512451171875,94.32813698747282,93.6128887600482,93.6744168773339,11297400.0
2017-04-12,94.6665267944336,94.7434398723419,94.05126324467537,94.22046262784319,11532500.0
2017-04-13,94.9587631225586,95.16641313486402,94.52807813843309,94.94337816304393,8396700.0
2017-04-17,94.6665267944336,95.02031052340851,94.48964079759016,94.95108992681983,8015000.0
2017-04-18,95.90472412109375,96.12007246138948,95.02028266093033,95.25869670313345,11529700.0
2017-04-19,95.38179016113281,95.49715392869047,95.13568352857746,95.44331828618289,7344000.0
2017-04-20,95.01260375976562,95.30485346189641,94.70496909730824,94.99721879943903,7932900.0
2017-04-21,95.01260375976562,95.5509600183337,94.97414722659228,95.22794626319286,9798500.0
2017-04-24,94.5434799194336,94.72037179044693,94.18200956344772,94.25123016259008,8066400.0
2017-04-25,93.40522766113281,94.1820039628485,93.35139202839869,93.98973300770608,8122300.0
2017-04-26,93.92052459716797,93.9359036928504,93.3898548476374,93.4590695796748,5766200.0
2017-04-27,93.88975524902344,94.09740530108229,93.5052133345379,93.63595617722844,4978300.0
2017-04-28,94.09739685058594,94.16661744015178,93.48213336324972,93.5205840306588,8166300.0
2017-05-01,93.3151626586914,94.13209231761236,93.03000519288925,93.78528410993059,8795900.0
2017-05-02,93.79298400878906,93.85464062874755,93.20726375888022,93.23038352138992,6727800.0
2017-05-03,93.8546371459961,94.3247585659112,93.67738172006668,94.19374266328532,8932900.0
2017-05-04,93.39221954345703,93.42304785073101,92.99916597558678,93.2612036474664,9707200.0
2017-05-05,93.47702026367188,93.61574474258504,93.16874299054263,93.54637956317849,5605400.0
2017-05-08,92.96833801269531,93.36139158202155,92.89127018417408,93.33827182145502,8057800.0
2017-05-09,92.96063232421875,92.9683349908916,92.5906985274832,92.77566248590186,5536700.0
2017-05-10,92.85277557373047,93.29977150616972,92.60615489793959,93.18417265806517,6517000.0
2017-05-11,92.85277557373047,92.9221348825932,92.41348231123106,92.48284162009378,7479800.0
2017-05-12,93.55404663085938,93.63111444499546,93.23806682893228,93.26118658518337,7463900.0
2017-05-15,93.29975891113281,93.41536362353197,93.0608468174345,93.29975891113281,5173200.0
2017-05-16,93.64656829833984,93.93942845898317,93.33829104087866,93.33829104087866,6722700.0
2017-05-17,95.01067352294922,95.21105459307631,94.32475981202442,94.50972378758087,11236400.0
2017-05-18,95.11859893798828,95.51936120157659,94.94134345516699,95.37292815758464,8350500.0
2017-05-19,95.34204864501953,95.39599670385437,94.80256805667112,95.07230835084532,11277400.0
2017-05-22,95.08003997802734,95.22646709904151,94.99526359643548,95.11086828768792,4062900.0
2017-05-23,94.44037628173828,95.27272309541328,94.39413675205617,95.18794670439641,7901300.0
2017-05-24,94.97216033935547,94.99528010564417,94.44038219511594,94.64076330278444,7355200.0
2017-05-25,95.00296783447266,95.01067638198995,94.60992010957506,94.81029530583304,6464800.0
2017-05-26,95.16483306884766,95.3652082969754,94.98757172715017,95.21878115025126,2963800.0
2017-05-30,95.63495635986328,95.67349322676507,95.36521593125171,95.5887168235014,4819400.0
2017-05-31,95.87382507324219,96.06649754891997,95.58866769247604,95.60408478327277,8000200.0
2017-06-01,95.88390350341797,95.91479713110489,95.50546687587781,95.53635461120776,9037300.0
2017-06-02,97.01919555664062,97.13503926669591,96.57897178136388,96.71026524766357,13245000.0
2017-06-05,96.41676330566406,96.66391222700629,96.3704258290897,96.46310667459304,6775500.0
2017-06-06,96.94197082519531,97.21228856247296,96.84929584542587,97.07327020046252,12841500.0
2017-06-07,96.47858428955078,96.94197689447866,96.37818442439601,96.72572740500276,12852400.0
2017-06-08,96.22370910644531,96.44768345877314,95.99974064647371,96.44768345877314,8758600.0
2017-06-09,96.07699584960938,96.26235174573856,95.7526215582939,95.82985269065124,5130500.0
2017-06-12,96.04611206054688,96.53267354738063,95.87620001653431,95.93026240396028,4335800.0
2017-06-13,96.06155395507812,96.16967872770527,95.7603483895656,95.77579815271703,4742600.0
2017-06-14,97.54436492919922,97.86101419023107,97.1041412007906,97.25087851535685,20212300.0
2017-06-15,97.38990020751953,97.5675370374181,97.18137565206524,97.38217532995304,5863700.0
2017-06-16,97.58300018310547,97.65251231022961,97.32041321750744,97.37447558644563,6672500.0
2017-06-19,97.4439926147461,97.68341675429798,97.33586786489309,97.55984224454772,5641300.0
2017-06-20,98.31668090820312,98.39391199882199,97.9227946859861,97.9227946859861,8405700.0
2017-06-21,98.51751708984375,98.57930434218771,98.01551186852991,98.16997410703314,5914800.0
2017-06-22,98.73377227783203,98.75694691806578,98.32444201905827,98.63337240624733,6608100.0
2017-06-23,98.6874008178711,98.78008166983793,98.39392029184197,98.4479826490672,4329900.0
2017-06-26,99.05816650390625,99.29759658809368,98.98094125698591,99.0658972778998,5541600.0
2017-06-27,98.00007629394531,98.46346896888384,97.79155165254812,98.41713146909726,8354200.0
2017-06-28,97.67568969726562,97.86104556540269,97.29725308121505,97.83015193865371,7357900.0
2017-06-29,96.8570327758789,97.09645102654777,96.46314638578093,96.54810238937769,9115800.0
2017-06-30,96.63301849365234,96.84154303033658,96.42448806461353,96.68708084704119,10189800.0
2017-07-03,96.32195281982422,96.77082723262527,95.98142658879817,96.73986976575625,11021100.0
2017-07-05,96.34516143798828,96.4689912951746,96.0588152261769,96.12072425023749,11394500.0
2017-07-06,95.54798889160156,95.68729447468077,95.13781298157122,95.59442211778455,10853100.0
2017-07-07,94.97531127929688,95.215224205718,94.87469806148293,95.06817775170167,9401800.0
2017-07-10,95.11463165283203,95.26941306721419,94.94436855429215,95.09141503112795,3859200.0
2017-07-11,95.27715301513672,95.44741611207871,94.96758428474514,95.08367329670854,4425600.0
2017-07-12,95.93498992919922,95.99690486073547,95.57124708708982,95.88081584023821,7839900.0
2017-07-13,95.33129119873047,95.6950338771166,95.04493919766412,95.65633558619162,7449300.0
2017-07-14,95.44737243652344,96.08972622485952,95.28485025595583,96.04328709860468,6566800.0
2017-07-17,95.71054077148438,95.9581945621515,95.40097205701744,95.44741120213335,4737300.0
2017-07-18,96.54635620117188,96.5618319769179,96.14392108193417,96.29870245751844,9163000.0
2017-07-19,96.5850601196289,96.74758234481224,96.42253198991423,96.56957843845068,5140900.0
2017-07-20,96.86367797851562,97.30481144984694,96.71663151989462,97.11906669015774,12239100.0
2017-07-21,97.27384185791016,97.53697137785474,97.18096948964859,97.30479931399734,6201500.0
2017-07-24,96.89464569091797,97.25065358742,96.8636941303404,97.08812541945777,5378500.0
2017-07-25,95.63308715820312,96.11291864520352,95.55569650662972,96.07422036715269,9743300.0
2017-07-26,95.78793334960938,96.03558714512585,95.25393335884297,95.4009739250816,8459500.0
2017-07-27,95.31586456298828,95.4861217790519,95.05272903901135,95.27716625211328,6390800.0
2017-07-28,95.88080596923828,95.95819667342474,95.39323921878459,95.40097415603066,5491800.0
2017-07-31,95.99690246582031,96.00464330820245,95.50159483495287,95.54802808018022,5464600.0
2017-08-01,96.67082977294922,96.72512156222753,95.52294453753335,95.5384539413152,9676800.0
2017-08-02,96.72516632080078,97.08194194648976,96.7018992456808,96.77170047104075,5745600.0
2017-08-03,97.72567749023438,97.74118689889465,97.15173469199468,97.17500176366663,10324500.0
2017-08-04,96.89581298828125,97.08971319790182,96.5157702342871,97.06644611952572,8485500.0
2017-08-07,97.00440216064453,97.02766924034664,96.64762646469352,96.82601135398646,4684600.0
2017-08-08,96.65535736083984,96.93457407466394,96.2908241001604,96.8492575278086,6197400.0
2017-08-09,97.18276977539062,97.68690549493532,97.1052049717403,97.67139608462348,9221800.0
2017-08-10,98.01268005371094,98.06697187569041,97.35341460734826,97.43097942506019,10378200.0
2017-08-11,98.0592041015625,98.08247117753157,97.37667756455834,97.54730476078623,5717800.0
2017-08-14,97.55506134033203,97.94286171514166,97.51628485326954,97.71793678766838,5111000.0
2017-08-15,97.14401245117188,97.3689374216217,96.72518725626863,96.74070258794944,7473200.0
2017-08-16,97.50074005126953,97.74117431741463,96.80269840414884,96.81821372817504,5283800.0
2017-08-17,98.22984313964844,98.2531102170208,97.34565869531127,97.49301882445778,9364700.0
2017-08-18,98.20659637451172,98.61766393941744,97.92737955356336,98.48581319546008,8382500.0
2017-08-21,98.44701385498047,98.51681508953428,98.11350526048345,98.3229148815096,7669800.0
2017-08-22,98.06694793701172,98.35391638998206,97.93509132950723,98.33840698064448,6140700.0
2017-08-23,98.73396301269531,98.74171475852889,98.31513796051664,98.53230519112117,7446400.0
2017-08-24,98.36945343017578,98.74173851008717,98.28413686657845,98.40822992076069,5569400.0
2017-08-25,98.74951171875,98.85033771097882,98.40049366172553,98.51682906915663,7303300.0
2017-08-28,98.68748474121094,98.80382609255379,98.29193243095894,98.43929261978408,4448500.0
2017-08-29,99.00543212890625,99.68020687899684,98.74172480964089,99.63367272980571,7659400.0
2017-08-30,98.97444915771484,99.07527516263232,98.76503356325333,98.85810781827692,4735200.0
2017-08-31,99.26915740966797,99.3001821557129,98.94340645224408,98.9976982784814,7978400.0
2017-09-01,98.50981903076172,98.96836287671373,98.261115977294,98.94504789194308,14128600.0
2017-09-05,100.07201385498047,100.103108417209,99.24041813142897,99.24041813142897,15215700.0
2017-09-06,99.45800018310547,100.25851294236716,99.27924208591233,100.04089851416575,9066400.0
2017-09-07,100.47611999511719,100.70151397434304,99.73778453512442,99.73778453512442,13618900.0
2017-09-08,100.25849151611328,100.38284597968025,99.9243022367582,100.34398372742878,9808500.0
2017-09-11,99.06166076660156,99.52021069032638,98.90622353152051,99.38031480693327,17856700.0
2017-09-12,98.54090118408203,98.77405694602948,98.33882811342241,98.74297425474165,7557400.0
2017-09-13,98.15230560302734,98.64193805609787,98.14453196517115,98.63417034779,6740000.0
2017-09-14,98.55641174316406,98.57195901349952,98.18336026876086,98.21444887988551,6674500.0
2017-09-15,98.59528350830078,98.71186432888689,98.34658052483896,98.70409069296865,9769200.0
2017-09-18,98.02792358398438,98.3698923990338,97.8025355858424,98.31548880841655,6863000.0
2017-09-19,97.78699493408203,98.16782007109015,97.71705000117198,98.14450509345346,5554900.0
2017-09-20,97.85696411132812,97.96577131369467,97.40618802749657,97.9035940753287,8037000.0
2017-09-21,97.80255126953125,98.3621345367849,97.78700992523981,98.0512602145752,6147800.0
2017-09-22,98.0823745727539,98.4942944488261,97.97356733893847,98.31553631924386,5660700.0
2017-09-25,98.69637298583984,98.91398747849232,98.08238585039878,98.17565174562851,9679000.0
2017-09-26,98.5176010131836,98.61863459892996,98.26112429988623,98.52536872239938,7251900.0
2017-09-27,97.03312683105469,97.38286933638143,96.84660105260897,97.04867410482792,12145700.0
2017-09-28,96.74561309814453,96.87773533976286,96.34924044373913,96.53576631011505,8883700.0
2017-09-29,96.96318817138672,97.17302894454335,96.58235702338145,96.96318817138672,11285500.0
2017-10-02,96.78567504882812,97.34639121286257,96.75452349065374,97.19842279692232,7860700.0
2017-10-03,96.8790512084961,96.96471643866089,96.50523875490906,96.50523875490906,6219800.0
2017-10-04,96.88687896728516,97.02705200868125,96.47412544860322,96.98032766154923,7447000.0
2017-10-05,96.52084350585938,96.80120143622317,96.32615082874834,96.7778333240687,8180300.0
2017-10-06,96.24828338623047,96.64545817051714,95.81217362563325,96.01465570371762,10375000.0
2017-10-09,96.55200958251953,96.61430673299631,96.28722441218122,96.3962518524529,3590900.0
2017-10-10,96.70777893066406,97.24513279925117,96.5831727239855,96.67662737899443,6666800.0
2017-10-11,96.89466094970703,97.08157021854194,96.7700607120334,97.01147775734144,4385900.0
2017-10-12,97.30741119384766,97.33077930925622,96.75448462684139,96.99590762033131,7141600.0
2017-10-13,98.00830078125,98.07839324055983,97.47873641693486,97.79803528641949,7746900.0
2017-10-16,97.93820190429688,98.04722932364292,97.6422652447444,97.75908203448623,5737300.0
2017-10-17,98.06281280517578,98.19520240858208,97.65006525246832,97.65006525246832,4969600.0
2017-10-18,97.41641235351562,97.4865047977333,97.09711949432992,97.38526675780578,5943800.0
2017-10-19,97.58779907226562,98.13294237609608,97.5566475170566,97.92267086382309,8966500.0
2017-10-20,96.55200958251953,96.78563726529465,96.28722441218122,96.56758238475126,12326900.0
2017-10-23,96.72335052490234,96.9491948155168,96.58317151491926,96.69220491517355,6871100.0
2017-10-24,96.1236801147461,96.32616218644971,95.905625241319,96.07695576802591,6842800.0
2017-10-25,95.6642074584961,95.77324084269232,95.33712513055744,95.42279039857233,9961400.0
2017-10-26,95.34493255615234,95.83555614095975,95.34493255615234,95.83555614095975,8179400.0
2017-10-27,95.97573852539062,96.04583100656671,95.59414239048051,95.74211078509012,10480900.0
2017-10-30,96.89466094970703,96.92581249451285,96.22491759025604,96.45855120552486,9051600.0
2017-10-31,96.92582702636719,97.08158477374867,96.87910267292801,96.98034075256308,4424300.0
2017-11-01,97.35740661621094,97.66176997619552,97.00621995596188,97.045237388138,8940400.0
2017-11-02,97.78662109375,97.95830847948342,97.49005770520793,97.55249272954643,7222700.0
2017-11-03,98.05194854736328,98.09877183259712,97.66173862606556,97.91927860311347,10984100.0
2017-11-06,98.41876220703125,98.50460887946342,98.11439889718326,98.27828637524512,6246700.0
2017-11-07,98.83238983154297,98.94164815687934,98.4343739583135,98.51242072280992,6422700.0
2017-11-08,98.61388397216797,98.95727072030598,98.4968197667452,98.79337726023442,3356200.0
2017-11-09,98.3329086303711,98.52020774155787,97.98172205262948,98.23145618558897,6280400.0
2017-11-10,96.85011291503906,97.42762200081002,96.74085460027514,97.32616955256682,11981000.0
2017-11-13,97.05303955078125,97.40422619762214,97.01401616596223,97.39642628396437,5880800.0
2017-11-14,97.70858001708984,97.73979753107409,97.37299918442409,97.37299918442409,6195900.0
2017-11-15,98.76993560791016,98.85578226886814,98.05195076547166,98.37972567778519,9568200.0
2017-11-16,97.91149139404297,98.59045892996177,97.90368552697299,98.34072477091095,5894900.0
2017-11-17,98.63729095458984,98.67631433926167,98.30171009046288,98.38755677343484,6938800.0
2017-11-20,98.59825134277344,98.62946885454664,98.26267648800737,98.26267648800737,4232300.0
2017-11-21,98.91044616699219,99.33967962256669,98.57486527103386,99.18359202320637,5818400.0
2017-11-22,99.23038482666016,99.26940224656691,98.7309166004587,98.81676326003685,4140700.0
2017-11-24,98.9572525024414,99.13674575746346,98.87140583121113,99.0587049529264,3141400.0
2017-11-27,98.81680297851562,99.15238388607807,98.66071537375791,99.00410215009157,6079900.0
2017-11-28,98.9494400024414,99.25380328762442,98.69970587218532,98.93382827010153,5983000.0
2017-11-29,97.97393798828125,98.08319632363082,97.63055124624964,97.98954377013145,14547100.0
2017-11-30,97.64614868164062,97.95831190598909,97.11546286446364,97.79442442696659,9630000.0
2017-12-01,98.96383666992188,99.85533181555878,97.82991321886364,98.43206711232344,24583100.0
2017-12-04,99.01073455810547,99.05765346118915,98.38512134097078,98.47114330748406,9609200.0
2017-12-05,99.50347137451172,99.70679670895112,98.88567952600685,98.90132314896822,10958900.0
2017-12-06,99.84754180908203,100.27764590367761,99.83190415518288,99.99612636944225,11834200.0
2017-12-07,99.0655288696289,100.17599322920887,98.76836571215992,100.04304632138705,13056800.0
2017-12-08,99.07331085205078,99.11240795462814,98.72140113111074,98.99510471431479,4786100.0
2017-12-11,98.86997985839844,99.38610573282405,98.85434221153899,99.20624594563418,3863800.0
2017-12-12,98.83088684082031,98.85435226293086,98.27565784335565,98.66666468379198,7502400.0
2017-12-13,99.57380676269531,99.62072567591088,98.99511232367836,99.16715629385685,8532900.0
2017-12-14,99.99609375,100.08211573411673,99.15151752392181,99.35484275604234,6885000.0
2017-12-15,100.37150573730469,100.55918146804864,99.75370797004013,99.94921147795651,7239400.0
2017-12-18,99.45646667480469,100.09771743849348,99.24532567724997,100.07425799057505,7239700.0
2017-12-19,98.16619110107422,98.8309016360667,97.80646546997583,98.78398271740355,11045800.0
2017-12-20,97.07919311523438,97.5249407446973,96.93060858331613,97.21213402995501,10005800.0
2017-12-21,97.64498901367188,97.84874427889388,97.17478961454474,97.19829868766463,7026900.0
2017-12-22,97.7782211303711,97.83307763292565,97.59014254717128,97.72336462781655,3974300.0
2017-12-26,98.06819915771484,98.37382915613239,97.93497705151468,97.94281540450042,3168400.0
2017-12-27,99.34557342529297,99.51014893972672,98.50704904206293,98.514887394872,9059700.0
2017-12-28,99.25936126708984,99.39258335123806,99.0320968994138,99.15748063187374,5297100.0
2017-12-29,99.41607666015625,99.6198319193627,99.11828511124648,99.13395583322718,7580500.0
2018-01-02,98.34244537353516,99.14178967310362,98.013306416729,99.12611297292658,16238200.0
2018-01-03,98.8126449584961,98.89884887293479,98.34244559359095,98.7421177442695,8605100.0
2018-01-04,98.7969741821289,98.86750737522549,98.24840925319687,98.46783522476969,9217900.0
2018-01-05,98.5148696899414,98.88319447992544,98.24058718003104,98.64025939670631,10915400.0
2018-01-08,98.4521713256836,98.76563960250705,98.09168489995514,98.7342921769337,8850600.0
2018-01-09,97.13562774658203,97.82525928201275,97.02591472574736,97.80958257680139,16226400.0
2018-01-10,97.01806640625,97.11994105773496,96.12468568119657,96.24223105640606,14302600.0
2018-01-11,97.41773223876953,97.63715824347095,96.63406451974434,96.7908016508955,12511000.0
2018-01-12,97.58231353759766,97.79390719550065,97.1042816718074,97.25317449076071,9987100.0
2018-01-16,97.98981475830078,98.17789334148195,97.61365161302808,98.09168941191759,9125900.0
2018-01-17,97.85658264160156,98.46000410775547,97.644989025677,98.02115213237082,8327000.0
2018-01-18,96.94752502441406,97.38637699860499,96.8143029578075,97.11993286539185,10843900.0
2018-01-19,96.4381332397461,96.82996704095282,96.37544437552411,96.70458333359952,11374300.0
2018-01-22,96.53217315673828,96.94751601929059,96.38327440265003,96.7437607735239,8984700.0
2018-01-23,96.94752502441406,97.33152050183112,96.57920026939965,97.02589059424676,12325700.0
2018-01-24,96.42245483398438,96.49298204270441,96.03062106400505,96.2735560881414,9038900.0
2018-01-25,97.21395874023438,97.2923242968498,96.23437433526995,96.5164951222124,12173300.0
2018-01-26,96.85347747802734,97.10425685408856,96.46948202152505,97.08074180340077,6462900.0
2018-01-29,96.17952728271484,96.3676058328236,95.84254997519412,96.3676058328236,12223000.0
2018-01-30,95.61528015136719,95.89740094975053,95.37233914342605,95.82686776070022,12064400.0
2018-01-31,96.17952728271484,96.33625841132059,95.56042916057632,96.28924026852073,18045100.0
2018-02-01,94.78565979003906,96.22275950303971,94.73068905742288,96.18349811766272,18632800.0
2018-02-02,93.9061279296875,94.440131899183,93.63912294925949,94.35374846357634,23944400.0
2018-02-05,94.7934799194336,95.66516264137849,93.167910571469,93.58411825122752,28606200.0
2018-02-06,94.20455169677734,94.91917730269347,94.01608144555075,94.56578884136219,10935400.0
2018-02-07,93.30928802490234,94.49509196876386,93.10510847365735,94.33802847112932,16271100.0
2018-02-08,93.2071762084961,93.5919711894609,92.54752167834108,92.67317244269755,15155100.0
2018-02-09,92.61820220947266,93.5212916196765,92.50040611511965,92.75170165377223,15661600.0
2018-02-12,93.02655029296875,93.68620479164237,92.81452212743382,93.10507902126473,10944600.0
2018-02-13,93.44275665283203,93.45846599308871,92.97157829821472,93.14434509289123,8157600.0
2018-02-14,92.40620422363281,93.08941704531021,92.24914669723736,93.0265916382078,12043300.0
2018-02-15,92.72032928466797,93.29360066443203,92.6575038748438,92.81456739940423,8222400.0
2018-02-16,93.222900390625,93.61555012994599,92.93233742663803,93.48205065650313,8454100.0
2018-02-20,92.81452941894531,93.06582496404897,92.49255381887211,92.88520348255648,8268800.0
2018-02-21,91.67584991455078,92.89306637626314,91.49523440842867,92.85379900987542,12054300.0
2018-02-22,91.9507064819336,92.39833290435266,91.88003240977845,92.06850259355129,9317900.0
2018-02-23,92.76737213134766,92.90872619621042,92.44540264498899,92.5710473741136,9072900.0
2018-02-26,92.798828125,93.3799539914277,92.69674136047784,93.19933249427122,8771600.0
2018-02-27,92.66533660888672,93.18363713017878,92.08421668400484,93.0736896933379,12525700.0
2018-02-28,93.25428771972656,93.31711309885311,92.86163808722245,93.03440488414152,9311600.0
2018-03-01,93.89087677001953,94.12694406498487,92.97022512584795,93.19055139931389,12287700.0
2018-03-02,93.12763977050781,93.5840335371753,92.94665996874046,93.52108143071565,10064300.0
2018-03-05,92.87580871582031,93.48171204767725,92.5610542839997,93.44236549240912,5658200.0
2018-03-06,92.96237182617188,93.38728943371441,92.9466368052,93.13548707407163,5452000.0
2018-03-07,92.86007690429688,93.38728714383383,92.82073034766924,93.30072952200638,4461800.0
2018-03-08,93.39517211914062,93.63123348513818,93.05681209144578,93.09615265072408,7086700.0
2018-03-09,92.7813949584961,93.06466736890306,92.52958658757079,92.84434104778542,6570400.0
2018-03-12,93.31645202636719,93.37153959963382,93.00170362932893,93.09612574706406,5801300.0
2018-03-13,93.78857421875,93.93021338005192,93.00169132339259,93.09611342863384,7455300.0
2018-03-14,94.61481475830078,94.74071892596619,93.93023035780385,93.95383588838082,10175000.0
2018-03-15,94.61481475830078,94.81153551769712,94.3708829377505,94.55973318580746,6757900.0
2018-03-16,94.27645874023438,94.43383895637372,94.0718734644153,94.26859423200845,6084300.0
2018-03-19,93.97745513916016,94.40237276190487,93.79646937257847,93.8043398850669,8491200.0
2018-03-20,93.59970092773438,93.81216263265186,93.50527883971678,93.56823090068782,5446000.0
2018-03-21,93.70207214355469,93.96960960485546,92.93879432222401,93.37158257249716,9742400.0
2018-03-22,94.63057708740234,95.07122976656356,94.16631286890679,94.66991764607461,12136600.0
2018-03-23,94.55975341796875,94.6699165865261,94.1269712567627,94.17418232801802,7250400.0
2018-03-26,94.19776916503906,94.78006094088977,94.16629312263615,94.42596596987921,8237900.0
2018-03-27,95.2049560546875,95.30725466923079,94.27643403483201,94.29217505404166,9168500.0
2018-03-28,95.45680236816406,95.71647527395986,95.17352392610368,95.56696553969392,7412500.0
2018-03-29,95.92103576660156,96.22791964629928,95.61415188690384,95.63775741558202,9694300.0
2018-04-02,96.1103286743164,96.48884263427114,95.54256675879725,95.69239006237751,12036500.0
2018-04-03,95.3690414428711,95.7948672131084,95.28229882210388,95.70023725874253,9855000.0
2018-04-04,95.17192077636719,95.77911323663383,95.1009467911924,95.69237059712802,6654300.0
2018-04-05,94.46221923828125,94.84072713795317,94.44644456630141,94.70667250749747,7603700.0
2018-04-06,95.49522399902344,95.53465465706154,94.80128893797855,95.14825947663786,8831200.0
2018-04-09,95.6529769897461,95.6529769897461,94.90383631605572,95.13252098383852,6307500.0
2018-04-10,95.47944641113281,95.71601228840368,95.24287451758879,95.57407035553189,6046000.0
2018-04-11,95.81855773925781,96.11821034502904,95.62929776229973,96.08666701553604,5901300.0
2018-04-12,95.11670684814453,95.47155867067714,94.95110892987778,95.44790268467806,6622800.0
2018-04-13,95.33753204345703,95.51889866684306,95.02210476628906,95.03787342282375,4964000.0
2018-04-16,95.3690414428711,95.39269742739437,94.76973043109936,94.80916108282001,4491300.0
2018-04-17,95.6292953491211,95.87375464245434,95.27444342976041,95.35329874336558,5590400.0
2018-04-18,94.86438751220703,95.68448995279758,94.84861284049886,95.64506530607612,8138400.0
2018-04-19,94.09154510498047,94.25714297942902,93.68937540059312,94.17040037620289,9875800.0
2018-04-20,93.41343688964844,93.9417741524769,93.38978089523452,93.75252018089027,7579400.0
2018-04-23,93.43707275390625,93.53959006264719,93.11376420611106,93.31090547212183,7073200.0
2018-04-24,93.01126098632812,93.40554357807393,92.86143769253164,93.21628961859292,8190800.0
2018-04-25,92.38829040527344,92.77468562139568,92.21480511991571,92.5854316811301,6603800.0
2018-04-26,93.03487396240234,93.15315386456793,92.72732816795664,92.83773277043073,6528600.0
2018-04-27,93.75247955322266,93.79979152154783,93.39762775823844,93.42128374240103,5401800.0
2018-04-30,93.91807556152344,94.28081468265887,93.7919083097806,93.9023069111578,8321100.0
2018-05-01,93.5798568725586,93.91968164927832,93.43760197622878,93.86436063567996,7979200.0
2018-05-02,93.47714233398438,93.94342476040238,93.46133890931907,93.76165221428076,4644000.0
2018-05-03,93.89592742919922,94.29107905515095,93.79319017708447,93.91963556203066,6345300.0
2018-05-04,94.03817749023438,94.22785460234454,93.64302588430739,94.22785460234454,4283500.0
2018-05-07,93.88804626464844,94.06190794771345,93.84062396059758,94.02239639546357,3647800.0
2018-05-08,93.80113983154297,94.04613202754064,93.49292189801744,93.69049780563833,6091200.0
2018-05-09,93.23999786376953,93.58772725997852,93.23999786376953,93.35063985750008,7832500.0
2018-05-10,93.99079895019531,94.0303165384624,93.53242145626173,93.69048577979267,7101500.0
2018-05-11,94.22785949707031,94.33059674931549,93.90383226920159,94.29898389565497,4273400.0
2018-05-14,93.73001861572266,94.03823657965329,93.72211389036734,93.88808297513502,4996200.0
2018-05-15,92.66307067871094,92.92387223943695,92.22840141083425,92.90806279540347,12901000.0
2018-05-16,92.30744171142578,92.88435983050786,92.29953698896892,92.79742597209223,6518000.0
2018-05-17,91.84114074707031,92.32322621607004,91.74630218562378,92.1730666678302,7330300.0
2018-05-18,92.63145446777344,92.69468018254662,92.07824453734808,92.07824453734808,9606500.0
2018-05-21,92.67884826660156,92.76578209595125,92.42595149836647,92.56820630734462,4448500.0
2018-05-22,92.53659057617188,92.74207107819409,92.34691951328526,92.69465481985603,4700700.0
2018-05-23,93.20838165283203,93.34273177902615,92.98709767332731,93.05822208265259,9634000.0
2018-05-24,93.95130157470703,94.09355648172102,93.76163037520128,93.80114797197022,8204100.0
2018-05-25,94.53608703613281,94.70994870489903,94.4175403300599,94.48866473598208,8482800.0
2018-05-29,96.60670471191406,96.82798874221464,95.17625720922986,95.46076697091279,21668100.0
2018-05-30,95.9586410522461,96.00606335814523,95.4212344785037,95.6267150586355,11616300.0
2018-05-31,95.80056762695312,96.40119982721201,95.58718235799601,96.06926785656049,10769900.0
2018-06-01,95.29443359375,95.61920781421645,94.9379670081088,95.19145153757574,8718800.0
2018-06-04,94.60523223876953,95.16765062698198,94.5577057969206,95.14388740605752,7156500.0
2018-06-05,94.82701873779297,95.18348513861164,94.7557290837561,95.02505361262176,5635900.0
2018-06-06,94.05867767333984,94.34384848334872,93.80519318039273,94.32800834659135,7813300.0
2018-06-07,94.96961212158203,95.44489465265978,94.01112397157075,94.01904705942654,13238300.0
2018-06-08,94.68450927734375,94.93799387855482,94.613219566167,94.70827251440267,6790600.0
2018-06-11,94.51021575927734,94.5735884059024,94.21712784484589,94.32010386295043,6844200.0
2018-06-12,94.53397369384766,94.62903265845878,94.17751315276473,94.20919947430178,6048200.0
2018-06-13,94.48638916015625,94.77155983517034,93.97149732785059,94.62105141126175,8834700.0
2018-06-14,95.27064514160156,95.2944144106978,94.64486005697425,94.88249835601653,10078800.0
2018-06-15,95.3577651977539,95.9201836022438,95.29439862130323,95.71423165257416,7992800.0
2018-06-18,95.27064514160156,95.50036639449176,95.08845638335715,95.43699980754182,4893700.0
2018-06-19,95.82514953613281,96.03110756979889,95.61126841252465,95.82514953613281,6133300.0
2018-06-20,94.98548889160156,95.68256975880517,94.97756580119378,95.66672357798963,6879100.0
2018-06-21,95.48452758789062,95.65087621259998,95.2310431059221,95.34194218906165,7235800.0
2018-06-22,95.47660827636719,95.54790400037643,95.10430160671679,95.12806483353754,4082500.0
2018-06-25,95.69046020507812,95.9360215320226,95.56371497598087,95.5795611513906,8363700.0
2018-06-26,95.82514953613281,95.87267598869157,95.57958813985006,95.6667179550255,5450000.0
2018-06-27,96.72818756103516,96.78363710305734,96.2845912248577,96.44301676105057,8173400.0
2018-06-28,96.7519302368164,96.83906607627871,96.50636889481113,96.7440071486256,7109500.0
2018-06-29,96.41924285888672,97.03711084259052,96.36379332300423,96.77570329762472,11164700.0
2018-07-02,96.34382629394531,96.66140089642715,96.29619222360414,96.65345986562637,9662000.0
2018-07-03,96.85986328125,96.88368031126066,96.48671365846864,96.48671365846864,3808800.0
2018-07-05,97.13774108886719,97.28064932963665,96.86780666587521,96.90749969778138,3860400.0
2018-07-06,97.45533752441406,97.59030476623155,97.24097814371756,97.45533752441406,4679900.0
2018-07-09,96.82810974121094,97.02659307687033,96.7804756789665,96.91544289347952,5952700.0
2018-07-10,96.82018280029297,96.96309106505188,96.70903260072843,96.7566727271358,5759700.0
2018-07-11,97.19335174560547,97.29656699223865,96.93135219878202,97.21716878491074,6869100.0
2018-07-12,97.1854248046875,97.23305888723579,96.97105931875362,96.99487636002776,4824700.0
2018-07-13,97.43153381347656,97.55062506669827,97.23305041051795,97.34420063159615,4079000.0
2018-07-16,97.02657318115234,97.09008928927447,96.57403151093378,97.02657318115234,5517100.0
2018-07-17,96.84400939941406,97.16951897928982,96.78049326672502,97.09012684204441,3764300.0
2018-07-18,96.45494842529297,96.8916141337782,96.37555631208564,96.87573207679877,6330000.0
2018-07-19,97.06633758544922,97.21718087221494,96.67730570431782,96.70112880381785,6166700.0
2018-07-20,95.87543487548828,96.53439524001801,95.82779473478448,96.52646026426189,10469500.0
2018-07-23,94.69245910644531,95.57372589911907,94.62100798893634,95.57372589911907,11571800.0
2018-07-24,95.0179672241211,95.12911743621244,94.58924238152638,94.7003925936177,9053500.0
2018-07-25,94.86711883544922,95.47845106513624,94.68451750976362,95.28790265063954,7357900.0
2018-07-26,94.6845474243164,95.17678250753507,94.60515525514252,95.04181521421603,6821100.0
2018-07-27,94.8432846069336,95.1688002131059,94.79565054055959,95.15291815282707,4542000.0
2018-07-30,94.51777648925781,94.80359300629236,94.45426036164318,94.47013636493118,7111200.0
2018-07-31,95.03384399414062,95.16087627025647,94.92269378115543,95.10530116376387,6797400.0
2018-08-01,94.25961303710938,94.56198003305035,93.94928725763037,94.1243440708284,13312600.0
2018-08-02,94.39485931396484,94.4823876995249,94.13228022805632,94.3869066031115,4451100.0
2018-08-03,94.86434936523438,94.92004870626165,94.53810603152256,94.55402359797199,6162400.0
2018-08-06,94.92003631591797,95.35767220378487,94.90411875154632,95.11896337515894,4200200.0
2018-08-07,94.42669677734375,94.76885156842408,94.3471271663239,94.71315223363297,5346900.0
2018-08-08,94.52220916748047,94.71317749902467,94.37898140112887,94.41876925263857,5640900.0
2018-08-09,95.31787109375,95.34970014526287,94.78474814014379,94.87227651411148,7144100.0
2018-08-10,96.01020050048828,96.32052636207263,95.70782735377297,95.77944428301728,8457900.0
2018-08-13,95.81126403808594,96.04201416234399,95.6521186945599,95.68394776326511,7923200.0
2018-08-14,95.5964126586914,95.93060875057061,95.50888424356489,95.91469725271747,4251200.0
2018-08-15,96.15338134765625,96.38413746704491,95.93854279278938,96.01015969159309,7649800.0
2018-08-16,96.14543914794922,96.2250087669412,95.70779713733413,96.12952158168714,5400400.0
2018-08-17,96.2647933959961,96.59103064419675,96.08177781473286,96.35231572442254,3537600.0
2018-08-20,96.9093017578125,97.00478892665119,96.71037470914405,96.78994431445709,5603700.0
2018-08-21,96.58305358886719,96.70241102617315,96.33638600366723,96.57510087827917,4695000.0
2018-08-22,96.96501922607422,97.11620575398888,96.74222186121442,97.07641790850411,5309600.0
2018-08-23,97.11619567871094,97.17984772580097,96.90135104861875,97.07640783735394,5328700.0
2018-08-24,97.30717468261719,97.3390037450552,96.67060557540296,96.7740515460197,6092200.0
2018-08-27,96.75021362304688,96.97301714860528,96.69451425935111,96.90140021198195,6407400.0
2018-08-28,96.16930389404297,96.35231340011889,96.02607615978805,96.28070256837765,4929300.0
2018-08-29,96.29663848876953,96.40008447744273,95.97835995037993,96.232986423556,5613300.0
2018-08-30,96.50347900390625,96.6467067071225,96.34433980956426,96.52734927598044,5302900.0
2018-08-31,96.28067016601562,97.01272008549961,96.19314179838489,96.98884981628585,9677500.0
2018-09-04,95.72406768798828,95.77989252839183,95.5007683263741,95.66824284758474,18343600.0
2018-09-05,95.4688491821289,95.62037632740982,95.3412521790898,95.5087266680818,9422600.0
2018-09-06,95.81975555419922,96.01913082331555,95.4529057891592,95.50873062113376,9566000.0
2018-09-07,95.00630187988281,95.22163057970401,94.89465221495716,95.1658057472412,11212600.0
2018-09-10,95.35720825195312,95.38113231193486,95.03820658847829,95.03820658847829,6386400.0
2018-09-11,94.63148498535156,95.03820617216093,94.58363078114704,94.96643399253009,5440000.0
2018-09-12,94.85478210449219,95.03820394889166,94.82288133058564,94.94250771162254,3347200.0
2018-09-13,94.99834442138672,95.35721752491266,94.88669474098081,95.17378957313082,4833000.0
2018-09-14,94.54373931884766,94.83084014536425,94.34436408290277,94.43208967347447,5579500.0
2018-09-17,94.54373931884766,94.75906189651043,94.20081366964448,94.24866177924746,5433000.0
2018-09-18,93.55482482910156,94.16092719211007,93.43520456652317,94.15295047978859,10182300.0
2018-09-19,92.9966049194336,93.39535547441463,92.66165591351766,93.39535547441463,13379600.0
2018-09-20,93.42725372314453,93.54688010329487,92.88495273965339,92.9726783461336,8657300.0
2018-09-21,93.38738250732422,93.53093295625612,93.18003050676683,93.20396065196452,6173800.0
2018-09-24,93.14816284179688,93.52298337633414,93.08436127165974,93.10030862196771,5505500.0
2018-09-25,93.05240631103516,93.1002544185543,92.82910703001372,92.89290856300529,6650900.0
2018-09-26,93.70641326904297,93.77021484047353,93.03651502238031,93.25183772039253,9512700.0
2018-09-27,93.77017211914062,93.8259969475956,93.38736894941367,93.49901860632363,5758500.0
2018-09-28,93.52296447753906,94.03337085104236,93.4830930675999,93.98551664088342,12807700.0
2018-10-01,92.8364028930664,93.37991371071062,92.81242546108605,93.24403753080567,22442400.0
2018-10-02,93.40385437011719,93.6196572710044,93.19603987806217,93.25198922999752,8266900.0
2018-10-03,91.78131866455078,93.00421601959587,91.30974032029177,92.93227765269917,20829200.0
2018-10-04,91.1338882446289,91.42962399230456,90.88611343588698,91.22180951831568,16207400.0
2018-10-05,90.35063934326172,90.89415015207848,90.01494310494016,90.63038620852969,18096500.0
2018-10-08,90.04689025878906,90.40656382969259,90.03090124344695,90.31064803170774,5855900.0
2018-10-09,90.95806884765625,90.99802918990088,90.37459174907669,90.43054110663725,11530800.0
2018-10-10,90.71025085449219,90.78218919799393,90.15075750734587,90.43050418091903,15290100.0
2018-10-11,91.81328582763672,92.03708322765671,90.95006205782667,91.11791010784167,16086800.0
2018-10-12,91.49358367919922,91.92519561616764,91.34171852600036,91.42963981490259,6794100.0
2018-10-15,91.45360565185547,91.77331883480672,91.34970145905555,91.64543722043928,7146300.0
2018-10-16,91.66141510009766,91.6933870264386,91.24579225370832,91.42962320764192,4762300.0
2018-10-17,91.11795043945312,91.74938258215613,91.10196751724365,91.6454783427333,5880700.0
2018-10-18,91.08594512939453,91.42963576222643,90.75824351093934,90.81419286521326,5728800.0
2018-10-19,90.88616180419922,91.07798736795651,90.64638137400878,90.99806055789303,10892400.0
2018-10-22,90.76622772216797,91.18185670442764,90.74225029973414,91.07794640985173,3244200.0
2018-10-23,91.05400848388672,91.93321557662514,90.99006459764493,91.72540709337626,10330700.0
2018-10-24,91.74134826660156,91.77332019517279,91.3097363779228,91.40565216363647,16008000.0
2018-10-25,91.35771179199219,91.70939086594231,91.30176243263493,91.54953729578523,12613200.0
2018-10-26,91.90923309326172,92.17299703599647,91.74937948446603,91.86127823022788,18582500.0
2018-10-29,91.701416015625,91.93320189721929,91.32575336238283,91.78933122359514,7679900.0
2018-10-30,91.24580383300781,91.54952802475788,91.13389902760285,91.32573060999233,9939500.0
2018-10-31,90.78221130371094,91.0859354664023,90.48647554933821,90.9100929150467,8706400.0
2018-11-01,90.86634826660156,90.98652635667924,90.40964707301647,90.41766098329582,6100200.0
2018-11-02,89.73664855957031,90.74618756745622,89.65652777449264,90.67407458190948,11314800.0
2018-11-05,90.08915710449219,90.30548376285891,90.01704414315527,90.12120663032837,4760200.0
2018-11-06,90.03308868408203,90.32152835735678,90.00103915229339,90.21736585083787,3159900.0
2018-11-07,90.15326690673828,90.8583443813768,90.06513833523162,90.69008892388074,9313100.0
2018-11-08,90.14524841308594,90.51380881618121,90.06512764942565,90.50579490596846,6905100.0
2018-11-09,90.81829071044922,90.93847493954202,90.31352428364808,90.33755990690187,6465300.0
2018-11-12,91.41117095947266,91.58744030685195,91.26695725287769,91.29900066801719,6840000.0
2018-11-13,91.3551025390625,91.3551025390625,90.92244911442246,91.10672629291292,6525800.0
2018-11-14,91.41117095947266,91.75569574403517,90.7782126488978,90.9224324683152,8690800.0
2018-11-15,91.3711166381836,91.77172658164486,91.08267698986567,91.69160581551712,7879600.0
2018-11-16,91.89991760253906,91.98805227818426,91.2749670754714,91.49930766336004,9236700.0
2018-11-19,92.15631866455078,92.15631866455078,91.66758010450141,91.66758010450141,7027200.0
2018-11-20,92.18834686279297,92.50883600059773,92.08419049095572,92.33256666916401,6332600.0
2018-11-21,92.15631866455078,92.2124038181842,91.77173650044254,92.05216226860965,4951100.0
2018-11-23,92.25247192382812,92.74923053312943,92.2124084779983,92.67711755320046,3027900.0
2018-11-26,92.04411315917969,92.18833294377576,91.96399241503096,92.02809145547832,6599000.0
2018-11-27,92.14830780029297,92.34059887594961,91.94800281357725,91.98806014322655,5967200.0
2018-11-28,91.69959259033203,92.1562875766642,91.6274857511949,92.02008169419102,7814000.0
2018-11-29,92.06018829345703,92.3406140985233,91.8118059122634,92.07621000539335,7295600.0
2018-11-30,92.40471649169922,92.47682336723935,92.12429067655822,92.38868866636298,9127800.0
2018-12-03,93.06079864501953,93.06079864501953,92.08104734505449,92.09710623026406,9763800.0
2018-12-04,94.6187973022461,95.30141344159765,93.66313103094885,93.80768554150633,18100500.0
2018-12-06,94.9159164428711,95.72702188528045,94.867727532713,95.19699288959745,15319400.0
2018-12-07,95.09261322021484,95.18897880516649,94.37786707877704,94.61076078742384,8608400.0
2018-12-10,95.48611450195312,95.79128238071381,95.11669881913507,95.46202310718357,8777700.0
2018-12-11,95.47002410888672,95.87156358699325,95.25319548659192,95.54230440098911,8071900.0
2018-12-12,95.04438781738281,95.34152921994337,94.95604864708119,95.22909866265144,6182200.0
2018-12-13,94.81952667236328,95.22909863208429,94.74725251141561,95.13272695714821,5564200.0
2018-12-14,95.14881896972656,95.38170652798871,94.94001667827654,95.20503426430838,8169200.0
2018-12-17,95.70294952392578,95.80735374418958,95.22913572337173,95.23716210415492,9726800.0
2018-12-18,96.27608489990234,96.42903382476354,95.74479865500325,95.84944436375324,10018800.0
2018-12-19,97.54795837402344,97.93435338445116,96.53367684549846,96.68662576610073,23046300.0
2018-12-20,97.19378662109375,98.23221693369194,97.13743797505548,98.2161199526275,18543700.0
2018-12-21,97.17766571044922,97.57210613558784,96.91201952673656,97.51575750342519,9945100.0
2018-12-24,97.66063690185547,97.74113405563428,97.33059672890059,97.50768801059832,8377500.0
2018-12-26,96.61416625976562,97.71699642837702,96.57392074915461,97.39500163578963,11700400.0
2018-12-27,96.63028717041016,97.70896286143075,96.58199009216773,97.61236870494591,12146500.0
2018-12-28,97.44332122802734,97.44332122802734,96.83153163341636,96.92008036980246,9879100.0
2018-12-31,97.81362915039062,97.85387467434985,96.96839330720242,97.12134226625636,17409000.0
2019-01-02,98.32879638671875,98.33684794631394,97.67675517339947,97.9343559481215,19841500.0
2019-01-03,99.44771575927734,99.70531037201897,98.39318877298197,98.44148584363977,21187000.0
2019-01-04,98.29660034179688,98.6588406984859,97.92630842518076,98.48174322933455,12970200.0
2019-01-07,98.00680541992188,98.73129227351076,97.90215970722488,98.70714373531459,8498100.0
2019-01-08,97.74923706054688,98.1597807448958,97.71703695378005,97.95853468375998,7737100.0
2019-01-09,97.59624481201172,97.74919371594687,97.24205607771826,97.61234792902577,9349200.0
2019-01-10,96.96834564208984,97.73308391990808,96.8717453772965,97.6284320976639,8222900.0
2019-01-11,97.34672546386719,97.62041710431897,97.14547944299105,97.26622828382496,5786900.0
2019-01-14,96.9844970703125,97.41113770465665,96.79129644448193,97.32258895320311,6730500.0
2019-01-15,96.63028717041016,97.05692773899415,96.55783541150555,97.04887617877343,8997400.0
2019-01-16,96.72689056396484,96.91203346417987,96.20364968060987,96.26804373981356,6048400.0
2019-01-17,96.75100708007812,97.02469863034241,96.50950947798917,96.7751556119792,8153400.0
2019-01-18,96.24388122558594,96.69467642380467,96.1070354250286,96.46927575392516,14106400.0
2019-01-22,96.89593505859375,97.17767825577921,96.6544373801256,96.84763183797547,8881100.0
2019-01-23,96.85565948486328,97.09715710370615,96.4612191061902,96.50146461497096,5776800.0
2019-01-24,97.4916000366211,97.6123488492061,97.16960525024099,97.3306057142009,7121900.0
2019-01-25,97.02471923828125,97.20181669855657,96.85567333752948,97.07301631234164,6460800.0
2019-01-28,96.92816162109375,97.35480231353013,96.92816162109375,97.03280736817763,6435800.0
2019-01-29,97.41917419433594,97.4352773157833,96.91203641648842,97.02473370045453,5750100.0
2019-01-30,97.34672546386719,97.38697712465888,96.86373624207269,97.27427370275036,10571300.0
2019-01-31,98.18386840820312,98.35291425775098,97.80552506522234,97.84577670910741,11843400.0
2019-02-01,97.59090423583984,98.08305462935175,97.49408564590627,98.01044530346604,12024600.0
2019-02-04,97.15522003173828,97.2601083657933,96.83249758654048,97.17135953947843,8966200.0
2019-02-05,97.59894561767578,97.8087160905068,97.34883869399638,97.4053146495181,6983300.0
2019-02-06,97.64735412597656,97.95394316783269,97.40531694892017,97.91360056061447,5184000.0
2019-02-07,98.2928466796875,98.35739242043908,97.80876593489187,97.99432724527688,8781000.0
2019-02-08,98.7123794555664,98.80919806450837,98.48647552345565,98.6397701154253,5885400.0
2019-02-11,98.32513427734375,98.57524136594176,98.22831565171474,98.31706451968594,4352800.0
2019-02-12,98.07498931884766,98.22828388766739,97.78453969130476,98.15567455849146,7939600.0
2019-02-13,97.70384979248047,97.93782341962647,97.55056139604741,97.74419240783695,4757700.0
2019-02-14,98.26053619384766,98.59132221658406,98.09110830579951,98.54291600726124,5868900.0
2019-02-15,98.41383361816406,98.44610032171383,98.05883832493201,98.0749716767069,5527200.0
2019-02-19,98.66394805908203,98.86564882635743,98.38963181476966,98.76883024211443,5872800.0
2019-02-20,98.3815689086914,98.49452084672741,98.09918290818241,98.38963250753757,4455800.0
2019-02-21,97.50216674804688,97.75227992896235,97.38114503540002,97.67966443920623,7382500.0
2019-02-22,98.08306121826172,98.38964420718439,97.96203951156973,98.00238213227362,6374600.0
2019-02-25,97.79261016845703,97.86522565358872,97.55863651368539,97.76033730344511,6293500.0
2019-02-26,98.27665710449219,98.28472685683055,97.9135982696934,98.21211755203778,6028900.0
2019-02-27,97.16328430175781,97.72804393241518,97.04226262221171,97.71998033441888,7737300.0
2019-02-28,96.83250427246094,97.31659105139134,96.58239728398756,97.26817868024685,9533400.0
2019-03-01,95.93750762939453,96.64090524119962,95.92133402428234,96.47920620061576,13541100.0
2019-03-04,96.68943786621094,96.83496950644962,96.26092975007047,96.4468892447628,9808500.0
2019-03-05,96.89154815673828,96.91580856629751,96.43069906988859,96.438785873075,5595200.0
2019-03-06,97.24729919433594,97.44133930325565,96.93198170418248,96.95623594674446,7766700.0
2019-03-07,97.87789154052734,98.03959670121067,97.51406572372689,97.53831995572409,8187200.0
2019-03-08,98.29024505615234,98.3872681654603,97.70811873714857,97.92641919098597,7517600.0
2019-03-11,97.99919891357422,98.16898475802887,97.8132456323052,98.15281732121448,5157800.0
2019-03-12,98.68643951416016,98.82389049949929,98.0396371100985,98.07197815556513,6422300.0
2019-03-13,98.50049591064453,98.6055996924408,98.33071003154701,98.36305108019764,4386300.0
2019-03-14,97.78897094726562,98.44386615845951,97.76471671137365,98.38727088523754,8188400.0
2019-03-15,98.43582153320312,98.59752062071321,98.15284504584807,98.42773472830018,4302000.0
2019-03-18,98.37918090820312,98.53279928845646,98.24981676305886,98.29024460052193,3893300.0
2019-03-19,98.16087341308594,98.33065920442117,97.74044616637107,97.90214515761764,5220200.0
2019-03-20,99.18769836425781,99.32514315608924,98.41961872197861,98.42769935555276,10123700.0
2019-03-21,99.40596771240234,99.51915823824683,99.23618192363563,99.41405451236868,7182600.0
2019-03-22,100.95026397705078,101.28983570392607,100.30345540054415,100.4247327796921,13077000.0
2019-03-25,101.11194610595703,101.8234366546613,100.66727068143959,100.90981923069745,9736300.0
2019-03-26,101.03915405273438,101.297876131204,100.75617774322399,100.82085363652571,7502000.0
2019-03-27,101.9689712524414,102.14683772642923,101.31407596279995,101.4030122840053,14207200.0
2019-03-28,102.32471466064453,102.42982459107196,101.88003920438966,102.07407929132955,9143200.0
2019-03-29,102.22769927978516,102.25195351997424,101.5808907554346,101.61323179849444,10841400.0
2019-04-01,100.775634765625,101.57781906195628,100.62978251338168,101.52109908508466,16501500.0
2019-04-02,100.96202850341797,101.07546849171045,100.67842853268678,100.8647977603191,9725000.0
2019-04-03,100.0868911743164,100.37049726033455,99.9653527740392,100.15982039649698,10407000.0
2019-04-04,100.3705062866211,100.38670934744377,100.02208174979283,100.15172478241868,7503400.0
2019-04-05,100.50012969970703,100.61356964936458,100.13550217323832,100.16791447057099,6321800.0
2019-04-08,100.14358520507812,100.43528965418304,100.0868652389751,100.3380589591565,4446400.0
2019-04-09,100.4596176147461,100.75131592279355,100.28945151053259,100.65408521411558,7020300.0
2019-04-10,100.70274353027344,100.89721121260675,100.5568912230194,100.69463890708816,7519900.0
2019-04-11,100.11121368408203,100.49204434120416,99.99777371268142,100.41912129473869,8679300.0
2019-04-12,99.39813232421875,99.71414448299657,99.36572002818855,99.57639686137821,7005500.0
2019-04-15,99.64933776855469,99.65743620700272,99.43866091063838,99.48727626938289,3070000.0
2019-04-16,99.02544403076172,99.36576401671614,98.96872403310266,99.2685332675955,8927300.0
2019-04-17,99.06591796875,99.3171055376488,98.94437340308453,98.96057646023367,6118500.0
2019-04-18,99.58448028564453,99.74653554929088,99.4872434182495,99.51155108959524,27589400.0
2019-04-22,99.1064224243164,99.31709924598944,99.04970245486747,99.23607160134998,6241200.0
2019-04-23,99.31710815429688,99.422443483575,99.17125590805831,99.3495204514625,6239700.0
2019-04-24,100.12736511230469,100.14356816471447,99.73842385234259,99.75463308676396,7302000.0
2019-04-25,99.9815902709961,100.16795951897112,99.74660564616514,100.06261795976143,5380900.0
2019-04-26,100.32186126708984,100.49202118498106,100.18411364527505,100.45961507091799,5950700.0
2019-04-29,99.68177795410156,99.94917488261135,99.54403026923877,99.8519441318923,10246000.0
2019-04-30,100.19222259521484,100.26514562802859,99.60881360465032,99.62501666238217,7957400.0
2019-05-01,100.60553741455078,101.05212808735915,100.36193799666218,100.43502030002497,14371900.0
2019-05-02,100.12646484375,100.53245976235412,99.90723031349974,100.42690331371374,6612800.0
2019-05-03,100.41065979003906,100.58929233895306,100.17518200898238,100.41065979003906,6191700.0
2019-05-06,100.68672180175781,100.99527565450238,100.62988277112092,100.9384366238655,4482500.0
2019-05-07,101.45813751220703,101.612417578623,101.00342514170701,101.11710323433202,8984900.0
2019-05-08,101.01963806152344,101.74230837396428,100.93031870200922,101.6205086841731,6907600.0
2019-05-09,101.43377685546875,101.74233698236742,100.93846252070212,101.58805691891808,9411900.0
2019-05-10,101.29571533203125,101.86410564547758,101.16579400610648,101.40939339472051,6037800.0
2019-05-13,102.09149932861328,102.25389484091775,101.70174142609417,101.82354115781838,10501600.0
2019-05-14,101.79106140136719,102.02653923205618,101.66114003478357,101.91286113379138,5690400.0
2019-05-15,102.4162826538086,102.52996074287402,102.12396579764288,102.48124333184347,9566300.0
2019-05-16,102.07523345947266,102.17267446227552,101.92907505276352,102.15643119764655,7666400.0
2019-05-17,102.30260467529297,102.55432575420231,102.0590114248858,102.53808248718043,4747100.0
2019-05-20,102.09149932861328,102.61928784109865,102.02653864569481,102.40817491410118,6043100.0
2019-05-21,101.92906188964844,102.08334190874835,101.74230773546493,101.98590091852901,4021800.0
2019-05-22,102.51372528076172,102.57868595981677,102.08337162325694,102.12396740142285,5675300.0
2019-05-23,103.66670227050781,104.0077363878311,103.02522979554914,103.03335142548212,9743700.0
2019-05-24,103.75605773925781,103.75605773925781,103.43938220648896,103.57741898846704,4981900.0
2019-05-28,104.50312805175781,104.66552360100184,104.0078135730725,104.15397824038247,8098600.0
2019-05-29,104.81974029541016,105.47744992543818,104.74666420095787,105.29069577628943,13260600.0
2019-05-30,105.72105407714844,105.74541277640058,104.65734957654021,105.01462701887748,13024800.0
2019-05-31,107.04466247558594,107.10149534303513,106.21642905714783,106.2895051967195,18933600.0
2019-06-03,107.7606201171875,107.87453147906034,107.0364666562657,107.3293833604255,17822400.0
2019-06-04,106.53201293945312,107.20734915538529,106.22283198926729,106.90630029861677,14250000.0
2019-06-05,105.92990112304688,106.54827535650172,105.87293923047974,106.19840915498874,8815200.0
2019-06-06,106.2716064453125,107.06898581740069,106.03565167744118,106.56452309032109,9621100.0
2019-06-07,107.19109344482422,107.45960153374624,106.94699405349412,107.23176633053691,11378500.0
2019-06-10,106.18213653564453,106.3448652962956,106.03568437568116,106.3285886956079,8288700.0
2019-06-11,106.24722290039062,106.39367504984695,106.03567676826225,106.11703493504652,5115100.0
2019-06-12,106.32861328125,106.38557518912353,106.01943228914574,106.092658386059,5278700.0
2019-06-13,106.6947250366211,106.79235979264432,106.41807253554461,106.42621704215082,5560400.0
2019-06-14,106.9632797241211,107.16669383157078,106.66221840261552,106.67036291277708,5838800.0
2019-06-17,107.15037536621094,107.20732483803424,106.6947299299966,106.90627604955127,6046400.0
2019-06-18,107.68741607666016,108.10237631936312,107.3619461080021,108.0047415364706,10320700.0
2019-06-19,107.84199523925781,107.98845982207284,107.06089218227513,107.28871494184584,11962500.0
2019-06-20,108.12678527832031,108.63124821170612,107.88268590508498,108.1430618806453,10721500.0
2019-06-21,106.9388656616211,107.83389275959108,106.89819276977826,107.81761615360637,14495000.0
2019-06-24,107.73625183105469,107.83388663058841,107.467743716925,107.53283772175146,6378800.0
2019-06-25,108.06982421875,108.28950245726485,107.98845363124993,108.04540311017315,9604600.0
2019-06-26,107.37818908691406,107.97215452253786,107.30496302267399,107.9558779253492,12766800.0
2019-06-27,108.1349105834961,108.28950725735383,107.39449283222287,107.65485637602875,9724200.0
2019-06-28,108.06165313720703,108.28134373710607,107.76873647581013,107.87451573046624,8149200.0
2019-07-01,107.80895233154297,108.22472646337077,107.27903095279981,108.07798704264131,14131200.0
2019-07-02,108.64049530029297,108.74648205882824,107.98830354248935,108.07798177515141,10494300.0
2019-07-03,109.41498565673828,109.48019487527169,108.84429925661642,108.85245973875261,5380300.0
2019-07-05,107.96388244628906,108.06172120518706,107.34429502550937,108.05356071874877,12180100.0
2019-07-08,108.11063385009766,108.60793836959485,108.11063385009766,108.46934693822887,6490000.0
2019-07-09,108.06982421875,108.19211950647009,107.74372833101786,108.16765049711749,6215700.0
2019-07-10,107.4747314453125,107.97203593494626,107.21384469151408,107.89866620035237,9470000.0
2019-07-11,106.03987121582031,107.13230629768668,105.78713255679507,107.05077609287045,14126800.0
2019-07-12,106.16218566894531,106.34969026809428,105.72194233557558,105.91760742149172,6992000.0
2019-07-15,106.77357482910156,106.83879649371917,106.34964022896747,106.34964022896747,6055500.0
2019-07-16,106.45561981201172,106.47192833700677,105.95016749500218,106.12136346829134,6172700.0
2019-07-17,107.60513305664062,107.62958962534607,106.83879406450893,106.84694210749066,9662200.0
2019-07-18,107.61326599121094,107.87415260712221,106.99367893805946,107.18118341839661,5724900.0
2019-07-19,107.36053466796875,107.55618718068744,107.21378284367181,107.27900449449734,5804800.0
2019-07-22,107.56436157226562,108.01275270482907,107.40131364399515,107.99644418007416,5204100.0
2019-07-23,106.97735595703125,107.40129043071462,106.77354298080459,107.28715566161797,8108900.0
2019-07-24,107.44210815429688,107.53178641574706,107.18123385538279,107.28722064794147,6389700.0
2019-07-25,106.9284896850586,107.13230275058832,106.39856825082393,107.00185940310634,8893100.0
2019-07-26,107.18122100830078,107.43394723125024,107.00186450689866,107.36872555439831,6188400.0
2019-07-29,107.21380615234375,107.57251908999075,107.124127917932,107.46654476914824,6231800.0
2019-07-30,107.4747314453125,107.69485308885928,107.14862300306447,107.613322868356,5678500.0
2019-07-31,108.33888244628906,108.69759546453373,107.33612555602399,107.36873017597195,15798700.0
2019-08-01,110.490478515625,110.59667622592134,108.85672895177979,108.96292666207611,26664800.0
2019-08-02,111.51160430908203,111.51160430908203,110.60487253979635,110.81726802194122,15143100.0
2019-08-05,113.43949127197266,113.45583227125994,112.45107894437325,112.84317567555556,18543000.0
2019-08-06,114.34620666503906,114.34620666503906,112.80231277018434,112.89216955621413,12747400.0
2019-08-07,114.38703918457031,116.86217017163045,114.18282037399091,116.32302952021436,32582000.0
2019-08-08,114.63207244873047,114.71375247158619,112.71241117602928,113.65998918572534,14746000.0
2019-08-09,114.4033203125,115.62863253477342,114.25627636427653,114.9097787090598,10626000.0
2019-08-12,116.78861236572266,117.16436786184056,115.5959694567115,115.76751868025926,14094300.0
2019-08-13,116.38831329345703,117.55645069163025,115.95537066417793,117.47475822913542,15974900.0
2019-08-14,119.01055145263672,119.04322097667618,118.21001723614125,118.57760858808625,15068900.0
2019-08-15,120.33384704589844,121.38762271289474,118.92065687063597,119.22289661387987,23588700.0
2019-08-16,119.36995697021484,119.68036101834433,118.31618115858723,119.31276973282104,17150500.0
2019-08-19,117.66268920898438,118.16916026962902,117.22974638368397,117.2787693620886,13614700.0
2019-08-20,118.87986755371094,118.95338334302241,118.31622157326596,118.67564871816006,7451500.0
2019-08-21,118.0874252319336,119.09217779809558,117.86686553440309,118.21812819821248,9372000.0
2019-08-22,117.30326080322266,118.20181586907066,117.20522732248503,117.63000583361757,13878800.0
2019-08-23,119.2310791015625,119.48430835430185,117.16437390817045,117.2379021303554,16191800.0
2019-08-26,118.74915313720703,119.50067688433221,118.68380162034477,119.15759076920077,12174500.0
2019-08-27,120.57891082763672,120.66876756994228,119.65583815345445,119.77837687361063,11332300.0
2019-08-28,120.734130859375,121.63268590571572,120.61976885476713,121.53466489163003,10095900.0
2019-08-29,120.27667999267578,120.35836001430503,119.36994824028442,120.28484425548169,8884900.0
2019-08-30,120.30933380126953,120.47270628772209,119.55781039197034,119.76202911616647,13550800.0
2019-09-03,120.46484375,121.65958347210446,119.94111966224862,120.36663689903168,15660800.0
2019-09-04,120.64484405517578,120.80032676596971,119.8674429877714,119.90836146217485,7962200.0
2019-09-05,118.45994567871094,119.31100509023241,117.7480115930965,119.1964408409776,19382900.0
2019-09-06,119.30281829833984,119.49921951282758,118.72181832948522,118.86910987542566,9466400.0
2019-09-09,117.18338012695312,117.83803839311734,117.17520142500692,117.69892554062473,15862700.0
2019-09-10,115.12935638427734,117.25697929538681,115.10480780162875,116.88873806909507,13851400.0
2019-09-11,114.92481231689453,115.50581226920866,114.8838938375536,114.89207253879508,10941700.0
2019-09-12,114.17193603515625,116.03770342921229,113.79550358458934,115.79220509071772,19163300.0
2019-09-13,111.73340606689453,113.50917143538663,111.73340606689453,113.1572873462711,18922200.0
2019-09-16,113.15726470947266,113.39458445184631,112.31439628635852,112.8299417732113,10971600.0
2019-09-17,113.77104949951172,114.23749797874764,112.94455064285937,113.22277649718893,9081200.0
2019-09-18,114.25379180908203,115.10485128427709,114.18014603331542,114.50746891665652,10984600.0
2019-09-19,114.59750366210938,115.37491749097089,114.54022776694414,115.186694939473,13176200.0
2019-09-20,116.111328125,116.18497386722156,114.92476760514789,115.19481447985552,11519800.0
2019-09-23,116.08682250976562,117.15064051965044,115.95588837298085,116.39778796298782,15246700.0
2019-09-24,117.48613739013672,117.71526585273585,116.53688376704623,116.54506246693737,12421600.0
2019-09-25,115.76763916015625,117.46974490237889,115.49759227692954,117.23242529898467,14147100.0
2019-09-26,116.51231384277344,117.01148914913799,116.11951156177146,116.42229821419745,9636500.0
2019-09-27,116.79875183105469,117.00333172898661,116.3159462687112,116.46325028823652,10386900.0
2019-09-30,117.085205078125,117.09338378142081,116.07048397379802,116.1032237601211,8006900.0
2019-10-01,117.43768310546875,117.97052948352032,115.69981263008263,115.79817888086312,16613700.0
2019-10-02,117.72460174560547,118.26564114357387,117.42129746572527,117.60164393171475,12891500.0
2019-10-03,118.79845428466797,119.41326826368577,117.97870231264423,118.02788542961807,13470500.0
2019-10-04,119.67555236816406,119.70833693168808,119.0279415356984,119.15091179285392,11516200.0
2019-10-07,118.68370819091797,119.2985222667136,118.62633204822438,118.99521799201689,11013900.0
2019-10-08,119.00334167480469,119.62634840559433,118.55247578022536,119.53618773509557,14529700.0
2019-10-09,118.33123779296875,118.54436886683379,117.88037157092134,118.53617584767882,8608800.0
2019-10-10,116.56871795654297,117.37207131810244,116.18343356194966,117.32288820533246,15054200.0
2019-10-11,115.1259765625,115.66701590182122,114.52756108572406,115.56863715294801,26294000.0
2019-10-14,115.96208190917969,116.0030594877714,115.6505722580051,115.97846793724902,5936900.0
2019-10-15,114.56033325195312,115.54403307515135,114.39638536615706,115.3145035333525,11832300.0
2019-10-16,114.69970703125,114.81447181961029,114.23245486022023,114.47017745452945,7729500.0
2019-10-17,114.42096710205078,115.07677109736463,114.19143757995406,114.37178399137588,6219300.0
2019-10-18,114.42096710205078,114.95380081225657,114.31439535664128,114.60950652911148,6456100.0
2019-10-21,113.56023406982422,113.93732546201915,113.31430598869028,113.59303115180036,8038000.0
2019-10-22,114.22423553466797,114.37999040900226,113.65041166219079,114.25703261790797,6683300.0
2019-10-23,114.33895111083984,115.01934644844977,114.2405849202899,114.78981699822195,5995400.0
2019-10-24,114.10952758789062,114.96207705879708,113.9701711857754,114.50300522377056,6161700.0
2019-10-25,113.55205535888672,114.39639895402735,113.37990192787845,114.38000041097338,5669800.0
2019-10-28,112.5191650390625,112.78149170647093,112.2978409854136,112.78149170647093,11402100.0
2019-10-29,112.59294891357422,112.91265171229064,112.44538704040009,112.81427296070002,5296600.0
2019-10-30,114.24060821533203,114.31438287328803,112.93720589109809,112.93720589109809,10914100.0
2019-10-31,115.78176879882812,116.14244914625772,115.11775921868943,115.15874931747655,15834100.0
2019-11-01,115.4254150390625,116.00846015184061,114.79310097905687,115.56501456629081,11425500.0
2019-11-04,113.90616607666016,114.25926833870763,113.75834679399962,114.11966889578815,11124300.0
2019-11-05,112.62516021728516,112.8633101282568,112.28026511576489,112.68264899932967,13493000.0
2019-11-06,113.30670928955078,113.6598241289712,112.78115321596184,113.33956359241301,9351900.0
2019-11-07,111.25376892089844,111.97641331836783,110.40795219669988,111.96820600666818,19209800.0
2019-11-08,110.78571319580078,111.63973732148115,110.67895548124767,110.9827889392857,10222900.0
2019-11-11,110.85958862304688,111.17984915563699,110.56396255217561,111.17164184514571,4577000.0
2019-11-12,111.36869812011719,111.6396896820182,110.68711556083453,111.08949924915595,5772900.0
2019-11-13,112.09136962890625,112.46911895195288,111.82037800089917,112.3459341045428,6672400.0
2019-11-14,113.2492446899414,113.68447027074134,113.0521564432551,113.15891414315766,10213300.0
2019-11-15,113.12603759765625,113.45451794422468,112.8550460105788,112.89610762018036,4657600.0
2019-11-18,113.33132934570312,113.82404358404472,113.26563327857468,113.49557577864604,5943900.0
2019-11-19,114.27574157714844,114.34143767035567,113.62700048813241,113.62700048813241,7893100.0
2019-11-20,115.45824432373047,115.45824432373047,114.77666146427809,114.89162649296594,7905500.0
2019-11-21,114.73564910888672,115.03127538534972,114.24293447136381,114.66995298853342,5980900.0
2019-11-22,114.88340759277344,115.19546090045046,114.70274647046026,115.04765408960247,4664800.0
2019-11-25,115.22010040283203,115.40076153303819,115.11334268127865,115.21189308973139,4157300.0
2019-11-26,115.8934555053711,116.04126229655819,115.73742887228686,115.78669780268255,4281100.0
2019-11-27,115.55674743652344,115.71277404214767,115.31039029765593,115.45820959307427,4095700.0
2019-11-29,115.31039428710938,115.52389713205076,114.78483822012323,115.4746282086216,6251100.0
2019-12-02,113.77298736572266,114.06912174224037,113.47685298920494,113.6331478756712,17702200.0
2019-12-03,116.15843963623047,116.61909001165434,115.10550835439992,115.19599414612827,13062400.0
2019-12-04,114.9986343383789,115.57444758109452,114.51330693036057,115.44282953939172,8586300.0
2019-12-05,114.43927764892578,114.70251376387182,114.0115377898217,114.06089142342688,7273800.0
2019-12-06,113.80587005615234,114.43925831613579,113.40279453015557,113.54263398567608,7931100.0
2019-12-09,114.05262756347656,114.43102624160822,113.98683110377024,114.33231900026324,4016900.0
2019-12-10,114.06092834472656,114.62852041849217,113.85527977027773,114.48866834228924,4947600.0
2019-12-11,114.9574966430664,115.27830775953373,114.52974430384775,114.58733190126361,6256700.0
2019-12-12,113.06561279296875,114.57096225120385,112.37463641758755,114.4969317577979,14857000.0
2019-12-13,114.37347412109375,114.84235876647203,112.88458086071331,113.6166890819088,11335100.0
2019-12-16,113.3451919555664,113.89634083632481,113.04905769130467,113.84697466579365,9156600.0
2019-12-17,113.18894958496094,113.79766116647805,112.86813839822398,113.69073247209204,6179700.0
2019-12-18,112.25936889648438,113.06550724858177,112.10307407732802,112.94212320808168,6244700.0
2019-12-19,112.43898010253906,112.76030444650068,111.85399856770289,112.05174146085882,6591100.0
2019-12-20,112.58732604980469,112.62028949871132,111.99410968820743,112.15890178899615,5455700.0
2019-12-23,112.42253875732422,112.85097556041839,112.05178169989736,112.71914691763997,5175000.0
2019-12-24,112.74382019042969,112.92508136210776,111.96110835192889,111.98582464153348,4667400.0
2019-12-26,113.01573944091797,113.05693745756992,112.47195579359929,112.80152735494528,5290200.0
2019-12-27,113.13934326171875,113.39475338640091,113.11461439209629,113.23820845272586,7300500.0
2019-12-30,112.7273941040039,112.79329585354445,111.77165530133873,111.96115111797828,7979700.0
2019-12-31,111.62334442138672,112.430785426062,111.5409609489046,112.22480788704976,10707400.0
2020-01-02,112.88389587402344,113.31233256112658,112.60376951286166,112.70263468224395,11034100.0
2020-01-03,114.62229919433594,114.65526261848285,113.60065933931105,113.92198357949835,12366000.0
2020-01-06,113.97145080566406,115.10845041913281,113.82314049562325,115.09196870204681,11369800.0
2020-01-07,113.41119384765625,114.08680600695214,113.40295927444564,113.88082852987912,8381200.0
2020-01-08,112.66146850585938,113.95500078996257,112.31542778198713,113.6419109375624,10621700.0
2020-01-09,113.05697631835938,113.23823759643675,111.97765579918206,112.05180471152083,7411500.0
2020-01-10,114.06210327148438,114.08681956592122,113.39473817795172,113.42768904657784,8776000.0
2020-01-13,113.71605682373047,113.7737239838756,113.19698952308245,113.60070993157183,5966900.0
2020-01-14,114.30105590820312,114.37521737912739,113.81495191858494,113.84790279420666,13920300.0
2020-01-15,115.05903625488281,115.14966686546401,114.5399814596177,114.95193649464682,6290500.0
2020-01-16,114.6965103149414,114.96015496304987,114.3092716305183,114.73769575517808,6798600.0
2020-01-17,113.71605682373047,113.81492199647548,113.17227322989619,113.35353442784096,9693100.0
2020-01-21,114.91075897216797,115.05905677673115,114.33402433463525,114.36697521169188,6794900.0
2020-01-22,115.31442260742188,115.46272033881391,115.0095674286727,115.11667972703317,6317000.0
2020-01-23,116.12190246582031,116.48442495553674,115.99007382012859,116.04775356707057,9747400.0
2020-01-24,117.0611801147461,117.44841897202244,116.41853106902659,116.51739628471456,8585000.0
2020-01-27,118.88195037841797,118.88195037841797,118.23106710853601,118.60182403805698,10935200.0
2020-01-28,117.95092010498047,118.7171501203009,117.67079381369331,118.58532154609584,10612900.0
2020-01-29,119.1044921875,119.21983914718626,118.17346935954079,118.1817165100099,9566800.0
2020-01-30,119.1209487915039,120.01900797191891,118.88200777205984,119.38459354151767,14711800.0
2020-01-31,120.20848083496094,120.28264229998521,119.54111565283719,119.60702997070838,14538100.0
2020-02-03,120.11109161376953,120.29265398833321,118.93919702788578,119.62418006051112,15309000.0
2020-02-04,118.49356079101562,118.95571501796798,118.06441218337775,118.83192820459081,11388300.0
2020-02-05,117.1978759765625,117.76732054863142,117.10709477532312,117.43721395835688,10782600.0
2020-02-06,117.7260513305664,117.91587457866768,117.18962498569321,117.33816917002403,6683100.0
2020-02-07,119.19503784179688,119.45088490524122,118.73288362471722,119.02173630677099,11374800.0
2020-02-10,119.5251693725586,119.87178507127213,119.40136995624424,119.74799824771704,6699300.0
2020-02-11,118.92268371582031,119.43435255762228,118.79063608156318,119.32706228069392,7784100.0
2020-02-12,118.3201904296875,118.46874712789905,118.00659312057824,118.32019042968751,5595500.0
2020-02-13,118.77410888671875,119.00518591509194,118.23768276929961,118.3779786370438,7883400.0
2020-02-14,119.2940444946289,119.73144121980852,119.21151158345175,119.467345978245,7137400.0
2020-02-18,120.11109161376953,120.53199193332958,119.59942269968491,119.94603834400907,6909200.0
2020-02-19,120.10284423828125,120.1771163213044,119.64893829854421,119.76447684749934,5707700.0
2020-02-20,121.04365539550781,121.26648422566454,120.49072004069842,120.5567438641803,9332900.0
2020-02-21,122.17433166503906,122.86757578871895,121.85247326905834,121.97627270921195,13860300.0
2020-02-24,123.99816131591797,124.5841149068763,123.7918415799514,124.47682461449133,15929300.0
2020-02-25,124.6584243774414,125.2443655513794,123.90741729101727,123.96519287893963,20802900.0
2020-02-26,123.99816131591797,125.21132237082209,123.44522593465841,123.75057511420661,22589500.0
2020-02-27,125.3433609008789,126.33369304288487,124.47681555434002,126.0200830373597,30687900.0
2020-02-28,128.174072265625,128.72700765339252,127.22500650611131,127.46433186183614,44935200.0
2020-03-02,127.23104858398438,129.34688052231567,127.08227245103912,128.355085877642,28152400.0
2020-03-03,129.20635986328125,131.99165249264738,125.92516367335108,127.12358256480422,38608000.0
2020-03-04,127.8343276977539,130.04934687791982,127.4376125503164,129.27243744781717,23463700.0
2020-03-05,131.0164031982422,131.26435500073046,129.60308675200582,129.86757203768732,17786200.0
2020-03-06,137.8350372314453,139.95086951399833,135.636550126992,138.27308004253533,76288300.0
2020-03-09,141.57081604003906,148.52166622400557,140.78564557784208,148.02577506378702,41552800.0
2020-03-10,134.31410217285156,142.9262044804778,133.91738690997275,140.20703329520614,37728300.0
2020-03-11,129.37171936035156,138.04994758418871,128.62787627142282,136.72754585791816,29519300.0
2020-03-12,130.1733856201172,137.49615562675697,128.65263290372457,135.14063217575617,24361800.0
2020-03-13,127.23104858398438,130.75192398654943,125.78467771552398,128.10713406363533,19812900.0
2020-03-16,135.47125244140625,137.32259937403674,130.42961100232114,132.55371632363645,30496700.0
2020-03-17,126.4375991821289,136.8928013778026,126.21445391054044,135.13235745604518,18570900.0
2020-03-18,119.30492401123047,127.39632931560534,114.89141759749265,126.32187999973131,47061000.0
2020-03-19,122.55305480957031,126.82604559848444,120.04876826027781,121.45381156274051,21175300.0
2020-03-20,131.76844787597656,131.76844787597656,125.7184946850005,126.70202841062516,20863100.0
2020-03-23,137.19862365722656,137.76890911072695,129.40475608966685,130.17339292779027,19971800.0
2020-03-24,134.64474487304688,136.74404350605127,132.57850059942461,133.2727556486367,11948600.0
2020-03-25,134.33895874023438,137.76065943030096,133.5785822103703,135.206784029232,10750600.0
2020-03-26,135.0001220703125,136.93412352948872,134.11577614962042,135.54561354177855,10576200.0
2020-03-27,138.6036834716797,139.05825980013262,136.03327471772522,136.80192425699218,12550000.0
2020-03-30,137.4630889892578,140.59550939220293,137.14901586081825,139.09955073112437,13473200.0
2020-03-31,136.3472900390625,137.9589575998911,136.00842304614835,136.9506296671982,11464800.0
2020-04-01,138.2576446533203,139.84682416056913,137.7279223607626,139.4495229689691,11334700.0
2020-04-02,139.13497924804688,140.06198990676057,138.4397086244386,139.7391906502747,5771200.0
2020-04-03,139.466064453125,140.9807419208948,139.16809490816087,139.50745156789833,6570800.0
2020-04-06,139.1018829345703,139.27570377089185,137.83551548140176,138.22453164069665,9434800.0
2020-04-07,137.64511108398438,137.74443003125864,135.50139294150716,136.53600740751793,13811400.0
2020-04-08,136.64361572265625,137.55408161783822,135.84903878647262,136.6601730924521,10147100.0
2020-04-09,136.8920135498047,137.22308538062546,135.55942859194275,135.9732746952591,14259100.0
2020-04-13,135.6421356201172,137.15681312290639,135.6421356201172,136.36222344143968,8750300.0
2020-04-14,135.6090545654297,136.35398494491503,135.31108493955108,135.6090545654297,9019100.0
2020-04-15,139.20123291015625,139.54887466021958,138.00936705259517,138.05902655129637,10027800.0
2020-04-16,140.7820587158203,140.97243687373503,139.896435286906,140.09507318445696,8265400.0
2020-04-17,138.8949432373047,141.40284809745816,138.44799527283817,140.55861165017998,8612100.0
2020-04-20,140.01235961914062,140.11995097402072,139.0191319020571,139.4164204629754,6462600.0
2020-04-21,141.7753448486328,142.48716041218972,141.3532265118261,142.30506717758843,7850700.0
2020-04-22,140.32687377929688,141.03041691910556,139.6399006427092,140.68278785000646,6230200.0
2020-04-23,141.07180786132812,141.47736880481284,140.38482207654823,140.60001742146713,5968600.0
2020-04-24,141.40284729003906,141.40284729003906,140.35168792215254,140.38479003320901,6211800.0
2020-04-27,138.77081298828125,140.50068585370312,138.58871977828161,140.42619662131457,9039500.0
2020-04-28,140.36817932128906,140.58338716488038,139.42461164508302,139.50738583562867,9905400.0
2020-04-29,139.63983154296875,140.92274320019425,139.01906294899405,140.31853197167166,8619600.0
2020-04-30,138.0093536376953,140.07029841093004,137.98452389075823,139.664737457907,11606100.0
2020-05-01,139.19114685058594,139.32375235004397,137.9397156450864,138.81820494857212,10209400.0
2020-05-04,138.53643798828125,138.96738692444396,137.97287089689996,138.8679391154768,8300900.0
2020-05-05,137.6496124267578,137.79879674233175,136.97003152189833,137.21866361721908,7831800.0
2020-05-06,135.4285125732422,135.61912501177576,134.30139149355935,135.27932827433813,14721500.0
2020-05-07,137.6910858154297,137.88169832039,135.3705401196346,135.55286952297286,9164800.0
2020-05-08,135.90093994140625,137.0777852329221,135.65230780467343,136.32361836763877,8129800.0
2020-05-11,134.8401641845703,136.09989147101322,134.34291239889322,135.63578474599737,8713500.0
2020-05-12,136.22409057617188,136.68819692410918,135.19643013315343,135.2212920699394,10057300.0
2020-05-13,137.17723083496094,137.81537098686056,136.60538077612657,136.8208551934746,13305600.0
2020-05-14,138.5198211669922,139.35686950358098,138.4452353307123,138.66900548550586,10080000.0
2020-05-15,138.16354370117188,139.63874572400857,137.84860866956794,139.4812782082066,7225600.0
2020-05-18,135.13018798828125,136.79600172934528,134.6080617898477,136.68825819101323,10073100.0
2020-05-19,135.63577270507812,135.66891776279692,134.65782278193132,134.6909804856088,8639100.0
2020-05-20,136.04183959960938,136.49766311303404,134.9893166138323,135.22965302311613,10927300.0
2020-05-21,136.381591796875,137.04460644964468,136.1578216643003,136.6302238724077,8920000.0
2020-05-22,137.20211791992188,137.30984882535748,136.42307640114575,136.51424110325692,4956700.0
2020-05-26,135.36228942871094,135.7435145299108,135.07221640504866,135.67722440914886,8098900.0
2020-05-27,135.1136474609375,135.84296519626542,134.74898859327354,134.91473917513204,8047400.0
2020-05-28,134.6163330078125,134.73237228251503,133.97819287267313,134.22682497597808,10272600.0
2020-05-29,135.57766723632812,135.99204974831343,134.55000670001297,134.84836261448044,14632700.0
2020-06-01,134.66490173339844,134.79767766140571,134.15870458730387,134.5155383110473,13341400.0
2020-06-02,134.17538452148438,134.50731187664962,133.81025683347244,134.15878435506104,11517100.0
2020-06-03,132.39122009277344,133.0467936138174,131.89332913551746,132.92231137784216,12255700.0
2020-06-04,130.4742889404297,131.95138670392544,130.44110128087132,131.87670497325954,14038600.0
2020-06-05,129.54481506347656,129.5863091129753,127.09681808952412,128.30006955175097,17778500.0
2020-06-08,130.0427703857422,130.1589461735171,128.66524842911733,128.68184858800265,10346700.0
2020-06-09,131.51988220214844,132.47418251482864,131.3622123312054,131.98458540353053,9095300.0
2020-06-10,133.46994018554688,133.5197279916841,131.98454909954623,132.14221892712024,13135500.0
2020-06-11,135.99267578125,136.28310896440337,134.95538727953118,135.4698783244755,17086400.0
2020-06-12,134.68154907226562,135.81011953127518,134.47409136040514,134.77283097197278,9716100.0
2020-06-15,134.75616455078125,136.27475577438312,134.54870694092648,136.0009102099099,7759800.0
2020-06-16,132.6898956298828,133.7935717454957,131.6941015342213,132.283286777221,13698900.0
2020-06-17,133.23760986328125,133.41187987471852,132.22521543659693,132.99696454123188,7113900.0
2020-06-18,134.64828491210938,134.83084862497205,134.10890018187465,134.4657211992467,7691400.0
2020-06-19,134.75616455078125,134.84744640560567,133.5280190458591,133.60270074647698,8565500.0
2020-06-22,134.77276611328125,135.61089030745768,134.4906267998604,135.42003284981507,9319700.0
2020-06-23,133.85171508789062,134.48238195876925,133.70233895450065,134.00107855906705,9088600.0
2020-06-24,135.2873077392578,135.3370955588852,134.03426785052267,134.04256159972306,11436500.0
2020-06-25,135.67735290527344,136.38271423908583,135.5943647499256,136.2665384189277,10968000.0
2020-06-26,137.12957763671875,137.18767188665277,136.24165235721307,136.29974660714709,12119300.0
2020-06-29,136.69796752929688,137.14608306656288,136.40753446689874,136.79755579436036,7274400.0
2020-06-30,136.03416442871094,137.16273488511067,135.6607430806684,137.1129470603335,14841700.0
2020-07-01,135.7699432373047,135.88625525173867,134.7148189568302,135.26315245790124,13181000.0
2020-07-02,135.91111755371094,136.03574566296518,134.78954063274142,135.17170307619364,7599800.0
2020-07-06,135.35452270507812,135.4376081369532,134.38248400201365,134.86435161736355,7972700.0
2020-07-07,137.257080078125,137.36507593496685,135.58715658592382,135.7699344077275,12791900.0
2020-07-08,136.70872497558594,137.01611822857777,136.11054541291386,136.517643711055,7253900.0
2020-07-09,138.8854217529297,139.11804572241525,136.75026331649684,136.8001094989501,13373100.0
2020-07-10,138.18756103515625,139.74947582280785,138.04632594774938,139.53345877860957,8478000.0
2020-07-13,138.64451599121094,138.7109818038934,137.27368237411824,137.49800290728933,8054000.0
2020-07-14,138.8438720703125,139.6912951606341,138.7275600914099,139.51682085375276,11344600.0
2020-07-15,138.19590759277344,138.70269844185125,137.7722021984535,137.8469715014993,7840300.0
2020-07-16,138.8522186279297,139.38393245894116,138.7774366645714,139.07652648683145,9107400.0
2020-07-17,138.56143188476562,139.07652609167198,138.30388478131246,138.96853023745277,8549900.0
2020-07-20,138.90208435058594,139.25932388673843,138.57807138733108,139.16793496494554,6907200.0
2020-07-21,138.9851531982422,139.34240540137003,138.81069151059995,138.99346934902647,8454400.0
2020-07-22,139.40057373046875,139.95722347104066,139.31750095092042,139.79105255782235,6592100.0
2020-07-23,141.02890014648438,141.1369086627537,139.97377610685845,140.33933169079538,10471800.0
2020-07-24,141.0205841064453,141.17012264451597,140.29777647460614,140.4140884521238,7520700.0
2020-07-27,140.4971923828125,141.4858506605184,140.39750001096198,141.44430794656185,6146400.0
2020-07-28,141.46923828125,141.51908446972686,140.7630501390089,140.85443904356885,8520700.0
2020-07-29,141.22833251953125,141.56064894516223,140.38921262766561,141.27817871566998,6733700.0
2020-07-30,142.1588592529297,142.2834747701003,141.85976933465847,142.10901304606145,9376100.0
2020-07-31,142.06744384765625,142.44961915755025,141.18679388488331,141.36125557642015,8886000.0
2020-08-03,141.35214233398438,141.38541855427223,140.53705261316497,140.76162268104974,9066200.0
2020-08-04,142.69955444335938,142.70786715310751,141.99258068881147,142.0840712606805,9878900.0
2020-08-05,141.4519805908203,141.8595191698619,141.13591990408477,141.44365518885684,6954100.0
2020-08-06,142.24205017089844,143.26507151118486,141.90935153382804,142.54147259868415,9481800.0
2020-08-07,141.29388427734375,142.64127888553,141.04436346700967,142.4582978040287,8176900.0
2020-08-10,140.66183471679688,141.60169141407982,140.6202584698986,141.57674058947603,6408500.0
2020-08-11,138.99002075195312,139.30608134889553,137.96699920284735,139.03992238491077,19234200.0
2020-08-12,137.7257843017578,138.1250227281577,137.22675530549392,137.81727485474647,11744800.0
2020-08-13,136.25369262695312,137.71752939803167,135.71306179013447,137.4929592753174,12744700.0
2020-08-14,135.7213592529297,136.52813637059018,135.70473383175406,136.2453519166699,6398100.0
2020-08-17,136.06234741210938,136.785959226268,135.92926791856766,136.37840803648118,6901500.0
2020-08-18,137.03546142578125,137.12695198719916,136.47820534847517,136.7027753976207,8140600.0
2020-08-19,136.1788330078125,137.74248583668344,135.82119603036313,137.54286653156277,12497700.0
2020-08-20,137.40977478027344,137.7757244032545,137.176879287597,137.55947971360737,10319900.0
2020-08-21,138.23313903808594,138.34126769856388,137.24338105999283,137.87550222443943,6836000.0
2020-08-24,138.0086212158203,138.87362544454822,137.95040685511174,138.33300731996488,6490600.0
2020-08-25,136.95237731933594,137.31001437671745,136.26204134572816,136.69454359123932,10518300.0
2020-08-26,136.42828369140625,136.67780452148668,135.80448796178348,136.44492179772004,8276600.0
2020-08-27,134.10775756835938,137.0853437832998,134.04121784001285,137.0354294686733,19860100.0
2020-08-28,134.00802612304688,134.78153984801872,133.60880019240915,134.54865699754976,8415400.0
2020-08-31,134.89794921875,135.77957875619845,134.37395658412441,134.40723280694914,11388100.0
2020-09-01,136.44082641601562,136.61569209089797,134.2092720645435,134.69222048915682,10587000.0
2020-09-02,137.7398681640625,137.85644111586203,136.13282584957636,136.14947005304856,15167700.0
2020-09-03,138.13119506835938,139.25530114536397,137.7564972778566,138.01462214008083,16416600.0
2020-09-04,135.5082244873047,137.14024459989514,135.2667439558925,136.89877677397237,13780300.0
2020-09-08,136.34100341796875,137.60664907789248,136.34100341796875,136.86557538939115,13790400.0
2020-09-09,135.97457885742188,136.76561028754455,135.52493137975534,136.50748544560406,9558900.0
2020-09-10,136.6656951904297,136.8488830224876,134.85047377426372,135.27514225107765,8847700.0
2020-09-11,136.95709228515625,137.03204198647808,136.6240305000316,136.81554039120363,5458200.0
2020-09-14,136.94879150390625,137.45671906385192,136.74894677842946,137.21523843238063,4274900.0
2020-09-15,136.61578369140625,136.94884566008164,136.38262506673385,136.69904283082525,6928500.0
2020-09-16,136.207763671875,137.2985561640768,135.70815804383653,137.20696222245306,8815200.0
2020-09-17,136.62405395507812,137.35680525473927,136.39090812436683,137.3068345434484,7813900.0
2020-09-18,136.1993865966797,136.75727212303033,136.00786398345213,136.6989793175714,7246300.0
2020-09-21,136.89048767089844,137.7231549017567,136.673998764853,137.2984991879967,11086900.0
2020-09-22,136.78228759765625,137.2902152579092,136.44921298941824,136.92383954159598,10524100.0
2020-09-23,136.96542358398438,136.99872467944775,136.12442163399942,136.80721479317563,6224800.0
2020-09-24,137.49000549316406,137.49000549316406,137.07367188863728,137.3567883958904,8278100.0
2020-09-25,137.49000549316406,137.73980819697877,137.148621593627,137.4816833950511,5140300.0
2020-09-28,137.09877014160156,137.30693712493562,136.8656241367078,137.28195810337587,4470100.0
2020-09-29,137.2568817138672,137.58995627422624,137.02373587436352,137.22358061057895,10297600.0
2020-09-30,135.94125366210938,136.55743201469016,135.3500670166347,136.55743201469016,12971000.0
2020-10-01,136.1654510498047,136.48219649591124,135.11520790764885,135.45694551572134,11523900.0
2020-10-02,135.6570587158203,136.42390507909565,135.18194033148856,136.37389529520036,8828800.0
2020-10-05,133.00640869140625,134.15667161988895,132.9647296412549,134.15667161988895,14726000.0
2020-10-06,133.72325134277344,134.54012014179082,132.2645734113795,132.80637570280885,22419400.0
2020-10-07,132.74803161621094,133.7149298211836,132.4146245821267,132.99809325110567,9429200.0
2020-10-08,133.46487426757812,133.57323728199142,133.08145743277726,133.3398498037656,8431500.0
2020-10-09,133.43984985351562,133.58989190680424,132.37293218951896,132.9647442418689,8441500.0
2020-10-12,133.86492919921875,133.93160040984327,133.45649490185417,133.72321790032933,3962000.0
2020-10-13,134.82351684570312,134.8902007914026,134.34839850209275,134.37341611055942,7914300.0
2020-10-14,135.1318817138672,135.65700969232438,135.00685729931007,135.3069286129058,6954800.0
2020-10-15,134.89854431152344,136.02381533411855,134.73184079079243,135.8987781545728,9458800.0
2020-10-16,134.52346801757812,135.29865788755396,134.28174980269534,134.74852478223747,8416300.0
2020-10-19,134.01495361328125,134.18165707108054,133.40648026891748,133.7815662286305,9286600.0
2020-10-20,132.7396697998047,133.37314810364813,132.48960822348278,133.2481236748172,11189000.0
2020-10-21,132.28128051757812,132.83974439556687,132.00621394149434,132.35629520596495,10453700.0
2020-10-22,130.9058837890625,132.2228626624369,130.83919986550023,131.9394528076328,12664900.0
2020-10-23,131.70606994628906,131.87278612023482,130.655826731186,130.7058364959064,8783800.0
2020-10-26,132.93141174316406,133.381525237978,132.5396514756518,132.7063677144204,7227300.0
2020-10-27,133.82330322265625,133.94832769048082,133.28150085186704,133.55656739974512,6062300.0
2020-10-28,133.94830322265625,134.5817943270208,133.53153811448453,134.51511038347388,11765800.0
2020-10-29,132.6480255126953,134.0566939041994,132.08956167865875,133.97333577788643,11932400.0
2020-10-30,131.33932495117188,132.82300729692264,131.33932495117188,132.55627159857465,13095400.0
2020-11-02,132.3231658935547,132.83216583696944,132.11455956809488,132.42329285543312,10810500.0
2020-11-03,131.5554962158203,131.82250569174894,131.0381438704191,131.71403906042778,16228700.0
2020-11-04,134.4092254638672,135.3187459621845,133.95862868312625,134.87650158291757,21570800.0
2020-11-05,134.64283752441406,134.95992314353572,133.991986951082,134.8764755388247,18537500.0
2020-11-06,133.01571655273438,133.4412687966734,132.62353571265987,133.19093870457857,12408400.0
2020-11-09,130.22044372558594,130.29553896611608,129.02722135164186,130.1453484850558,23245000.0
2020-11-10,129.46942138671875,130.01179269180065,129.1523357258483,129.30253888764113,12561000.0
2020-11-11,129.93670654296875,130.12028112445802,129.3108875785243,129.3526113892845,5888200.0
2020-11-12,132.14791870117188,132.172950439316,130.7627825053632,130.95469674190755,15999700.0
2020-11-13,131.9727020263672,132.25640355868603,131.76409571160585,132.13958453171244,7344600.0
2020-11-16,131.65554809570312,132.07276050891863,131.51369740308735,131.6138243079191,6310400.0
2020-11-17,132.51512145996094,132.80717549958138,132.3315468177407,132.48175003970437,7444600.0
2020-11-18,132.89891052246094,133.14924063900833,132.13124083541595,133.04076128429676,10333300.0
2020-11-19,133.5831756591797,134.10886780017555,133.3745692835239,133.48304867320817,10637200.0
2020-11-20,134.76797485351562,134.79300658450083,133.83342294389496,133.95024193259755,7246800.0
2020-11-23,134.15048217773438,134.33405665713164,133.74160943138364,134.19220596529053,11300000.0
2020-11-24,132.81546020507812,133.52472673215144,132.68194911465895,133.49969499423764,10891700.0
2020-11-25,132.40660095214844,133.43295324198166,132.35653747114577,132.88222948631307,9145800.0
2020-11-27,133.69154357910156,133.73326736590866,133.15751221198204,133.1825439376039,4708200.0
2020-11-30,133.52468872070312,133.95024087641104,133.30773007745557,133.53302838686082,13071600.0
2020-12-01,131.55596923828125,132.5917160605923,130.87103680450292,132.43301158226316,13662800.0
2020-12-02,130.5118408203125,131.07982223381995,129.86867490006685,131.03806864099502,12114300.0
2020-12-03,131.56439208984375,131.82333850138247,130.78759109114992,131.08829112990728,9626500.0
2020-12-04,129.63485717773438,130.1276670521015,129.2756945475253,130.04414708347974,12734500.0
2020-12-07,130.80421447753906,131.0380907160648,130.45338737445135,130.5953954970483,9316100.0
2020-12-08,131.4222869873047,132.03204747784815,131.30534888896565,131.6144095915949,7397200.0
2020-12-09,130.98797607421875,131.40561403479927,130.31139187202706,130.76244800682153,7750100.0
2020-12-10,132.14895629882812,132.21576712996563,130.99627190964927,131.33873795937544,10025100.0
2020-12-11,132.61669921875,133.13456596788762,132.2408277800116,132.51645748853815,8135900.0
2020-12-14,132.249267578125,132.54996748651934,131.23022970774988,131.5476387069722,7535900.0
2020-12-15,131.80657958984375,132.29938946160522,131.3972896862624,131.78987049808666,6847500.0
2020-12-16,131.45574951171875,131.88173571112762,130.62882162960625,130.78752611918046,9954200.0
2020-12-17,131.10794067382812,132.49594869305204,130.7985573990955,132.2200184657172,9422700.0
2020-12-18,130.7149200439453,131.5928773352447,130.5894902831332,131.37547085327557,6505000.0
2020-12-21,131.23333740234375,131.55943439172643,130.8152636847456,131.44237426114285,8988200.0
2020-12-22,131.9105682373047,131.9691046612399,131.34199430612583,131.74334136099284,7370800.0
2020-12-23,130.99916076660156,131.0158872805146,129.98742995021982,130.95735086111486,9266600.0
2020-12-24,131.5176239013672,131.63468403144623,131.14972974868832,131.1915269133901,3117100.0
2020-12-28,131.576171875,131.65142208837372,130.52263061197272,130.75675089264544,7791100.0
2020-12-29,131.4088897705078,131.5175802246728,130.73996949566146,130.76505288959132,9030900.0
2020-12-30,131.6931610107422,131.71824440167595,131.00751430230835,131.1245871381213,9097300.0
2020-12-31,131.88551330566406,132.17816997131192,131.65139307658401,131.65976271529118,7742100.0
2021-01-04,131.72659301757812,132.26172658825564,130.8904460159826,130.99914920893906,13152900.0
2021-01-05,130.74838256835938,131.23334965709182,130.15472497874796,131.23334965709182,10458100.0
2021-01-06,128.0643310546875,128.641274766962,127.33687418509983,128.61619136717582,22827300.0
2021-01-07,126.9355697631836,127.23658342055113,126.47568601462203,126.91884323816308,14651900.0
2021-01-08,126.52578735351562,127.06092099587356,125.97392719647989,126.65956119516079,13622500.0
2021-01-11,126.31682586669922,126.43388602203311,125.83185872071591,126.25828940973224,8370700.0
2021-01-12,126.21641540527344,126.392011928435,125.36354170159112,126.0826287932069,12186300.0
2021-01-13,127.63790130615234,127.98909445767498,126.73487330068588,126.81012350804185,12533300.0
2021-01-14,126.44225311279297,127.62958128663314,126.08270297614078,127.57941446724007,14835500.0
2021-01-15,126.94392395019531,127.39543800197684,126.65126721166739,127.25329445310861,11624700.0
2021-01-19,127.35354614257812,127.39535604384123,126.68462599814016,126.77660267748276,9575600.0
2021-01-20,127.47903442382812,127.49574818514101,126.91880445493616,127.08604413683632,5368900.0
2021-01-21,126.58433532714844,126.88534885619556,126.34185823141917,126.62614524257621,8162700.0
2021-01-22,126.9941177368164,127.10280826280457,126.6094841780695,126.96903432631133,9507200.0
2021-01-25,128.4907684326172,128.50749495289486,127.62953763796973,127.72987124244231,8712600.0
2021-01-26,128.2482452392578,128.43219862045132,127.86361196260081,128.01412507384646,7690300.0
2021-01-27,128.57435607910156,129.18473995112464,128.37367616181197,128.82520278606518,7895200.0
2021-01-28,127.86361694335938,128.31514353609285,127.22814972085936,128.2649639913282,10667800.0
2021-01-29,127.09442138671875,127.50413825928455,126.50912068205224,126.60945430039551,14965900.0
2021-02-01,127.24173736572266,127.54309988620854,126.81481245061227,126.95712075564907,8165500.0
2021-02-02,126.42133331298828,126.47992482393134,126.00277507654133,126.18694172244868,9177500.0
2021-02-03,125.29959869384766,126.06137781765628,125.21589470313171,125.92743610444897,9633100.0
2021-02-04,124.96479797363281,125.14059812627295,124.56298547624121,124.86434804263216,8262600.0
2021-02-05,123.91840362548828,125.20757069993279,123.91003705558795,124.81412476700133,10258900.0
2021-02-08,124.46247100830078,124.9480000951889,123.92671697680072,124.14437543463065,11574800.0
2021-02-09,124.5545883178711,125.29125510221351,124.44577183264752,124.91455514145193,5218300.0
2021-02-10,125.3832778930664,125.3832778930664,124.8475239741341,124.96471974473239,8079800.0
2021-02-11,124.69690704345703,125.391702651569,124.52110691928075,125.29961930526464,11962700.0
2021-02-12,123.14818572998047,123.96018960456308,123.0812148897345,123.64208130674012,14088400.0
2021-02-16,121.2730941772461,121.93442353389887,121.09730682053703,121.56609013627768,17789100.0
2021-02-17,122.04325103759766,122.53715965084075,121.36518848230772,122.17719278943946,11199100.0
2021-02-18,121.54932403564453,121.88417832940108,120.8126701361506,121.05542832241201,10755300.0
2021-02-19,119.93364715576172,120.81262176151735,119.58205986813549,120.59496336438198,12741700.0
2021-02-22,119.02119445800781,120.32710667111438,118.63612809674613,119.73274845258231,13203900.0
2021-02-23,118.67801666259766,119.2891081664817,118.15062914953637,118.46873752546348,12658500.0
2021-02-24,117.89949798583984,118.18411456207262,116.49314823971159,116.65220243624917,17363100.0
2021-02-25,115.97413635253906,117.12936142979109,114.35850733140744,116.79451987544473,52621700.0
2021-02-26,119.80811309814453,119.95880071496498,116.92843020533537,117.8408969263296,45423300.0
2021-03-01,118.22573852539062,118.51908696430111,117.41275743455712,117.89049412842493,22048000.0
2021-03-02,118.234130859375,118.28441624128267,117.58038252831236,117.67257665806119,12482200.0
2021-03-03,116.95179748535156,117.46305355013789,116.29806189939598,116.81770738756323,19763700.0
2021-03-04,116.19746398925781,117.28702730761883,115.62754603769332,117.02721101859665,22366600.0
2021-03-05,116.42375946044922,116.78414649187341,115.65268723597588,115.80354335459475,20598000.0
2021-03-08,115.51861572265625,116.4154016226098,115.51861572265625,116.35673960126037,15236600.0
2021-03-09,117.11946868896484,117.18652015296186,116.47410953815766,116.72554933095674,14463400.0
2021-03-10,117.35406494140625,117.46301230831013,116.73384890046978,117.16967673433732,12387600.0
2021-03-11,116.50760650634766,116.81772106638688,116.04664856160544,116.64170940859398,14150700.0
2021-03-12,114.03511810302734,114.37037528428854,113.6914842880173,114.320077115534,20402700.0
2021-03-15,114.70561218261719,114.89837705627713,114.32845906849886,114.39551050037036,11366500.0
2021-03-16,114.24468231201172,114.92356071720918,113.77533491033238,114.83975598905647,15567900.0
2021-03-17,113.38980102539062,113.59095540831174,112.43434008684277,113.27246416587629,27107500.0
2021-03-18,112.24150848388672,112.70247901139642,111.62968185032888,111.7302525876943,21615100.0
2021-03-19,112.93717956542969,113.0042310026051,112.14096453069695,112.37563816643387,18685000.0
2021-03-22,114.20270538330078,114.32843158361727,113.45677596758928,113.72498163059787,17047500.0
2021-03-23,115.23360443115234,115.27550037508432,114.1105092235329,114.47928560913185,16768400.0
2021-03-24,115.85385131835938,115.89576006684283,114.78105385870643,114.87324798986822,13863000.0
2021-03-25,114.94031524658203,116.21426720101087,114.89840649233153,115.98797015906318,20782000.0
2021-03-26,114.53800964355469,115.02412301643938,114.16923309938319,114.33685531343701,8433300.0
2021-03-29,113.5657958984375,114.69726835314968,113.12159122540392,114.68050229319842,13968100.0
2021-03-30,114.1608657836914,114.41229273091852,113.15510683975812,113.39816994041928,15020800.0
2021-03-31,113.52388000488281,114.47934074192175,113.12996074771489,114.26980976635396,19271300.0
2021-04-01,115.4079818725586,115.50030205983627,114.39247261874458,114.60229006199017,14885900.0
2021-04-05,114.90445709228516,114.95481124254938,114.09036417969698,114.60231938445611,8243000.0
2021-04-06,115.68498992919922,115.802487233406,114.98839419488561,115.1142923962651,9282400.0
2021-04-07,114.87931060791016,115.90322129008155,114.87931060791016,115.35768796904921,11052700.0
2021-04-08,115.82762145996094,115.87798840562601,115.28210120787841,115.30727827759047,7847900.0
2021-04-09,115.4079818725586,115.97869197743164,115.05549010465485,115.39959378507533,8717800.0
2021-04-12,115.35771179199219,115.42485495950433,115.06397484115759,115.36611269183732,7659000.0
2021-04-13,116.2221450805664,116.24732216452979,115.14788014396802,115.23181229467811,13232800.0
2021-04-14,115.85283660888672,116.02070087046303,115.45839145166887,115.84444851830597,7293200.0
2021-04-15,117.79154968261719,118.32028107464119,117.0445998944857,117.06977696999904,23896700.0
2021-04-16,116.8767318725586,117.27118978451261,116.59977124461788,116.74245840957444,15238400.0
2021-04-19,116.54104614257812,116.91871512485237,116.28087446159466,116.44033782897043,13886800.0
2021-04-20,117.07817077636719,117.29637637688514,116.18014568506362,116.19693467164025,11476500.0
2021-04-21,117.31315612792969,117.42226532272126,116.71728161693768,117.11172672360144,11902200.0
2021-04-22,117.82512664794922,117.8251266479492,116.82639319841834,117.49781182725168,14156400.0
2021-04-23,117.54813385009766,117.89223756416848,117.0697566919616,117.81670635071148,12302200.0
2021-04-26,117.38035583496094,117.9258764593491,117.37196774141255,117.62373861036112,9103500.0
2021-04-27,116.35639190673828,117.3467371627422,116.26407169479083,117.15369584287872,14137300.0
2021-04-28,116.43196868896484,116.56625501456546,115.78573975872857,116.36482552616455,15263700.0
2021-04-29,116.08787536621094,116.1214405438442,115.08914164882725,115.3577014886392,17178200.0
2021-04-30,116.35639190673828,116.43192313299242,115.80247063505358,116.24728270909752,15692000.0
2021-05-03,116.42615509033203,117.37591211573788,116.2244303147921,116.57743905322025,16447700.0
2021-05-04,117.21623992919922,117.80458788764446,116.96408713985879,117.24145392563089,18639700.0
2021-05-05,117.40955352783203,117.54403672779446,116.7623643499087,116.85481994675489,11127900.0
2021-05-06,117.60285186767578,117.8297906389265,116.99769036102214,117.03971795940521,21907600.0
2021-05-07,117.02291107177734,118.17440577345826,116.75395751172888,117.75415541555125,18346900.0
2021-05-10,115.83786010742188,117.03977044502696,115.72859086762936,116.78761756667477,15146200.0
2021-05-11,115.18223571777344,115.55205815943565,114.95530971268357,115.34193293803901,15158600.0
2021-05-12,113.971923828125,114.98052231354569,113.77019900103065,114.87125309574138,20859400.0
2021-05-13,114.14842987060547,114.6191083419549,113.99714585839735,114.2492858787442,13073900.0
2021-05-14,115.21582794189453,115.21582794189453,114.49299688682707,114.75355003021967,17566700.0
2021-05-17,114.97208404541016,115.29147841246007,114.78718569214328,115.0057112551116,6113800.0
2021-05-18,114.67796325683594,114.78723249538483,114.36698197792356,114.64433603342336,11423100.0
2021-05-19,114.40054321289062,115.40074103164801,113.9886932801605,114.76195233394236,14296000.0
2021-05-20,115.3418960571289,115.56043442551959,114.8712177637053,114.94685974121518,13310500.0
2021-05-21,115.71176147460938,115.73697547650302,115.19905539439466,115.7033610823203,10171600.0
2021-05-24,116.14039611816406,116.4766041381873,115.89665652554375,115.9807117368057,6868700.0
2021-05-25,117.21623992919922,117.24985431610025,116.51020955404131,116.51862276953428,12346900.0
2021-05-26,117.0145492553711,117.59449699246572,116.72878199579696,117.32553051872958,9793700.0
2021-05-27,116.54386138916016,116.56907539091901,115.98072730816855,116.40937816309538,10695200.0
2021-05-28,116.35893249511719,117.08176369419934,116.27487728533056,116.47660209380385,10258000.0
2021-06-01,116.33280944824219,116.37488469686157,115.5247617477269,116.00454287941965,11778500.0
2021-06-02,116.60221099853516,116.82105121084788,116.42545890029888,116.61904881286358,7347900.0
2021-06-03,116.16452026367188,116.58537572663589,116.02985627657537,116.58537572663589,10994000.0
2021-06-04,117.75536346435547,117.75536346435547,116.59381102087103,116.59381102087103,15773700.0
2021-06-07,117.39342498779297,117.5954402356012,117.26717348509383,117.49442618995229,7799800.0
2021-06-08,118.21823120117188,118.39499604840002,118.01622891117664,118.39499604840002,11230900.0
2021-06-09,119.2619857788086,119.64916549105814,118.89163103249308,119.32089884654856,12768300.0
2021-06-10,119.97747039794922,119.99430821273847,118.41188755327588,118.53815189896103,19698300.0
2021-06-11,119.78385925292969,119.85961014082308,119.38825415817007,119.78385925292969,8646700.0
2021-06-14,118.86636352539062,119.6070729107491,118.68959866079967,119.6070729107491,9401300.0
2021-06-15,118.7232894897461,118.75695226453844,118.24350825542973,118.51286182770949,18207300.0
2021-06-16,118.62232208251953,119.24519283051487,118.01630199376847,119.01792727005179,19676300.0
2021-06-17,120.39830017089844,121.98913297653566,119.21991025690302,119.40508764960042,35225800.0
2021-06-18,122.66250610351562,122.92343438552953,121.30735125905149,121.4420280637964,26616900.0
2021-06-21,120.60873413085938,121.61879735936833,120.38148146358357,121.53462114249676,16485000.0
2021-06-22,120.90331268310547,120.93697545669977,119.62390894728057,119.66599704688704,14530200.0
2021-06-23,120.59188079833984,120.785470639426,120.12052491909472,120.45720402041711,12040900.0
2021-06-24,120.78548431396484,121.12216345340383,120.64239503752897,120.71814591737986,8788400.0
2021-06-25,119.5313491821289,120.70132671071065,118.99265476990756,120.58348770939622,15562200.0
2021-06-28,120.76028442382812,121.0380506093685,120.1121633242339,120.12900114127942,11460700.0
2021-06-29,120.96226501464844,120.97067749901348,120.39830747500163,120.44882091165458,11217900.0
2021-06-30,121.50094604492188,121.98912695412871,121.26526807375784,121.41676983658351,15708900.0
2021-07-01,121.5076675415039,121.62566018567028,120.96827075956708,121.34753191151374,10810000.0
2021-07-02,122.24092102050781,122.24092102050781,121.45711540486943,121.55824829456851,9650200.0
2021-07-06,123.67367553710938,123.88437757968029,122.81400760255505,122.81400760255505,20037200.0
2021-07-07,124.76933288574219,125.20759679492303,124.07823677918185,124.37322482310304,20964400.0
2021-07-08,125.2581558227539,125.94926474865451,124.87889468889209,125.47729419449463,17487800.0
2021-07-09,123.49675750732422,123.88445516696703,123.46305081790491,123.78330937822882,14483600.0
2021-07-12,123.33659362792969,124.08669268353388,123.19331772520047,123.96870000715471,10610400.0
2021-07-13,122.39266204833984,124.28055788229311,121.9038315325777,123.74116090976906,23340200.0
2021-07-14,123.7833023071289,123.82544531167574,122.88992719578954,123.05848635373745,16038600.0
2021-07-15,125.14862060546875,125.24133004140376,123.91811471580728,124.69349687988407,18462400.0
2021-07-16,124.91268157958984,125.02223796430575,124.16258236004246,124.17942927446643,12787900.0
2021-07-19,127.65179443359375,128.06476241127956,126.94382544568948,127.22195382303786,40203900.0
2021-07-20,126.42127227783203,128.70528892215575,126.21899361250225,128.5535767080992,25674800.0
2021-07-21,124.8199234008789,125.15704160116515,123.61470075739734,124.88733675274815,19988900.0
2021-07-22,125.9998550415039,126.26112358629342,124.78620889517214,124.82835188696556,18136900.0
2021-07-23,125.15699768066406,125.29185005754972,124.64288424648916,124.68502722179474,12639300.0
2021-07-26,124.78622436523438,125.62903286464592,124.63452500825412,125.57846641231916,10737700.0
2021-07-27,126.11785888671875,126.16000188224949,125.57003852552917,125.85659031875952,13036500.0
2021-07-28,126.12629699707031,126.14315676928898,124.96322991874587,125.30034820169014,14346700.0
2021-07-29,125.42671203613281,125.76383014392363,125.18229047678771,125.39299250921485,11532000.0
2021-07-30,126.01677703857422,126.18533622874857,125.62907932695553,125.68808211664958,14342100.0
2021-08-02,127.14068603515625,127.61323182823304,125.88336657607846,126.11120575342161,21232700.0
2021-08-03,127.20823669433594,127.61327424074429,126.90445531555181,127.20823669433594,13361900.0
2021-08-04,127.46978759765625,128.11111081334602,126.33905112649816,127.84107727496973,18267900.0
2021-08-05,126.82005310058594,127.35167367588129,126.57534642955589,127.21665688280468,15345400.0
2021-08-06,124.70198822021484,125.52894326609997,124.62604612818478,125.15766652420666,21144300.0
2021-08-09,124.25479888916016,125.36022152541385,124.23791857098318,125.01424582029182,12942400.0
2021-08-10,123.68099212646484,124.52482774047881,123.67254552974254,124.45731934624854,13716900.0
2021-08-11,123.60503387451172,124.23791056832538,122.95528973951772,123.54597207856195,17227600.0
2021-08-12,123.40249633789062,123.57126084654759,122.71897883258391,123.2759132994679,14709400.0
2021-08-13,125.35173034667969,125.36016406394732,123.88345236014307,123.90033267058259,18653800.0
2021-08-16,125.65556335449219,126.59222139349167,125.57117464341098,125.89183629442813,19170900.0
2021-08-17,125.60491943359375,126.12809332375403,125.45302234799075,125.63023346854293,14126900.0
2021-08-18,126.0268325805664,126.12808871666454,125.26737293210809,125.48677839486396,13144000.0
2021-08-19,126.955078125,126.96352472255873,126.41502379358833,126.83694164237592,15474300.0
2021-08-20,127.03945922851562,127.25885186140363,126.66816948369735,127.0732069889945,12388400.0
2021-08-23,126.955078125,126.99727248506095,126.50784623535804,126.7441192006062,10615000.0
2021-08-24,125.96781921386719,126.63445676998921,125.96781921386719,126.37285683126068,13835900.0
2021-08-25,124.92134857177734,126.04365085408801,124.533191617536,125.90864701725326,16743800.0
2021-08-26,125.26739501953125,125.3686640493928,124.47418747781595,124.86235752781418,16657400.0
2021-08-27,126.1196517944336,126.14496582781526,125.16611361736686,125.36863876032736,15384700.0
2021-08-30,126.44876861572266,126.49095009459661,125.67242854025694,125.72306949154242,10596300.0
2021-08-31,125.58807373046875,126.65130211908439,125.3096063933741,126.2968926562125,15262400.0
2021-09-01,125.79840850830078,126.22086269939486,125.46045031233704,126.11947781906149,10807100.0
2021-09-02,126.34761810302734,126.35607543953444,125.6801460253118,126.09415585343996,9765900.0
2021-09-03,125.19850158691406,125.47732286381468,124.99573185264242,125.27455312954304,12928000.0
2021-09-07,124.14238739013672,124.64089315377143,123.91427140022924,124.42120871452515,15547800.0
2021-09-08,124.9873046875,125.20698914235646,124.53105978298623,124.75918868138322,14533700.0
2021-09-09,126.49968719482422,126.643320076336,124.91971260591568,125.19007659103221,20324600.0
2021-09-10,125.3844223022461,126.03500548852386,125.18165250350688,125.80687657266104,14894600.0
2021-09-13,126.14488983154297,126.30542457065216,125.84916658662756,125.9252052865365,15036100.0
2021-09-14,127.6741714477539,128.0628351749472,126.38146199322544,126.50819315845946,19918400.0
2021-09-15,127.22630310058594,127.79239015784812,126.67710492817685,127.75859949586346,11940300.0
2021-09-16,126.64335632324219,127.11650310182594,126.31384246727973,126.45747538990102,13328900.0
2021-09-17,126.03494262695312,126.19547723240707,125.63783477944328,126.04338706692842,13782900.0
2021-09-20,127.59806060791016,127.8937707903643,126.93057580229564,127.21785443488166,14660400.0
2021-09-21,127.4882583618164,127.54740815221551,126.9052693640292,127.3361810018452,10035800.0
2021-09-22,128.2486114501953,128.2486114501953,127.10799310271118,127.40370324067692,22277800.0
2021-09-23,125.3505859375,127.11644104995636,125.3336841630061,127.09109483435375,23853300.0
2021-09-24,124.12553405761719,124.91975025900926,123.98190113281184,124.91129292136701,20203900.0
2021-09-27,123.66921997070312,124.09167410780852,123.25522316739722,123.40730046846213,13464300.0
2021-09-28,121.74290466308594,122.57092456113314,121.36269828539918,121.94568741425189,26613500.0
2021-09-29,121.95407104492188,122.87501807417522,121.40488576127356,122.34273456776674,23569400.0
2021-09-30,121.93714904785156,122.09767076506525,121.37104924840956,121.75126822552511,22567600.0
2021-10-01,122.96340942382812,123.00569816957906,121.99052300715795,122.54041869709827,26151800.0
2021-10-04,122.65039825439453,123.05647868186446,121.905943288007,122.38814604622874,28027600.0
2021-10-05,121.46593475341797,122.41342919619223,121.36442117987605,122.32883885445517,22659200.0
2021-10-06,122.15125274658203,122.4304281551449,121.84669892893633,122.01589262570582,18696500.0
2021-10-07,120.8738021850586,121.2629463217314,120.6284603996939,121.13605430078357,14856000.0
2021-10-08,120.02782440185547,120.42543662377362,119.73172579961022,120.34928850036945,17257800.0
2021-10-11,119.7232894897461,120.04475363888837,119.66406459650975,119.79096954973697,7213400.0
2021-10-12,121.77056121826172,121.82977320203022,120.5354227305963,120.66232768207396,17968700.0
2021-10-13,122.95491790771484,123.11565641861351,122.31197677277024,122.33735517884371,23584600.0
2021-10-14,123.4117431640625,123.47942320996533,122.62497392550968,122.98028448501297,12946400.0
2021-10-15,122.69266510009766,122.78572355807371,122.21891764445593,122.66728669416328,11811500.0
2021-10-18,123.26789855957031,123.51322737249235,122.26117909300024,122.66724636309172,12115900.0
2021-10-19,121.56751251220703,122.43887223488561,121.52521086468226,122.37966025527128,12156300.0
2021-10-20,120.74688720703125,121.55056672633421,120.56077031936344,121.18680102412317,12782500.0
2021-10-21,120.60308074951172,121.10220657161545,120.32390539766159,120.97531455197857,13660000.0
2021-10-22,121.93131256103516,122.15971826213007,121.15301116304063,121.35603845290278,13740000.0
2021-10-25,121.74510955810547,122.07504157959178,121.50823594825086,121.54206950309712,8137900.0
2021-10-26,122.75188446044922,122.75188446044922,121.60134944483443,122.3458041664797,13671000.0
2021-10-27,124.98528289794922,125.3575038296279,123.45404588956849,123.85165813640626,22092300.0
2021-10-28,124.56227111816406,125.48438748798749,124.22387090769116,125.02755043101111,17497600.0
2021-10-29,124.94298553466797,125.20523768335033,123.78399523552952,123.91088727242396,19087300.0
2021-11-01,124.04338073730469,124.31443302454358,123.41655212759488,123.50126323772619,18035500.0
2021-11-02,124.5939712524414,125.00056909403791,124.09420927955154,124.09420927955154,9836700.0
2021-11-03,123.30644226074219,125.34784557839961,123.27255264690604,125.21232589835682,20639400.0
2021-11-04,124.60240936279297,124.82264009446304,123.54358539786475,123.5605172752336,15922400.0
2021-11-05,126.46601104736328,126.70318672045104,125.47495278658121,125.80530554017523,21513000.0
2021-11-08,126.22881317138672,126.44904399334386,125.79680454452509,126.17799166825066,12083800.0
2021-11-09,127.87210845947266,128.55822458995698,127.60104321404056,127.7365758367566,23430200.0
2021-11-10,125.53421020507812,127.84667892691988,124.54315218143167,127.76198073542889,28170600.0
2021-11-11,125.3478775024414,125.92388475845017,125.27164523954588,125.79681806185368,5552500.0
2021-11-12,124.79725646972656,125.7967803057524,124.3144264327615,125.36478468723107,12712000.0
2021-11-15,123.23018646240234,124.48384356418829,123.00995569186674,124.42454320764053,15232700.0
2021-11-16,122.91680145263672,123.99257060945213,122.69657064124459,123.40809750122091,12998700.0
2021-11-17,123.89087677001953,123.91628751259239,122.36618051525653,122.45935754638964,14239900.0
2021-11-18,124.3567886352539,124.43302087934576,123.62831703314116,123.66220664724914,11054600.0
2021-11-19,125.66973114013672,125.87303004600082,125.00902585245397,125.00902585245397,14022100.0
2021-11-22,124.19589233398438,125.05989686966528,123.78084134217045,124.85659788329754,15266000.0
2021-11-23,122.40007019042969,123.76383619536855,122.40007019042969,123.61135879864716,15318500.0
2021-11-24,124.36531829833984,124.36531829833984,122.64577512028274,122.77284183743694,13769700.0
2021-11-26,127.50782775878906,127.63488147614038,125.93229703814065,126.06782962004766,20064800.0
2021-11-29,126.48290252685547,126.753954785333,125.50877656411284,125.62736435065288,23234200.0
2021-11-30,128.40573120117188,128.81232901879218,127.27067470845837,127.76197071092407,31481100.0
2021-12-01,129.1977996826172,129.25717208952383,127.03517140776587,127.62884371361794,30826500.0
2021-12-02,129.35897827148438,129.7491047972833,127.85785753422526,129.6982086011123,17754200.0
2021-12-03,130.9025115966797,131.55553065599804,128.3582451939517,128.6381031103406,34427100.0
2021-12-06,129.10459899902344,130.9025566758672,128.85016968297066,130.64812735981442,30924200.0
2021-12-07,128.0614471435547,129.3590223608039,127.94271519363686,128.67207229764983,22115900.0
2021-12-08,125.84791564941406,127.62041840512734,125.82247401681033,127.61194217452946,33633900.0
2021-12-09,126.55182647705078,127.07763745309336,125.92423603343155,126.65359300381783,17544900.0
2021-12-10,126.24654388427734,127.41691098278714,126.20413684113474,127.14551625932467,14298700.0
2021-12-13,128.11231994628906,128.32434219244428,127.47625320782346,127.54410187949044,17860500.0
2021-12-14,127.80701446533203,128.0020713191596,126.62817122912006,127.52714353202552,14015500.0
2021-12-15,126.57721710205078,127.88326778556524,126.47545061629246,126.8825295001301,25383900.0
2021-12-16,126.62651062011719,127.25480828554944,126.27839922621314,126.2953837456552,18677900.0
2021-12-17,128.0614471435547,128.18879869969936,127.49258860044617,127.64541046781979,18093500.0
2021-12-20,127.10197448730469,128.22271958193494,127.01707780023398,127.9934739115983,17147300.0
2021-12-21,126.61803436279297,126.67746075222186,125.3359686340196,125.77747548497824,16598200.0
2021-12-22,127.20387268066406,127.23782876548998,126.52463438560964,127.12744881786817,12253900.0
2021-12-23,126.1000747680664,127.01704425182568,125.68403835851043,127.0085455165886,11642500.0
2021-12-27,126.40571594238281,126.5160828885869,125.93025322073831,126.04911890114943,7821800.0
2021-12-28,125.90481567382812,127.16989676805834,125.66708422671525,127.01707496151101,9174600.0
2021-12-29,124.52935791015625,125.07274588350312,124.3086109993998,124.73313325843303,11771200.0
2021-12-30,125.57367706298828,125.63311639690497,124.34256512225134,125.02180331708962,10355000.0
2021-12-31,125.8199462890625,126.53314078515002,125.17466397369233,125.49730513137742,13402300.0
2022-01-03,122.5171127319336,124.75858948864425,122.50012821597805,124.30859698124554,33860400.0
2022-01-04,122.00767517089844,122.372770992166,121.19259981873822,121.93126428576888,21996400.0
2022-01-05,121.34544372558594,122.3982636158597,121.16715162775849,122.38127909760279,20911700.0
2022-01-06,121.6595687866211,121.78693322237878,120.81052436979512,121.06524028592085,18996400.0
2022-01-07,120.78504943847656,121.61712226291496,120.19072096058426,121.52372686243265,18756800.0
2022-01-10,121.08224487304688,121.2520511934822,120.02093917608636,120.26715639740881,13775800.0
2022-01-11,121.88880920410156,121.94824852932938,121.15863051858182,121.31146524388967,24388700.0
2022-01-12,121.42183685302734,122.2708812661241,121.41335107283663,122.17748586246788,14440600.0
2022-01-13,122.50012969970703,122.61899540205603,121.43882415895175,121.74448067290487,15166000.0
2022-01-14,120.64921569824219,121.80391661267083,120.3860010489311,121.76994758129348,22997500.0
2022-01-18,118.95114135742188,119.97847796230343,118.88321624178978,119.68132015622801,21171700.0
2022-01-19,119.77474212646484,120.31813021660692,119.12945986258775,119.31625073314228,17930500.0
2022-01-20,120.51331329345703,120.55576808659828,119.7916206762076,120.02935197133787,13959000.0
2022-01-21,121.94829559326172,122.34734764257595,121.1332069729577,121.75300598247792,28916600.0
2022-01-24,120.94639587402344,122.576559886614,120.92941135518831,122.51713350377895,25001600.0
2022-01-25,120.7510986328125,122.01617948448032,120.39450153051594,121.50674764954825,15599000.0
2022-01-26,119.2907485961914,121.04827687594695,119.28226281539206,120.78506220648069,23655500.0
2022-01-27,121.4813461303711,121.72756345157144,120.84456245388387,120.91248760069014,21501800.0
2022-01-28,121.52371978759766,121.80390597273275,120.4369440754673,120.64070642437397,12826500.0
2022-01-31,120.89543914794922,121.37090196878053,120.53035625173597,120.71713411244237,13998400.0
2022-02-01,120.49413299560547,121.03827758288436,119.93298024119682,120.97025788779571,20806100.0
2022-02-02,120.90229797363281,122.06711798951211,120.67273301087752,120.68974118641707,18404600.0
2022-02-03,119.9585189819336,120.2901069782508,119.18480933271546,119.40587664588286,17234100.0
2022-02-04,118.19002532958984,119.15078578567059,117.99447679396134,118.90422571669826,23609800.0
2022-02-07,118.26657104492188,118.44511143493696,117.79894363916006,118.1050258526193,12962400.0
2022-02-08,117.475830078125,117.82442616395889,117.17825849566233,117.50984641370582,16269200.0
2022-02-09,117.69686889648438,118.49608402299015,117.49282280354102,117.94344189002975,14349100.0
2022-02-10,115.82642364501953,117.18679207042172,115.49483562517504,117.0422550334059,30896200.0
2022-02-11,117.54383850097656,117.76489276732495,115.08668391490237,116.37052153116917,43210300.0
2022-02-14,116.08145904541016,117.11023913810979,115.60533413334221,116.59160029315774,23157400.0
2022-02-15,114.76360321044922,115.49479873520202,114.72959984872077,115.29075261797004,18198500.0
2022-02-16,115.44379425048828,115.6903672884308,114.36400257833239,115.58833125015774,16473700.0
2022-02-17,116.30252075195312,116.96570960569876,115.54581940270094,116.013446747392,24508200.0
2022-02-18,117.52682495117188,117.645856161973,116.61708919149808,116.92317130119082,17522600.0
2022-02-22,117.83294677734375,117.90096648836081,116.88069676997176,117.06774773191032,19534000.0
2022-02-23,116.20901489257812,117.2037918543433,116.11550238129192,117.05924185423912,17757800.0
2022-02-24,116.28555297851562,118.49613544304351,115.84343129623616,118.26658348887076,28150400.0
2022-02-25,116.37052917480469,116.74463101429706,115.78387065136715,116.36203157788184,15025400.0
2022-02-28,118.92120361328125,119.06574059454083,117.60336261549396,117.69687509740035,25817700.0
2022-03-01,120.29612731933594,121.17301947515331,119.18936631967411,119.49585378126338,35664400.0
2022-03-02,116.18412780761719,119.54696906334546,116.13304871365186,119.05318283732404,30397400.0
2022-03-03,117.36752319335938,118.08265658399648,116.65238980272225,117.05252674547256,20649100.0
2022-03-04,119.39371490478516,119.88750106100841,118.6019500883991,119.49587307827545,25853100.0
2022-03-07,118.48274993896484,119.73423940748599,118.14221406601945,118.44017970719395,23710900.0
2022-03-08,117.29092407226562,117.69956993629896,116.84821680836913,117.06956394500848,28331300.0
2022-03-09,116.14154815673828,116.92479117885259,115.89466155903568,116.69493527463003,18819200.0
2022-03-10,114.47291564941406,115.07736892838732,113.84290983229896,114.78791206266452,26868900.0
2022-03-11,114.8559799194336,115.31570459770161,114.26003571034192,114.36219386315494,15583800.0
2022-03-14,112.17424774169922,113.13628062693407,112.14019934329531,112.97452150563473,24385000.0
2022-03-15,111.97846984863281,113.35765768462834,111.6890129184688,113.11077100669247,17518800.0
2022-03-16,113.07670593261719,113.34062327066827,110.94832354108877,112.23386182895047,25857700.0
2022-03-17,112.23385620117188,113.51939442457241,111.58683266321262,113.0767002625756,19330600.0
2022-03-18,113.60450744628906,113.68963492273143,112.8638347472447,112.8638347472447,55891700.0
2022-03-21,110.97383880615234,112.09761770784311,110.4630219477214,111.76559064704671,26122000.0
2022-03-22,109.55206298828125,110.11395890745557,109.26260617801995,109.790453703886,21830900.0
2022-03-23,111.95289611816406,112.03803659662844,109.70532518720339,110.13951044990026,21266100.0
2022-03-24,111.07601165771484,111.68046492975652,110.33533880667834,110.37789605832693,17141600.0
2022-03-25,109.53507232666016,110.2672363743406,108.67520403897825,110.25020567817643,25684500.0
2022-03-28,110.47154235839844,111.15262724403671,109.85856726038537,110.15654595741888,17657800.0
2022-03-29,111.3058853149414,111.99547910088425,110.45453239587823,111.15263503439044,19319700.0
2022-03-30,112.17424774169922,112.38708595591127,110.66736253831972,110.73547232574123,16310200.0
2022-03-31,112.44669342041016,112.94898851736824,112.08912675864605,112.36155293353633,19901000.0
2022-04-01,112.87471771240234,113.36926024555098,110.59812548928586,110.85391213530154,23489700.0
2022-04-04,112.09029388427734,112.53366615251356,111.45080114032679,112.49103070081422,13609900.0
2022-04-05,109.557861328125,111.51043939769185,109.38731958398111,111.49338262117578,25196900.0
2022-04-06,108.67110443115234,109.39586790117248,107.77581871182659,107.80139737448518,22952000.0
2022-04-07,107.85256958007812,108.00604808245991,106.93170507104333,107.5285622996081,23458800.0
2022-04-08,106.68445587158203,107.28984161593581,105.95117026456033,106.96582776314278,26859200.0
2022-04-11,104.99615478515625,105.89144700128173,104.50161229424398,105.66122602901864,30020700.0
2022-04-12,104.85123443603516,105.86589836808962,104.59543472879656,105.77210557578591,23124200.0
2022-04-13,105.06437683105469,105.98524777921286,104.78299851268602,104.91942672956371,17189500.0
2022-04-14,102.95831298828125,104.81710515171676,102.64282761694281,104.75741943338303,34274500.0
2022-04-18,102.44671630859375,103.2396873965777,102.0544949593578,103.06063024835618,18784300.0
2022-04-19,101.67932891845703,102.08007867704781,101.18478638635543,101.5940645348805,26012300.0
2022-04-20,103.7257080078125,103.99855794198093,102.25060878214045,102.50640844147266,31423200.0
2022-04-21,102.95831298828125,103.09474120461854,101.6111136255998,103.0265270964499,23323200.0
2022-04-22,102.31028747558594,103.54664373710831,102.15680899157816,102.3785015807572,19773400.0
2022-04-25,103.3334732055664,104.18612995219472,103.28230937719549,103.49547356385257,25418900.0
2022-04-26,104.37371063232422,104.90235362733144,103.81948247169183,104.39928929269496,26931300.0
2022-04-27,103.03506469726562,104.2969998698506,102.97537896982787,104.18615680611087,14560500.0
2022-04-28,103.18855285644531,103.231188310853,102.32737392367156,102.6513812592962,16892500.0
2022-04-29,101.84990692138672,103.14594959719639,101.5600065760332,101.73053542562249,26153400.0
2022-05-02,100.08440399169922,101.01537884702272,99.87087693134113,100.66519785652639,29233900.0
2022-05-03,100.75917053222656,101.90367267789905,100.69084029526192,101.67306627355596,21256700.0
2022-05-04,101.31432342529297,101.6132600108975,100.22960229367659,100.75915175698236,25575700.0
2022-05-05,98.53851318359375,99.4780313561139,97.38546134115417,99.37553597651238,48384500.0
2022-05-06,97.08648681640625,98.25661750820753,96.77900731368956,97.48791875141578,32790500.0
2022-05-09,97.94062042236328,97.97478554442458,96.18970190195435,96.39468611799138,26773000.0
2022-05-10,98.82886505126953,99.89650036620806,98.63242380246498,98.98260479727384,33640800.0
2022-05-11,100.7335433959961,100.7335433959961,97.74416409645653,98.00039269804779,34173600.0
2022-05-12,100.54561614990234,101.5449211581508,100.49437174424702,100.80184469450722,26405700.0
2022-05-13,99.05951690673828,100.05882239081217,98.99118665577646,99.91362549476685,20782700.0
2022-05-16,98.95700073242188,99.87943937754257,98.94845782376427,99.25593737213784,11050600.0
2022-05-17,97.7612533569336,98.52140936352875,97.67584381436804,97.97478047151269,15040800.0
2022-05-18,99.84526062011719,99.93067014603601,97.8893518498293,97.98330428323874,21337300.0
2022-05-19,100.08440399169922,101.39973146546454,99.80254670810764,101.33140124223105,21937500.0
2022-05-20,101.22041320800781,101.65600390740217,99.98195181355796,100.00757402924802,22780900.0
2022-05-23,99.55490112304688,100.99834681175606,99.53782181741057,100.53712736359458,15925200.0
2022-05-24,101.51934814453125,102.18555180615947,100.66523954935016,100.69940467511718,23388200.0
2022-05-25,101.92076110839844,102.16845333649817,101.28871617476592,102.15991042757605,14410800.0
2022-05-26,101.45954895019531,101.71577758901607,100.61398336432465,101.6559902549915,14912900.0
2022-05-27,101.70723724365234,102.27094544021782,101.41683697800978,101.94638657045772,11190400.0
2022-05-31,99.55490112304688,100.12715886500555,99.01681502502436,100.08445082641713,28393700.0
2022-06-01,99.44107818603516,100.39937728125474,98.98759643162974,100.13413471424546,15544800.0
2022-06-02,99.49240112304688,99.86032134401955,98.79078657699691,99.79186955222879,9832000.0
2022-06-03,99.2785415649414,99.30420936713614,98.28601622183508,98.47424894723822,15330400.0
2022-06-06,97.44746398925781,98.83358357970536,97.3790121884627,98.52555700405036,20815400.0
2022-06-07,98.49988555908203,99.06459657489887,98.03784571272855,98.06351350509439,14278700.0
2022-06-08,97.62714385986328,98.50843956842287,97.61003417383816,98.12340961758984,11476100.0
2022-06-09,97.95230102539062,98.14909181922226,97.26779598128533,97.40469307335205,15527300.0
2022-06-10,97.34479522705078,98.06352614555315,96.66029674001248,97.849619144368,21917100.0
2022-06-13,94.29020690917969,95.54798116594255,93.46880477837868,95.39396785842212,36968300.0
2022-06-14,93.10084533691406,94.95756235505986,92.9126062037261,94.57252598410601,21865900.0
2022-06-15,94.83781433105469,94.9661598500974,93.28912957759898,94.1960932637654,25202800.0
2022-06-16,95.59076690673828,95.59076690673828,92.51050722857644,92.79285952419767,26067300.0
2022-06-17,95.89877319335938,96.54049409557203,94.94046762933635,95.8388795036031,21614300.0
2022-06-21,94.27307891845703,94.9918031954024,93.9564942567039,94.1960690156857,17663800.0
2022-06-22,96.86563110351562,96.95119258557075,96.15545839940495,96.42070748007532,23703800.0
2022-06-23,97.66136932373047,98.54266502835465,97.10520987551511,97.45602045273137,20669200.0
2022-06-24,96.30948638916016,97.6870480028096,96.2581507976703,97.07955290112625,18161300.0
2022-06-27,95.48805236816406,96.01854390529218,95.11158060987064,95.16291618420124,12053000.0
2022-06-28,95.9330062866211,95.98434187371312,94.86347136938322,95.2228335348736,13706600.0
2022-06-29,97.43036651611328,97.4560343126482,95.97579494253714,96.15547604620544,12925400.0
2022-06-30,98.28598022460938,99.05604012011821,98.18330252551085,98.27742211770378,25802100.0
2022-07-01,99.29505157470703,100.81250890870312,98.78065959068373,99.36363891680318,21858800.0
2022-07-05,100.0751953125,100.9496608341092,99.59509056691394,100.21236342491925,16689700.0
2022-07-06,98.39486694335938,100.7696531226164,98.39486694335938,100.64105348323454,20205400.0
2022-07-07,97.5289535522461,98.73777418340975,97.3146230500467,98.67776190442784,13088000.0
2022-07-08,96.44872283935547,97.30604482014974,96.0629305643371,97.30604482014974,15320000.0
2022-07-11,98.1119613647461,98.41202284707848,97.47753818398651,97.5547005885004,13639900.0
2022-07-12,98.69490051269531,99.64652835489436,98.56630091818383,99.02925553391691,18547300.0
2022-07-13,99.82659912109375,100.00663599830008,97.26320103214098,97.53754387467197,20594800.0
2022-07-14,99.01215362548828,99.5865645551122,98.13768773070228,98.66065487297391,15665000.0
2022-07-15,99.56940460205078,100.15238398789019,99.10644980675042,99.31220531326737,16022600.0
2022-07-18,98.53206634521484,98.86642156694455,97.88907452791139,98.8064092589636,15838300.0
2022-07-19,98.00051879882812,98.72067299658167,97.44326448658926,98.51491745758808,9276800.0
2022-07-20,98.25770568847656,99.06359071371233,97.77760731132325,99.00357841656817,9117300.0
2022-07-21,99.9551773071289,100.06663336271241,98.60061340343445,98.75493163813994,14754900.0
2022-07-22,101.63555145263672,102.25281795462968,101.13830299691931,101.41264584475488,17715300.0
2022-07-25,100.64102172851562,100.76962132732115,99.85228711575112,100.05804254933157,24868100.0
2022-07-26,100.71819305419922,102.22707508900187,100.64960572329512,101.90129507847928,13536000.0
2022-07-27,100.15237426757812,101.58410070208686,100.05806830690041,101.17258972899224,15725600.0
2022-07-28,100.94966125488281,101.95272638289863,100.58101254875125,101.20686046040623,16637900.0
2022-07-29,100.67530822753906,102.28707100079045,100.58957734805118,100.90678225624102,16655900.0
2022-08-01,103.09993743896484,103.15146813281962,101.41653372813214,101.5625417292095,17974600.0
2022-08-02,100.91840362548828,103.65823302079151,100.73803960533685,103.19443701780155,17896300.0
2022-08-03,102.50733184814453,102.62757452997701,99.91351700081368,100.63497309180852,16731200.0
2022-08-04,102.47298431396484,102.67912025931332,101.81164950932704,102.18955885639735,11003000.0
2022-08-05,100.03375244140625,100.58343510505993,99.53560047974067,100.5490791194898,19492300.0
2022-08-08,101.6484375,101.803036148133,100.96992157501262,101.03863354145702,17476300.0
2022-08-09,101.25337219238281,101.6570468787609,100.88405349556191,101.1159547868891,8223200.0
2022-08-10,100.59202575683594,102.12942170950758,100.25706308838765,101.11594306958516,14665300.0
2022-08-11,98.2472915649414,100.5404997997687,97.98962492053465,100.37731704086372,20663800.0
2022-08-12,99.24358367919922,99.26075839548697,98.28163574873003,98.85708375901567,12178400.0
2022-08-15,99.15771484375,100.27426170654459,99.15771484375,99.9135336011134,9031800.0
2022-08-16,99.56995391845703,99.64724996946204,98.11844469073397,98.98591528417208,11066000.0
2022-08-17,98.53070831298828,98.85708033301843,98.17856439031836,98.82272434889937,14131300.0
2022-08-18,98.67670440673828,99.32086428747827,98.41903783334902,98.74541636667318,10738200.0
2022-08-19,97.08778381347656,97.34544384953057,96.83011722468902,97.25097308989092,16330900.0
2022-08-22,96.76140594482422,97.01906596525119,96.30619412521023,96.93317929177553,10457200.0
2022-08-23,96.22891998291016,97.46570933115153,95.971253351115,96.35775329880774,17813200.0
2022-08-24,95.52465057373047,96.08292397734931,95.2154531979642,95.75654532918743,13971600.0
2022-08-25,96.85587310791016,97.13071438448272,95.32706809742945,95.61050000685103,21429700.0
2022-08-26,97.58596801757812,97.90374948914744,96.20317040912819,96.45224644665338,18764400.0
2022-08-29,96.77861022949219,97.0620422360254,96.30622355193681,97.00192089094882,14278300.0
2022-08-30,97.01908111572266,97.49146772270628,96.37492113496364,96.72706506975764,14346600.0
2022-08-31,96.09148406982422,97.34544797947453,95.83382402283883,96.78718126797258,13623500.0
2022-09-01,94.33223724365234,94.89169070169616,93.76418155747798,94.56462873490403,22490400.0
2022-09-02,94.8658676147461,95.1585009591719,94.22034593153916,94.40109121484676,13024400.0
2022-09-06,92.51618957519531,93.79002224672935,92.45594113194228,93.72977380347632,24648500.0
2022-09-07,93.9793472290039,94.22894972124396,93.13586271844834,93.23053975228373,17050100.0
2022-09-08,93.01536560058594,94.26337149159494,92.99815457929549,93.67809826893327,14671400.0
2022-09-09,93.22193145751953,93.64367699834864,92.63665823003288,93.23914904553769,12529800.0
2022-09-12,92.45592498779297,93.7211486417679,92.02557716353411,93.49736593450902,14806900.0
2022-09-13,92.67108154296875,92.73132996441721,91.44028673344829,91.71570902672491,22158900.0
2022-09-14,92.98955535888672,93.1358720379694,92.19771696628894,92.38706448632075,13077800.0
2022-09-15,92.92931365966797,93.11866776000218,92.59364286965256,92.82602781405286,10260200.0
2022-09-16,92.1546630859375,92.99814753012087,91.89645182005262,92.1202344793805,18903800.0
2022-09-19,92.36982727050781,92.80017495748682,91.92226856534688,92.05997641055617,11084400.0
2022-09-20,91.44892120361328,91.95672853174675,90.71733114730183,90.96693369669512,20133800.0
2022-09-21,92.98094940185547,92.98955819694261,91.20791847592845,91.8362226189707,23132900.0
2022-09-22,90.60539245605469,91.1992743216657,90.14062276693244,91.05295769484631,29030600.0
2022-09-23,90.97550964355469,91.60382023348838,89.99431732131278,90.6656587453114,23042200.0
2022-09-26,89.2369155883789,90.72592179088552,88.84099642025589,90.68288438641272,25104600.0
2022-09-27,86.88719177246094,88.6344088250947,86.84416094549766,88.40201740647261,34609500.0
2022-09-28,89.79637908935547,89.89965836514125,88.2040934439865,88.7635403653907,39283100.0
2022-09-29,89.33157348632812,89.71028155147822,88.47948690632496,88.5655551302451,19127100.0
2022-09-30,88.17823028564453,90.25250909713232,87.98888283680492,89.7446954588069,26485700.0
2022-10-03,89.57936096191406,90.31269736553142,88.99269052256776,89.59661307089685,27192200.0
2022-10-04,89.32917022705078,90.28682362281538,89.12211199026085,89.85544845651647,13788700.0
2022-10-05,88.47504425048828,88.72523604043874,87.6381754219089,88.63033956488717,20522100.0
2022-10-06,87.98329162597656,88.7252509390686,87.59504998365517,88.50956333186676,13965700.0
2022-10-07,87.129150390625,87.67268728875865,86.68052313372111,86.97385507433857,14814800.0
2022-10-10,85.77462768554688,86.71502887435777,85.23972674687208,86.70639952888372,15652600.0
2022-10-11,86.15424346923828,87.05150455012081,85.40364835618193,86.05071106604566,33246700.0
2022-10-12,86.57701110839844,86.74093580924927,85.57622395406729,85.65386833935625,21447600.0
2022-10-13,85.74876403808594,86.60288511404828,84.84287346079081,84.86013215532286,30292500.0
2022-10-14,85.04130554199219,86.43896354115502,84.76522568092753,86.43896354115502,18728200.0
2022-10-17,84.62718963623047,85.98171418019365,84.49778233277483,85.6624941397212,18969900.0
2022-10-18,84.82559967041016,84.94638417221326,83.57461450933734,84.506379725781,16931500.0
2022-10-19,83.2812728881836,84.04912001319076,83.100096142287,83.85069116008272,25431600.0
2022-10-20,81.85773468017578,83.10872639009544,81.73695018159891,82.76362500176376,25434900.0
2022-10-21,80.38246154785156,81.03815376307577,79.59736202497983,80.25304765794017,46280300.0
2022-10-24,79.7181396484375,80.71030394196573,79.2436242873656,80.0804932429306,31332600.0
2022-10-25,82.03890991210938,82.15970099071575,81.47812757147683,81.59891206782181,31213100.0
2022-10-26,83.22087860107422,83.41931403158306,82.62557889180896,82.62557889180896,24843900.0
2022-10-27,84.09227752685547,84.4632604400248,83.01383959116123,83.66953169909691,20270000.0
2022-10-28,83.51422119140625,84.23029884801508,83.17774914321636,83.56598409658574,22244100.0
2022-10-31,82.9189224243164,83.3589268702822,81.98715062659885,83.13460997477353,23956700.0
2022-11-01,83.6938705444336,84.25604007474008,83.20954312064524,84.22144431611717,17585100.0
2022-11-02,83.33060455322266,84.4376421639689,82.99330423740044,83.81493845677262,25010500.0
2022-11-03,82.88089752197266,83.35657438065424,82.24088585263392,82.31007737339486,29097500.0
2022-11-04,81.48843383789062,82.73385457820739,81.48843383789062,82.24952062449235,23561400.0
2022-11-07,80.67545318603516,82.04195581707285,80.64085743099382,81.99006548374363,14522800.0
2022-11-08,81.5576400756836,82.12845361911468,81.09925120485678,81.12520297368839,20360600.0
2022-11-09,81.82572937011719,82.18032427762505,81.03004687664423,81.14247812078771,15637500.0
2022-11-10,84.97388458251953,85.1295621922582,83.58143668387525,83.65927878797763,45380900.0
2022-11-11,84.6624984741211,85.07764081478251,84.35979395408863,84.38573911316803,15943100.0
2022-11-14,84.4549331665039,84.74898710961418,83.9705993212872,84.67980221612366,13741100.0
2022-11-15,85.82141876220703,85.88195965628648,84.8527578584732,84.97383964663211,26608200.0
2022-11-16,87.69823455810547,87.74147430377873,86.26254039305334,86.50470408391378,28507700.0
2022-11-17,86.77279663085938,86.98036451130038,86.29711336478213,86.66035880516988,24528900.0
2022-11-18,86.17603302001953,87.25712537183477,86.09819753795158,87.00631115439795,14941300.0
2022-11-21,86.5392837524414,87.19658979006344,86.3144212804233,87.0841585540544,15534000.0
2022-11-22,87.76741790771484,87.88849974188547,86.94578363473975,87.04957089194247,18103100.0
2022-11-23,89.29826354980469,89.29826354980469,88.28636229224277,88.338252634128,23234600.0
2022-11-25,88.99552917480469,89.02147433708393,88.58903736985793,88.74471494199787,9486100.0
2022-11-28,89.2463607788086,89.78257849952271,88.81392372741165,89.60960631835023,14563200.0
2022-11-29,88.1998519897461,89.04742480082948,88.13931107466871,88.34687898372476,16576400.0
2022-11-30,88.84849548339844,88.84849548339844,87.67226649344694,87.88848496074003,21581700.0
2022-12-01,91.68682098388672,91.73016365831604,89.38077640504724,89.42412569364939,53156800.0
2022-12-02,92.83988189697266,92.84855308175283,90.68989106381153,91.288077144299,24479500.0
2022-12-05,91.53945922851562,91.88623377761557,90.94127991084699,91.7561924949313,20159700.0
2022-12-06,92.71849060058594,93.09994327372162,92.0596262195737,92.3283733588241,21754500.0
2022-12-07,94.90314483642578,95.08519995021943,93.8021363585941,93.94951997714682,30546700.0
2022-12-08,94.64307403564453,94.88581421741017,94.03622358123043,94.23561446732054,13377300.0
2022-12-09,92.18099212646484,93.77614575211147,92.128971646203,93.57675485599276,25872200.0
2022-12-12,92.47573852539062,93.72412412146517,92.1202994462811,93.50739087848966,16897100.0
2022-12-13,93.36870574951172,94.56507783388727,93.16064362734122,94.53039971116293,23854700.0
2022-12-14,93.76747131347656,93.90617714650081,92.66646275990814,93.33400483724378,19517500.0
2022-12-15,94.13333129882812,94.8285579654027,93.99428994361693,94.19416313489043,20246200.0
2022-12-16,93.08183288574219,93.70753574188186,92.38660601665927,92.63862559094746,20838300.0
2022-12-19,91.5175552368164,91.97814011654503,91.23078035049605,91.96945458950461,26126800.0
2022-12-20,89.8924789428711,90.21401584828234,89.59700525040877,89.84033262645201,28869000.0
2022-12-21,90.1184310913086,90.72675622293653,89.47535058546138,90.63116236839748,15894100.0
2022-12-22,90.10105895996094,90.48343440169492,89.84034722601962,90.09236680078294,11322500.0
2022-12-23,88.78014373779297,89.34500816114826,88.65847338903255,89.14513489354803,15408900.0
2022-12-27,87.02466583251953,87.8328640178136,86.9116943165739,87.32882501404464,26475700.0
2022-12-28,86.51194763183594,87.58085092371145,86.3381376366957,87.46787939950033,17302900.0
2022-12-29,87.49397277832031,87.76337005554254,86.72053632485797,86.78136818197832,16593000.0
2022-12-30,86.5206298828125,87.38097440828909,86.35551868139804,86.79003370753539,20810200.0
2023-01-03,88.17179870605469,88.9365428553785,87.63299762324256,88.8148791641264,25313200.0
2023-01-04,89.37976837158203,89.92726172436915,88.8235894891961,89.7013119814701,21678200.0
2023-01-05,89.7534408569336,89.76213301565953,88.44989551537044,88.52811168355495,14771100.0
2023-01-06,91.40458679199219,91.50887279154922,89.19724952766977,89.24938921236152,27473700.0
2023-01-09,91.89128112792969,92.05639904083857,90.61380526109582,90.73547562809674,21472200.0
2023-01-10,90.37043762207031,91.09173419135954,89.94461473244257,90.83971466846909,20545200.0
2023-01-11,91.8391342163086,91.87389622841384,90.98748149516975,91.22212341933619,18794000.0
2023-01-12,93.64668273925781,93.6901302649042,90.8657825211298,91.96076227208778,32029600.0
2023-01-13,92.76896667480469,93.68145096629848,92.44742313881167,93.0731258952447,17750800.0
2023-01-17,92.16934204101562,92.69076547166465,91.81304310225809,91.83042078919836,13911700.0
2023-01-18,94.40275573730469,94.52441944455418,93.09052480480304,94.25502218281243,35497200.0
2023-01-19,93.81179809570312,94.17679578228734,93.36859751156463,93.94215393875652,17194700.0
2023-01-20,92.29102325439453,93.19481564081337,92.21281370305978,92.95148819642668,22754100.0
2023-01-23,91.85648345947266,92.29099853095582,91.67398792507058,91.74351192774961,12961500.0
2023-01-24,93.17742156982422,93.37729480821426,91.58709467051051,92.22148965057002,16417200.0
2023-01-25,93.40337371826172,93.77705698909229,92.67338486423647,93.30777986082775,11906500.0
2023-01-26,92.96885681152344,93.55110547368542,92.54302722560692,93.10789820046647,15549400.0
2023-01-27,92.73423767089844,92.95149528140007,92.21282073172972,92.28234475833251,11845500.0
2023-01-30,92.39530181884766,93.12529072318472,92.28233026599165,92.51696553120799,11459700.0
2023-01-31,93.13399505615234,93.22958893947505,92.00425940897487,92.96888377328473,13705300.0
2023-02-01,94.25355529785156,94.61077089807688,92.72012529042348,93.70466011579373,25305800.0
2023-02-02,94.37552642822266,95.27292928356272,94.17513233708509,94.89828466318242,19548400.0
2023-02-03,92.96404266357422,93.3212647725406,92.42386221208474,93.02503099349171,20619500.0
2023-02-06,92.27579498291016,92.62429610188059,92.07540085699269,92.13638921753578,15182400.0
2023-02-07,91.5351791381836,92.5545651350662,91.48290531940047,91.77042461716813,18290300.0
2023-02-08,91.97083282470703,91.98826186639741,90.95145324446828,91.51777744923373,13530700.0
2023-02-09,91.09957122802734,92.89438371593008,90.9514576027206,92.7636924859168,20469900.0
2023-02-10,90.08019256591797,90.99502453859922,89.84495366715454,90.9601731004061,16598300.0
2023-02-13,90.83822631835938,90.97762546982689,90.24576496834521,90.3590271943647,13134300.0
2023-02-14,90.62906646728516,91.33479629222387,89.86235494887673,90.78589457869036,15440300.0
2023-02-15,89.78392791748047,90.56806168492481,89.30472915094947,90.21956074260706,15246900.0
2023-02-16,88.51190948486328,89.06081131745174,88.2853851115472,88.93012008839581,19267300.0
2023-02-17,89.20020294189453,89.20020294189453,87.97172144512216,88.08498362228426,19560900.0
2023-02-21,87.46637725830078,88.17210046249446,87.37053748399907,88.00656447279854,22728000.0
2023-02-22,88.26795196533203,88.59903728317823,87.95429568907338,87.98914712501676,15165400.0
2023-02-23,89.13050842285156,89.38316969617678,88.40735609648874,88.46834444646925,15829100.0
2023-02-24,87.9717025756836,88.6948547331171,87.61448043265135,88.38119853585027,21403600.0
2023-02-27,88.21566009521484,88.60772703674589,87.91943292112124,88.25051152403123,14209200.0
2023-02-28,88.61647033691406,88.62518485875607,87.37055960280676,87.62322755836503,14955700.0
2023-03-01,87.66443634033203,88.24088526542457,87.30633392972395,88.0574693954583,19000000.0
2023-03-02,86.88711547851562,87.03559406755718,86.36306242418546,86.52027700776223,23763600.0
2023-03-03,88.99200439453125,89.00074038586217,87.83910009237938,88.15352914420343,30877300.0
2023-03-06,88.30201721191406,89.3850470275608,88.20594128772825,89.2802417747106,16631900.0
2023-03-07,88.84353637695312,89.41125593570736,88.10986628131126,88.61644722072948,23096500.0
2023-03-08,88.9308853149414,89.93531130312124,88.5815188846688,89.43746630565616,20252400.0
2023-03-09,89.1492691040039,89.54230230822422,88.50294531747682,88.69509725326904,21550400.0
2023-03-10,92.22366333007812,92.3110099494687,90.83494004143964,90.86114136181222,43921500.0
2023-03-13,92.43326568603516,95.28932222266376,91.74326886798991,94.50324947656095,51502500.0
2023-03-14,90.91354370117188,92.24113501361428,90.61658651978513,91.8306298928408,38417800.0
2023-03-15,92.66908264160156,94.07527756864567,92.01402314131181,93.263003521742,45164100.0
2023-03-16,91.94413757324219,94.35475811288606,91.74325641537713,93.78703861422524,43089300.0
2023-03-17,93.32417297363281,94.0927806392766,92.98354245403597,93.1494930479567,38129000.0
2023-03-20,92.50316619873047,93.42024577293812,92.33721561042118,93.35037113958559,24242800.0
2023-03-21,91.70833587646484,92.07516762070425,91.3065668236869,91.77821049354195,18934900.0
2023-03-22,92.93112182617188,92.97478846733506,91.21923356408372,91.4113854433118,26388500.0
2023-03-23,92.93112182617188,93.06213507688291,91.55112802408902,92.02277172848231,25475100.0
2023-03-24,93.32417297363281,93.8307540871504,92.80886252835985,93.53379021716655,23652700.0
2023-03-27,91.13187408447266,92.3721251306243,91.12314475563926,91.75200293935337,22224500.0
2023-03-28,91.29781341552734,91.42882663165348,90.85237114614208,91.04452297464587,17794300.0
2023-03-29,91.11444854736328,91.22798984426224,90.48559008906471,90.57293006080336,16804400.0
2023-03-30,91.53363800048828,91.75199113821502,91.07072375107612,91.23667426810329,14315800.0
2023-03-31,92.9049301147461,93.07087403010131,91.7782267039118,92.01404524868576,25396700.0
2023-04-03,93.34185028076172,93.77966384369259,92.55378453138518,92.71139768126048,18234800.0
2023-04-04,93.8059310913086,94.39260633970956,92.59756806900681,92.62383581376265,18052400.0
2023-04-05,94.78660583496094,94.89168346119081,94.05108249285979,94.3663020105441,23047700.0
2023-04-06,95.03180694580078,95.32952363006572,94.90921968772244,94.9354874315243,16447300.0
2023-04-10,93.49947357177734,94.35759118761713,93.30683451431298,94.25251351613505,19134400.0
2023-04-11,93.69210815429688,93.77091139376546,93.26305270712238,93.73589218544956,13971200.0
2023-04-12,93.59577941894531,93.84095393605905,92.71139418463831,93.73588296044147,20563000.0
2023-04-13,92.86024475097656,94.03358170827214,92.7113830858315,93.73587173898953,22079400.0
2023-04-14,92.01087188720703,92.42241757954986,91.73942301835167,92.28231407555963,19801900.0
2023-04-17,90.91635131835938,91.58182301599015,90.81127367533696,91.4329680320862,19528800.0
2023-04-18,91.2403564453125,91.58185053712761,90.89011089099341,90.89886235349738,15922600.0
2023-04-19,91.1528091430664,91.27539644212331,90.6099244416735,90.98644448320734,16093900.0
2023-04-20,91.93209838867188,92.18603107979982,91.72194972999907,91.79200150972514,16450100.0
2023-04-21,91.41546630859375,92.34362885350328,91.30163051538494,92.20353199790576,15244700.0
2023-04-24,92.29983520507812,92.36988028025202,91.80072145625667,91.9057990897722,17034300.0
2023-04-25,93.65706634521484,93.8059213370226,93.06163969747978,93.10542372118985,21899900.0
2023-04-26,92.65888977050781,93.90227905599335,92.52754432643387,93.5082494042783,19610400.0
2023-04-27,91.73941040039062,92.17722376938848,91.59931359617227,92.11593016494885,20247600.0
2023-04-28,93.21924591064453,93.48193667239782,92.69387106764151,93.0003391693513,26954100.0
2023-05-01,90.53133392333984,92.54158160189769,90.27676037130952,92.40990470293507,32487300.0
2023-05-02,92.78736877441406,92.78736877441406,91.1984859380951,91.29504854446017,30057800.0
2023-05-03,93.3052978515625,93.57742518516591,92.41868058427511,93.05072431155463,23656200.0
2023-05-04,92.38358306884766,93.44576525435387,92.30458093728002,92.3660292720658,25110500.0
2023-05-05,92.07630920410156,92.08508944810592,91.3915975137662,91.6022764883239,15096500.0
2023-05-08,90.78589630126953,91.18092694953627,90.69811394522064,90.87367865731844,20587000.0
2023-05-09,90.46109008789062,90.97901061475022,90.41719556643717,90.85611399151696,19182500.0
2023-05-10,91.33894348144531,91.50572795897651,90.97902709295694,91.00536113165319,22886800.0
2023-05-11,92.30455780029297,92.62935318959074,91.92708763912067,92.43623468393253,19147200.0
2023-05-12,91.53202819824219,92.39231109638288,91.51447441138163,92.21674643832759,14198500.0
2023-05-15,90.58401489257812,90.82980821551301,90.52256656184441,90.75957963828427,20085300.0
2023-05-16,90.3118667602539,90.32942725050818,89.63593522748799,89.89050875725728,29251700.0
2023-05-17,90.04851531982422,90.55766235469434,89.84660987587075,90.4874337918093,21340900.0
2023-05-18,89.3813705444336,89.76762099988107,89.31992221719108,89.71494622126936,25536600.0
2023-05-19,88.74931335449219,89.41647130460498,88.60008268195881,88.88977047972197,29038000.0
2023-05-22,88.43328857421875,89.2847914498073,88.37184025831876,88.88098727426963,20131100.0
2023-05-23,88.68785095214844,88.88097611998728,88.02947335125965,88.16115021091007,21749500.0
2023-05-24,88.24897766113281,88.97758418592001,88.24897766113281,88.90735559855979,18473400.0
2023-05-25,88.02950286865234,88.48598190885515,87.81004359476864,88.39819284140924,22492800.0
2023-05-26,88.7405776977539,88.81080629565534,87.78373816647583,87.88908106332798,17030300.0
2023-05-30,89.62714385986328,89.7500404869332,88.88098385340622,89.01266072451368,23125200.0
2023-05-31,90.40845489501953,90.57524611271178,89.4252814788124,89.53061766062511,23787000.0
2023-06-01,90.76314544677734,91.2120273743192,90.33185725184715,90.90396917448702,21040400.0
2023-06-02,89.76854705810547,90.71913238239749,89.72454258198907,90.65752074370253,19136500.0
2023-06-05,89.6012954711914,90.1646036508986,89.0819917558957,89.20521500050894,14433200.0
2023-06-06,90.12942504882812,90.1910366909579,89.24045131367116,89.63652519662462,14332100.0
2023-06-07,88.79155731201172,90.15582365371489,88.7035416450036,89.92697754736182,25251100.0
2023-06-08,89.83014678955078,89.90056200020126,88.72113744004419,88.78274907057234,23845100.0
2023-06-09,89.70695495605469,90.01501321661925,89.19645457273829,89.4253007299433,22147400.0
2023-06-12,89.97098541259766,90.04140062966718,89.00279968096822,89.9885858592827,19010300.0
2023-06-13,89.0820083618164,90.06780121764882,88.87076943383963,89.87416273568492,25910800.0
2023-06-14,89.7949447631836,90.03259443510309,89.30205168833501,89.45167898389055,29094200.0
2023-06-15,90.65750122070312,91.21200584954563,90.30543191176477,90.68390524371988,25732000.0
2023-06-16,90.30545806884766,90.50790016255296,89.8037613407216,90.16463433358068,16759100.0
2023-06-20,90.93037414550781,91.23843906369578,90.75434280525627,90.75434280525627,17162900.0
2023-06-21,91.1504135131836,91.22963231416152,90.07660491550803,90.49028593741565,19720100.0
2023-06-22,90.05018615722656,90.8775480657087,89.95336692473764,90.48147427110045,23630700.0
2023-06-23,90.94796752929688,91.49366863049772,90.63990937294734,91.38805252841455,22901900.0
2023-06-26,91.0447998046875,91.3616615866426,90.79835324431468,91.20323069566504,12894900.0
2023-06-27,90.80712890625,91.49366036845225,90.44626273144576,91.17679866048759,18105700.0
2023-06-28,91.19438934326172,91.39682462750963,90.5078580050951,91.01835807737984,23826800.0
2023-06-29,89.54852294921875,90.07662377738342,89.29327276065311,89.92699644051727,41091600.0
2023-06-30,90.60469818115234,90.71031427905534,89.6629165889219,89.83014431565627,32024900.0
2023-07-03,90.0910415649414,91.13245471769758,90.07338672844622,90.76177721811861,16011800.0
2023-07-05,89.2349853515625,90.02045743166104,88.90843813099107,89.92337600752761,28170300.0
2023-07-06,87.97293090820312,88.59071564912539,87.78759548592646,88.43185575383842,41375700.0
2023-07-07,87.44339752197266,87.90232235371903,87.36396421005881,87.53165152038368,28996500.0
2023-07-10,87.55815887451172,87.84057581209638,87.2404389780601,87.24926640111457,24665200.0
2023-07-11,88.00823974609375,88.22887813024126,87.62874145602608,87.87585536893542,20485500.0
2023-07-12,88.98787689208984,89.24381823197776,88.0523655416911,88.34360983191003,31928000.0
2023-07-13,89.92337036132812,89.99397625323714,89.16437385667736,89.41148774501045,32441500.0
2023-07-14,89.39384460449219,89.96750572475973,89.34971423626052,89.77334287789851,18569000.0
2023-07-17,89.4379653930664,89.57034976019953,89.06729455177255,89.34089070607396,18822000.0
2023-07-18,89.84393310546875,90.08221954565704,89.64094287369176,89.84393310546875,15407400.0
2023-07-19,90.85888671875,90.88536898168293,89.7821770267037,90.0204635263055,27192500.0
2023-07-20,89.75566864013672,90.29402669614394,89.38499786715228,90.21460013051043,56951200.0
2023-07-21,89.78217315673828,90.32935203347884,89.69391241746486,90.16167144222725,20657500.0
2023-07-24,89.45562744140625,90.15284554669665,89.40267638362569,90.01163374814962,17546700.0
2023-07-25,89.2879409790039,89.57918526631693,88.96140047506132,88.9878760042081,17160600.0
2023-07-26,89.37617492675781,89.74685245166168,89.0761100193117,89.738025032811,19310700.0
2023-07-27,87.63758087158203,89.07614090911211,87.29338548387022,88.88197802715159,44794400.0
2023-07-28,88.08766174316406,88.1317921110341,87.50517994070249,87.72581831335512,27434000.0
2023-07-31,88.29946899414062,88.5465828649731,87.91997076869131,87.94644629294508,28663800.0
2023-08-01,86.8525390625,87.54282716998831,86.64014427986707,87.47202665847453,34943400.0
2023-08-02,85.92329406738281,86.05604332791214,85.32151002321125,85.87904881514496,38121300.0
2023-08-03,83.94092559814453,84.35687012247516,83.66658208290849,84.24182436651662,59394800.0
2023-08-04,85.4277114868164,85.56046075893298,84.18872953357581,84.20643303754252,42071800.0
2023-08-07,84.58696746826172,85.13565449277881,84.51616696448285,85.05600898995833,35862900.0
2023-08-08,85.56929779052734,86.17108853560977,85.34805129236332,85.71974378882113,24010500.0
2023-08-09,86.01179504394531,86.10029229720956,85.70204452965898,85.7374447813462,20151100.0
2023-08-10,84.59580993652344,86.16223896420807,84.59580993652344,85.87904370947236,37253200.0
2023-08-11,84.401123046875,84.8436160772629,84.25067028509318,84.339174292697,26753500.0
2023-08-14,84.21526336669922,84.89669955408696,83.98516513702386,84.25950861154392,19072000.0
2023-08-15,83.70196533203125,84.25065225104352,83.68426183353684,83.89666330403162,24125000.0
2023-08-16,83.04706573486328,83.88780631123052,82.9408717581601,83.43646165452415,23076700.0
2023-08-17,82.69309997558594,82.84354598599862,82.32140069727929,82.7461969788121,32244900.0
2023-08-18,82.9851303100586,83.35682954386452,82.56919258140432,82.68423832525673,24181700.0
2023-08-21,81.87890625,82.09130776304889,81.6222662375711,82.0028105085657,29254100.0
2023-08-22,82.50726318359375,82.55150844072529,81.82582005506359,81.98511783493609,21308700.0
2023-08-23,84.55155944824219,84.5604111983782,83.39223000098352,83.4541787481216,38294700.0
2023-08-24,83.99404907226562,84.56043973780315,83.97634556601858,84.18874037761783,22300800.0
2023-08-25,84.26837921142578,84.52502599579911,83.64003987805998,83.7727891461025,23865200.0
2023-08-28,84.3568344116211,84.65773305261348,83.9762903006602,84.64888130531536,16037300.0
2023-08-29,85.2330093383789,85.4100106099557,84.02058269964148,84.04713120240096,28478100.0
2023-08-30,85.14449310302734,85.31264258557405,84.85244613394306,85.10024785892485,17550100.0
2023-08-31,85.52503204345703,85.88787948304005,85.3391858250997,85.43653480879728,26959700.0
2023-09-01,84.19271087646484,85.0537233555189,83.98855732767167,85.03597352299097,32469700.0
2023-09-05,83.01215362548828,83.69564074324096,82.98552548856615,83.68676244021326,29435900.0
2023-09-06,83.21630859375,83.53585976052284,82.95889199984073,83.51810315561295,23636300.0
2023-09-07,83.44708251953125,83.5003387806649,83.15415953897741,83.43820421862252,18091500.0
2023-09-08,83.76663970947266,84.23708810938467,83.58910753921162,83.77551123886582,17052100.0
2023-09-11,83.1630630493164,83.42047967642604,83.03879388756161,83.17193458075504,17061500.0
2023-09-12,83.64236450195312,83.65123603070201,83.06539684178601,83.3405632205072,20034300.0
2023-09-13,83.62464141845703,83.90868621193694,83.27846203803347,83.36722476621554,23332300.0
2023-09-14,83.02100372314453,83.62459945290557,82.90561291163091,83.3849395298669,27800600.0
2023-09-15,82.51505279541016,82.97662960714143,82.51505279541016,82.95887300629693,25642900.0
2023-09-18,82.98551940917969,83.02102584652837,82.39080182095014,82.41742995592155,17963400.0
2023-09-19,82.373046875,82.93225799116749,82.373046875,82.62158514885222,24941800.0
2023-09-20,82.63043975830078,83.08313824849552,82.58606180257732,82.80797189767061,29451200.0
2023-09-21,80.50900268554688,81.10372705636087,80.50013115517456,81.03271418041881,59958700.0
2023-09-22,81.15699005126953,81.31676564929663,80.48238121824836,80.60665037536263,29524500.0
2023-09-25,79.15978240966797,79.92315380409103,79.1331542774234,79.58585284206029,45587900.0
2023-09-26,78.8846206665039,79.55035110052432,78.742594923276,79.38169722348123,38104100.0
2023-09-27,78.47631072998047,79.55035507115002,78.19225922934669,79.47934219599158,47111200.0
2023-09-28,78.71595001220703,78.76033474054579,77.31347657147073,77.77505336642231,60238000.0
2023-09-29,78.724853515625,79.43496199127114,78.2277701332957,79.23967995951617,49010100.0
2023-10-02,77.40696716308594,78.29741887010701,77.21106670056412,78.1994686388461,44704300.0
2023-10-03,75.74182891845703,77.15765083153458,75.59045374095555,76.85489368292346,71362600.0
2023-10-04,76.81036376953125,76.85488227733826,76.01786231833033,76.37403755521514,56281600.0
2023-10-05,76.427490234375,76.74805347036526,76.25830219493318,76.67681568600986,35758800.0
2023-10-06,75.50140380859375,76.30281173287754,74.85137104956145,74.97603374960474,62787900.0
2023-10-09,77.27339935302734,77.29121219188866,75.64387107119938,76.13362223577309,29424900.0
2023-10-10,77.16653442382812,77.62065982198946,76.15141340881658,76.4452640501724,54743900.0
2023-10-11,78.77827453613281,78.77827453613281,78.0035789978514,78.22619195549004,58517700.0
2023-10-12,76.64118194580078,78.52894210384063,76.5165192441348,78.40427940217465,66986700.0
2023-10-13,78.01248168945312,78.2083821697886,77.62068072878216,78.00357526936297,44183800.0
2023-10-16,76.7569351196289,76.9083170743286,76.4898036812792,76.74803549387579,38309800.0
2023-10-17,75.9110107421875,76.24937995727505,75.24317193800404,75.59044757269083,52949100.0
2023-10-18,75.24315643310547,75.43905686227517,74.66436156336033,75.13629980075666,63724600.0
2023-10-19,73.70268249511719,75.30549823505308,73.67597003171944,74.69108440247646,87696900.0
2023-10-20,74.12118530273438,74.3883234858362,73.70267198622442,73.89857241468492,52188800.0
2023-10-23,75.01165008544922,75.56373259088612,73.39102824634902,73.73830386946997,70890400.0
2023-10-24,76.00007629394531,76.00007629394531,74.87810487981476,75.18976851245793,46267700.0
2023-10-25,74.30818939208984,74.91369680145525,74.02324512848301,74.81574657393973,60737200.0
2023-10-26,75.44799041748047,75.52812782536155,74.26368779232975,74.33492557285204,49704100.0
2023-10-27,75.1274185180664,75.66168822303358,74.56642955328417,74.96713692721546,32362300.0
2023-10-30,74.78902435302734,75.2431565492027,74.12118568543086,74.62874280105994,45026900.0
2023-10-31,74.42394256591797,75.483575296268,74.39723010625626,75.12740010930348,37269200.0
2023-11-01,76.0376205444336,76.05549454332814,75.07262911212466,75.0905031110192,72308500.0
2023-11-02,77.77104187011719,78.01228635554736,77.0383645961182,77.44937801158746,69739400.0
2023-11-03,78.29820251464844,79.56699065860849,78.25353114836179,79.35254355947139,77692300.0
2023-11-06,77.53872680664062,77.91399903225984,77.37789487895607,77.79784529107317,41341900.0
2023-11-07,78.68241119384766,79.07555738940583,78.26246081530753,78.28033481525124,37834200.0
2023-11-08,80.02268981933594,80.07630501224386,79.03089396222548,79.05770496714688,53893400.0
2023-11-09,78.18204498291016,79.54911279304486,77.5029761691744,79.46870024747615,88975100.0
2023-11-10,78.61991119384766,79.01305761626256,78.4233379826402,78.83435841531262,36516400.0
2023-11-13,78.44115447998047,78.5751821908928,77.64593203001517,77.93185463205964,25661500.0
2023-11-14,80.21925354003906,80.5498543925913,79.7814359481227,80.41582665145206,65666800.0
2023-11-15,79.09342956542969,79.64740771078472,78.90579345577736,79.53125397155252,56205300.0
2023-11-16,80.07630157470703,80.38009144809291,79.7457006975507,79.7903788869002,49473900.0
2023-11-17,80.45158386230469,80.80005196851877,80.0941787537187,80.55880743996111,44091400.0
2023-11-20,80.94298553466797,81.00553771548961,80.06735044023257,80.07628743991187,40477800.0
2023-11-21,80.90725708007812,81.13063436984429,80.31753776296719,80.86257889535133,27721000.0
2023-11-22,81.19318389892578,81.59526031433512,80.75535948035603,81.41656120013859,31197500.0
2023-11-24,80.23712921142578,80.6481426270567,80.22819221064805,80.50517788234983,20199600.0
2023-11-27,81.577392578125,81.6131269471753,80.60346400661633,80.68388337931502,39804400.0
2023-11-28,81.73822784423828,81.78289921584235,81.1217042904657,81.22892785279751,44989300.0
2023-11-29,82.7657470703125,82.82829243583778,82.00626568409598,82.30112532882953,61647800.0
2023-11-30,81.80970001220703,82.46196472639537,81.45230178644627,82.17604205562625,60520900.0
2023-12-01,83.35050201416016,83.41324542569335,81.68331212082809,81.8446532988447,64172200.0
2023-12-04,83.01885223388672,83.20708244816115,82.54378721098281,82.90232388325143,33766300.0
2023-12-05,84.80258178710938,84.81154708644621,83.87038897314984,83.92416709213146,73588600.0
2023-12-06,85.93196868896484,86.09330988167615,85.03563024912863,85.22386050087188,61606100.0
2023-12-07,85.4389877319336,86.12020692414436,85.20593780118672,85.31350088580533,47970200.0
2023-12-08,84.7398452758789,84.90118648449425,84.17515446498534,84.63228219062859,44809200.0
2023-12-11,84.56056213378906,84.65020144541043,83.83453021158753,84.26477565640432,33909700.0
2023-12-12,84.81153869628906,84.88324056833139,84.166173978275,84.39025856988994,36996900.0
2023-12-13,86.8013916015625,86.92688524619786,85.17005628351944,85.30450838679315,70828500.0
2023-12-14,89.05936431884766,89.05936431884766,87.6026153944566,87.81843462362295,87798600.0
2023-12-15,89.1583023071289,89.33814484971552,88.6457435141485,88.74465897073712,59941300.0
2023-12-18,88.44792175292969,88.57381291787728,88.14218116623272,88.57381291787728,34746000.0
2023-12-19,88.92449188232422,89.25720809668304,88.71767366680446,88.89751618991316,30018400.0
2023-12-20,89.5269546508789,89.64385844289735,88.6457168524769,89.12230562148733,51229400.0
2023-12-21,88.96044921875,89.77874150226228,88.79858822654789,89.68882025338367,65231200.0
2023-12-22,88.5558090209961,89.3651072023565,88.33998976945125,89.3651072023565,29244200.0
2023-12-26,88.8075942993164,88.9065097444913,88.55581202452665,88.60976340896661,24019700.0
2023-12-27,90.38123321533203,90.39921472186964,89.4730127727645,89.72479502760258,45082800.0
2023-12-28,89.72479248046875,90.43518202819621,89.52696161141152,90.00355041747574,36213000.0
2023-12-29,88.91548919677734,89.76076406778682,88.84355631074287,89.14029575944566,41616200.0
2024-01-02,88.40294647216797,88.70868702009464,88.12418847949756,88.33101357314382,47797400.0
2024-01-03,88.77159118652344,88.88848809589433,87.3598066509832,87.56662478760477,58159500.0
2024-01-04,87.42276763916016,87.80044097665811,87.287882344182,87.6026101254303,52604500.0
2024-01-05,86.58648681640625,87.83641061620133,86.51454707786598,86.77532348466114,45894800.0
2024-01-08,87.44078063964844,87.56667179749363,86.40666881973132,86.53256683813008,39485800.0
2024-01-09,86.88323974609375,87.37781005019295,86.85625719666149,86.90122125183032,34374000.0
2024-01-10,86.47858428955078,87.26990775718595,86.43362709469528,87.15300395734803,48227800.0
2024-01-11,86.96414947509766,87.07205906965847,86.06492343540823,86.47856659039934,78858900.0
2024-01-12,86.7933120727539,87.46773174037251,86.56850551688105,87.02711281181615,38883900.0
2024-01-16,85.26465606689453,86.13690686560693,84.98589804854247,85.98404000783668,61716700.0
2024-01-17,85.12974548339844,85.42649178560717,84.67114504604133,85.06679992176795,55506800.0
2024-01-18,84.33842468261719,85.0488141917655,84.08664244860033,84.94090457980771,77339100.0
2024-01-19,84.60818481445312,84.68012455269121,83.86183232702395,84.26648134864881,47030900.0
2024-01-22,85.11177825927734,85.49844587719107,84.87797747946716,85.26464509738089,35756400.0
2024-01-23,84.43733978271484,84.51826684595432,84.01470237988303,84.42834559994891,35786700.0
2024-01-24,83.94276428222656,85.01284565412858,83.71795773253632,84.98586996585398,54574900.0
2024-01-25,84.49129486083984,84.72509559914069,84.14059718366437,84.52726473292856,57019400.0
2024-01-26,84.3294448852539,84.5902213465566,84.06866842395121,84.4643302080729,29276900.0
2024-01-29,85.30062103271484,85.57937903499749,84.63519538506273,84.80604374425855,38243600.0
2024-01-30,86.07394409179688,86.1818468589967,85.19269928320163,85.85813169684486,40151400.0
2024-01-31,86.91920471191406,87.14401125396572,86.32571214783313,86.52354300252676,80646700.0
2024-02-01,88.62422943115234,89.01214114257368,87.6770079609094,87.88449161897984,84291200.0
2024-02-02,86.66661834716797,87.16278681524219,86.3238154218056,86.84703949049018,63823300.0
2024-02-05,84.91648864746094,85.56601565551335,84.81725497219604,85.36754830498354,53827400.0
2024-02-06,85.7464828491211,85.83669344534268,84.98869869907968,85.01576118968342,33411500.0
2024-02-07,85.33146667480469,85.9088293952981,85.2683185951198,85.3134273160195,40120200.0
2024-02-08,84.8353042602539,85.06985721772614,84.49250138596713,84.81725801903521,50087700.0
2024-02-09,84.66392517089844,84.80826761411791,84.49252712285846,84.58273770855737,27951300.0
2024-02-12,84.76313781738281,84.92551958434163,84.34816372018244,84.70901285593814,27890300.0
2024-02-13,83.31073760986328,83.95124165325339,83.29269824753399,83.77082049945719,49768500.0
2024-02-14,83.7347183227539,83.9422088029246,83.20247120653804,83.26561928613356,44191600.0
2024-02-15,84.1677474975586,84.54663601499642,83.89710890931717,84.40229359923427,49598500.0
2024-02-16,83.68062591552734,83.76181338546436,83.3017304079398,83.42803349888709,33116800.0
2024-02-20,83.75277709960938,84.06852445341751,83.6445271567047,83.70767525094112,24469300.0
2024-02-21,83.15738677978516,83.80691400688113,83.0040280963393,83.74376590883716,36343100.0
2024-02-22,83.5633316040039,83.68061155061645,83.2385680147516,83.29269986804431,45190700.0
2024-02-23,84.68195343017578,84.79922647841154,83.6715771901348,83.6715771901348,38406700.0
2024-02-26,84.4293441772461,84.82627888200018,84.06850195396882,84.79921640351681,27855000.0
2024-02-27,83.8339614868164,84.32110681993272,83.76179027836393,84.11361631628817,30242000.0
2024-02-28,84.3662109375,84.438382147898,83.80690126347919,83.96928304556195,34574200.0
2024-02-29,84.96160125732422,85.06985805783228,84.60075213825517,84.63683773842453,51038600.0
2024-03-01,85.49099731445312,85.52719629950379,84.1697654292311,84.55889588821262,45832800.0
2024-03-04,85.1471176147461,85.21047102213429,84.77609006901442,84.79418611094603,23864200.0
2024-03-05,86.35977935791016,86.58601790732266,85.94350125550146,86.1787912800812,37721900.0
2024-03-06,86.86653900146484,87.02943100977616,86.34167088957429,86.41406196773917,40571600.0
2024-03-07,86.78509521484375,87.23757224213256,86.40501616894151,87.20137325143928,39075000.0
2024-03-08,86.63126373291016,86.92084878445775,86.40502519563073,86.6946102471783,25023200.0
2024-03-11,86.58602905273438,86.8846656334202,86.30549542471323,86.83941515601198,17787900.0
2024-03-12,85.8620376586914,86.16067415179516,85.69010108432227,86.00683362053013,29566000.0
2024-03-13,85.4457778930664,85.73536297440558,85.25573833071128,85.51817588946443,38270100.0
2024-03-14,84.13358306884766,84.83944615618684,84.03403756635092,84.82135011221098,58365600.0
2024-03-15,84.10643005371094,84.33266856200756,83.9706855678827,84.21502011897245,34997700.0
2024-03-18,83.8530502319336,84.15167983774454,83.70825426187217,83.9163967427725,29519500.0
2024-03-19,84.08832550048828,84.40505802520333,83.88018994321176,84.02497899554527,26953100.0
2024-03-20,84.0611801147461,84.875640130545,83.5182090722973,84.25121963439061,43460100.0
2024-03-21,84.24215698242188,84.54984490500722,83.91637992358223,84.40504896396695,34276600.0
2024-03-22,85.0475845336914,85.25572009850912,84.86658958140266,85.23762405540597,30262300.0
2024-03-25,84.62225341796875,84.83944045233636,84.43221389986567,84.80324146256653,24011800.0
2024-03-26,84.8575439453125,84.9480448798084,84.41411836414066,84.62226084752855,34423000.0
2024-03-27,85.69916534423828,85.69916534423828,85.01140508023697,85.05664865051827,50157800.0
2024-03-28,85.62675476074219,85.98873085761245,85.35526578383801,85.50910631543302,34540400.0
2024-04-01,84.03060150146484,84.71156259328517,83.94888256835729,84.70248117247445,48945400.0
2024-04-02,83.56753540039062,83.71280347943042,82.93196763919752,83.14079872874083,43086300.0
2024-04-03,83.54935455322266,83.57659880632072,82.66865099496295,82.85931920409703,45494400.0
2024-04-04,84.14860534667969,84.22124283574168,83.5675192883682,84.1032051842429,47957400.0
2024-04-05,82.97735595703125,83.69463561139042,82.9682745386718,83.24974309107387,42495900.0
2024-04-08,82.96827697753906,83.1589452061366,82.74129000152874,82.83209033360708,37879800.0
2024-04-09,83.74003601074219,83.85806674137535,83.3859299646575,83.41317421981216,32522000.0
2024-04-10,81.91504669189453,82.89563191935156,81.76069723769062,82.80483160314543,74368900.0
2024-04-11,81.54280853271484,82.1148202121533,81.27042828606692,82.06033862114886,65751200.0
2024-04-12,81.9786148071289,82.57785680504163,81.96953338875508,82.2963951792866,47900100.0
2024-04-15,80.7074966430664,81.04343989464407,80.37155339148875,81.00712114362808,55993100.0
2024-04-16,80.17180633544922,80.42603065178128,79.70875094379122,79.94481934913945,45103200.0
2024-04-17,81.06161499023438,81.15240842571428,80.3170977359469,80.68935982663818,57947000.0
2024-04-18,80.65301513671875,81.0525075098108,80.43510264911268,81.02527018063326,43839500.0
2024-04-19,80.94354248046875,81.16144799868248,80.72563696225504,81.16144799868248,44826800.0
2024-04-22,80.80735778808594,80.91631402267703,80.48957742939395,80.51681475626864,24969000.0
2024-04-23,80.8345947265625,81.29765006248437,80.39878364447671,80.56221453203194,27222700.0
2024-04-24,80.26258850097656,80.47141261995633,79.44543407931377,80.40785654977655,48986800.0
2024-04-25,79.69967651367188,79.80863277040852,79.30017716606451,79.40913342280116,49282600.0
2024-04-26,80.11731719970703,80.45326040154664,79.94481181678826,80.12639861788985,31589800.0
2024-04-29,80.7892074584961,80.82551927877519,80.33523350698691,80.49866440661393,39228600.0
2024-04-30,80.09918212890625,80.56223759740321,79.99022586364394,80.28076897724917,41054700.0
2024-05-01,80.68959045410156,81.2818257563102,80.39802942166455,80.72603645207661,59679500.0
2024-05-02,81.03581237792969,81.09959112743023,80.20668168306035,80.37068517482778,58925400.0
2024-05-03,81.8558120727539,82.11093398841837,81.33646890931948,81.93781728348641,50066100.0
2024-05-06,82.17472839355469,82.22939391022236,81.70093741122572,81.88316738572254,23868200.0
2024-05-07,82.67583465576172,83.13139910695271,82.55739040094232,82.82161861679653,30525800.0
2024-05-08,82.17472839355469,82.42073016992195,82.14739563522086,82.28405942689002,31171700.0
2024-05-09,82.57561492919922,82.70317242716104,81.83760269793981,81.88316192636715,39606700.0
2024-05-10,82.11091613769531,82.3478045808426,81.96513221758015,82.25669310645058,21913800.0
2024-05-13,82.32049560546875,82.5573910683846,82.2840496149154,82.50272555823553,23157500.0
2024-05-14,82.78518676757812,82.839852286623,82.38428775761426,82.59385049955802,25746400.0
2024-05-15,83.91497039794922,84.06075435877355,83.48673870223008,83.70541464346657,65142900.0
2024-05-16,83.83297729492188,84.2065365526502,83.76919854597499,84.17920379615329,37902400.0
2024-05-17,83.26805877685547,83.64162491388639,83.22249955724064,83.4958409722077,24755000.0
2024-05-20,83.0220718383789,83.20429484654318,82.9218470984799,82.98562584647361,17922800.0
2024-05-21,83.4502944946289,83.61429797837867,83.30451748205246,83.57785893875607,15334400.0
2024-05-22,83.550537109375,83.62342910694099,83.14964502548904,83.15875131166216,38073700.0
2024-05-23,83.01293182373047,83.64161281640908,82.74870368117512,83.64161281640908,51294700.0
2024-05-24,83.2589340209961,83.34093921468242,82.82159615920227,82.88537488702053,19164400.0
2024-05-28,82.06537628173828,83.24073334730095,82.02893029311291,83.2134005936723,45973700.0
2024-05-29,81.07225036621094,81.45492282543186,80.79890892313219,81.40025036599913,45508400.0
2024-05-30,81.8558120727539,81.97426327143847,81.49136609595611,81.63714309640294,29548600.0
2024-05-31,82.41159057617188,82.60293372603813,82.22936761131704,82.43893027712458,41308800.0
2024-06-03,83.74456024169922,83.80855689844331,82.83946267485784,82.86688881701782,42272100.0
2024-06-04,84.72281646728516,84.84167240819383,84.10113154021658,84.29312155039915,42581500.0
2024-06-05,85.3445053100586,85.3445053100586,84.466833662478,85.0245219450731,43153900.0
2024-06-06,85.21651458740234,85.41764898733194,84.89653121256636,84.95138351250554,22891900.0
2024-06-07,83.65316009521484,83.95486169089716,83.56173727155442,83.95486169089716,35240500.0
2024-06-10,83.095458984375,83.2508784581331,82.87604284641571,83.1960261674216,20586500.0
2024-06-11,83.9548568725586,83.99142739494677,83.1228931822338,83.22346037502281,30329200.0
2024-06-12,84.5856704711914,85.54562740323036,84.5582443260097,85.04279149118838,42554600.0
2024-06-13,85.82903289794922,85.92960007179748,84.97878759412195,85.22563682997229,33093800.0
2024-06-14,86.5512924194336,86.7067118925057,86.15816806247207,86.32273190899349,28776700.0
2024-06-17,85.69192504882812,85.76505912423083,85.2805118710047,85.49992804744184,31040200.0
2024-06-18,86.4781723022461,86.48731667790754,85.69193037323427,85.8382055082429,26881000.0
2024-06-20,85.90219116210938,85.93876168494643,85.33535852080591,85.39936216710629,30246300.0
2024-06-21,85.90219116210938,86.37760098387719,85.56391905720204,86.1581778468548,22596400.0
2024-06-24,86.24959564208984,86.24959564208984,85.70105178171627,85.98447157341495,56939100.0
2024-06-25,86.39585876464844,86.44157364927774,85.97530833148477,86.00273447221751,22890200.0
2024-06-26,85.16165161132812,85.45420879951861,85.12508109091512,85.28050057133522,38489100.0
2024-06-27,85.49993896484375,85.67364723822412,85.4085161275808,85.49993896484375,23140800.0
2024-06-28,83.90914154052734,85.72848142543972,83.90914154052734,85.69191787835516,55119600.0
2024-07-01,82.46097564697266,83.53403967307347,82.37842849257231,82.92871719847268,49735400.0
2024-07-02,83.10295867919922,83.28638587281782,82.6168703185409,83.16715889669563,34204700.0
2024-07-03,84.19438171386719,84.27692186390337,83.54319898729322,83.61657267441423,35563300.0
2024-07-05,84.89140319824219,85.04732401882963,84.2860878265886,84.62542885406282,34895500.0
2024-07-08,85.0748519897461,85.15739214659537,84.57959005674887,84.87307783215827,16095700.0
2024-07-09,84.69879150390625,85.00145264896561,84.258563472273,84.80885201046377,30289800.0
2024-07-10,84.96475982666016,85.0014466595943,84.61624540973264,84.79049911954745,23572500.0
2024-07-11,85.79022979736328,86.34051851309036,85.7260295638168,85.91863026445624,49761800.0
2024-07-12,86.15706634521484,86.15706634521484,85.6067707914078,85.78103151659994,27796500.0
2024-07-15,85.16654968261719,85.57009792233495,85.09317600315956,85.29495012301844,37918900.0
2024-07-16,86.36800384521484,86.40469068065345,85.65262804740803,85.78102847279395,36383700.0
2024-07-17,86.38636779785156,86.57896847391325,85.92779276038094,86.13873335912956,29036800.0
2024-07-18,85.72599792480469,86.34048664728806,85.64345079939604,85.91859855436076,34553100.0
2024-07-19,85.22156524658203,85.44168625603396,85.12985165795953,85.331625751308,32164700.0
2024-07-22,84.97394561767578,85.77186160858794,84.65294452953303,85.6618080911098,36160400.0
2024-07-23,84.8547134399414,85.32246189102003,84.82720005998955,85.12068777497439,23498000.0
2024-07-24,83.93756103515625,85.15737215803483,83.89170773565863,84.91891120983101,50757100.0
2024-07-25,84.62541961669922,85.16654170539039,84.34110538205553,84.40530559624277,44999100.0
2024-07-26,85.28575897216797,85.43250630064212,85.02895814463598,85.24907214004944,34423800.0
2024-07-29,85.7443618774414,85.92779609793435,85.49673442640098,85.90944917723503,25801300.0
2024-07-30,86.07453155517578,86.25796576517972,85.57010322158914,85.98281794882364,28169800.0
2024-07-31,86.95500183105469,86.98251521546415,86.4322265353744,86.69820091349949,47445300.0
2024-08-01,87.70497131347656,88.25710140942371,87.53013666901072,87.54853772925024,77254200.0
2024-08-02,90.43798828125,90.5208106035913,89.15890047016579,89.26012385267971,91912900.0
2024-08-05,90.91648864746094,91.96552446087877,90.08830063144032,91.73547262424108,90686300.0
2024-08-06,88.88282012939453,90.55760416258595,88.88282012939453,90.3183482977551,61316900.0
2024-08-07,88.25709533691406,88.7540011560757,87.8798069320178,88.29389745486095,51337100.0
2024-08-08,87.71416473388672,87.78778300718308,87.27246211473346,87.53012607127074,37815800.0
2024-08-09,88.57915496826172,88.83681188402993,88.42271439458153,88.80920678885825,32141800.0
2024-08-12,88.90122985839844,89.09447255336595,88.22947542488069,88.36750792717882,24261400.0
2024-08-13,89.51777648925781,89.5913947676393,89.2417184762654,89.53618456916591,30366900.0
2024-08-14,90.07910919189453,90.32756914176618,89.72943287871972,89.76624202020537,31334100.0
2024-08-15,89.35213470458984,89.35213470458984,88.53315070252455,88.71719638989182,38723700.0
2024-08-16,89.66499328613281,89.75701260351823,89.26930390281402,89.66499328613281,28541000.0
2024-08-19,90.07910919189453,90.32756914176618,89.63741353531854,89.64661055522055,25322100.0
2024-08-20,90.79685974121094,90.97170138855051,90.29074989881364,90.47478856502627,25239300.0
2024-08-21,90.8520736694336,91.28456522144296,90.373561921599,90.79685645506817,29230000.0
2024-08-22,89.95027160644531,90.45638847488509,89.65580552497812,90.39197423895868,33453800.0
2024-08-23,90.5392074584961,90.79686441270024,90.14351798721816,90.35516878281469,32005100.0
2024-08-26,90.30917358398438,90.82448759499083,90.25396337441278,90.81529057381346,23198700.0
2024-08-27,90.15272521972656,90.25394860112355,89.63741129306969,89.71102255357374,21507700.0
2024-08-28,90.04231262207031,90.36438387925479,89.93189220282241,90.18954920856999,18501400.0
2024-08-29,89.7478256225586,89.84904899710766,89.379741262437,89.60059609088509,24988200.0
2024-08-30,88.7907943725586,90.17110522868357,88.77239331688484,89.88584323168412,42896200.0
2024-09-03,90.24299621582031,90.52918658417929,89.93833786297037,90.0675855805178,48947900.0
2024-09-04,91.40625,91.42471094450916,90.29840315566115,90.36302702665373,40885200.0
2024-09-05,91.92321014404297,92.02476291347463,91.1938798197025,91.71087061428457,47450900.0
2024-09-06,91.91399383544922,93.04030146329899,91.57241358480384,91.90476688625041,57406400.0
2024-09-09,92.31096649169922,92.41251927570933,91.54471418072166,91.76628068971081,26961400.0
2024-09-10,92.95721435546875,93.16031992837075,92.15402605630337,92.20018897504382,31703400.0
2024-09-11,92.88336944580078,93.46498426822471,92.64333491315307,92.77258265146949,39497100.0
2024-09-12,92.449462890625,92.8279791536191,92.03402473982638,92.6525684909171,41618700.0
2024-09-13,92.69873046875,92.8833680797799,92.33867515333696,92.7448863497708,25722100.0
2024-09-16,93.54808044433594,93.58500937748487,92.69873611233217,92.90183467944054,30866300.0
2024-09-17,93.09569549560547,93.83425998595358,93.0033766951802,93.67731732088333,31699400.0
2024-09-18,91.94169616699219,92.99415306856162,91.89554028686675,92.54177895640888,48897000.0
2024-09-19,91.63702392578125,91.68317979538314,91.18464991676993,91.32313161251886,39979800.0
2024-09-20,91.28621673583984,91.62780403211352,91.13850806952739,91.38776952544897,37067600.0
2024-09-23,91.09235382080078,91.48009703068863,90.49227101875147,90.93541114681857,35703900.0
2024-09-24,91.07388305664062,91.29544957504616,90.335318603992,90.4738003192977,31005400.0
2024-09-25,90.31686401367188,90.76923107490825,90.2799350840952,90.71384120227978,36738200.0
2024-09-26,90.5291976928711,90.70460834969796,89.93834889916008,90.53843168624967,33332300.0
2024-09-27,91.00003814697266,91.17544881420932,90.66768480035248,90.97234320866659,28317600.0
2024-09-30,90.56611633300781,91.12927012607214,90.3630107625948,91.06464626671094,34175500.0
2024-10-01,91.22000885009766,91.99800835250252,91.12739171239663,91.5071311630759,45254200.0
2024-10-02,90.45128631591797,90.51611902328176,89.8955693199596,90.17342781793879,35810800.0
2024-10-03,89.59917449951172,90.31234122162341,89.59917449951172,90.15488433173563,39677800.0
2024-10-04,88.4970474243164,88.876779891005,88.35811815455767,88.39516643090909,56954100.0
2024-10-07,87.83016204833984,88.23767881405989,87.76532935382299,87.96909126979988,42606600.0
2024-10-08,87.97835540771484,88.01540367429071,87.37633344176696,87.42264554154539,33709600.0
2024-10-09,87.47821807861328,87.9042696289945,87.27446320324853,87.68198002021266,35807700.0
2024-10-10,87.13555145263672,87.14480822185119,86.51500873593754,86.9503100748068,53667400.0
2024-10-11,86.78358459472656,87.12627579754506,86.52425376718179,86.5798297061093,27406400.0
2024-10-14,86.8484115600586,86.85767539363992,86.11673123052945,86.17230009954822,28795300.0
2024-10-15,87.90428161621094,87.98763493119478,87.40414052760114,87.48749384258498,46429100.0
2024-10-16,88.27474212646484,88.5618644507594,88.11729227954407,88.34883866603988,32281500.0
2024-10-17,86.87621307373047,87.46897129903111,86.75580442199927,87.33004204423727,43427200.0
2024-10-18,86.94102478027344,87.32075711432168,86.93176094786239,87.10773843250367,25258600.0
2024-10-21,85.42210388183594,86.21861702379755,85.42210388183594,86.15378431225757,49504700.0
2024-10-22,85.5054702758789,85.91299427717162,85.2924444389568,85.81111327684843,32096900.0
2024-10-23,85.27392578125,85.55178434597836,84.8941932801072,85.06089993946001,33354200.0
2024-10-24,85.82032775878906,86.13522734870234,85.17199385083346,85.42206782280705,32507400.0
2024-10-25,85.33873748779297,86.17230591045808,85.22759267602592,86.12599380566303,28667100.0
2024-10-28,85.10718536376953,85.47766097847067,84.6718770464633,85.45913331130657,33156500.0
2024-10-29,85.23684692382812,85.26463135708626,84.26435642862198,84.44032686133492,46545200.0
2024-10-30,85.4869155883789,86.40383715950045,85.35725019715905,85.9870494880933,41951100.0
2024-10-31,85.62584686279297,86.07968284661764,85.0886646417869,85.3943004872135,52173800.0
2024-11-01,84.41866302490234,85.97990680915832,84.3814967998758,85.73829089606132,80402000.0
2024-11-04,85.72901153564453,86.02639102105361,85.1528356807517,85.75688975457567,49747600.0
2024-11-05,86.18435668945312,86.33304995023053,85.12494202171133,85.52454629744446,46986000.0
2024-11-06,83.82392120361328,84.3071673082148,83.21987420799087,83.3035088664298,98895700.0
2024-11-07,84.87403869628906,85.14353993830106,84.24210646090228,84.33503621226508,56221400.0
2024-11-08,85.95205688476562,86.05428176244615,85.34800272304082,85.49669603242604,56756200.0
2024-11-11,85.53384399414062,85.77546700519308,85.14353480788407,85.72899858726892,22369200.0
2024-11-12,84.25141143798828,85.35728766196833,84.11201324956275,84.91122196711031,57908400.0
2024-11-13,83.45219421386719,85.06919460055222,83.37784757560713,85.05060439594438,49009100.0
2024-11-14,83.93543243408203,84.59524289006491,83.88896401306236,84.15846525678815,53328300.0
2024-11-15,83.71239471435547,84.24210206859908,83.18268736011186,83.56370144785927,73722400.0
2024-11-18,83.86109924316406,84.18635697219831,83.09906381081808,83.32210375937305,36010600.0
2024-11-19,84.28858184814453,84.63242978462368,84.2142422887082,84.40010182242914,29585100.0
2024-11-20,84.01908874511719,84.40939802506462,83.7402923508194,83.77746567606489,27755400.0
2024-11-21,83.95401000976562,84.42796093057318,83.63804745595068,84.05623485719637,28365700.0
2024-11-22,84.0004653930664,84.28854968743993,83.77743261968317,84.11198532480005,21547500.0
2024-11-25,86.17508697509766,86.22154831139169,85.48739113311649,85.68254576175879,56858000.0
2024-11-26,85.84051513671875,85.90556666518529,85.32009581890155,85.64536055131911,31122200.0
2024-11-27,86.43529510498047,86.77913594367502,86.11932539662467,86.4631733254058,39442200.0
2024-11-29,87.3274154663086,87.34599857936922,86.83488143422328,87.15084398684967,31905700.0
2024-12-02,87.53721618652344,87.7983253050716,86.72590675558605,86.97768851570324,39406000.0
2024-12-03,86.78189849853516,87.68646060563722,86.71662118743983,87.59320832045721,32768900.0
2024-12-04,87.71441650390625,87.83565085149863,86.29696357923004,86.3622408761291,35851100.0
2024-12-05,87.89159393310547,88.02214851672205,87.34140063282004,87.39735056445824,23695800.0
2024-12-06,88.02216339111328,88.45112954044092,87.67712215342496,88.32990229650889,31761500.0
2024-12-09,87.21086883544922,87.69579212487736,87.1642462479962,87.6491624227307,30509600.0
2024-12-10,86.800537109375,87.00569636749803,86.64200754253156,86.74458005690109,28706500.0
2024-12-11,85.97989654541016,86.99636543308131,85.89597164218434,86.79120618338484,38748400.0
2024-12-12,84.93547821044922,85.5602763410537,84.86087353717588,85.45769669397616,45368400.0
2024-12-13,84.06822967529297,84.72100286687117,84.00295235613515,84.67438027586941,39486000.0
2024-12-16,84.31999969482422,84.50651137660707,83.97496553423903,84.44123406665636,23482300.0
2024-12-17,84.52516174316406,84.85154830355854,84.35730478143356,84.41325473044591,23839900.0
2024-12-18,83.46823120117188,84.60098668779924,83.44950395610458,84.22652035231756,61328400.0
2024-12-19,82.20439147949219,82.74736721009765,81.92354713570832,82.44779562465153,99083300.0
2024-12-20,82.67247772216797,83.2341807297255,82.65375762167959,82.87843453929234,45542400.0
2024-12-23,81.9141845703125,82.59758605279028,81.85801712930203,82.53205499082803,32764600.0
2024-12-24,82.26058197021484,82.27930207314732,81.42739811386787,81.48356556501668,22377600.0
2024-12-26,82.21375274658203,82.34481486506559,81.63332969161928,81.64269331218233,19981800.0
2024-12-27,81.53974151611328,82.1763322174482,81.50229416399333,81.89548779007674,27262300.0
2024-12-30,82.1950454711914,82.41972240330833,82.07333981193361,82.22312919491216,48519600.0
2024-12-31,81.75505065917969,82.64440193595921,81.68951958765226,82.50397617058583,31917300.0
2025-01-02,81.97972106933594,82.4946131205809,81.64270211622114,82.1950415114067,27841300.0
2025-01-03,81.71760559082031,82.26993790304508,81.61462716949852,82.12015565352786,21962200.0
2025-01-06,81.35250091552734,81.66143617204753,81.13718045549327,81.49292668143208,30231500.0
2025-01-07,80.43506622314453,81.23080278055305,80.31336769066853,81.0716568975417,41757200.0
2025-01-08,80.53805541992188,80.69720132421192,79.89210103593517,80.01380672703571,44590800.0
2025-01-10,80.00442504882812,80.36952775503545,79.7235806591654,79.83591555809004,47115800.0
2025-01-13,79.9763412475586,80.19166170754332,79.61123854170067,80.06995604402324,33258900.0
2025-01-14,79.84528350830078,79.91081458367584,79.4708171594355,79.78911605579403,33412900.0
2025-01-15,81.221435546875,81.42739237637709,80.88441657902628,81.16526095733296,54120700.0
2025-01-16,81.48355102539062,81.82056995684977,80.772065820938,81.10908475239714,34651100.0
2025-01-17,81.62397766113281,81.89546553345647,81.48355191443434,81.84865457044026,29875600.0
2025-01-21,82.35418701171875,82.54141658826482,82.03588816076979,82.27929232416011,30548600.0
2025-01-22,81.92355346679688,82.36355082931313,81.74568036900932,82.26057241926249,25278400.0
2025-01-23,81.2869644165039,81.43674665241102,81.00611290344591,81.10909131541047,31949000.0
2025-01-24,81.65206909179688,81.70823653883967,81.0716459504016,81.18398798683803,21110400.0
2025-01-27,82.6163101196289,82.78481959310233,82.24184382942678,82.5320589540674,42864200.0
2025-01-28,82.56015014648438,82.56950662638201,82.06398530256938,82.23248764893954,25519100.0
2025-01-29,82.39163970947266,82.96269924010247,82.03589349162728,82.78482613117977,25342800.0
2025-01-30,82.70056915283203,83.0469517541331,82.54142328561983,82.76610736652646,25094900.0
2025-01-31,82.15760040283203,83.00014784956429,81.84866514863835,82.73801642208562,48790100.0
2025-02-03,82.82652282714844,83.70965007896764,82.4883014395297,83.22111205675915,70657200.0
2025-02-04,83.08018493652344,83.09897182783106,82.18766065882677,82.25342553015354,33414000.0
2025-02-05,84.45185089111328,84.72430738508031,83.98209979830797,84.0384676357381,48331200.0
2025-02-06,84.4142837524414,84.69613732136469,84.13243735135214,84.42368078282793,22509900.0
2025-02-07,83.8693618774414,84.0384725674888,83.5593315855489,83.84117795707239,31171200.0
2025-02-10,83.6156997680664,84.11363481084314,83.474772997812,83.85997235865183,22736100.0
2025-02-11,83.08018493652344,83.3150605009524,83.0332069565043,83.17413372872835,21513000.0
2025-02-12,81.95279693603516,82.30040823420417,81.6051784700317,82.0091647859362,48536200.0
2025-02-13,83.31504821777344,83.51234280266651,82.74195135163207,82.76073824016993,42718100.0
2025-02-14,83.75662231445312,84.25455733211886,83.72843839539021,83.972703805824,27460700.0
2025-02-18,82.7701644897461,83.46539429641012,82.7137966363999,83.18354786184436,29429200.0
2025-02-19,82.87350463867188,83.0989832043992,82.57286416175732,82.62923201123056,20584300.0
2025-02-20,83.18352508544922,83.39021671490433,83.09896616074808,83.09896616074808,27913400.0
2025-02-21,84.18878173828125,84.48942211636826,83.44657423691571,83.49355220792356,46912300.0
2025-02-24,84.43307495117188,84.61157551546088,83.85997797019918,83.9257428450075,26218000.0
2025-02-25,85.88931274414062,85.96447466084578,85.30682580926289,85.46653950638517,50125100.0
2025-02-26,86.3966293334961,86.4905781285001,85.6826055893652,85.88929723907417,32220200.0
2025-02-27,85.78594970703125,86.23691394904306,85.62623604191948,85.78594970703125,53373600.0
2025-02-28,86.83819580078125,86.88517378179223,85.93627447447201,86.29328275952145,49388600.0
2025-03-03,87.24345397949219,87.3753977015211,86.11250573627477,86.15020496976783,42904200.0
2025-03-04,86.1690444946289,87.45078957518177,86.01824757202597,87.12093029497913,56722000.0
2025-03-05,85.48106384277344,86.5177749246461,85.39624594901723,86.29157949384052,50215900.0
2025-03-06,85.19830322265625,85.57528829694964,84.56685735769035,85.27370167559337,42827500.0
2025-03-07,84.92501068115234,85.91459585240725,84.81191297317079,85.89574263921331,36903600.0
2025-03-10,85.81094360351562,86.35756466953288,85.6789998437464,85.83921623912394,41440800.0
2025-03-11,85.19830322265625,86.22558017995371,84.95326184580671,85.73550461664686,40555700.0
2025-03-12,84.68938446044922,85.17946008167863,84.61398599860067,84.82132817348764,32734600.0
2025-03-13,85.4339370727539,85.49048232988723,84.23700973387702,84.42550590831117,38675400.0
2025-03-14,84.9815444946289,85.207739880128,84.68938444301726,84.83075476135592,24658000.0
2025-03-17,85.4056625366211,85.93343743246099,85.17946713235226,85.57530549462587,26700300.0
2025-03-18,85.49048614501953,85.78264624043823,84.93443858401052,84.95328460709806,23654700.0
2025-03-19,85.93343353271484,85.97113276504882,85.17946326682205,85.46220391413019,31378700.0
2025-03-20,85.9899673461914,86.932426457979,85.9145760819466,86.89472723066042,35645800.0
2025-03-21,85.48106384277344,86.17848896883224,85.40567255623276,86.07481786064497,29192100.0
2025-03-24,84.60456848144531,85.06637871708027,84.53859661783945,85.00982626942248,27985600.0
2025-03-25,84.59515380859375,84.89674051490056,84.35953896959174,84.41608423002606,22333800.0
2025-03-26,84.03910064697266,84.44435846537509,83.9637021713642,84.2464428596987,25095600.0
2025-03-27,83.7940673828125,83.90715790717498,83.53017271504628,83.73751493023678,23674500.0
2025-03-28,84.95327758789062,85.14176656476874,84.64226430468752,84.7082361656342,39869400.0
2025-03-31,85.79207611083984,86.08423621737275,85.16063005267125,85.98057230085658,38824300.0
2025-04-01,86.53549194335938,86.9327529470433,86.2706560850607,86.30849080999421,39800100.0
2025-04-02,86.478759765625,87.36785792857087,85.7504610180168,87.36785792857087,43488400.0
2025-04-03,86.8759994506836,87.70834898781895,86.86653896515175,87.50971487283084,57467400.0
2025-04-04,87.82186126708984,88.99470910934164,87.79348702178142,88.57854148442237,92794200.0
2025-04-07,85.17349243164062,87.19760365474822,84.93703077271462,86.90438629063873,124987600.0
2025-04-08,83.56555938720703,85.31537444125813,83.44260190686417,84.44519715828238,73861900.0
2025-04-09,84.0573959350586,84.0952306677055,81.2387696908819,82.5440354941319,131353500.0
2025-04-10,81.74005889892578,83.4047508837193,81.6738499276336,82.98857608346175,78592000.0
2025-04-11,82.1845932006836,82.57239368886341,80.39694408019918,81.21983304686476,94814100.0
2025-04-14,82.77102661132812,82.96019301883625,82.11839023782412,82.6669829223279,37596400.0
2025-04-15,83.0642318725586,83.41419764393612,82.32647282349261,82.43051650643632,22553900.0
2025-04-16,83.5277099609375,83.70742312203369,82.73320229001355,83.04533339626373,35607300.0
2025-04-17,82.7899398803711,83.42365527966871,82.50619027077191,83.2723235977963,31758400.0
2025-04-21,81.34280395507812,82.35485948307905,81.32389019906987,81.91031044640113,39343200.0
2025-04-22,81.79681396484375,82.30756475870955,81.72114450788712,82.11839833255455,32552100.0
2025-04-23,82.59132385253906,84.23709489664769,82.44944542095938,84.06684222199942,44082200.0
2025-04-24,83.46149444580078,83.56553813972818,83.00749215978692,83.26286754364018,24190800.0
2025-04-25,84.07630157470703,84.28438897605302,83.80200520168154,84.08576206101458,22513900.0
2025-04-28,84.60595703125,84.68162647464361,83.81144952432292,83.85874473050276,20130500.0
2025-04-29,85.31535339355469,85.32481387932036,84.46409729678713,84.4830110520822,22129500.0
2025-04-30,84.62489318847656,85.17348592718736,84.49247524688936,84.9181033139573,42630600.0
2025-05-01,84.19579315185547,84.75589246697511,83.82555629272488,84.73690911849158,29932800.0
2025-05-02,83.28443145751953,83.60719904688862,83.10405707358524,83.26544086826979,32090400.0
2025-05-05,82.81927490234375,82.98066597630603,82.43005464817428,82.92370143846492,22862800.0
2025-05-06,83.09457397460938,83.09457397460938,82.2496736986826,82.4015694638234,21095200.0
2025-05-07,83.44583129882812,83.740120303702,83.3698834127997,83.4648146489407,23161600.0
2025-05-08,82.51549530029297,83.59772742478098,82.48701665114166,83.55975347831601,25483700.0
2025-05-09,82.63890838623047,82.88572816196974,82.51549125557148,82.59143914477865,17007900.0
2025-05-12,81.86993408203125,82.38257137857082,81.82247209183326,82.00283924304654,32115000.0
2025-05-13,81.53768157958984,81.9174137635488,81.16744469199683,81.76551799284962,53912200.0
2025-05-14,80.9965591430664,81.51869175991956,80.88263732408342,81.40476994093657,42119800.0
2025-05-15,81.70854949951172,81.94588117660369,81.14845021811291,81.2908434301377,59448000.0
2025-05-16,81.92691040039062,82.48700976773287,81.83197192075578,82.46802641747938,31778200.0
2025-05-19,81.68956756591797,81.75602014694225,80.53138780281924,80.60733567907216,49361900.0
2025-05-20,81.10099029541016,81.26237411608932,80.74973676558889,81.10099029541016,35493100.0
2025-05-21,79.71497344970703,80.74973619678445,79.51561568860373,80.38899461613879,77053100.0
2025-05-22,80.1326675415039,80.15165088804184,79.07891436034991,79.287760143418,61747900.0
2025-05-23,80.26557922363281,80.52189425807339,80.03773558992089,80.47442502368632,47139200.0
2025-05-27,81.38579559326172,81.67058930803296,80.83518427146575,81.02504674797991,56773400.0
2025-05-28,81.0345458984375,81.20542503254251,80.6643089816749,81.08201514121816,34806800.0
2025-05-29,81.78450775146484,81.88893428205824,81.30034904078536,81.42375892112806,38933200.0
2025-05-30,81.90794372558594,82.08831819821702,81.52821142452684,81.72756925295484,49042100.0
2025-06-02,81.1456298828125,81.4410144069141,80.79306876681142,81.26949917071778,46213100.0
2025-06-03,81.0027084350586,81.6982928320796,80.88836250812622,81.41243891937646,33731300.0
2025-06-04,82.31764221191406,82.56538805027226,81.61252727016468,81.74592719779967,57441500.0
2025-06-05,82.37481689453125,82.83219329744585,82.1556629719013,82.5939780869125,37664700.0
2025-06-06,81.32666015625,81.87932111286958,81.25996019733041,81.7459211950304,38130100.0
2025-06-09,81.41242980957031,81.60299906338163,81.03128403219665,81.03128403219665,26560800.0
2025-06-10,81.83170318603516,82.11756440484619,81.48867263136303,82.04133377719621,24857000.0
2025-06-11,82.07943725585938,82.32718312512254,81.66970677851138,81.76499141445822,36334800.0
2025-06-12,83.06087493896484,83.08945960006201,82.51774456886568,82.7940750757233,43017800.0
2025-06-13,82.26046752929688,82.78453656234423,81.73639122649918,82.64161327044518,49374000.0
2025-06-16,81.4314956665039,82.35577194834794,81.4314956665039,82.02227207081455,36496600.0
2025-06-17,82.42247009277344,82.57493133040285,81.70782439832743,81.94603962980943,34521600.0
2025-06-18,82.5654067993164,82.98466069433782,82.27954559247013,82.78456075744641,38589000.0
2025-06-20,82.41293334960938,82.69879451413546,81.89838761531325,82.0794335041632,26001900.0
2025-06-23,82.67972564697266,83.31814788659189,82.67972564697266,82.83218685934463,36851800.0
2025-06-24,83.28003692626953,83.46107553821338,82.35576076988109,82.39387607496167,32959100.0
2025-06-25,83.3848648071289,83.3848648071289,82.70833439658482,83.00371896843798,26345300.0
2025-06-26,83.80410766601562,83.80410766601562,83.08946203860872,83.46107718328021,30467500.0
2025-06-27,83.27050018310547,84.00420703009905,83.12756961696056,83.44201540852924,74993500.0
2025-06-30,84.0899658203125,84.27101169910715,83.48013548829485,83.71835068891896,53695200.0
2025-07-01,84.2984619140625,84.46105079844568,83.83938655852515,84.28889571590138,38960600.0
2025-07-02,83.76287078857422,83.77242968977531,83.30378814043189,83.3898693293397,39382200.0
2025-07-03,83.17945861816406,83.48551129149804,83.06468612933708,83.37073880267106,26729100.0
2025-07-07,82.3856430053711,82.7873358246747,82.17523039615332,82.76821072241502,38314700.0
2025-07-08,82.28044128417969,82.29000748427855,81.71615952518269,81.84049093897711,31407000.0
2025-07-09,83.14118957519531,83.14118957519531,82.42387803760771,82.4334442345659,29821900.0
2025-07-10,83.1985855102539,83.2655343059608,82.72037774181284,83.04556281872593,24525500.0
2025-07-11,82.05089569091797,82.50997109541846,81.90743189068456,82.47172089243675,40764800.0
2025-07-14,81.87872314453125,82.13695209243426,81.60136180234183,81.8117743582697,24609500.0
2025-07-15,81.30489349365234,82.16566900673192,81.1996871922275,82.14653660817899,40455000.0
2025-07-16,81.41966247558594,81.92656890455119,80.52063671742731,81.56312628390167,65987700.0
2025-07-17,81.4005355834961,81.7639708992834,81.2857630799922,81.50574188748993,31875500.0
2025-07-18,81.52486419677734,81.73527679755675,81.39096659571263,81.70658549688174,27534900.0
2025-07-21,82.25173950195312,82.73951348863531,82.21348200330435,82.4621520960855,40019500.0
2025-07-22,82.74906158447266,82.9881654471492,82.35693504405596,82.41431763609967,35190300.0
2025-07-23,82.28999328613281,82.4430159769489,82.05088940302464,82.29955948458114,31008500.0
2025-07-24,82.14653778076172,82.48128179149532,81.78310246866127,81.82135996944113,25164800.0
2025-07-25,82.66299438476562,82.67256058317052,81.9839402354457,82.0604552289421,27196200.0
2025-07-28,82.1274185180664,82.44303015241397,82.08916101456643,82.24218373169363,26812500.0
2025-07-29,83.51421356201172,83.53333866422665,82.44302541616894,82.47172401479973,47828300.0
2025-07-30,83.08382415771484,83.16989805751608,82.78733036569857,82.9881767621066,40670900.0
2025-07-31,83.13164520263672,83.60029411730746,83.0551302006245,83.33249161026465,49814100.0
2025-08-01,84.31348419189453,84.41909264958304,84.02545979369593,84.06386353510673,63434500.0
2025-08-04,84.54390716552734,84.63031742291604,84.15028159785669,84.44790146546856,36425200.0
2025-08-05,84.80313110351562,84.91833501434647,84.27508876298945,84.34229348589592,28586100.0
2025-08-06,84.31348419189453,84.53430387381542,83.44941832206347,84.33268240021756,42589300.0
2025-08-07,84.16947937011719,84.72632268223305,84.09267188056354,84.4094972813983,29213100.0
2025-08-08,83.80465698242188,83.90066268450217,83.67024753455637,83.87186170635464,21596300.0
2025-08-11,83.9006576538086,84.1694765334212,83.79504919042292,84.0446698606768,20100900.0
2025-08-12,83.47823333740234,83.49743887372034,83.09421050823381,83.43023414613926,41052300.0
2025-08-13,84.16947937011719,84.30388881445337,83.93906422622162,83.94866699360716,30817500.0
2025-08-14,83.54542541503906,84.0158657616414,83.42061874693336,84.0158657616414,33397400.0
2025-08-15,82.9501953125,83.31501991704347,82.80618309433932,83.19981600232748,36343600.0
2025-08-18,82.71016693115234,83.08459425616151,82.55655196460256,83.04619051452406,26777500.0
2025-08-19,83.1902084350586,83.28621413337167,82.99818971366717,82.99818971366717,28780600.0
2025-08-20,83.37261199951172,83.49742599202497,83.10379313065981,83.13259410592755,25912500.0
2025-08-21,82.95978546142578,83.2190015548735,82.67176106891537,83.10379033291642,28643900.0
2025-08-22,83.5742416381836,83.81425955520909,83.2574162297662,83.36302469923866,49871900.0
2025-08-25,83.3342056274414,83.57422349235367,83.19019344354126,83.26700091825653,27011900.0
2025-08-26,83.28620910644531,83.32461284840565,82.77737234380923,83.05579397944808,30259300.0
2025-08-27,83.1902084350586,83.19981120231948,82.56616040887567,82.67176887444964,38142800.0
2025-08-28,83.7374496459961,83.77585339058317,83.19981187130762,83.31501578030354,32205900.0
2025-08-29,83.14220428466797,83.39182496718315,82.9885966279578,83.29581926614361,41686400.0
2025-09-02,82.52349090576172,82.72587159119384,82.37893852517695,82.52349090576172,48760600.0
2025-09-03,83.42938995361328,83.66068111030782,82.77405888246764,82.81260863401896,52499500.0
2025-09-04,84.06544494628906,84.0750768691579,83.43902438700987,83.8630569242376,40501600.0
2025-09-05,85.3471908569336,85.39537988267267,84.94242951013227,85.01952901026958,69668000.0
2025-09-08,86.48439025878906,86.50366881180375,85.88688746237953,85.93506913968895,54538700.0
2025-09-09,85.99288940429688,86.30128005016913,85.76159090543295,86.15672032653242,37126400.0
2025-09-10,86.48439025878906,86.80242021000852,85.95434769270364,86.15672838367593,40713600.0
2025-09-11,87.06260681152344,87.19753460147155,86.63857430244508,86.64821357728688,46694400.0
2025-09-12,86.68677520751953,86.71569303846191,86.2434640503853,86.57113329420609,32968600.0
2025-09-15,86.88915252685547,87.1782646270365,86.80241374997198,86.8795132510655,24820100.0
2025-09-16,87.07225036621094,87.21681008549398,86.77349900494201,86.82168067629452,26794200.0
2025-09-17,86.85060119628906,87.73722338489542,86.60967077421475,87.41919346313021,49121800.0
2025-09-18,85.95433807373047,86.22417896482952,85.67485790720279,86.02179829650522,55717900.0
2025-09-19,85.7905044555664,85.99289248748198,85.56885257697427,85.83869348271072,32509200.0
2025-09-22,85.48210906982422,85.68449709054383,85.32791742619598,85.59775831700502,24758200.0
2025-09-23,86.07962799072266,86.11817774374154,85.53030687727737,85.74232684257443,26689000.0
2025-09-24,85.75196838378906,85.92543860064879,85.4821201055299,85.84833909257473,28098000.0
2025-09-25,85.75196838378906,85.80015006187502,85.25082893392153,85.62667984501529,29882500.0
2025-09-26,85.67486572265625,86.2241868303933,85.47248503587035,85.76159715158728,30955100.0
2025-09-29,86.37837982177734,86.48438980496087,86.02180747162694,86.0507179483836,32286200.0
2025-09-30,86.12781524658203,86.77350705297148,85.97361623768181,86.40729543575361,38584000.0
2025-10-01,86.3502426147461,86.68871783980225,86.15682293028075,86.50497098411182,39408900.0
2025-10-02,86.60167694091797,86.73706701909867,86.25352891753734,86.36957333986028,23208300.0
2025-10-03,86.43726348876953,86.76607321589591,86.33088452218794,86.67903252587213,25884500.0
2025-10-06,85.75064849853516,86.22452116882218,85.73131022013042,85.7893324335508,28371000.0
2025-10-07,86.2438735961914,86.43728592479422,85.88605267224808,86.04078843769624,29103300.0
2025-10-08,86.31156158447266,86.66938247912856,86.1955097698853,86.65003682092727,22506200.0
2025-10-09,86.2438735961914,86.35025259038517,86.07947237905829,86.23420076629905,21578700.0
2025-10-10,87.6364517211914,87.73315786976671,86.94015564631927,87.01752351646199,59389400.0
2025-10-13,87.58809661865234,87.59776944715516,86.90147335907979,87.30764361772164,28035500.0
2025-10-14,87.8685531616211,87.92657537856418,87.45271005771353,87.66546802411368,29800000.0
2025-10-15,87.67514038085938,88.29406861894131,87.49139352392028,87.96525884221907,31333900.0
2025-10-16,88.3327407836914,88.4874765246177,87.472043514856,87.53973855695969,39631200.0
2025-10-17,88.19734191894531,88.28438260910252,87.90722350090076,88.24569867772216,40240400.0
2025-10-20,88.53584289550781,88.54550834670987,88.27472814891186,88.44880218724015,28429300.0
2025-10-21,88.97103118896484,89.154778070925,88.88399785216745,88.96135835880705,24514300.0
2025-10-22,89.02904510498047,89.14509692142086,88.79694885030658,88.96135005660862,30496200.0
2025-10-23,88.4197998046875,88.767947915708,88.28440969242484,88.59387386019775,28275100.0
2025-10-24,88.45845794677734,88.58417519200755,88.15866669681,88.57450236446503,28266000.0
2025-10-27,88.75827026367188,88.76794309351024,88.09098519076397,88.31341600780239,30033600.0
2025-10-28,88.9903564453125,89.14509219235778,88.78727131097047,88.82595524773178,23564500.0
2025-10-29,88.09097290039062,88.86463685895764,88.02327785738149,88.85496403046882,39551600.0
2025-10-30,87.57842254638672,87.97492734910105,87.37533741994994,87.41402135520546,42649200.0
2025-10-31,87.31732177734375,87.67514267173082,87.23028107191693,87.57842913721063,38247300.0
2025-11-03,87.09893035888672,87.17657771878741,86.78834832414375,86.98246672389548,40752300.0
2025-11-04,87.29306030273438,87.40952395312738,87.09894187731139,87.13776556239598,26383800.0
2025-11-05,86.34188842773438,86.91452845965348,86.26424106665044,86.87570477911152,44643400.0
2025-11-06,87.11835479736328,87.2057025325262,86.8951204660682,86.92423637778919,33027400.0
2025-11-07,86.93394470214844,87.2251186309287,86.7301259139465,86.7301259139465,28530100.0
2025-11-10,86.9145278930664,87.03099152907318,86.75923317191089,86.85628867020316,24093500.0
2025-11-11,87.31246948242188,87.41923276646048,87.1377665998915,87.30276170981995,18942300.0
2025-11-12,87.46774291992188,87.66185389551525,87.23480086337894,87.30274044532253,23594900.0
2025-11-13,86.7495346069336,87.29305878379962,86.7495346069336,87.15717959079828,33825900.0
2025-11-14,86.2545394897461,87.19598596145272,86.2545394897461,87.14746191510113,38550500.0
2025-11-17,86.46805572509766,86.67188188946791,86.3612998647574,86.45835535906826,25605800.0
2025-11-18,86.4389419555664,86.81746357614414,86.18659914508775,86.72040807943237,31967400.0
2025-11-19,86.26424407958984,86.68158940391764,86.23512816938143,86.60394944498191,25782400.0
2025-11-20,86.60395812988281,86.78836138131538,86.37101601513496,86.37101601513496,32945000.0
2025-11-21,86.8659896850586,87.03098475980812,86.57481580796943,87.01157662360318,41938600.0
2025-11-24,87.36100006103516,87.41923188633872,87.13776572260349,87.3027608308708,30865700.0
2025-11-25,87.58422088623047,87.92391885157774,87.4774576107127,87.65216047929992,36503300.0
2025-11-26,87.97245025634766,87.97245025634766,87.18629105057774,87.4968731051291,34099000.0
2025-11-28,87.55510711669922,87.86568917902038,87.30275687704437,87.7977495842895,40704300.0
2025-12-01,86.46515655517578,86.67944562479141,86.40671678393645,86.54308120436393,47086600.0
2025-12-02,86.50411987304688,86.65022673412642,86.16320881806368,86.28009579318805,27605700.0
2025-12-03,86.74763488769531,86.8450444227518,86.4359436969054,86.61127045618123,23278600.0
2025-12-04,86.28009033203125,86.62100136543624,86.18268824124456,86.60152391980017,25541500.0
2025-12-05,85.8807373046875,86.25087567593692,85.7638577611802,86.25087567593692,32808100.0
2025-12-08,85.59827423095703,85.90996542903932,85.28658303287474,85.90023042034925,32255200.0
2025-12-09,85.68592834472656,86.05605926408253,85.5592989378997,86.04631682556435,25771800.0
2025-12-10,86.01708984375,86.22163644793493,85.57877675353981,85.71514115632976,46833500.0
2025-12-11,85.90020751953125,86.52358974950342,85.8709876386423,86.3872253511534,26778700.0
2025-12-12,85.07227325439453,85.22812253119108,84.92617384652594,85.11123557359366,47030100.0
2025-12-15,85.1307373046875,85.59827036504335,85.12099486513308,85.44242848869274,28611800.0
2025-12-16,85.59827423095703,85.63723655963035,84.90670961744021,84.92619449742905,41018700.0
2025-12-17,85.52034759521484,85.7054093469206,85.30605852674167,85.35475585874697,24668300.0
2025-12-18,85.929443359375,86.08528523016007,85.78333649649268,85.84177626912411,39048900.0
2025-12-19,85.60871887207031,85.81406155578654,85.47182374959283,85.66738607878219,37858100.0
2025-12-22,85.42292022705078,85.5207013811029,85.3153587195263,85.48158742743728,25547100.0
2025-12-23,85.55982208251953,85.63804999602027,85.10024241598323,85.1393563727336,33624100.0
2025-12-24,86.07805633544922,86.12695063927562,85.7064849911279,85.81404649136731,25942000.0
2025-12-26,85.79450225830078,86.21496798717799,85.65760713357098,86.14652042481308,26522700.0
2025-12-29,86.1171875,86.1171875,85.84339724838158,85.99984562349574,29399800.0
2025-12-30,85.91182708740234,86.08783613573509,85.72603768632243,85.7944852351061,25106800.0
2025-12-31,85.22736358642578,85.96073348092025,85.19802252405755,85.73583009744324,36500000.0
2026-01-02,85.10025024414062,85.47182913733752,85.09046988899725,85.46204878219416,40731300.0
2026-01-05,85.52070617675781,85.57937338043412,85.1784683882722,85.24691594596932,30178000.0
2026-01-06,85.3447036743164,85.40337088250823,84.97313225539352,85.21758890315921,39015200.0
2026-01-07,85.84339141845703,86.05851444732599,85.54026758335496,85.89227826851176,39930900.0
2026-01-08,85.41313171386719,85.60870146351203,85.31535056915634,85.39357846901427,28204900.0
2026-01-09,85.98028564453125,86.04873320207848,85.18824855573843,85.36425762660619,57348800.0
2026-01-12,85.72603607177734,85.96071977194988,85.47180658692518,85.5598073793225,36103100.0
2026-01-13,85.87273406982422,85.960742345556,85.59894380794776,85.93140128016199,30451400.0
2026-01-14,86.37142181396484,86.46920297789582,85.94117574039902,85.96073644931998,39233500.0
2026-01-15,86.35185241699219,86.69409764665347,86.35185241699219,86.67453693970056,37988900.0
2026-01-16,85.8531723022461,86.36163881525353,85.76516403524566,86.17584938731602,46382400.0
2026-01-20,84.72866821289062,85.10023959938444,84.62110670044324,84.70910750505064,66009500.0
2026-01-21,85.37403106689453,85.54026724505131,84.69933584110264,84.87534491309711,51220100.0
2026-01-22,85.74560546875,85.81405302318291,85.20779792661718,85.3349126819286,42419300.0
2026-01-23,85.98028564453125,86.0780668038524,85.55981994524849,85.8825044852101,35968800.0
2026-01-26,86.39096069335938,86.52785579213807,86.24428524174695,86.43985499730464,38882400.0
2026-01-27,85.8531723022461,86.29319125657514,85.73583043298697,86.15629613921836,35180100.0
2026-01-28,85.65760803222656,85.75538919945586,85.35448417574824,85.56960721978764,38750300.0
2026-01-29,85.67716217041016,85.7944965779959,85.14913495560148,85.21758251343459,43855000.0
2026-01-30,85.1980209350586,85.61848663180244,85.1980209350586,85.44247756199748,45832200.0
2026-02-02,84.95458984375,85.45518340380919,84.95458984375,85.4159198422589,38171400.0
2026-02-03,85.16073608398438,85.18036412456544,84.8368172486949,84.89570885919835,27438200.0
2026-02-04,84.94479370117188,85.1803676416728,84.86626655808472,85.03313112057451,37872900.0
2026-02-05,85.86746215820312,85.86746215820312,85.15091513921071,85.32759745288281,50268900.0
2026-02-06,85.92635345458984,85.92635345458984,85.59261686830514,85.83800855369451,33461800.0
2026-02-09,85.9067153930664,85.96561448817994,85.42574980073746,85.59261434457979,24708900.0
2026-02-10,86.89810180664062,86.89810180664062,86.59381851535034,86.61344655498588,37253700.0
2026-02-11,86.43675994873047,86.8490236481931,86.3189767392493,86.41713191007011,37014000.0
2026-02-12,87.585205078125,87.63427892275033,86.72142153860668,86.73123930303576,48454900.0
2026-02-13,88.066162109375,88.15449951434705,87.86984428372713,87.97781721564363,56785200.0
2026-02-17,88.21340942382812,88.45880111941028,88.10543647867115,88.27230103436457,32356700.0
2026-02-18,87.87967681884766,88.20359566904449,87.8207852056339,88.03673110576513,35415400.0
2026-02-19,87.968017578125,88.06617275843831,87.72262588296161,87.75207168817958,28658600.0
2026-02-20,87.76187896728516,88.085790274743,87.29072367380932,88.04652670955673,49610800.0
2026-02-23,88.08580017089844,88.34100962890145,87.87967204708222,87.89930757626101,33614600.0
2026-02-24,88.24284362792969,88.39008012367405,88.10542489557075,88.29191746733831,24933900.0
2026-02-25,88.2526626586914,88.41952719484367,88.0563448319599,88.0563448319599,23625800.0
2026-02-26,88.60601806640625,88.65509939433569,88.39007969429066,88.39988996886918,29447100.0
2026-02-27,89.14588165283203,89.18514521695434,88.88086195595538,89.01828068600389,51272000.0
2026-03-02,88.25067138671875,88.62490431285235,88.0044637347111,88.61506141660814,55465500.0
2026-03-03,88.07341003417969,88.30976729897864,87.59084509373041,87.6302392234739,51850400.0
2026-03-04,87.79766082763672,88.08326264014799,87.74841628581464,87.91583570615023,47069500.0
2026-03-05,87.443115234375,87.59084133616027,87.16736385166205,87.28553872216094,45768900.0
2026-03-06,87.11811828613281,87.59084030354036,86.68479039631436,86.98024259640177,58136900.0
2026-03-09,87.8764419555664,87.96507310725676,86.87191048777309,86.96054915312499,52478700.0
2026-03-10,86.94084930419922,87.60068404191813,86.9309988937919,87.45296545411661,48651500.0
2026-03-11,85.81814575195312,86.4779805111776,85.75905831490671,86.4188930741312,54679900.0
2026-03-12,85.65072631835938,85.9264777093956,85.46360608287256,85.59163888132643,48977000.0
2026-03-13,85.22725677490234,85.82800415300818,85.15831892070966,85.61134017878474,43460000.0
2026-03-16,85.8870849609375,86.01511024778772,85.64087728445952,85.85754124194607,37341500.0
2026-03-17,86.1234359741211,86.24161835516901,85.99541069656527,86.03480482358125,19578100.0
2026-03-18,85.64087677001953,86.15299294166819,85.61133305120556,86.03481055275036,37596600.0
2026-03-19,86.16283416748047,86.39919894073124,85.65072551942744,85.73935667415012,60307400.0
2026-03-20,84.52802276611328,85.54239720871027,84.45908491604345,85.49315266709091,78948500.0
2026-03-23,85.07952117919922,85.40451710433817,84.63635038212738,84.8727076396549,69686700.0
2026-03-24,84.70529174804688,84.98104314556309,84.26211341889976,84.41968993957306,51799400.0
2026-03-25,85.52268981933594,85.56208394687394,85.16815769881703,85.4340586676216,37861000.0
2026-03-26,84.80377197265625,85.29618732146338,84.62650214653921,85.03027882545685,39537000.0
2026-03-27,84.34090423583984,84.7939254760148,84.15378399028369,84.20302853290234,39928900.0
2026-03-30,85.46360778808594,85.63102720546095,85.17800598062512,85.3158816788942,36473200.0
2026-03-31,85.37496948242188,85.83784107942468,85.25678710223136,85.61132672914152,47112200.0
2026-04-01,85.29093170166016,85.73587325079048,85.26126993754262,85.31070369651063,31157600.0
2026-04-02,85.81497192382812,85.87429544902584,85.18216250944175,85.24148603463945,33310600.0
2026-04-06,85.67654418945312,85.8742942999215,85.4194630108977,85.52822783476026,14660300.0
2026-04-07,85.66665649414062,85.70620802592816,84.94486178414724,85.54800189877801,22747200.0
2026-04-08,85.94351196289062,86.38846104959337,85.75565161149855,86.37857128046215,22244900.0
2026-04-09,85.72598266601562,86.15115221625086,85.41946771480542,85.71610044052622,18909100.0
2026-04-10,85.51834106445312,85.70620895656306,85.36014247926853,85.62710589212904,13247700.0
2026-04-13,85.77542114257812,85.82486244313075,85.28103831178517,85.46890620146516,12719700.0
2026-04-14,86.23025512695312,86.25991689073507,85.65676921489043,85.72598251160947,16606900.0
2026-04-15,85.85452270507812,86.09182434747889,85.75564764938473,86.0423830477906,15119600.0
2026-04-16,85.31069946289062,85.99295017847123,85.231596400047,85.94350887827315,20001000.0
2026-04-17,86.0918197631836,86.2302463425199,85.91384165493935,86.07204777057103,29604100.0
2026-04-20,86.07205963134766,86.1511551563801,85.73587536114536,86.13138316104295,14623500.0
2026-04-21,85.5974349975586,86.11158977416403,85.55788346956085,85.99294273385343,19798700.0
2026-04-22,85.7655258178711,86.18081310203435,85.73586405693432,86.07204828281097,13676800.0
2026-04-23,85.57766723632812,86.06216027680907,85.2711447651119,85.85452040231723,21106700.0
2026-04-24,85.73587036132812,85.84463518854928,85.28103905825941,85.48867894376795,22285700.0
2026-04-27,85.31069946289062,85.64688370813444,85.221714174954,85.51833934509271,19250100.0
2026-04-28,85.39968872070312,85.39968872070312,84.97451920531519,85.1524973174237,14553600.0
2026-04-29,84.73721313476562,85.02395607832906,84.58890432230456,85.02395607832906,29020800.0
2026-04-30,84.65811157226562,84.93496472733936,84.43069216992208,84.92507495932024,28516200.0
2026-05-01,84.96080780029297,85.3478497691041,84.69285100863003,84.85164134021396,21281000.0
2026-05-04,84.31572723388672,84.71269545319674,84.11724691000123,84.70276916554077,27226000.0
2026-05-05,84.78216552734375,84.84170811104691,84.44473988610122,84.5042900413435,18226500.0
2026-05-06,85.42723846435547,85.5165523404517,85.26844814479885,85.3974671723234,22530700.0
2026-05-07,85.00049591064453,85.63564202311937,84.95087204466975,85.62571573561664,21178300.0
2026-05-08,85.42723846435547,85.62571879226208,85.33791701672008,85.40738588864131,30797600.0
2026-05-11,84.91117858886719,85.26844924092312,84.84170971605293,85.22875166052366,17713700.0
2026-05-12,84.34550476074219,84.55391138769059,84.27603588509271,84.54399267084035,27680600.0
2026-05-13,84.15695190429688,84.40505611678414,83.94853770285265,84.29588965756658,26295100.0
2026-05-14,84.27603149414062,84.73254230627192,84.26611277780718,84.61345713795717,25247200.0
2026-05-15,83.02558898925781,83.33323575905032,82.95611254803866,83.23399559829843,50796000.0
2026-05-18,82.92634582519531,83.28361648081449,82.68816791196232,83.06528357220951,26166200.0
2026-05-19,82.39044189453125,82.59885609178454,82.14233768703303,82.33089930762432,35346600.0
2026-05-20,83.27369689941406,83.36301077662159,82.41029156204492,82.43013656646683,44498000.0
2026-05-21,83.58133697509766,83.62103455229482,82.69808670419228,82.98588846021765,24887000.0
2026-05-22,84.03784942626953,84.03784942626953,83.50194348076187,83.9683805576781,27987700.0
2026-05-25,,,,,
2026-05-26,84.45466613769531,84.73254162357644,84.2561858110771,84.69284404394497,22531200.0
2026-05-27,84.65316009521484,84.83179543057335,84.50429605382614,84.60353622423871,23589600.0
2026-05-28,85.08981323242188,85.19897968476,84.62337613089335,84.71269757896054,25417300.0
2026-05-29,85.10967254638672,85.30815289096658,84.9012659131159,85.15928884676178,33118600.0
2026-06-01,85.1554946899414,85.225236804786,84.48796193338315,84.61748083200298,26322400.0
2026-06-02,85.3348388671875,85.50421150111887,85.18538929552764,85.48428843884736,20319000.0
2026-06-03,84.99608612060547,85.11564729837,84.78685976050826,84.9761630583052,15372000.0
2026-06-04,85.18538665771484,85.39461301103145,85.10567920845497,85.29498250011699,15866500.0
2026-06-05,84.74700164794922,85.03593544493378,84.60751741510434,84.67725953152677,26461200.0
2026-06-08,84.30862426757812,85.01601074950005,84.30862426757812,84.91638024242889,22922700.0
2026-06-09,84.8067855834961,84.8665623683059,84.46803273315918,84.65733602015099,22617700.0
2026-06-10,84.56766510009766,84.98612540692422,84.38832714040647,84.80678744723303,21258300.0
2026-06-11,85.66361999511719,85.72339677878017,84.72707651068833,84.85659540906492,35190500.0
2026-06-12,85.45439147949219,85.51417586827432,85.09572315340384,85.32487257288587,23092600.0
2026-06-15,85.40457916259766,85.79314347981969,85.35476010600168,85.64369391135257,17632700.0
2026-06-16,85.87284851074219,86.06214419756851,85.61380310611806,85.64369149870535,26472500.0
2026-06-17,86.01233673095703,86.27137454626873,85.61380707490393,86.01233673095703,34507500.0
2026-06-18,86.4307861328125,86.85920416639972,86.33115562295235,86.74960832515737,32350900.0
2026-06-22,85.77320861816406,86.01233095653505,85.65365505029901,85.98244256456879,28595100.0
2026-06-23,85.88280487060547,86.11196187898649,85.78317436313043,85.80310502541772,19145500.0
2026-06-24,87.05846405029297,87.14813682892164,86.7994262483003,86.82931464073634,41837000.0
2026-06-25,87.02857971191406,87.46696309158528,86.96880292425742,87.25773673346609,28380000.0
2026-06-26,87.03854370117188,87.04850903273459,86.67986777812226,86.68983310968497,21650800.0
2026-06-29,87.12820434570312,87.21787712245789,86.97876238664584,87.03853917026876,19457200.0
2026-06-30,86.10199737548828,86.859202921954,86.06214365185109,86.82931452955623,31079500.0
2026-07-01,85.5199966430664,85.79000091552734,85.43000030517578,85.4800033569336,28109800.0
2026-07-02,85.51000213623047,85.77999877929688,85.37000274658203,85.37999725341797,20816300.0
2026-07-06,85.44999694824219,85.4800033569336,85.18000030517578,85.43000030517578,17940900.0
2026-07-07,84.55000305175781,85.16999816894531,84.54000091552734,85.12000274658203,24816400.0
2026-07-08,84.36000061035156,84.44999694824219,84.05999755859375,84.30999755859375,25806600.0
2026-07-09,84.48999786376953,84.68000030517578,84.26000213623047,84.27999877929688,18625300.0
2026-07-10,84.47000122070312,84.62999725341797,84.27999877929688,84.51000213623047,14454100.0
2026-07-13,83.97000122070312,84.27999877929688,83.93000030517578,84.19000244140625,18742500.0
2026-07-14,84.08000183105469,84.5,84.04000091552734,84.18000030517578,23793500.0
2026-07-15,84.23999786376953,84.41000366210938,84.08000183105469,84.08000183105469,17837800.0
2026-07-16,84.20999908447266,84.22000122070312,83.79000091552734,83.83999633789062,20817800.0
2026-07-17,84.5199966430664,84.81999969482422,84.48999786376953,84.62000274658203,22065600.0
2026-07-20,83.88999938964844,84.33999633789062,83.81999969482422,84.30999755859375,24289000.0
2026-07-21,83.66000366210938,83.7699966430664,83.43000030517578,83.73999786376953,14287500.0
2026-07-22,83.44000244140625,83.69999694824219,83.37999725341797,83.61000061035156,15988400.0
2026-07-23,83.16999816894531,83.25,82.95999908447266,82.98999786376953,29152800.0
2026-07-24,83.25,83.66000366210938,83.2300033569336,83.30999755859375,15106000.0
2026-07-27,83.75,83.87000274658203,83.5199966430664,83.7300033569336,23816200.0
2026-07-28,84.23999786376953,84.33999633789062,83.8499984741211,83.86000061035156,25366900.0
2026-07-29,82.8499984741211,84.1500015258789,82.69999694824219,84.0999984741211,41445200.0
2026-07-30,82.80000305175781,82.9000015258789,82.5199966430664,82.80999755859375,40407300.0
2026-07-31,82.25,82.44999694824219,81.88999938964844,82.44999694824219,50280200.0
