Date,Close,High,Low,Open,Volume
2016-08-01,27.232961654663086,27.381694949772257,27.20321726512257,27.344512335207877,10705200.0
2016-08-02,27.099102020263672,27.2180880891893,26.994989564560203,27.2180880891893,7383400.0
2016-08-03,26.994993209838867,27.002431435880197,26.846259894384662,26.890880740076536,7072300.0
2016-08-04,27.151147842407227,27.17345967211526,27.039600041269328,27.106529856692294,7456400.0
2016-08-05,27.24783706665039,27.262710680828366,27.12141560141534,27.158598218434364,4473600.0
2016-08-08,27.33707046508789,27.35194407630074,27.299887855481398,27.32219969072631,4865100.0
2016-08-09,27.560176849365234,27.63454208221248,27.433752549302767,27.47837339112219,7133900.0
2016-08-10,27.656843185424805,27.76839383968667,27.641969575733157,27.76839383968667,4781100.0
2016-08-11,27.865079879760742,27.924571500881648,27.768402803980884,27.790711807294738,3871100.0
2016-08-12,27.790708541870117,27.909694606982896,27.753525928432044,27.894820994237353,3882600.0
2016-08-15,27.909692764282227,27.97662259879243,27.872510153299086,27.894819152518696,6785800.0
2016-08-16,27.842761993408203,27.924565436930855,27.827888382144877,27.85763560467153,6848000.0
2016-08-17,27.842761993408203,27.894818214404204,27.641972496630224,27.775832161148877,6099900.0
2016-08-18,27.984058380126953,27.984058380126953,27.820451501862152,27.85019872279232,4580100.0
2016-08-19,27.77583122253418,27.798143057100837,27.627100788629456,27.708901392536582,5043300.0
2016-08-22,27.79814910888672,27.82045811145896,27.641977580325594,27.701472036320652,4844400.0
2016-08-23,27.917139053344727,28.036125144974527,27.909700826888503,27.99894252325,7786300.0
2016-08-24,27.8353271484375,27.94687781665982,27.7981445379805,27.924565980904557,9368300.0
2016-08-25,27.746089935302734,27.81301977277206,27.71634271046048,27.73865171066642,4531800.0
2016-08-26,27.5527400970459,28.0286844211584,27.44862763075278,27.805585873837156,8167800.0
2016-08-29,27.656843185424805,27.67171679511645,27.500674538938974,27.51554814863062,4362900.0
2016-08-30,27.59735870361328,27.716344774993825,27.552737863026184,27.6791621595971,4919800.0
2016-08-31,27.500682830810547,27.604795293192584,27.418879371266996,27.5824862903541,5791700.0
2016-09-01,27.731216430664062,27.738651818477774,27.56760953024727,27.649412980455665,5829300.0
2016-09-02,28.013813018798828,28.058433866527757,27.894826928373842,27.984068623831707,5723200.0
2016-09-06,28.28152847290039,28.288966698240166,28.110486169158538,28.132798008326095,5048700.0
2016-09-07,28.28152847290039,28.39307915818288,28.22947224292903,28.378205544355094,5116800.0
2016-09-08,28.222042083740234,28.355901796141556,28.19229485057276,28.266660096639143,8884200.0
2016-09-09,27.62710189819336,27.984060060233045,27.619663674088677,27.984060060233045,7267600.0
2016-09-12,27.842761993408203,27.85763560467153,27.374256004444195,27.426312225440196,6300300.0
2016-09-13,27.256244659423828,27.517750913127216,27.14417299369952,27.487863995531402,11134200.0
2016-09-14,27.241304397583008,27.40567961347724,27.196476866101797,27.241304397583008,9598400.0
2016-09-15,27.480396270751953,27.532696961791782,27.1890058920518,27.22636312134112,9381500.0
2016-09-16,27.144176483154297,27.211417781128922,27.091872945551195,27.18153370986477,7787700.0
2016-09-19,27.3234920501709,27.480394110958827,27.286134823817633,27.45051003998042,7653400.0
2016-09-20,27.443037033081055,27.58499563406098,27.435566727839454,27.56258186816249,5993200.0
2016-09-21,27.96604347229004,28.01087384899783,27.652236535682235,27.74936759346243,10972100.0
2016-09-22,28.24249267578125,28.42181134729138,28.20513545051727,28.36203750673014,4444200.0
2016-09-23,27.9735164642334,28.085590991683844,27.973516464233402,28.018346845248303,4717600.0
2016-09-26,27.72696304321289,27.801677512378376,27.697076115476975,27.756849970948807,9302800.0
2016-09-27,27.8614444732666,27.883858238434883,27.60741135072288,27.629825115891162,5045600.0
2016-09-28,28.108007431030273,28.108007431030273,27.786730128627635,27.928691590259533,5659800.0
2016-09-29,27.764324188232422,28.10054504718038,27.682136550470176,28.063187807336096,6147200.0
2016-09-30,27.951099395751953,28.040757297013005,27.794197356001796,27.861441494490904,5468900.0
2016-10-03,27.898794174194336,27.951094845597037,27.831550046651888,27.906264477177796,6687000.0
2016-10-04,27.81661605834961,28.040762276391966,27.726958141167422,27.988461587187878,7483400.0
2016-10-05,27.96604347229004,28.003400694459852,27.88385587341244,27.921213095582253,5694900.0
2016-10-06,27.81661605834961,27.8539732863277,27.734428446693524,27.824089214049504,3518100.0
2016-10-07,27.637306213378906,27.72696414999123,27.443044025515388,27.71202068552677,5814300.0
2016-10-10,27.749372482299805,27.83156009565708,27.63730079604577,27.63730079604577,3996500.0
2016-10-11,27.345909118652344,27.61488574115942,27.271194656922166,27.61488574115942,5274900.0
2016-10-12,27.30854606628418,27.38326336226051,27.233831620481265,27.330962680163786,6390900.0
2016-10-13,27.233835220336914,27.293606214845287,26.949915158444224,27.0321027697953,4618700.0
2016-10-14,27.256244659423828,27.472920536733493,27.256244659423828,27.41314670154186,8612700.0
2016-10-17,27.21141815185547,27.286135456468056,27.166590619261655,27.233834768326115,9982600.0
2016-10-18,27.502809524536133,27.57005366910169,27.450508839893313,27.547637054130803,4969200.0
2016-10-19,27.59993553161621,27.65970936652708,27.53269139242814,27.53269139242814,4518800.0
2016-10-20,27.59993553161621,27.65223621207656,27.487863866418312,27.517750783873748,10378900.0
2016-10-21,27.540172576904297,27.540172576904297,27.37579733314502,27.413154565770085,4023500.0
2016-10-24,27.502809524536133,27.607410893821765,27.435565379970573,27.57005366910169,4953800.0
2016-10-25,27.480396270751953,27.525226656003476,27.390738350422804,27.480396270751953,5510300.0
2016-10-26,27.345909118652344,27.435569892937384,27.286138119303008,27.345909118652347,5511400.0
2016-10-27,27.316020965576172,27.428092641438294,27.28613404527684,27.428092641438294,10445200.0
2016-10-28,27.301076889038086,27.37579133792597,27.23383274496958,27.278660274232898,6561100.0
2016-10-31,27.278656005859375,27.33095953210504,27.188998111188248,27.278656005859375,18429300.0
2016-11-01,27.20395278930664,27.39821211624786,27.114294857654865,27.39821211624786,6305300.0
2016-11-02,27.002212524414062,27.20394495012938,26.97232560575103,27.181531186218823,5851600.0
2016-11-03,26.98727035522461,27.136702105510007,26.957386285306388,27.12175864546411,7686200.0
2016-11-04,26.76313018798828,26.912561971959484,26.755659881368118,26.845317811681152,6716500.0
2016-11-07,27.129234313964844,27.129234313964844,27.009689472695996,27.076933624045587,4577600.0
2016-11-08,27.196483612060547,27.271198083177584,27.009694584093577,27.032108355393813,5014900.0
2016-11-09,27.151647567749023,27.271192406757997,26.912557889731072,26.912557889731072,9636800.0
2016-11-10,27.061986923217773,27.20394551455236,26.875197952958512,27.151644830893645,6318300.0
2016-11-11,26.845312118530273,26.94991349007478,26.718294131530786,26.912556264547973,5972100.0
2016-11-14,26.725770950317383,26.740714412611283,26.61369640820013,26.65852679508183,8338300.0
2016-11-15,26.89014434814453,26.89014434814453,26.658524973675153,26.69588220177052,9805200.0
2016-11-16,26.64358139038086,26.725769001918557,26.613694467971918,26.65852485158533,12684400.0
2016-11-17,26.822900772094727,26.88267176829295,26.740713158420032,26.763126925722634,9553200.0
2016-11-18,26.583803176879883,26.65851761243967,26.538972805440196,26.65104445877988,7158200.0
2016-11-21,26.81542205810547,26.82289521243993,26.688406936152344,26.695877240313532,7021900.0
2016-11-22,26.897605895996094,26.905076199113356,26.77806109490969,26.897605895996094,8564700.0
2016-11-23,26.80048179626465,26.80048179626465,26.60622251299726,26.64357973860557,9165900.0
2016-11-25,26.852783203125,26.882670124483532,26.807955671260892,26.882670124483532,3040500.0
2016-11-28,26.755653381347656,26.837838134900345,26.74070992156348,26.82289752528969,8419500.0
2016-11-29,26.90508460998535,26.95738814884848,26.71829562175943,26.76312600499621,6618100.0
2016-11-30,26.86772918701172,26.98727403349888,26.83784226284644,26.98727403349888,9457100.0
2016-12-01,26.80048179626465,26.90508316803737,26.778068030934385,26.87519909765489,11308100.0
2016-12-02,26.87519645690918,26.9274971376565,26.748178482113314,26.748178482113314,5816100.0
2016-12-05,27.08440589904785,27.159120361458367,26.9648610490866,27.01716174280877,8858000.0
2016-12-06,27.271196365356445,27.293610135244833,27.10682111904376,27.114294275789355,6882900.0
2016-12-07,27.62982940673828,27.689603256701233,27.353382476094723,27.37579624474381,7037000.0
2016-12-08,27.652238845825195,27.682125766127225,27.5476374749417,27.60741131554575,7522300.0
2016-12-09,27.734420776367188,27.741893930000284,27.61487596979473,27.65970634107428,14272300.0
2016-12-12,27.64476776123047,27.741898824386077,27.60741053699324,27.6821249854677,7630400.0
2016-12-13,27.9361629486084,27.988463641651563,27.83156156252206,27.85397533091942,9579900.0
2016-12-14,27.480396270751953,27.913748110994977,27.435568735674327,27.868917725743454,9630300.0
2016-12-15,27.435571670532227,27.472928903817753,27.360854353786973,27.3683275105486,15570100.0
2016-12-16,27.443037033081055,27.525224641607107,27.39073634586878,27.413150111767273,8161000.0
2016-12-19,27.420621871948242,27.52522324105039,27.413148716913206,27.443035636706263,10052500.0
2016-12-20,27.480396270751953,27.525226656003476,27.42062527392382,27.450512197424835,12220200.0
2016-12-21,27.480396270751953,27.510283194252967,27.390738350422804,27.502812888464664,13280800.0
2016-12-22,27.40506935119629,27.480398241736214,27.397534737974514,27.472866502127413,9488900.0
2016-12-23,27.465328216552734,27.465328216552734,27.405065686901015,27.427663776318834,7653400.0
2016-12-27,27.427675247192383,27.49547241741275,27.427675247192383,27.47287431854389,10197000.0
2016-12-28,27.37493324279785,27.45779673625952,27.337268802209625,27.450262123974305,8027600.0
2016-12-29,27.472862243652344,27.51052668308407,27.427663192166758,27.442729542661954,8605900.0
2016-12-30,27.52560043334961,27.683792845657603,27.472869629246947,27.676261105191497,10007300.0
2017-01-03,27.698854446411133,27.706386185584613,27.608459208265327,27.661190003318115,10866500.0
2017-01-04,28.037837982177734,28.045369720760423,27.841978295676835,27.841978295676835,8637100.0
2017-01-05,28.286436080932617,28.309037052291355,28.090579195376673,28.113177293121762,8102200.0
2017-01-06,28.17343521118164,28.211099655258174,28.128236154122064,28.17343521118164,8368600.0
2017-01-09,28.105640411376953,28.14330485860136,28.02277690331538,28.090574057764563,9042000.0
2017-01-10,28.13576889038086,28.226167007702937,28.120705411106833,28.135768890380863,5933000.0
2017-01-11,28.331632614135742,28.331632614135742,28.08304206673596,28.098108421755345,10396500.0
2017-01-12,28.354217529296875,28.391881962530192,28.248755966798754,28.391881962530192,13565600.0
2017-01-13,28.45969009399414,28.46722470772084,28.339162136885516,28.38436119840619,5351700.0
2017-01-17,28.384357452392578,28.429556507948124,28.354224748688882,28.422021895215806,13265500.0
2017-01-18,28.25629425048828,28.346692359526376,28.173433627622448,28.309027917566866,6247700.0
2017-01-19,28.20355796813965,28.248757013862207,28.105631012825683,28.196026230658635,6868800.0
2017-01-20,28.339162826538086,28.339162826538086,28.241235834613263,28.286432023620645,6399500.0
2017-01-23,28.399425506591797,28.41449185934677,28.263831205410018,28.32409374281694,10408100.0
2017-01-24,28.519947052001953,28.527478789882004,28.35422008251761,28.35422008251761,11370900.0
2017-01-25,28.798664093017578,28.821262177728954,28.6480034898471,28.6480034898471,5481800.0
2017-01-26,28.708274841308594,28.806204684744547,28.67061040109864,28.783603721728504,5924900.0
2017-01-27,28.640470504760742,28.693201282530787,28.587739726990698,28.678134935509078,5153300.0
2017-01-30,28.43708610534668,28.4596841946161,28.316558173222163,28.422019754629545,7074400.0
2017-01-31,28.53502082824707,28.56515066122156,28.406958262056502,28.519954474953295,21455200.0
2017-02-01,28.63294219970703,28.708273951404383,28.55761332162218,28.7007393394284,8474200.0
2017-02-02,28.67813491821289,28.723333959250755,28.59527144644941,28.69320126522551,8355700.0
2017-02-03,28.798664093017578,28.821262177728954,28.69320253288184,28.738401575916583,6353400.0
2017-02-06,28.58774185180664,28.595273589071365,28.48981202569273,28.53501107011732,9355600.0
2017-02-07,28.565141677856445,28.572676288940325,28.50487915724618,28.535011854357393,10453700.0
2017-02-08,28.610347747802734,28.63294583937824,28.49735441631233,28.565148691038853,5720000.0
2017-02-09,28.715810775756836,28.73841174207525,28.61788379162473,28.663079977035544,6141900.0
2017-02-10,28.82126808166504,28.836334432429574,28.700740149161327,28.71580649992586,5006500.0
2017-02-13,28.92673110961914,28.97192728606995,28.874000321351566,28.93426284782346,5487200.0
2017-02-14,28.911666870117188,28.911666870117184,28.738408142645692,28.874002429121234,6902300.0
2017-02-15,29.017131805419922,29.02466354504386,28.783607646496044,28.806208612593828,6229600.0
2017-02-16,29.077394485473633,29.077394485473633,28.99453385475308,29.02466368700919,7128700.0
2017-02-17,28.97946548461914,28.994531836504958,28.889067373304243,28.919200077075875,6862100.0
2017-02-21,29.107524871826172,29.107524871826172,28.979465192506762,28.98699693156735,5225000.0
2017-02-22,29.084917068481445,29.10751515172963,28.956854558314166,28.986987251719622,8044300.0
2017-02-23,29.137649536132812,29.220513011000875,29.092450493401515,29.19791205282924,8303800.0
2017-02-24,28.889060974121094,28.934260019766555,28.82126384245898,28.84386480208779,5977900.0
2017-02-27,28.904136657714844,28.919203011129245,28.806209670940856,28.836339504156573,5032400.0
2017-02-28,28.836332321166992,28.94932850682167,28.798667883819554,28.881531370151336,8058800.0
2017-03-01,29.115053176879883,29.190382045617262,29.00205700016167,29.017123348631575,7916300.0
2017-03-02,28.93426513671875,29.024660370383685,28.911667046705684,29.009594019170752,6527900.0
2017-03-03,29.077394485473633,29.084929098747406,28.904135737145758,28.94933479594942,8626800.0
2017-03-06,28.97946548461914,28.994531836504958,28.904133725190057,28.97946548461914,6501700.0
2017-03-07,28.904136657714844,28.94933571795805,28.843874117670318,28.904136657714844,6354000.0
2017-03-08,28.753467559814453,28.904128176135792,28.745935822123894,28.889061827142434,6088200.0
2017-03-09,28.873994827270508,28.896592911195995,28.776065007573557,28.83632752257883,14453500.0
2017-03-10,29.099990844726562,29.122588933744286,28.994529264493796,29.069858143627904,13367400.0
2017-03-13,29.23557472229004,29.24310645807819,29.15271126056278,29.15271126056278,7891900.0
2017-03-14,29.017131805419922,29.062330864002504,28.97193274683734,29.039729897904724,5433600.0
2017-03-15,29.469114303588867,29.47664891769683,29.06233422377148,29.092464059363397,12069200.0
2017-03-16,29.589632034301758,29.634831082479163,29.536901248234276,29.61223299519662,13666800.0
2017-03-17,29.634836196899414,29.710165083249798,29.582105401731578,29.649902548892054,7982100.0
2017-03-20,29.6197566986084,29.710151896830833,29.55949419099729,29.64235477976112,6544100.0
2017-03-21,29.446510314941406,29.860824925944065,29.446510314941406,29.838226835369674,8359800.0
2017-03-22,29.484167098999023,29.51429979434682,29.333506495872044,29.37117380186278,8815000.0
2017-03-23,29.56703758239746,29.627302987377192,29.438977907234534,29.454041384866795,9725400.0
2017-03-24,29.642656326293945,29.703150042097906,29.589723243226725,29.619968658810365,11122000.0
2017-03-27,29.71071434020996,29.733399123652973,29.55191508683537,29.589724020785972,7904900.0
2017-03-28,29.846830368041992,29.884639303966093,29.740964193599755,29.756085460259868,9109100.0
2017-03-29,29.877077102661133,29.877077102661133,29.7182778339996,29.740965504263414,5715100.0
2017-03-30,29.763643264770508,29.854385270496806,29.733394967982957,29.79389156155806,5419200.0
2017-03-31,29.718278884887695,29.763651342382733,29.619973335967007,29.6502216409637,9458800.0
2017-04-03,29.68803596496582,29.70316012020752,29.468742925555347,29.672914694361783,11709700.0
2017-04-04,29.67290496826172,29.672904968261715,29.50654219977061,29.55191465062365,8516000.0
2017-04-05,29.514101028442383,29.733396867205126,29.506540396080734,29.65777900504251,10772700.0
2017-04-06,29.536792755126953,29.574601691405732,29.476296149371358,29.529229237089037,8593100.0
2017-04-07,29.498979568481445,29.559476171436195,29.476294784691813,29.4914189354305,8311800.0
2017-04-10,29.498979568481445,29.52922786995882,29.446046483214435,29.476294784691813,6221100.0
2017-04-11,29.619970321655273,29.619970321655273,29.408237977499883,29.589724904373675,7078900.0
2017-04-12,29.597280502319336,29.627528799091806,29.4838537163771,29.5821563539331,7282700.0
2017-04-13,29.408231735229492,29.536785548777257,29.40067110367314,29.514097884835753,6970200.0
2017-04-17,29.65021514892578,29.65021514892578,29.51410069088062,29.574597287628027,9615100.0
2017-04-18,29.47629737854004,29.483860896893354,29.325058742481296,29.4309249223313,8820200.0
2017-04-19,29.340171813964844,29.536782831980364,29.325047667607038,29.521658685622555,7136600.0
2017-04-20,29.604843139648438,29.66533684676053,29.574594843774257,29.59727962336176,8640900.0
2017-04-21,29.619970321655273,29.627533839453303,29.536791818334827,29.597285537534866,8488500.0
2017-04-24,30.270288467407227,30.28541261540744,30.18710709572418,30.20979476004264,7876000.0
2017-04-25,30.466907501220703,30.49715580515822,30.36860195574229,30.406410893345665,8824000.0
2017-04-26,30.353469848632812,30.48958429604127,30.353469848632812,30.398842292647725,9383900.0
2017-04-27,30.398849487304688,30.436658423947414,30.32322872938227,30.436658423947414,5931300.0
2017-04-28,30.376157760620117,30.4215302093137,30.36103649569217,30.406406059749173,8718400.0
2017-05-01,30.459339141845703,30.53495988967067,30.4366543598165,30.4366543598165,7222300.0
2017-05-02,30.640838623046875,30.663523414382997,30.550096573064625,30.557657208630747,7157200.0
2017-05-03,30.54251480102539,30.60301138795337,30.489581729781424,30.557638947757383,14817900.0
2017-05-04,30.76181983947754,30.769380472795984,30.603020578058135,30.64082951392415,8104300.0
2017-05-05,31.07185935974121,31.102107663876303,30.769382087664383,30.792069758084228,8788500.0
2017-05-08,30.92817497253418,30.958420382967333,30.87524189848093,30.958420382967333,6294800.0
2017-05-09,30.875247955322266,30.935741672691893,30.822311986248298,30.920617522190298,6998300.0
2017-05-10,30.920623779296875,30.92062377929688,30.837442377023862,30.89793899127236,6317900.0
2017-05-11,30.86012840270996,30.867689036768848,30.739138065307444,30.81475594444507,10625300.0
2017-05-12,30.99623680114746,30.99623680114746,30.875246487523285,30.890367752669267,10749400.0
2017-05-15,31.177730560302734,31.177730560302734,31.094549152854583,31.109673307357657,9291400.0
2017-05-16,31.33652687072754,31.35165102378999,31.283593777327575,31.321402717665084,8947800.0
2017-05-17,30.958425521850586,31.207969670640953,30.94330137180541,31.16259722050543,10037700.0
2017-05-18,31.0189208984375,31.034045047886078,30.83743398969114,30.88280643803687,7409200.0
2017-05-19,31.37433433532715,31.397019119449496,31.215532192560193,31.230656343520703,7657400.0
2017-05-22,31.457508087158203,31.49531990116662,31.39701437709026,31.44238682311852,9855800.0
2017-05-23,31.427261352539062,31.533127504182286,31.404573688161026,31.52556398784418,7562800.0
2017-05-24,31.49532699584961,31.49532699584961,31.351648993379875,31.389457931268787,5689000.0
2017-05-25,31.48776626586914,31.54826287955828,31.442396690239597,31.510451053683912,6054300.0
2017-05-26,31.404573440551758,31.404573440551758,31.321392069306132,31.34407973350529,5719700.0
2017-05-30,31.351648330688477,31.381896634215053,31.3062787600356,31.321400027161896,5553500.0
2017-05-31,31.412141799926758,31.525568599865537,31.366769349169225,31.518007967057635,11459500.0
2017-06-01,31.623876571655273,31.623876571655277,31.495325611555693,31.525571029755227,11354200.0
2017-06-02,31.926349639892578,31.949034421723717,31.775111030199714,31.83560474329493,12526000.0
2017-06-05,31.79024314880371,31.7978037830972,31.729746535906663,31.78267962987294,6422400.0
2017-06-06,31.714618682861328,31.714618682861328,31.61631602532751,31.661685595070217,8859300.0
2017-06-07,31.691930770874023,31.79779693601019,31.586064605737857,31.759988003409653,6071400.0
2017-06-08,31.646554946899414,31.654118463395108,31.54825230954611,31.586061238115562,6673900.0
2017-06-09,31.533132553100586,31.638998721694538,31.42726638450663,31.518008402639055,7002900.0
2017-06-12,31.434823989868164,31.495320585887733,31.344081980475284,31.457508771057267,5699500.0
2017-06-13,31.70707130432129,31.70707130432129,31.593641563272314,31.65413819440194,5147900.0
2017-06-14,31.669248580932617,31.896105079744743,31.57094304041384,31.896105079744743,9200000.0
2017-06-15,31.328960418701172,31.351645201763645,31.177721800799027,31.2004065838615,10635600.0
2017-06-16,31.608760833740234,31.608760833740234,31.419713217647725,31.4650856839795,5207500.0
2017-06-19,31.722185134887695,31.77511822757458,31.691936829170277,31.707060982028988,7286500.0
2017-06-20,31.434823989868164,31.65411982348439,31.39701505967417,31.623871525474605,7489100.0
2017-06-21,31.405750274658203,31.459304305737625,31.344546918485644,31.398100949565062,6565600.0
2017-06-22,31.466955184936523,31.51285697045675,31.39809958818051,31.444001373700733,4580100.0
2017-06-23,31.53582191467285,31.57407438893573,31.405760000006996,31.45166472020848,5949100.0
2017-06-26,31.597017288208008,31.757679390512266,31.581715718682464,31.72707916993715,7147000.0
2017-06-27,31.589370727539062,31.665875663386895,31.53581668875033,31.619973869268687,20451000.0
2017-06-28,31.872438430786133,31.895389324920565,31.68882252228311,31.719425660112925,16558100.0
2017-06-29,31.551115036010742,31.788282063993208,31.428705400075167,31.788282063993208,8548100.0
2017-06-30,31.612329483032227,31.688834437898247,31.43636575205882,31.665883535133833,10787500.0
2017-07-03,31.551115036010742,31.650570858756193,31.551115036010742,31.58936750002637,5231100.0
2017-07-05,31.56641960144043,31.56641960144043,31.382806572371436,31.474613086905933,7208700.0
2017-07-06,31.375154495239258,31.489914827879925,31.32160045160068,31.37515449523926,7132800.0
2017-07-07,31.428707122802734,31.459307344606994,31.275694339877067,31.35985151640999,6872900.0
2017-07-10,31.482257843017578,31.52815963012716,31.382799106820503,31.421051568903753,4998300.0
2017-07-11,31.581722259521484,31.589374505107084,31.390456978553495,31.45166326933201,6251000.0
2017-07-12,31.864797592163086,31.903050065400258,31.757686581231713,31.765338826965127,7592300.0
2017-07-13,31.95660972595215,31.971911301630616,31.85715094328069,31.91070499891675,5408300.0
2017-07-14,32.186119079589844,32.22437154951124,32.04840785309172,32.06370942475555,5368800.0
2017-07-17,32.132564544677734,32.193770830393376,32.10961364677253,32.132564544677734,7084200.0
2017-07-18,32.20140838623047,32.20140838623047,32.10960190969152,32.15550368872336,5403000.0
2017-07-19,32.35443115234375,32.35443115234375,32.247323076777654,32.27027397340577,5468400.0
2017-07-20,32.4615364074707,32.4997888713527,32.377379235844764,32.43093326897474,5468100.0
2017-07-21,32.377384185791016,32.377384185791016,32.23202363342594,32.339131716060876,5023400.0
2017-07-24,32.31618118286133,32.32383050950319,32.18611928213844,32.27792579422281,13680400.0
2017-07-25,32.33913040161133,32.46918937710273,32.33913040161133,32.453887806137345,6288900.0
2017-07-26,32.545692443847656,32.58394490639534,32.362076537752635,32.41563056901455,5841300.0
2017-07-27,32.42328643798828,32.606899446138,32.33147701543728,32.606899446138,6910300.0
2017-07-28,32.453895568847656,32.453895568847656,32.316187234172965,32.346787464946814,7022400.0
2017-07-31,32.522743225097656,32.560998611524404,32.40798582124611,32.49214300182298,9722100.0
2017-08-01,32.706363677978516,32.790520870188054,32.675760531997476,32.759917724207014,12099500.0
2017-08-02,32.6910514831543,32.736956187210694,32.60689431828873,32.706353051173096,7917600.0
2017-08-03,32.64515686035156,32.729314051205975,32.614556633339895,32.66045843309569,10051200.0
2017-08-04,32.6910514831543,32.71400237594465,32.56099253270802,32.6910514831543,7841900.0
2017-08-07,32.714012145996094,32.721664391528684,32.629857874473515,32.637507201529544,4860600.0
2017-08-08,32.545692443847656,32.698705212514206,32.53039087513342,32.668102075085734,5742600.0
2017-08-09,32.4615364074707,32.476837976718684,32.31617587732876,32.36207766659678,5456800.0
2017-08-10,31.994853973388672,32.29322732615215,31.98720464675624,32.29322732615215,6088200.0
2017-08-11,31.987207412719727,32.06371235956506,31.926001120462143,32.002508985784125,7542000.0
2017-08-14,32.209068298339844,32.30087772353554,32.19376964595012,32.209068298339844,6936600.0
2017-08-15,32.178466796875,32.19376836713313,32.07900804943519,32.17081455250788,5740700.0
2017-08-16,32.377384185791016,32.392685757378345,32.25497453156875,32.27027610315608,7648800.0
2017-08-17,32.010154724121094,32.31618031414433,32.010154724121094,32.27792492653419,6265500.0
2017-08-18,32.10196304321289,32.20142180334803,32.04075967284421,32.0866614710016,6275100.0
2017-08-21,32.1096076965332,32.16316172737211,32.04075209710092,32.124909265126576,5113600.0
2017-08-22,32.2702751159668,32.28557668708603,32.18611793404915,32.193770178846904,7009300.0
2017-08-23,32.28557586669922,32.300877437429634,32.15551397472878,32.15551397472878,5024600.0
2017-08-24,32.247318267822266,32.33912475912004,32.23201669952668,32.31617386591453,4743800.0
2017-08-25,32.43858337402344,32.49978672850405,32.33147239634985,32.36972777618542,6432900.0
2017-08-28,32.43858337402344,32.48448516026496,32.40032799418786,32.46918359202588,4691200.0
2017-08-29,32.30087661743164,32.36207998032338,32.21671943978889,32.239670336063774,4998600.0
2017-08-30,32.25497817993164,32.29323065398852,32.216725705874765,32.27027975324973,6580600.0
2017-08-31,32.53037643432617,32.553327317971316,32.36971441186112,32.39266529550626,8558300.0
2017-09-01,32.59160232543945,32.69106108754406,32.56865142590629,32.68341176052518,5650200.0
2017-09-05,32.35443115234375,32.52274259174354,32.2549724028283,32.49214236906478,9332100.0
2017-09-06,32.59160232543945,32.637507042982314,32.499795808830264,32.53039895385884,8755800.0
2017-09-07,32.85935592651367,32.86700524898378,32.77519878696841,32.85170368556875,8976500.0
2017-09-08,32.851722717285156,32.92057833330494,32.836421145005595,32.92057833330494,4412400.0
2017-09-11,33.09653854370117,33.15009550026534,33.02003360885441,33.06593832084818,3838200.0
2017-09-12,33.16539764404297,33.19600078859399,33.127145172592435,33.15774831714346,5504600.0
2017-09-13,33.01239013671875,33.142449132716344,32.98943631741346,33.11949823188776,4154700.0
2017-09-14,33.10420227050781,33.10420227050781,32.95884167648997,32.95884167648997,4668500.0
2017-09-15,33.119503021240234,33.150106172421616,33.05829671887746,33.134804596830925,5258300.0
2017-09-18,33.17304992675781,33.28780734123857,33.11184363758687,33.23425329745225,8944100.0
2017-09-19,33.33370590209961,33.34135814607102,33.25720097324125,33.318404332632745,5868100.0
2017-09-20,33.24842834472656,33.455847270932566,33.09478730058737,33.35597824783003,8169300.0
2017-09-21,33.19466781616211,33.24076190774066,33.140892841245304,33.17930311896926,4991400.0
2017-09-22,33.271484375,33.332940220459946,33.24075498701216,33.302210832472106,9814700.0
2017-09-25,33.12551498413086,33.23306489123764,33.04869445920178,33.179289937684246,6579000.0
2017-09-26,33.002601623535156,33.07942508186029,32.925781095725306,33.05637657910511,12621700.0
2017-09-27,33.048702239990234,33.08711251149786,32.97187876645912,32.97956257907017,6196000.0
2017-09-28,33.156246185302734,33.186975569166286,33.06406096422741,33.06406096422741,5278200.0
2017-09-29,33.34831237792969,33.379041772794885,33.186987450662016,33.24844330987601,9159800.0
2017-10-02,33.309898376464844,33.3559895330945,33.23307489788864,33.248439593603884,6474500.0
2017-10-03,33.44049072265625,33.44049072265625,33.33294079336604,33.340624605752936,5919600.0
2017-10-04,33.379032135009766,33.41744240224257,33.34830274901731,33.379032135009766,5822800.0
2017-10-05,33.34831237792969,33.37135795882039,33.2945374021738,33.3099020996064,7337700.0
2017-10-06,33.309898376464844,33.31757925906443,33.17929992814333,33.225394015289055,5228100.0
2017-10-09,33.325260162353516,33.37903512740341,33.294530773606205,33.37135131495868,3604100.0
2017-10-10,33.63253402709961,33.65558252622123,33.509619443672,33.54034882215761,11610600.0
2017-10-11,33.74778747558594,33.763152173817986,33.6479184023359,33.67096691494224,4630300.0
2017-10-12,33.74778747558594,33.80156245413984,33.686328682657745,33.73242277735389,5523200.0
2017-10-13,33.91679000854492,33.96288116427584,33.89374150016346,33.93215177344456,5178700.0
2017-10-16,33.88606262207031,33.939837593947836,33.85533322942139,33.90910820129891,4093100.0
2017-10-17,33.80921936035156,33.81690316927647,33.72471797577886,33.79385760353068,4890600.0
2017-10-18,33.87069320678711,33.89373878280494,33.80923443005187,33.84764763076928,6325300.0
2017-10-19,33.80921936035156,33.80921936035156,33.678623913772824,33.717034166853956,7668800.0
2017-10-20,33.76314163208008,33.786187206974446,33.70936667031613,33.786187206974446,5360500.0
2017-10-23,33.67863082885742,33.79386454227571,33.670949948869904,33.778499851785604,5933300.0
2017-10-24,33.75545883178711,33.81691760736824,33.70936768061698,33.75545883178711,5581100.0
2017-10-25,33.61717987060547,33.770823880657574,33.49426524866693,33.763142998887055,6246900.0
2017-10-26,33.578765869140625,33.709364288852136,33.578765869140625,33.68631578507044,5499400.0
2017-10-27,33.709354400634766,33.71703527929863,33.532664886220374,33.59412070707494,5806800.0
2017-10-30,33.78618621826172,33.793870030012066,33.59413195172054,33.59413195172054,6782700.0
2017-10-31,33.93983459472656,33.97056398465997,33.83996554270096,33.89374050982646,7383200.0
2017-11-01,34.01664352416992,34.170287490859785,34.01664352416992,34.10883166249279,6043300.0
2017-11-02,34.08579635620117,34.10884486496071,33.9936111127112,34.00897580837887,22398300.0
2017-11-03,34.05506134033203,34.08578779343246,33.95519230883852,34.08578779343246,8057800.0
2017-11-06,34.11650848388672,34.14723785967237,33.993593911258685,34.001274789947814,6684900.0
2017-11-07,34.001285552978516,34.10115459063792,33.9167841385911,34.062744324004456,7343500.0
2017-11-08,34.147247314453125,34.170292887416,34.03969739993921,34.08578854586496,4444500.0
2017-11-09,33.91679000854492,33.93215177344456,33.70937101620777,33.84765034443254,13268200.0
2017-11-10,33.832279205322266,33.87068947128775,33.76313955437822,33.85532477879847,5202800.0
2017-11-13,33.701683044433594,33.70936685645123,33.478902314688085,33.52499346473133,6368500.0
2017-11-14,33.670955657958984,33.6863174205387,33.55572192500221,33.64790715305829,15887300.0
2017-11-15,33.50962829589844,33.54803856389486,33.34830341200409,33.40207837330221,5290300.0
2017-11-16,33.832279205322266,33.85532477879847,33.71704547691037,33.75545574287585,5634600.0
2017-11-17,33.701683044433594,33.74777712499248,33.647908082372716,33.71704773795322,15984200.0
2017-11-20,33.76314163208008,33.8476459807136,33.76314163208008,33.79387101894965,4444100.0
2017-11-21,34.02433776855469,34.0781127338101,33.985927497731645,33.993608379689924,6224700.0
2017-11-22,34.139556884765625,34.193331831597675,34.032006991101525,34.162605383775656,6459600.0
2017-11-24,34.354671478271484,34.40844644369237,34.34698766577374,34.38539793671497,2766800.0
2017-11-27,34.139556884765625,34.31624641443019,34.131876005438826,34.31624641443019,5874700.0
2017-11-28,34.30856704711914,34.323931736964695,34.17797157920434,34.24711121825187,8238400.0
2017-11-29,34.16260528564453,34.33929481480156,34.108830338966946,34.331611004982015,6059800.0
2017-11-30,34.231746673583984,34.33161276223121,34.177971724153956,34.2932025027119,10494700.0
2017-12-01,34.13188171386719,34.201021361430996,33.95519215465196,34.124197902740484,12404600.0
2017-12-04,33.99359130859375,34.25478512174477,33.9859104304927,34.21637487021081,9098100.0
2017-12-05,33.947509765625,34.10115375892705,33.947509765625,34.04737880084864,8701000.0
2017-12-06,33.79386520385742,33.89373129822561,33.78618139320441,33.79386520385742,7545900.0
2017-12-07,33.893741607666016,33.978245967462065,33.79387548292161,33.893741607666016,7165700.0
2017-12-08,34.08579635620117,34.09348016929304,33.97824641704353,34.0704316605335,5064100.0
2017-12-11,34.15492248535156,34.17028717492998,34.093466657552774,34.15492248535156,5710800.0
2017-12-12,34.17797088623047,34.20101645527407,34.09346655905075,34.17797088623047,6777900.0
2017-12-13,34.323936462402344,34.39307611096845,34.22406742991456,34.25479681383624,6202800.0
2017-12-14,34.16260528564453,34.32393012567728,34.14724059652025,34.29320074742871,6137800.0
2017-12-15,34.139556884765625,34.193331831597675,34.07041724876516,34.14724069460724,10562900.0
2017-12-18,34.5236701965332,34.61585834455896,34.469895242109125,34.485259933446756,8428900.0
2017-12-19,34.41612243652344,34.492945898008195,34.35466659785105,34.45453270200811,7037600.0
2017-12-20,34.393070220947266,34.49293923633188,34.362340842288184,34.49293923633188,6628800.0
2017-12-21,34.50323486328125,34.57304818240061,34.41790714446101,34.456691664178614,6751600.0
2017-12-22,34.58856201171875,34.5963177319067,34.47996417467262,34.50323429430561,6891300.0
2017-12-26,34.5963134765625,34.6428566691728,34.55752896225496,34.5808020380945,5914900.0
2017-12-27,34.68163299560547,34.74369057110157,34.61181970270639,34.68163299560547,15495000.0
2017-12-28,34.79022979736328,34.85228737108223,34.759203969571786,34.844528694833365,5982900.0
2017-12-29,34.79799270629883,34.94537502320634,34.79799270629883,34.94537502320634,7046100.0
2018-01-02,35.10052490234375,35.10828062243122,34.898843630309635,34.937628148885146,9308000.0
2018-01-03,35.31771469116211,35.32547336902639,35.13154784937965,35.147062246039624,10178700.0
2018-01-04,35.635746002197266,35.65901907252689,35.5193924868214,35.58144710320825,9883400.0
2018-01-05,35.8064079284668,35.82967804398696,35.68229571391159,35.72883890402052,8111400.0
2018-01-08,35.7908935546875,35.798652232578256,35.72883892690445,35.775379157974584,8245900.0
2018-01-09,35.82192611694336,35.82192611694336,35.682299490905606,35.79089732025299,7721300.0
2018-01-10,35.72884750366211,35.814172267462546,35.68230430235061,35.7986608260947,10860500.0
2018-01-11,35.96155548095703,35.969311201185654,35.78314432500723,35.81417016499087,7529600.0
2018-01-12,36.3028564453125,36.31061512312534,36.03136190323493,36.0934165303947,8460100.0
2018-01-16,36.26407241821289,36.4579979391659,36.22528790583601,36.41921342678902,16171900.0
2018-01-17,36.45800018310547,36.58211240579159,36.27958904793598,36.38043115357745,8804800.0
2018-01-18,36.37267303466797,36.411457550028565,36.26407520803076,36.33388851930737,8192100.0
2018-01-19,36.53556823730469,36.55884131279685,36.434729093423954,36.55108263460989,7359800.0
2018-01-22,36.7294921875,36.73725086535373,36.5433253459708,36.57435413924853,9186700.0
2018-01-23,36.84584045410156,36.861354847275656,36.7139725507237,36.76827144729905,7836800.0
2018-01-24,36.96220779418945,37.10183441475339,36.814822495222636,37.07080561927945,11007800.0
2018-01-25,36.83033752441406,37.117346489796766,36.72173969746217,37.10959077032972,14271300.0
2018-01-26,37.14061737060547,37.14837308961401,36.9777176807393,36.9777176807393,7027900.0
2018-01-29,36.79929733276367,36.88462501582212,36.737242719037134,36.87686929875677,9953000.0
2018-01-30,36.520057678222656,36.68295441524565,36.45024436820297,36.65968133919323,11411900.0
2018-01-31,36.45024490356445,36.6596818776308,36.403701709844796,36.6596818776308,13972600.0
2018-02-01,36.5433349609375,36.58211948320501,36.36492379125143,36.395949633623815,10588800.0
2018-02-02,35.75211715698242,36.170997086097096,35.70557395627992,36.170997086097096,12300600.0
2018-02-05,34.293792724609375,35.44183159782879,34.20070929139401,35.29444924864872,24899300.0
2018-02-06,34.96089553833008,35.04622324797493,34.14640887556634,34.19295206966413,36830300.0
2018-02-07,34.48771667480469,34.891082145506765,34.46444655734438,34.62734329770421,13805700.0
2018-02-08,33.634437561035156,34.58079490200645,33.61116744906641,34.57303622530476,25921100.0
2018-02-09,33.86716842651367,34.006795102498955,32.9906238403994,33.882682830408704,41241300.0
2018-02-12,34.317054748535156,34.394623758051125,33.944715217467994,34.08434180185117,19705000.0
2018-02-13,34.1851921081543,34.25500541714648,34.04556549016993,34.09986440171176,11755700.0
2018-02-14,34.86005783081055,34.86005783081055,33.99903082433605,34.03005666524857,11178000.0
2018-02-15,35.084991455078125,35.11602023672031,34.76695384091445,35.069477064257036,9923900.0
2018-02-16,35.2091178894043,35.36425890141127,35.10052006872002,35.11603446582759,9084000.0
2018-02-20,34.852294921875,35.07724923674084,34.78248161585004,34.94537834355208,8778500.0
2018-02-21,34.720428466796875,35.2013659515859,34.71267274694434,34.97641160796545,10894000.0
2018-02-22,34.867801666259766,35.061727144983045,34.790229699329664,34.87555738341879,9645000.0
2018-02-23,35.216880798339844,35.23239223824222,34.96865633293523,35.030710969751865,9922500.0
2018-02-26,35.496116638183594,35.50387531404221,35.2013520550484,35.348734346616,6249500.0
2018-02-27,34.95314025878906,35.31771826040287,34.945381580140676,35.302203862175,7921200.0
2018-02-28,34.58856201171875,35.038467759348315,34.58080629153079,35.022956318972405,7700200.0
2018-03-01,34.13864517211914,34.51874047029906,33.8981794356804,34.40238398171562,14945600.0
2018-03-02,34.23949432373047,34.24725300273871,33.82061442935639,33.96024106081442,11738000.0
2018-03-05,34.379119873046875,34.41790438966018,33.96023999185776,33.98351306908089,7697900.0
2018-03-06,34.6661262512207,34.75145395682237,34.57304282650467,34.72042516222745,7502100.0
2018-03-07,34.62733459472656,34.65836338292099,34.37135448979282,34.46443789530799,8727500.0
2018-03-08,34.72818374633789,34.797997054452985,34.59631284920107,34.75145386268669,9444800.0
2018-03-09,34.984161376953125,34.999675773088164,34.75145135306452,34.82126465613795,5860500.0
2018-03-12,35.0384635925293,35.092765463663845,34.945380165997804,35.015193475663615,6268200.0
2018-03-13,34.821266174316406,35.17808842377399,34.73593847138771,35.15481830809112,8971800.0
2018-03-14,34.87556838989258,35.10052272638184,34.78248495926799,35.07725260849292,8914200.0
2018-03-15,34.867801666259766,35.02294264105198,34.79798837555666,34.90658617019083,9127100.0
2018-03-16,34.821266174316406,34.91434959611651,34.78248166182208,34.78248166182208,12060400.0
2018-03-19,34.53426742553711,34.71267860293312,34.36361196930201,34.69716420154179,9602300.0
2018-03-20,34.565284729003906,34.62733935485513,34.472198351624286,34.52649725889481,7377000.0
2018-03-21,34.650604248046875,34.782475116594995,34.495466227262824,34.51873633856682,8314200.0
2018-03-22,34.01454162597656,34.371366900922,33.99903018534644,34.286039182110464,15901500.0
2018-03-23,33.59565353393555,34.10761671802775,33.580139139379035,34.07658792891472,13756700.0
2018-03-26,34.19674301147461,34.220103463188394,33.78407833006245,34.10331011515413,13566600.0
2018-03-27,33.91644287109375,34.3913951396684,33.799649528057536,34.35246501538236,12650100.0
2018-03-28,34.079959869384766,34.336901131363724,33.978739144276034,34.142247490097084,13320700.0
2018-03-29,34.45368576049805,34.57826394048595,34.25903216863083,34.33689241730648,8230000.0
2018-04-02,33.9398078918457,34.399190588906876,33.737369418476824,34.31354251434278,15016300.0
2018-04-03,34.204532623291016,34.25125055900505,33.99430636784542,34.15781468757698,12164900.0
2018-04-04,34.28239440917969,34.297967055112636,33.721794006485936,33.74515149029611,20156300.0
2018-04-05,34.53934097290039,34.60941639929975,34.40697495851106,34.438120252506046,6644000.0
2018-04-06,34.259037017822266,34.60941412681297,34.15003146617594,34.48483592919167,12728900.0
2018-04-09,34.5549201965332,34.78071619552449,34.477056946726485,34.593850336346925,8316300.0
2018-04-10,34.93644332885742,34.99094612425476,34.811865086494976,34.87415569276599,9749500.0
2018-04-11,34.77293395996094,34.98316029491511,34.77293395996094,34.80407926221626,6022200.0
2018-04-12,34.90528106689453,34.95199602474652,34.78848773190877,34.81963301726203,6036100.0
2018-04-13,34.93644332885742,35.04544891965211,34.82743773806273,35.029879238263945,6468300.0
2018-04-16,34.998722076416016,35.06100969140236,34.93643149125109,35.05322485334604,11688300.0
2018-04-17,35.17781066894531,35.247886107336804,35.0298749524207,35.08437774114973,5740100.0
2018-04-18,35.388031005859375,35.419176299922796,35.29459809384784,35.32574041773253,5022700.0
2018-04-19,35.224517822265625,35.403598783230144,35.13886976046122,35.37245349345067,6195100.0
2018-04-20,35.05323028564453,35.12330571972557,34.99872750026806,35.09994823175824,6645200.0
2018-04-23,35.01428985595703,35.07657746228582,34.920853991196594,35.04543217403234,4742700.0
2018-04-24,34.858577728271484,35.107734175021506,34.741784344404046,35.107734175021506,10248400.0
2018-04-25,34.78070068359375,34.83520641923894,34.624980193789035,34.74177056114257,9085100.0
2018-04-26,35.03764724731445,35.06879253548816,34.913069064797796,34.9909293150539,7172100.0
2018-04-27,35.076576232910156,35.0999366833706,34.944213217739225,35.045430945748265,4644300.0
2018-04-30,34.889713287353516,35.13886966455265,34.889713287353516,35.03764895813478,5684200.0
2018-05-01,34.858577728271484,34.928653164556124,34.648351419417565,34.928653164556124,5858000.0
2018-05-02,34.81184768676758,35.05321921015558,34.78070239919917,34.99092863501877,6324700.0
2018-05-03,34.881927490234375,34.967575556741274,34.60941361514741,34.86635484448963,7903900.0
2018-05-04,35.01428985595703,35.053219981184796,34.62498266332305,34.66391278855082,7123500.0
2018-05-07,35.006507873535156,35.09994375384238,34.920859801676194,34.990935226817285,12361700.0
2018-05-08,35.006507873535156,35.01429568198342,34.81185424482976,34.89750231668872,6713700.0
2018-05-09,35.115509033203125,35.15444213021191,34.96757336317591,34.99093084523855,5192400.0
2018-05-10,35.36466598510742,35.37245379270733,35.18558502262785,35.24787560271379,13671900.0
2018-05-11,35.43473434448242,35.52817019600015,35.41916467274055,35.48924007628997,5637000.0
2018-05-14,35.49702453613281,35.613817864203874,35.47366705858969,35.57488477472838,5169600.0
2018-05-15,35.20116424560547,35.31016981094714,35.099946489319,35.20895205466067,7081500.0
2018-05-16,35.31017303466797,35.34910614314067,35.2089552691406,35.255670247021186,5840000.0
2018-05-17,35.35688781738281,35.41917840921921,35.26345489980712,35.32574252146462,5153000.0
2018-05-18,35.23230743408203,35.27902537508216,35.18558949308189,35.255664919492745,4018200.0
2018-05-21,35.45810317993164,35.45810317993164,35.37245511420287,35.419173051012685,4164300.0
2018-05-22,35.43473434448242,35.56710031571032,35.388019388901306,35.520382389951465,5238700.0
2018-05-23,35.09994888305664,35.107733722463855,34.913080065313395,34.998728149688255,6443800.0
2018-05-24,34.983150482177734,35.05322590750637,34.757351559432266,35.03765326074682,6320100.0
2018-05-25,34.788490295410156,34.84299306370561,34.710630046467536,34.79627513223318,4372300.0
2018-05-29,34.08773422241211,34.35246321190848,33.955371212752894,34.27460296742399,13770600.0
2018-05-30,34.578269958496094,34.60162744312831,34.266822969233,34.33689839330826,7097700.0
2018-05-31,34.39139175415039,34.5159728918868,34.23567127233549,34.492612443472325,8894400.0
2018-06-01,34.648353576660156,34.69507152715167,34.53156018552104,34.65613841665242,8203500.0
2018-06-04,34.804080963134766,34.9520167008081,34.78072050021187,34.91308655617613,6324800.0
2018-06-05,34.765140533447266,34.819643313843635,34.66391981120597,34.81185550511343,14417000.0
2018-06-06,35.06101989746094,35.068807707962826,34.82743607545473,34.88972667875209,5836700.0
2018-06-07,34.858577728271484,35.09994933551394,34.80407494118111,35.09994933551394,7713000.0
2018-06-08,34.920860290527344,34.95979339295637,34.749567114590185,34.86635751134115,7188900.0
2018-06-11,35.146663665771484,35.208954261401615,35.022085444690305,35.05323074250537,5298100.0
2018-06-12,34.92863845825195,35.09214675067977,34.8819205303392,35.068789271812335,6875900.0
2018-06-13,34.94422149658203,35.061011895841524,34.79628283260307,35.02208176275502,5963500.0
2018-06-14,34.858577728271484,35.0220860895426,34.83522023956965,34.93643800406369,6612000.0
2018-06-15,34.61720657348633,34.64835187228194,34.46927085947591,34.62499438327482,5549800.0
2018-06-18,34.375823974609375,34.38360881105758,33.96315635858337,34.25124580019234,8370700.0
2018-06-19,34.00209045410156,34.033235743889435,33.830797300624894,33.90087271755845,13129700.0
2018-06-20,34.072166442871094,34.25125037706778,34.009878832428285,34.181174958958145,7888000.0
2018-06-21,33.83858871459961,33.96316692778488,33.79187374101694,33.955382088914064,9282400.0
2018-06-22,34.201255798339844,34.33528416897586,34.12241292659981,34.28798145347987,7828100.0
2018-06-25,33.72032165527344,33.988381379037705,33.62571322557657,33.94107566041539,14761700.0
2018-06-26,33.7597541809082,33.838594067149536,33.64149134399732,33.79129133842429,11488200.0
2018-06-27,33.45226287841797,33.91742526495392,33.43649430509751,33.822816832579036,11752800.0
2018-06-28,33.57052230834961,33.594173662184794,33.35765110119035,33.43649095233932,13981600.0
2018-06-29,33.822818756103516,33.95684712562789,33.759744459234625,33.83070153943812,14208600.0
2018-07-02,33.460140228271484,33.46802601742519,33.27880617585183,33.30246053576559,10628700.0
2018-07-03,33.53110885620117,33.72032876302747,33.50745749567853,33.696677402504825,5607100.0
2018-07-05,33.743980407714844,33.8149374974287,33.66514053360985,33.79916892109802,11226200.0
2018-07-06,33.97261047363281,34.035681753251055,33.791276409352484,33.82281355293538,6931200.0
2018-07-09,34.28010177612305,34.30375313808908,34.177607528355956,34.24856462180262,7613500.0
2018-07-10,34.319515228271484,34.335283802451166,34.209138216561726,34.248558148236924,6864500.0
2018-07-11,33.72032165527344,34.00414995191181,33.62571322557657,33.90953851466718,7643900.0
2018-07-12,34.004146575927734,34.02779792911687,33.84646387038943,33.91742093750429,6812800.0
2018-07-13,34.0987548828125,34.0987548828125,33.93318939594434,33.98049210216527,5308200.0
2018-07-16,34.106651306152344,34.138188461278375,34.027811425885915,34.114537098708176,8143800.0
2018-07-17,34.14607238769531,34.193375110250535,33.98838962823144,34.019926781633906,4972400.0
2018-07-18,34.16183090209961,34.2012508284674,34.043568115448636,34.090873831618545,5268500.0
2018-07-19,34.019935607910156,34.09877550432241,33.90167275574251,33.93320991732712,9086100.0
2018-07-20,34.22490692138672,34.248558278972524,34.067224186536,34.067224186536,5343000.0
2018-07-23,34.16971969604492,34.201256845706716,34.09876261307994,34.185488270875815,8638000.0
2018-07-24,34.3825798034668,34.54026249313151,34.311622743495036,34.437768293717376,6523800.0
2018-07-25,34.64276885986328,34.69795737428855,34.27221783551484,34.3983634409938,6210800.0
2018-07-26,34.500850677490234,34.595462126290904,34.46931653543813,34.556042193064684,5301700.0
2018-07-27,34.58757781982422,34.72949199156892,34.52450652546449,34.67430348117357,6977600.0
2018-07-30,34.56393051147461,34.72949606206592,34.54027914926117,34.666424760313866,20543500.0
2018-07-31,34.595458984375,34.705835990403365,34.54815326427091,34.6742988436673,8507300.0
2018-08-01,34.477195739746094,34.64276124663658,34.453544383775395,34.57180417117669,5964600.0
2018-08-02,34.21702194213867,34.224904724978714,34.04357064417944,34.07510779063527,6967000.0
2018-08-03,34.26432800292969,34.26432800292969,34.09087969556717,34.122413837557005,5908900.0
2018-08-06,34.0987548828125,34.15394337843522,33.98837789156706,34.05933495844591,6910900.0
2018-08-07,34.31163787841797,34.46932063763682,34.0593466666872,34.0593466666872,6163800.0
2018-08-08,34.303741455078125,34.358932960116285,34.1933644600969,34.287975890835845,5502400.0
2018-08-09,34.24068069458008,34.37470908464726,34.21702933340316,34.34317493892752,5627700.0
2018-08-10,33.594181060791016,33.70455807972744,33.51533818473057,33.67302092930326,10333800.0
2018-08-13,33.428619384765625,33.578416355221066,33.334007922589876,33.50745926236353,11000500.0
2018-08-14,33.475921630859375,33.5311101459005,33.38131317758152,33.475921630859375,7920200.0
2018-08-15,32.96345520019531,33.081715010534054,32.77423529308558,33.042295073754474,15658500.0
2018-08-16,33.19208526611328,33.30246527714887,33.15266533737446,33.16055112765089,9928200.0
2018-08-17,33.4128532409668,33.48381033899165,33.144793427044974,33.184213368714616,6512200.0
2018-08-20,33.554752349853516,33.59417227379885,33.49167806550306,33.51532941836077,7384300.0
2018-08-21,33.7755126953125,33.88588970618002,33.71243839907507,33.78339547856819,6822600.0
2018-08-22,33.94108581542969,33.996274333227326,33.878014512610385,33.91743445281603,6437700.0
2018-08-23,33.68880081176758,33.83071502876003,33.66514944478524,33.75975792026381,5393000.0
2018-08-24,33.94108581542969,33.980505755635335,33.81494020224243,33.8622459350184,6412100.0
2018-08-27,34.40625,34.414135792953545,34.15395876136498,34.209147281844594,7969900.0
2018-08-28,34.32740020751953,34.48508293804018,34.31163163371267,34.48508293804018,7737200.0
2018-08-29,34.51661682128906,34.524502611907785,34.295862804731414,34.35105130887082,6574500.0
2018-08-30,34.209136962890625,34.303745396953566,34.12241131185464,34.256442683696044,7994100.0
2018-08-31,33.99627685546875,34.15395963553874,33.854362654160646,34.04358259175441,10313700.0
2018-09-04,33.65725326538086,33.65725326538086,33.49168773249344,33.57841339473398,7757000.0
2018-09-05,33.40496063232422,33.49957208208583,33.27881504019022,33.46803493216529,9421000.0
2018-09-06,33.28668975830078,33.41283530847122,33.129007068700936,33.33399245989773,11412000.0
2018-09-07,33.018638610839844,33.12112982911915,32.93191295879741,32.99498424638868,7552100.0
2018-09-10,33.199974060058594,33.294582499100734,33.168436911195194,33.263045350237334,7660000.0
2018-09-11,33.24726867675781,33.255154465826706,32.99497756240495,33.08170319687887,9174700.0
2018-09-12,33.389198303222656,33.460155400043185,33.255169902310946,33.27882126540155,7249700.0
2018-09-13,33.60206604003906,33.712443066187056,33.51534037448039,33.70456028184008,7189600.0
2018-09-14,33.67302703857422,33.75975271420118,33.57841857768514,33.72821555805524,9603800.0
2018-09-17,33.70456314086914,33.87012869413542,33.67302598570929,33.80705739136435,5925300.0
2018-09-18,34.05145263671875,34.098758355304575,33.933192851575825,33.94896142443777,8703700.0
2018-09-19,34.16971969604492,34.2091396293481,34.08299403824904,34.09087982943855,5705100.0
2018-09-20,34.54026794433594,34.57968787108665,34.39835380199528,34.48507944537542,5950600.0
2018-09-21,34.54815673828125,34.603345246844945,34.492968229717555,34.52450537962485,6237700.0
2018-09-24,34.39836120605469,34.55604395454551,34.390475414478594,34.53238958736551,7657800.0
2018-09-25,34.56393051147461,34.682193337639035,34.54816193414945,34.658538967876986,7012200.0
2018-09-26,34.578163146972656,34.79971562528958,34.52277502739343,34.54651193051992,6888800.0
2018-09-27,34.48321533203125,34.649379704338365,34.44364979902123,34.4990379231236,6565900.0
2018-09-28,34.23792266845703,34.38035013468557,34.18253454474886,34.22209705905093,8478500.0
2018-10-01,34.3249626159668,34.43573886533561,34.28540010096742,34.3803507406512,8653900.0
2018-10-02,34.1034049987793,34.15088182491086,33.99262875623188,34.04801687750559,7640600.0
2018-10-03,34.04802322387695,34.18253941377637,34.00054940732275,34.17462509873281,7127000.0
2018-10-04,33.61284255981445,33.8343951724996,33.47041501782316,33.802746955278835,9168500.0
2018-10-05,33.446651458740234,33.581164575460434,33.29631273680139,33.541602071626585,8283200.0
2018-10-08,33.264678955078125,33.264678955078125,32.97982394874643,33.05894899787095,11331700.0
2018-10-09,33.14598846435547,33.20137660259749,32.86113345715243,32.91652159539444,11610000.0
2018-10-10,32.394287109375,33.13016150869694,32.34681328904909,33.02729955237278,16517000.0
2018-10-11,31.943265914916992,32.41011090532078,31.753364607405505,32.27559773070238,33864500.0
2018-10-12,32.10151290893555,32.315154103057246,31.769184174808217,32.236029076386814,34798700.0
2018-10-15,32.04612731933594,32.188554793340444,31.92743675152334,32.00656480287392,18358700.0
2018-10-16,32.60001754760742,32.64749136864505,32.386376297656874,32.4496757318494,13520700.0
2018-10-17,32.40218734741211,32.51296357128015,32.25975991146013,32.49713796523819,11655400.0
2018-10-18,31.88787269592285,32.29932948780638,31.7691851522655,32.228115754241415,13088800.0
2018-10-19,32.05404281616211,32.22021023656244,32.014480294515145,32.014480294515145,13201100.0
2018-10-22,31.90369415283203,32.093598423762714,31.808743526579683,32.06985850338014,9708400.0
2018-10-23,31.579280853271484,31.697971415342646,31.167824061431546,31.357728357060125,18121600.0
2018-10-24,30.70889663696289,31.43685663893753,30.669331099894393,31.397294120295726,17447900.0
2018-10-25,31.049137115478516,31.19156156690863,30.811755986766638,30.922535255431185,15142600.0
2018-10-26,30.788022994995117,30.97792731841969,30.36865484623382,30.61394428339149,20149700.0
2018-10-29,30.661415100097656,31.1599112101102,30.416122692663432,31.10452308882283,20833400.0
2018-10-30,31.041227340698242,31.041227340698242,30.700984226110375,30.772197971452645,19149100.0
2018-10-31,31.294422149658203,31.436849599617794,31.24694834528902,31.310247757256604,17049400.0
2018-11-01,31.705883026123047,31.721708635784974,31.436853698723073,31.563455557592096,14964300.0
2018-11-02,31.792924880981445,32.06195422962873,31.595109272223937,32.022391711562555,16380700.0
2018-11-05,31.777095794677734,31.86413513596,31.682145158018137,31.7691844993004,10887600.0
2018-11-06,31.943265914916992,31.943265914916992,31.76919021943594,31.808752740298594,9456900.0
2018-11-07,32.338905334472656,32.35473095050322,32.101527130869464,32.21230342465578,10109900.0
2018-11-08,32.01447296142578,32.25976536893448,31.92743362268314,32.18063732533834,11523800.0
2018-11-09,31.785005569458008,31.840396708154703,31.626755522071477,31.792919882883037,12446100.0
2018-11-12,31.239036560058594,31.5871909001171,31.21529965595327,31.571368309664393,11566700.0
2018-11-13,31.35773277282715,31.587196596890497,31.23113089738893,31.333992846014056,18233600.0
2018-11-14,31.389375686645508,31.60301688138962,31.199474414712718,31.57136868168502,18431300.0
2018-11-15,31.492244720458984,31.571372776048023,31.05705097921268,31.19947846084626,21519900.0
2018-11-16,31.523889541625977,31.555540757434667,31.25486024410424,31.302337067817277,17132900.0
2018-11-19,31.262775421142578,31.508067846481936,31.159913484629755,31.50015655076035,14276700.0
2018-11-20,30.685148239135742,30.946266223247317,30.6139345178713,30.82757568166463,20991700.0
2018-11-21,31.136171340942383,31.254861897289928,31.017483803021072,31.05704631566151,18226000.0
2018-11-23,30.930444717407227,31.00956974333596,30.867142281923236,30.882967890794234,6264100.0
2018-11-26,31.349815368652344,31.421029105220878,31.254864726036466,31.302341556557657,16424000.0
2018-11-27,31.25486946105957,31.262780758131722,31.104530669272993,31.207392623345775,17083200.0
2018-11-28,31.71379852294922,31.72962111477485,31.159914237829952,31.278601787081318,18897800.0
2018-11-29,31.56346321105957,31.690065100626853,31.468512548490892,31.547637597560268,15866500.0
2018-11-30,31.45267105102539,31.476407950073366,31.302332326345535,31.389368628996642,14300400.0
2018-12-03,31.872045516967773,31.959084855752987,31.753357979154853,31.93534795187565,16144100.0
2018-12-04,31.064964294433594,31.745450524589884,31.025401773281295,31.705888003437586,20493400.0
2018-12-06,30.772197723388672,30.78802333538459,30.194576468458575,30.503168356311804,40213600.0
2018-12-07,30.447778701782227,30.930449279040168,30.352828052979145,30.80384740782716,39750900.0
2018-12-10,30.186662673950195,30.344912743961622,29.87806779320406,30.305350226458764,31901800.0
2018-12-11,30.21830940246582,30.471513124241557,30.06797063591975,30.471513124241557,63207200.0
2018-12-12,30.693073272705078,30.882974583458136,30.677247660404507,30.70098456964191,31096300.0
2018-12-13,30.637685775756836,30.819675793356236,30.598120234969464,30.73263643310718,23093100.0
2018-12-14,30.21830940246582,30.40821370301085,30.210398106721904,30.281611842122985,29362600.0
2018-12-17,29.95719337463379,30.242048306631315,29.822677204112132,30.21830838334728,40511500.0
2018-12-18,29.98885154724121,30.194578480040068,29.90181218467848,30.091713504427112,34008500.0
2018-12-19,29.664432525634766,30.344915741819893,29.57739316747366,30.115451910263314,36605200.0
2018-12-20,29.55365562438965,29.814773719940995,29.42705373460246,29.71190874123042,52253900.0
2018-12-21,28.976030349731445,29.514089062328626,28.952293441901983,29.355835967136503,57168100.0
2018-12-24,28.65937042236328,29.11516931536138,28.659370422363278,29.019212456417975,29000600.0
2018-12-26,29.38704490661621,29.39504003923899,28.579402293541296,28.827291060217103,54247600.0
2018-12-27,29.41103744506836,29.435028947099283,28.83529325335539,29.03520515127002,56908400.0
2018-12-28,29.602956771850586,29.754888729268956,29.514995041087516,29.730900275574935,46759800.0
2018-12-31,29.66692352294922,29.810860329078263,29.57896485290448,29.778876744704444,48032600.0
2019-01-02,29.62693214416504,29.65092363767968,29.26709024556943,29.299076869980684,16891700.0
2019-01-03,29.38704490661621,29.58695677672925,29.28308988004178,29.530981697130642,17809700.0
2019-01-04,30.290651321411133,30.34662640823103,29.79486762327282,29.834852442784275,12485600.0
2019-01-07,30.386598587036133,30.54652866336619,30.234666692249448,30.314630205208232,15899600.0
2019-01-08,30.60251808166504,30.690479817411372,30.490567890865677,30.674486497238046,11334300.0
2019-01-09,30.978349685668945,31.06630836022873,30.818419553936845,30.890387960695612,19657300.0
2019-01-10,31.106290817260742,31.12228108384669,30.842405662392906,30.85040384609919,16334500.0
2019-01-11,30.91438102722168,30.97835430962886,30.826419289118807,30.898387706619882,33654600.0
2019-01-14,30.75444221496582,30.85839724440959,30.650490235935187,30.650490235935187,18893100.0
2019-01-15,30.946361541748047,30.986343310130053,30.75444478293567,30.86639495457064,11882000.0
2019-01-16,31.04232406616211,31.09030402723261,30.97835383514873,30.97835383514873,14810700.0
2019-01-17,31.146276473999023,31.226240018567605,30.858402832890217,30.866397967181598,21667100.0
2019-01-18,31.48212432861328,31.50611583026251,31.354180837999984,31.45014074377003,19598500.0
2019-01-22,30.99433708190918,31.18625383228972,30.922368681818135,31.14627206566431,30300000.0
2019-01-23,31.154273986816406,31.27422236324064,31.00234202037112,31.23424058790387,11262900.0
2019-01-24,31.194255828857422,31.27422243011588,31.08230563750951,31.16227223876797,12446700.0
2019-01-25,31.58608627319336,31.634066236567538,31.506122717983825,31.514117853339137,9600800.0
2019-01-28,31.434144973754883,31.434144973754883,31.282209993345813,31.330189942487603,31278200.0
2019-01-29,31.5220947265625,31.666031482882065,31.51409959583912,31.5860679739989,15471300.0
2019-01-30,31.873947143554688,32.00988574286461,31.570080265126848,31.674035285454533,21287500.0
2019-01-31,31.881938934326172,31.945912186411714,31.746000349263223,31.80997055093621,22931200.0
2019-02-01,31.865964889526367,31.9299381802943,31.770008003788874,31.849974617248787,11993900.0
2019-02-04,31.977909088134766,31.99389935588186,31.754005684299507,31.81797895694202,11355000.0
2019-02-05,32.23379898071289,32.23379898071289,32.11385060891292,32.14583724811475,9177000.0
2019-02-06,32.0258903503418,32.16982718296109,32.00190189504323,32.13784054228704,8225900.0
2019-02-07,31.618066787719727,31.82597382121966,31.530105063788156,31.77799691755772,9575700.0
2019-02-08,31.506107330322266,31.506107330322266,31.298197307658693,31.40215231899048,8842200.0
2019-02-11,31.442138671875,31.53809551536639,31.402156907954677,31.506111934477964,15304300.0
2019-02-12,31.857959747314453,31.88194819861084,31.754004707674373,31.777996209384202,11663000.0
2019-02-13,31.865964889526367,32.03389325258498,31.86596488952637,31.969919961817055,13952800.0
2019-02-14,31.865964889526367,32.00190660720102,31.79399646261965,31.86596488952637,12063700.0
2019-02-15,32.297760009765625,32.31375332481138,32.10584633004244,32.12183659467525,7194400.0
2019-02-19,32.457698822021484,32.50567878003741,32.193813628554544,32.217805132769385,10200500.0
2019-02-20,32.585636138916016,32.697586302615505,32.489679291518335,32.489679291518335,7913900.0
2019-02-21,32.50567626953125,32.5616513576865,32.42570967901409,32.529664721479634,14204700.0
2019-02-22,32.6256103515625,32.70557691455911,32.58562859527043,32.60961703896317,7491700.0
2019-02-25,32.72956848144531,32.84951681217997,32.705580035463484,32.80953200165991,11415400.0
2019-02-26,32.865516662597656,32.95347839073936,32.75356648147681,32.76955980026745,7349500.0
2019-02-27,32.76155471801758,32.84951641944968,32.70557964445402,32.80953160940765,6379100.0
2019-02-28,32.6256103515625,32.753553801944605,32.6256103515625,32.70557691455911,8353800.0
2019-03-01,32.82551574707031,32.89748411444961,32.713565631238495,32.841509056533695,7584200.0
2019-03-04,32.697593688964844,32.865518972448214,32.56165504531084,32.8495287029474,8081600.0
2019-03-05,32.7215690612793,32.785542315361,32.63361041253593,32.68158730268456,8698000.0
2019-03-06,32.6256103515625,32.7615519834505,32.60961703896317,32.753553801944605,13048000.0
2019-03-07,32.20980453491211,32.51367147875473,32.18581608290811,32.49767816061422,9295200.0
2019-03-08,32.169822692871094,32.169822692871094,31.977908976440947,31.993899244132187,7386300.0
2019-03-11,32.46569061279297,32.46569061279297,32.201808496917415,32.201808496917415,7616000.0
2019-03-12,32.481689453125,32.5296694143571,32.44170767730523,32.481689453125,9305900.0
2019-03-13,32.7215690612793,32.75355568832015,32.57763534042076,32.60162378549508,5589900.0
2019-03-14,32.68959045410156,32.745565534726026,32.6336153734771,32.673597138149844,6084800.0
2019-03-15,33.0174446105957,33.033437925968826,32.82552787653122,32.89749627050378,8872000.0
2019-03-18,33.129398345947266,33.145391663047754,33.00944999290027,33.057429944201736,8404000.0
2019-03-19,33.217369079589844,33.345312600702755,33.12940733687206,33.329319279261874,9600600.0
2019-03-20,33.18536376953125,33.369282287023736,32.96146349613387,33.09740207629301,8245600.0
2019-03-21,33.217369079589844,33.217369079589844,33.00146381575915,33.00146381575915,13446200.0
2019-03-22,32.577640533447266,32.88150438753471,32.553649034135944,32.825529306496854,13786300.0
2019-03-25,32.577640533447266,32.62561743124363,32.449697055301726,32.513667269167925,10398000.0
2019-03-26,32.77755355834961,32.88150554082987,32.70558515871768,32.833528641350746,6809200.0
2019-03-27,32.72956848144531,32.8735052581618,32.54564994462152,32.8335234980545,9081600.0
2019-03-28,32.70950698852539,32.741630981667896,32.56495208289672,32.70147752199607,5665300.0
2019-03-29,32.821929931640625,32.854053916983226,32.67737506111078,32.846024452403505,10436600.0
2019-04-01,33.2475700378418,33.26362896939658,33.086953150683115,33.12710660659471,10483400.0
2019-04-02,33.27165985107422,33.27968931645399,33.11907550076122,33.207411873987375,7091400.0
2019-04-03,33.52865219116211,33.60895911471788,33.44834526760635,33.4965281963347,6524600.0
2019-04-04,33.464393615722656,33.48848813597778,33.392119245492665,33.424240166646506,6496000.0
2019-04-05,33.53666305541992,33.54469558142754,33.42423219940183,33.44832671391361,6636700.0
2019-04-08,33.56076431274414,33.56076431274414,33.45636289824694,33.53666979339145,8791500.0
2019-04-09,33.36000061035156,33.45636951629015,33.335906086232704,33.44834005059205,9074300.0
2019-04-10,33.49650955200195,33.51257154047547,33.376049233717154,33.43226466161894,7879800.0
2019-04-11,33.43226623535156,33.504543655129126,33.359988815574,33.464387150299544,6652200.0
2019-04-12,33.68122100830078,33.697282998292756,33.6089435850926,33.66515901830881,7984600.0
2019-04-15,33.69729232788086,33.721386851295414,33.633047413637186,33.70532485685644,6677100.0
2019-04-16,33.75349426269531,33.833804202736275,33.72940281243851,33.81774221472808,9451500.0
2019-04-17,33.80971908569336,33.89805851253508,33.76153617178829,33.89002904805484,6838600.0
2019-04-18,33.74546813964844,33.809713034527434,33.689252707812585,33.72940615005087,6382900.0
2019-04-22,33.71335220336914,33.75350565518674,33.60895077783378,33.68122821651026,5444200.0
2019-04-23,33.79365921020508,33.79365921020508,33.625009825725584,33.64910434551508,6280000.0
2019-04-24,33.49650955200195,33.60091094532429,33.44029412410017,33.59288148284306,7732900.0
2019-04-25,33.47242736816406,33.48045683286832,33.36802594593733,33.40014993177816,5055200.0
2019-04-26,33.600929260253906,33.600929260253906,33.46440381556832,33.52865180448218,5774000.0
2019-04-29,33.72941207885742,33.76153606369917,33.60091920300225,33.641072652298526,5154900.0
2019-04-30,33.75349426269531,33.80168022671989,33.60893943413256,33.71334082443032,9859300.0
2019-05-01,33.52865219116211,33.84185348194745,33.52062272421164,33.80170002016957,10312700.0
2019-05-02,33.464393615722656,33.5848570264629,33.40014870990318,33.5848570264629,9772300.0
2019-05-03,33.79365921020508,33.825780130738174,33.60894783370317,33.63304235349266,7104500.0
2019-05-06,33.47242736816406,33.49651882578873,33.05482474276905,33.11104018623454,12393600.0
2019-05-07,32.91027069091797,33.18331845035214,32.789810336277945,33.16725645703107,11427200.0
2019-05-08,32.95844268798828,33.05481154351741,32.854041307450494,32.918289253477035,8012200.0
2019-05-09,32.71753692626953,32.77375237805852,32.42842713791912,32.54888750739022,11418700.0
2019-05-10,32.93436813354492,32.9745246559003,32.51676848536439,32.741630305694294,10374500.0
2019-05-13,32.19552993774414,32.388270800671975,32.12325249708522,32.34811428424095,9748100.0
2019-05-14,32.50070571899414,32.6051040968092,32.388274811493325,32.412366273525656,7504400.0
2019-05-15,32.6452522277832,32.67737314773315,32.27583254499787,32.29992706434992,8211100.0
2019-05-16,32.84601974487305,32.97451260431584,32.71752688543025,32.74964780265739,9826100.0
2019-05-17,32.661319732666016,32.80587463269089,32.62116627455077,32.637228270499364,6324900.0
2019-05-20,32.51675796508789,32.61312684783459,32.42841854610693,32.500695974044845,6632200.0
2019-05-21,32.741615295410156,32.765706746968704,32.60508992171907,32.68539986609945,5243400.0
2019-05-22,32.61313247680664,32.677377388555826,32.58100848917601,32.59707048299133,6691900.0
2019-05-23,32.28386306762695,32.364169957781876,32.16339966888309,32.25173908616039,9943600.0
2019-05-24,32.62116622924805,32.62919875896743,32.49267332535021,32.61313676304114,4992000.0
2019-05-28,32.34008026123047,32.669343430380586,32.33204773367149,32.63721944716797,7649300.0
2019-05-29,32.12325668334961,32.13931867931279,31.962639787230366,32.10719468738644,15917200.0
2019-05-30,32.24371337890625,32.24371337890625,32.123249966128526,32.179465408488305,10201300.0
2019-05-31,31.99476432800293,32.010826324241634,31.810055966526633,31.842179959004046,11501200.0
2019-06-03,32.12325668334961,32.20356359965299,31.986734312931368,32.05900869949692,13251800.0
2019-06-04,32.54085922241211,32.548888688596634,32.27584088563587,32.364180331227956,6741800.0
2019-06-05,32.5247917175293,32.67737605729044,32.468576273221935,32.67737605729044,6745200.0
2019-06-06,32.661319732666016,32.71753825024234,32.54888882453833,32.637228270499364,5489700.0
2019-06-07,33.04679489135742,33.11907232689755,32.91830201300962,32.91830201300962,4747500.0
2019-06-10,33.1351318359375,33.20740927274238,33.078916392146134,33.094978385159656,8921800.0
2019-06-11,33.29574966430664,33.424242548614394,33.231504753908766,33.41621308363167,5219200.0
2019-06-12,33.030731201171875,33.207406985125786,33.014669209264845,33.151191545207034,5131800.0
2019-06-13,33.04679489135742,33.12710179150784,32.98254692042759,33.09497780604293,5483300.0
2019-06-14,32.821929931640625,32.87011590965452,32.7978384743896,32.854053916983226,11293100.0
2019-06-17,32.846290588378906,32.92749154950189,32.79756815313426,32.83004977663069,11016600.0
2019-06-18,33.3010139465332,33.3091358995139,33.02492639992124,33.08988963329698,7667300.0
2019-06-19,33.487789154052734,33.568990116244805,33.309143320088396,33.35786575597453,9811200.0
2019-06-20,33.812599182128906,33.92628177860613,33.71515739909392,33.91816292069423,7468800.0
2019-06-21,33.6907958984375,33.771996863621304,33.65831427331668,33.68267394334816,7400100.0
2019-06-24,33.7395133972168,33.804476643913176,33.7232725855427,33.763876163536985,6369800.0
2019-06-25,33.560874938964844,33.78011818044671,33.544634125222025,33.76388046432238,9371500.0
2019-06-26,33.601478576660156,33.69080151181579,33.57711580495121,33.658319881283056,6432400.0
2019-06-27,33.68267059326172,33.72327107181549,33.65831092565305,33.68267059326172,5449200.0
2019-06-28,33.86943435668945,33.89379712125717,33.80447421228389,33.836952735677734,13621200.0
2019-07-01,34.02372741699219,34.19425131550572,33.93440448987982,34.19425131550572,9976600.0
2019-07-02,34.12928009033203,34.145520900343364,34.04807913789313,34.09680156792714,8552800.0
2019-07-03,34.30793380737305,34.33229347919362,34.21861088053963,34.28357413555248,4425200.0
2019-07-05,34.072444915771484,34.09680768396739,33.86943940064279,34.05620410284699,5966800.0
2019-07-08,33.86943435668945,33.91815678820703,33.812593068727885,33.82883387923374,5973000.0
2019-07-09,33.70703125,33.72327206142168,33.57710785624458,33.601470622186135,4815400.0
2019-07-10,33.85319900512695,33.950643883875415,33.78823885024635,33.91004030225437,5333700.0
2019-07-11,33.86131286621094,33.94251381480582,33.77198996418599,33.94251381480582,5383500.0
2019-07-12,33.90192794799805,33.90192794799805,33.79636419124582,33.85320549927726,4566900.0
2019-07-15,33.93440246582031,33.96688409149077,33.877561169706176,33.96688409149077,6409900.0
2019-07-16,33.78011703491211,33.90192158504345,33.75575736393319,33.861321100872466,5385200.0
2019-07-17,33.71515655517578,33.853198819551835,33.71515655517578,33.853198819551835,5296700.0
2019-07-18,33.812599182128906,33.828839995571144,33.560874317820314,33.585233989174455,6102800.0
2019-07-19,33.763877868652344,33.87756045849402,33.73951510110181,33.82883802101119,6632100.0
2019-07-22,33.796363830566406,33.83696432192429,33.73952252314159,33.80448578740934,7009900.0
2019-07-23,33.99123764038086,33.99935649652717,33.90191473468261,33.96687797432416,5734700.0
2019-07-24,33.99934768676758,33.99934768676758,33.877546290426956,33.90190595017169,4641700.0
2019-07-25,33.65831756591797,33.934405211216536,33.63395479588495,33.934405211216536,7144900.0
2019-07-26,33.755767822265625,33.78012750079174,33.70704536759405,33.78012750079174,7172300.0
2019-07-29,33.74763488769531,33.81259503588013,33.69891245334316,33.81259503588013,4483000.0
2019-07-30,33.390342712402344,33.43094319158951,33.32538256522648,33.42282433479928,6246300.0
2019-07-31,33.17921829223633,33.47966555473071,32.93561232000796,33.4065834533004,10458000.0
2019-08-01,33.04930114746094,33.47155302469181,32.927496589514476,33.17922456371516,10101500.0
2019-08-02,32.78944396972656,32.93560815409939,32.643279785353734,32.93560815409939,11014100.0
2019-08-05,31.95306968688965,32.28599863743558,31.790667738423227,32.28599863743558,19670400.0
2019-08-06,32.172306060791016,32.245388153992316,31.928700115992555,32.1885468701266,12852600.0
2019-08-07,32.30223083496094,32.34283440886487,31.912460686901934,32.00178359330212,13397200.0
2019-08-08,32.63516616821289,32.68388860798854,32.36720049349282,32.39156016457144,9269800.0
2019-08-09,32.399681091308594,32.54584530837638,32.3184770275941,32.497122870147685,9542000.0
2019-08-12,32.12358856201172,32.342834854116525,32.058625320965334,32.24538999254695,9166400.0
2019-08-13,32.440277099609375,32.505237244002195,32.01802531939349,32.066747750901506,9306400.0
2019-08-14,31.56330108642578,31.87998923917225,31.547060271205606,31.8393887499312,12302500.0
2019-08-15,31.628250122070312,31.717573016797697,31.49832675636249,31.6526097851351,15610100.0
2019-08-16,32.001792907714844,32.03427453724495,31.80690622815291,31.823147042917963,15206500.0
2019-08-19,32.19667434692383,32.31035693415745,32.19667434692383,32.26163449779239,7340000.0
2019-08-20,32.10736083984375,32.22104346039814,32.066760346448476,32.21292150314763,7429200.0
2019-08-21,32.37531661987305,32.45652067931478,32.34283809371449,32.44027986742643,8014700.0
2019-08-22,32.261634826660156,32.39155822733987,32.1560710956022,32.350957745430875,7855800.0
2019-08-23,31.86373519897461,32.40778829086799,31.847494392073994,32.172301237234805,11896900.0
2019-08-26,32.13983917236328,32.18855852038576,32.00991265065328,32.156076889958264,9964200.0
2019-08-27,32.13170623779297,32.30223009284782,32.107346572104476,32.28598928318292,8188100.0
2019-08-28,32.13983917236328,32.212918194397,31.953071346214536,32.01803460706954,6669200.0
2019-08-29,32.391563415527344,32.44840471882791,32.29412162381477,32.399685371780976,8436700.0
2019-08-30,32.5539665222168,32.64328944995884,32.3996834364196,32.62704863604042,7499400.0
2019-09-03,32.42403793334961,32.45651955600212,32.294114540357604,32.33471501986423,10164000.0
2019-09-04,32.8787727355957,32.89501044998446,32.748849337158546,32.78132786355421,7377400.0
2019-09-05,33.14674377441406,33.22794475002173,33.10614328661023,33.138624915900756,6302100.0
2019-09-06,33.219818115234375,33.29290021522129,33.18733649354731,33.20357730439085,6155200.0
2019-09-09,33.28478240966797,33.33350174611906,33.236059975598835,33.317260934762686,6446800.0
2019-09-10,33.38222885131836,33.406588522952525,33.20358299901857,33.25230543990536,10696500.0
2019-09-11,33.58522415161133,33.58522415161133,33.455300779748164,33.471541588433254,7106400.0
2019-09-12,33.763877868652344,33.81259720851691,33.552750403845025,33.58523202883357,9438000.0
2019-09-13,33.918155670166016,34.03183824234184,33.885674050224985,33.918155670166016,7986300.0
2019-09-16,33.674556732177734,33.780117372553725,33.674556732177734,33.739516887976926,7072300.0
2019-09-17,33.804481506347656,33.804481506347656,33.59335402183396,33.61771679165849,15503100.0
2019-09-18,33.71515655517578,33.796357522736,33.53651070940126,33.73951622592018,6214700.0
2019-09-19,33.85319900512695,33.97500355475335,33.83695819200221,33.91816225762593,4483100.0
2019-09-20,33.78011703491211,33.95876288240651,33.74763850614635,33.90192158504345,5914500.0
2019-09-23,33.73139190673828,33.73951076313243,33.56898690029458,33.59334656709489,10087500.0
2019-09-24,33.588340759277344,33.833570171895836,33.56381875349384,33.833570171895836,13552600.0
2019-09-25,33.531124114990234,33.56382220490473,33.29406764050237,33.41668391855099,15322500.0
2019-09-26,33.60469055175781,33.686432651699334,33.547470458146506,33.67008360805878,7247500.0
2019-09-27,33.457557678222656,33.63739406903801,33.383988529094715,33.61286894048754,9373000.0
2019-09-30,33.580162048339844,33.612857011033896,33.45754580389012,33.48206780547581,7563800.0
2019-10-01,33.27771759033203,33.53112310212258,33.212324530739835,33.50660109455818,14038800.0
2019-10-02,32.6156005859375,32.89352812357862,32.533855358242114,32.88535204167829,10410200.0
2019-10-03,32.84449005126953,32.84449005126953,32.48482030493422,32.61560958708001,13239800.0
2019-10-04,33.0978889465332,33.11423487501133,32.84448339945674,32.84448339945674,6326500.0
2019-10-07,33.05699920654297,33.19596447927351,33.024304246718444,33.05699920654297,8294300.0
2019-10-08,32.74639892578125,32.918059274219864,32.72187379153112,32.87718820815292,8200700.0
2019-10-09,33.00796127319336,33.04883231917971,32.90169405902011,32.96709022720701,6044000.0
2019-10-10,33.220497131347656,33.24501913864448,32.958918659310385,32.9997897108922,10763600.0
2019-10-11,33.7845344543457,33.939845726205,33.702789217897184,33.710965300673,7568500.0
2019-10-14,33.661895751953125,33.71911582024791,33.58832664725128,33.629197679139004,5466900.0
2019-10-15,34.037933349609375,34.14420058680305,33.7600058111301,33.809052947895246,6674500.0
2019-10-16,34.062461853027344,34.14420709655436,33.980719727762526,34.013417825173335,6163000.0
2019-10-17,34.15237045288086,34.27498672454175,34.07880131353659,34.23411567340855,24813100.0
2019-10-18,34.111507415771484,34.16872752445328,33.98889423356566,34.062460271931926,6687100.0
2019-10-21,34.32403564453125,34.364906697793096,34.29133755461718,34.3403815712268,8354000.0
2019-10-22,34.24229049682617,34.454824963484555,34.234117533459994,34.34855773015536,9853600.0
2019-10-23,34.40578079223633,34.40578079223633,34.258642492878714,34.26681545694891,8436500.0
2019-10-24,34.46299743652344,34.54473954206813,34.38125533097874,34.51204457080712,6605900.0
2019-10-25,34.48752212524414,34.51204725342304,34.340383829217494,34.356732875249534,5005800.0
2019-10-28,34.64284133911133,34.65919038742548,34.52840111917438,34.569272180828705,5521500.0
2019-10-29,34.601959228515625,34.64283027711919,34.495692007537464,34.51204105063111,6772500.0
2019-10-30,34.74092483520508,34.74092483520508,34.43029922238887,34.593786551148,6277800.0
2019-10-31,34.659183502197266,34.659183502197266,34.50386913319788,34.64283445713093,7087200.0
2019-11-01,34.969810485839844,34.99433561571354,34.87171932113078,34.879892285580745,8396500.0
2019-11-04,35.157814025878906,35.247732211240404,35.11694297387679,35.21503724059554,6367900.0
2019-11-05,35.149635314941406,35.18233339850071,35.067893224304036,35.15780827670079,7276200.0
2019-11-06,35.116943359375,35.198688582538,35.067899343738624,35.15781441182579,5552000.0
2019-11-07,35.27225875854492,35.370349910955426,35.23956066832091,35.32947885730617,7658500.0
2019-11-08,35.19868850708008,35.215037551677625,35.04337414253406,35.11694328409233,6063800.0
2019-11-11,35.16598892211914,35.17416188493958,35.018850645261054,35.05154873306536,4169100.0
2019-11-12,35.17416000366211,35.24772913815634,35.11693991219561,35.19050904668984,5746000.0
2019-11-13,35.059730529785156,35.10060159070806,34.937117347016446,34.961639359917775,5703000.0
2019-11-14,35.03519058227539,35.03519058227539,34.888052343663745,34.92892338366465,7432900.0
2019-11-15,35.24773406982422,35.255910151612596,35.12512090735257,35.12512090735257,5645100.0
2019-11-18,35.28860092163086,35.3212990083674,35.15781169294589,35.206858823050695,10439700.0
2019-11-19,35.22320556640625,35.38669287115232,35.18233451978497,35.38669287115232,5124800.0
2019-11-20,35.01068115234375,35.10877230721718,34.89623783368622,35.05155220701921,6732300.0
2019-11-21,34.96163558959961,34.98615759985645,34.847195384052064,34.98615759985645,4532600.0
2019-11-22,35.00251007080078,35.09242827488919,34.937116997630504,35.09242827488919,4475100.0
2019-11-25,35.27225875854492,35.28860468539541,35.16599152444766,35.17416448787291,6874500.0
2019-11-26,35.296783447265625,35.3213054576649,35.206865251452626,35.239563344159485,7781600.0
2019-11-27,35.39488220214844,35.40305828621045,35.321313036902424,35.34583817082604,4917900.0
2019-11-29,35.12511444091797,35.20685653418392,35.10876539861258,35.16598548755094,3377400.0
2019-12-02,34.969810485839844,35.116948792034385,34.8226721796453,35.116948792034385,11767300.0
2019-12-03,34.83900833129883,34.847184410984354,34.55290790752044,34.650999035921494,10085700.0
2019-12-04,35.141475677490234,35.141475677490234,35.00251032880328,35.043381389618716,7314200.0
2019-12-05,35.10877227783203,35.17416534160572,35.03520313217313,35.17416534160572,7073100.0
2019-12-06,35.41122055053711,35.41939663212826,35.337651407524106,35.37034949736577,6943400.0
2019-12-09,35.22320556640625,35.39486583317218,35.22320556640625,35.34582182453105,6856800.0
2019-12-10,35.25590133666992,35.32947046306324,35.14963412782163,35.21503029273158,8596400.0
2019-12-11,35.45208740234375,35.48478548831042,35.25590512306594,35.280427128410395,6129000.0
2019-12-12,35.73002243041992,35.73819851276612,35.41122382067712,35.460270959969,9972100.0
2019-12-13,35.934383392333984,36.10604371468702,35.81177021276553,35.90168529714427,9039000.0
2019-12-16,36.29404830932617,36.35126840433242,36.253174140097734,36.28587222817596,7567800.0
2019-12-17,36.163265228271484,36.22865829729293,36.130567134629835,36.163265228271484,7978200.0
2019-12-18,36.07334518432617,36.13056528614067,36.0406470923574,36.097867194171904,6963000.0
2019-12-19,36.10603332519531,36.11420940577107,35.99976922379915,36.04881323420935,7447100.0
2019-12-20,36.163265228271484,36.22048533301344,36.14691618145066,36.19596020365129,9037800.0
2019-12-23,36.212791442871094,36.212791442871094,36.13848326434538,36.16325160732534,6372700.0
2019-12-24,36.17976760864258,36.20453595348655,36.11371763919664,36.20453595348655,4369000.0
2019-12-26,36.34490203857422,36.34490203857422,36.19628565078467,36.24582549657668,5075400.0
2019-12-27,36.4439811706543,36.53480265293445,36.37793118782391,36.52654758617567,7340400.0
2019-12-30,36.17976760864258,36.48525541020041,36.17151254355662,36.48525541020041,10412900.0
2019-12-31,36.3779296875,36.3779296875,36.138491816743155,36.22105507927269,6629100.0
2020-01-02,36.67515563964844,36.69166892041349,36.53479747752489,36.61736073176389,8229000.0
2020-01-03,36.22930908203125,36.46048870989842,36.17151417506446,36.22930908203125,9697300.0
2020-01-06,36.353153228759766,36.3861797890998,36.17151344606186,36.17976851135379,8579400.0
2020-01-07,36.29536819458008,36.38618968542376,36.27885490991877,36.3779346178866,7884600.0
2020-01-08,36.34490203857422,36.4770051444331,36.2375672808181,36.25408056274877,9948100.0
2020-01-09,36.49351501464844,36.49351501464844,36.377925201526516,36.460488453874696,5887100.0
2020-01-10,36.369667053222656,36.52654164239247,36.3201303615574,36.485256866556504,8841400.0
2020-01-13,36.58433151245117,36.59258657673016,36.344893703745484,36.435715158743214,8656500.0
2020-01-14,36.60911178588867,36.65039341990896,36.485263734241016,36.501777017766486,8757200.0
2020-01-15,36.58433151245117,36.6503814754404,36.54304674229892,36.54304674229892,10091400.0
2020-01-16,36.78248977661133,36.78248977661133,36.642131616827754,36.67515502822105,7171400.0
2020-01-17,36.87331771850586,36.88157278540701,36.7742411677583,36.85680443511681,14186000.0
2020-01-21,36.576080322265625,36.72469670451228,36.56782525640141,36.708183423197504,10533700.0
2020-01-22,36.66690444946289,36.774239210987034,36.642136100490625,36.74946771242818,6945800.0
2020-01-23,36.576080322265625,36.60910688489518,36.344900683031426,36.518285412457075,8803200.0
2020-01-24,36.43572235107422,36.716441835759795,36.33664266265363,36.716441835759795,7747400.0
2020-01-27,35.66786575317383,35.841250452733505,35.62658413179093,35.68437903164415,9721700.0
2020-01-28,35.97336196899414,35.998130317716495,35.75043738173323,35.799977228764504,11134400.0
2020-01-29,35.981624603271484,36.09721444428493,35.92382653317782,36.05592965856275,5853100.0
2020-01-30,35.89905548095703,35.91556876408632,35.560541050773246,35.63484925006172,8248600.0
2020-01-31,35.2880744934082,35.56879396559148,35.18073974385942,35.56879396559148,12227700.0
2020-02-03,35.41192626953125,35.568800891630985,35.38715791849944,35.38715791849944,21044700.0
2020-02-04,35.981624603271484,36.03941952377821,35.90731639839328,35.93208475015703,12679100.0
2020-02-05,36.3283805847168,36.361407141148945,36.21279078679006,36.33663564903195,18014500.0
2020-02-06,36.452239990234375,36.46049505712977,36.369673573346645,36.435726706856826,12988200.0
2020-02-07,36.097206115722656,36.221050995554144,36.064179554599775,36.196282649505086,12778600.0
2020-02-10,36.17976760864258,36.18802582331461,36.03115124040664,36.047664520164645,7295500.0
2020-02-11,36.427467346191406,36.50177554426297,36.34490408148374,36.4192122795553,7231200.0
2020-02-12,36.576080322265625,36.592593603580404,36.501772131142296,36.592593603580404,6518500.0
2020-02-13,36.31187057495117,36.43571859792646,36.23756239108321,36.29535729524873,6793000.0
2020-02-14,36.28710174560547,36.3614099284811,36.212793562729836,36.3614099284811,8702600.0
2020-02-18,36.039405822753906,36.13022412789045,35.98986598847291,36.01463433082053,8124600.0
2020-02-19,36.188026428222656,36.22930805351468,36.14674165334452,36.17151314818863,6371400.0
2020-02-20,35.923824310302734,36.08895399421283,35.74218449262971,36.006390727051155,9327600.0
2020-02-21,35.75868606567383,35.866017647917545,35.68437788972817,35.80822274991378,9270700.0
2020-02-24,34.36335372924805,34.611046669329276,34.322072097498946,34.37986701186501,17685000.0
2020-02-25,33.77714538574219,34.57802224661339,33.735863755195396,34.544995682341344,21171600.0
2020-02-26,33.80189895629883,34.280774480124286,33.77713061871653,34.041336718211554,22686100.0
2020-02-27,32.76986312866211,33.587253418987565,32.76160806089955,33.26525223326717,25284800.0
2020-02-28,32.58822250366211,32.612990855938015,31.746063880824156,32.0102701370572,51134100.0
2020-03-02,33.017555236816406,33.06709193653627,32.274473245151306,32.505652909408575,37864100.0
2020-03-03,32.753334045410156,33.6202637729201,32.51389940073897,33.26523618821817,36357600.0
2020-03-04,33.653297424316406,33.69458220454762,33.04232173176741,33.30652794739722,23674800.0
2020-03-05,32.76986312866211,33.14140416971913,32.63775999735151,32.92673776243457,20231100.0
2020-03-06,32.29098892211914,32.45611861579611,31.98550103604827,32.233194001770244,27329500.0
2020-03-09,29.665435791015625,30.639697494028425,29.62415415605817,30.16082170967877,50500700.0
2020-03-10,30.77179527282715,30.936924933572836,29.797533738972543,30.87913002474979,67138600.0
2020-03-11,29.1700496673584,30.012205093250085,28.980148478632312,29.93789689101413,52331500.0
2020-03-12,25.90874481201172,26.965571199405673,25.57023041737639,26.95731613350127,67385000.0
2020-03-13,27.543521881103516,27.758188227841465,25.92525661678986,27.568290226992378,65979800.0
2020-03-16,24.562946319580078,25.454643131383186,23.77858269794506,24.17489361691904,60833000.0
2020-03-17,25.677566528320312,25.793156354607383,24.529918607410316,24.967511138743667,51271700.0
2020-03-18,24.150121688842773,24.81889384851478,23.497861236046788,24.034531866744533,57760500.0
2020-03-19,24.505151748657227,24.99228258161668,23.836379524089967,24.05104590744766,63671400.0
2020-03-20,24.282222747802734,25.51243378228698,24.240941121899183,25.14089442477576,54786300.0
2020-03-23,23.86838150024414,24.49038586779406,23.743979361263033,24.31622382232385,57178400.0
2020-03-24,25.99148941040039,26.124183549501538,25.419244946877363,25.618286155529088,42462300.0
2020-03-25,26.928647994995117,27.335022479001484,25.94173378831928,26.28176277365614,48337300.0
2020-03-26,28.073131561279297,28.114601053561127,27.01987352729612,27.10280618450362,38425000.0
2020-03-27,27.210620880126953,27.708223145430548,26.837417599310232,27.069631567961505,42774800.0
2020-03-30,27.766277313232422,27.799451642040708,27.127685720224477,27.30184620095079,39894300.0
2020-03-31,27.650175094604492,27.907271441690114,27.301850909402077,27.40966591478362,35151700.0
2020-04-01,26.422748565673828,27.003286663620994,26.389574236950423,26.737898361189966,28504800.0
2020-04-02,26.928647994995117,27.069634156966778,26.422750517466977,26.455923266801726,33085500.0
2020-04-03,26.397869110107422,26.67155100810359,26.207121456136573,26.572031180744514,38093100.0
2020-04-06,27.8160400390625,27.890680700349648,27.26867624418284,27.343316905469987,30789300.0
2020-04-07,27.973609924316406,28.81953626037746,27.940435598115293,28.728308445163346,36819800.0
2020-04-08,28.23900032043457,28.363402471162072,27.849213031266082,28.081427004700767,35234700.0
2020-04-09,28.84442138671875,29.001997886913728,28.57074104817139,28.628794549186843,25835100.0
2020-04-13,28.612201690673828,28.81124448575766,28.36340056957746,28.753187832613204,34969000.0
2020-04-14,29.126392364501953,29.33372716839099,29.001993380375353,29.05175170855478,21511100.0
2020-04-15,28.180953979492188,28.396584006990366,28.089726134295184,28.247302653700526,22435900.0
2020-04-16,28.21411895751953,28.37169226097636,27.948730676077574,28.28875960940495,36469000.0
2020-04-17,29.010284423828125,29.051750750502872,28.678550646752218,28.8692982803984,27888500.0
2020-04-20,28.587324142456055,29.035164920255166,28.579028978533472,28.612203306867652,28400300.0
2020-04-21,27.99849510192871,28.396580774505374,27.93214959895164,28.139484436732644,22139300.0
2020-04-22,28.520977020263672,28.57903051613282,28.388282863465864,28.51268501957304,17123200.0
2020-04-23,28.47121810913086,29.018581890238064,28.41316145076541,28.60391226322721,22064600.0
2020-04-24,28.778072357177734,28.81953868658107,28.462922559091716,28.670257369786544,14562000.0
2020-04-27,29.17616081237793,29.242506320327568,28.93565162324305,29.01029229698564,19673500.0
2020-04-28,29.408369064331055,29.798159524454785,29.4000770638442,29.73181086584727,16352900.0
2020-04-29,30.187950134277344,30.295761959531927,29.9723201564118,30.03866881534833,19368500.0
2020-04-30,29.590822219848633,29.881089667616372,29.424953750976538,29.806449014807825,17964300.0
2020-05-01,28.935649871826172,29.151279877888133,28.811250865570674,29.068344043372534,20722600.0
2020-05-04,28.96052360534668,28.977110769136903,28.62049465684214,28.71172247584936,28930800.0
2020-05-05,29.035167694091797,29.317143184514325,28.993701361551683,29.184449022178924,14919900.0
2020-05-06,28.86100196838379,29.27567154598608,28.85270996884998,29.24249722049522,13380600.0
2020-05-07,29.300559997558594,29.449838166120134,29.167862667853278,29.25909050018645,18120900.0
2020-05-08,29.773277282714844,29.80644844491271,29.59911365370628,29.64887514251985,12044700.0
2020-05-11,29.764982223510742,29.83962287515323,29.549355431920144,29.58252659423403,12319200.0
2020-05-12,29.36690330505371,29.88109276453848,29.36690330505371,29.83133443329435,16592300.0
2020-05-13,29.11809730529785,29.565941193931653,28.96881600908658,29.557646030987858,16110600.0
2020-05-14,28.902469635009766,28.91905679852514,28.297052403249367,28.471216038321828,18021700.0
2020-05-15,28.9107666015625,29.018581589297103,28.72831095519288,28.81953877837769,17247600.0
2020-05-18,30.063539505004883,30.146472141616737,29.623990836342927,29.632282834533193,18536800.0
2020-05-19,29.74010467529297,30.055254461966644,29.731809511505805,29.939144314692534,12690600.0
2020-05-20,30.2791748046875,30.436751287874138,30.187950144137254,30.25429563941727,14971700.0
2020-05-21,29.947446823120117,30.262596687084603,29.83963181319143,30.16307367929868,13381500.0
2020-05-22,29.864505767822266,29.88109293288984,29.64887894930033,29.789865106857317,10603200.0
2020-05-26,30.751903533935547,30.917768867153367,30.72702120301012,30.843128201733972,13114000.0
2020-05-27,31.075342178344727,31.10022134304216,30.71043088983237,31.0836341786845,21634900.0
2020-05-28,31.282682418823242,31.622711437998337,31.274387253365088,31.415376593045753,14323500.0
2020-05-29,31.2412109375,31.29097243605695,30.884597937383145,31.25779810368565,18711700.0
2020-06-01,31.9212703704834,31.92956237128866,31.440252068142563,31.48171839952546,12729000.0
2020-06-02,32.26959228515625,32.3276457835094,32.0954317900968,32.136898122680705,10213400.0
2020-06-03,33.015995025634766,33.107219681070085,32.634496585371934,32.684258076800475,11180100.0
2020-06-04,32.83354568481445,33.049172528338914,32.75061301353857,32.80866651616741,10505400.0
2020-06-05,33.480430603027344,33.7043526200726,33.39749792871965,33.50531293626264,30764900.0
2020-06-08,33.87849426269531,33.895081421052915,33.438945639088395,33.6462803730429,17157300.0
2020-06-09,33.438961029052734,33.55506802731609,33.231626199674345,33.29797486364107,10378900.0
2020-06-10,33.38090515136719,33.66288062577679,33.2316238317575,33.53847847154265,16997600.0
2020-06-11,31.54807472229004,32.56816190769846,31.490021211519732,32.443759719659774,18307100.0
2020-06-12,32.08713150024414,32.47692192436593,31.65587475016166,32.39398927244456,20129400.0
2020-06-15,32.18665313720703,32.286172948099605,31.340726835425823,31.440246646318393,14497100.0
2020-06-16,32.6179084777832,32.933055059444676,32.25299724728186,32.858414413540096,15073100.0
2020-06-17,32.69254684448242,32.87500246466929,32.61790936023619,32.858415302499786,11290100.0
2020-06-18,32.54326248168945,32.65936943096886,32.41056837341627,32.44373952772674,11393400.0
2020-06-19,32.39399719238281,32.90818672009975,32.34423569085718,32.90818672009975,12600500.0
2020-06-22,32.767433166503906,32.81744501902727,32.47568358099584,32.584047894458685,9297600.0
2020-06-23,32.92580795288086,33.184214172681095,32.90080202766694,33.12586489398382,9750200.0
2020-06-24,32.117244720458984,32.64239133659851,32.017217853507525,32.57570781856312,15271900.0
2020-06-25,32.5423698425293,32.5590415197399,31.98387978526464,32.13392170036277,13131700.0
2020-06-26,32.05056381225586,32.47568041626379,32.0088862126154,32.47568041626379,13671100.0
2020-06-29,32.34231185913086,32.38398946092283,32.03389379011367,32.225613302194475,11590700.0
2020-06-30,32.333980560302734,32.45067912788474,32.07557431794437,32.125589352535584,12988200.0
2020-07-01,32.44233322143555,32.542363264479285,32.275622842622624,32.28395708964461,7967300.0
2020-07-02,32.767433166503906,33.05084532339318,32.74242406044489,32.90080340622843,8687600.0
2020-07-06,33.31757736206055,33.38426087513032,33.1508638096913,33.26756234241081,8462200.0
2020-07-07,32.85911178588867,33.159195521251426,32.82577162180103,32.992485161424376,8054600.0
2020-07-08,33.12586212158203,33.12586212158203,32.784100726473625,32.8757901711833,7949500.0
2020-07-09,32.74241256713867,33.07583963930842,32.509015524497585,33.05083372182436,9278800.0
2020-07-10,33.05084228515625,33.067510781266876,32.74242105055993,32.84245110600595,8127700.0
2020-07-13,32.87579345703125,33.450955184677895,32.81744417738554,33.2592356687281,8718300.0
2020-07-14,33.334259033203125,33.375936638846646,32.867461582522246,32.892467509948865,10325900.0
2020-07-15,33.7093505859375,33.92607915816591,33.61766115285251,33.801043198819016,12277400.0
2020-07-16,33.5009651184082,33.63433534707852,33.425944166043834,33.5009651184082,7141400.0
2020-07-17,33.66768264770508,33.692688574826846,33.48429736935227,33.592661686542336,5077100.0
2020-07-20,33.859397888183594,33.88440699193637,33.617666537085064,33.701021736802204,6749000.0
2020-07-21,33.992767333984375,34.16781833704054,33.95108973508413,34.08445995944309,6861700.0
2020-07-22,34.0844612121582,34.11780456442266,33.93441930676523,33.96776265902968,5506500.0
2020-07-23,33.801048278808594,34.13447543398035,33.70935565214651,34.00110520787105,7814100.0
2020-07-24,33.63433074951172,33.73436079218888,33.542641313419274,33.61766225552883,6137500.0
2020-07-27,34.10112762451172,34.151142645188195,33.926079821838954,33.97609166271883,5819400.0
2020-07-28,33.94275665283203,34.10946705415791,33.892741624556024,33.97609682521896,5727300.0
2020-07-29,34.30118942260742,34.359538698492145,34.03444896719239,34.109466739218135,9348200.0
2020-07-30,33.84272384643555,33.892738870647655,33.25923112961173,33.56764916276101,8765500.0
2020-07-31,33.1842155456543,33.68435314940872,32.96748691884267,33.6593472231602,19441900.0
2020-08-03,33.759368896484375,33.76770314401487,33.40927326386036,33.48429103102535,7887100.0
2020-08-04,34.02611541748047,34.02611541748047,33.651010615613615,33.667682293451854,8223100.0
2020-08-05,34.209495544433594,34.43455839167556,34.184486441542084,34.284516493514246,10052800.0
2020-08-06,34.284523010253906,34.334534865949216,34.03445419238474,34.12614365442532,6296400.0
2020-08-07,34.14280700683594,34.14280700683594,33.90940992438075,33.9844308694266,5767500.0
2020-08-10,34.27618408203125,34.28452151081419,34.0928019861728,34.19282887298626,6542300.0
2020-08-11,34.41788864135742,34.85967693298798,34.38454528883512,34.84300525672683,10322500.0
2020-08-12,35.10140609741211,35.234776307294176,34.98470756123988,35.01804772886293,9029700.0
2020-08-13,34.95137405395508,35.151427835202576,34.8430097342308,35.009723338468724,11250600.0
2020-08-14,34.73464584350586,34.809666807349615,34.64295638085021,34.68463398747506,8767200.0
2020-08-17,35.00137710571289,35.034717271307755,34.91801874223464,34.92635616848069,7215100.0
2020-08-18,34.99304962158203,35.15142578749339,34.851345133103024,35.12641986124353,7639400.0
2020-08-19,34.80133819580078,35.15143396392253,34.77633226373439,35.126428031856136,6273000.0
2020-08-20,34.692970275878906,34.74298531464678,34.401223832560675,34.44290144163503,6993800.0
2020-08-21,34.509586334228516,34.517920583683356,34.28452344137688,34.32620104824623,9278000.0
2020-08-24,34.926361083984375,35.01805052702009,34.79299086344521,35.00971627939752,5248100.0
2020-08-25,35.00137710571289,35.12640988123561,34.792985966711925,35.118075634786,9096600.0
2020-08-26,35.25979232788086,35.28480143550761,34.99305183171079,35.01805775954,9328000.0
2020-08-27,34.9013557434082,35.268126274271374,34.759651259972685,35.268126274271374,7424800.0
2020-08-28,35.14309310913086,35.15976478730823,34.93470190160997,35.10974975277612,12329500.0
2020-08-31,34.9013557434082,35.118084362517756,34.843006464370376,35.05139765516182,18615200.0
2020-09-01,34.95137405395508,35.02639501687227,34.78466044971715,34.92636812624852,11476400.0
2020-09-02,35.3764762878418,35.39314795944212,35.0347149695258,35.17642258823041,10019000.0
2020-09-03,34.57626724243164,35.28479922457249,34.43456275388187,35.23478419225045,13320200.0
2020-09-04,34.6429443359375,34.817992130778514,34.017770914536925,34.7346337667139,14064200.0
2020-09-08,34.21782302856445,34.509572519452796,34.084452832094335,34.192817110412655,14936300.0
2020-09-09,34.80966567993164,34.95137335362357,34.66796118603717,34.73464471851767,12640400.0
2020-09-10,34.426212310791016,35.05972309485531,34.426212310791016,35.001373835769925,10540900.0
2020-09-11,34.74297332763672,34.90968688621243,34.584597195877954,34.82632851702625,10533900.0
2020-09-14,34.97637939453125,35.126421317846955,34.94303603828388,35.051400356189106,4914400.0
2020-09-15,35.19309997558594,35.35147611181671,35.134750705406354,35.34314186456108,10679000.0
2020-09-16,35.19309997558594,35.45984040492026,35.14308495266197,35.31813276320073,5253700.0
2020-09-17,35.24312210083008,35.251459530314875,34.934703985643736,34.95137566481566,5816800.0
2020-09-18,34.99304962158203,35.19310657097294,34.86801681053538,35.143091538675876,6698700.0
2020-09-21,34.13915252685547,34.172669146139064,33.75368103715109,34.15590923818447,10459600.0
2020-09-22,34.13077163696289,34.16429145352261,33.829099681176714,34.16429145352261,8189600.0
2020-09-23,33.77882385253906,34.315128142099105,33.74530403528513,34.29836823347214,8206300.0
2020-09-24,33.72854232788086,33.954796287339974,33.49391001286795,33.68664415686077,13238300.0
2020-09-25,33.854244232177734,33.87938249857936,33.35983808098148,33.47715425302365,8351500.0
2020-09-28,34.40730667114258,34.41568502729659,34.273230596297985,34.33188867925339,5801100.0
2020-09-29,34.35702896118164,34.48272668725098,34.22295287846646,34.38216722774512,6711100.0
2020-09-30,34.273223876953125,34.491096257126536,34.15590453741728,34.28160223146454,12413000.0
2020-10-01,34.474334716796875,34.49109462165014,34.27322225180766,34.44081490709034,7829500.0
2020-10-02,34.39891815185547,34.47433612847093,34.02182826877816,34.04696972540007,10670800.0
2020-10-05,34.935218811035156,34.943600361270214,34.68382664660512,34.700586550450424,5014000.0
2020-10-06,34.57490158081055,35.00227129441931,34.499483584092886,34.94361320770846,7800200.0
2020-10-07,34.90171432495117,34.951990857328546,34.7760166007559,34.86819450561565,7758800.0
2020-10-08,35.161476135253906,35.169857686303544,35.01902173366124,35.0692982534586,10005300.0
2020-10-09,35.39612579345703,35.42964242120557,35.26204969258367,35.329086144707155,5498600.0
2020-10-12,35.57209396362305,35.61399213857856,35.42963633282329,35.46315615143804,3945200.0
2020-10-13,35.17824172973633,35.312317798587195,35.11120529362371,35.312317798587195,5947300.0
2020-10-14,35.102821350097656,35.34583520728183,35.06930153601182,35.28717713094433,8043500.0
2020-10-15,34.717350006103516,34.750869817223425,34.42405965036711,34.42405965036711,9745300.0
2020-10-16,34.8262825012207,34.97711843171194,34.76762443898796,34.81790095140194,6077700.0
2020-10-19,34.67544937133789,35.04415767752646,34.641929562604865,35.00225951492262,7366300.0
2020-10-20,34.868186950683594,35.05254272045849,34.85142704464722,34.918463472167495,6592600.0
2020-10-21,34.75087356567383,35.02740404567861,34.75087356567383,34.84305145788392,5414700.0
2020-10-22,34.784393310546875,34.834673037169864,34.54138262343348,34.70059696280098,7877400.0
2020-10-23,34.97713088989258,34.985509246070905,34.77601517872916,34.97713088989258,6575500.0
2020-10-26,34.323509216308594,34.583283025660464,34.122396690109575,34.516243385843474,9573600.0
2020-10-27,34.06373596191406,34.30674664584005,34.038594500619446,34.264848472516654,9328900.0
2020-10-28,33.06654357910156,33.42687363890931,33.05816522273141,33.359837198070544,11666400.0
2020-10-29,33.22575759887695,33.34307375538236,32.92408565550561,33.091681534781415,10035800.0
2020-10-30,33.058162689208984,33.1251991249102,32.790010553152904,33.074922597290694,13759900.0
2020-11-02,33.46038818359375,33.485526445367746,33.2341342377517,33.426868370144845,16347500.0
2020-11-03,34.31511688232422,34.440811360843924,34.07210308191159,34.114001241418165,8549600.0
2020-11-04,34.66706848144531,34.968740372541276,34.306738522261234,34.44081456312334,8979800.0
2020-11-05,35.505043029785156,35.572082645684716,35.31230892901117,35.446384964185455,8847400.0
2020-11-06,35.580474853515625,35.71455094089582,35.50505685457513,35.63913294195533,6321200.0
2020-11-09,36.55251693725586,37.18938056946949,36.510618771179345,37.18938056946949,11723900.0
2020-11-10,36.820674896240234,37.02179060069104,36.72011864232767,36.837434804663275,9152400.0
2020-11-11,37.1307258605957,37.15586412319337,36.97988989175878,37.08882449409898,5697600.0
2020-11-12,36.59441375732422,36.937987017739836,36.5022390739963,36.84580913778687,7226600.0
2020-11-13,37.11396408081055,37.16424060346928,36.82905206478498,36.83743041968634,5989700.0
2020-11-16,37.591617584228516,37.60837749393721,37.39050186435011,37.541337855102434,7570700.0
2020-11-17,37.574851989746094,37.65864832898593,37.356979589747255,37.46591419143396,6727800.0
2020-11-18,37.37373733520508,37.75920881760849,37.37373733520508,37.62513275313681,6703900.0
2020-11-19,37.59999084472656,37.62513230419507,37.27318064126543,37.34022027101412,6344000.0
2020-11-20,37.72569274902344,37.792729189604174,37.583235118272384,37.61675493687567,5001500.0
2020-11-23,37.750823974609375,37.97707791304929,37.62512947322625,37.910041484970016,9744200.0
2020-11-24,38.35416793823242,38.379306199267745,38.052496019307455,38.077634280342785,7320200.0
2020-11-25,38.27875518798828,38.34579162544915,38.01898140084138,38.11954085197123,9436700.0
2020-11-27,38.546905517578125,38.56366542531127,38.37093128131844,38.39606954460539,3124300.0
2020-11-30,37.78434753417969,38.42120804890638,37.76758762634141,38.387691429855394,11957400.0
2020-12-01,38.59718322753906,38.63069984463157,38.3793076349982,38.41282744871608,13034000.0
2020-12-02,38.65584182739258,38.680980089709166,38.429587876667,38.4631076908394,13378800.0
2020-12-03,38.78993225097656,38.94914663231281,38.714514239474845,38.80669216426879,6177100.0
2020-12-04,39.1670036315918,39.1670036315918,39.049684294490255,39.049684294490255,6514000.0
2020-12-07,38.88208770751953,39.03292364336151,38.80666973959854,38.932364221717016,6780200.0
2020-12-08,38.97426986694336,38.99941132549496,38.77315737828276,38.78153573338305,5952700.0
2020-12-09,39.02454376220703,39.25917602949583,38.78152994444369,39.22565941747236,8296900.0
2020-12-10,39.10834503173828,39.19214456395413,38.82343621208031,38.831814566989244,6701600.0
2020-12-11,38.97426986694336,38.991029773769306,38.75639747145682,38.89885188453929,8139600.0
2020-12-14,38.98264694213867,39.317835450290445,38.96588703723734,39.28431883711277,6756700.0
2020-12-15,39.41001510620117,39.43515656299948,39.10834319762263,39.18376117476727,6568500.0
2020-12-16,39.544090270996094,39.60274834117252,39.3429778008555,39.468672295537104,6429000.0
2020-12-17,39.80385971069336,39.9127974849565,39.76196155032284,39.86251777453703,6391800.0
2020-12-18,39.56924057006836,39.77873463797999,39.518960842984285,39.77873463797999,6865600.0
2020-12-21,39.125396728515625,39.20993928095684,38.55052027178988,38.65197133471933,10377000.0
2020-12-22,38.99858856201172,39.0577667374877,38.88868485399831,39.023949715796086,7715600.0
2020-12-23,39.43819808959961,39.48892039449385,39.31138587742695,39.34520289733546,8928100.0
2020-12-24,39.53963851928711,39.5565470260747,39.42973483765171,39.53118265340935,4133400.0
2020-12-28,39.78481674194336,39.95389540115647,39.759452363086424,39.9454427581833,7216800.0
2020-12-29,40.09760284423828,40.300498458047635,40.01306354264566,40.292045817875426,7617300.0
2020-12-30,40.182151794433594,40.42732034287715,40.16524328506144,40.308964002240515,4801100.0
2020-12-31,39.911624908447266,40.19906313810328,39.843994091158656,40.16524611697465,10270300.0
2021-01-04,40.13988494873047,40.70630876503465,39.94544191476594,40.680944386713264,16916400.0
2021-01-05,40.59640121459961,40.69784904337258,40.283601861318076,40.29205450331236,16523300.0
2021-01-06,41.036014556884766,41.238910223252944,40.63021999917995,40.664033793595664,14076700.0
2021-01-07,41.15436935424805,41.20509488141938,40.976834846600916,41.01064863974678,8094800.0
2021-01-08,41.54326248168945,41.577079505578354,41.12901522644157,41.500992814312774,8202400.0
2021-01-11,41.002197265625,41.137462117296366,40.80775424290794,40.83311539479368,9392400.0
2021-01-12,41.1966438293457,41.23891349444465,40.875388569649964,40.96838376784889,8035600.0
2021-01-13,41.12055206298828,41.22199989168872,41.052921252177434,41.12900792994484,12509300.0
2021-01-14,41.43335723876953,41.56016946119254,41.25582270735235,41.25582270735235,11554400.0
2021-01-15,40.76547622680664,40.968371850247244,40.53721623171012,40.90919369132975,10321000.0
2021-01-19,41.05293273925781,41.11211092463916,40.89230347182052,41.07829389728718,9083200.0
2021-01-20,41.36571502685547,41.391076174368415,41.08672950434149,41.15436353099987,6967100.0
2021-01-21,41.45871353149414,41.47562203951703,41.196636494591544,41.43334915697572,7764900.0
2021-01-22,41.17128372192383,41.23046189956052,41.019110343724115,41.05292736665046,9665900.0
2021-01-25,41.14591598510742,41.16282449519101,40.67249060264119,40.926111803957895,10653300.0
2021-01-26,41.162811279296875,41.23889793776006,41.0190938271817,41.213536793261504,7378100.0
2021-01-27,40.19906234741211,40.604856918067924,40.06379749052684,40.44423090831935,17187600.0
2021-01-28,40.51185607910156,40.73166345651615,40.28359928520137,40.32586894240629,10340200.0
2021-01-29,39.62418746948242,40.13143312162781,39.44665294246746,40.029982056217506,18440200.0
2021-02-01,40.182151794433594,40.24132996475191,39.97080026473433,40.16524328506144,11963300.0
2021-02-02,40.63022994995117,40.66404375264825,40.34279166472587,40.44423952275561,7982700.0
2021-02-03,40.74011993408203,40.782392820235515,40.545676912656035,40.689397630647335,6294300.0
2021-02-04,40.75703811645508,40.76549398567998,40.53723389114539,40.59641207584297,5971400.0
2021-02-05,41.06136703491211,41.09518404715261,40.84156290528446,40.96837186373464,7702400.0
2021-02-08,41.323455810546875,41.42490365119121,41.222004744933834,41.30654729961137,10370400.0
2021-02-09,41.560157775878906,41.60242742981218,41.32344513387827,41.37416742861105,5571600.0
2021-02-10,41.4671745300293,41.746160131179614,41.28118735423122,41.69543459688806,8471300.0
2021-02-11,41.73769760131836,41.746153468168394,41.517893437741705,41.70388380882307,7432400.0
2021-02-12,41.93213653564453,41.940592401672085,41.58552020277815,41.602428709865286,6961000.0
2021-02-16,42.185768127441406,42.35484677727602,42.09277293505125,42.26185480985439,7636800.0
2021-02-17,41.923683166503906,41.97440868688438,41.68697052133088,41.85604913932995,7865500.0
2021-02-18,41.65315246582031,41.68696947856139,41.340353160384986,41.57706579963682,8100900.0
2021-02-19,41.84760665893555,42.016688542955286,41.77997261534017,41.83915401597047,7278800.0
2021-02-22,41.720787048339844,41.96595557548549,41.64470037525906,41.66160888316236,6601600.0
2021-02-23,41.73769760131836,41.85605393747258,41.230455239237905,41.61934126516414,17006500.0
2021-02-24,41.88987731933594,41.94060285323812,41.37417901205453,41.45026570042341,11151700.0
2021-02-25,41.17973327636719,42.08431760949852,41.103646592974435,42.00823092610577,11129200.0
2021-02-26,40.587947845458984,41.07828496047946,40.55413405043261,41.06137645048201,16625600.0
2021-03-01,41.37417221069336,41.43335037803341,41.0951898825143,41.112098391035495,10026300.0
2021-03-02,41.357261657714844,41.4756212115122,41.18818303079765,41.3403563749976,11181300.0
2021-03-03,41.1036491394043,41.41645175993562,41.05292683064585,41.25582251561717,12733000.0
2021-03-04,40.689395904541016,41.30654196157414,40.42731885636189,41.12900745714714,13340100.0
2021-03-05,41.019100189208984,41.0613698449184,40.36813717138628,40.98528317465425,12050700.0
2021-03-08,40.81619644165039,41.10363458102684,40.697840129842604,40.807743801507385,12981200.0
2021-03-09,41.340362548828125,41.47562740554338,41.205097692112865,41.289637018196686,10888700.0
2021-03-10,41.51789093017578,41.56861322833937,41.298083554906604,41.52634357154702,9633200.0
2021-03-11,41.82225036621094,41.889881192698574,41.61089879286234,41.69543813221415,7169600.0
2021-03-12,41.923683166503906,41.93213580741669,41.56015833286366,41.60242798736343,9072700.0
2021-03-15,42.0251350402832,42.033590906980415,41.65315752981167,41.89832606453911,7494600.0
2021-03-16,42.092777252197266,42.15195543070255,42.008234693640524,42.13504691899121,10017400.0
2021-03-17,42.31257629394531,42.3886629748822,41.86451207563277,41.915237604580184,8627500.0
2021-03-18,41.906776428222656,42.38020496351584,41.898323786953156,42.11812793460867,7024200.0
2021-03-19,42.050506591796875,42.13504592338719,41.70389017232654,41.94060288075444,7464000.0
2021-03-22,42.06833267211914,42.18724123345119,41.95791943089098,42.03436111174948,8220500.0
2021-03-23,41.43132781982422,41.79654889510484,41.38036884933032,41.74558992461094,10888000.0
2021-03-24,41.25295639038086,41.55872311001553,41.24446431039779,41.3718649502354,7748500.0
2021-03-25,41.51626205444336,41.55023361915682,41.07459931301128,41.218987373086684,9722100.0
2021-03-26,42.0853271484375,42.1023145514862,41.660651792267565,41.69462659836496,6866200.0
2021-03-29,41.88148880004883,41.94943517873042,41.669151101642605,41.79655177667665,7404800.0
2021-03-30,41.83052062988281,41.88148283664974,41.6266750428308,41.70311673297334,14968100.0
2021-03-31,41.71160888671875,41.91545121827622,41.70311356622818,41.72859628768445,8259500.0
2021-04-01,42.255191802978516,42.340125565872825,41.932437671952464,41.983399873698275,9224300.0
2021-04-05,42.8922119140625,42.91769139918656,42.52699084054347,42.603432535931546,9219800.0
2021-04-06,42.518489837646484,42.586436197059484,42.40807335858322,42.4590355581544,10604800.0
2021-04-07,42.594932556152344,42.645891516951494,42.47602075425194,42.5354782752098,5940200.0
2021-04-08,42.841251373291016,42.88372150350735,42.68836797655711,42.78179707900739,7075100.0
2021-04-09,42.943172454833984,42.95166453620655,42.773301667240524,42.79028907000145,6944600.0
2021-04-12,42.71385192871094,42.84125260296863,42.65439763272079,42.82426519839771,5710200.0
2021-04-13,43.00263214111328,43.01112422355157,42.79029443997804,42.832761332201855,5454000.0
2021-04-14,43.045101165771484,43.197984577363925,43.00263427144388,43.01962167717819,6699800.0
2021-04-15,43.37633514404297,43.393322544947125,43.25742657772928,43.29989345998196,5908900.0
2021-04-16,43.631134033203125,43.65661675127049,43.43578380810005,43.51222548227212,9082500.0
2021-04-19,43.503746032714844,43.707588396342196,43.410316932712334,43.66512150725449,15499900.0
2021-04-20,42.78178787231445,43.13002148104226,42.70534619039784,43.09604992020237,11657400.0
2021-04-21,43.17250061035156,43.197980096301784,42.64590080726285,42.67987561520715,11195800.0
2021-04-22,42.9941291809082,43.282908532752174,42.93467489435347,43.248933729002154,9660600.0
2021-04-23,43.48675537109375,43.56319706173106,43.18098860854451,43.1979760109101,16386300.0
2021-04-26,43.554691314697266,43.614145588737195,43.486744961515164,43.50373235981442,11905100.0
2021-04-27,43.418800354003906,43.46126723462096,43.30838711240262,43.37633347338685,12910100.0
2021-04-28,43.5377082824707,43.66511216248406,43.36784076247324,43.376332842467015,10869700.0
2021-04-29,43.58018493652344,43.72457299817263,43.2998976544763,43.699093514355894,7707500.0
2021-04-30,42.98563766479492,43.35085870986752,42.86672909012304,43.29140442253158,9882200.0
2021-05-03,43.435791015625,43.486753220201145,43.231948677351525,43.316882444962886,7245300.0
2021-05-04,42.90919494628906,43.11303728654774,42.62890767841391,43.02810351810922,9581500.0
2021-05-05,43.418800354003906,43.48674995500344,43.29139971215273,43.29139971215273,4117800.0
2021-05-06,43.7755241394043,43.7755241394043,43.31687410655484,43.469757450837996,8396400.0
2021-05-07,44.28514099121094,44.30212839248292,43.81799879628562,43.84347827818585,7410100.0
2021-05-10,44.055809020996094,44.45500478820872,44.030329543094005,44.45500478820872,11723400.0
2021-05-11,43.52922058105469,43.6311417513084,43.23194915114152,43.29989551797214,8673600.0
2021-05-12,42.76480484008789,43.35085887464936,42.67137898821604,43.14701328871153,9505700.0
2021-05-13,43.062076568603516,43.14701033358471,42.76480191113843,42.76480191113843,8009700.0
2021-05-14,43.75004959106445,43.792519714640335,43.42729868399338,43.435790764699235,4776100.0
2021-05-17,43.682098388671875,43.69059046843745,43.452773354819364,43.50373555345831,7209900.0
2021-05-18,43.834983825683594,44.047321470070735,43.826488505499526,44.02184198954918,6291400.0
2021-05-19,43.44428253173828,43.63963277214893,43.08755361097712,43.29139917141425,9117900.0
2021-05-20,44.04732894897461,44.08130375544889,43.69909528265286,43.707587364263496,10651300.0
2021-05-21,44.03883361816406,44.149250119174525,43.877458147468666,44.14075803756566,6317300.0
2021-05-24,44.31063461303711,44.37009215647025,44.11528429609448,44.16624651617294,4771000.0
2021-05-25,44.31063461303711,44.47201335661063,44.23419614294422,44.44653386657967,7082300.0
2021-05-26,44.31063461303711,44.37858423980839,44.2172087362514,44.25118030962051,4419300.0
2021-05-27,44.39556884765625,44.472010552946536,44.29364765394132,44.378581442034374,7097800.0
2021-05-28,44.52295684814453,44.684335535578064,44.48898528659336,44.52295684814453,7663600.0
2021-06-01,44.760780334472656,44.95613059705386,44.70981812857579,44.94763527606323,8252800.0
2021-06-02,44.88817596435547,44.9561255646116,44.75228000385849,44.803242204050576,7365200.0
2021-06-03,44.650360107421875,44.709814389321345,44.51446414307804,44.65885542770201,6215600.0
2021-06-04,45.075035095214844,45.09202249564451,44.92215173136325,44.99859341328905,6039600.0
2021-06-07,45.17695617675781,45.193943577157,45.058047613978786,45.142984615974754,10276700.0
2021-06-08,45.1514778137207,45.22791949740144,45.049556648818196,45.21093209658178,6909800.0
2021-06-09,44.973121643066406,45.13449711479217,44.95613423972434,45.117509711450104,5873300.0
2021-06-10,45.11750030517578,45.19394198427025,44.99009966669514,45.04105862608131,7050200.0
2021-06-11,45.193946838378906,45.21093424000392,45.04106346376934,45.17695943675389,4867400.0
2021-06-14,45.26189422607422,45.27038630646265,45.13449034013992,45.17695722211288,4623500.0
2021-06-15,45.270389556884766,45.3043643609087,45.176960465826774,45.270389556884766,7736600.0
2021-06-16,44.973121643066406,45.38080960322824,44.828730334666815,45.33834271488104,7192800.0
2021-06-17,44.641876220703125,44.803251695475396,44.44652593860533,44.701330513514804,6041500.0
2021-06-18,43.79252624511719,44.02185133855937,43.73307195126358,43.902939510836156,8868100.0
2021-06-21,44.39530563354492,44.429555448833625,43.941507012817205,44.018567464095696,6778700.0
2021-06-22,44.43811798095703,44.515178429539304,44.15556191407469,44.2583080901037,5644600.0
2021-06-23,44.19837188720703,44.44667813628351,44.13843634656678,44.39530341591672,6192300.0
2021-06-24,44.56654739379883,44.592236386051965,44.46380122351186,44.53229758162255,7565000.0
2021-06-25,44.71211242675781,44.71211242675781,44.59224133707357,44.703548339641955,5942400.0
2021-06-28,44.420989990234375,44.56654679065085,44.335365460952495,44.56654679065085,6246800.0
2021-06-29,44.41242218017578,44.480921797857555,44.34392582873556,44.463796893437106,7136400.0
2021-06-30,44.11274719238281,44.21549335889204,43.95006548988973,44.06993656185745,9424200.0
2021-07-01,44.241180419921875,44.24974450603061,44.0185631747225,44.09562361849187,8125000.0
2021-07-02,44.40386962890625,44.412430449589685,44.1384384603295,44.28399854188519,7998700.0
2021-07-06,44.1384391784668,44.420995259249786,43.94150763712208,44.420995259249786,7103900.0
2021-07-07,44.29254913330078,44.37817365157114,44.06993191828065,44.283988314594446,8151000.0
2021-07-08,43.65038299560547,43.7445683391659,43.41920167947759,43.564761737591425,13796500.0
2021-07-09,44.40386962890625,44.42099453651528,44.061378009209946,44.11275273203704,7099500.0
2021-07-12,44.56654739379883,44.58367229988697,44.33536606097175,44.3953015991593,4810100.0
2021-07-13,44.318233489990234,44.50660415813896,44.283986949978804,44.42954372719096,5872700.0
2021-07-14,44.42955017089844,44.55798532985274,44.369614634384234,44.55798532985274,4406700.0
2021-07-15,44.06993865966797,44.18124565108399,43.90725368318904,44.06993865966797,7503400.0
2021-07-16,43.72744369506836,44.06993526165014,43.658947341497,44.06993526165014,5953800.0
2021-07-19,42.871219635009766,43.05102624432574,42.64860239484357,43.016779699390625,13735600.0
2021-07-20,43.256526947021484,43.325023311212256,42.74278951750098,42.81128914793391,7918500.0
2021-07-21,43.88156509399414,43.898689999150555,43.47057716896525,43.487702074121664,12997700.0
2021-07-22,43.941497802734375,44.08705785408107,43.80450183653591,44.08705785408107,6642400.0
2021-07-23,44.206932067871094,44.266867603215815,44.08706099718165,44.189807162595216,5845200.0
2021-07-26,44.258304595947266,44.275429501640446,44.08706207149905,44.08706207149905,5525000.0
2021-07-27,44.095619201660156,44.10418002066955,43.8815627977686,44.07849429739985,7594500.0
2021-07-28,44.29254913330078,44.3696095666234,44.01855720731844,44.121303363001466,6511000.0
2021-07-29,44.626487731933594,44.71211227158391,44.60936282400353,44.64361263986366,8559800.0
2021-07-30,44.33537292480469,44.532304475943675,44.249751647350294,44.41243338101059,6454500.0
2021-08-02,44.54941940307617,44.77203990056571,44.4894838690386,44.694979461625735,8113600.0
2021-08-03,44.86623001098633,44.88335165146609,44.54942413599704,44.73779484369424,8327900.0
2021-08-04,44.73779296875,44.986099206445886,44.73779296875,44.909038762548604,3984800.0
2021-08-05,44.968971252441406,45.0289067862722,44.91759653791145,44.96040716689893,4226500.0
2021-08-06,44.78916931152344,44.900476305224714,44.729233771455995,44.86622975821615,4736400.0
2021-08-09,44.73779296875,44.806292592766184,44.69498233686081,44.789167686762134,4695800.0
2021-08-10,44.83198165893555,44.83198165893555,44.70354648745685,44.72923548149784,5559200.0
2021-08-11,45.11453628540039,45.14022528047884,44.98610437497706,45.0802897356995,5065000.0
2021-08-12,45.011783599853516,45.03746932497829,44.88334844174615,45.011783599853516,5579600.0
2021-08-13,45.24296188354492,45.24296188354492,45.071716106326534,45.12309081936451,3832100.0
2021-08-16,44.98609924316406,44.99466006305215,44.74635382515359,44.89191389318586,8101300.0
2021-08-17,44.489479064941406,44.60935012007254,44.30111166383874,44.540853774101016,7431900.0
2021-08-18,44.378173828125,44.69497638138219,44.3610489244028,44.515169791661194,5289100.0
2021-08-19,43.8901252746582,44.00999960900841,43.71888275806975,43.78737911145681,11441800.0
2021-08-20,44.03567886352539,44.06136458399158,43.66750162771789,43.710312250575264,5806100.0
2021-08-23,44.49805450439453,44.55799004725417,44.29255888155996,44.29255888155996,5915700.0
2021-08-24,44.71211242675781,44.763483884484074,44.54086661310508,44.5836772499577,4677000.0
2021-08-25,44.746360778808594,44.77204977494866,44.59224313317996,44.67786441033391,7273400.0
2021-08-26,44.46379852294922,44.635044307187925,44.39529890275707,44.58366959204381,4918700.0
2021-08-27,44.92616271972656,44.95184844506924,44.47236088580812,44.4809249717502,5045800.0
2021-08-30,44.9176025390625,44.9689772604563,44.84910617677949,44.9090417186179,5765000.0
2021-08-31,44.9176025390625,45.0289128022947,44.84910617677949,45.00322707471883,8926100.0
2021-09-01,45.31146240234375,45.43133674379149,45.217280319140414,45.251526864740796,6914500.0
2021-09-02,45.52552032470703,45.5854591305237,45.43989905852654,45.4655847851323,9103400.0
2021-09-03,45.748138427734375,45.79951314447578,45.542642827010525,45.58545672408258,11074000.0
2021-09-07,45.63682556152344,45.76526071290216,45.63682556152344,45.73101090370229,8765400.0
2021-09-08,45.302894592285156,45.534075887186155,45.208709257372746,45.465576274071196,6414000.0
2021-09-09,45.251522064208984,45.431331924184455,45.18302571403286,45.268646968313384,5085500.0
2021-09-10,45.12309646606445,45.58545914254166,45.11453237969898,45.551209329563655,6200600.0
2021-09-13,45.46558380126953,45.568333237952984,45.311462912486235,45.568333237952984,5902300.0
2021-09-14,45.26865005493164,45.61970244740447,45.23440351062924,45.60257754213242,6409500.0
2021-09-15,45.44846725463867,45.45702807553407,45.18303607949001,45.260096532517544,7809500.0
2021-09-16,45.320030212402344,45.33715511973061,45.080288042290746,45.200159127346545,7100200.0
2021-09-17,44.75492858886719,45.14879172252362,44.61793257428049,45.08885617028211,7350300.0
2021-09-20,43.903995513916016,44.00713632006885,43.52580709337709,43.775067047134634,16987500.0
2021-09-21,44.28218460083008,44.50565691386854,44.20482816962688,44.402516098526746,9486100.0
2021-09-22,44.52284622192383,44.87524700235244,44.479871156756886,44.497061838581125,8370300.0
2021-09-23,45.0643310546875,45.15887814399223,44.909618231968224,44.943999587858414,6789300.0
2021-09-24,44.651771545410156,44.73772166967907,44.565818142354175,44.608796483275704,4791000.0
2021-09-27,44.651771545410156,44.71193728815581,44.497058698696456,44.54863074053005,5785600.0
2021-09-28,43.663333892822266,43.99854400746718,43.52581171043493,43.972759622890635,11391900.0
2021-09-29,43.52581024169922,43.78366391512602,43.474241474286266,43.72349816728601,11145200.0
2021-09-30,43.396888732910156,43.69771749767922,43.29374463174279,43.60317037766962,10238600.0
2021-10-01,43.52581024169922,43.62895105531247,43.12183741009857,43.4054787460192,11817400.0
2021-10-04,43.12184143066406,43.4570548440394,42.92415348664537,43.40548279303066,12540200.0
2021-10-05,43.37109375,43.50861591623071,43.10464639724573,43.164812140047474,6756900.0
2021-10-06,43.05308151245117,43.061675214799855,42.50299275608231,42.64910864752321,12693500.0
2021-10-07,43.414066314697266,43.57737613186764,43.267950455952075,43.267950455952075,7009400.0
2021-10-08,43.42266845703125,43.55159365146784,43.33671504861958,43.50861858665564,5801100.0
2021-10-11,43.29373550415039,43.65473322455197,43.28514180359206,43.49142340486131,5570700.0
2021-10-12,43.27654266357422,43.439852475111294,43.20778322617974,43.310924021664846,6540300.0
2021-10-13,43.75787353515625,43.792254894578406,43.43125717821953,43.55158865741019,6880900.0
2021-10-14,44.230613708496094,44.264995074103425,44.093091524854266,44.17044795807701,5690800.0
2021-10-15,44.583003997802734,44.6001946765534,44.42829116783341,44.479863204085426,4982100.0
2021-10-18,44.41969680786133,44.45407816485183,44.21341194470499,44.28217465868599,7051200.0
2021-10-19,44.72913360595703,44.78929935628534,44.61739580729553,44.643180192068385,5152900.0
2021-10-20,44.883846282958984,44.9268213503284,44.71194273469384,44.76351478280962,5728700.0
2021-10-21,44.66035842895508,44.74631181889035,44.58300201740663,44.60878967378049,5191900.0
2021-10-22,44.86664581298828,44.99557098697264,44.686148602138125,44.83226445507775,6568100.0
2021-10-25,44.832275390625,44.909631825399195,44.686159502044596,44.81508470747656,6111200.0
2021-10-26,44.91822814941406,45.11591937776639,44.84946869159444,45.09872869361455,5467100.0
2021-10-27,44.677555084228516,44.96119639078263,44.677555084228516,44.88383996888487,6153700.0
2021-10-28,45.13310623168945,45.15889389699601,44.86665882756073,44.892443214079584,5770000.0
2021-10-29,44.79789352416992,44.84086859216743,44.65177763722087,44.74632475408791,9654900.0
2021-11-01,45.21904754638672,45.244831926003165,44.978384593201646,45.038550331497916,8588800.0
2021-11-02,45.11591720581055,45.18467666031998,45.05574817478186,45.10732022475462,8353400.0
2021-11-03,45.425331115722656,45.45971247589718,44.96119586851451,45.04714599016384,7539300.0
2021-11-04,45.390953063964844,45.3995467646206,45.219049541767,45.356571703767884,9112600.0
2021-11-05,45.48550796508789,45.49410494662455,45.3136076798078,45.399557822447846,7741600.0
2021-11-08,45.51129150390625,45.58864793678265,45.45971945572616,45.51129150390625,5451300.0
2021-11-09,45.3995475769043,45.55426042177177,45.25343171163337,45.5284760405562,7963000.0
2021-11-10,44.823673248291016,45.29640547010269,44.77210120855654,45.18466769007148,8018800.0
2021-11-11,44.97838592529297,45.08152672560024,44.94400456559491,45.047145365902175,5638800.0
2021-11-12,45.287811279296875,45.305001960266864,45.08152966523133,45.15028911032413,6222600.0
2021-11-15,45.210453033447266,45.4081442172464,45.176074951679034,45.38235655743647,9023800.0
2021-11-16,45.10731506347656,45.24483723554742,45.090124382119306,45.184671490190624,6965700.0
2021-11-17,44.995574951171875,45.047146992581276,44.918218528451305,45.0041719308003,8688300.0
2021-11-18,45.02996063232422,45.047151314443305,44.789297640231716,44.969794884301095,7590700.0
2021-11-19,44.686153411865234,44.84945996133738,44.63458136944856,44.780697238115145,9985200.0
2021-11-22,44.44549560546875,44.78930272934027,44.43690190282644,44.67756492226387,9573300.0
2021-11-23,44.36813735961914,44.505659547809536,44.15325873564743,44.32516229058232,10284600.0
2021-11-24,44.13605880737305,44.13605880737305,43.757873688762416,43.81803942856895,7906100.0
2021-11-26,42.932743072509766,43.302334510772766,42.7780302249212,43.259359448395294,11942100.0
2021-11-29,43.13903045654297,43.31093400784503,42.932748818010516,43.30234030573432,14177300.0
2021-11-30,42.717872619628906,43.13903290146145,42.35687481355616,43.01010768976867,31057400.0
2021-12-01,42.494388580322266,43.53440344296155,42.48579487942857,43.34530923542949,18127800.0
2021-12-02,43.08746337890625,43.19919790467245,42.74365626279637,42.77803763016489,21570800.0
2021-12-03,42.872581481933594,43.25076665778713,42.61472780390675,43.22498227362067,22553900.0
2021-12-06,43.2851448059082,43.36250123144645,42.98431280490962,43.147622635927675,14646200.0
2021-12-07,44.21342468261719,44.23061536606509,43.8524301665742,43.86102386890435,14200900.0
2021-12-08,44.273590087890625,44.30797145451664,44.11028351459844,44.22202131673919,14731500.0
2021-12-09,43.886802673339844,44.0329185349668,43.86101501398036,44.007134154394265,21544500.0
2021-12-10,43.94697952270508,44.01573898120837,43.80086034535543,43.97276390979534,13967300.0
2021-12-13,43.500022888183594,43.800851606845626,43.45704782534432,43.77506722489949,24679900.0
2021-12-14,43.27654266357422,43.5000182123765,43.104642430694646,43.32811470071016,15722000.0
2021-12-15,43.80945587158203,43.80945587158203,43.13903232041629,43.38829231663448,15986100.0
2021-12-16,43.81804275512695,44.09308709477663,43.70630496752329,44.04151833033429,22374700.0
2021-12-17,43.310935974121094,43.663336794834606,43.29374529033169,43.52581460330708,19758900.0
2021-12-20,43.10057830810547,43.1529462590275,42.86491254015591,43.030749934075914,22904100.0
2021-12-21,43.64173126220703,43.6591883542639,43.301326291097794,43.362424448496895,21469100.0
2021-12-22,44.08686828613281,44.09559849554137,43.589352897023446,43.63299728486757,15062100.0
2021-12-23,44.35746383666992,44.4272922181966,44.11307116052755,44.13052825590921,14463100.0
2021-12-27,44.69786834716797,44.69786834716797,44.37492041040473,44.409834600757634,12630800.0
2021-12-28,44.69786834716797,44.83752177897914,44.67168436920352,44.75023963269733,13668700.0
2021-12-29,44.68913650512695,44.75023466666411,44.5931241571114,44.67167941188775,11380800.0
2021-12-30,44.58439636230469,44.78514793604443,44.55820905818211,44.68913558999498,13691400.0
2021-12-31,44.56693649291992,44.76768805415291,44.52329209863464,44.58439358471407,15518400.0
2022-01-03,44.83750534057617,44.86369263854024,44.61056984568267,44.78513740384649,15874300.0
2022-01-04,45.00336456298828,45.17792886348286,44.91607908314038,45.073189617265996,15991500.0
2022-01-05,44.61058807373047,45.212842899399945,44.59313097782113,45.160474941272525,13855400.0
2022-01-06,44.366188049316406,44.57566650636671,44.051967034140915,44.43601309179982,17111300.0
2022-01-07,44.54948043823242,44.610578596134395,44.20907546432146,44.34872887232596,12525300.0
2022-01-10,44.139259338378906,44.156716435421515,43.729025881879735,44.060704066487595,20436400.0
2022-01-11,44.662940979003906,44.69785515905538,44.09560053636516,44.2003397469201,17097500.0
2022-01-12,45.14300537109375,45.18664643400756,44.9509806987534,44.97716467058174,17788600.0
2022-01-13,44.8200569152832,45.317572387977734,44.758958757555796,45.30884550670233,13837900.0
2022-01-14,44.7153205871582,44.82005981724389,44.44474063570341,44.60185114563199,15200500.0
2022-01-18,44.060691833496094,44.305084465037865,43.947222399023175,44.21780233365863,17386800.0
2022-01-19,44.051963806152344,44.392368771115315,44.01704962266901,44.30508331240699,14141500.0
2022-01-20,43.77265930175781,44.44473905639252,43.74647199796687,44.200346418343536,17594000.0
2022-01-21,43.170406341552734,43.70283607679184,43.152949246836656,43.69410919423398,26963600.0
2022-01-24,42.690345764160156,42.72525995185332,41.54693108921047,42.34121054642889,39855600.0
2022-01-25,42.463409423828125,42.74271626104564,41.84369425725161,42.1841025866106,30779500.0
2022-01-26,42.262657165527344,43.04820977550383,42.07063578388892,42.95219741988444,26780200.0
2022-01-27,41.98334503173828,42.51577469715166,41.86987892536488,42.34993731349829,24165900.0
2022-01-28,42.175376892089844,42.18410710458799,41.538207893345664,41.76514347428997,30790600.0
2022-01-31,42.84745788574219,42.89982916924559,42.21028891965219,42.21028891965219,19645900.0
2022-02-01,43.27513885498047,43.27513885498047,42.821264486620095,43.11802836864035,20287500.0
2022-02-02,43.6242790222168,43.67665030421234,43.39734345943658,43.63300923401617,15146400.0
2022-02-03,42.92601013183594,43.31878640652904,42.917279920398265,43.187859871764644,17215100.0
2022-02-04,43.03948211669922,43.24023370682777,42.74271817268303,42.856184291277245,15226400.0
2022-02-07,43.11803436279297,43.327512820634524,43.013291804272136,43.065663083532556,17679600.0
2022-02-08,43.327510833740234,43.38860899194221,42.98710585815781,43.07438798998923,11582900.0
2022-02-09,44.01705551147461,44.03451260555177,43.85121811214199,43.91231627661192,12497200.0
2022-02-10,43.5020751953125,44.11306006154323,43.40606285967058,43.4409770416494,19594700.0
2022-02-11,42.89982223510742,43.667914291404436,42.795079685030736,43.49335003380953,21576900.0
2022-02-14,42.646705627441406,42.79508593398358,42.367398778985326,42.760175075126774,22676500.0
2022-02-15,43.353694915771484,43.37988221906631,43.039477242632735,43.1180324933174,16078800.0
2022-02-16,43.5369987487793,43.633011105088215,43.1965937252116,43.240234797279186,16225300.0
2022-02-17,42.87363815307617,43.27514463266152,42.83872729669486,43.22277335368951,14998000.0
2022-02-18,42.646705627441406,42.969653546668695,42.53323617975604,42.88237140512627,21103000.0
2022-02-22,42.20155715942383,42.5419654953075,41.89606634086179,42.29756951085767,23406500.0
2022-02-23,41.808780670166016,42.58560296855968,41.738952300620554,42.576872757566534,22238900.0
2022-02-24,41.26762390136719,41.32872206451861,40.2289517981929,40.359878336146046,42537400.0
2022-02-25,42.306297302246094,42.33248127673909,41.59057314290428,41.677855277614256,25452200.0
2022-02-28,41.712772369384766,42.11427554438259,41.459649499651256,41.555661852281226,26278400.0
2022-03-01,40.892303466796875,41.66912912963291,40.647910821626034,41.52947571387813,26696700.0
2022-03-02,41.38982009887695,41.48583244913047,41.005774027463055,41.12797035338565,28569200.0
2022-03-03,40.735191345214844,41.3025351971582,40.586811053549624,41.3025351971582,23595500.0
2022-03-04,39.68778991699219,39.77507204424955,39.34738495924886,39.69651679787803,37019400.0
2022-03-07,38.5181999206543,39.487047062887,38.352359180877244,39.47831685047744,46667200.0
2022-03-08,38.75385284423828,39.44338956362554,38.34361956681092,38.84113496175079,47835600.0
2022-03-09,40.23767852783203,40.45588720386062,39.61796668701487,39.87981643232915,36557900.0
2022-03-10,39.783809661865234,40.04565942198942,39.58305473851634,39.72270816588926,29302200.0
2022-03-11,39.40848159790039,40.20276091193933,39.39102450720068,40.15911652039026,33712300.0
2022-03-14,39.66160202026367,40.17657455439754,39.58304677507038,39.923455057307756,22373000.0
2022-03-15,40.01073455810547,40.07183270818045,39.617958357909515,39.7925259279521,29380000.0
2022-03-16,41.36363220214844,41.381089294139706,40.420972541819,40.73519020886225,23392300.0
2022-03-17,41.738956451416016,41.800054616044335,41.171612546038496,41.22398382840573,20850500.0
2022-03-18,42.09681701660156,42.131731203568876,41.34617864480496,41.39854992525593,20866400.0
2022-03-21,41.87211608886719,42.081959026231196,41.671018413869355,41.9420648464353,23460700.0
2022-03-22,42.25681686401367,42.31802034368793,42.02948679493257,42.02948679493257,14341300.0
2022-03-23,41.72346878051758,41.994511804976085,41.71472352049924,41.828388553361535,17635500.0
2022-03-24,42.05571365356445,42.08194609726319,41.775925379932886,41.889590408389246,14647800.0
2022-03-25,42.1169319152832,42.14316436819095,41.81091442586352,42.02075737242308,21845800.0
2022-03-28,41.985782623291016,41.99452455062315,41.66227794655476,41.83714317592109,15933100.0
2022-03-29,42.80766296386719,42.89509891883863,42.45792915000336,42.825150154861475,18522100.0
2022-03-30,42.6502685546875,42.833882336380775,42.51037440479811,42.68524292599476,15181800.0
2022-03-31,41.99451446533203,42.554091069734945,41.96828535429429,42.37922588236378,16292800.0
2022-04-01,42.36174392700195,42.36174392700195,42.05572314063843,42.25682413455677,14885300.0
2022-04-04,42.54534912109375,42.580323492684606,42.28304800484166,42.335506226888285,13711700.0
2022-04-05,42.038238525390625,42.51912451199224,41.89834102421488,42.36174315850953,14409500.0
2022-04-06,41.49614715576172,41.714732005931566,41.27756230559187,41.539863458727666,16650900.0
2022-04-07,41.539859771728516,41.67101200432565,41.181380782681494,41.51363065934502,24601700.0
2022-04-08,41.53112030029297,41.68850165457391,41.321277382805036,41.391226133747686,18270700.0
2022-04-11,41.09394836425781,41.44368542915339,41.06771925175959,41.36499475631888,16789600.0
2022-04-12,40.82290267944336,41.29504672463022,40.74421200524555,41.2163560504324,17089800.0
2022-04-13,41.30379104614258,41.33002015849848,40.86662138506517,40.884105236409226,16348900.0
2022-04-14,41.102691650390625,41.41745435214666,41.06772061101547,41.33876367670765,14869800.0
2022-04-18,40.927825927734375,41.19012706408668,40.8491352532947,40.91908066649668,17165800.0
2022-04-19,41.11143112182617,41.1201730466038,40.70049061514822,40.73546498493772,16475900.0
2022-04-20,41.417449951171875,41.53111498924807,41.27755580251642,41.417449951171875,17473500.0
2022-04-21,40.927825927734375,41.82839438550192,40.8491352532947,41.76719089819772,17545200.0
2022-04-22,40.1758918762207,40.80541391005234,40.149659428945384,40.79667198452041,21819900.0
2022-04-25,39.93982696533203,40.001030460958724,39.3889921693514,39.729984026511666,30691900.0
2022-04-26,38.85563659667969,39.64254328674854,38.84689467138544,39.598826989597974,29718900.0
2022-04-27,39.03050231933594,39.28406149408638,38.776943144585495,38.986786025322964,23657100.0
2022-04-28,39.64254379272461,39.71248920199032,38.96056020952025,39.26657762881972,19231400.0
2022-04-29,39.14417266845703,39.99228289592148,39.10045636850668,39.75621087378168,20646400.0
2022-05-02,39.01302719116211,39.2053829466717,38.56711551788315,38.978056146348024,37477200.0
2022-05-03,39.327781677246094,39.458933907594165,39.15291314856193,39.24034908057389,31942100.0
2022-05-04,40.00102233886719,40.088454933340856,38.89935630593637,39.3365259489841,28158800.0
2022-05-05,38.72447967529297,39.48515376106583,38.40971706453482,39.47641183758432,28388900.0
2022-05-06,38.374752044677734,38.59333687367256,38.12119284256218,38.462187977479545,31821800.0
2022-05-09,37.18564987182617,37.72774264670753,37.08947201385239,37.71025546022686,30821800.0
2022-05-10,37.369266510009766,37.832665313372544,37.098220101913405,37.77146182369595,31894600.0
2022-05-11,37.17690658569336,37.99004238291731,37.14193221401198,37.474182074305766,36278700.0
2022-05-12,37.03702163696289,37.36927157981142,36.70477169411436,36.905869378239906,27679000.0
2022-05-13,38.07748031616211,38.11245469274774,37.57910712350732,37.60533623827648,22443000.0
2022-05-16,38.12993621826172,38.31354666505761,37.7976863607218,37.91135140007434,14542900.0
2022-05-17,38.8643798828125,38.8643798828125,38.540875297926334,38.74197292287392,13134000.0
2022-05-18,37.937583923339844,38.58459651092112,37.85889324830077,38.51464776184642,18732400.0
2022-05-19,38.33103561401367,38.56710762875632,37.893865957528725,37.902607883108914,18538100.0
2022-05-20,38.54962158203125,38.79443552959236,38.059990351569134,38.75946449089784,15988900.0
2022-05-23,39.21411895751953,39.29280963332441,38.873127140811704,38.97805026544486,19729700.0
2022-05-24,39.074222564697266,39.17040042245537,38.776947065872115,39.013019079822065,14828700.0
2022-05-25,39.05674362182617,39.24035745054627,38.77695525038852,38.785700513124965,15217300.0
2022-05-26,39.485164642333984,39.572597242599585,39.10045653168945,39.126685644701155,14358900.0
2022-05-27,39.97480392456055,39.983545852211314,39.729986590911494,39.77370623518707,11412600.0
2022-05-31,39.79118347167969,40.05348795233951,39.712492794549746,39.93982289974292,19971500.0
2022-06-01,39.43270492553711,40.07971753792394,39.301556019003876,40.009768786167506,14072700.0
2022-06-02,40.26332473754883,40.26332473754883,39.59882832654223,39.7299772224218,15791200.0
2022-06-03,39.64254379272461,39.834899505049826,39.546365936562005,39.73872164888722,9930300.0
2022-06-06,39.79118347167969,40.15840774339942,39.7037508683531,40.097204254002804,12516000.0
2022-06-07,39.887359619140625,39.922333993101404,39.37149927690872,39.41521891202964,11364000.0
2022-06-08,39.38898849487305,39.68626401818809,39.336530266566896,39.5463698504716,10542400.0
2022-06-09,38.567108154296875,39.27532087283559,38.567108154296875,39.1878882744831,19332800.0
2022-06-10,37.67527389526367,37.9463202309631,37.55286694860559,37.90260060543738,23876000.0
2022-06-13,36.39000701904297,36.86215112309472,36.302574408073525,36.70476975507747,29997600.0
2022-06-14,36.05775451660156,36.50366609597293,35.76922094410144,36.37251386568383,28145600.0
2022-06-15,36.69602584838867,36.89712351104155,35.9528353538818,36.40749224414315,19690800.0
2022-06-16,35.81293869018555,36.08398508724841,35.61184104152854,35.81293869018555,24268300.0
2022-06-17,35.6905403137207,35.97907396739323,35.46321349731808,35.83043450889325,24727400.0
2022-06-21,36.23975372314453,36.416922591890575,36.186602048756185,36.25747094794065,17640600.0
2022-06-22,35.90312957763672,36.20431561026534,35.672812437021776,35.77025547393321,18550400.0
2022-06-23,35.770259857177734,35.89427705418383,35.44249626027285,35.81455123050632,23782200.0
2022-06-24,36.83327865600586,36.85099250626595,36.230906370682824,36.266337450419,18522800.0
2022-06-27,36.76240921020508,36.9838695066521,36.664966139093835,36.80670059365129,22587600.0
2022-06-28,36.56752014160156,37.21418374997054,36.54094598950367,37.045875154657736,16572100.0
2022-06-29,36.34605407714844,36.61180907268602,36.31947992928074,36.51436602488426,15456000.0
2022-06-30,36.142311096191406,36.20431969409053,35.57537341299078,35.70825091089755,18882600.0
2022-07-01,36.22203826904297,36.22203826904297,35.55765751317875,35.68167471359896,17836500.0
2022-07-05,35.44249725341797,35.44249725341797,34.91985092337905,35.13245425221491,23089900.0
2022-07-06,35.44249725341797,35.53108338177261,35.141311175442745,35.39820587884829,18464700.0
2022-07-07,36.01829528808594,36.04486943700507,35.75254366124881,35.75254366124881,16530900.0
2022-07-08,36.10688400268555,36.22204429905342,35.80569787471898,35.947435703612264,14027500.0
2022-07-11,35.50450134277344,35.725961545622425,35.469066899306114,35.66394957994735,17740500.0
2022-07-12,35.46907424926758,35.73482587191296,35.37163119914738,35.44249672155238,15331700.0
2022-07-13,35.424781799316406,35.59309036672914,34.98186131528963,35.01729238580828,18153200.0
2022-07-14,34.902137756347656,34.94642913177954,34.38834833953486,34.68953442337314,32470600.0
2022-07-15,35.43364715576172,35.45136438484551,35.00844379539849,35.14131794470304,27153200.0
2022-07-18,35.65510177612305,36.071448145292536,35.601950097330544,35.92971371439458,21591100.0
2022-07-19,36.57637023925781,36.60294438394076,36.23974976334328,36.2751842090637,17778000.0
2022-07-20,36.39920425415039,36.5940903417337,36.222035390821475,36.47893007368765,17571900.0
2022-07-21,36.806697845458984,36.82441507335779,36.30176867759787,36.3549203612943,14812500.0
2022-07-22,36.68267822265625,37.143315980156046,36.54094378798058,36.921855714774345,12127700.0
2022-07-25,36.983856201171875,37.02814756868363,36.7889701290625,36.97499927935542,14863100.0
2022-07-26,36.478939056396484,36.76240795583918,36.478939056396484,36.65610796335213,12278900.0
2022-07-27,37.311614990234375,37.37362357829106,36.718103253344815,36.83326350797063,13570900.0
2022-07-28,37.55080032348633,37.612808924592635,37.07244536133885,37.293905616494314,14879600.0
2022-07-29,38.05573654174805,38.073453770974986,37.51537287758226,37.568524565263075,11109300.0
2022-08-01,38.05573654174805,38.23290545480148,37.88742793291606,38.02916238751562,13528600.0
2022-08-02,37.462215423583984,37.878558381520705,37.462215423583984,37.76340148848242,11511500.0
2022-08-03,37.727970123291016,37.78997872590914,37.43564095733524,37.639387370755244,7989700.0
2022-08-04,37.913997650146484,37.96714933160706,37.745689061011326,37.78998043928736,10103600.0
2022-08-05,37.64824295043945,37.692534325126324,37.38249132310293,37.409065472072,13178000.0
2022-08-08,37.76339340209961,38.09115354455881,37.70138481782934,37.93170193380257,20765600.0
2022-08-09,37.533077239990234,37.798828828859364,37.47992894974528,37.75453746058364,13738900.0
2022-08-10,38.42778396606445,38.542940864347685,38.18860648782075,38.33919783752126,11472300.0
2022-08-11,38.42778396606445,38.74668727038939,38.36577536569185,38.631526992890876,12981800.0
2022-08-12,38.74668502807617,38.74668502807617,38.383490370105754,38.472073114307285,7878100.0
2022-08-15,38.472076416015625,38.51636779191752,38.31262475939651,38.37463336150224,12669200.0
2022-08-16,38.507503509521484,38.56951209977718,38.26832607030036,38.277182992102006,9898700.0
2022-08-17,38.17974090576172,38.38348728362883,37.967140985087504,38.100015090705185,17144600.0
2022-08-18,38.05573654174805,38.162039917109674,37.93171931637543,38.1266054586558,14228700.0
2022-08-19,37.48878860473633,37.71024884147471,37.41792308617187,37.692531617029836,10859400.0
2022-08-22,36.886409759521484,37.143304398272065,36.79782703267652,37.09015273463643,12118700.0
2022-08-23,36.95728302001953,37.22303461123316,36.78011416613884,36.8244055348053,13577100.0
2022-08-24,37.001590728759766,37.125607967478395,36.77127010323976,36.82442179664045,10950700.0
2022-08-25,37.43564224243164,37.43564224243164,37.045873386992625,37.12559921869782,9667100.0
2022-08-26,36.44350051879883,37.48879323566447,36.41692636845637,37.4267846320551,12140600.0
2022-08-29,36.354915618896484,36.514367269970045,36.23975534218442,36.29290701894735,15570300.0
2022-08-30,36.053733825683594,36.64724574691298,35.97400799067503,36.58523713959694,24526700.0
2022-08-31,35.841121673583984,36.213176605356274,35.83226475151992,36.09801634323451,17199100.0
2022-09-01,35.36277770996094,35.389355242796654,34.98186911761827,35.353920785159616,29945900.0
2022-09-02,35.14130783081055,35.88541434209158,35.026150943732674,35.6108058183667,18682000.0
2022-09-06,34.99070739746094,35.30961058783357,34.884407460408084,35.23874171032228,22467800.0
2022-09-07,35.291908264160156,35.30076518798028,34.689536067926475,34.689536067926475,19051900.0
2022-09-08,35.34505081176758,35.371624955576856,34.85783564716668,34.928704536277586,15072500.0
2022-09-09,36.25746154785156,36.275178768054325,35.867692841033566,36.00056692373291,12474400.0
2022-09-12,36.718109130859375,36.87756077687579,36.62066608282544,36.673817757902626,15353900.0
2022-09-13,35.4602165222168,36.230900676838296,35.424785448048766,36.03601456244452,14117200.0
2022-09-14,35.619667053222656,35.76140148304478,35.40706709809715,35.60194982709297,12421200.0
2022-09-15,35.27418899536133,35.64624397936377,35.19446316873333,35.318480370329034,20644000.0
2022-09-16,35.04386901855469,35.176743132843306,34.85783985180658,34.946425973880686,18248300.0
2022-09-19,35.17715072631836,35.21269299025553,34.53740353343659,34.66179806771986,18253800.0
2022-09-20,34.59071350097656,34.7506502833453,34.3685794576307,34.7151080229308,22548200.0
2022-09-21,34.14645004272461,34.85727839988251,34.12867891010854,34.59071818963542,18719200.0
2022-09-22,33.98651885986328,34.30639252086395,33.85323703794716,34.26196637672442,28673100.0
2022-09-23,32.87583923339844,33.26679393919846,32.62705018329812,33.26679393919846,31810500.0
2022-09-26,32.35159683227539,32.831407103668234,32.19166007514444,32.57373084056882,32371100.0
2022-09-27,32.156124114990234,32.68036061276334,31.960648454284367,32.50265608293921,31473800.0
2022-09-28,32.87583923339844,32.98246262779906,31.996186908477654,32.12058482302441,28402900.0
2022-09-29,32.46711349487305,32.47599736547631,31.996187004981454,32.37825784135737,27942200.0
2022-09-30,32.30717468261719,32.751442753853404,32.27163242343916,32.34271694179522,28723800.0
2022-10-03,33.02688217163086,33.16905118846796,32.54707529778932,32.67146979802587,45906400.0
2022-10-04,34.341922760009766,34.37746162917155,33.84434130728505,33.88876743585953,23839400.0
2022-10-05,33.933197021484375,34.11979220370133,33.53335843408287,33.7732602307251,18149600.0
2022-10-06,33.36453628540039,33.76437828509697,33.32899402109472,33.5866703530655,22262300.0
2022-10-07,32.840301513671875,33.257914667947325,32.69813583831171,33.19571739682082,20593100.0
2022-10-10,32.6181640625,32.83141424824616,32.43157226840755,32.786988114818925,24846100.0
2022-10-11,32.23609161376953,32.77809922736873,32.156123221771345,32.40491565770822,29437000.0
2022-10-12,32.156124114990234,32.342719294500185,32.05838797938562,32.191666376753716,21121500.0
2022-10-13,32.82252502441406,32.95580680621957,31.471949634137886,31.560805285173725,29001700.0
2022-10-14,32.26274871826172,33.09797147623525,32.24497758858189,33.0002319577444,24741200.0
2022-10-17,33.115745544433594,33.26679507587088,33.02688988814986,33.053548279783335,24153900.0
2022-10-18,33.3378791809082,33.63998162947361,33.08020286517664,33.595555496639776,17318100.0
2022-10-19,32.955810546875,33.16906074406951,32.7247926069531,32.991352811323566,23946100.0
2022-10-20,32.86695861816406,33.38230790005755,32.77810295611558,33.00023702699139,16865200.0
2022-10-21,33.480045318603516,33.50670032078578,32.47599843261207,32.591509091229746,23168300.0
2022-10-24,33.426727294921875,33.56889293603094,33.14239601270375,33.3378750402898,27063800.0
2022-10-25,34.173095703125,34.19975408950852,33.64885929752965,33.66663042528665,14526600.0
2022-10-26,34.51963424682617,34.786197851108156,34.19087676157463,34.19087676157463,14273100.0
2022-10-27,34.288612365722656,34.74176433994074,34.261957364150014,34.439661893963134,18451300.0
2022-10-28,34.55517578125,34.5640630422697,34.11090763617968,34.164221033807024,20741600.0
2022-10-31,34.270843505859375,34.341928034092476,34.15533284222902,34.22641737046212,28799200.0
2022-11-01,34.564064025878906,34.999444922319405,34.41301108971798,34.999444922319405,19183000.0
2022-11-02,34.03982162475586,35.052752308256636,34.03093436500784,34.6173680970081,23466200.0
2022-11-03,33.76436996459961,33.93319059420403,33.551119820813355,33.56000707944814,26424500.0
2022-11-04,35.052757263183594,35.12383840373321,34.54629184984115,34.78619705450288,21966700.0
2022-11-07,35.203800201416016,35.34596584534338,35.061634557488645,35.221571330593974,25080700.0
2022-11-08,35.630306243896484,35.861327592786,35.37263327866967,35.443714424060694,20492000.0
2022-11-09,35.13272476196289,35.65696129434614,35.12383750118696,35.41705609584904,16061000.0
2022-11-10,37.08750534057617,37.08750534057617,36.36778974283334,36.49218427811058,19421500.0
2022-11-11,37.78056716918945,37.869419451119725,37.3007567119725,37.4518096586507,15765300.0
2022-11-14,37.34517288208008,37.67393369433965,37.33628901205789,37.45179965932467,20750500.0
2022-11-15,37.576194763183594,38.011575580491346,37.256321205449325,37.9138360612396,17109500.0
2022-11-16,37.43403625488281,37.63839920253052,37.336296716986716,37.55843079784254,17159400.0
2022-11-17,37.38960647583008,37.4162614782982,36.90979609442332,36.971993359846785,16831200.0
2022-11-18,37.45179748535156,37.567304736417086,37.32739958578716,37.55842086691057,12737900.0
2022-11-21,37.14970397949219,37.211901249426646,36.9719960413236,37.10527445282729,14394300.0
2022-11-22,37.70059585571289,37.70947972742271,37.35406723758048,37.40737724683345,12701700.0
2022-11-23,38.1359748840332,38.162633276853086,37.74502014747583,37.74502014747583,9269900.0
2022-11-25,38.29590606689453,38.37587445463314,38.15374042085882,38.17151155030033,6450600.0
2022-11-28,37.76279067993164,38.233713808477695,37.718364545266375,38.0471220091855,13708700.0
2022-11-29,37.860530853271484,38.073777659087256,37.77167519293419,37.842759721204025,11598200.0
2022-11-30,38.571353912353516,38.695748430313074,37.78944115582663,38.18039922883827,15610500.0
2022-12-01,38.900115966796875,39.077823894817,38.70464029652186,38.99785549668279,14977000.0
2022-12-02,38.86457443237305,38.980081696606966,38.50027473014295,38.53581360171677,16482500.0
2022-12-05,38.27814483642578,38.81126525234661,38.180405302624344,38.731296851008786,13694300.0
2022-12-06,38.02046203613281,38.40253284540285,37.887180260063225,38.313677198191,11702200.0
2022-12-07,38.02046203613281,38.19816994106015,37.896067519532586,38.02934590610582,16632000.0
2022-12-08,38.233707427978516,38.2692496855781,37.95826340532231,38.05600291897306,13719300.0
2022-12-09,38.26036834716797,38.54469964778308,38.22482608721697,38.30479447735849,14430200.0
2022-12-12,38.35810852050781,38.35810852050781,38.10931945362281,38.233713987065315,13482000.0
2022-12-13,38.85569381713867,39.44212766710097,38.74018314365449,39.36215926076533,15123500.0
2022-12-14,38.83791732788086,39.166678169423555,38.55358600889566,38.90011459206533,18377500.0
2022-12-15,37.824989318847656,38.37588086557909,37.69170752051891,38.30479972543484,13943700.0
2022-12-16,37.53178024291992,37.736143214798936,37.37184341458026,37.53178024291992,14511200.0
2022-12-19,37.450862884521484,37.72954312858433,37.34298809909743,37.67560402123351,17846500.0
2022-12-20,37.63065719604492,37.79247109189991,37.47783143694736,37.53177054532491,15525100.0
2022-12-21,38.008216857910156,38.09811536286368,37.79246730457634,37.83741484241445,14202600.0
2022-12-22,37.67559814453125,37.87337141135767,37.34298227427715,37.86437984689625,17651300.0
2022-12-23,37.864383697509766,37.900343100458194,37.55873563100295,37.64863413837402,10668100.0
2022-12-27,37.936302185058594,38.08013636636789,37.81044770507263,37.846403678441916,14392000.0
2022-12-28,37.50480270385742,38.107107315626465,37.50480270385742,38.00822066491151,14592500.0
2022-12-29,38.098114013671875,38.18800908616457,37.86438133834736,37.89135260351692,13008000.0
2022-12-30,37.72954177856445,38.03518985072737,37.67560267314365,37.88236410000717,15892900.0
2023-01-03,37.936302185058594,38.33184532633981,37.783476438448936,38.11609576901456,11990000.0
2023-01-04,38.502647399902344,38.61052216911083,38.2329553329655,38.520623670372856,13229500.0
2023-01-05,38.071144104003906,38.232957983673806,37.99922872930469,38.13407134284472,9324500.0
2023-01-06,39.12294006347656,39.14990790428686,38.16104820942723,38.34982995365497,10441400.0
2023-01-09,39.293731689453125,39.680286641909355,39.293731689453125,39.45554554998257,12426200.0
2023-01-10,39.39262771606445,39.401619282281615,39.14091873042753,39.27576136018543,11492000.0
2023-01-11,39.68927764892578,39.698265783594856,39.446556861538305,39.59937915585068,14000500.0
2023-01-12,40.26462173461914,40.32754897677195,39.59039834360118,40.03088903867085,12836700.0
2023-01-13,40.47138595581055,40.49835379594342,40.057863070477,40.102810613791036,9144300.0
2023-01-17,40.5882453918457,40.76803553444894,40.49834689126693,40.579253827149245,12862000.0
2023-01-18,40.40846252441406,41.10965386829259,40.39947095733569,41.05571475365653,13196900.0
2023-01-19,40.36350631713867,40.47138109398894,40.147753334160825,40.336535050968116,13017200.0
2023-01-20,40.77702713012695,40.77702713012695,40.2736058143348,40.34552461485246,19859800.0
2023-01-23,40.94783020019531,40.992777737046836,40.597234611765295,40.63319401295741,14611000.0
2023-01-24,40.9388427734375,41.001770011974735,40.606223450566624,40.72308979182605,8094300.0
2023-01-25,41.145606994628906,41.1725748331896,40.71410443127012,40.79501137622974,9955200.0
2023-01-26,41.27146530151367,41.28944500531134,40.911878084115884,41.22651775665841,15609000.0
2023-01-27,41.22651290893555,41.31640798807553,41.001771781808145,41.03773118517512,11993400.0
2023-01-30,40.884910583496094,41.19955025865854,40.884910583496094,41.02874478579731,13995000.0
2023-01-31,41.13661193847656,41.14560350341888,40.68712971112343,40.77702821416041,14919700.0
2023-02-01,41.505191802978516,41.66700569700506,40.80400054838191,41.127628336434995,13761800.0
2023-02-02,41.49620056152344,41.684982280670305,41.235500037400215,41.64003474219877,10567100.0
2023-02-03,41.028743743896484,41.37933938877265,40.956828359211066,41.05571158449379,13632600.0
2023-02-06,40.5882453918457,40.71409986337883,40.390472119849555,40.63319292749651,8634900.0
2023-02-07,40.9658088684082,41.037727668980004,40.34552464522365,40.43541971666124,11438000.0
2023-02-08,40.72309494018555,40.98379549238554,40.65117955674147,40.92985638284417,9659000.0
2023-02-09,40.7590446472168,41.32539316015648,40.67813771679684,41.30741346125461,9026200.0
2023-02-10,40.64218521118164,40.68713275142015,40.453403484613375,40.64218521118164,7798500.0
2023-02-13,40.99278259277344,40.99278259277344,40.60622755736262,40.66016666554005,6772900.0
2023-02-14,41.028743743896484,41.244496756508326,40.67814809902031,40.777034753580836,10336600.0
2023-02-15,40.82197952270508,40.82197952270508,40.47138390166142,40.48936360393001,10172200.0
2023-02-16,40.63319396972656,40.88490291924908,40.43542069265759,40.48935979438837,8804700.0
2023-02-17,40.69612503051758,40.732084435049835,40.336537843750186,40.42643635508082,6358700.0
2023-02-21,40.183712005615234,40.51632789526796,40.16573230492086,40.41744125608754,8322800.0
2023-02-22,39.949989318847656,40.19271019501933,39.86908236012377,40.12079480353038,8127400.0
2023-02-23,40.183712005615234,40.26461894410128,39.83311641526814,40.174720440629414,9051200.0
2023-02-24,39.554439544677734,39.644334626477345,39.383637517547456,39.527471705993364,9836900.0
2023-02-27,39.99492645263672,40.11178935201514,39.86906855985875,39.976946753668436,8274000.0
2023-02-28,39.70725631713867,39.96795681889113,39.70725631713867,39.878061749661974,8185300.0
2023-03-01,39.9589729309082,40.12977495230893,39.806147181842334,40.05785957513715,11018400.0
2023-03-02,40.02190399169922,40.05786339835588,39.66231678368815,39.68928805331953,11802200.0
2023-03-03,40.60622787475586,40.63319914369422,40.13876931734154,40.2286644023956,8819600.0
2023-03-06,40.50734329223633,40.66016561755035,40.44441604895672,40.52532299449872,8510200.0
2023-03-07,39.77019119262695,40.43542300563962,39.71625208781075,40.40845516787024,9698400.0
2023-03-08,39.976951599121094,40.11179421381155,39.806146152858226,39.896044658595876,9292500.0
2023-03-09,39.58141326904297,40.15675010837809,39.55444542634853,40.030895603433294,8120200.0
2023-03-10,39.19485092163086,39.74321981662118,39.16788308393541,39.644333172701295,13449600.0
2023-03-13,38.97011184692383,39.30273119930001,38.73638257294911,38.82627765618302,16105800.0
2023-03-14,39.42858123779297,39.464540638739344,39.131921323901196,39.302726763757875,10302700.0
2023-03-15,38.250938415527344,38.31386565557051,37.77448833254986,38.04417699406018,19880800.0
2023-03-16,38.84425735473633,38.84425735473633,38.044179454492046,38.09811856199347,17464100.0
2023-03-17,38.394775390625,38.61052839309827,38.25094119873536,38.54760114847641,9922500.0
2023-03-20,38.98130416870117,39.080562668125445,38.71962329606861,38.78278716985261,8755300.0
2023-03-21,39.48660659790039,39.54977390016208,39.26102039981735,39.47758466453284,6731100.0
2023-03-22,39.333213806152344,40.02801978298269,39.31516649533138,39.54075271733451,8479300.0
2023-03-23,39.360286712646484,39.94681232128308,39.18884240715825,39.712200700959286,11507200.0
2023-03-24,39.224937438964844,39.25200668690875,38.85497613431538,39.071537002212516,10299900.0
2023-03-27,39.56782531738281,39.61294531934716,39.351264453514545,39.45954488544868,24343300.0
2023-03-28,39.62196731567383,39.70317850029316,39.51368688357234,39.54978150833046,7671400.0
2023-03-29,40.0731315612793,40.100200803197154,39.92875653409713,39.99192039335357,10685100.0
2023-03-30,40.569427490234375,40.587474802012345,40.443099749961334,40.542358243653794,7170900.0
2023-03-31,40.7589225769043,40.822089894601014,40.623572890284905,40.6416202036021,9553300.0
2023-04-03,41.092796325683594,41.101818262049484,40.80404617154802,40.84013735918495,9184100.0
2023-04-04,41.083763122558594,41.22813817212951,40.94841344980801,41.09278849937892,7943900.0
2023-04-05,40.7679443359375,40.94841401091726,40.62356928438824,40.85817745234101,7993800.0
2023-04-06,40.903289794921875,41.0025448275144,40.650630920383165,40.704772845392625,9567400.0
2023-04-10,40.93938064575195,40.9484060209349,40.66867790718906,40.67770328237199,8281400.0
2023-04-11,41.11985397338867,41.20106514645824,41.029620866499094,41.06571204395149,7648300.0
2023-04-12,41.35447311401367,41.56201205151384,41.237167299888185,41.47177548596615,7301700.0
2023-04-13,41.95903778076172,41.96805971519088,41.68833499964294,41.73345155613397,14720200.0
2023-04-14,41.75149917602539,42.02220195914672,41.58005488322217,41.92294346882861,7888800.0
2023-04-17,41.71540069580078,41.71540069580078,41.48079255670521,41.6432148999915,10834000.0
2023-04-18,41.877830505371094,41.959041691493155,41.78759738397899,41.8958778180841,7959700.0
2023-04-19,41.71540069580078,41.78758993378239,41.6432148999915,41.65223683365304,8441900.0
2023-04-20,41.73344802856445,41.83270650975834,41.6161422378651,41.63418954737057,12788400.0
2023-04-21,41.868804931640625,41.904896111757324,41.562007526526514,41.760521064772604,9023200.0
2023-04-24,41.95001983642578,41.95904177171306,41.814666711905915,41.86880865014845,8234700.0
2023-04-25,41.29130172729492,41.71540493813611,41.29130172729492,41.71540493813611,9776700.0
2023-04-26,41.300331115722656,41.562011992177844,41.23716724101595,41.562011992177844,9787100.0
2023-04-27,41.82368850708008,41.82368850708008,41.417636019226684,41.50786914048901,6714400.0
2023-04-28,41.83271026611328,41.8507575772393,41.49884361571357,41.516887484666945,8602400.0
2023-05-01,41.79661560058594,41.995132580593946,41.778568289478606,41.88684871394996,10213800.0
2023-05-02,41.35447311401367,41.444706237388345,41.110839550294436,41.444706237388345,8907300.0
2023-05-03,41.43567657470703,41.78759398069022,41.43567657470703,41.49884388514452,10310100.0
2023-05-04,41.37251281738281,41.543960553566514,41.27325776853811,41.38153819411494,10408900.0
2023-05-05,42.040252685546875,42.11243849389618,41.598102131530574,41.62517482156287,6775300.0
2023-05-08,42.05830001831055,42.16658045197279,41.995136145159826,42.157558516739655,5574100.0
2023-05-09,41.89588165283203,41.95904553202251,41.69736463699154,41.74248120181713,8259800.0
2023-05-10,41.83271026611328,41.986107247425466,41.56200748356831,41.986107247425466,14545200.0
2023-05-11,41.643218994140625,41.66126286323769,41.363490832718945,41.57102974906174,10105500.0
2023-05-12,41.55298614501953,41.733455831645024,41.40861108415373,41.733455831645024,7703600.0
2023-05-15,41.91392135620117,41.91392135620117,41.661262443145425,41.71540437640865,7863200.0
2023-05-16,41.48080062866211,41.78759806544054,41.48080062866211,41.73345612641858,7124300.0
2023-05-17,41.69735336303711,41.72442604835126,41.38153405247463,41.56200370515561,8317500.0
2023-05-18,41.61614227294922,41.634189582469894,41.39055606719923,41.59809496342854,10261300.0
2023-05-19,41.868804931640625,41.959038045191335,41.742473753627934,41.82368493269263,7726700.0
2023-05-22,41.904903411865234,41.995139983308384,41.83271759688395,41.859786847230275,9103700.0
2023-05-23,41.31837463378906,41.64321935511455,41.31837463378906,41.580055486209346,8717800.0
2023-05-24,40.731849670410156,40.966461280293196,40.70478042395163,40.9484139685966,10880600.0
2023-05-25,40.6416130065918,40.73184611502582,40.48821259164703,40.722824181051394,11789700.0
2023-05-26,41.020606994628906,41.07474893925005,40.80404610049103,40.80404610049103,7929900.0
2023-05-30,40.66868209838867,40.966457551016205,40.560401680238854,40.95743217490314,8594300.0
2023-05-31,40.27165603637695,40.34384184236476,39.991927863013785,40.26263065927047,12619800.0
2023-06-01,40.89426803588867,40.93036265575344,40.461142924028664,40.488212167841034,11813400.0
2023-06-02,41.49884033203125,41.51688419955687,41.35446529661973,41.44469840293729,8823900.0
2023-06-05,41.237159729003906,41.46274593819739,41.228134353019634,41.435673252416954,12685300.0
2023-06-06,41.598106384277344,41.63420101322856,41.291308922538576,41.32740355148979,6659300.0
2023-06-07,41.20106506347656,41.59809555203239,41.18301775370052,41.44469858219458,10547500.0
2023-06-08,41.62516403198242,41.64321133993497,41.32738861402345,41.42664708667644,7142700.0
2023-06-09,41.607120513916016,41.71540092932225,41.54395665141468,41.62516782351244,7001100.0
2023-06-12,41.79661560058594,41.81466291169327,41.62517130832525,41.733451732796595,8055900.0
2023-06-13,42.202674865722656,42.292907986293436,42.10341636779105,42.175605617986,7878000.0
2023-06-14,42.310951232910156,42.527515520511045,42.067317700173874,42.410209721303374,7759000.0
2023-06-15,42.70798873901367,42.74407992147214,42.238768945324985,42.27486012778345,10366800.0
2023-06-16,42.58165740966797,42.906502145912256,42.57263547462689,42.906502145912256,13952700.0
2023-06-20,42.00975036621094,42.182778649175454,41.90957481724062,42.13724525618218,9203200.0
2023-06-21,42.0734977722168,42.2192067140454,41.88225543743711,41.95510817136381,10583100.0
2023-06-22,41.81850814819336,41.882259072628415,41.74565540794337,41.79118880484655,10160900.0
2023-06-23,41.14459991455078,41.25388074698155,41.080852472801574,41.10817181241551,9829000.0
2023-06-26,41.2720947265625,41.35405621923737,41.181027945357094,41.20834728492371,9830200.0
2023-06-27,41.609046936035156,41.6272609874872,41.24477632891953,41.37227121510875,7898400.0
2023-06-28,41.61814880371094,41.68189623624427,41.47243989020982,41.54529260997312,7297900.0
2023-06-29,41.56351852416992,41.56351852416992,41.38138146180249,41.40870427924169,6635400.0
2023-06-30,42.05528259277344,42.09171069574778,41.88225431460797,41.936892995094375,8137100.0
2023-07-03,42.128135681152344,42.19188659888433,42.05528294856243,42.09171105184495,6362600.0
2023-07-05,41.672794342041016,41.84582609369391,41.60904689900314,41.8185032795526,12565800.0
2023-07-06,40.93513870239258,41.09906166866133,40.71657358937604,41.08995290721606,8980700.0
2023-07-07,41.28120040893555,41.47244271958266,40.980673800226,41.00799313775423,8873700.0
2023-07-10,41.39048767089844,41.40870172340852,41.18103127799541,41.1992453305055,7842700.0
2023-07-11,41.79119110107422,41.80029986534064,41.4906678858205,41.58173468463055,7134000.0
2023-07-12,42.592586517333984,42.619905858580736,42.28295457862823,42.34670202418748,10422000.0
2023-07-13,43.24827575683594,43.29380914735183,43.05702995830917,43.07524400931053,7276700.0
2023-07-14,42.98417663574219,43.24827516065878,42.956853822629284,43.220952347545875,7349800.0
2023-07-17,42.96596145629883,43.020603607114246,42.74739632701204,42.82025252809926,6808700.0
2023-07-18,43.27558898925781,43.30290832491701,42.99327644953948,43.02970454640143,6484700.0
2023-07-19,43.26648712158203,43.38487671825879,43.1572062875593,43.30291522424797,7538100.0
2023-07-20,43.011497497558594,43.25738198042963,42.94775005466334,43.166315197429284,12248800.0
2023-07-21,43.066139221191406,43.12077790085533,42.947749625294485,43.09345856102337,10494700.0
2023-07-24,43.02061080932617,43.13899694494998,42.93864930636906,42.98418270268402,6201900.0
2023-07-25,43.14810562133789,43.20274430721516,42.984182615755174,42.984182615755174,5737500.0
2023-07-26,43.20273971557617,43.33934336370185,42.89310779060304,42.89310779060304,11708800.0
2023-07-27,43.02061080932617,43.50327106342058,42.993287992356834,43.50327106342058,8082000.0
2023-07-28,43.37577438354492,43.51237456688228,43.25738477880563,43.3484515676972,7776900.0
2023-07-31,43.37577438354492,43.53969738273,43.357560330971545,43.40309372541733,7654200.0
2023-08-01,42.89310073852539,43.12077113198672,42.80203397073066,43.011490315838145,8343900.0
2023-08-02,42.06439208984375,42.41045215477122,42.01885869355801,42.36491875848548,15392900.0
2023-08-03,41.936893463134766,42.06438835099277,41.7365458424901,41.7638651830382,14960900.0
2023-08-04,42.05528259277344,42.49240940654022,42.009749201043064,42.128135324747014,9944600.0
2023-08-07,42.39222717285156,42.40133593414577,42.13723744020675,42.31937445237072,8266900.0
2023-08-08,42.0734977722168,42.11903116516788,41.754757073608786,41.89136072643725,9403500.0
2023-08-09,42.10992431640625,42.27384383016351,42.01885405990214,42.173671758971594,8666400.0
2023-08-10,42.2374267578125,42.756515153838095,42.191893358402055,42.51063062825086,8764800.0
2023-08-11,42.000633239746094,42.146342152695034,41.90045771072347,41.9733139041852,7614200.0
2023-08-14,41.82761764526367,41.85493698908943,41.481557569576616,41.60905247273091,7069900.0
2023-08-15,41.244773864746094,41.58172511154002,41.19013171365456,41.57261982334554,7750600.0
2023-08-16,40.916927337646484,41.29030667998036,40.916927337646484,41.10816965284741,8465200.0
2023-08-17,40.64372634887695,41.11728126263062,40.59819295743383,41.08085315988609,10996300.0
2023-08-18,40.64372634887695,40.707473791692344,40.31588037212633,40.34319971219719,11576400.0
2023-08-21,40.771217346191406,40.816750733292054,40.53443817490846,40.73478924692099,10914300.0
2023-08-22,40.68014907836914,40.96246165049601,40.64372445130029,40.944247599974126,10252400.0
2023-08-23,41.117279052734375,41.19924054251692,40.834966482600095,40.88049987159597,10161700.0
2023-08-24,40.59819793701172,41.08085819866474,40.579983883405404,40.962468587211454,10026700.0
2023-08-25,40.853179931640625,41.007994146742746,40.4980146391359,40.862285219715815,10748200.0
2023-08-28,41.28120040893555,41.30851974646377,41.08995462431367,41.12638272366782,7763400.0
2023-08-29,41.80939865112305,41.818503939997214,41.13549263325442,41.18102949955073,8886700.0
2023-08-30,41.800296783447266,41.98243036763884,41.71833528097088,41.84583017949516,10957300.0
2023-08-31,41.663692474365234,41.854934819182,41.53619757782072,41.845829529703984,9141700.0
2023-09-01,41.727439880371094,42.08260522723544,41.609050273424515,42.046177121409514,8335600.0
2023-09-05,41.35405349731445,41.6181520089922,41.35405349731445,41.60904324708618,9567800.0
2023-09-06,41.19013214111328,41.408697273772745,41.06263726121815,41.30852173271945,8972300.0
2023-09-07,41.02621078491211,41.15370566985654,40.92603523989147,41.071744176110116,10296300.0
2023-09-08,40.97157287597656,41.135492392578634,40.93514477274271,40.99889221641439,9008900.0
2023-09-11,41.43602752685547,41.46334687289321,41.226571101289124,41.35406601476639,6083200.0
2023-09-12,41.25388717651367,41.40870489772981,41.17192567092291,41.2083537787356,8404700.0
2023-09-13,41.17192077636719,41.317629716320354,41.089959280520084,41.20834887984927,6672100.0
2023-09-14,41.727439880371094,41.75475922275285,41.47245008754036,41.508878193366286,7694300.0
2023-09-15,41.63636779785156,41.927785659469386,41.5999396966556,41.800290779258454,9970200.0
2023-09-18,41.48049545288086,41.544678076999574,41.333791812367984,41.489662900173236,7494900.0
2023-09-19,41.489662170410156,41.63636580834265,41.379635316383435,41.563015738221715,9230400.0
2023-09-20,41.35212326049805,41.86558770834423,41.33378836744139,41.66386890781708,11025000.0
2023-09-21,40.66445541381836,41.031216288095585,40.65528796592234,40.948695266267755,11630500.0
2023-09-22,40.71030044555664,41.04038101327874,40.66445271604544,40.91201576510503,11652600.0
2023-09-25,40.554420471191406,40.581926307090555,40.30685745502846,40.407716850245606,11703700.0
2023-09-26,39.97677993774414,40.32520240581297,39.94010664980858,40.215175546624685,13497100.0
2023-09-27,39.885093688964844,40.16016260107468,39.62836317068779,40.13265675917099,12446100.0
2023-09-28,40.21517562866211,40.33437343334554,39.86675315988251,39.930935786014174,13567400.0
2023-09-29,40.08681106567383,40.59110463581835,39.99511909984428,40.59110463581835,16047800.0
2023-10-02,39.46331787109375,39.85758456177352,39.34412006985109,39.83924616945229,16236200.0
2023-10-03,38.96819305419922,39.20658516684095,38.81232196087401,39.10572925229037,16168000.0
2023-10-04,38.98653030395508,39.041545481116536,38.665613683715975,39.032374536077604,14106100.0
2023-10-05,39.3441162109375,39.380792991982666,39.06904734847945,39.197412584447186,12624600.0
2023-10-06,39.7567253112793,39.84841377556014,39.00486871156614,39.25243176235326,11812900.0
2023-10-09,39.72922134399414,39.77506557829523,39.380798867462325,39.399137260720934,9131700.0
2023-10-10,40.23351287841797,40.38938396668325,40.068470845142556,40.11431507712113,14448500.0
2023-10-11,40.4077262878418,40.51775315482638,40.17850160797081,40.4627414701796,8211200.0
2023-10-12,40.059303283691406,40.499414243702354,39.89426123647592,40.499414243702354,9695900.0
2023-10-13,39.70170593261719,40.05012835585545,39.6008465339674,39.940101510824014,10924200.0
2023-10-16,40.013465881347656,40.05014267536832,39.72005852456552,39.78424116525589,12284000.0
2023-10-17,40.02263259887695,40.20600955421676,39.64670424412439,39.665039141505396,15063700.0
2023-10-18,39.3441162109375,39.747550309363284,39.28910103936975,39.701706081902,10263400.0
2023-10-19,39.02320861816406,39.44498116652695,38.94985504574051,39.23409489234551,17765500.0
2023-10-20,38.65644836425781,38.97736150447125,38.6381099708612,38.87650558732624,12890300.0
2023-10-23,38.67478942871094,38.93151995861266,38.344705320156635,38.49140897977064,14594500.0
2023-10-24,38.867332458496094,38.92234763559557,38.665613640155385,38.757305601987845,9538600.0
2023-10-25,38.52808380126953,38.839829499238235,38.49140701381652,38.70229329513491,12721300.0
2023-10-26,38.24384689331055,38.50058092758263,38.12465257143585,38.41805989829718,16776800.0
2023-10-27,38.12464904785156,38.52808321057659,38.0329570806248,38.509744817131235,13817400.0
2023-10-30,38.647281646728516,38.6656165427807,38.39054763201532,38.555589678012744,14858800.0
2023-10-31,38.72980499267578,38.775649230937844,38.537253595669235,38.66561886187948,13692100.0
2023-11-01,39.12406539916992,39.14240379268147,38.74813707641046,38.83982904396821,13871800.0
2023-11-02,40.00429153442383,40.01345898250261,39.72005167630775,39.82091109362929,11560700.0
2023-11-03,40.51774978637695,40.636947589353824,40.38021708850278,40.38938453595143,12317000.0
2023-11-06,40.38938522338867,40.64611922630014,40.29769675657867,40.64611922630014,10769500.0
2023-11-07,40.08681106567383,40.17849953381252,39.94927486577494,40.059301727079536,10388600.0
2023-11-08,39.995121002197266,40.16933399671435,39.866755741621105,40.0317977902736,10982000.0
2023-11-09,39.97677993774414,40.435229265001254,39.96761249018295,40.32520240581297,12652000.0
2023-11-10,40.18766784667969,40.20600274095368,39.70170920384377,39.97677808793185,7520400.0
2023-11-13,40.24268341064453,40.31603698558591,39.930937712525605,39.985952893731636,7893800.0
2023-11-14,41.33379364013672,41.388805321704965,40.939526933007,40.939526933007,13479000.0
2023-11-15,41.297119140625,41.5080054262589,41.26044235242144,41.36130177113571,17284700.0
2023-11-16,41.20542526245117,41.37046730403528,41.08623095284444,41.187086869198396,9361200.0
2023-11-17,41.718894958496094,41.73723335402499,41.49883770984073,41.5538528964274,6926500.0
2023-11-20,41.90226745605469,41.966450079367576,41.69138119407081,41.70054864124808,9554400.0
2023-11-21,41.73723220825195,41.92978010948249,41.68221702317556,41.91144171445703,7205700.0
2023-11-22,41.81975173950195,41.838090133870736,41.59969450476762,41.77390750242554,8971500.0
2023-11-24,42.094818115234375,42.103985563019094,41.92060862579762,41.92060862579762,4556000.0
2023-11-27,41.98479461669922,42.0306388546771,41.874764248322926,41.97562367048895,10489700.0
2023-11-28,42.058143615722656,42.1865088778342,41.85642827427212,41.92061090532789,8909000.0
2023-11-29,42.15900421142578,42.31487881811765,42.03980639427214,42.16817515765592,9916700.0
2023-11-30,42.140663146972656,42.20484577575289,41.95728270859018,42.15900154058,9636900.0
2023-12-01,42.57160949707031,42.589947891902995,42.048977486258096,42.08565427592345,14005700.0
2023-12-04,42.1956787109375,42.33321141770497,42.06731345221147,42.14983447534834,10810000.0
2023-12-05,42.058143615722656,42.214018218066,41.98479353638366,42.085652955954465,9365600.0
2023-12-06,42.140663146972656,42.53492986530316,42.140663146972656,42.461579788564734,9458700.0
2023-12-07,42.34238052368164,42.47074577683026,42.076479072050454,42.25985950413027,17301000.0
2023-12-08,42.443241119384766,42.52576214123655,42.2140164473177,42.23235484080597,9501400.0
2023-12-11,42.56243896484375,42.58077735985482,42.36072361510441,42.43407369745748,13939100.0
2023-12-12,42.57160949707031,42.58077694564107,42.31487896479517,42.4799210205981,11187100.0
2023-12-13,43.259281158447266,43.27761955226032,42.38822668962759,42.57160713006715,12136100.0
2023-12-14,43.63520431518555,43.80024634224917,43.47016228812193,43.51600651837503,16856900.0
2023-12-15,43.18592071533203,43.51600475609173,43.18592071533203,43.46099308109207,18248300.0
2023-12-18,43.334556579589844,43.42744809926684,43.223082503676245,43.40886908661457,10386200.0
2023-12-19,43.7525749206543,43.77115393456304,43.5760796038981,43.650395659533075,9253400.0
2023-12-20,43.29739761352539,43.90119956547522,43.278818601276804,43.789729035567966,15779900.0
2023-12-21,44.031253814697266,44.031253814697266,43.7154176852942,43.82688821814694,13337700.0
2023-12-22,44.1334342956543,44.24490837518874,43.98480573319281,44.124146560818645,12007600.0
2023-12-26,44.328514099121094,44.39353887656396,44.03125696121525,44.17059425134227,7301600.0
2023-12-27,44.579322814941406,44.616477297275296,44.37495721597527,44.41211524189355,9921200.0
2023-12-28,44.50501251220703,44.73724488881917,44.477145760960724,44.64435335560825,11909200.0
2023-12-29,44.49571990966797,44.66292748602742,44.40282484303246,44.53287439273771,10489500.0
2024-01-02,44.00338363647461,44.22632824633534,43.956937876299065,44.06840840943725,17117300.0
2024-01-03,43.650386810302734,43.79901534785668,43.44602124232211,43.56678303645465,12564000.0
2024-01-04,43.7525749206543,43.966231808812545,43.631816645624326,43.641104380786416,14931900.0
2024-01-05,43.78044128417969,44.17058991049519,43.65967947640307,43.696837500885756,9963100.0
2024-01-08,44.235618591308594,44.25419760519205,43.7990241675935,43.84546993050984,8156500.0
2024-01-09,43.83617401123047,43.9476480827304,43.76186150714804,43.87333203506378,13219400.0
2024-01-10,44.077701568603516,44.13343506575881,43.929073003548545,43.994097779286065,10542900.0
2024-01-11,44.031253814697266,44.19846138576856,43.622522621596616,44.142724347550015,12648200.0
2024-01-12,44.18916702270508,44.46784510717425,44.10556324300592,44.32850783673172,7138500.0
2024-01-16,43.39958953857422,43.65968867759995,43.30669445779003,43.622530645286275,14475600.0
2024-01-17,42.92582702636719,42.94440603972839,42.647148913118095,42.80506875489608,10354600.0
2024-01-18,43.31597900390625,43.325266738748326,43.03730089204603,43.111613401536005,9243700.0
2024-01-19,43.45531463623047,43.46460591430382,43.06516600317329,43.21379456008807,9932800.0
2024-01-22,43.566795349121094,43.70613264919093,43.48319155164525,43.566795349121094,11607500.0
2024-01-23,43.49247360229492,43.52034034994923,43.288108003271624,43.39958208105764,8069900.0
2024-01-24,43.76186752319336,44.0591246675561,43.74328850872261,44.04054565308534,11566400.0
2024-01-25,43.87333297729492,43.891911989610584,43.659679651041216,43.86404524292923,13899200.0
2024-01-26,44.05912399291992,44.152015520266666,43.99409921506028,44.08699074240702,8717100.0
2024-01-29,44.319217681884766,44.365663439875476,43.97551482045247,44.03125185619184,9572100.0
2024-01-30,44.263484954833984,44.30063943571826,44.06840709816632,44.23561466469046,8228500.0
2024-01-31,44.01267623901367,44.57003246505996,43.94765146409442,44.43998291522146,14542800.0
2024-02-01,44.47713851928711,44.48642625366205,44.06840733510419,44.16130239677498,12761000.0
2024-02-02,44.16130447387695,44.20775023510476,43.94765113736148,44.17059220868874,11569700.0
2024-02-05,43.87333297729492,43.96622803887323,43.65039191667552,43.891911989610584,13406300.0
2024-02-06,44.14271926879883,44.15200700230783,43.84546218633559,43.87332893044653,12103700.0
2024-02-07,44.170597076416016,44.244913137437905,44.07770554372349,44.161309340580694,8819300.0
2024-02-08,44.09627914428711,44.11485815726122,43.92907157110452,44.08698786600786,10014100.0
2024-02-09,44.25419616699219,44.27277518027184,44.00338480309348,44.10556760433938,11254800.0
2024-02-12,44.36566925048828,44.5142978216751,44.22633195826701,44.24491097261345,8598000.0
2024-02-13,43.57608413696289,43.864053567127975,43.39958880184651,43.836183271573326,19980800.0
2024-02-14,44.11486053466797,44.124148269863355,43.85475788259757,43.891915910548285,10455600.0
2024-02-15,44.60718536376953,44.61647309758266,44.29134926036221,44.30063699417534,9979700.0
2024-02-16,44.64434814453125,44.84871020245823,44.50500731739447,44.607190118150186,9886800.0
2024-02-20,44.802268981933594,44.9416098231924,44.70008617082177,44.895164057301066,9318000.0
2024-02-21,44.83012771606445,44.839418993732096,44.62576567397037,44.709369455058365,10143000.0
2024-02-22,45.303890228271484,45.35033599259437,45.12739490641065,45.20170742061033,17006300.0
2024-02-23,45.37820053100586,45.43393757162783,45.26672999334641,45.3596250610497,7736300.0
2024-02-26,45.27602005004883,45.37819930638819,45.18312498485249,45.37819930638819,9505300.0
2024-02-27,45.359619140625,45.387485885506514,45.257436351280724,45.31316984104375,8633700.0
2024-02-28,45.118099212646484,45.192415263159106,45.053074440240096,45.09023246549641,7449500.0
2024-02-29,45.22028732299805,45.40607392752236,45.02521298286066,45.35033688308964,17630500.0
2024-03-01,45.70332717895508,45.72190619218124,45.24815021387514,45.41535778932619,11199500.0
2024-03-04,45.58256912231445,45.666172916931735,45.498965327697164,45.54541109279905,9774600.0
2024-03-05,45.471092224121094,45.759058053668966,45.34104268257247,45.61042949995851,13584600.0
2024-03-06,46.0191650390625,46.15850232809726,45.898403220364706,45.982007011219395,13323300.0
2024-03-07,46.54865264892578,46.60438614484969,46.30712902130741,46.32570803447686,15544900.0
2024-03-08,46.418601989746094,46.78088387892152,46.34428593884634,46.73443811890135,10492500.0
2024-03-11,46.186370849609375,46.20494986281845,45.96342623468486,46.12134607516982,7569700.0
2024-03-12,46.53936004638672,46.53936004638672,46.084186639231625,46.251394209414734,8307400.0
2024-03-13,46.54865264892578,46.66012318435803,46.45575758307855,46.50220688779438,8727300.0
2024-03-14,46.242103576660156,46.61367674749373,46.05632053482775,46.59509773459361,12369600.0
2024-03-15,46.20193099975586,46.31404793171634,46.0617821617055,46.248646091061644,13766700.0
2024-03-18,46.211273193359375,46.37010878282437,46.17389969417549,46.351422033232424,12116700.0
2024-03-19,46.28601837158203,46.407476892953866,46.08046769828675,46.16455628607728,10424900.0
2024-03-20,46.79054641723633,46.83726150383716,46.229954685628314,46.26732818056204,15166000.0
2024-03-21,46.818580627441406,46.96807106178985,46.79989387763121,46.87463731273889,8951600.0
2024-03-22,46.65974426269531,46.809234694565816,46.61302917101072,46.79055150919841,9289600.0
2024-03-25,46.594337463378906,46.76251462685402,46.53828078497563,46.547622376665295,7858000.0
2024-03-26,46.65974426269531,46.837266600883,46.65040267001161,46.81857985138256,12502400.0
2024-03-27,46.96807098388672,46.96807098388672,46.70646361524413,46.75317870762558,7233200.0
2024-03-28,46.874637603759766,46.940043010568054,46.809235761084594,46.809235761084594,8336000.0
2024-04-01,46.68777847290039,46.91201234970484,46.57565797036496,46.80923700444729,9987800.0
2024-04-02,46.398136138916016,46.398136138916016,46.24864570949106,46.37010779719039,15614500.0
2024-04-03,46.6504020690918,46.715803909434364,46.27667421216313,46.286019368859485,17859100.0
2024-04-04,46.27667999267578,46.98676229671146,46.22996489575767,46.958730387253844,17525700.0
2024-04-05,46.444847106933594,46.54762243631483,46.12717952708825,46.23930001230378,13240900.0
2024-04-08,46.669090270996094,46.76252045606992,46.56631492893503,46.69711861369162,14126200.0
2024-04-09,46.678436279296875,46.92136048608068,46.4448572303843,46.86530023125362,9098900.0
2024-04-10,45.977691650390625,46.18324232050615,45.80017288519358,45.987036806741074,14335600.0
2024-04-11,46.145870208740234,46.229958797754435,45.66002542378409,46.19258529949636,12987500.0
2024-04-12,45.34236145019531,45.86557977533566,45.27695960506942,45.725430927704046,14173500.0
2024-04-15,45.18352127075195,45.9029450015781,45.09943269015844,45.85622991550005,20120000.0
2024-04-16,44.70701599121094,44.92191179234714,44.55752558441995,44.80044972303808,16484100.0
2024-04-17,44.73505401611328,44.9779746238497,44.52016174969528,44.92191794121287,12166200.0
2024-04-18,44.6883430480957,44.99666552343788,44.59490929486076,44.800459987844384,13900800.0
2024-04-19,44.71636962890625,44.893888406853485,44.58556594366796,44.73505637881645,13900300.0
2024-04-22,45.20221710205078,45.36104913946224,44.88454946309455,44.97797965402678,9371200.0
2024-04-23,45.660030364990234,45.706745460801734,45.276960876722576,45.333021130176384,7996300.0
2024-04-24,45.52921676635742,45.6973939259992,45.3516980152389,45.678707178913164,7247700.0
2024-04-25,45.33301544189453,45.41710402945733,44.791110418904736,44.903230911743734,8433500.0
2024-04-26,45.66937255859375,45.744115994214475,45.510536966183395,45.529223716121855,9166200.0
2024-04-29,45.92163848876953,46.01506867463839,45.77214805289948,45.9590084246372,8218500.0
2024-04-30,45.27695846557617,45.83755027786087,45.25827171542003,45.71608818391255,10083400.0
2024-05-01,45.22089385986328,45.77214041846544,45.09008663167812,45.23023545123881,12336400.0
2024-05-02,45.8842658996582,45.96835449426274,45.4638229266355,45.73477546082049,18096900.0
2024-05-03,46.30470657348633,46.472883754344814,46.03375405275511,46.39813675657081,11883000.0
2024-05-06,46.669090270996094,46.68777702083748,46.51025467941087,46.56631492893503,8654000.0
2024-05-07,46.7344970703125,46.8466140171195,46.65040846917388,46.75318382213592,7874700.0
2024-05-08,46.68777847290039,46.697120066045066,46.45419943881805,46.491569375529984,6547600.0
2024-05-09,47.03346633911133,47.03346633911133,46.66908367900598,46.66908367900598,7109200.0
2024-05-10,47.05216598510742,47.201656439570975,46.99610572813349,47.182969687246334,8819900.0
2024-05-13,47.042816162109375,47.17362341541101,46.97741431752517,47.089534820355134,6602000.0
2024-05-14,47.36982727050781,47.36982727050781,47.164276586736904,47.20165008635581,9694300.0
2024-05-15,47.8463249206543,47.8463249206543,47.47260063245142,47.61274590397764,8035100.0
2024-05-16,47.575374603271484,47.79027044497635,47.56603301039146,47.77158369508318,7410800.0
2024-05-17,47.74354934692383,47.76223609586149,47.50062873900004,47.58471732715307,7276900.0
2024-05-20,47.762245178222656,47.91173563401781,47.74355842573156,47.78093193071375,5731000.0
2024-05-21,47.6874885559082,47.73420364216134,47.584713227671735,47.612741566597094,6900100.0
2024-05-22,47.2390251159668,47.42588549184725,47.11756302033793,47.39785714829182,7250000.0
2024-05-23,46.9774169921875,47.650125790935164,46.86530004710737,47.61275228786398,12745600.0
2024-05-24,47.3604850769043,47.44457367424176,47.1549379444053,47.1549379444053,7106300.0
2024-05-28,47.36982727050781,47.640779796545274,47.22967842900345,47.62209304673581,7894200.0
2024-05-29,46.556976318359375,46.809238547044366,46.53828956732098,46.71580835598573,7938700.0
2024-05-30,46.9774169921875,47.08019234356655,46.818584950335094,46.86530004710737,9017300.0
2024-05-31,47.388511657714844,47.407198406592656,46.996097059546706,47.239021230825294,10547800.0
2024-06-03,47.509971618652344,47.66880720685957,47.30442450303474,47.58471861642822,9064800.0
2024-06-04,47.36982727050781,47.44457070561254,47.15493499389872,47.36048211353654,8275300.0
2024-06-05,47.696834564208984,47.70617972080454,47.3231102754446,47.59405922645557,7634500.0
2024-06-06,47.818302154541016,47.84633049928763,47.6501249577946,47.69684005375008,5781400.0
2024-06-07,47.22967529296875,47.53800129815237,47.22033370075085,47.4258808067404,6722400.0
2024-06-10,47.29507827758789,47.35113852465309,46.912008832974756,47.014784170527804,6424900.0
2024-06-11,46.76251983642578,46.865295177124985,46.52894081270324,46.79055174288296,13418500.0
2024-06-12,47.33245086669922,47.68749196302832,47.24836227978266,47.575371471051,8405000.0
2024-06-13,46.669090270996094,46.986757890033445,46.48222633671534,46.9774127330462,5741300.0
2024-06-14,46.2486457824707,46.26733253169493,45.949664923149,46.145870443803936,8666400.0
2024-06-17,46.41682052612305,46.435507274366884,45.97769085272482,46.13652643073105,8490400.0
2024-06-18,46.60369110107422,46.631719445377016,46.416827156077886,46.416827156077886,11838700.0
2024-06-20,46.60369110107422,46.687779698115904,46.444855500380676,46.52894409742236,8700500.0
2024-06-21,46.29343032836914,46.35944226532737,46.16140645445268,46.28400159339544,7126500.0
2024-06-24,46.69893264770508,46.91582951831513,46.65178177972561,46.65178177972561,7928200.0
2024-06-25,46.76494598388672,46.82152918558624,46.595199976168885,46.69893404726098,9191200.0
2024-06-26,46.45374298095703,46.52918724860728,46.302858043037226,46.37830231068747,8628400.0
2024-06-27,46.5669059753418,46.69892983668945,46.4631719136028,46.557473643885295,8564500.0
2024-06-28,46.60462951660156,46.764946792164075,46.40659370330152,46.59520078151238,9419000.0
2024-07-01,46.64235305786133,46.97241635402605,46.52919024647558,46.80267033825697,10764400.0
2024-07-02,46.74608612060547,46.77437592349347,46.45374496703308,46.51976050273981,10081100.0
2024-07-03,47.302467346191406,47.359050540159885,46.97240770815925,46.97240770815925,7160900.0
2024-07-05,47.604248046875,47.73627193220921,47.32133920724725,47.73627193220921,7272900.0
2024-07-08,47.39677429199219,47.67968669561203,47.36848449058247,47.6419645621453,8229600.0
2024-07-09,47.2364616394043,47.37791784426448,47.113866501684186,47.37791784426448,17483700.0
2024-07-10,47.89657974243164,47.924869541582424,47.58537756225158,47.64196075793351,8188600.0
2024-07-11,48.08518981933594,48.33037648793949,48.04746768651059,48.20778135494742,7567600.0
2024-07-12,48.56613540649414,48.735881410268455,48.39638940271983,48.424679204221995,6815000.0
2024-07-15,48.19835662841797,48.47183671807235,48.141773424474714,48.47183671807235,6455700.0
2024-07-16,48.481266021728516,48.49069475713915,48.04747224522079,48.10405185244645,6099100.0
2024-07-17,48.207786560058594,48.40582598008414,48.132345883642984,48.22664762850774,7751700.0
2024-07-18,47.736263275146484,48.33037424878835,47.6325292133731,48.30208444917031,6991400.0
2024-07-19,47.4533576965332,47.623103700483796,47.37791702665553,47.56652050004005,10485600.0
2024-07-22,47.91544723510742,47.93430830286478,47.679689284211676,47.81171316113236,7532100.0
2024-07-23,47.670249938964844,47.77398399767979,47.62309907519814,47.70797206893034,5498100.0
2024-07-24,47.07614517211914,47.59481553388542,47.04785536961581,47.53823233149798,6900700.0
2024-07-25,46.78380584716797,47.20817085554179,46.538615576827254,46.68007177874541,8841400.0
2024-07-26,47.39677429199219,47.472218558925654,47.09500441901964,47.1704486859531,5992700.0
2024-07-29,47.208168029785156,47.32133082611766,46.99127117123933,47.32133082611766,9552900.0
2024-07-30,47.31190490722656,47.443932384453205,47.1421624884113,47.34019830817988,8415500.0
2024-07-31,48.00974655151367,48.24550449050115,47.877722681261595,48.04746868512303,7592900.0
2024-08-01,46.78380584716797,47.60424246510358,46.548047908891476,47.47221859524965,8740300.0
2024-08-02,45.96337127685547,46.21798669584198,45.614446922547955,46.1331136903862,13257200.0
2024-08-05,44.888309478759766,45.17122187925487,44.133884804660894,44.199896738808256,22549300.0
2024-08-06,44.9637565612793,45.22780431440805,44.43565745764095,44.511101728466784,13854100.0
2024-08-07,45.18064880371094,45.96336684492889,45.15235900374707,45.81248191615416,8239300.0
2024-08-08,45.95393753051758,45.991659664533074,45.38811990980801,45.61444551913956,8135100.0
2024-08-09,46.1142578125,46.1425476161685,45.72761490704647,45.8407777191014,6351100.0
2024-08-12,46.133113861083984,46.26514133468878,45.972800182063686,46.133113861083984,5173900.0
2024-08-13,46.887542724609375,46.92526126298403,46.41602681980802,46.42545555505646,5785200.0
2024-08-14,47.06671905517578,47.10444119219905,46.896973035952065,46.972417309998605,5432900.0
2024-08-15,47.6419677734375,47.755130584084746,47.44393195545959,47.46279302346428,5473500.0
2024-08-16,47.92487335205078,47.9720242201778,47.68911541403504,47.70797648076197,5669100.0
2024-08-19,48.481266021728516,48.537849226335105,48.170067389844604,48.217218261659625,5242900.0
2024-08-20,48.349239349365234,48.51898535600068,48.2549340138007,48.42468002043614,4840200.0
2024-08-21,48.77360534667969,48.858478351704015,48.51898633160672,48.632149139178885,5308700.0
2024-08-22,48.434112548828125,48.915057171322424,48.39639041444955,48.90562843641815,5982500.0
2024-08-23,49.367713928222656,49.41486839673593,48.801896279872146,48.87734055158868,5857000.0
2024-08-26,49.169673919677734,49.33941991918944,49.11309431809421,49.27340798575495,5216400.0
2024-08-27,49.3582878112793,49.443160822772256,49.17911305251907,49.235692661927004,5473200.0
2024-08-28,49.11309814453125,49.36771356625551,48.943352131794505,49.28284055988714,5682900.0
2024-08-29,49.2451171875,49.55631578204773,49.20739505562133,49.32055785387683,6437400.0
2024-08-30,49.405433654785156,49.528028791655636,49.113096109591844,49.46201685581323,5128900.0
2024-09-03,48.547271728515625,49.15081144397067,48.434108931212926,49.122521643990105,9777700.0
2024-09-04,48.39638900756836,48.64157927652071,48.23607533719082,48.23607533719082,9505500.0
2024-09-05,48.40582275390625,48.59442623106562,48.23607674655823,48.49069216019952,9941700.0
2024-09-06,47.500511169433594,48.42468190973849,47.415638162804534,48.39639210665575,8885200.0
2024-09-09,48.00974655151367,48.188921290087116,47.877722681261595,47.915444814870945,6081100.0
2024-09-10,47.821144104003906,47.94373925139598,47.41564012195251,47.87772730988818,6381000.0
2024-09-11,48.09462356567383,48.113484634051964,47.27418687682018,47.82114347026229,8049200.0
2024-09-12,48.52841567993164,48.537848012487316,47.94373696980908,48.085193179097516,6521300.0
2024-09-13,48.660438537597656,48.83961687859468,48.57556553327821,48.62272000030738,4772200.0
2024-09-16,49.047080993652344,49.05651332592762,48.72645004652677,48.85847751671555,7249300.0
2024-09-17,48.81132888793945,49.065947929113456,48.64158645787128,49.0282293876434,8026200.0
2024-09-18,48.64157485961914,49.26397561273243,48.54726953497755,48.83961064529603,8496600.0
2024-09-19,49.57518005371094,49.66948179212502,49.17910843551493,49.49973938245582,5994800.0
2024-09-20,49.125064849853516,49.31418997603503,48.926485090630706,49.31418997603503,5783800.0
2024-09-23,49.32364273071289,49.37092310864228,49.1817979896631,49.229081974854104,8026800.0
2024-09-24,49.62623977661133,49.65460728094399,49.35200854385733,49.50330791240066,6856300.0
2024-09-25,49.31419372558594,49.68298576568663,49.29528085080359,49.68298576568663,7740300.0
2024-09-26,50.411109924316406,50.49621604827885,50.108511174063636,50.27871981472688,7675600.0
2024-09-27,50.09904861450195,50.47729882333607,50.023400737091926,50.3165412220401,7370200.0
2024-09-30,49.93830490112305,50.10851716941338,49.63570611466515,50.10851716941338,8297500.0
2024-10-01,49.588417053222656,49.96666730125195,49.33309867689214,49.92884155499669,9508300.0
2024-10-02,49.50331115722656,49.63570126973364,49.30473139935853,49.49385652424977,18025500.0
2024-10-03,49.03996276855469,49.172349285623284,48.86975050167734,49.06833027728023,10946000.0
2024-10-04,49.333099365234375,49.36147047895254,49.06832635227652,49.11560673212446,7660500.0
2024-10-07,49.058868408203125,49.24799352209247,48.86974329431377,49.219622410289084,9049400.0
2024-10-08,48.983219146728516,49.01159025982177,48.82246513733399,48.97376451387188,7346600.0
2024-10-09,49.00213623046875,49.049416613338096,48.708992085059656,48.72790495965979,7445600.0
2024-10-10,48.917030334472656,48.94539784287876,48.62388618764885,48.81301132730092,9757000.0
2024-10-11,49.16289138793945,49.21962640162398,48.88866013092492,48.90757300457369,6439400.0
2024-10-14,49.266902923583984,49.30472866791906,48.973762423140926,49.011588167476006,5569400.0
2024-10-15,48.56714630126953,49.13451805607641,48.510407682884185,49.08723767771944,9881600.0
2024-10-16,48.75627136230469,48.794093500586996,48.65225236568964,48.70898737674393,7796500.0
2024-10-17,48.737361907958984,48.89811592690356,48.68062328566343,48.88866129348525,7427300.0
2024-10-18,49.01158905029297,49.03049831553959,48.831918565095805,48.94539219288345,6601800.0
2024-10-21,48.453670501708984,48.79409137499,48.35910614196858,48.75626923835532,5380900.0
2024-10-22,48.20780563354492,48.25508600866622,48.08487377242044,48.14161238692283,7385200.0
2024-10-23,47.74445724487305,47.90521125634256,47.51750637350592,47.791737624289865,5952300.0
2024-10-24,47.914669036865234,48.047059158095514,47.68772175785153,48.0376009172338,10057900.0
2024-10-25,47.76336669921875,48.09433657096532,47.65935130699619,47.99031757148102,6463300.0
2024-10-28,48.113243103027344,48.18889097897003,47.914659763247606,47.933572634048595,6096600.0
2024-10-29,47.95249557495117,48.1132532068883,47.88630231687766,47.99032132449662,10640200.0
2024-10-30,47.71608352661133,47.95248901805184,47.61206453321565,47.6498902775889,6885100.0
2024-10-31,47.37565994262695,47.52695931573539,46.99741331348665,47.498591810546806,11686300.0
2024-11-01,47.47967529296875,47.75390651294422,47.42294028694715,47.64988752555619,8733500.0
2024-11-04,47.545875549316406,47.89575830526306,47.50805340881183,47.75391355476989,11765000.0
2024-11-05,48.04705810546875,48.065970979515875,47.649894965002964,47.649894965002964,9292200.0
2024-11-06,47.43239212036133,47.45130499033978,46.9879486940205,47.366198879067305,9072500.0
2024-11-07,48.15106964111328,48.20780825870538,47.88629664020667,47.943035257798776,12732500.0
2024-11-08,47.51750946044922,47.659354215176236,47.28110394074549,47.6404413407285,9223900.0
2024-11-11,47.498592376708984,47.659349991637505,47.44185375839392,47.61206600607747,7435600.0
2024-11-12,46.72317886352539,47.11088370594217,46.47731875183287,47.09197083469485,20244700.0
2024-11-13,46.458412170410156,46.58134043926853,46.184180911088866,46.58134043926853,11300900.0
2024-11-14,46.49623489379883,46.817746538040424,46.448954512317215,46.7515532825138,11520100.0
2024-11-15,46.36384582519531,46.48677769607577,46.25037219444656,46.48677769607577,10970600.0
2024-11-18,46.675907135009766,46.76101326775662,46.34493723776668,46.38276298726795,12142200.0
2024-11-19,46.619163513183594,46.70426963680706,46.250371513235756,46.316564764136054,10521400.0
2024-11-20,46.486778259277344,46.486778259277344,46.18417950210682,46.42058500660015,9005500.0
2024-11-21,46.600250244140625,46.64753422917724,46.31656437022892,46.48677661602826,12278500.0
2024-11-22,46.80828857421875,46.85556895233634,46.515144458271074,46.581337709088025,8174700.0
2024-11-25,47.03523635864258,47.19599035516568,46.883936994219084,47.13925174078385,9054400.0
2024-11-26,46.751548767089844,46.90284813757512,46.6097076363445,46.87448063287836,8338900.0
2024-11-27,46.997413635253906,47.08251975866393,46.8461142611096,46.94067501722668,8229600.0
2024-11-29,47.56478500366211,47.58369787618563,47.110886884882305,47.1392543900368,5491000.0
2024-12-02,47.61206817626953,47.71608717762425,47.28110190583342,47.583700669449804,9293000.0
2024-12-03,47.81064987182617,47.93357813524882,47.602611876400644,47.78227875873799,10515400.0
2024-12-04,47.820106506347656,47.9430383821777,47.76336788505798,47.8673868871248,8881800.0
2024-12-05,48.03759765625,48.13216202213794,47.95249153058172,48.02814302329207,9564000.0
2024-12-06,47.97140121459961,48.18889383079029,47.886295094589215,48.179439198460905,6815900.0
2024-12-09,47.857933044433594,48.26455081890522,47.857933044433594,48.188899322602644,8655500.0
2024-12-10,47.508052825927734,47.820106223017476,47.498594585471245,47.76336760206397,8813900.0
2024-12-11,47.84846878051758,47.895752763385445,47.67825654252528,47.801188404911144,10432000.0
2024-12-12,47.38511657714844,47.77282143305743,47.36620370524294,47.602609193169435,10216500.0
2024-12-13,47.26218795776367,47.47022595574368,47.14871432580263,47.44185484230713,10514700.0
2024-12-16,47.06360626220703,47.26218601177791,47.00686764493182,47.10143200705717,27011200.0
2024-12-17,46.950138092041016,47.10143748176588,46.89339946817094,46.987960234025735,11807500.0
2024-12-18,45.78701400756836,47.04469295782593,45.73973363057059,46.97849970857674,12065600.0
2024-12-19,45.67354202270508,46.061246899638306,45.64517451693927,45.99505364801032,21518700.0
2024-12-20,45.657222747802734,46.0123441217335,45.196523858601104,45.24451263973078,21038900.0
2024-12-23,45.925968170166016,45.973960618163325,45.542054215355705,45.705216822355396,23194300.0
2024-12-24,46.108333587646484,46.16591867077231,45.829993481505156,46.16591867077231,12487500.0
2024-12-26,46.290687561035156,46.34827629938493,46.089132468775325,46.22350253028188,15281600.0
2024-12-27,46.175514221191406,46.29068803776751,46.012347958174786,46.165914267379456,22394000.0
2024-12-30,45.88758087158203,46.069939731614795,45.67642580952631,45.95476590745251,17423400.0
2024-12-31,45.89717483520508,46.12752613314801,45.79159730953581,46.05074114673047,14787400.0
2025-01-02,45.80119705200195,46.09872971972184,45.647630741185665,46.01234844105582,13721300.0
2025-01-03,46.06993865966797,46.09873119971113,45.82039476957107,46.012349918271866,13622400.0
2025-01-06,46.52103805541992,46.81857071185128,46.453853025818674,46.530634347658875,11852500.0
2025-01-07,46.36747360229492,46.895357567949006,46.2906886160785,46.82817253566447,11744600.0
2025-01-08,46.30988693237305,46.38667192202124,46.00275429639992,46.14672432133537,10278100.0
2025-01-10,45.61883544921875,46.06034180525377,45.5132579219345,46.06034180525377,14645500.0
2025-01-13,45.49406433105469,45.50366062363678,45.14853921714491,45.234920495622355,13679300.0
2025-01-14,45.66682815551758,45.74360948223439,45.43647685274765,45.6284356615043,16618600.0
2025-01-15,46.23310089111328,46.3578746657986,46.06034199095404,46.319482171847774,9213400.0
2025-01-16,46.38667297363281,46.54023929510081,46.204310449739005,46.31948427551253,20460100.0
2025-01-17,46.61702346801758,46.847374794922004,46.54983842711007,46.61702346801758,8939500.0
2025-01-21,47.51921844482422,47.538414691111605,47.154500749292644,47.23128207313259,17207900.0
2025-01-22,47.41364288330078,47.64399050787651,47.41364288330078,47.64399050787651,7315700.0
2025-01-23,47.73997116088867,47.768763698286484,47.43283489630441,47.49042363240948,9509900.0
2025-01-24,48.00871658325195,48.15268294747333,47.922335300195186,47.951127840777495,8032400.0
2025-01-27,47.922332763671875,47.941529010147306,47.730373960227226,47.74957020670265,17764500.0
2025-01-28,47.87434768676758,47.91273652138262,47.61520383123893,47.86474773213137,8915200.0
2025-01-29,47.87434768676758,48.01831405452132,47.71118140974143,47.89354393473006,9510800.0
2025-01-30,48.39262390136719,48.61337888653882,48.162276285732325,48.31584258325868,12208500.0
2025-01-31,47.93193054199219,48.52700321724694,47.883941754970934,48.31584816078172,14215900.0
2025-02-03,47.33686065673828,47.615200742171915,46.91455421289081,47.039324324587525,14542000.0
2025-02-04,47.9127311706543,47.98951615392915,47.60559856017391,47.61519851373803,8354100.0
2025-02-05,48.373435974121094,48.4406210069241,48.123888428301655,48.19107346110465,11821800.0
2025-02-06,48.57499313354492,48.69976691174874,48.469415602857836,48.517404390994734,9964500.0
2025-02-07,48.191070556640625,48.6805656647718,48.08549303679628,48.58458443704536,13414400.0
2025-02-10,48.498207092285156,48.53659958648646,48.37343697809556,48.4118258109871,7178100.0
2025-02-11,48.690162658691406,48.75734768841356,48.39262634041507,48.411822586237044,7684800.0
2025-02-12,48.7861442565918,48.91091436341353,48.2582566457708,48.32544167600082,10303500.0
2025-02-13,49.419612884521484,49.42920917823985,48.96851019224648,48.98770644099329,10109000.0
2025-02-14,49.43880081176758,49.71714090039447,49.429204518953775,49.65955582089217,8277000.0
2025-02-18,49.77473068237305,49.81312317705081,49.63076065798633,49.73633818769528,10253100.0
2025-02-19,49.34282302856445,49.429204308760305,49.17006046817275,49.333226735791456,7659600.0
2025-02-20,49.5347785949707,49.58276737831543,49.30442730908272,49.46759356602618,6989700.0
2025-02-21,49.179656982421875,49.59236344636927,49.074079462754845,49.59236344636927,8430500.0
2025-02-24,49.13166809082031,49.43880071861968,49.03569051762416,49.35241943821925,12448900.0
2025-02-25,49.48678970336914,49.669148544203985,49.256438417985066,49.65955225207982,10265100.0
2025-02-26,49.56357192993164,49.94748952548366,49.45799440808936,49.63075695995681,13514600.0
2025-02-27,48.97809982299805,49.42920245390518,48.95890357686268,49.390809961634446,12252100.0
2025-02-28,49.01649475097656,49.03569099806582,48.55579580476367,48.83413589559326,13025300.0
2025-03-03,49.38121032714844,49.995475516668925,49.11246656075123,49.88989800072459,13698800.0
2025-03-04,49.24684524536133,49.76512926301418,48.546198714012554,48.987701405880046,14522700.0
2025-03-05,50.4081916809082,50.513769209531375,49.88990399201797,49.88990399201797,18658400.0
2025-03-06,49.937889099121094,50.50416553347924,49.88990031545878,50.1202516028712,21122800.0
2025-03-07,50.465782165527344,50.51377095438375,49.899505669877946,50.01467949539531,12723900.0
2025-03-10,49.30442428588867,49.82271190137474,48.96849916176395,49.6979381432816,14215500.0
2025-03-11,49.17006301879883,49.429206872829106,48.79574533896952,49.39081437712612,16648900.0
2025-03-12,49.5347785949707,49.66914865285974,49.19884978893862,49.54437488711586,12650500.0
2025-03-13,49.16046142578125,49.41000529832873,49.03568765885275,49.285231531400235,13255900.0
2025-03-14,50.10105895996094,50.12025520706818,49.58277127199454,49.58277127199454,14118700.0
2025-03-17,50.69612503051758,50.76331006083583,50.22582981828984,50.2546223566235,15984600.0
2025-03-18,50.628936767578125,50.70572174664463,50.36019666346399,50.61934047584947,11004100.0
2025-03-19,50.85929489135742,51.01286120885787,50.48497355997213,50.53296600900525,13407700.0
2025-03-20,50.465782165527344,50.51377095438375,50.12985332091267,50.16824581652176,8143200.0
2025-03-21,50.188079833984375,50.26521985978055,49.985592783627744,50.14950982108629,8198000.0
2025-03-24,50.25557327270508,50.33271329505569,50.07237123698045,50.16879258668,10202000.0
2025-03-25,50.52555847167969,50.63162048253256,50.40020777745894,50.583409808828776,10177500.0
2025-03-26,49.918094635009766,50.34235372122037,49.821669607526424,50.24593237197573,15041900.0
2025-03-27,49.975948333740234,50.101295348805394,49.7831019620972,49.86023830381125,11063900.0
2025-03-28,49.40705108642578,49.7830994692683,49.34919607435831,49.77345512813785,11998600.0
2025-03-31,49.01171875,49.156350765910865,48.558530341354604,48.76101737057291,18049300.0
2025-04-01,49.185279846191406,49.329915550376384,48.81887577120329,49.11778416510208,13168500.0
2025-04-02,49.32027816772461,49.35884450359938,48.72245398367824,48.78994966925784,11739200.0
2025-04-03,48.28854751586914,48.95386361518007,48.19212249392942,48.828512925777666,17045400.0
2025-04-04,45.23194122314453,46.630072740862076,45.14516054471411,46.4854370507319,36603400.0
2025-04-07,44.24843215942383,45.84905084780493,43.534905340756865,43.85309873874653,51925000.0
2025-04-08,44.01702117919922,45.82012698070044,43.525262710819604,45.82012698070044,36120600.0
2025-04-09,47.30503845214844,47.46895548626273,43.83381460515752,44.08451600564136,33572600.0
2025-04-10,46.36973190307617,46.63971460817055,45.35729308073377,46.53364892310105,27617300.0
2025-04-11,47.642513275146484,47.729293956742836,46.59150443280786,46.69757011900768,17136400.0
2025-04-14,48.19212341308594,48.40425478716078,47.777505006433415,47.98963638050826,9952700.0
2025-04-15,48.519962310791016,48.76101935870959,48.41389662118866,48.41389662118866,8984100.0
2025-04-16,48.41389465332031,48.87672372512282,48.21140762407643,48.57781535192619,9296800.0
2025-04-17,48.93457794189453,49.20456064315834,48.751375920071006,48.761016583013955,9870700.0
2025-04-21,48.70316696166992,49.30099112098306,48.375329211744244,49.15635541315982,13408400.0
2025-04-22,49.65774917602539,49.86988054371656,49.31062645734473,49.38776647404641,15400300.0
2025-04-23,49.80238723754883,50.40984834590123,49.66739220189856,50.11093996255791,10911000.0
2025-04-24,50.438777923583984,50.44841858705526,49.918093818407826,50.043444512966225,8252300.0
2025-04-25,50.55448532104492,50.58341099029508,50.21700691899738,50.36163894348688,7631800.0
2025-04-28,50.90160369873047,50.940173706581334,50.5834066513184,50.62197665916927,18104800.0
2025-04-29,51.05588150024414,51.13301783989568,50.86303513375755,50.92089014717508,11431000.0
2025-04-30,50.97874450683594,51.10409520422484,50.4194940569078,50.7087617846802,10984700.0
2025-05-01,50.76661682128906,51.181235246611735,50.699121140723854,51.15230589905613,9317900.0
2025-05-02,51.6922721862793,51.83690420316876,51.547636491151316,51.62477650941651,9884400.0
2025-05-05,51.788700103759766,51.93333581724454,51.788700103759766,51.865840131815375,8481300.0
2025-05-06,51.779052734375,51.92368475089202,51.72119772082508,51.76940839299743,17269100.0
2025-05-07,51.595848083496094,51.807979459269546,51.44157172245319,51.69227310804702,10961000.0
2025-05-08,51.42229461669922,51.81762805421188,51.42229461669922,51.81762805421188,12892300.0
2025-05-09,51.759769439697266,51.865835128923315,51.595848735010115,51.865835128923315,11729400.0
2025-05-12,52.01046371459961,52.01046371459961,51.60548966783884,51.846546698978834,12161700.0
2025-05-13,52.09724807739258,52.22259877235725,51.88512037618926,51.93333105017917,9975800.0
2025-05-14,51.8851203918457,52.29009446736949,51.836906039602596,52.27080946211998,11755400.0
2025-05-15,52.434730529785156,52.44437119335717,52.11653345832842,52.222599148814,9895900.0
2025-05-16,52.550437927246094,52.579363596775146,52.27081086100271,52.41544656512549,10793700.0
2025-05-19,52.97469711303711,52.97469711303711,52.473297996960696,52.49258300276042,9975100.0
2025-05-20,53.225399017333984,53.244684023317454,53.02291197186575,53.0614783055939,14531300.0
2025-05-21,52.93613052368164,53.466455306773646,52.90720117600259,53.28324959168167,16508100.0
2025-05-22,52.87827682495117,53.03255319621059,52.646860428942624,52.695074783530245,12009200.0
2025-05-23,53.06147766113281,53.15790268987902,52.50222720735979,52.50222720735979,12360500.0
2025-05-27,53.803932189941406,53.900357215747654,53.7075108423738,53.871427868886464,12582300.0
2025-05-28,53.31217956542969,53.46645593465435,53.22539887785089,53.389315910922626,12534800.0
2025-05-29,53.52430725097656,53.63037294444224,53.292894536359434,53.57252160490735,11628800.0
2025-05-30,53.5918083190918,53.668944667009995,53.2061155447841,53.54359396362416,14170800.0
2025-06-02,54.20891189575195,54.21855255956075,53.59180642130364,53.72679778405936,11474800.0
2025-06-03,53.81357955932617,53.881075242068704,53.553237492359784,53.755724540587366,16827000.0
2025-06-04,54.09320068359375,54.247477048848914,53.9485686601763,54.0064199982478,12306100.0
2025-06-05,54.09320068359375,54.35354273963159,53.99677933464878,54.32461707059584,14319000.0
2025-06-06,54.266761779785156,54.334257459352955,54.1221297570993,54.21855110555654,9887400.0
2025-06-09,54.28604507446289,54.478891443539055,54.17997938755907,54.20890873377556,11053500.0
2025-06-10,54.41139602661133,54.507817372491786,54.26676032955207,54.478891704375364,10078900.0
2025-06-11,54.401756286621094,54.65245769229743,54.353545609602996,54.54639199591428,16068500.0
2025-06-12,54.82601547241211,54.864585482789735,54.62352843528756,54.700664777804164,9588500.0
2025-06-13,54.16069793701172,54.45961001260719,54.025706573271435,54.17034227912962,12588200.0
2025-06-16,54.43068313598633,54.87422722936769,54.39211312484742,54.63317017710755,13452500.0
2025-06-17,53.7460823059082,54.23783707698112,53.68822728886014,54.19926706561575,12149200.0
2025-06-18,53.890716552734375,54.179984293421825,53.775010192107175,53.9774972427645,18749600.0
2025-06-20,53.4543342590332,53.97915952155652,53.4543342590332,53.95972113692683,14499600.0
2025-06-23,53.86253356933594,53.86253356933594,53.094737705586134,53.10445504494037,25964800.0
2025-06-24,54.572017669677734,54.63032911649411,54.25128988221646,54.32904342129537,22023200.0
2025-06-25,54.29988479614258,54.35819995131709,54.14438142317008,54.29016745735993,12783800.0
2025-06-26,54.89274215698242,54.94133626552093,54.6206121831725,54.71780040024952,15078700.0
2025-06-27,55.232906341552734,55.44672115291644,54.989932100122346,55.20374691148605,11093400.0
2025-06-30,55.40784454345703,55.437003973607375,55.09683781013326,55.17459134721056,15742500.0
2025-07-01,55.36897277832031,55.437005271108895,55.213469408018874,55.27178085469892,14596800.0
2025-07-02,55.543914794921875,55.55363213358338,55.07740097432778,55.17459289840689,10927900.0
2025-07-03,55.61194610595703,55.69941698202256,55.49531579954117,55.5244752298915,7279700.0
2025-07-07,54.921897888183594,55.31065817153097,54.785832901259866,55.21346995444054,15994700.0
2025-07-08,55.320377349853516,55.37869250654267,55.01909164235861,55.12600090920891,14520300.0
2025-07-09,55.69942092895508,55.71885931473515,55.407848849746976,55.553634889351024,9479400.0
2025-07-10,55.738285064697266,55.77716183003002,55.47587616743221,55.60222009352505,8208900.0
2025-07-11,55.27178192138672,55.36897384688382,55.18431104218576,55.339814415488256,9424800.0
2025-07-14,55.33980941772461,55.36896884648677,55.07739680382034,55.116273570508206,10144900.0
2025-07-15,54.78583526611328,55.39813144119293,54.756679541226205,55.36897571630585,9655900.0
2025-07-16,55.04824447631836,55.0579655223359,54.60117275432323,54.78583184623615,15045300.0
2025-07-17,55.174591064453125,55.19402944862283,54.83442490272228,54.92189577773962,12344500.0
2025-07-18,55.04824447631836,55.446722090704064,54.989933030184154,55.446722090704064,7999000.0
2025-07-21,55.40784454345703,55.650818785584526,55.25234117679515,55.34953309814177,9228500.0
2025-07-22,55.67025375366211,55.7091305198151,55.271776169325214,55.40784114336818,12246600.0
2025-07-23,56.85597610473633,56.875414490184106,56.28255671025209,56.33115082012507,12462600.0
2025-07-24,56.457496643066406,56.70047089205404,56.43805825824826,56.58384429063796,9123800.0
2025-07-25,56.38946533203125,56.38946533203125,56.01042608886366,56.097896968632554,7312300.0
2025-07-28,55.55363464355469,55.92295655675602,55.45644642257732,55.854924060573275,11187700.0
2025-07-29,55.5341911315918,55.62166200539432,55.42728187388953,55.61194466719077,11933800.0
2025-07-30,55.11627960205078,55.524478281958686,54.92189945483239,55.37869224467166,13314900.0
2025-07-31,54.64004898071289,54.98021143809307,54.523418674617346,54.98021143809307,19166500.0
2025-08-01,54.44567108154297,54.53314196096189,54.11522594901514,54.47482680551832,14943600.0
2025-08-04,55.2037467956543,55.213467841487024,54.99964932307926,55.0385260914248,12578700.0
2025-08-05,55.300941467285156,55.39812968549062,55.096840277065084,55.300941467285156,8942400.0
2025-08-06,55.72857666015625,55.78689181750304,55.42728724177067,55.582790620535775,8019200.0
2025-08-07,56.127052307128906,56.31171140426445,55.86463966962501,56.29227301917236,10237700.0
2025-08-08,56.38946533203125,56.49637459702578,56.23396195771909,56.30199445226235,7640800.0
2025-08-11,56.16592788696289,56.29227182614451,56.09789539432886,56.18536627164301,10040100.0
2025-08-12,56.79765701293945,56.80737805873625,56.29227014879373,56.37002368519739,8588100.0
2025-08-13,57.06007385253906,57.10866796263504,56.92400886127316,56.992041356906114,8893500.0
2025-08-14,56.962886810302734,56.98232519624169,56.73935093324432,56.758789319183265,9971200.0
2025-08-15,57.215576171875,57.293329712585866,57.137826338657014,57.26417028107285,8013600.0
2025-08-18,57.157264709472656,57.16698204831263,56.99204028925002,57.13782632429982,12094000.0
2025-08-19,57.089229583740234,57.36135954863103,57.0406317693017,57.28360601152354,13533800.0
2025-08-20,57.23501205444336,57.283606161516424,57.06007030298614,57.19613528578782,10937400.0
2025-08-21,56.962886810302734,57.06979607922046,56.836539155446054,56.962886810302734,9940100.0
2025-08-22,57.88618850708008,57.99309406620713,57.17670411927541,57.19613879730365,8334100.0
2025-08-25,57.1669807434082,57.730682778074524,57.1669807434082,57.65292923915801,11252100.0
2025-08-26,57.18642044067383,57.2058588258491,57.00176134274803,57.0406344056057,10959900.0
2025-08-27,57.11838912963867,57.13782751521666,56.739349879600375,56.77822294326339,8263400.0
2025-08-28,57.35163497924805,57.40995012849597,57.20585266736696,57.33220030365789,9558600.0
2025-08-29,57.06007385253906,57.147544733709,56.93372990778812,57.021197081465104,13976400.0
2025-09-02,56.5546875,56.622719996293306,56.18536929369147,56.272840175710435,13307700.0
2025-09-03,56.68103790283203,56.72963201575678,56.46721935697134,56.54497290364547,14512900.0
2025-09-04,57.03091812133789,57.0503565068726,56.72962870678922,56.807382248928086,8704900.0
2025-09-05,57.303043365478516,57.67236524511318,57.13782266333487,57.526579219404255,12146000.0
2025-09-08,57.857025146484375,57.88618457653265,57.5654567984505,57.711242826213784,8503300.0
2025-09-09,57.70152282714844,57.808432088448626,57.575178888787086,57.682084442594515,11960500.0
2025-09-10,57.74040222167969,57.97365913944005,57.67236972639394,57.87646721225118,10548400.0
2025-09-11,58.38185119628906,58.40128958075632,57.91534109155299,57.91534109155299,11815900.0
2025-09-12,58.13888168334961,58.245790952874046,58.02225507454706,58.10972595802223,9183400.0
2025-09-15,58.60538864135742,58.615109687600324,58.35269705143466,58.498479377642575,22308900.0
2025-09-16,58.537353515625,58.66370115865186,58.34297338192815,58.66370115865186,15148200.0
2025-09-17,58.333255767822266,58.81920424602056,58.061125806428876,58.44016502622472,12221000.0
2025-09-18,58.51791763305664,58.576232787906385,58.17775516516523,58.381852645900075,16783200.0
2025-09-19,58.251319885253906,58.38803654948758,58.173193948406265,58.34897358106375,15449000.0
2025-09-22,58.56381607055664,58.59311143419384,58.22202068537403,58.36850495405939,10972500.0
2025-09-23,58.47592544555664,58.89584303638004,58.38803563061106,58.89584303638004,13985500.0
2025-09-24,58.065773010253906,58.319678581343666,58.00718228250222,58.192725795798786,10955300.0
2025-09-25,57.67515563964844,57.74351397354344,57.44078154825857,57.694687124368414,14587900.0
2025-09-26,58.016944885253906,58.026708764581066,57.79233840823268,57.80210228755985,10880300.0
2025-09-29,58.30990982055664,58.33920890910136,58.17319315818013,58.21225612607332,12227500.0
2025-09-30,58.514984130859375,58.573578582014974,58.22201932558063,58.24155080929916,14228100.0
2025-10-01,58.954437255859375,59.05209468116819,58.78842522070917,58.798189100615126,13793900.0
2025-10-02,59.08138656616211,59.24739859153398,58.76889027408007,59.208339348960955,14710400.0
2025-10-03,59.628257751464844,59.716147567637194,59.393883666588685,59.45247811912015,10005900.0
2025-10-06,59.74544143676758,59.88215809733805,59.63802013910518,59.75520531598707,9944100.0
2025-10-07,59.22787094116211,59.60872556500533,59.19857185261671,59.58919408105829,9942700.0
2025-10-08,59.413414001464844,59.46224084833837,59.25716585631978,59.34505567079198,10158000.0
2025-10-09,58.905609130859375,59.47201100964157,58.75912485869162,59.45247952500255,12014800.0
2025-10-10,57.79233932495117,58.82748563678367,57.71421338809602,58.74935969992852,14102800.0
2025-10-13,58.397804260253906,58.466162596855504,58.08530794286091,58.143902399340824,10517200.0
2025-10-14,58.57358169555664,58.77865669762778,57.90952611482644,57.96812056909668,14567200.0
2025-10-15,58.983734130859375,59.130214675446524,58.612643379122424,58.8958443140072,10995400.0
2025-10-16,59.23763656616211,59.55013286802434,59.04232544618578,59.335290263525394,13762200.0
2025-10-17,59.28646469116211,59.3352915408949,58.91537765299306,59.05209432234479,10372100.0
2025-10-20,59.80403518676758,59.85286203279185,59.54036574793705,59.54036574793705,7678300.0
2025-10-21,59.266929626464844,59.50130370637569,59.2376342634446,59.47200834335544,8757200.0
2025-10-22,59.28646469116211,59.47201193549648,59.02279523230525,59.32552766104828,10557400.0
2025-10-23,59.589195251464844,59.69661655265865,59.38412025386743,59.38412025386743,6856700.0
2025-10-24,59.784507751464844,59.872397570359595,59.68685032755412,59.784507751464844,8572200.0
2025-10-27,60.22395324707031,60.243484731893446,60.07747269877155,60.204425487497005,16256400.0
2025-10-28,60.21418762207031,60.3509042866199,60.01887650474959,60.11653392603481,13252500.0
2025-10-29,59.87239456176758,60.29231215035828,59.58919363453206,60.243481578231744,16800300.0
2025-10-30,59.59895706176758,59.843095019550006,59.4817718851019,59.530598731608464,13562000.0
2025-10-31,59.550132751464844,59.638022569019675,59.31576238815179,59.638022569019675,10372700.0
2025-11-03,59.696617126464844,59.73567637025189,59.44271155297535,59.73567637025189,9490600.0
2025-11-04,58.905609130859375,59.23763691922313,58.87631376652573,58.95443597983203,13680200.0
2025-11-05,59.27669906616211,59.36458888319352,58.89584443410925,58.90560831366842,9545100.0
2025-11-06,59.00326156616211,59.3059939837139,58.82748565867203,59.23763565156506,14435400.0
2025-11-07,59.18880844116211,59.18880844116211,58.54428436681323,58.759123241429734,14800600.0
2025-11-10,59.91145706176758,59.96028763654924,59.49153945034412,59.667319088858584,10063100.0
2025-11-11,60.28254318237305,60.37043299486345,60.06770059067439,60.10676355739225,7046900.0
2025-11-12,60.67316818237305,60.74152651464039,60.42903021706119,60.42903021706119,11640200.0
2025-11-13,59.960289001464844,60.653639966249635,59.88216306023561,60.575514025020404,13987900.0
2025-11-14,59.88216018676758,60.03840833647849,59.46224258593516,59.520837039045404,11976300.0
2025-11-17,59.11068344116211,59.69661679773844,58.90560844272277,59.47201031488826,11612500.0
2025-11-18,58.505218505859375,58.69076200777448,58.10483241470083,58.38803333229455,21744000.0
2025-11-19,58.30990982055664,58.66146908109603,58.05600797975022,58.38803575634302,14901100.0
2025-11-20,57.51890563964844,58.84701303069993,57.499374155555806,58.690764883208594,19243500.0
2025-11-21,58.368507385253906,58.51498793479085,57.733747161510905,57.98765274110805,16449300.0
2025-11-24,58.65170669555664,58.65170669555664,58.16343076020477,58.261084457175244,24632500.0
2025-11-25,59.20833969116211,59.21810357054939,58.54428413533738,58.74935912971716,16452800.0
2025-11-26,59.84309387207031,59.950515167474734,59.41341241570214,59.41341241570214,10988000.0
2025-11-28,60.12629699707031,60.13606460169236,59.823564583031306,59.90169051900899,5615400.0
2025-12-01,59.82356262207031,60.106763542831835,59.79426725966379,59.90168855548709,10104700.0
2025-12-02,60.01887893676758,60.06770578676384,59.80404005173407,60.048178026965225,16957100.0
2025-12-03,60.34114074707031,60.37043611099606,60.057939811622234,60.057939811622234,10039700.0
2025-12-04,60.49739074707031,60.67317038650053,60.38996944239075,60.62434353671432,11295900.0
2025-12-05,60.58527755737305,60.8587108827936,60.49738774202363,60.75128958344991,15165000.0
2025-12-08,60.45832443237305,60.71222627236447,60.37043461752031,60.71222627236447,13577000.0
2025-12-09,60.38996887207031,60.653638328725556,60.370437387290316,60.49739017573539,13739000.0
2025-12-10,61.07355880737305,61.171212510610616,60.429034680355116,60.46809392650015,16608700.0
2025-12-11,61.327457427978516,61.444642610716905,61.09308706250173,61.171209275910726,17012900.0
2025-12-12,61.014957427978516,61.43487500970933,60.721992626253424,61.38604816363008,20951400.0
2025-12-15,61.36651611328125,61.60089018764606,61.229799455422416,61.54229573774247,19714700.0
2025-12-16,60.99542999267578,61.28839481384453,60.858713324480355,61.200504994968924,26297300.0
2025-12-17,60.56574630737305,61.10284908091693,60.56574630737305,60.98566390174819,16268800.0
2025-12-18,61.044254302978516,61.376282079892995,60.92706912443507,61.13214411819852,15461500.0
2025-12-19,61.41169357299805,61.65003298921151,61.24286903062258,61.24286903062258,18315900.0
2025-12-22,61.69968795776367,61.73940803820799,61.5110014754775,61.53086340983798,20034300.0
2025-12-23,62.10684585571289,62.14656972297186,61.97774518125949,62.05719291577743,27124800.0
2025-12-24,62.24587631225586,62.28560017996756,62.116775636331106,62.176361437898656,9490500.0
2025-12-26,62.374977111816406,62.374977111816406,62.20615256784532,62.33525324402597,12049000.0
2025-12-29,62.28559875488281,62.384904633613424,62.14656900934938,62.27566589404388,15346900.0
2025-12-30,62.3551139831543,62.583520536158076,62.34518112225874,62.47428179596573,13309600.0
2025-12-31,62.037330627441406,62.31539012011136,61.99760676040957,62.31539012011136,14361400.0
2026-01-02,62.762271881103516,62.77220095336374,62.41469373957432,62.71261894324972,19524300.0
2026-01-05,63.507080078125,63.536871084478776,62.48421133008629,63.000610240451856,23987200.0
2026-01-06,63.695762634277344,63.74541936246666,63.5269418809184,63.62624776074407,22562900.0
2026-01-07,63.437564849853516,63.65603854235416,63.38791191011593,63.65603854235416,19224200.0
2026-01-08,63.49714660644531,63.51700853991563,63.2389490478841,63.29853484829505,14891800.0
2026-01-09,64.08306121826172,64.14264323117109,63.7752107161593,63.824859868066106,15461400.0
2026-01-12,64.4703598022461,64.50015080886111,64.24195703382895,64.27174804044397,16176200.0
2026-01-13,64.11284637451172,64.39090584478693,63.973816639374114,64.37104770114684,21135800.0
2026-01-14,64.42070770263672,64.44056584728715,64.19229736811697,64.31146896567762,41203100.0
2026-01-15,64.51007843017578,64.72855589634443,64.47035456573126,64.65904102770463,22070600.0
2026-01-16,64.68883514404297,64.70870086549718,64.38098465047797,64.69876800477007,18227000.0
2026-01-20,63.824859619140625,64.26181458291317,63.71562845475047,63.90430735374527,22693500.0
2026-01-21,64.55973815917969,64.73849176922218,63.894372869461506,64.15257421209016,31394500.0
2026-01-22,64.90731048583984,65.02648208098698,64.68883301634638,64.8675866207908,19657800.0
2026-01-23,65.32440948486328,65.36413335586006,64.6590516929129,64.78814859123719,22542400.0
2026-01-26,65.62232971191406,65.88052348882246,65.59253870508256,65.74149373924006,18359000.0
2026-01-27,66.6948471069336,66.8040782660722,66.28768316907492,66.2976160295612,22799000.0
2026-01-28,66.25789642333984,66.45650818651684,65.8805234661292,66.3770604506248,22542200.0
2026-01-29,66.60546875,66.9232521072477,65.7812155626987,66.86367009543653,31529800.0
2026-01-30,65.74149322509766,66.41678382202517,65.47336658915798,66.30754508012858,28904500.0
2026-02-02,65.99969482421875,66.04935155310466,65.55281457045791,65.58260557716822,20450700.0
2026-02-03,66.25789642333984,66.40685903399914,65.68191170295222,66.12879195837701,24292500.0
2026-02-04,66.33734893798828,67.00270672677013,66.05928184233497,66.88353511434728,27908400.0
2026-02-05,65.44357299804688,66.0195576913814,65.34426712112261,65.60246088581513,23248900.0
2026-02-06,66.90339660644531,66.92325475231628,66.21817313732262,66.2777551514887,13752000.0
2026-02-09,67.89646911621094,67.97590927453047,67.22117852290042,67.26090239033668,21223400.0
2026-02-10,68.06529235839844,68.29369513381455,68.03550135087053,68.27383698764704,16400400.0
2026-02-11,68.57176208496094,68.70085897618617,67.9858444906701,68.58168736974908,18412400.0
2026-02-12,68.02556610107422,68.91933417829675,67.82695434015945,68.82002829783936,19882000.0
2026-02-13,68.28376770019531,68.39300644206219,67.54888751371756,67.93619332905207,23531700.0
2026-02-17,68.10501098632812,68.27383173369698,67.36020554923324,67.78722763622976,19239900.0
2026-02-18,68.33341979980469,68.67106890101722,68.16459903747511,68.27383778405387,11508400.0
2026-02-19,68.31355285644531,68.32348571664248,67.82694877851733,67.96597851506817,13326800.0
2026-02-20,69.03849792480469,69.07822179213747,68.2936924595592,68.31355818150209,15188800.0
2026-02-23,68.70085906982422,69.17753791966906,68.51217258684662,68.9590604291799,13441400.0
2026-02-24,68.97891235351562,69.1576659590149,68.5816812772336,68.67106186825954,19624000.0
2026-02-25,69.77337646484375,69.84289133690316,69.42580210454666,69.515175121529,12223300.0
2026-02-26,69.82302856445312,69.95213302983973,69.2371185575707,69.88261815484431,19692700.0
2026-02-27,69.7535171508789,70.0613752496098,69.59462924724183,69.82303202932391,30903000.0
2026-03-02,68.53203582763672,68.82002818407419,68.01563312762713,68.09508086248292,18858300.0
2026-03-03,66.1486587524414,66.46644212460555,64.47036129315566,65.30454738043228,28277900.0
2026-03-04,66.91331481933594,67.06227741556114,66.12878555066543,66.33733773131213,33681900.0
2026-03-05,65.33433532714844,66.21817052634395,64.65904474586449,65.870596163158,22636200.0
2026-03-06,64.82786560058594,65.14564895837105,63.96389612165139,64.19229888501572,18824900.0
2026-03-09,65.4535140991211,65.6719840252381,63.258817575335655,63.83479855290821,37065500.0
2026-03-10,65.5130844116211,66.69484474133618,65.42370382352004,65.8606587507866,24941300.0
2026-03-11,65.40385437011719,65.67198101694203,64.90731736917586,65.24495889307035,15587100.0
2026-03-12,64.12278747558594,64.74842136411081,63.87451897713988,64.74842136411081,22399400.0
2026-03-13,63.37797927856445,64.65904558512308,63.278673398729914,64.42070995820959,14972800.0
2026-03-16,64.73849487304688,64.92717377629407,64.26181603122875,64.37105477463388,16653400.0
2026-03-17,64.95697021484375,65.36412659145606,64.8576567593527,65.23502970649174,16693500.0
2026-03-18,63.83479690551758,64.7782217721074,63.785147750362434,64.65905016193874,14904900.0
2026-03-19,63.71562576293945,64.09299112153937,62.58351832231069,62.6828241980946,28759300.0
2026-03-20,61.715152740478516,63.46593551987113,61.35703713237652,63.46593551987113,23701300.0
2026-03-23,63.3266716003418,64.07274834219193,62.67012755865906,63.01829341609565,30015800.0
2026-03-24,62.81934356689453,63.207300891632904,62.24237866722591,62.41149050823069,21374700.0
2026-03-25,63.635047912597656,63.993163523839385,63.28687827068014,63.86383935956271,11955800.0
2026-03-26,62.15284729003906,63.32666898189442,62.142901320833516,62.82928703770904,14445600.0
2026-03-27,61.725101470947266,62.39159528133516,61.50625598543522,61.88426354892115,23786200.0
2026-03-30,61.705204010009766,62.35180206821515,61.40677559650081,62.27221913409374,13374700.0
2026-03-31,63.74447250366211,63.774314206336754,62.24237689031949,62.47117213184574,20633100.0
2026-04-01,64.79891967773438,65.24656039584289,64.46070359550949,64.62981163662192,22523000.0
2026-04-02,64.3015365600586,64.61986069790261,63.117768909621375,63.17745231376522,16486000.0
2026-04-06,64.7790298461914,64.90834642487548,64.43085639917511,64.49054739579171,14882000.0
2026-04-07,64.74917602539062,64.82875895568337,63.67483682422236,64.34132678917072,14707200.0
2026-04-08,67.46488952636719,67.73347244849828,66.94761562137727,67.73347244849828,12954500.0
2026-04-09,67.19630432128906,67.52457063953076,66.49996503927406,66.73870624966246,12114500.0
2026-04-10,67.38530731201172,67.68373953041682,67.0868826830532,67.6141063580485,10904000.0
2026-04-13,67.85284423828125,67.88268594076315,66.68897230480995,66.7287637712679,17884500.0
2026-04-14,68.52928161621094,68.6088645463711,68.12143238067057,68.22090724864778,8838100.0
2026-04-15,68.34027862548828,68.3999696218239,68.09158764418818,68.33033645063773,8517400.0
2026-04-16,68.27064514160156,68.62876076018914,68.07169539325132,68.56907735357335,7285500.0
2026-04-17,69.26541137695312,69.80258482278572,69.1162028554274,69.36489384389917,15122100.0
2026-04-20,68.96697998046875,68.96697998046875,68.43975635092792,68.80781412052274,9018800.0
2026-04-21,67.46488952636719,68.68845250138912,67.3853065903852,68.59891980104776,11404800.0
2026-04-22,67.99211120605469,68.12143537060261,67.75336999454154,68.07169413970783,9559400.0
2026-04-23,67.3355712890625,68.00206128524194,66.60939029764347,67.74342054439383,18912900.0
2026-04-24,67.78321075439453,67.88268562535406,67.33557004035355,67.57431124854565,9533300.0
2026-04-27,67.71357727050781,68.08164263973518,67.6240521638949,67.95231847758836,8949300.0
2026-04-28,67.3753662109375,67.55442402694537,67.08688375239998,67.39525815073983,11367700.0
2026-04-29,66.72876739501953,67.18635789996624,66.44028493961792,67.12667449176129,10743700.0
2026-04-30,68.43975830078125,68.57902463747877,67.54446928669286,67.68373562339038,13300000.0
2026-05-01,68.36017608642578,68.86750779797798,68.34027655843366,68.45965095804776,12750000.0
2026-05-04,67.5544204711914,68.3601768060922,67.35546313640668,68.12143559379683,15206300.0
2026-05-05,68.61882019042969,68.77797847494342,68.17117186200117,68.29054626747143,14930100.0
2026-05-06,70.4989242553711,70.56855742867515,70.10101715529933,70.22038397270819,9893100.0
2026-05-07,69.3051986694336,70.74761086931642,69.25546502840425,70.63818623382717,14924700.0
2026-05-08,70.4591293334961,70.46907150816182,70.02143078592236,70.05127248881216,9468500.0
2026-05-11,70.44918060302734,70.62823841243956,70.34970572878643,70.43923083876933,9789400.0
2026-05-12,69.60363006591797,69.74289640229844,68.9968234904976,69.63347176807862,9068200.0
2026-05-13,70.26016998291016,70.28006951056335,69.63347147186397,69.80257950968573,9963600.0
2026-05-14,70.19053649902344,70.41933552932866,70.09106162954353,70.31986065984876,10071200.0
2026-05-15,68.71829223632812,68.98687515076465,68.52928466614736,68.89735004243457,9970600.0
2026-05-18,69.1559829711914,69.42457347421353,68.5491839746351,69.3648900688514,12279300.0
2026-05-19,68.6287612915039,69.09630155213767,68.30049496312925,68.55912812009758,11695500.0
2026-05-20,69.8324203491211,69.96174450893116,68.65859868380278,68.69839014917157,9111400.0
2026-05-21,70.31986236572266,70.5586035761552,69.26540747320695,69.4544150424161,13456600.0
2026-05-22,70.091064453125,70.46907200815488,70.01148151855669,70.29996396428201,8708200.0
2026-05-25,,,,,
2026-05-26,71.4041519165039,71.50362678915633,71.10572729854665,71.23504387405018,8763600.0
2026-05-27,71.03609466552734,71.40415245606714,70.82718756509848,71.33451928573963,8579600.0
2026-05-28,71.28478240966797,71.46383262000427,70.5088602176473,70.67797584315271,8369800.0
2026-05-29,71.39420318603516,71.85180126786462,71.3245700152257,71.64289416598984,11897300.0
2026-06-01,71.49368286132812,71.84184870179698,70.86697675903808,71.17535872297859,10528400.0
2026-06-02,71.94132232666016,71.94132232666016,71.42404845683879,71.50362379796408,7565100.0
2026-06-03,71.29473114013672,71.72247994620503,71.19525626209806,71.65284677263328,8234700.0
2026-06-04,71.46383666992188,71.59316083731058,71.01619593982093,71.13557034292286,7337000.0
2026-06-05,68.80781555175781,70.53871016216755,68.64865727794715,70.48896893253828,14225600.0
2026-06-08,69.49420928955078,69.92195808630686,69.34499318101791,69.79264150661653,13037900.0
2026-06-09,69.47430419921875,70.59839221599498,68.24079914035369,70.3795429529254,11879900.0
2026-06-10,68.44969940185547,69.59367936917135,68.41985770009484,69.03661403111674,11334000.0
2026-06-11,70.93661499023438,71.02614769242884,69.05651172806407,69.2952605409515,16157700.0
2026-06-12,71.17536163330078,71.4240526137254,70.45913039536649,70.76750478247014,15850800.0
2026-06-15,72.01095581054688,72.41881263943561,71.91148094161787,72.3193301810606,10650500.0
2026-06-16,71.94132232666016,72.46854596016442,71.87168915977178,72.33922939007057,7907100.0
2026-06-17,71.62300109863281,72.84656404009083,71.4737849951214,72.4983906020821,20840100.0
2026-06-18,72.30999755859375,72.51000213623047,72.1500015258789,72.36000061035156,8922200.0
2026-06-22,72.38999938964844,72.55999755859375,72.23999786376953,72.36000061035156,9433800.0
2026-06-23,70.16999816894531,70.79000091552734,70.05999755859375,70.16000366210938,13265900.0
2026-06-24,70.27999877929688,70.5199966430664,69.91999816894531,70.31999969482422,9889800.0
2026-06-25,71.16000366210938,71.54000091552734,70.73999786376953,71.48999786376953,8494400.0
2026-06-26,70.55999755859375,71.05000305175781,70.33999633789062,70.41000366210938,14441800.0
2026-06-29,70.91999816894531,70.93000030517578,69.95999908447266,70.68000030517578,11260000.0
2026-06-30,71.25,71.31999969482422,70.80999755859375,70.88999938964844,24041500.0
2026-07-01,70.36000061035156,70.77999877929688,70.30999755859375,70.48999786376953,9515600.0
2026-07-02,70.80999755859375,71.56999969482422,70.16999816894531,71.0999984741211,17603000.0
2026-07-06,71.88999938964844,71.91999816894531,71.5199966430664,71.61000061035156,10960200.0
2026-07-07,70.77999877929688,71.37999725341797,70.52999877929688,71.2300033569336,8613000.0
2026-07-08,70.33999633789062,70.37999725341797,69.33999633789062,69.7699966430664,27524100.0
2026-07-09,70.7300033569336,70.93000030517578,70.4800033569336,70.5999984741211,12647700.0
2026-07-10,70.98999786376953,71.13999938964844,70.43000030517578,70.77999877929688,12687400.0
2026-07-13,69.76000213623047,70.31999969482422,69.63999938964844,70.18000030517578,9119200.0
2026-07-14,70.5999984741211,71.04000091552734,70.55999755859375,70.6500015258789,13284600.0
2026-07-15,70.81999969482422,70.94000244140625,70.1500015258789,70.81999969482422,9670200.0
2026-07-16,70.02999877929688,70.41999816894531,69.83999633789062,70.02999877929688,8242900.0
2026-07-17,69.69999694824219,69.97000122070312,68.9800033569336,69.12999725341797,11115300.0
2026-07-20,69.2300033569336,69.9000015258789,69.19000244140625,69.7699966430664,11088100.0
2026-07-21,70.47000122070312,70.55000305175781,69.7300033569336,69.9800033569336,7458400.0
2026-07-22,70.48999786376953,70.75,70.45999908447266,70.4800033569336,6017500.0
2026-07-23,69.77999877929688,70.08999633789062,69.41000366210938,69.70999908447266,9653300.0
2026-07-24,69.70999908447266,70.2300033569336,69.62000274658203,69.95999908447266,8584500.0
2026-07-27,70.0,70.52999877929688,69.55999755859375,70.44999694824219,6613400.0
2026-07-28,69.5999984741211,69.88999938964844,69.08000183105469,69.19000244140625,9062600.0
2026-07-29,68.94999694824219,70.19000244140625,68.66000366210938,69.41999816894531,13347400.0
2026-07-30,71.08999633789062,71.12999725341797,70.0199966430664,70.1500015258789,14299300.0
2026-07-31,70.62000274658203,71.08000183105469,70.05999755859375,71.04000091552734,10262300.0
