Date,Close,High,Low,Open,Volume
2016-04-25,35.95987319946289,35.979535847479774,35.80913956476718,35.86156995945377,142600
2016-04-26,36.1106071472168,36.22202048688228,36.05817925209451,36.17614514114321,274100
2016-04-27,36.136817932128906,36.189248320867776,35.91399378002579,36.03195965466971,201100
2016-04-28,35.79603576660156,36.09095051797801,35.71739266624087,35.88123391700344,690100
2016-04-29,35.80259323120117,35.92055913970747,35.62564436844171,35.90089648827692,226900
2016-05-02,36.104061126708984,36.14993648074392,35.9140046599818,35.986095216327925,260600
2016-05-03,35.57976531982422,35.95987570774021,35.56665772023829,35.8681250106577,435200
2016-05-04,35.32417297363281,35.461799017681344,35.21275962843712,35.461799017681344,200100
2016-05-05,35.31106948852539,35.514231053406185,35.19965613034818,35.4552480990816,130400
2016-05-06,35.284854888916016,35.31107009128983,35.101353472337934,35.17999657944007,336300
2016-05-09,35.25209045410156,35.494574848835185,35.23242780046078,35.389716529489334,174200
2016-05-10,35.73050308227539,35.73050308227539,35.474911110945264,35.56666181860026,137100
2016-05-11,35.278297424316406,35.48801401405627,35.27174237462638,35.46835136500513,224300
2016-05-12,35.10790252685547,35.36349447449987,35.01615182770302,35.36349447449987,132100
2016-05-13,34.819549560546875,34.99649844312679,34.73435139485591,34.97683578949378,164000
2016-05-16,35.12102127075195,35.16034408287414,34.95717997027261,34.95717997027261,172900
2016-05-17,35.01614761352539,35.22586418635428,34.93750452371924,35.16032869485228,178700
2016-05-18,34.89818572998047,35.232420774991624,34.81298758124467,35.03581177792512,147300
2016-05-19,34.557395935058594,34.64914663448487,34.43943003579079,34.478752835553074,185600
2016-05-20,34.89818572998047,34.937508529401384,34.7998799814377,34.7998799814377,655000
2016-05-23,34.793331146240234,34.89818945587213,34.767115943827434,34.832653949859434,132100
2016-05-24,35.16032791137695,35.19964820539448,34.90473350016956,35.01614683326284,152500
2016-05-25,35.26519012451172,35.31106547265581,35.14722422927863,35.21275972662191,127400
2016-05-26,35.30452346801758,35.350398833112735,35.20622018567935,35.350398833112735,370600
2016-05-27,35.2127685546875,35.291411671219564,35.12757038676633,35.26519896572194,209700
2016-05-31,35.193092346191406,35.343825959124445,35.094786620356686,35.245520233289724,224800
2016-06-01,35.25209045410156,35.27175060772281,35.10790932749369,35.17344483957752,244100
2016-06-02,35.27174758911133,35.27174758911133,35.0423708164288,35.17344182937921,1036200
2016-06-03,35.80259323120117,35.80259323120117,35.48146325804084,35.52078606088269,239200
2016-06-06,36.05817794799805,36.1106058412242,35.92055191575829,35.92055191575829,130800
2016-06-07,36.208919525146484,36.307225284046005,36.123721367434854,36.136828968622744,148500
2016-06-08,36.37931823730469,36.48417656090271,36.33344287698178,36.48417656090271,161100
2016-06-09,36.208919525146484,36.26134992989804,36.09750866507837,36.21547207573078,185800
2016-06-10,35.468360900878906,35.82881123015226,35.36350257781721,35.756723164313286,162900
2016-06-13,35.153778076171875,35.38970987534388,35.09479512637888,35.14067047621576,233000
2016-06-14,34.87009048461914,34.995735646060666,34.6717024582123,34.995735646060666,265300
2016-06-15,35.02880096435547,35.194124733267635,34.975896147436124,35.04863900937996,115200
2016-06-16,34.916378021240234,34.94283042858739,34.36089008015194,34.61879474518572,180600
2016-06-17,34.97588348388672,35.02878828165108,34.72459073978523,34.903140648280534,222400
2016-06-20,35.67687225341797,35.90171269528045,35.63058179679693,35.842196033533305,339500
2016-06-21,35.90169906616211,36.080248983621864,35.81573002679858,35.91492526626725,213300
2016-06-22,35.835575103759766,36.08686790983193,35.822348901057,36.00751321625554,963400
2016-06-23,36.45057678222656,36.47702918554737,36.15960791361774,36.33154348992294,256600
2016-06-24,34.26169967651367,34.8568637466299,34.228632903751176,34.29476392663559,471400
2016-06-27,33.83184814453125,34.102978961933495,33.55410548786356,34.03685047871926,1024600
2016-06-28,34.75104522705078,34.80395002799448,34.506366829285554,34.80395002799448,771800
2016-06-29,35.385894775390625,35.42557338402927,35.2337972262362,35.273475834874844,351800
2016-06-30,35.749603271484375,35.749603271484375,35.40572962010067,35.478472462864126,241800
2016-07-01,35.815738677978516,35.94138382536691,35.74961018411943,35.84219108457829,268900
2016-07-05,35.319759368896484,35.53137352825993,35.2866951294909,35.53137352825993,159500
2016-07-06,35.326377868652344,35.326377868652344,34.8766995871962,35.11476366938819,166800
2016-07-07,35.18088912963867,35.38588893382933,35.05524148434521,35.167662928942526,253400
2016-07-08,35.64380645751953,35.64380645751953,35.385899252696234,35.478482684567474,141400
2016-07-11,35.947994232177734,36.106703609029346,35.888477585198366,35.888477585198366,795500
2016-07-12,36.265419006347656,36.41090471802722,36.23235475986783,36.338161862187434,252700
2016-07-13,36.19928741455078,36.34477059113597,36.15299444627358,36.305094507812775,172000
2016-07-14,36.477027893066406,36.556382577577054,36.37122080617223,36.50348029544993,135500
2016-07-15,36.16621780395508,36.31170349173858,36.126541723752226,36.31170349173858,193300
2016-07-18,36.36460876464844,36.37122060388758,36.238961115345454,36.32493016129382,112200
2016-07-19,36.19267272949219,36.21912513323182,36.11331804091335,36.205898931362,160600
2016-07-20,36.60929870605469,36.64897479926235,36.50349158643306,36.60929870605469,134700
2016-07-21,36.54316329956055,36.642358565971556,36.44397055578996,36.556389503258046,109700
2016-07-22,36.63574981689453,36.675425908694606,36.52994270102661,36.675425908694606,198200
2016-07-25,36.62913513183594,36.721716042078114,36.5497804262913,36.7018779963521,293800
2016-07-26,36.88703536987305,36.966392588491274,36.77461642745767,36.94655202251657,150100
2016-07-27,36.8209114074707,36.900266113212496,36.61590901811041,36.900266113212496,182100
2016-07-28,37.0986442565918,37.118484819722596,36.92670868617782,36.992837169573974,297100
2016-07-29,37.191226959228516,37.28380784328212,37.04574127135006,37.1317103162455,268500
2016-08-01,37.15155029296875,37.27058358513966,37.11848605017462,37.26396922299682,578500
2016-08-02,37.0589714050293,37.15816413876746,36.87380709463244,37.15816413876746,627400
2016-08-03,36.81428527832031,36.81428527832031,36.6225116776199,36.77460919944979,191500
2016-08-04,37.118492126464844,37.16478257848238,36.93332779575427,37.04574926682574,105600
2016-08-05,37.31026077270508,37.33010133708133,37.15816323323434,37.26397032689399,177900
2016-08-08,37.409461975097656,37.475590473159905,37.3168810687543,37.44914058751931,199700
2016-08-09,37.58139419555664,37.66736072498882,37.44252033524292,37.54171558937556,196200
2016-08-10,37.69381332397461,37.826072822621846,37.6872014842303,37.75332997223386,215600
2016-08-11,37.83268737792969,37.85252794386697,37.6938160295702,37.75333268210145,118000
2016-08-12,37.71364974975586,37.8723616458595,37.69381170873291,37.8723616458595,120200
2016-08-15,38.01123809814453,38.07736911486176,37.85914054365542,37.885592950342314,212900
2016-08-16,37.773170471191406,37.89881813826751,37.74010622503885,37.89881813826751,292000
2016-08-17,37.667354583740234,37.71364502208429,37.40944999221199,37.587999906956085,168800
2016-08-18,37.8922004699707,37.8922004699707,37.72687673098947,37.779781538330695,141100
2016-08-19,37.68720245361328,37.700426133442036,37.48220009930504,37.65413568612085,1226600
2016-08-22,37.61445999145508,37.61445999145508,37.429295677609794,37.52849093583549,105400
2016-08-23,37.77978515625,38.01123740393235,37.75994459027701,37.971558794626674,234500
2016-08-24,37.58800506591797,37.72687640001026,37.554940822939805,37.72687640001026,353700
2016-08-25,37.59461975097656,37.62768651909757,37.54832930277543,37.62768651909757,166400
2016-08-26,37.244136810302734,37.85252956474522,37.11187729649868,37.64752719221692,195900
2016-08-29,37.34333419799805,37.36317224327162,37.164784222614216,37.290429380414444,153000
2016-08-30,37.13832473754883,37.343327082663656,37.065581888551954,37.33010088078785,351700
2016-08-31,36.986228942871094,37.07880983772441,36.88703368544815,37.058971795295896,138700
2016-09-01,37.23091125488281,37.23091125488281,37.03913508265995,37.151556554274904,271900
2016-09-02,37.44914245605469,37.52188532113699,37.349947181371434,37.49543291153604,200400
2016-09-06,37.95832824707031,37.98477812584871,37.687197439132945,37.693809278167585,216800
2016-09-07,37.91865539550781,38.02446249458714,37.83930070185838,38.02446249458714,127500
2016-09-08,37.83930587768555,38.03769390026565,37.81946530957914,38.03107953668332,288900
2016-09-09,36.96639633178711,37.52849614606401,36.96639633178711,37.4623676464928,325700
2016-09-12,37.191226959228516,37.23090303945727,36.576222489284,36.721705654522566,193900
2016-09-13,36.44489288330078,36.84436090392543,36.318392729623575,36.76446780775164,579000
2016-09-14,36.44489288330078,36.65794283293469,36.42491770444053,36.49149740104846,210500
2016-09-15,36.71785354614258,36.77777398731069,36.411592102530534,36.49814441527448,154300
2016-09-16,36.38496780395508,36.5514132146964,36.29175624054539,36.458201651286714,192800
2016-09-19,36.59801483154297,36.83103737224607,36.56472372022377,36.744485054375545,150700
2016-09-20,36.7444953918457,36.92425677657044,36.71120681091651,36.89096819564125,386300
2016-09-21,37.263797760009766,37.29708633276916,36.811066059167096,37.02411597253361,219500
2016-09-22,37.610008239746094,37.69655802956594,37.51679667110421,37.636637576745365,862800
2016-09-23,37.310401916503906,37.45687214320928,37.297085979575186,37.43024280910712,222200
2016-09-26,37.15727615356445,37.283773757357785,37.137300976303536,37.283773757357785,256200
2016-09-27,37.463531494140625,37.51013600365357,37.2305064068206,37.25048158215136,335000
2016-09-28,37.610008239746094,37.623321638367955,37.26380146120004,37.48350809503845,211200
2016-09-29,37.010799407958984,37.36366284478534,36.890958516252816,37.36366284478534,143000
2016-09-30,37.39695739746094,37.476853031212045,37.223855270511535,37.27045978698851,208500
2016-10-03,37.20387649536133,37.38363783201711,37.057403730733235,37.10400823952304,478600
2016-10-04,36.724517822265625,37.077381304316205,36.65128143019726,37.07072460492616,164700
2016-10-05,36.55807113647461,36.71120061470805,36.49149398585329,36.637964225171295,238200
2016-10-06,36.198543548583984,36.21185948486452,36.06538672553376,36.158598279497525,250400
2016-10-07,35.92557907104492,36.07870855364518,35.685897258364335,36.07870855364518,328100
2016-10-10,36.01212692260742,36.111995178723106,35.91225866649174,35.91225866649174,168700
2016-10-11,35.25979232788086,35.57936718568506,35.18655594676329,35.57936718568506,177100
2016-10-12,35.27311325073242,35.319717765348976,35.17324752216361,35.21985203678017,349800
2016-10-13,35.41958236694336,35.49947544947877,35.13329606978988,35.19987321527684,463600
2016-10-14,35.35966110229492,35.58602694737257,35.35966110229492,35.532763200410656,157800
2016-10-17,35.21318817138672,35.319713125051564,35.19321553624807,35.27976785477426,483200
2016-10-18,35.705875396728516,35.759136615209854,35.632638999030355,35.72584803618955,196300
2016-10-19,35.878971099853516,35.91225967290655,35.779105380694425,35.83902582809201,135400
2016-10-20,35.95886993408203,36.01879039106277,35.845688259649364,35.87897683802628,358300
2016-10-21,35.878971099853516,35.88563033831732,35.67258042307153,35.74581426788607,143600
2016-10-24,36.01212692260742,36.092020003646816,35.93223384156803,36.092020003646816,169900
2016-10-25,36.02544403076172,36.0720485411963,35.93223500989256,36.01212809352965,164600
2016-10-26,35.785762786865234,35.88563104775399,35.732499037123134,35.88563104775399,175800
2016-10-27,35.519447326660156,35.75912910890333,35.519447326660156,35.75912910890333,384700
2016-10-28,35.35966110229492,35.472842754956126,35.26645208486682,35.39960637276111,176400
2016-10-31,35.58603286743164,35.632637383898775,35.479507895541666,35.479507895541666,274000
2016-11-01,35.49282455444336,35.73250384124078,35.31306318452851,35.60600622822916,554900
2016-11-02,35.44622039794922,35.65261110866147,35.33303618325524,35.512797555000446,368000
2016-11-03,35.50613021850586,35.69920493201667,35.43955054164439,35.67257560102706,380500
2016-11-04,35.179901123046875,35.339689830341456,35.173244424297465,35.299742018578975,363200
2016-11-07,35.37964630126953,35.39296224273866,35.26646460841614,35.29309395159826,783000
2016-11-08,35.526100158691406,35.599336527809974,35.27310248530584,35.3063910513357,206400
2016-11-09,35.146610260009766,35.41958060654784,35.04008530867186,35.066714641689956,617500
2016-11-10,34.36098861694336,34.70053611381643,34.20785915445117,34.70053611381643,318200
2016-11-11,34.08135986328125,34.207859995224794,33.92157369838613,34.18788481979643,330300
2016-11-14,33.60865783691406,33.80173512753875,33.44221242218702,33.80173512753875,616200
2016-11-15,33.8416862487793,33.86831558752399,33.588688482536845,33.588688482536845,653400
2016-11-16,33.41558074951172,33.50879231572034,33.35566029825535,33.448871864463975,6809300
2016-11-17,33.76179122924805,33.87497544506193,33.65526625305862,33.65526625305862,587400
2016-11-18,33.51544952392578,33.6885516414315,33.4755017092296,33.61531779078847,896900
2016-11-21,33.635292053222656,33.68189656940862,33.50879444354011,33.50879444354011,372700
2016-11-22,33.8150520324707,33.82836797080031,33.655263312270975,33.7085270655894,311300
2016-11-23,33.7418098449707,33.7418098449707,33.601996326161974,33.71517797288663,260900
2016-11-25,33.755130767822266,33.85499649325853,33.741814829812995,33.80839198010384,92200
2016-11-28,33.961517333984375,34.03475371426527,33.87496755706621,33.88162425538485,219100
2016-11-29,34.1346321105957,34.21452521293584,33.968186665862795,34.02144788750424,220000
2016-11-30,34.201202392578125,34.354331866157736,34.1412819429378,34.30772735418809,641400
2016-12-01,33.82836151123047,34.074699973900664,33.74180919849308,34.074699973900664,405900
2016-12-02,33.95486831665039,34.04807735272733,33.8683159803979,33.90826379861192,410000
2016-12-05,34.07469940185547,34.08801533741883,33.91491071485013,33.91491071485013,352600
2016-12-06,34.22117614746094,34.26112141905826,34.114651190275865,34.1279645876381,468100
2016-12-07,34.62064743041992,34.66059524561317,34.30107252814056,34.30107252814056,471300
2016-12-08,34.640621185302734,34.66725306295712,34.50080763725068,34.63396448576696,369800
2016-12-09,34.66059494018555,34.66059494018555,34.534094796399394,34.58735854952105,878500
2016-12-12,34.34767532348633,34.407595773399294,34.28775487357336,34.307727510292544,309100
2016-12-13,34.66725158691406,34.707199401694766,34.51412210655468,34.51412210655468,656900
2016-12-14,33.95486831665039,34.5141250728678,33.93489567742126,34.42757273661532,322800
2016-12-15,33.61531448364258,33.675234929913984,33.522102925188506,33.62197118222594,330500
2016-12-16,33.562049865722656,33.695206691734846,33.48881348442819,33.54873392914592,610500
2016-12-19,33.588687896728516,33.6818969300986,33.54208338004347,33.54208338004347,607100
2016-12-20,33.63752746582031,33.70633151120315,33.582486854120006,33.582486854120006,629300
2016-12-21,33.582496643066406,33.72009952472995,33.56185411113149,33.62377645772278,902800
2016-12-22,33.527442932128906,33.589365259404076,33.444880703963975,33.50680303123915,822400
2016-12-23,33.658180236816406,33.67882277062721,33.54121725185206,33.54121725185206,537300
2016-12-27,33.671932220458984,33.768257895564396,33.61689160214789,33.63753150593877,924900
2016-12-28,33.57560348510742,33.699448136096485,33.506802067716094,33.699448136096485,809500
2016-12-29,33.89897918701172,33.96090151847222,33.74761290464024,33.74761290464024,723300
2016-12-30,34.10538864135742,34.24987321739863,34.015944683738745,34.13291026287183,561800
2017-01-03,34.30491638183594,34.30491638183594,34.13978927773409,34.215472424422174,512700
2017-01-04,34.759010314941406,34.76588940754148,34.51132098764109,34.51132098764109,468600
2017-01-05,35.17182540893555,35.1993470295639,34.86221373838204,34.86221373838204,1449700
2017-01-06,35.13743209838867,35.26127679270231,35.1030313776586,35.171832819118734,2760400
2017-01-09,35.068626403808594,35.11678793191101,35.02046487570618,35.047983874188674,334100
2017-01-10,35.14431381225586,35.23375516121985,35.12367128013538,35.16495371976959,353100
2017-01-11,35.18558883666992,35.23375036404913,34.869098049719,34.9998218205188,547400
2017-01-12,34.98605728149414,35.116783662971734,34.93101666661367,35.116783662971734,6141600
2017-01-13,35.01357650756836,35.047977217592646,34.882852759633685,34.882852759633685,284800
2017-01-17,34.97918701171875,34.98606610608664,34.8484632218746,34.98606610608664,253300
2017-01-18,34.97918701171875,35.05487017279944,34.882863942927614,34.93790457169107,416800
2017-01-19,34.738372802734375,34.80029513882007,34.60076731980992,34.75213098888116,262300
2017-01-20,34.80717849731445,34.82781840367023,34.690212903883,34.690212903883,311400
2017-01-23,35.089263916015625,35.116785537227805,34.862214477924525,34.90349690974279,477800
2017-01-24,35.1787109375,35.219990748308405,35.027344632251896,35.027344632251896,444400
2017-01-25,35.23375701904297,35.26127864691695,35.03422915386696,35.103033223551904,499900
2017-01-26,35.10990524291992,35.21998910762501,35.07550452731328,35.199349203182294,235600
2017-01-27,35.04798889160156,35.15807277511029,35.03422807808712,35.15807277511029,362800
2017-01-30,34.97918701171875,34.992947825061314,34.807180781846924,34.951665385033635,356600
2017-01-31,35.24751281738281,35.275034441340566,35.10302822851441,35.171829663802264,570800
2017-02-01,35.330078125,35.392000471965495,35.247515870581594,35.323199030717944,303500
2017-02-02,35.330078125,35.40576128513636,35.247515870581594,35.38512137768344,264900
2017-02-03,35.515846252441406,35.550246974117606,35.37824074112976,35.460805622680844,331700
2017-02-06,35.37823486328125,35.40575648589242,35.29567262005414,35.40575648589242,310400
2017-02-07,35.50208282470703,35.550244356428784,35.40575976126353,35.41952057384212,228100
2017-02-08,35.832340240478516,35.85298014886507,35.74977535771856,35.76353617151189,240400
2017-02-09,36.024986267089844,36.052507894586896,35.908020662530795,35.94930310377637,222300
2017-02-10,36.06625747680664,36.093779097735876,35.84608975858518,35.84608975858518,320400
2017-02-13,35.94929885864258,36.01810029465382,35.9011373285134,35.9836995766482,229500
2017-02-14,35.983699798583984,36.052503859626135,35.80481448908752,35.928659174356824,366500
2017-02-15,36.17634582519531,36.19698572965299,35.85985241740819,35.91489566210382,1757800
2017-02-16,36.15570068359375,36.169461493773326,36.038737733976596,36.11442087766119,356700
2017-02-17,36.073150634765625,36.093790544705286,35.96994583585319,35.98370665068199,345200
2017-02-21,36.15570068359375,36.169461493773326,36.01809520640414,36.06625672972958,1447500
2017-02-22,36.31395721435547,36.32083893386145,36.16947260001354,36.25891658134249,861300
2017-02-23,36.451560974121094,36.513483323650796,36.375877810850696,36.45844269329487,235600
2017-02-24,36.382747650146484,36.396508459393935,36.27266380077291,36.3277044131567,258500
2017-02-27,36.2038688659668,36.286433742230585,36.15570733378292,36.286433742230585,392500
2017-02-28,36.19010543823242,36.27954940208516,36.1557047212449,36.21074796811011,396900
2017-03-01,36.32771301269531,36.41027526311822,36.16946760579864,36.19010751225271,379600
2017-03-02,35.846099853515625,36.01810609585419,35.83922075864915,35.983705372307874,321300
2017-03-03,35.94929885864258,35.9836995766482,35.791053456131486,35.81169336201355,294600
2017-03-06,35.914894104003906,35.93553400756616,35.83233186514864,35.928654914580825,560600
2017-03-07,35.83921432495117,35.91489747793095,35.81169270121189,35.82545351308153,779600
2017-03-08,35.66032791137695,35.87361392721027,35.66032791137695,35.83233411749101,330500
2017-03-09,35.63968276977539,35.69472601150869,35.543359721348345,35.67408348355559,196500
2017-03-10,35.8048095703125,35.8116886631684,35.68096490205666,35.76352713935849,248500
2017-03-13,36.04561996459961,36.06625986936263,35.94929690956364,35.94929690956364,831400
2017-03-14,35.770416259765625,35.832338606708824,35.736012914547494,35.811696074656595,206200
2017-03-15,36.40339279174805,36.4240326962872,35.8667342768791,35.8667342768791,313100
2017-03-16,36.651084899902344,36.68548561825581,36.60292336928618,36.63044499381158,196200
2017-03-17,36.678611755371094,36.76117401611539,36.62356849847026,36.678611755371094,174900
2017-03-20,36.70612716674805,36.78181032527603,36.63732572696263,36.657965633976914,479100
2017-03-21,36.54099655151367,36.871248131555404,36.47907421621796,36.80244670327406,512800
2017-03-22,36.671714782714844,36.70611549166575,36.52723023035752,36.52723023035752,875000
2017-03-23,36.82997131347656,36.878132845535575,36.68548671729952,36.68548671729952,168900
2017-03-24,36.898773193359375,36.96069553442908,36.78180760484705,36.80932922856836,202100
2017-03-27,36.76116180419922,36.816202418208825,36.6854786634057,36.73364018489138,479600
2017-03-28,36.77492904663086,36.85749129439033,36.706124986325854,36.706124986325854,731400
2017-03-29,36.809329986572266,36.823090798716294,36.685485301882565,36.70612520779533,214500
2017-03-30,36.60292053222656,36.678603681502,36.57539890983434,36.630442154618784,474400
2017-03-31,36.64419937133789,36.69924261466549,36.513475605344276,36.54099722700808,263700
2017-04-03,36.72676467895508,36.72676467895508,36.50659695220382,36.60979909777741,392500
2017-04-04,36.81620407104492,36.83684659875557,36.6786012175403,36.713001930916455,197600
2017-04-05,36.85749435424805,36.96757823526853,36.82997272784124,36.85061525994972,387400
2017-04-06,36.9813346862793,37.029496214506864,36.919412346471496,36.960694781212176,256000
2017-04-07,37.070777893066406,37.13270023161109,37.043256270467346,37.043256270467346,237400
2017-04-10,36.96757507324219,37.01573660303122,36.89189191940041,36.95381426121581,380200
2017-04-11,37.222145080566406,37.23590589316446,36.995098234215185,37.112061204388645,355100
2017-04-12,37.44231033325195,37.44231033325195,37.26342503063307,37.31846827735055,552900
2017-04-13,37.401031494140625,37.55927689565338,37.380391588388775,37.54551608361664,261800
2017-04-17,37.77256774902344,37.8207292816586,37.65560215219043,37.66936296503,354100
2017-04-18,37.66935729980469,37.683118110574725,37.53863353439879,37.54551262748066,230200
2017-04-19,37.40791320800781,37.61432015380321,37.35975167480911,37.58680115240875,327200
2017-04-20,37.53862762451172,37.634950660131075,37.52486681590811,37.54550671651058,231200
2017-04-21,37.5111083984375,37.51798749087487,37.373502928235716,37.42166444911544,2718000
2017-04-24,37.63496017456055,37.71752242244872,37.55239792667238,37.62807845621605,405600
2017-04-25,37.813838958740234,37.862000480416675,37.75879834451263,37.779438246772216,314800
2017-04-26,37.71064376831055,37.80008511097931,37.641839707096224,37.69688295606768,1011600
2017-04-27,37.676239013671875,37.69688154356598,37.573036862627234,37.6624808265511,234100
2017-04-28,37.46983337402344,37.57303815321952,37.44919346802685,37.57303815321952,379300
2017-05-01,37.5867919921875,37.64871432329579,37.53174875359965,37.62119270400187,341000
2017-05-02,37.91017150878906,37.91017150878906,37.73816528120906,37.76568690752748,378000
2017-05-03,37.72439956665039,37.84824161116333,37.683117135408594,37.80008008701768,275800
2017-05-04,37.57991409301758,37.62807561937191,37.504230944573244,37.62807561937191,245500
2017-05-05,37.83448791503906,37.841367008759235,37.54551611126769,37.55239782959439,195100
2017-05-08,37.83448791503906,37.937690068480855,37.77256557313138,37.9170501627138,260000
2017-05-09,37.91017150878906,37.95145394826669,37.848249161876,37.90329241451283,240600
2017-05-10,37.97208786010742,38.075292630202625,37.8551249036321,38.075292630202625,347200
2017-05-11,37.97208786010742,37.97208786010742,37.84824318583571,37.882646525605004,354400
2017-05-12,38.02024841308594,38.03400922372017,37.84136312405353,37.84136312405353,420900
2017-05-15,38.1922607421875,38.219782367875496,38.11658020845554,38.13033839669285,318900
2017-05-16,38.21977615356445,38.21977615356445,38.13033219692487,38.199136249957725,292700
2017-05-17,38.10968780517578,38.219771652457624,38.08216618720383,38.18537094229566,755500
2017-05-18,37.88951873779297,38.09592561589211,37.80695651147448,37.98584177259884,228500
2017-05-19,38.24042510986328,38.261065016939504,38.102819605272806,38.18538185818441,510500
2017-05-22,38.39866256713867,38.42618156267077,38.30921861399243,38.36425922966278,519900
2017-05-23,38.24042510986328,38.38490970861026,38.22666429694356,38.378027989847055,423700
2017-05-24,38.54315185546875,38.54315185546875,38.274822587779916,38.34362402194396,387000
2017-05-25,38.646366119384766,38.715170199720085,38.611965391520755,38.694530287923136,204700
2017-05-26,38.62571334838867,38.66011406480006,38.584433538537574,38.66011406480006,484800
2017-05-30,38.78395462036133,38.79771543038422,38.625709242007204,38.625709242007204,326400
2017-05-31,38.83211898803711,38.976606191559824,38.79771827276269,38.976606191559824,603500
2017-06-01,39.17613220214844,39.196774731426096,39.04540843155308,39.148613204122206,705200
2017-06-02,39.54766845703125,39.56830836286279,39.30686080697487,39.430705491177164,1289600
2017-06-05,39.48575210571289,39.54079536242354,39.44447228778684,39.54079536242354,555300
2017-06-06,39.63022994995117,39.67151238543429,39.561428515419124,39.664633291823684,549100
2017-06-07,39.719669342041016,39.76783086559044,39.60958548469859,39.74719096252817,347600
2017-06-08,39.52702331542969,39.595824742159024,39.4513401712637,39.595824742159024,378300
2017-06-09,39.32749938964844,39.37566091803934,39.18301480447573,39.341260201275325,479500
2017-06-12,39.21741485595703,39.313737911104816,39.12109180080925,39.26557638353092,393200
2017-06-13,39.699031829833984,39.7127926409063,39.59582705909479,39.59582705909479,243800
2017-06-14,39.67839050292969,39.89167914410237,39.58206744711184,39.85039670963482,388700
2017-06-15,39.51325988769531,39.52013898007008,39.36189360939026,39.38941522810136,264400
2017-06-16,39.60959243774414,39.61647415637704,39.47198693575937,39.57519171839961,281100
2017-06-19,39.58206558227539,39.637108825638855,39.56830477143452,39.630227107915275,372600
2017-06-20,39.12109375,39.38254393028947,39.12109375,39.38254393028947,373800
2017-06-21,39.07981491088867,39.14173725864095,39.01789256313639,39.14173725864095,449400
2017-06-22,39.004119873046875,39.06604220194382,38.94219754414993,39.01788068220242,208600
2017-06-23,39.10733413696289,39.14861657446586,38.99036854300776,39.00412935550876,287500
2017-06-26,39.148616790771484,39.36878454279061,39.148616790771484,39.27934057334326,253700
2017-06-27,38.907806396484375,39.05917270979279,38.88028477140891,39.05917270979279,496500
2017-06-28,39.023963928222656,39.05853723324706,38.92025192586803,39.003222055266306,364600
2017-06-29,38.86493682861328,39.04470851985128,38.705909647947585,39.04470851985128,618000
2017-06-30,38.89259338378906,39.00322109946671,38.809623256424025,38.94099284454973,442700
2017-07-03,38.788875579833984,38.88567713102562,38.788875579833984,38.87184833799825,189000
2017-07-05,38.71281433105469,38.71281433105469,38.498472033379734,38.588357853381765,427100
2017-07-06,38.48464584350586,38.609102329589284,38.46390397501605,38.609102329589284,357700
2017-07-07,38.456993103027344,38.48465068954462,38.30488165232752,38.41550936082404,216600
2017-07-10,38.553794860839844,38.57453937104361,38.46391165439051,38.51231111557794,142900
2017-07-11,38.51923370361328,38.53997821893849,38.33254889112726,38.44317663509229,181600
2017-07-12,38.823448181152344,38.851103129135865,38.62293464222976,38.68516289094461,413600
2017-07-13,38.96864700317383,38.989388873796365,38.858019297232694,38.88567688311112,174800
2017-07-14,39.46647262573242,39.47338570335042,39.259043371177036,39.31435854241115,444800
2017-07-17,39.348934173583984,39.43190430333788,39.321276584475065,39.43190430333788,214600
2017-07-18,39.5494499206543,39.56327871597185,39.48030594406654,39.507963534701645,321900
2017-07-19,39.81218719482422,39.82601335098454,39.69464376687977,39.69464376687977,219500
2017-07-20,39.978126525878906,40.019612906124756,39.90206948088116,39.950468939048335,191900
2017-07-21,40.012699127197266,40.012699127197266,39.86750074566832,39.9712153825163,286400
2017-07-24,40.00579071044922,40.02653258520656,39.8882472658204,39.99196191475329,344700
2017-07-25,39.9573860168457,40.06801373036706,39.92972842907218,40.033443064436526,630000
2017-07-26,40.192474365234375,40.240873830021926,39.9504744037236,39.99196078964422,525500
2017-07-27,40.289276123046875,40.503618508990364,40.19247718667665,40.482873995787315,424400
2017-07-28,40.48286437988281,40.50360888815841,40.31000842383073,40.37223667351238,192000
2017-07-31,40.48286437988281,40.51052196586856,40.37223667351238,40.46903558688994,233600
2017-08-01,40.60041046142578,40.731780047105765,40.60041046142578,40.621152333487686,409700
2017-08-02,40.607330322265625,40.64190099400075,40.51744446569574,40.60041724294787,304700
2017-08-03,40.65571975708008,40.690290420283766,40.55200776746902,40.607320301080414,473000
2017-08-04,40.683380126953125,40.724866508180305,40.545094827101906,40.70412199878036,264700
2017-08-07,40.5520133972168,40.5520133972168,40.45521183420618,40.51052701306939,213900
2017-08-08,40.441383361816406,40.57275294773635,40.406810058219754,40.524353487788325,276200
2017-08-09,40.621150970458984,40.621150970458984,40.44829500888257,40.5036101826219,528100
2017-08-10,40.04726791381836,40.38606675905558,40.04726791381836,40.344580378749185,490200
2017-08-11,40.012699127197266,40.09567189170476,39.93664207851845,39.98504417660088,171900
2017-08-14,40.26852798461914,40.32384052355393,40.199384013984655,40.199384013984655,277600
2017-08-15,40.04035568237305,40.10949701343941,39.94355676385104,40.10258393536186,449800
2017-08-16,40.337669372558594,40.36532696085001,40.09567206894065,40.185555274528575,277200
2017-08-17,39.93663787841797,40.268523626398256,39.93663787841797,40.220121533406235,189900
2017-08-18,40.07493209838867,40.16481795173113,40.01961955311314,40.08876089410082,462300
2017-08-21,40.3031005859375,40.33075817551902,40.178644070393574,40.178644070393574,262400
2017-08-22,40.46212387084961,40.50361025122437,40.32383857383972,40.455208155334155,580700
2017-08-23,40.49669647216797,40.51743834456085,40.33075621787935,40.33075621787935,252800
2017-08-24,40.41373062133789,40.51052955284434,40.39298610917718,40.48287196167877,227000
2017-08-25,40.48286437988281,40.55892142255734,40.323837216823605,40.39989425949813,304600
2017-08-28,40.586578369140625,40.655719695443175,40.53817891321433,40.64880661784193,283700
2017-08-29,40.565834045410156,40.662635595274864,40.51743458926408,40.53817909730707,254800
2017-08-30,40.59349822998047,40.64189769399439,40.51744117579489,40.56584063980881,418000
2017-08-31,40.994529724121094,41.02218731722712,40.78018733390924,40.84241559961118,291800
2017-09-01,40.91154479980469,41.04983008671022,40.870061060033755,41.04983008671022,340400
2017-09-05,40.69721603393555,40.863156312702614,40.579672585366794,40.81475684493112,560700
2017-09-06,40.98069763183594,41.0083552227177,40.7940128497436,40.84932803150713,353500
2017-09-07,41.43012237548828,41.43012237548828,41.25726638566216,41.34023915983132,347600
2017-09-08,41.45085906982422,41.520000397684775,41.42320148365096,41.520000397684775,172800
2017-09-11,41.623722076416016,41.66520582512897,41.58223569013002,41.63063515534383,178900
2017-09-12,41.4992561340332,41.554568665617865,41.47159854945466,41.554568665617865,293400
2017-09-13,41.3264045715332,41.48543174337408,41.243434446566816,41.48543174337408,186200
2017-09-14,41.478519439697266,41.485432517918234,41.319489627314546,41.36097600935866,273500
2017-09-15,41.79657745361328,41.79657745361328,41.644463343688486,41.727433477477916,267000
2017-09-18,41.87954330444336,42.01091288930607,41.8034862572592,41.97634222356038,374900
2017-09-19,41.87954330444336,41.907200892069,41.78965746344638,41.907200892069,203900
2017-09-20,41.734344482421875,41.98325749326299,41.54765972429104,41.92794231859932,353600
2017-09-21,41.69976806640625,41.789651256480255,41.672110482888556,41.75508059586931,159100
2017-09-22,41.623722076416016,41.6928634159863,41.5753226112022,41.64446395077249,196200
2017-09-25,41.02217483520508,41.098229236745325,40.89771834167019,41.098229236745325,400800
2017-09-26,40.96686553955078,41.063664462273934,40.863150900877216,41.00835192253477,478900
2017-09-27,40.839263916015625,40.91554756355562,40.790720257659444,40.90167756896371,459500
2017-09-28,40.86006164550781,40.873931638083484,40.65895336673701,40.70749701803657,337500
2017-09-29,41.19987869262695,41.22761868373204,40.98489772970924,41.04731138698011,450600
2017-10-02,41.068111419677734,41.296959697703464,41.06117510024713,41.296959697703464,524000
2017-10-03,41.407920837402344,41.407920837402344,41.199876207525364,41.29002985046342,274100
2017-10-04,41.46339797973633,41.48420164767154,41.35244067503051,41.45646166013738,253400
2017-10-05,41.48420715332031,41.539687135751755,41.3732498338886,41.435663491408384,221300
2017-10-06,41.34550476074219,41.38017842278438,41.158263811197315,41.22761378071255,182700
2017-10-09,41.23455047607422,41.33857411525314,41.22068048115496,41.33857411525314,150300
2017-10-10,41.671443939208984,41.678377613600716,41.52581296810454,41.54661663671063,215700
2017-10-11,41.636775970458984,41.6575796419101,41.47033866255628,41.56049231456321,581600
2017-10-12,41.76853561401367,41.83788559232578,41.67838196492352,41.74079562268882,274700
2017-10-13,41.96269989013672,42.025113532474705,41.879482582162915,41.96269989013672,653300
2017-10-16,41.934967041015625,41.983510696317055,41.893357059858346,41.921097047296534,620200
2017-10-17,41.810142517089844,41.85174985557698,41.71305520004521,41.83788250636859,427900
2017-10-18,42.011253356933594,42.06673068990919,41.92803338932373,41.96964337312866,332900
2017-10-19,41.81707763671875,41.81707763671875,41.68531665123807,41.76853397651897,221500
2017-10-20,41.71998977661133,41.796273426061596,41.678379791793624,41.796273426061596,227300
2017-10-23,41.33163833618164,41.546619292098065,41.31083466624592,41.47033564175898,231900
2017-10-24,41.48420715332031,41.53275081523224,41.41485982071218,41.48420715332031,177000
2017-10-25,41.1374626159668,41.359377240893885,41.00570163411352,41.317769902114435,258100
2017-10-26,41.15826416015625,41.345505111288645,41.123590497820075,41.317767768678216,226100
2017-10-27,41.220680236816406,41.255356546624526,40.98489561544873,41.075049259173994,276300
2017-10-30,41.1027946472168,41.13746831614787,41.040380984968316,41.10972832283046,629700
2017-10-31,41.37324142456055,41.3940450910283,41.23454414210406,41.29002411325891,326900
2017-11-01,41.33163833618164,41.53968561726318,41.33163833618164,41.421791981621574,309600
2017-11-02,41.622894287109375,41.62982796050243,41.41484969472102,41.45645702594038,228300
2017-11-03,41.532745361328125,41.609029004438526,41.40098438850249,41.609029004438526,220200
2017-11-06,41.48420715332031,41.48420715332031,41.26229251445689,41.30390250128047,245300
2017-11-07,41.51194381713867,41.58822746415179,41.40792018113334,41.53274748616736,236500
2017-11-08,41.706119537353516,41.75466319664095,41.609032218778665,41.699185862640036,201900
2017-11-09,41.66450881958008,41.69918248119779,41.42178789739448,41.60209517049587,429800
2017-11-10,41.60903549194336,41.67838282625744,41.54662183288819,41.65064547979055,375600
2017-11-13,41.45646667480469,41.49114298613232,41.2969656953359,41.3524456771152,308500
2017-11-14,41.449527740478516,41.45646141460558,41.345504110556924,41.42178775310865,1118100
2017-11-15,41.27615737915039,41.324701035028,41.12359009186027,41.23454739749922,315800
2017-11-16,41.64370346069336,41.67837712310575,41.49113881699265,41.539682473456175,312400
2017-11-17,41.45646667480469,41.574360313370136,41.45646667480469,41.51888033159083,1339800
2017-11-20,41.54661560058594,41.6367692380155,41.46339828280601,41.58128926254167,584700
2017-11-21,41.914161682128906,41.95577166423367,41.747727044571576,41.747727044571576,349500
2017-11-22,42.018184661865234,42.059794643323535,41.84481370726857,42.0459246495041,277800
2017-11-24,42.184627532958984,42.212364878843026,42.10140755901332,42.13608122544176,106800
2017-11-27,41.928035736083984,42.13608037589118,41.928035736083984,42.13608037589118,228500
2017-11-28,42.108333587646484,42.108333587646484,41.94883264471516,42.02511363404103,575900
2017-11-29,41.81707763671875,42.01125492294895,41.74773030655651,42.01125492294895,220100
2017-11-30,41.94883728027344,42.129141908815434,41.94190096065789,42.045924591444575,364400
2017-12-01,41.96269989013672,41.98350620120306,41.768525289721005,41.90722256663103,209300
2017-12-04,41.71998977661133,41.983514389594696,41.71998977661133,41.96964439465546,219200
2017-12-05,41.92110061645508,42.06673159475837,41.86562063685514,41.928034291189554,245000
2017-12-06,41.733856201171875,41.80320352450426,41.65757255824776,41.782399856590715,345000
2017-12-07,41.75465393066406,41.84480755451901,41.615956658294245,41.650632960459525,562500
2017-12-08,42.045928955078125,42.08060262046193,41.90029532777637,42.018188964598636,431800
2017-12-11,42.011253356933594,42.06673068990919,41.92803338932373,41.99044704231564,577000
2017-12-12,42.101402282714844,42.10833860238995,41.96964130862706,42.02511863887371,419400
2017-12-13,42.49668502807617,42.552165000069074,42.302510416962356,42.302510416962356,365100
2017-12-14,42.364933013916016,42.49669400709259,42.35106301798724,42.48976033184381,205300
2017-12-15,42.351051330566406,42.42733496440745,42.253964031288895,42.32331134636412,241400
2017-12-18,42.621517181396484,42.80875814008479,42.59377719223578,42.68393083429258,586600
2017-12-19,42.40188217163086,42.82396951359239,42.35180424368986,42.82396951359239,471600
2017-12-20,42.26596450805664,42.351812010406924,42.237347764258914,42.33750363850806,345200
2017-12-21,42.394737243652344,42.47343192985859,42.28742854076997,42.34465930316529,349400
2017-12-22,42.666587829589844,42.666587829589844,42.42335096639526,42.45912053147387,359300
2017-12-26,42.73097229003906,42.75243348234935,42.688047176375704,42.74528066126018,422300
2017-12-27,43.03144454956055,43.05290574282939,42.87405518814135,42.89551638141019,355100
2017-12-28,43.31045150756836,43.3319127010995,43.231756825896944,43.32475987960343,370400
2017-12-29,43.281829833984375,43.496449931980735,43.26752146357893,43.46068037048844,518900
2018-01-02,43.8613166809082,43.8613166809082,43.56800184248609,43.59661586086043,392000
2018-01-03,44.09023666381836,44.13315904758931,43.982925246305555,43.997233617243445,415100
2018-01-04,44.13315963745117,44.16893192979536,44.06877333189148,44.111698445278854,387600
2018-01-05,44.60532760620117,44.6410999006607,44.36209074070813,44.45509379402565,611400
2018-01-08,44.848567962646484,44.848567962646484,44.70548968984301,44.72695088495491,317600
2018-01-09,44.82710266113281,44.89864179098119,44.762716352652134,44.85571940468931,671600
2018-01-10,44.626792907714844,44.777026724532796,44.533789851523395,44.75556553042823,701600
2018-01-11,44.71978759765625,44.741251518098146,44.54809260837695,44.5910177202181,730100
2018-01-12,44.96302795410156,44.97018350448899,44.633943591394356,44.71979109274344,533100
2018-01-16,44.92010498046875,45.09179998092143,44.84856312274444,45.04172204503583,429500
2018-01-17,45.177642822265625,45.34933779464094,45.00594512084793,45.05602304854426,429100
2018-01-18,44.96302795410156,44.99880024795297,44.84141088794393,44.90579719621646,549700
2018-01-19,45.377960205078125,45.3851130260535,45.20626248219904,45.20626248219904,466800
2018-01-22,45.69272994995117,45.69272994995117,45.406570756225285,45.42803194526808,384100
2018-01-23,45.95743179321289,45.95743179321289,45.728503327494074,45.74281169773182,581300
2018-01-24,46.136287689208984,46.293677051072166,45.986053877817525,46.214982370140575,667900
2018-01-25,46.06475067138672,46.30799027580875,45.90021120959144,46.25791233638157,527000
2018-01-26,46.60130310058594,46.64422548989389,46.386680237873904,46.45106927992197,668500
2018-01-29,45.800052642822266,45.95744202142323,45.78574699844326,45.935980825811534,746700
2018-01-30,45.55681610107422,45.77859178396396,45.50673816123509,45.728511115081794,409100
2018-01-31,45.65696334838867,45.82150823851306,45.51388237773933,45.73565801869794,501900
2018-02-01,45.33503723144531,45.51388778373968,45.27780647381339,45.39227071812007,733500
2018-02-02,44.51948165893555,44.977338661969036,44.46225089807787,44.977338661969036,485600
2018-02-05,42.81682205200195,44.13316225446792,42.78105248657944,43.9614672488227,687800
2018-02-06,43.417755126953125,43.58945284225252,42.31603789951802,42.523502447158094,702900
2018-02-07,42.60219955444336,43.21029304888353,42.60219955444336,42.82397521416287,529300
2018-02-08,41.593482971191406,42.66658625828734,41.57917459987833,42.66658625828734,415100
2018-02-09,41.80094528198242,41.95117906930846,40.89238427965825,41.815253651590965,515900
2018-02-12,42.1729621887207,42.29457925841189,41.843877816452,41.96549488614319,700500
2018-02-13,42.337501525878906,42.380426639433544,42.05133956026683,42.122881416191234,319700
2018-02-14,42.83112716674805,42.859743908526966,42.1300333674207,42.1300333674207,451000
2018-02-15,43.23175811767578,43.23175811767578,42.845440248314425,43.04575200470491,411800
2018-02-16,43.417755126953125,43.60376121261435,43.26752133171779,43.28182970207962,267900
2018-02-20,43.09583282470703,43.34622252107746,42.98852139538084,43.153063585716126,240900
2018-02-21,42.88835525512695,43.575140597170055,42.866891336971484,43.324750960709245,431400
2018-02-22,42.909828186035156,43.18883463702202,42.845441872034876,42.91698373705914,1156900
2018-02-23,43.467830657958984,43.496447397102145,43.28182731161338,43.40344435940811,1436400
2018-02-26,43.88277053833008,43.89707890964604,43.49645269992728,43.546530635011784,291100
2018-02-27,42.7524299621582,43.403445789379916,42.745277141657986,43.38198459883671,662400
2018-02-28,42.437660217285156,42.91698113220438,42.416199023602026,42.87405601579517,756500
2018-03-01,42.32319259643555,42.78820510216079,42.079955747586496,42.59504618727689,511400
2018-03-02,42.59504699707031,42.652277753100215,42.108573290123644,42.223037531226225,540600
2018-03-05,42.73812484741211,42.773894408438736,42.230187256280665,42.294573557745636,1330800
2018-03-06,42.83828353881836,42.888361473371155,42.65943299283186,42.888361473371155,433200
2018-03-07,42.98136520385742,42.995670846205854,42.6737420415529,42.83112866877087,284600
2018-03-08,43.2031364440918,43.23175318575238,43.002824710553085,43.16021406064361,231800
2018-03-09,43.460689544677734,43.48215074029487,43.17452753424777,43.267530596993986,441200
2018-03-12,43.517913818359375,43.58229739157,43.288982621092515,43.37483284345856,1118600
2018-03-13,43.32476043701172,43.582302949827664,43.21744900988953,43.37483837525729,687700
2018-03-14,43.58230209350586,43.76115264916675,43.41060708833543,43.63953558125794,342200
2018-03-15,43.72538757324219,43.90423814726613,43.618078866253725,43.73254312446733,416500
2018-03-16,43.703914642333984,43.79691767998547,43.61806715398624,43.761145391551665,168000
2018-03-19,43.482147216796875,43.63238376107221,43.29614383542008,43.625228210417546,300900
2018-03-20,43.553688049316406,43.66099674521487,43.48214618967452,43.56799642124478,406100
2018-03-21,43.6753044128418,43.81838540077535,43.48214548848793,43.54653179660588,218900
2018-03-22,43.03144454956055,43.44637641733451,43.00998062724882,43.339067721947416,868600
2018-03-23,42.51634979248047,43.110132155080315,42.51634979248047,43.03144021134693,223500
2018-03-26,43.20115280151367,43.2727835304484,42.70689148123769,43.00774655434531,612600
2018-03-27,42.88596725463867,43.43037058367359,42.78568314995774,43.31575978796155,494700
2018-03-28,43.1080322265625,43.330091866348816,42.936114645350955,43.022074802225355,214900
2018-03-29,43.63811111450195,43.78137532622982,43.27995195145107,43.43754285760547,273800
2018-04-02,43.136688232421875,43.61662017437194,42.878813211209184,43.494847376875626,289700
2018-04-03,43.37307357788086,43.40888894724816,43.093709871263385,43.30144283914626,317100
2018-04-04,43.70974349975586,43.72407019382616,42.98626047816204,43.057893948513524,319100
2018-04-05,43.6452751159668,43.752723956144195,43.530664294961745,43.71690585439339,314100
2018-04-06,43.38023376464844,43.74555486613451,43.258458242461586,43.616617363836546,401900
2018-04-09,43.70974349975586,43.98194522201653,43.66676341754497,43.75988556273315,466100
2018-04-10,44.15385437011719,44.21832311881938,43.98910150844208,44.10371231363073,881700
2018-04-11,44.15385437011719,44.3186072317923,44.0105901804971,44.06789694935999,447900
2018-04-12,44.12519836425781,44.196831821080764,44.02491425724265,44.075056310750234,313000
2018-04-13,44.096553802490234,44.203999903754315,43.99626694909146,44.15385784332361,292300
2018-04-16,43.931793212890625,43.967608573689034,43.81001770713179,43.91030181038208,286800
2018-04-17,44.017757415771484,44.07506145538164,43.810024465542895,43.83867785161662,200500
2018-04-18,44.12519836425781,44.18966710912998,44.01775227782885,44.05356763997183,171700
2018-04-19,43.81002426147461,44.09655265580264,43.709740143220984,44.06789926986238,359200
2018-04-20,43.6452751159668,43.69541717937291,43.52349958159658,43.69541717937291,443700
2018-04-23,43.315757751464844,43.466183901413935,43.251289011124264,43.39455318216297,215200
2018-04-24,43.45186233520508,43.69541063493077,43.33008955161079,43.638103866742554,689100
2018-04-25,43.30143737792969,43.416048184972745,43.21547995578169,43.35157943522745,316500
2018-04-26,43.68108367919922,43.759879118713805,43.516330820458315,43.54498420437945,334700
2018-04-27,43.895973205566406,43.93895327617257,43.66675162740706,43.78136241648673,193200
2018-04-30,43.86733627319336,44.18967733964359,43.86017155958385,44.11088461770221,413800
2018-05-01,43.86733627319336,43.9103136247,43.54499247420552,43.824356189149114,229000
2018-05-02,43.6452751159668,43.953292209768655,43.616621727581155,43.8744967579769,411900
2018-05-03,43.68825149536133,43.73122884175935,43.258458903620124,43.59512935727014,309500
2018-05-04,43.65959548950195,43.745552909677194,43.30859836393595,43.37306711220166,292500
2018-05-07,43.537818908691406,43.65959442245582,43.502003545538486,43.57363700438139,174100
2018-05-08,43.630943298339844,43.65243197083698,43.47335241326169,43.49484381829602,204200
2018-05-09,43.68108367919922,43.68824839144805,43.487677436537176,43.58079956801233,564300
2018-05-10,43.97477722167969,44.07506134013823,43.80286237076142,43.80286237076142,400700
2018-05-11,44.15385437011719,44.304280539576574,44.089385621415005,44.161019082493624,450800
2018-05-14,44.33293914794922,44.54783409143278,44.297123779458204,44.48336533513397,239700
2018-05-15,43.74555587768555,43.845839996783496,43.65959845167835,43.831513303692745,296700
2018-05-16,43.788536071777344,43.853004824586115,43.702575913007436,43.72406731896857,185300
2018-05-17,43.52348709106445,43.681077949421955,43.47334504204829,43.65242456925937,199200
2018-05-18,43.55931091308594,43.55931091308594,43.41604672596226,43.48767745325556,399800
2018-05-21,43.724063873291016,43.76704121675182,43.6094530698337,43.673921817562004,217500
2018-05-22,43.69540786743164,43.87448740787194,43.63810110287302,43.76703859059299,282500
2018-05-23,43.54498291015625,43.552144889655125,43.272781236069875,43.34441196120665,434800
2018-05-24,43.50200653076172,43.659597418493355,43.31576499006389,43.5736399945203,285700
2018-05-25,43.47335433959961,43.52349639933955,43.36590823981574,43.41605029955568,202100
2018-05-29,43.0435676574707,43.22264723621995,42.87881477292589,43.20115856118204,1084000
2018-05-30,43.43037414550781,43.43037414550781,43.10086568984205,43.13668378662584,501400
2018-05-31,43.25845718383789,43.387394682980485,43.15817306951302,43.35157931822692,308400
2018-06-01,43.39455795288086,43.39455795288086,43.294271109352664,43.38739324064601,419700
2018-06-04,43.85300064086914,43.94612003851334,43.752716531075656,43.759878510687884,248200
2018-06-05,43.895973205566406,43.96760665657667,43.82434248709289,43.93895327617257,228700
2018-06-06,44.218326568603516,44.225491281538915,44.01059361407452,44.10371575447327,283000
2018-06-07,43.88881301879883,44.13236129710478,43.78136420416446,44.13236129710478,224200
2018-06-08,44.01059341430664,44.01059341430664,43.781371787086606,43.881655907428204,149900
2018-06-11,43.88881301879883,43.99625910089633,43.867324348886704,43.99625910089633,263800
2018-06-12,43.702579498291016,43.84584370879003,43.63811074019334,43.84584370879003,216000
2018-06-13,43.516334533691406,43.88165564597881,43.37307033439812,43.838678298966954,657800
2018-06-14,43.365909576416016,43.55931584103283,43.351582882829135,43.509173779747435,231000
2018-06-15,43.437538146972656,43.45186483984552,43.236969911827025,43.26562329757276,4523700
2018-06-18,43.12952423095703,43.2011577005522,42.99342473753241,43.2011577005522,426300
2018-06-19,42.599449157714844,42.663917912476194,42.46334693514234,42.663917912476194,1352400
2018-06-20,42.742706298828125,42.85015512339261,42.61377153490271,42.70689093481901,625300
2018-06-21,42.52064895629883,42.678239835329975,42.506322264338074,42.656748431120306,234600
2018-06-22,42.842994689941406,42.97193219105769,42.77852593938326,42.921787400590496,260000
2018-06-25,42.4132080078125,42.4991681755374,42.255619832058706,42.47767676733738,512200
2018-06-26,42.32008361816406,42.48483648813545,42.30575692522691,42.441856409323975,402400
2018-06-27,41.63957977294922,42.08369631361654,41.603764407700396,41.99773889051192,418300
2018-06-28,41.68817901611328,41.75346425002432,41.52859227385424,41.59387750776528,371700
2018-06-29,42.13066864013672,42.1669376005783,42.04361981450375,42.065383404484145,345500
2018-07-02,41.760719299316406,41.7897355753961,41.57211903908716,41.65190964758974,527200
2018-07-03,41.89854431152344,42.07989189431892,41.89854431152344,41.99284582937755,389900
2018-07-05,42.11616134643555,42.17419113087599,42.000099010410295,42.108905893915264,499600
2018-07-06,42.362789154052734,42.43532706782388,42.13066450941223,42.21045510770287,246300
2018-07-09,42.63843536376953,42.660198951577144,42.52237304165705,42.61667454310595,299500
2018-07-10,42.54414749145508,42.54414749145508,42.36279989390778,42.486114932010466,297600
2018-07-11,41.92755889892578,42.21771612656108,41.855020975589156,42.13067006512825,205500
2018-07-12,42.20320510864258,42.25398220494222,42.09439546391809,42.15242801234294,156600
2018-07-13,42.29750442504883,42.29750442504883,42.11615687133216,42.1669339650013,234800
2018-07-16,42.152427673339844,42.23222104321018,42.079886988392175,42.079886988392175,705500
2018-07-17,42.13066864013672,42.1814457381838,41.927557480804104,41.98559003122608,342600
2018-07-18,42.10890197753906,42.166934523726496,41.94931800981182,41.98558696760691,920500
2018-07-19,41.709938049316406,41.87677746945638,41.57936758709484,41.68817722799419,305000
2018-07-20,42.10890197753906,42.1306655659314,41.85501650582928,41.913046284872614,203200
2018-07-23,41.971092224121094,42.10891541457976,41.94933139592894,42.07264644521116,210000
2018-07-24,42.4643440246582,42.58040634884922,42.370042521520475,42.47159670929461,284700
2018-07-25,42.89958190917969,42.964867146880565,42.53688675909579,42.609427449399206,225200
2018-07-26,42.536888122558594,42.70372756488767,42.536888122558594,42.689219426361944,200600
2018-07-27,42.616676330566406,42.82704016295103,42.58766005703525,42.74724679431244,174700
2018-07-30,42.60216522216797,42.68195858524073,42.58765708641438,42.63118149367514,170600
2018-07-31,42.79803466796875,42.87057260292093,42.62393975008074,42.70373313881504,372000
2018-08-01,42.261234283447266,42.50786707642512,42.16693554432645,42.32651951591623,317100
2018-08-02,41.963829040527344,42.021861594543914,41.7607206357583,41.833258561134535,211700
2018-08-03,42.13792037963867,42.13792037963867,41.869526757821525,41.92030385472898,314600
2018-08-06,41.833255767822266,41.891288317963856,41.73170157221877,41.79698680755592,802800
2018-08-07,42.312015533447266,42.43533055040724,42.24673029883779,42.40631427565985,286000
2018-08-08,42.166934967041016,42.29750543019138,42.10890242024347,42.27574184157023,565500
2018-08-09,42.07263946533203,42.26123973504683,42.07263946533203,42.21771808588277,1024700
2018-08-10,41.6083869934082,41.67367222943498,41.49957734431547,41.66641677701849,272300
2018-08-13,41.289215087890625,41.47781811795867,41.20216902555237,41.43429370321733,335000
2018-08-14,41.19491195678711,41.26744987316008,41.122371273270005,41.17314836815991,462000
2018-08-15,40.679893493652344,40.74517597083982,40.43326065585807,40.60735279598069,721200
2018-08-16,40.99179458618164,41.12236502954341,40.95552563350197,40.962781084324135,267500
2018-08-17,41.26020431518555,41.34725038329726,40.91201727559408,40.92652264765886,294700
2018-08-20,41.4923210144043,41.50682915081857,41.36175055381991,41.37625869023418,286300
2018-08-21,41.7317008972168,41.83325509117767,41.63740215547841,41.659162977857385,304500
2018-08-22,41.87678146362305,41.913050425000755,41.77522726490771,41.82600436426538,203800
2018-08-23,41.528587341308594,41.69542674878846,41.47781025064706,41.63014152263165,1033100
2018-08-24,41.855018615722656,41.898540260413036,41.6083858162816,41.680923735528395,369600
2018-08-27,42.29750442504883,42.341026066968624,42.11615687133216,42.123409555937435,234000
2018-08-28,42.18870162963867,42.34103293535666,42.18870162963867,42.34103293535666,187500
2018-08-29,42.493370056152344,42.50787542875633,42.19595734202103,42.19595734202103,309700
2018-08-30,41.855018615722656,42.341028762393535,41.79698606660982,42.341028762393535,265600
2018-08-31,41.92755889892578,42.036368551075114,41.6954342236753,41.855020975589156,522100
2018-09-04,41.28196716308594,41.4270457951435,41.20942923062953,41.369013235462575,423900
2018-09-05,40.926517486572266,41.02081899596898,40.846726881699645,40.984550036091555,394800
2018-09-06,40.912010192871094,41.04258065600649,40.75967614111703,40.948279151043344,240600
2018-09-07,40.60735321044922,40.759684526397486,40.49129086013463,40.658130315765305,782300
2018-09-10,40.58558654785156,40.71615701907112,40.549317587433755,40.71615701907112,385600
2018-09-11,40.600093841552734,40.614601978847155,40.34620558961667,40.38247454928061,387900
2018-09-12,40.882991790771484,41.20941793161357,40.60009005775635,40.614598193698654,231700
2018-09-13,41.216678619384766,41.33999641526804,41.0498391743676,41.216678619384766,256200
2018-09-14,41.07884979248047,41.32548258312405,40.977295602299726,41.32548258312405,363700
2018-09-17,41.1296272277832,41.28921119918263,41.08610281714109,41.14413536466391,188000
2018-09-18,41.4923210144043,41.593875202160135,41.30371800816281,41.36175055381991,411000
2018-09-19,41.57211685180664,41.659162908321484,41.492323480357925,41.54310057725361,183900
2018-09-20,41.82600402832031,41.85502030404717,41.622895632521015,41.7026890071977,211300
2018-09-21,41.75346755981445,41.83325817012473,41.72445128307738,41.74621210705796,218000
2018-09-24,41.376258850097656,41.61563618399785,41.35449526182012,41.52859013231997,349000
2018-09-25,41.35449981689453,41.528594706570416,41.33999444597057,41.51408656850206,411400
2018-09-26,41.41059875488281,41.65101774518189,41.388743240997094,41.41059875488281,516600
2018-09-27,41.32317352294922,41.49073894589497,41.315886498933764,41.315886498933764,444600
2018-09-28,40.9224739074707,41.01718577308066,40.83504906646913,40.97347474217267,417700
2018-10-01,40.79861831665039,40.980755005564006,40.7476202660894,40.937041199718024,969200
2018-10-02,40.27406692504883,40.44163235850223,40.26678267976196,40.28863819480811,773200
2018-10-03,40.17206954956055,40.448918107888574,40.10650022730353,40.383348785631554,258000
2018-10-04,39.42894744873047,39.76408104990556,39.26138203773551,39.720367246486596,449700
2018-10-05,39.39980697631836,39.52365858164369,39.188527765743856,39.458089267299364,499900
2018-10-08,39.32695388793945,39.385238962921285,39.035536850586325,39.11567465990833,363700
2018-10-09,39.61109161376953,39.647518400577184,39.32695878580991,39.341530056370104,320300
2018-10-10,38.75869369506836,39.53823861669924,38.722266907729534,39.46538226283587,429400
2018-10-11,38.41626739501953,38.86796557364048,38.1904169161165,38.72225845608768,1904300
2018-10-12,38.62754821777344,38.693117535081626,38.314272899432645,38.656690754173795,403700
2018-10-15,38.46726989746094,38.642122349635706,38.372558036733544,38.43084311385362,412100
2018-10-16,39.22496032714844,39.268674136216866,38.88254243740953,38.95539878585692,643700
2018-10-17,39.23952865600586,39.399809831392204,39.12296128641178,39.2686711932007,218200
2018-10-18,38.9481086730957,39.3269533174257,38.83882832786811,39.23224146154688,610100
2018-10-19,39.19581604003906,39.43623781041681,39.1302467189529,39.305099168244475,213400
2018-10-22,39.071964263916016,39.450808919860684,39.0063949430951,39.37795257495668,2402600
2018-10-23,38.81697082519531,38.97725200314569,38.37255685301316,38.503695493302494,389800
2018-10-24,38.132137298583984,38.82425727222857,38.10299476135604,38.71497414721642,456700
2018-10-25,38.58383560180664,38.75868804641017,38.43084144976938,38.503695013829415,410100
2018-10-26,38.52555465698242,38.76597365015713,38.16128126554133,38.41627152787593,4962100
2018-10-29,38.40898513793945,38.88253885285603,38.124852353152455,38.81696953489093,589500
2018-10-30,38.60569381713867,38.60569381713867,38.285131465871075,38.321558247828214,312300
2018-10-31,38.56197738647461,38.663973480686145,38.43812300122836,38.52555060699694,914000
2018-11-01,39.45081329345703,39.45809753916229,39.02825478372428,39.086539866109085,287800
2018-11-02,39.210384368896484,39.55280221769094,38.99182090805999,39.54551519412478,431700
2018-11-05,39.25410079956055,39.31238309606402,39.10110386547002,39.21767401684771,436200
2018-11-06,39.479949951171875,39.479949951171875,39.3051002761372,39.319671545587674,206500
2018-11-07,40.21578598022461,40.21578598022461,39.902510617808474,39.96807994434175,416100
2018-11-08,39.79322814941406,40.048221214301066,39.66937651898361,40.02636291896547,443200
2018-11-09,39.42166519165039,39.53094553692884,39.25409977220852,39.51637704757329,238700
2018-11-12,39.00639343261719,39.39252231850716,38.9772508957841,39.39252231850716,526500
2018-11-13,39.35609817504883,39.58923292696973,39.18853274580477,39.31238436686911,296600
2018-11-14,39.55280303955078,39.72036845564674,39.32695255045523,39.64751211439725,334200
2018-11-15,39.58195114135742,39.72037404041614,39.2613887531584,39.44352546311307,632600
2018-11-16,39.82965087890625,39.88793595494987,39.41437943924434,39.53094681214618,270600
2018-11-19,39.676658630371094,39.89522211767047,39.56009125186573,39.86608235743327,256700
2018-11-20,39.12295913696289,39.341522595545555,39.02824728587584,39.341522595545555,361400
2018-11-21,39.61838150024414,39.85151628767505,39.58923895701881,39.603810228631474,231000
2018-11-23,39.596519470214844,39.63294903540501,39.37795597500198,39.39981426995321,96900
2018-11-26,39.92436218261719,40.00450277146987,39.807794811336564,39.8806511553778,206300
2018-11-27,39.85151290893555,39.8952239408817,39.69851873875271,39.79322782742648,209900
2018-11-28,40.56548309326172,40.60919689858623,39.85150761473973,39.98993049615609,538300
2018-11-29,40.201210021972656,40.36877544153162,40.11378518985175,40.19392299810449,199600
2018-11-30,40.11378479003906,40.11378479003906,39.89521854313727,40.033644203399774,351500
2018-12-03,40.32506561279297,40.42706450270949,40.157500176708474,40.33963688278104,506700
2018-12-04,39.60380172729492,40.31777720793862,39.5455166533557,40.24492364469988,366900
2018-12-06,40.03364944458008,40.12836131202479,39.3779561764023,39.501810584473944,597900
2018-12-07,39.771366119384766,40.31049192266372,39.69851255802676,40.193921777794564,367100
2018-12-10,39.50909423828125,39.61837737440261,39.130249553362276,39.50180999282644,871300
2018-12-11,39.64751434326172,39.858793575984855,39.39252408251683,39.72037068860698,726500
2018-12-12,40.055503845214844,40.30320987527575,40.040932575307075,40.15749995538365,853700
2018-12-13,40.12106704711914,40.19392060635385,40.01178392908195,40.11378280286973,468000
2018-12-14,39.92436218261719,40.07007209151431,39.829650324956255,39.88793540018924,350100
2018-12-17,39.458091735839844,39.902505696511604,39.385238172759514,39.85879189115224,544600
2018-12-18,39.5455207824707,39.80779808421209,39.4653801870291,39.67665943334139,940700
2018-12-19,39.41438293457031,40.0555049319788,39.22496197900121,39.77865635459106,708800
2018-12-20,39.43623733520508,39.618374027229066,38.54012514394932,39.52366216920469,891600
2018-12-21,38.65669250488281,39.18124428791937,38.561980646884884,38.91896700680841,995300
2018-12-24,38.32238006591797,38.830949213029434,38.3148994715866,38.78607705908446,794500
2018-12-26,39.12263488769531,39.145070966049296,38.419607333820004,38.56918784653885,943800
2018-12-27,38.92817687988281,38.95809355111874,38.26254663644271,38.36725213275767,1483900
2018-12-28,39.160030364990234,39.24229979186803,38.95061935330934,39.18994703894781,1018600
2018-12-31,39.19742202758789,39.34700253385771,39.01792484946193,39.34700253385771,953600
2019-01-02,38.92070007324219,38.94313615070253,38.60658072374306,38.67389180913495,262000
2019-01-03,38.980533599853516,39.115155781121366,38.86086975572777,38.9431391835038,212700
2019-01-04,39.83313751220703,39.91540693722857,39.36944048837137,39.384398825012646,259500
2019-01-07,40.064979553222656,40.192123963105956,39.90792132896425,39.95279347703212,405300
2019-01-08,40.37910461425781,40.44641569897102,40.199607437352306,40.326749012360125,365200
2019-01-09,40.64834976196289,40.715660852739916,40.423980410376515,40.43893874755042,465600
2019-01-10,40.88019561767578,40.902631694685866,40.603473540178435,40.62590961718852,289400
2019-01-11,40.88019561767578,40.969942778726924,40.78296786228073,40.82784286931171,421000
2019-01-14,40.81288528442383,40.880196369703135,40.62591036453806,40.65582703644239,219200
2019-01-15,40.82784652709961,40.97742704425972,40.70818268397373,40.88019928015399,264900
2019-01-16,41.09708786010742,41.2017933585034,41.02977677499416,41.02977677499416,246100
2019-01-17,41.052215576171875,41.1793600133822,40.775493475906174,40.805410149721666,232600
2019-01-18,41.343894958496094,41.40372830460049,41.246670050592904,41.351375553264624,629000
2019-01-22,40.91011428833008,41.11952529202039,40.76801151895941,41.10456695561238,554700
2019-01-23,41.19431686401367,41.246669614796396,41.05969468971212,41.209272347370785,197500
2019-01-24,41.38129425048828,41.448602488631664,41.269108147560424,41.31398315933379,277500
2019-01-25,41.88238525390625,41.95717408636951,41.725326993926764,41.7552436681165,237000
2019-01-28,41.99456787109375,41.99456787109375,41.732801273170395,41.83002902971398,548600
2019-01-29,42.3460807800293,42.45078628294426,42.26381135545012,42.3460807800293,288200
2019-01-30,42.951881408691406,43.06406750857713,42.42087328898919,42.473226041466255,381500
2019-01-31,42.90700912475586,43.00423689396797,42.794825870752234,42.862136964358896,2045500
2019-02-01,42.7349853515625,42.80229643387901,42.63775759865849,42.74994368685625,387900
2019-02-04,42.83968734741211,42.86212627502579,42.61531804234883,42.71254578731344,219600
2019-02-05,43.05659103393555,43.05659103393555,42.847180003987766,42.88457442319111,268000
2019-02-06,42.749942779541016,42.99675102713359,42.675153957670304,42.99675102713359,386500
2019-02-07,42.46574401855469,42.61532452903542,42.30868576640485,42.57044951998792,200800
2019-02-08,42.53305435180664,42.53305435180664,42.30120727503093,42.45826552439723,137900
2019-02-11,42.37599182128906,42.50313623865301,42.3012030014354,42.50313623865301,388200
2019-02-12,42.301204681396484,42.41338791563226,42.22641300556192,42.346076833886514,517900
2019-02-13,42.12919998168945,42.30869434826607,42.084324963539544,42.28625826569687,606000
2019-02-14,42.181541442871094,42.278766343299395,41.994566530186404,42.11423036018417,305200
2019-02-15,42.4807014465332,42.4807014465332,42.24885437060608,42.24885437060608,235900
2019-02-19,42.72003173828125,42.764906749122716,42.41339296339222,42.420873558371326,548100
2019-02-20,42.72751235961914,42.84717620225914,42.66020126982095,42.80230119139,215600
2019-02-21,42.705074310302734,42.720032647568274,42.57793272306232,42.6078493975934,312300
2019-02-22,42.8770866394043,42.996750464638374,42.81725330028194,42.90700045595484,209300
2019-02-25,42.966835021972656,43.04910443910973,42.84717119332164,42.98927109827887,319800
2019-02-26,43.01170349121094,43.10893123522949,42.89203967280753,42.929436934129605,282100
2019-02-27,42.83968734741211,42.89204009015985,42.71254578731344,42.83968734741211,343600
2019-02-28,42.58540725708008,42.66767667933734,42.53305450710017,42.63776000705999,523200
2019-03-01,42.660194396972656,42.73498321669452,42.56296664892576,42.712547141380085,280300
2019-03-04,42.67515563964844,42.802297212441886,42.47322238902579,42.75742220574437,221900
2019-03-05,42.832218170166016,42.892048665406335,42.712554326674294,42.76490707988873,184200
2019-03-06,42.645240783691406,42.86961012070759,42.645240783691406,42.83221570670671,244600
2019-03-07,42.45078659057617,42.74994761793914,42.41339217540855,42.690117124273144,302300
2019-03-08,42.51810073852539,42.51810073852539,42.36104247171346,42.36104247171346,211200
2019-03-11,42.914485931396484,42.914485931396484,42.65271932247604,42.65271932247604,208800
2019-03-12,43.10894012451172,43.116420719522864,43.00423461844424,43.00423461844424,230000
2019-03-13,43.243560791015625,43.303394136966254,43.1687719615883,43.18373029807596,221000
2019-03-14,43.19120407104492,43.198681812096154,43.116415248489815,43.183726329993696,206100
2019-03-15,43.6025505065918,43.6025505065918,43.40809784630644,43.42305618217622,181100
2019-03-18,43.9316291809082,43.9316291809082,43.79700700805369,43.79700700805369,345000
2019-03-19,44.111122131347656,44.17843321567212,43.998938892814095,44.12608046708763,423200
2019-03-20,44.260704040527344,44.44767896369516,43.87927359957887,44.006418030898665,501300
2019-03-21,44.320533752441406,44.320533752441406,43.939106171216054,44.013894997962716,441300
2019-03-22,43.75212860107422,44.043809001933006,43.75212860107422,44.043809001933006,1043300
2019-03-25,43.991458892822266,44.013894970229956,43.79700623159695,43.83440064494672,386100
2019-03-26,44.305580139160156,44.33549395931464,44.14851903154694,44.23826905104334,749500
2019-03-27,44.305580139160156,44.38036896906284,44.10364687480972,44.3429745541115,337000
2019-03-28,44.410282135009766,44.410282135009766,44.1933905512052,44.29809604600444,227800
2019-03-29,44.55238342285156,44.61969450773913,44.41776125307643,44.59725843044689,339500
2019-04-01,44.8814582824707,44.933813884538566,44.724400035299674,44.76927504292462,437700
2019-04-02,44.73188400268555,44.761797823680276,44.574822890660705,44.69448673367278,218300
2019-04-03,44.80666732788086,44.93381175027368,44.7543145813105,44.80666732788086,405700
2019-04-04,44.679527282714844,44.72439943672839,44.56734119165936,44.66456894704006,403700
2019-04-05,44.55238342285156,44.55986401728954,44.44767792480664,44.5000306738291,229600
2019-04-08,44.514984130859375,44.55985913353641,44.447673053349085,44.52246187146695,215600
2019-04-09,44.298099517822266,44.43272169397524,44.260705102893326,44.42524395219384,171800
2019-04-10,44.63465881347656,44.63465881347656,44.43272553180533,44.50751436812302,160200
2019-04-11,44.260704040527344,44.372890135632396,44.18591521246458,44.35793179941766,180300
2019-04-12,44.43272018432617,44.49255352858836,44.41028410673329,44.47759519252281,292500
2019-04-15,44.15599822998047,44.26818147128689,44.13355929931048,44.26818147128689,305400
2019-04-16,44.14103698730469,44.24574248016713,44.14103698730469,44.238264739110114,177800
2019-04-17,43.894229888916016,44.02885205556001,43.774566057789215,44.02885205556001,571400
2019-04-18,43.80448532104492,43.879274150045916,43.75213257014204,43.84187973554542,232500
2019-04-22,43.75212860107422,43.7895230121824,43.68481751987522,43.75960634209158,232700
2019-04-23,43.75212860107422,43.75212860107422,43.55767595150526,43.6549008497844,265400
2019-04-24,43.69230270385742,43.811969404605875,43.61751386890081,43.737177716638094,1812500
2019-04-25,43.74465560913086,43.74465560913086,43.59507509544846,43.65490558911482,224500
2019-04-26,43.879276275634766,43.879276275634766,43.699781936132986,43.75961243162988,324800
2019-04-29,43.782047271728516,43.79700560745743,43.70725559308395,43.78952501308756,229600
2019-04-30,43.75212860107422,43.77456467713699,43.580112027568035,43.7222119309834,257500
2019-05-01,43.475406646728516,43.939103622282374,43.475406646728516,43.707253708000096,253600
2019-05-02,43.61751174926758,43.752133928056324,43.520283986139916,43.65490616492866,222600
2019-05-03,43.9316291809082,44.006418008933636,43.7895264134446,43.79700700805369,251400
2019-05-06,43.565155029296875,43.595071700305674,43.19120520071922,43.258516283983624,255500
2019-05-07,43.251041412353516,43.565157919754554,43.161291393372395,43.44549408079069,294800
2019-05-08,43.228599548339844,43.34078563794971,43.13885238845841,43.280952296021574,469700
2019-05-09,43.13137435913086,43.18372996293683,42.749946767194125,42.86961060515574,508300
2019-05-10,43.355743408203125,43.46792664333969,42.98927132619792,43.20616290834364,340800
2019-05-13,42.78733825683594,42.88456601009955,42.66019668588493,42.869607674750476,469300
2019-05-14,43.161285400390625,43.22111873807013,43.049102171757404,43.064060506177285,511300
2019-05-15,43.355743408203125,43.37817948462829,43.07901848490932,43.108935155483366,209000
2019-05-16,43.61751174926758,43.752133928056324,43.5427229179454,43.61003400733977,241800
2019-05-17,43.13137435913086,43.35574655169347,43.13137435913086,43.243560455412165,220900
2019-05-20,43.243560791015625,43.3108718787046,43.14633303035133,43.258519127503284,359100
2019-05-21,43.44549560546875,43.482890021517726,43.310873425283596,43.39314285239798,237600
2019-05-22,43.28843688964844,43.40810073154957,43.25852021592039,43.34826738409348,431400
2019-05-23,43.14633560180664,43.16129393918579,42.96684125927908,43.10146344268032,327300
2019-05-24,43.4903678894043,43.4903678894043,43.37818179528111,43.408098467448745,176900
2019-05-28,43.153812408447266,43.54272058712884,43.153812408447266,43.49784557893104,485200
2019-05-29,43.14633560180664,43.1986883561281,43.034152350979696,43.131377264427485,392800
2019-05-30,43.04909896850586,43.07901278210918,42.944390635358,43.01918230189219,374700
2019-05-31,42.97431564331055,43.04910732436184,42.74246856457881,42.794821314809255,546300
2019-06-03,43.16876983642578,43.28843366942513,43.04162540904538,43.16128924204473,863200
2019-06-04,43.46792984008789,43.46792984008789,43.168771671378764,43.28095491476558,240500
2019-06-05,43.31087112426758,43.54272105627122,43.31087112426758,43.475409969754736,205100
2019-06-06,43.52775955200195,43.57263170440644,43.38565679469252,43.43053180010772,266400
2019-06-07,43.75212860107422,43.92414517458041,43.73717026602881,43.73717026602881,232600
2019-06-10,44.05128860473633,44.08868301500307,43.931624780076355,43.95406085563428,221700
2019-06-11,44.178436279296875,44.25322511017227,44.05877243808964,44.126083527081896,261900
2019-06-12,43.647430419921875,43.78205260486975,43.60255540726886,43.75961367203766,122400
2019-06-13,43.94658279418945,43.98398005962184,43.81944122135388,43.901710640487856,115600
2019-06-14,43.70725631713867,43.78204799702223,43.639945231748904,43.72969524760918,140300
2019-06-17,43.67412567138672,43.802156731561354,43.66659274257023,43.77203076223654,453900
2019-06-18,44.186248779296875,44.29168966237487,43.96030977578464,44.02809176413534,345100
2019-06-19,44.33687210083008,44.37452811949686,44.04315113307108,44.15612206204149,252000
2019-06-20,44.6531867980957,44.78121782990601,44.570341837291416,44.74356181307768,286900
2019-06-21,44.577877044677734,44.6305960489257,44.36700102768584,44.442313070048584,422600
2019-06-24,44.62306213378906,44.70590709700379,44.5778731884983,44.63812511555265,171400
2019-06-25,44.434783935546875,44.72097487380073,44.434783935546875,44.72097487380073,172600
2019-06-26,44.40465545654297,44.47243744142692,44.32934341688087,44.45737445890047,190100
2019-06-27,44.261558532714844,44.321807585903976,44.22390251535039,44.2992145500793,132700
2019-06-28,44.434783935546875,44.434783935546875,44.299219958109276,44.35193896344942,212700
2019-07-01,44.63059616088867,44.90925703886447,44.547754063269934,44.886661127722746,551900
2019-07-02,44.81134796142578,44.81134796142578,44.61553493191971,44.736035920762724,317600
2019-07-03,45.25569534301758,45.30841434543104,45.1577873929768,45.187913358061685,131200
2019-07-05,45.30088806152344,45.30088806152344,45.09754208972908,45.248169054721615,370900
2019-07-08,45.037288665771484,45.05235164906985,44.96950667741399,45.01469562730909,160900
2019-07-09,44.85654067993164,44.939382782436056,44.72850675247858,44.781225759967946,261000
2019-07-10,45.05235290527344,45.150260862957644,45.00716395411833,45.082478872710176,201500
2019-07-11,45.08247375488281,45.263223793043466,45.01469177233005,45.233100701996726,205900
2019-07-12,45.25569534301758,45.26322539780372,45.120131373105785,45.14272441043436,219700
2019-07-15,45.25569534301758,45.25569534301758,45.187913358061685,45.25569534301758,200000
2019-07-16,45.044822692871094,45.24063573458651,45.00716379722126,45.18791672824119,166900
2019-07-17,44.86406707763672,45.187914024651,44.75109614338701,45.1502580042245,3245000
2019-07-18,45.18791580200195,45.240634807266666,44.84900585889287,44.91678784751469,3207600
2019-07-19,44.93938064575195,45.1954456155128,44.93938064575195,45.180385505206544,409000
2019-07-22,44.81134796142578,44.85653690960573,44.736035920762724,44.82641094415243,236900
2019-07-23,44.73603439331055,44.78122046697749,44.66071948224882,44.728501465719326,154800
2019-07-24,44.76615905761719,44.81134800584193,44.713440054506755,44.72097298236264,380300
2019-07-25,44.464908599853516,44.705910580912054,44.44231268896224,44.705910580912054,213100
2019-07-26,44.41218948364258,44.54022052883138,44.38206351784395,44.54022052883138,204100
2019-07-29,44.299217224121094,44.37452926339608,44.22390518484612,44.37452926339608,210800
2019-07-30,44.13352584838867,44.16365181230256,44.043150829617055,44.16365181230256,179500
2019-07-31,43.515960693359375,44.06574664104459,43.30508467862264,44.06574664104459,351500
2019-08-01,43.29755401611328,43.839807028251855,43.19211313725421,43.4933670451969,302200
2019-08-02,43.455711364746094,43.69671334379667,43.410522416310286,43.60633831989526,271400
2019-08-05,42.356136322021484,42.875796261969235,42.23563534146969,42.875796261969235,471800
2019-08-06,42.67245101928711,42.75529598345865,42.43897910871002,42.627262073474434,388800
2019-08-07,42.98124313354492,42.98124313354492,42.49170618295142,42.61974011726365,205600
2019-08-08,43.3879280090332,43.3879280090332,43.026425051868216,43.07914405356081,334500
2019-08-09,42.9661750793457,43.27495904888115,42.89839309222962,43.16199098566784,229100
2019-08-12,42.64232635498047,42.79295330597652,42.521825368777655,42.66492226506046,363900
2019-08-13,42.67998123168945,42.87579712463219,42.476638157205144,42.484168211716764,558300
2019-08-14,41.979576110839844,42.2507011992459,41.97204318248473,42.19798219264164,467400
2019-08-15,42.431453704833984,42.59714365133717,42.348608731582395,42.431453704833984,290800
2019-08-16,43.064083099365234,43.109272048502866,42.89086310379303,42.92098906988478,248700
2019-08-19,43.46324157714844,43.51596058069613,43.38039660786771,43.51596058069613,201500
2019-08-20,43.42558288574219,43.523490831867974,43.365333830951734,43.47077183156256,228200
2019-08-21,43.68165588378906,43.756967934400464,43.65152991435627,43.741907822654646,203600
2019-08-22,43.49336624145508,43.5310222610095,43.297553215990014,43.500896296177906,170900
2019-08-23,43.19964599609375,43.63646100164581,43.15445704808346,43.47077393821512,571700
2019-08-26,43.35780715942383,43.50090119904642,43.312618207083325,43.440652135562864,385700
2019-08-27,43.43311309814453,43.583740045123385,43.41052006163722,43.52349099011388,237500
2019-08-28,43.49336624145508,43.636460264949925,43.44064723948486,43.46324027662349,146500
2019-08-29,43.56868362426758,43.63646561696706,43.425589583222234,43.523497544448254,303700
2019-08-30,43.60633850097656,43.67412048742665,43.402992541626304,43.59127551810207,330700
2019-09-03,43.229774475097656,43.29755646456929,43.08667756789623,43.13939657382191,300400
2019-09-04,44.088340759277344,44.088340759277344,43.90005779006926,43.937713809316854,202000
2019-09-05,44.186248779296875,45.941047548281574,44.073280714025906,44.156125685673466,5039600
2019-09-06,44.07327651977539,44.2088404835758,44.07327651977539,44.09586955608545,304200
2019-09-09,44.043148040771484,44.15611896181014,44.0205550057517,44.15611896181014,216900
2019-09-10,43.94524383544922,43.94524383544922,43.772023848646654,43.892524833942794,332300
2019-09-11,43.967838287353516,43.997961377951064,43.77955532451127,43.86993034224395,228600
2019-09-12,44.02055740356445,44.14105838518346,43.930182385592694,43.997961494344,202400
2019-09-13,44.2766227722168,44.46490573735842,44.26155979024906,44.374527845552,900600
2019-09-16,43.99797058105469,44.08081556170926,43.89253255948365,44.05822252079278,878100
2019-09-17,44.16366195678711,44.19378792762099,43.930192865251264,43.96031596311444,338000
2019-09-18,44.223907470703125,44.26156349228699,43.93018648019057,44.238970453930726,191500
2019-09-19,44.3067512512207,44.47243831633091,44.29168826839792,44.35193732671885,229000
2019-09-20,44.329345703125,44.42725365811137,44.23143774813864,44.321812774988196,282000
2019-09-23,44.20130920410156,44.26156113380144,44.02808921566961,44.02808921566961,205200
2019-09-24,44.14289093017578,44.28702664499625,44.05944744043822,44.27943903167592,282500
2019-09-25,44.27944564819336,44.34771970914538,44.09738341487267,44.1277251912081,510600
2019-09-26,44.52219772338867,44.55254239389296,44.40082193519855,44.55254239389296,506700
2019-09-27,44.25668716430664,44.484266395526966,44.112554326426725,44.46150934055301,273400
2019-09-30,44.44634246826172,44.537373593171864,44.34013900689533,44.34772372820981,229700
2019-10-01,44.1580696105957,44.287033011140245,44.10496788502648,44.287033011140245,738200
2019-10-02,44.08979415893555,44.16565583151732,43.9380737075989,44.15048349700096,270500
2019-10-03,44.453922271728516,44.453922271728516,44.13531192287657,44.16565659243208,208300
2019-10-04,44.742191314697266,44.78012070512647,44.469095073483786,44.529784413232115,202400
2019-10-07,44.68150329589844,44.80287907729543,44.613229237998446,44.70426035058947,351200
2019-10-08,44.41598892211914,44.59046641576862,44.378059535469546,44.46150592239467,187600
2019-10-09,44.764949798583984,44.840811475690046,44.64357400904137,44.74219274236571,211500
2019-10-10,44.833221435546875,44.833221435546875,44.4311646970312,44.635986873395865,178700
2019-10-11,45.303558349609375,45.47803586918576,45.18218255799854,45.23528428596408,261800
2019-10-14,45.295963287353516,45.333892673403014,45.144242849328855,45.212516901748614,154200
2019-10-15,45.58423614501953,45.675267258920265,45.364241633751405,45.42493097223652,183800
2019-10-16,45.97112274169922,45.97112274169922,45.72837116383651,45.76630344911206,176800
2019-10-17,46.1000862121582,46.1759449951653,46.009055093784276,46.09249859756125,240500
2019-10-18,45.955955505371094,46.08491602124946,45.90285088220253,45.99388489863961,241800
2019-10-21,46.274559020996094,46.274559020996094,46.15318324423508,46.2366296333508,153400
2019-10-22,46.13801956176758,46.2669829765357,46.06974549367324,46.23663830319881,171600
2019-10-23,46.198707580566406,46.213877022971516,45.993885382170525,46.039399497040336,213700
2019-10-24,46.016639709472656,46.107670827638714,45.90284864139478,46.107670827638714,202600
2019-10-25,45.895259857177734,45.97870624720308,45.78146879917467,45.83457052122228,182300
2019-10-28,45.933189392089844,46.01663578238197,45.87250294976718,45.87250294976718,211300
2019-10-29,45.97112274169922,45.97112274169922,45.826989896664195,45.842162232009,173900
2019-10-30,46.08491134643555,46.08491134643555,45.705611664571876,45.84215978154895,162000
2019-10-31,46.198707580566406,46.198707580566406,46.00147010337308,46.16077529307191,182900
2019-11-01,46.52490234375,46.615933460994576,46.4414559471812,46.46421300303558,315800
2019-11-04,46.65386199951172,46.78282250543276,46.60076027427047,46.77523778489558,187700
2019-11-05,46.38834762573242,46.600754500379956,46.33524590707054,46.5931668869559,326200
2019-11-06,46.464210510253906,46.464210510253906,46.282145391705406,46.35800706352848,683500
2019-11-07,46.35041809082031,46.53248320403216,46.28214403509422,46.47938148222595,181200
2019-11-08,46.04698181152344,46.04698181152344,45.910433694977804,45.94077836394948,800500
2019-11-11,45.69043731689453,45.69043731689453,45.38699932106938,45.569061539799115,224700
2019-11-12,45.265625,45.44769013005229,45.250455558503795,45.44010540930418,348000
2019-11-13,45.00011444091797,45.0456314449402,44.90908332670046,44.939427996048614,272900
2019-11-14,45.20493698120117,45.20493698120117,45.00770241650859,45.05321652706928,118700
2019-11-15,45.45527267456055,45.45527267456055,45.28838278164872,45.28838278164872,96900
2019-11-18,45.60699462890625,45.72837041585225,45.46286178622883,45.538720567884944,186100
2019-11-19,45.94078063964844,46.031811757245826,45.90284835464139,45.99388236606583,154300
2019-11-20,45.834571838378906,45.963535234076886,45.713196056806815,45.8952611760784,395500
2019-11-21,45.591819763183594,45.83457132360138,45.591819763183594,45.71319554339249,162500
2019-11-22,45.56147766113281,45.62975171787394,45.48561599040555,45.62975171787394,149700
2019-11-25,45.91043472290039,45.97112116837559,45.73595721314712,45.81940360777411,99000
2019-11-26,46.077327728271484,46.077327728271484,45.918019658769566,45.918019658769566,205700
2019-11-27,46.115257263183594,46.16835898857506,46.00146619801503,46.024223253517945,187300
2019-11-29,45.86491775512695,45.92560709447769,45.84216069978391,45.89526242480232,71500
2019-12-02,45.76630401611328,45.9787109259179,45.72078700951496,45.955953869532294,230400
2019-12-03,45.81940841674805,45.81940841674805,45.49321041833022,45.58424154301067,199100
2019-12-04,45.842159271240234,45.88008866023899,45.74354054478195,45.79664226814559,271700
2019-12-05,45.81940841674805,45.89526720501055,45.78147612878953,45.86492253217464,203400
2019-12-06,46.18353271484375,46.23663444183496,46.122843373238325,46.122843373238325,167900
2019-12-09,46.22146224975586,46.26697925610107,46.1835328580484,46.1987051934968,113900
2019-12-10,46.22904968261719,46.236637297700064,46.160775616007584,46.22904968261719,153500
2019-12-11,46.274559020996094,46.32007602246652,46.10008152276631,46.10766624276466,177800
2019-12-12,46.274559020996094,46.350417796286685,46.06215213512101,46.1380109104116,386700
2019-12-13,46.198707580566406,46.456631508861896,46.13043351443444,46.25939403166857,427200
2019-12-16,46.5780029296875,46.615932319791945,46.56283059488033,46.60075998498477,239900
2019-12-17,46.4793815612793,46.486966281338745,46.35800578354056,46.41869222549653,329200
2019-12-18,46.476959228515625,46.509224430780996,46.35596933548906,46.509224430780996,870900
2019-12-19,46.630218505859375,46.646351107374386,46.485028169203446,46.533422896769345,227900
2019-12-20,46.815738677978516,46.848003880919045,46.670548341725244,46.76734087356772,588300
2019-12-23,46.82380676269531,46.896401935973074,46.76734419203253,46.87220457054026,676200
2019-12-24,46.9609260559082,46.96899081764574,46.84800092970923,46.88026305363828,637500
2019-12-26,47.21904754638672,47.21904754638672,46.9851294253648,47.00932679065007,355100
2019-12-27,47.55781936645508,47.55781936645508,47.404564269623165,47.41262903178102,322300
2019-12-30,47.35616683959961,47.60621754617434,47.35616683959961,47.59008494475219,294100
2019-12-31,47.66268539428711,47.66268539428711,47.46909723274837,47.54976024879761,219900
2020-01-02,47.953060150146484,47.961124912261354,47.815934578361144,47.832067179569954,424600
2020-01-03,47.73527526855469,47.81593519866605,47.55781972993477,47.58202017055146,321300
2020-01-06,47.4932975769043,47.533627546355,47.35617198839657,47.461032370551955,590400
2020-01-07,47.469093322753906,47.549756332159,47.428763356540955,47.50135852651594,1086500
2020-01-08,47.17064666748047,47.19484403119021,47.041588932730036,47.10611933859481,4684800
2020-01-09,47.17871856689453,47.25131374125037,47.13838552126844,47.186783329832124,388000
2020-01-10,47.194847106933594,47.36423789487846,47.17064974164688,47.275510119521456,525300
2020-01-13,47.57395935058594,47.59009195438429,47.27551387276526,47.32390860718077,517400
2020-01-14,47.56589126586914,47.573956028715415,47.45296612414525,47.573956028715415,342200
2020-01-15,47.50135803222656,47.565888439079146,47.477160668146425,47.49329326985957,285000
2020-01-16,47.985328674316406,47.99339343698956,47.80787312571434,47.87240045803737,284800
2020-01-17,48.106319427490234,48.154717235323325,48.00145904900821,48.049856856841295,244700
2020-01-21,47.461029052734375,47.51749162141417,47.38036911947158,47.51749162141417,704000
2020-01-22,47.509429931640625,47.711082854819104,47.509429931640625,47.62235507630387,446000
2020-01-23,47.4852294921875,47.501362095280555,47.19484879047132,47.42876691985151,626500
2020-01-24,47.364234924316406,47.64654775821973,47.3239018820624,47.64654775821973,518200
2020-01-27,46.702816009521484,46.83187375111583,46.52536046096203,46.83187375111583,540300
2020-01-28,46.735076904296875,46.783474709985235,46.58182180175254,46.63828436989936,379900
2020-01-29,46.88026809692383,46.98512847266594,46.799608162955586,46.9044685386977,224000
2020-01-30,46.856075286865234,46.856075286865234,46.468902027619094,46.622157147847915,401900
2020-01-31,46.38823699951172,46.61409036535706,46.267247092039,46.61409036535706,583700
2020-02-03,46.31563949584961,46.47696244134926,46.291442130967404,46.331772098097495,391700
2020-02-04,46.8480110168457,46.9448035634317,46.82381057246452,46.9286709595041,338200
2020-02-05,47.03351974487305,47.09804706768702,46.94479198364737,47.09804706768702,332300
2020-02-06,46.9770622253418,47.106119961799635,46.95286178433278,47.106119961799635,179700
2020-02-07,46.815738677978516,47.02545634313374,46.686680943195505,46.977061615702056,557800
2020-02-10,46.94479751586914,46.985127482002916,46.82380454048862,46.83187237990288,434300
2020-02-11,47.2755126953125,47.39650260531744,47.26744485512449,47.26744485512449,204600
2020-02-12,47.45296859741211,47.46909812394534,47.33197560955641,47.444900757165996,355700
2020-02-13,47.469093322753906,47.549756332159,47.388433390328004,47.388433390328004,198800
2020-02-14,47.77560806274414,47.77560806274414,47.67881552548291,47.703012890553396,238000
2020-02-18,47.517494201660156,47.54169156755709,47.40456905816862,47.49329683576322,538100
2020-02-19,47.4932975769043,47.63042008843259,47.48522973682649,47.598154882080244,235300
2020-02-20,47.17064666748047,47.291639639987366,46.95286116315553,47.24324183558878,322100
2020-02-21,47.098052978515625,47.15451554693099,46.94479787524239,47.02545780812741,207400
2020-02-24,46.057525634765625,46.243049028655946,45.976865697666724,45.98493046058487,563700
2020-02-25,45.53322982788086,46.19465115752832,45.50096462229334,46.10592338065231,435900
2020-02-26,45.2912483215332,45.807479318763676,45.2912483215332,45.525163376729886,1019100
2020-02-27,44.33137512207031,44.98473166004196,44.33137512207031,44.96053429540646,931700
2020-02-28,43.669952392578125,43.669952392578125,42.782680845878374,43.21018401767273,1037000
2020-03-02,44.09745407104492,44.14585187407253,43.50862798061465,43.702216115746054,1161300
2020-03-03,44.371707916259766,45.0815270682651,44.26685061150467,44.56529607661737,1113600
2020-03-04,45.49290084838867,45.49290084838867,45.04926195436403,45.097659763797466,669600
2020-03-05,45.226715087890625,45.43643584054873,45.03313001449158,45.19444988333103,1445900
2020-03-06,44.444305419921875,44.52496843970439,44.05713215590457,44.32331550571749,689900
2020-03-09,41.79054641723633,43.28277658622509,41.70988341430408,42.2019169627645,879800
2020-03-10,42.427772521972656,42.750418420085786,41.726021232102816,42.70202061227502,816200
2020-03-11,41.121063232421875,42.00027009002064,40.95167551745737,41.822814535117224,978200
2020-03-12,36.69276809692383,38.74962734511959,36.49917993236187,38.717362138196016,3854800
2020-03-13,37.11219787597656,37.910744703386754,36.01520869900903,37.8220169362324,1225900
2020-03-16,33.11140823364258,34.410053506640196,32.96621788778078,33.651839649234695,1463500
2020-03-17,33.1436767578125,33.41792487446212,32.3935275880644,33.00655116099788,1332600
2020-03-18,30.473787307739258,31.546582284659017,29.844631202164827,30.917426179084586,1117100
2020-03-19,29.66717529296875,29.965623816787296,28.642778135461676,29.917226010416368,2471700
2020-03-20,30.030149459838867,31.046481797629824,29.868826524652153,30.102744626823938,1866600
2020-03-23,29.659109115600586,30.191472652369114,29.23160594914408,29.860762017058047,2488800
2020-03-24,32.15154266357422,32.35319558737789,31.1916727770019,31.683706403399572,2154400
2020-03-25,34.03901290893555,34.45845134434938,32.73230287201738,32.73230287201738,1401600
2020-03-26,34.68429946899414,35.01501010829376,33.45824944410848,33.79702792267199,1364000
2020-03-27,34.168067932128906,34.272928301878885,33.19206863278111,33.50664666505196,1981800
2020-03-30,34.474586486816406,34.474586486816406,33.53891700872065,33.68410428842662,4624200
2020-03-31,34.6117057800293,34.918219068597736,34.14387262303677,34.208399955010556,1311100
2020-04-01,33.40985870361328,33.966422805294364,33.19207622910652,33.966422805294364,809300
2020-04-02,33.248531341552734,33.60343934002766,32.72423256752972,33.07107580382573,718700
2020-04-03,32.5306510925293,33.23240240468083,32.4015902676027,32.86942652702334,1120600
2020-04-06,33.684104919433594,33.918023062584425,33.361462069516904,33.361462069516904,845200
2020-04-07,34.724632263183594,35.539311784372536,34.724632263183594,35.53124394445141,1175400
2020-04-08,35.39411926269531,35.55544220444093,34.89401783558599,35.15213638856648,994900
2020-04-09,36.19266128540039,36.378181582394234,35.749025525025644,35.749025525025644,1902100
2020-04-13,35.982948303222656,36.16040386123423,35.55544508835417,35.886155761116086,1574700
2020-04-14,36.208797454833984,36.458848180804885,35.98294717136307,36.200732691986886,862000
2020-04-15,35.07147216796875,35.37798543900169,35.063407405800625,35.144067335398155,779800
2020-04-16,34.885955810546875,35.15213914686071,34.74883329933994,35.095673497386734,849600
2020-04-17,35.668365478515625,35.82162057283478,35.498974706187155,35.805487971804496,924900
2020-04-20,35.15213394165039,35.60383445472053,35.09566830053765,35.33765423480119,622400
2020-04-21,34.27293014526367,34.67623596770887,34.232597101435765,34.41005264794501,673800
2020-04-22,34.60364532470703,34.79723042170425,34.57138011621428,34.684305268959264,763500
2020-04-23,34.82949447631836,35.361858090893314,34.78109666518262,34.990817436457945,622500
2020-04-24,34.805294036865234,34.821423562173806,34.53104595193056,34.78109359494385,1052000
2020-04-27,35.4425163269043,35.49091413571102,35.313458580399065,35.313458580399065,662200
2020-04-28,35.54737854003906,36.20879990959846,35.52318117287796,36.02327958174444,1514900
2020-04-29,36.3781852722168,36.45078044596716,36.15233498809537,36.27332797000576,1155400
2020-04-30,36.01521301269531,36.56370920536418,35.97487996680955,36.32979107793611,732100
2020-05-01,35.063411712646484,35.660302649734206,34.974683933003305,35.498979693744744,583700
2020-05-04,35.015010833740234,35.15213641125523,34.79722532378997,34.84562312943864,1001500
2020-05-05,35.297325134277344,35.62803579410815,35.28119560870646,35.418318114914186,673900
2020-05-06,35.02307891845703,35.56351036337173,35.02307891845703,35.49897994971885,521100
2020-05-07,35.571571350097656,35.765159493524344,35.4586462151734,35.50704402027486,460200
2020-05-08,36.27333068847656,36.4023884429294,36.087810358761836,36.12814033009467,505700
2020-05-11,36.33785629272461,36.45078143785822,36.224931147591,36.3217236895656,796400
2020-05-12,35.45058822631836,36.136207006204145,35.45058822631836,36.031346613604995,641400
2020-05-13,35.09566879272461,35.490909824182864,34.95048153790092,35.47477722320712,494000
2020-05-14,34.84562683105469,34.942419375655035,34.208402835395106,34.36972579438202,1292900
2020-05-15,34.55524444580078,34.62783961997811,34.33745892326879,34.41811886036388,945900
2020-05-18,35.813560485839844,35.813560485839844,35.289261653341285,35.31345901955588,467500
2020-05-19,35.571571350097656,35.926482433550056,35.56350658773699,35.757094731163676,359500
2020-05-20,35.934547424316406,36.087805602955584,35.821622288674384,35.89421745829842,380500
2020-05-21,35.539310455322266,35.821623302416704,35.345722305186605,35.579640422481575,851700
2020-05-22,35.05534362792969,35.13600664385137,34.918221116331985,35.071476231114026,349900
2020-05-26,36.50724411010742,36.63630185875243,36.34592423203575,36.41045156786853,749200
2020-05-27,36.3781852722168,36.636300761778244,36.15233498809537,36.612103396187905,357400
2020-05-28,36.53144073486328,36.81375356895871,36.45884556652744,36.64436586850145,634300
2020-05-29,36.8863525390625,36.96701555495998,36.507244056792935,36.716964821146945,823900
2020-06-01,37.67683029174805,37.67683029174805,37.19286452150929,37.24932709213784,260700
2020-06-02,38.547969818115234,38.61249714728407,38.27372174594468,38.27372174594468,382000
2020-06-03,39.36264419555664,39.37071203440481,38.8706106431031,38.95127364668997,442900
2020-06-04,38.999671936035156,39.27392001933607,38.89481463725779,38.951277206439215,424200
2020-06-05,40.12086868286133,40.21766122861463,39.8385527320265,40.03214090051266,448700
2020-06-08,40.70162582397461,40.70162582397461,40.193462666146885,40.28218736887751,855300
2020-06-09,40.233795166015625,40.31445511065372,39.97567965079814,40.169264748721424,456900
2020-06-10,39.84661865234375,40.120866749579356,39.70142830222023,40.04827157451759,374400
2020-06-11,37.717159271240234,38.83835204557141,37.717159271240234,38.717359067693174,841000
2020-06-12,38.59636306762695,38.88674373021383,38.11239734796817,38.75768599983955,447100
2020-06-15,38.467308044433594,38.523770613134765,37.652631641045744,37.910747119959474,715400
2020-06-16,38.88674545288086,39.28198650046179,38.467307041338756,39.144860925063824,341900
2020-06-17,39.02387237548828,39.20132484562824,38.959341966725205,39.104532309462876,330500
2020-06-18,38.92707824707031,39.12873116667734,38.8544830729326,38.91901348415695,504700
2020-06-19,38.64476776123047,39.20939658616545,38.531842611639384,39.20939658616545,434800
2020-06-22,38.733489990234375,38.8302825221521,38.443109317502085,38.572167052385424,486000
2020-06-23,38.63669967651367,38.94320989134692,38.63669967651367,38.81415214905416,405700
2020-06-24,37.91881561279297,38.4108492544325,37.74136312669476,38.4108492544325,644900
2020-06-25,38.07207107543945,38.07207107543945,37.57197270637444,37.69296260953022,457200
2020-06-26,37.692962646484375,38.06400327302608,37.65263267872624,38.06400327302608,419100
2020-06-29,37.789756774902344,37.81395721815915,37.46711394227938,37.62843689708058,372600
2020-06-30,37.636497497558594,37.77362307091624,37.50743976338739,37.5639023297761,411500
2020-07-01,38.10433578491211,38.23339352612097,37.805887258320965,37.87848243006216,653200
2020-07-02,38.9674072265625,39.24165529169112,38.87867945887692,38.98353982768525,414200
2020-07-06,39.822418212890625,39.91114599097174,39.66916309973741,39.73369043480951,510200
2020-07-07,38.9674072265625,39.322315220325805,38.9674072265625,39.05613191726905,305100
2020-07-08,39.169063568115234,39.17712833089598,38.773822498313585,38.97547541460479,324300
2020-07-09,38.5560302734375,39.12065895624295,38.31404743137196,38.83834615332962,279000
2020-07-10,38.59636306762695,38.6205635074952,38.37858064766581,38.48343793817184,417900
2020-07-13,38.314056396484375,38.86255260789767,38.233396455915155,38.68509704626999,344000
2020-07-14,38.685089111328125,38.685089111328125,38.2737185756367,38.30598377603807,268700
2020-07-15,38.65283203125,38.87868540452879,38.59636945717518,38.77382501968433,246500
2020-07-16,38.338253021240234,38.4753786099293,38.24146047903464,38.4753786099293,285500
2020-07-17,38.34632110595703,38.37858631255788,38.128535576870526,38.24146072299402,301100
2020-07-20,38.53184127807617,38.54797388131364,38.362453559551945,38.44311349875983,326200
2020-07-21,38.5399055480957,38.75769107354581,38.52377294506465,38.652830692333666,562100
2020-07-22,38.70122528076172,38.70929312009555,38.51570497681247,38.57216754423271,333100
2020-07-23,38.34632110595703,38.60443660480487,38.19306291309275,38.515708825142276,400000
2020-07-24,38.1365966796875,38.28985485784209,38.064001510293004,38.096266713797036,764300
2020-07-27,38.28985595703125,38.31405332186433,38.152730376692205,38.2253255481707,499500
2020-07-28,38.193058013916016,38.370513550478265,38.0720681201519,38.12046284686592,336700
2020-07-29,38.87868118286133,38.9028785471289,38.68509303778319,38.71735824145941,498600
2020-07-30,38.49150848388672,38.52377061101474,38.007539653215694,38.289855573685266,440100
2020-07-31,38.233394622802734,38.60443525479868,37.991408658738166,38.60443525479868,789600
2020-08-03,38.37051773071289,38.37051773071289,38.080137030877296,38.24145998378367,403200
2020-08-04,38.830284118652344,38.830284118652344,38.41084569379157,38.4511756606672,431500
2020-08-05,39.00773620605469,39.25778382469673,39.00773620605469,39.1287260959521,409900
2020-08-06,38.98353958129883,39.01580170636137,38.80608404704922,38.83834924909079,517100
2020-08-07,38.89480972290039,38.89480972290039,38.636694274404086,38.741551559932745,385200
2020-08-10,39.02387237548828,39.02387237548828,38.814151623987534,38.886746795356366,298500
2020-08-11,39.13679885864258,39.644965075685775,39.080336287524375,39.51590733070426,467500
2020-08-12,39.68529510498047,39.7740228817251,39.55623735980083,39.612699931005714,327100
2020-08-13,39.491703033447266,39.757886337291296,39.435240467840174,39.68529117051374,313400
2020-08-14,39.42717742919922,39.52396996347396,39.37877962357225,39.39491222544791,350400
2020-08-17,39.78208923339844,39.7982218368126,39.62883411643311,39.63689887965045,367700
2020-08-18,39.725624084472656,39.870814428807755,39.60463110520032,39.830484461376734,811000
2020-08-19,39.2658576965332,39.74982348443955,39.2658576965332,39.72562611813807,273700
2020-08-20,39.725624084472656,39.76595405190368,39.25778784673084,39.25778784673084,325000
2020-08-21,39.86274719238281,39.895012397607616,39.66109427519679,39.74982205107533,369300
2020-08-24,40.04827117919922,40.08860114784001,39.935342959233886,40.08860114784001,333500
2020-08-25,40.01600646972656,40.08053380495614,39.84661875314707,40.06440120190389,428600
2020-08-26,40.128929138183594,40.233789513063684,40.08053133201297,40.128929138183594,419200
2020-08-27,39.73368835449219,40.04826948130379,39.56430064719465,39.97567431003638,471600
2020-08-28,40.4193115234375,40.4193115234375,40.16926079649429,40.20152600196684,674600
2020-08-31,40.088600158691406,40.21765790134518,39.9918076209459,40.16926009398278,571600
2020-09-01,39.927276611328125,40.01600438500331,39.798218870613105,40.007936545407794,672400
2020-09-02,40.41123962402344,40.41123962402344,40.016001666116544,40.112794195831434,575400
2020-09-03,39.830482482910156,40.40317599212983,39.73368687350862,40.32251606127435,377900
2020-09-04,39.725624084472656,39.87887919150224,39.16906314917431,39.77402189157745,693800
2020-09-08,39.435245513916016,39.66916364535094,39.290055161782576,39.41104814755359,353400
2020-09-09,39.88694763183594,39.967607567912644,39.725624682703206,39.80628461877991,593400
2020-09-10,39.39491653442383,39.99181056119398,39.35458656381303,39.94341275027331,525000
2020-09-11,39.435245513916016,39.798221394249616,39.29812300188968,39.64496627898852,584900
2020-09-14,39.77402114868164,39.83048371742632,39.66109293421305,39.70949074041388,423500
2020-09-15,40.24185562133789,40.330583397128265,40.16926044814389,40.16926044814389,571900
2020-09-16,40.45964050292969,40.69355862141952,40.387045330880404,40.45157574024834,407300
2020-09-17,40.53223419189453,40.572564157784164,40.249921353687924,40.27411871782587,394100
2020-09-18,39.99987030029297,40.427373473633494,39.935339893837494,40.185390603383745,454000
2020-09-21,39.20939254760742,39.39491285668131,38.935144465285326,39.39491285668131,375100
2020-09-22,39.040008544921875,39.217461031276386,38.838355614580294,39.20939626793372,649700
2020-09-23,38.40277862548828,38.95933951970584,38.39471078641001,38.95933951970584,349000
2020-09-24,38.64476776123047,38.8141554856171,38.35438704686508,38.46731219645616,600000
2020-09-25,38.5560302734375,38.58829547290725,38.088197189041296,38.24145227105442,705800
2020-09-28,39.17713165283203,39.241662068467,39.072271265915,39.152934285458706,812300
2020-09-29,38.910945892333984,39.08033359401399,38.741555113674835,38.93514325629423,364100
2020-09-30,39.20939254760742,39.386848094103854,39.01580439897685,39.0561343658226,385400
2020-10-01,39.62076187133789,39.685292277820274,39.411044204228425,39.46750677141094,636800
2020-10-02,39.60462951660156,39.701425126928534,39.2255241455813,39.29811931483696,336800
2020-10-05,40.01600646972656,40.03213907277881,39.76595573788583,39.79015618095391,261900
2020-10-06,39.76595687866211,40.209592705897684,39.757892115394334,40.032140221191156,208900
2020-10-07,39.935340881347656,40.04826909543719,39.8627457107797,39.975673924869234,552000
2020-10-08,40.11280059814453,40.16119840921616,39.95954547855367,40.04020542002686,267700
2020-10-09,40.18539047241211,40.21765567553469,40.016002771487265,40.072465338462216,237300
2020-10-12,40.338645935058594,40.41124110424861,40.1531256309017,40.16119347024456,392000
2020-10-13,39.99987030029297,40.169258001769876,39.95147249545136,40.169258001769876,293500
2020-10-14,39.76595687866211,40.01600761767611,39.725626908364234,39.999875014161056,208500
2020-10-15,39.65303421020508,39.685299419252445,39.36265348273816,39.427183900832894,343600
2020-10-16,39.29005432128906,39.50783984483036,39.25778911550975,39.39491470158214,447300
2020-10-19,39.32231903076172,39.59656712246569,39.20939388893879,39.564301917093616,361300
2020-10-20,39.435245513916016,39.59656846928422,39.3707181779564,39.402980307446484,246000
2020-10-21,39.435245513916016,39.580435866049456,39.39491554431883,39.39491554431883,334800
2020-10-22,39.467506408691406,39.54816633907396,39.298118708700585,39.49977161163607,439900
2020-10-23,39.636898040771484,39.66109540689087,39.46751032397694,39.59656807157936,270200
2020-10-26,39.04806900024414,39.354582282101205,38.89481389780521,39.19325934023016,554500
2020-10-27,38.74155807495117,38.96741143810047,38.70929594619788,38.83028585222632,443200
2020-10-28,37.57196807861328,37.9268760585937,37.55583547811705,37.838148294353864,443000
2020-10-29,37.96720504760742,38.063997571123494,37.63649443836357,37.80588212376141,534500
2020-10-30,37.894615173339844,37.94301298034048,37.69296225963946,37.894615173339844,1057300
2020-11-02,38.16885757446289,38.24951749713844,37.9914020522021,38.16079281298686,265800
2020-11-03,38.92707824707031,39.06420383243236,38.72542532746328,38.79802050160099,276600
2020-11-04,39.62076187133789,39.846615217047095,39.11259876669524,39.11259876669524,404200
2020-11-05,40.64516067504883,40.74195321178961,40.40317779470724,40.53223553602137,567700
2020-11-06,40.548370361328125,40.72582591923109,40.46770734547249,40.612897697033205,327000
2020-11-09,41.50016784667969,42.54876232167588,41.42757267888108,42.54876232167588,1359700
2020-11-10,42.21805191040039,42.37130700902323,42.032531608810906,42.08092633628175,1034700
2020-11-11,42.911739349365234,42.911739349365234,42.750416407901845,42.77461377217864,579300
2020-11-12,42.000267028808594,42.34711027339665,41.95993706299166,42.34711027339665,387200
2020-11-13,42.35517501831055,42.38744022174245,41.951869206349194,41.9760696474127,486600
2020-11-16,42.74235153198242,42.83107622642149,42.54876338734452,42.70201848898928,325900
2020-11-17,42.887542724609375,42.992403107438825,42.66976027277971,42.73428760891975,568900
2020-11-18,42.710086822509766,43.145657845249964,42.710086822509766,42.96820230036043,479300
2020-11-19,42.9036750793457,42.9036750793457,42.605229612845584,42.677824788694736,488900
2020-11-20,42.81494140625,42.92786652791421,42.75041100702542,42.79074096805139,223000
2020-11-23,42.710086822509766,42.95206969837236,42.5971616855725,42.919804494396224,375000
2020-11-24,43.089195251464844,43.17792303019349,42.83914759538895,42.90367493093196,693400
2020-11-25,43.26665115356445,43.34731416986003,42.99240305211839,43.089195594693635,449900
2020-11-27,43.44410705566406,43.50863439223087,43.34731451232411,43.39570924550435,140500
2020-11-30,42.67782211303711,43.34731125689277,42.65362474826424,43.27471608559492,599000
2020-12-01,43.44410705566406,43.500569629027325,43.08113117191491,43.21825676221103,314100
2020-12-02,43.2182502746582,43.31504280346849,43.081124704946205,43.23437979864407,312400
2020-12-03,43.41990280151367,43.6296204583133,43.33923979737614,43.37956976095541,430200
2020-12-04,43.58929443359375,43.661889605387955,43.419906725067015,43.419906725067015,368600
2020-12-07,43.28277587890625,43.436030966504646,43.234378077937805,43.37956840386424,225600
2020-12-08,43.31504821777344,43.31504821777344,43.1375926619571,43.21825567686425,377800
2020-12-09,43.31504821777344,43.395708155701186,42.919807137176896,43.347313423736296,2477300
2020-12-10,43.516700744628906,43.62962588749465,43.177922239052315,43.30697998475307,2116200
2020-12-11,43.331180572509766,43.39570790708641,43.16985762059908,43.24245279510992,790800
2020-12-14,43.565093994140625,43.79901211182178,43.50056666197505,43.72641694002347,446100
2020-12-15,43.8393440246582,43.89580659667614,43.52476595856413,43.61349373658644,447200
2020-12-16,44.10552215576172,44.178117322218064,43.93613445968993,43.976464423948116,525400
2020-12-17,44.2749137878418,44.3475089607518,44.210386454688084,44.25071642253157,393300
2020-12-18,43.742549896240234,44.01679798336629,43.64575735871907,43.87967547829291,362200
2020-12-21,42.99756622314453,43.08712491245506,42.525332432351036,42.87543593769044,1012300
2020-12-22,42.989418029785156,43.07083924683189,42.87543143182159,43.0301270853576,443600
2020-12-23,43.49422073364258,43.534932898469535,43.380234126292144,43.396518371042504,537100
2020-12-24,43.65706253051758,43.730340083064284,43.591928653755105,43.591928653755105,200600
2020-12-28,43.8117561340332,43.84432151561496,43.73033491532404,43.795471890291374,427400
2020-12-29,44.129295349121094,44.33284375653779,44.080442613216285,44.194429224425285,330700
2020-12-30,44.33283615112305,44.568953008636484,44.32469247691821,44.42239793196619,281700
2020-12-31,44.21885681152344,44.414261541863134,44.088585955996244,44.414261541863134,389800
2021-01-04,43.76290512084961,44.39797512220305,43.583781538559336,44.316557006199496,483200
2021-01-05,44.3246955871582,44.438685292712776,43.990876357074555,44.12929087515416,298900
2021-01-06,44.28398895263672,44.56081489803216,44.19442716061142,44.19442716061142,403500
2021-01-07,43.8931770324707,44.02344788477094,43.811758914496345,43.96645458100846,431900
2021-01-08,44.21070861816406,44.218852292872306,43.811755522712595,44.02344447659882,464800
2021-01-11,43.63262939453125,43.80360928256814,43.60820458364075,43.73847541822624,460900
2021-01-12,43.76290512084961,43.76290512084961,43.477938608935126,43.665202760464936,496200
2021-01-13,43.85246658325195,43.93388469864515,43.632633944607896,43.67334300230449,382400
2021-01-14,44.129295349121094,44.186288654725594,43.893178451101186,43.893178451101186,408400
2021-01-15,43.681488037109375,43.84432427296457,43.4942207752521,43.738481340839115,445000
2021-01-19,44.28398895263672,44.38169131398156,44.186286591291875,44.38169131398156,301200
2021-01-20,44.56081771850586,44.59338620964958,44.28399175558874,44.3002760011606,386700
2021-01-21,44.14558029174805,44.275851150316406,43.88503857461132,44.2107141680811,279600
2021-01-22,43.8931770324707,43.92574552202129,43.6896286316327,43.6896286316327,408600
2021-01-25,43.88502883911133,43.88502883911133,43.36394241453396,43.68962104165712,347400
2021-01-26,44.01530456542969,44.03972937811561,43.819896746236594,43.90945853395419,365900
2021-01-27,43.46165466308594,43.893176271492514,43.38837711581859,43.526788535155774,420600
2021-01-28,43.673343658447266,43.84432356688298,43.37209289988405,43.39651771368857,255700
2021-01-29,43.201114654541016,43.60006778958265,43.05455955426796,43.60006778958265,393900
2021-02-01,43.38022994995117,43.50236022087,43.24181854175152,43.46165116586433,390500
2021-02-02,43.71405029296875,43.71405029296875,43.42094322586015,43.53492982516381,285800
2021-02-03,43.754764556884766,43.84432324213866,43.6000657881965,43.7466208817422,247400
2021-02-04,43.63262939453125,43.67333844798265,43.49421488571447,43.65705420542175,231500
2021-02-05,44.047874450683594,44.047874450683594,43.844326041750854,43.844326041750854,242000
2021-02-08,44.09672546386719,44.17000301245574,44.023447915278645,44.129293953440346,349600
2021-02-09,44.235145568847656,44.29213887983544,44.08859045319263,44.21071764563681,239300
2021-02-10,44.194427490234375,44.47939711297686,44.137434186866294,44.41426013432643,263800
2021-02-11,44.4305419921875,44.46311047976314,44.29213057884392,44.34098020430545,279500
2021-02-12,44.57709503173828,44.60151984334655,44.422399381716254,44.422399381716254,205000
2021-02-16,44.83763885498047,45.01676243108734,44.7399364979685,44.829498286021945,321800
2021-02-17,44.65037536621094,44.72365291152247,44.1700010371469,44.1700010371469,325100
2021-02-18,44.397972106933594,44.42240002479728,44.023443829309905,44.15371466960953,304500
2021-02-19,44.52824783325195,44.707371423032086,44.45497028342391,44.593384813500066,194100
2021-02-22,44.54452896118164,44.78064583920482,44.283987270225694,44.283987270225694,373000
2021-02-23,45.25288391113281,45.383154769035045,44.7480816190972,44.90278039816389,437000
2021-02-24,45.3750114440918,45.43200475074568,44.84578743860534,45.19588784837827,272300
2021-02-25,44.95976638793945,45.92051497333626,44.90277309100081,45.53784303168957,764100
2021-02-26,44.49568557739258,44.86207024639005,44.48754190133792,44.82136118382393,369900
2021-03-01,45.147037506103516,45.24473987227039,44.886495792390384,44.95162966786756,373100
2021-03-02,44.99233627319336,45.13075079812063,44.75622249333257,45.04118900656217,386400
2021-03-03,44.71550750732422,44.9027747538022,44.61780515265447,44.8539220235164,197800
2021-03-04,44.69108581542969,45.28544676551308,44.47125317264782,44.99233657513725,248100
2021-03-05,44.47125244140625,44.58523904558877,43.942028478287114,44.45496819710846,327500
2021-03-08,44.21070861816406,44.536387276652576,44.21070861816406,44.324695216864484,442300
2021-03-09,44.63409423828125,44.772508769489534,44.51196395226818,44.61780999308603,288300
2021-03-10,44.80507278442383,44.87020976321367,44.601524384558694,44.87020976321367,248600
2021-03-11,45.02490997314453,45.10633120484931,44.75622767327477,44.8539300454181,267000
2021-03-12,45.04119110107422,45.08190016115693,44.69108759373898,44.73179665382168,268700
2021-03-15,45.33430099487305,45.407578544884565,45.049334470329455,45.049334470329455,218800
2021-03-16,45.74953842163086,45.83095964722904,45.668120301934856,45.798391156989766,384300
2021-03-17,45.83095932006836,45.96123017419333,45.45643100269682,45.80653139961219,178000
2021-03-18,45.342437744140625,45.594838863114695,45.293588118850224,45.47270858808488,213300
2021-03-19,45.57855987548828,45.69254648884666,45.309877587701,45.56227562987962,268700
2021-03-22,45.44828414916992,45.651832538625506,45.415715661440565,45.51342112462864,238000
2021-03-23,45.20402526855469,45.56226930450374,45.20402526855469,45.456426381594916,234700
2021-03-24,45.00862121582031,45.23659753584239,44.97605583230467,45.033049135834666,238000
2021-03-25,44.95976638793945,45.016759684878096,44.65851255451891,44.739933768646786,274400
2021-03-26,45.56227493286133,45.6599804050186,45.204030852658,45.27730840382484,430000
2021-03-29,45.545989990234375,45.63555178538965,45.36686950582599,45.48085611569555,241500
2021-03-30,45.66811752319336,45.725110824693154,45.51342186282277,45.51342186282277,196300
2021-03-31,45.399436950683594,45.48899874990381,45.20403221229615,45.31801882733921,247600
2021-04-01,45.611122131347656,45.71696816038295,45.35872101777175,45.52970091443518,244900
2021-04-05,46.00193786621094,46.026362680038844,45.70068710735912,45.84724220213072,246900
2021-04-06,45.79024887084961,45.87980755679706,45.70068707900009,45.72511189281285,716300
2021-04-07,46.08335494995117,46.12406711328788,45.8635254186233,45.96122777764702,169100
2021-04-08,46.30318832397461,46.352041057214834,46.124067847231224,46.246195021478705,177900
2021-04-09,46.00193786621094,46.27062324192622,45.961228807863726,46.107783902635326,5836800
2021-04-12,45.88795471191406,46.08335944903874,45.839101974681746,46.0019413262205,221300
2021-04-13,46.27876663208008,46.31947569290864,45.887954057501844,45.887954057501844,280700
2021-04-14,46.55559539794922,46.62887295421492,46.474177271388406,46.55559539794922,354100
2021-04-15,46.930118560791016,46.95454337487826,46.612583554048385,46.68586110221223,298300
2021-04-16,47.19879913330078,47.19879913330078,47.01967556582811,47.076668863496366,143000
2021-04-19,47.084815979003906,47.117381361550144,46.91383296760163,47.02781957126847,252700
2021-04-20,46.80799102783203,46.930118203239914,46.677720177189045,46.79984735259693,199600
2021-04-21,46.816131591796875,46.856840650261496,46.50673715684198,46.571874135107045,191700
2021-04-22,46.694000244140625,46.9382608011543,46.637006942411304,46.91383288191173,197100
2021-04-23,46.87312316894531,47.06038731570913,46.824270437045286,46.88126684387963,764700
2021-04-26,46.98711013793945,47.117380984788745,46.921976267465794,46.921976267465794,131000
2021-04-27,46.75099182128906,46.856837851697,46.74285125244317,46.83241303925743,321100
2021-04-28,46.96268844604492,47.060390811200016,46.750996364656324,46.90569514087927,149900
2021-04-29,46.97896957397461,47.076671932646754,46.78356175072833,47.02781920035969,218000
2021-04-30,46.52302169799805,46.873125193649514,46.4741720698899,46.77542283153113,233100
2021-05-03,46.9463996887207,47.044102044485356,46.7347107335803,46.83241308934495,263200
2021-05-04,46.57187271118164,46.80798959132015,46.40903337639985,46.66143450060673,215500
2021-05-05,46.685855865478516,46.775417648288446,46.59629408266858,46.75098973103917,272700
2021-05-06,46.97896957397461,46.97896957397461,46.53930430109697,46.53930430109697,217900
2021-05-07,47.573333740234375,47.573333740234375,47.044106641812476,47.10109994706995,271100
2021-05-10,47.459346771240234,47.71174480521624,47.41049403600189,47.63846725530981,166800
2021-05-11,46.99525833129883,47.12552919067302,46.78356624362684,46.88127171758419,227700
2021-05-12,46.075218200683594,46.588161063412066,45.94494734255122,46.54744889670012,197800
2021-05-13,46.107784271240234,46.27876418120663,45.87980795204962,45.928660685998054,311500
2021-05-14,46.43345642089844,46.531161881587096,46.18105841220738,46.286901335767304,297100
2021-05-17,46.580013275146484,46.580013275146484,46.31947158188503,46.36018063910051,171900
2021-05-18,47.00339889526367,47.12552918474386,46.75914142220557,46.995258325386054,300300
2021-05-19,46.76728057861328,46.987113229492145,46.612584908395796,46.816133314109315,143000
2021-05-20,47.329078674316406,47.33721924437939,47.019684211583204,47.0603932737028,147300
2021-05-21,46.905696868896484,47.149954343733825,46.86498780740731,47.149954343733825,377600
2021-05-24,47.36164474487305,47.41049748366393,47.01154432086344,47.117387262723426,187200
2021-05-25,47.410491943359375,47.53262222311346,47.35349864104801,47.45120100131006,192700
2021-05-26,47.59775161743164,47.70359764286877,47.418631158116966,47.467480780702,175900
2021-05-27,47.79316329956055,47.86644084527966,47.671033021394685,47.71174207881597,203400
2021-05-28,47.939720153808594,48.03742251639274,47.77688081223362,47.80944930172904,163000
2021-06-01,48.10255813598633,48.16769200723434,48.021136914548784,48.14326719375409,285100
2021-06-02,48.672489166259766,48.672489166259766,48.379378992874294,48.47708445460405,148800
2021-06-03,48.24097442626953,48.436382271555246,48.159556302510175,48.436382271555246,204900
2021-06-04,48.55850601196289,48.59921507095425,48.387526100657894,48.49337213875713,135800
2021-06-07,48.892330169677734,48.892330169677734,48.70506599481072,48.713209670967174,278000
2021-06-08,49.2180061340332,49.242430949332004,49.0633073547348,49.11216009123466,278200
2021-06-09,49.2180061340332,49.421554543929204,49.19357821283216,49.413410868228105,263200
2021-06-10,49.543678283691406,49.568106203195036,49.35641413230775,49.4785444121198,247400
2021-06-11,49.27499771118164,49.45412129949306,49.05516506350002,49.29942252562333,135600
2021-06-14,49.388980865478516,49.421549353057664,49.20985728969512,49.30756275243257,126100
2021-06-15,48.96560287475586,49.25871306930266,48.91675324626614,49.21800401026052,213500
2021-06-16,48.680633544921875,49.0551618359291,48.558503268944676,48.957459478688506,198300
2021-06-17,48.2165412902832,48.346812129360586,48.053701964961014,48.281675156870996,178900
2021-06-18,47.67103576660156,47.866443601739384,47.57333340198374,47.78502237630605,259700
2021-06-21,48.208404541015625,48.23283246215925,47.77688290693932,47.947862825433454,237500
2021-06-22,48.38752365112305,48.428232708053585,48.11883828475797,48.20840007354633,109900
2021-06-23,48.012996673583984,48.363100163403764,47.95600337113909,48.27353837216121,325700
2021-06-24,48.22468566894531,48.281678971425634,48.13512387764708,48.208401424536355,223900
2021-06-25,48.2165412902832,48.35495269797089,48.159547992305704,48.2653909137486,242000
2021-06-28,47.850154876708984,48.11069656189823,47.81758638958486,48.09441231833617,210000
2021-06-29,47.776878356933594,47.850155901581424,47.703600812285764,47.825731088666124,163400
2021-06-30,47.51633834838867,47.54890683736338,47.25579664839507,47.38606749839187,1277300
2021-07-01,47.532623291015625,47.58961659460744,47.28836583192183,47.51633904628909,735300
2021-07-02,47.97228240966797,47.97228240966797,47.654747422545825,47.7198843972898,131400
2021-07-06,48.13512420654297,48.159552126274335,47.88272618123469,48.0374218453237,697600
2021-07-07,48.24911117553711,48.265395420179935,47.96414465904295,48.12698399956908,1073500
2021-07-08,47.90715408325195,47.915294653085795,47.679180857077384,47.72803048788493,583000
2021-07-09,48.58293151855469,48.61550000857277,48.1758347110351,48.1758347110351,940100
2021-07-12,48.86790084838867,48.88418509329809,48.582931221327094,48.631783956055344,608700
2021-07-13,48.39566421508789,48.63178109352306,48.3223866702598,48.47708543484241,1148700
2021-07-14,48.30610656738281,48.42009317157985,48.257253834483215,48.314247136581734,206600
2021-07-15,48.16769790649414,48.257259708093365,48.004858549577584,48.13512941393035,178100
2021-07-16,47.71988296508789,48.37123716346929,47.71988296508789,48.25725056699027,6453200
2021-07-19,47.092960357666016,47.38607056560683,46.90569619279322,47.38607056560683,262900
2021-07-20,47.255802154541016,47.410497836342635,46.946407685035346,47.06853797996987,147000
2021-07-21,47.67918014526367,47.80130732636153,47.45120381659035,47.46748806191717,253100
2021-07-22,47.76873779296875,47.92343656724557,47.68731967401411,47.83387477285418,162500
2021-07-23,47.82572937011719,47.89900691213189,47.711739666837325,47.81758569550342,306400
2021-07-26,47.51633834838867,47.58147222043604,47.36978325390451,47.451201370439236,134600
2021-07-27,47.418636322021484,47.49191386978072,47.2883654711053,47.2883654711053,143000
2021-07-28,47.85829544067383,47.94785722730513,47.573328943121396,47.6628907297527,447200
2021-07-29,47.79316329956055,47.874581414403124,47.75245424213926,47.84201292610529,121900
2021-07-30,47.548912048339844,47.79316953061473,47.54076837225265,47.61404592752536,204600
2021-08-02,47.82572937011719,48.11883643227417,47.76059239681441,47.94785653620714,303300
2021-08-03,47.98857116699219,47.98857116699219,47.71174521009679,47.91529361646393,257300
2021-08-04,47.99671936035156,48.16769929237731,47.89087330942504,48.04556899470035,298700
2021-08-05,48.330535888671875,48.35496070444877,48.086278413196034,48.1921213521641,298500
2021-08-06,47.88272476196289,48.06184523457197,47.833872029850255,48.021136177429085,437200
2021-08-09,47.8338737487793,47.996713089104496,47.8338737487793,47.90715129663053,147500
2021-08-10,47.66289138793945,47.719884688236974,47.63846346931057,47.703600444451695,129800
2021-08-11,48.29795837402344,48.36309534512935,48.15954696927595,48.16768753771333,118600
2021-08-12,48.11884307861328,48.15141156976314,47.94786315892992,48.13512732418821,213000
2021-08-13,48.37124252319336,48.428235827747955,48.21654685453121,48.21654685453121,101200
2021-08-16,48.38752365112305,48.428232708053585,48.16769101661579,48.281677618382076,230700
2021-08-17,47.79316329956055,47.86644084527966,47.581471231526656,47.81758811283292,187600
2021-08-18,47.94786071777344,48.240970911394605,47.94786071777344,48.02928194150271,171900
2021-08-19,47.67918014526367,47.6954643905905,47.44306324687805,47.51634079789765,217800
2021-08-20,47.88272476196289,47.88272476196289,47.51633703587301,47.51633703587301,134500
2021-08-23,47.76873779296875,47.82573420331958,47.58147363465137,47.69546334945087,251700
2021-08-24,47.85829544067383,47.89086392779464,47.68731554214237,47.71174035453204,143100
2021-08-25,47.695465087890625,47.76059896424795,47.61404386006613,47.68732141215704,250600
2021-08-26,47.638465881347656,47.842014280116864,47.58147257816445,47.842014280116864,199900
2021-08-27,48.444522857666016,48.444522857666016,47.91529573534739,47.94786422722289,131300
2021-08-30,48.42823028564453,48.44451452878259,48.32238425819805,48.42008971702641,259000
2021-08-31,48.24911117553711,48.36310088803686,48.24097060616674,48.36310088803686,298500
2021-09-01,48.68877410888672,48.819044953828076,48.53407845111321,48.53407845111321,204400
2021-09-02,48.68877410888672,48.8516134415389,48.68877410888672,48.84347287256217,292300
2021-09-03,48.908607482910156,48.99816927252056,48.73762757869137,48.77019606689551,181500
2021-09-07,48.4608039855957,48.62364332859363,48.40381068143175,48.509656720265724,197500
2021-09-08,47.99671936035156,48.265401666977375,47.93158237334986,48.20026778587816,234600
2021-09-09,48.27354049682617,48.36310229201061,48.16769445652618,48.216547191872834,269500
2021-09-10,47.95600509643555,48.44452002236746,47.95600509643555,48.4119515323981,110900
2021-09-13,48.34682083129883,48.36310507735222,48.0944196763247,48.20840629279613,243300
2021-09-14,48.004852294921875,48.26539398968086,47.931574749152034,48.15140738646155,322900
2021-09-15,48.02113723754883,48.02113723754883,47.64660893412303,47.793164027794354,1056600
2021-09-16,47.695465087890625,47.72803047311815,47.434920264754524,47.50819781684543,470400
2021-09-17,47.26393508911133,47.55704526487914,47.141807919809345,47.500051964691174,616200
2021-09-20,46.099639892578125,46.37646583559129,45.839098193965974,46.21362649748318,452600
2021-09-21,46.783565521240234,46.91383637860291,46.62072617306133,46.734715890918125,233600
2021-09-22,46.95454025268555,47.377921268824146,46.938259114978045,47.003392983513734,174800
2021-09-23,47.46748733520508,47.61404243500057,47.418637705874694,47.475631010694926,308400
2021-09-24,46.85953140258789,46.92534685860664,46.71967826592858,46.90066449347277,638500
2021-09-27,46.999385833740234,47.073426649729896,46.84307570095452,46.892437291032145,651900
2021-09-28,46.398834228515625,46.530461997944954,46.20961636784824,46.497554271024235,899900
2021-09-29,46.19316482543945,46.481099585268026,46.1520285983895,46.47287422281014,564300
2021-09-30,46.32479476928711,46.47287640651527,46.06976458556001,46.382381723958765,823700
2021-10-01,46.258975982666016,46.39060374647398,46.003945817302224,46.34124529645439,744400
2021-10-04,46.25074768066406,46.45641624468231,46.02039675495143,46.341242350952605,512900
2021-10-05,46.10266876220703,46.226068024889415,45.91345404882463,46.003945586157016,391600
2021-10-06,45.88054656982422,45.90522579484253,45.4116224649558,45.59260867884577,351600
2021-10-07,46.258975982666016,46.39883224697953,46.11089435610039,46.11089435610039,144400
2021-10-08,45.79005432128906,46.234299224690595,45.78182895859804,46.20961686011033,4938900
2021-10-11,45.97104263305664,46.09444190012514,45.8805479542543,45.8805479542543,280100
2021-10-12,46.10266876220703,46.25075038802863,45.95458713638543,46.02039944883202,320000
2021-10-13,46.76903533935547,46.892437746621695,46.48110057340572,46.514008300443855,246500
2021-10-14,46.98292922973633,46.999383092135744,46.8183937439956,46.89243455566626,105900
2021-10-15,47.320228576660156,47.34490780270417,47.02406531111773,47.09810612750334,145200
2021-10-18,47.19682693481445,47.221509299512036,46.94179989288378,46.94179989288378,210700
2021-10-19,47.30377197265625,47.451853596848316,47.22973116056022,47.27086424766838,222400
2021-10-20,47.39427185058594,47.46008416953374,47.18860325421176,47.262644074436615,298400
2021-10-21,47.51766586303711,47.59993517542797,47.43539968889963,47.50944050092471,142800
2021-10-22,47.78092956542969,47.929008066849086,47.64107328873676,47.72333947155351,197000
2021-10-25,47.69865417480469,47.756241123099336,47.51766482973391,47.51766482973391,156100
2021-10-26,47.39427185058594,47.62461967428382,47.328456393384414,47.6163943112605,176700
2021-10-27,47.44362258911133,47.69865273690913,47.402489504177026,47.56702498216744,120100
2021-10-28,47.79737854003906,47.79737854003906,47.550576862378215,47.57525922692182,230200
2021-10-29,47.30377197265625,47.30377197265625,47.11455726135603,47.2626388855481,174300
2021-11-01,47.27909469604492,47.2955485592168,47.03228988672033,47.16392079209532,301900
2021-11-02,47.056968688964844,47.237954893649984,46.933566293642606,47.13100949850754,143800
2021-11-03,47.50944137573242,47.50944137573242,46.99938418253076,47.056971133138035,203600
2021-11-04,47.52589797973633,47.6657511140624,47.41894943461699,47.46831102580752,206400
2021-11-05,47.60816192626953,47.67397737810206,47.49298802381609,47.67397737810206,250900
2021-11-08,47.80560302734375,47.80560302734375,47.71510835420662,47.79737452710219,192100
2021-11-09,47.51766586303711,47.682201349565446,47.41894582642146,47.59993517542797,152700
2021-11-10,47.22151184082031,47.60816667501669,47.196829474794406,47.60816667501669,256800
2021-11-11,47.476531982421875,47.51766506880309,47.311996498643666,47.51766506880309,167300
2021-11-12,47.51766586303711,47.608160537540364,47.4600789134902,47.525894363402884,176900
2021-11-15,47.40250015258789,47.57526416932649,47.38604628726736,47.57526416932649,126000
2021-11-16,47.40250015258789,47.5341279368982,47.344913193093,47.49299484272384,153100
2021-11-17,47.09810256958008,47.29554577777747,47.015836396812276,47.29554577777747,233500
2021-11-18,47.27909469604492,47.303773921675976,47.05697225060489,47.09810533940782,125900
2021-11-19,47.229732513427734,47.377814141861506,47.213278650462485,47.29554796528873,144100
2021-11-22,46.75258255004883,47.13923734178931,46.744354049525775,47.13923734178931,186700
2021-11-23,46.933570861816406,47.03229090473093,46.76903536478982,46.851304682429905,156600
2021-11-24,47.056968688964844,47.073422550891365,46.69499000308802,46.71967236510444,100800
2021-11-26,46.07798767089844,46.50577869749599,45.806506774901116,46.341246342711436,258000
2021-11-29,45.89699935913086,46.07798556878785,45.757143098040125,46.07798556878785,209600
2021-11-30,45.40339660644531,45.92168232976253,45.255314971211824,45.88054923958737,602400
2021-12-01,45.07432556152344,46.02039912171055,45.07432556152344,45.84763827223117,245000
2021-12-02,45.69955825805664,45.82296066246437,45.2799957319267,45.2799957319267,281200
2021-12-03,45.73246765136719,46.02040242114296,45.44453288159141,45.96281546718781,399400
2021-12-06,46.04508590698242,46.13558059061635,45.72424340191936,45.740694127803984,198800
2021-12-07,46.686771392822266,46.686771392822266,46.46464893207214,46.46464893207214,201400
2021-12-08,46.65386199951172,46.67854436421684,46.41528568296847,46.43996804767359,240800
2021-12-09,46.49755859375,46.703227198744514,46.439971635411844,46.65386560377444,176500
2021-12-10,46.612728118896484,46.62918198233634,46.38238030724565,46.48110034963121,119300
2021-12-13,45.97926712036133,46.176710337467604,45.90522630622816,46.086215660387786,157200
2021-12-14,45.74069595336914,45.90523146306548,45.559709717131604,45.79828291102479,144700
2021-12-15,46.069759368896484,46.14380017912663,45.502115249300914,45.74068840381733,230900
2021-12-16,45.83941650390625,46.143805139460774,45.77360104851412,46.02040272972734,251400
2021-12-17,45.91345977783203,46.15203297075479,45.831190454191585,45.831190454191585,173400
2021-12-20,45.37871551513672,45.48566405579996,45.1730469344593,45.48566405579996,196800
2021-12-21,45.747718811035156,45.83454509132667,45.48724659432847,45.79113360722288,484200
2021-12-22,45.7998161315918,45.7998161315918,45.565390134984746,45.57407441935022,690000
2021-12-23,45.98214340209961,46.08633493528259,45.76508267609413,45.79981318715513,494300
2021-12-27,46.5551872253418,46.5551872253418,46.13843099628483,46.1731615100606,730300
2021-12-28,46.563865661621094,46.7635611226248,46.48572367148193,46.607277142346476,620800
2021-12-29,46.76356506347656,46.79829557581714,46.520458101260395,46.537820045346734,480800
2021-12-30,46.8330192565918,46.94589175717439,46.772242520605104,46.7896077754704,380200
2021-12-31,46.841705322265625,46.9806240543898,46.694102306336546,46.694102306336546,222100
2022-01-03,46.93721008300781,46.93721008300781,46.70278411396182,46.88511431919193,337600
2022-01-04,47.0240364074707,47.09349743086027,46.92852915635199,47.06744789104723,358000
2022-01-05,46.32944107055664,47.08481145633552,46.320756786902805,47.08481145633552,506000
2022-01-06,46.35548782348633,46.47704129934949,46.155792354270595,46.286030113886156,409800
2022-01-07,46.44231414794922,46.48572563050407,46.164473373013784,46.294711132762146,345100
2022-01-10,46.25130081176758,46.25998178366304,45.89532134654359,46.147112588602575,281700
2022-01-11,46.563865661621094,46.61595811365809,46.04291795666545,46.06896749476762,303200
2022-01-12,46.841705322265625,46.9111630322858,46.59859505698546,46.59859505698546,239700
2022-01-13,46.46836471557617,46.86775569172116,46.45968043100373,46.86775569172116,210000
2022-01-14,46.43362808227539,46.5030891013646,46.20788639440282,46.46835859182,736200
2022-01-18,45.80849838256836,46.42495341844674,45.669579637599455,46.42495341844674,742800
2022-01-19,46.0776481628418,46.268662651276834,45.973459947369804,46.268662651276834,257500
2022-01-20,45.68693923950195,46.27734466055915,45.660893013070634,46.016872459994794,265400
2022-01-21,45.66957473754883,46.0602847008795,45.63484753909571,45.95609648135258,818800
2022-01-24,45.57406997680664,45.57406997680664,44.575589345487856,45.400420739348974,408700
2022-01-25,45.28754806518555,45.56538551922295,44.92288764879284,45.16599459305464,394700
2022-01-26,45.157310485839844,45.9300494269867,45.087852778101215,45.704304424647795,239400
2022-01-27,44.8273811340332,45.46987901494169,44.766604396976554,45.45251375977068,791100
2022-01-28,45.07048797607422,45.07916894759739,44.54085928689944,44.714508526116646,407700
2022-01-31,45.895320892333984,45.921367119846494,45.12258523001359,45.252819679659986,293900
2022-02-01,45.773765563964844,45.89531903688755,45.47856285311668,45.82585801688387,417100
2022-02-02,46.086334228515625,46.242614901725766,45.91268498795751,46.04291943431326,504900
2022-02-03,45.721675872802734,46.0863396520979,45.721675872802734,45.895325133796426,595800
2022-02-04,45.57406997680664,45.739034930745376,45.296229209624144,45.521974211944226,254600
2022-02-07,45.42646789550781,45.574070909597204,45.278868193502205,45.34832590265667,272200
2022-02-08,45.35701370239258,45.38305993133411,45.14863393460817,45.19204542020541,306000
2022-02-09,45.9300537109375,45.964780912003995,45.756404457268886,45.82586217148591,438600
2022-02-10,45.91268539428711,46.407583581403145,45.782447634694975,45.84322437261562,276200
2022-02-11,45.43515396118164,45.95609839256494,45.21809322942461,45.79981440073317,350800
2022-02-14,44.96630096435547,45.21809220237476,44.775286464880985,45.21809220237476,288200
2022-02-15,45.80849838256836,45.80849838256836,45.348330660874645,45.348330660874645,197500
2022-02-16,46.21657180786133,46.27734854936411,45.85191135884462,45.93005335678877,435200
2022-02-17,45.678260803222656,45.96477924612027,45.65221457534576,45.930052046312376,213500
2022-02-18,45.66957473754883,45.95609648135258,45.54802126275346,45.83454300655721,215400
2022-02-22,45.35701370239258,45.51329438812582,45.10522244901094,45.30491793242546,298900
2022-02-23,44.88815689086914,45.53933904118518,44.78396867420201,45.53933904118518,209500
2022-02-24,44.44535446166992,44.488769257902824,43.542384330286005,43.57711153035482,490800
2022-02-25,45.20072555541992,45.20940652690889,44.645047329697455,44.75791983155649,445200
2022-02-28,44.914207458496094,45.13126819624956,44.62768900694521,44.783973003094424,438900
2022-03-01,44.37589645385742,44.90552516836517,44.1241052105531,44.81001791662326,451200
2022-03-02,44.54954147338867,44.69714116692077,44.31511550829334,44.46271520182544,456300
2022-03-03,44.349849700927734,44.619002884922516,44.00255120999295,44.619002884922516,306400
2022-03-04,43.61184310913086,44.019918356696195,43.32532465707309,44.019918356696195,269400
2022-03-07,42.604679107666016,43.6118407455567,42.46576037527019,43.542383035400704,502800
2022-03-08,42.72623062133789,43.3426822610147,42.38761643368679,42.734914904760764,446100
2022-03-09,43.698665618896484,43.90704205475116,43.35136714302706,43.368732398028904,223200
2022-03-10,43.42082977294922,43.8202240590978,43.386102571092735,43.412148800506124,246000
2022-03-11,43.22113037109375,43.80285483461364,43.14298837784731,43.78548957921623,181600
2022-03-14,42.96065902709961,43.59447595745716,42.865151776537644,43.412145740248256,796800
2022-03-15,42.78701400756836,42.960663270096546,42.509176512356944,42.83042880726356,1436400
2022-03-16,44.37589645385742,44.37589645385742,43.50765352832575,43.820221511450576,325700
2022-03-17,44.93156814575195,45.00102916456971,44.55822344981573,44.55822344981573,323300
2022-03-18,45.34832763671875,45.43515391658669,44.80133366584442,44.853429433765186,206000
2022-03-21,44.83606719970703,45.2180962327066,44.575594966715414,45.070493203024725,419400
2022-03-22,45.42646789550781,45.45251412243026,45.14863043472238,45.330960647347105,198400
2022-03-23,44.61900329589844,44.87947551045674,44.558226556237635,44.87947551045674,399100
2022-03-24,44.679779052734375,44.74055579105827,44.4193068439057,44.61900231441048,160800
2022-03-25,45.14863204956055,45.14863204956055,44.757922071330256,44.757922071330256,177800
2022-03-28,45.087852478027344,45.087852478027344,44.72318875055442,44.766603543696306,246800
2022-03-29,45.70430374145508,45.72166899615109,45.42646629048628,45.64352700606088,297200
2022-03-30,45.539344787597656,45.7998170181752,45.495933301182085,45.70430976081047,292600
2022-03-31,45.105220794677734,45.51329271882568,45.06180931067271,45.469881234820654,376600
2022-04-01,45.75640106201172,45.75640106201172,45.348325842983435,45.5567055943402,241600
2022-04-04,45.87795639038086,45.93005215834564,45.765083882499134,45.83454490645217,469100
2022-04-05,45.82585906982422,45.97346208468164,45.52197538053512,45.88663580768203,421000
2022-04-06,45.25282287597656,45.48724887639878,45.06181167392016,45.46988361946927,224800
2022-04-07,44.992347717285156,45.15731267925043,44.792652243721754,45.07917068419659,140600
2022-04-08,45.018394470214844,45.13995126222661,44.8186989943214,44.914206246288686,196600
2022-04-11,44.66241455078125,44.922890076088706,44.627687351212955,44.870794308610435,169600
2022-04-12,44.14146423339844,44.58426660557556,44.12409897988984,44.55822038135439,262100
2022-04-13,44.49745178222656,44.540863267889975,44.08937653040559,44.150153272751176,218000
2022-04-14,44.5582275390625,44.75792301836469,44.49745079806113,44.71451153366143,137100
2022-04-18,44.349849700927734,44.53217991823075,44.23697719456135,44.38457690035411,202800
2022-04-19,44.3585319519043,44.3585319519043,43.846268484649784,43.89836425341742,261200
2022-04-20,44.2196159362793,44.306438910819885,44.04596667511393,44.1327929617387,169400
2022-04-21,43.802852630615234,44.54085773141049,43.802852630615234,44.454034770875865,285000
2022-04-22,43.30795669555664,43.87231259221399,43.22113041847441,43.80285488263201,264800
2022-04-25,43.07353591918945,43.16904317947604,42.74360265058601,43.021440146646526,424600
2022-04-26,42.61336135864258,43.16903626171773,42.48312360419773,43.125621468846994,218700
2022-04-27,42.66545867919922,42.86515416327336,42.50049370855121,42.69150490822679,352300
2022-04-28,42.873836517333984,42.9519785129825,42.35288877564925,42.78701023767791,507400
2022-04-29,42.24869918823242,43.11694208426029,42.23133393286181,43.06484631814845,377100
2022-05-02,41.61488342285156,42.144512134014064,41.458599432276266,42.06637013872642,775700
2022-05-03,42.05768585205078,42.14451213130029,41.88403991771954,42.14451213130029,327500
2022-05-04,42.37025451660156,42.53522279379458,41.449919126299235,41.823260540800405,496800
2022-05-05,41.5454216003418,42.17055755061879,41.22417265348671,42.161876578902195,237100
2022-05-06,40.85951232910156,40.99843106151154,40.651132574444674,40.97238152212703,488500
2022-05-09,39.67870330810547,40.156236266151005,39.55714982555759,40.14755529400501,510000
2022-05-10,39.696067810058594,40.16491647496368,39.44427656551812,40.017316766698954,520300
2022-05-11,39.57451248168945,40.2604218470111,39.54846294279507,39.88707713966809,446900
2022-05-12,39.47032165527344,39.72211289255258,39.19248419071847,39.34008720681045,486500
2022-05-13,40.486167907714844,40.486167907714844,39.80025521244024,39.98258542903206,318500
2022-05-16,40.564308166503906,40.69454261046077,40.373293674200035,40.460116636837945,283500
2022-05-17,40.955020904541016,41.01580096193206,40.72059820811996,40.920293701568696,256600
2022-05-18,40.4340705871582,41.01579503804221,40.39065910564954,40.96369927298158,236300
2022-05-19,40.955020904541016,41.15471971007397,40.677183408257186,40.68586769306343,324700
2022-05-20,40.96370315551758,41.328363609253294,40.70323092969434,41.29363640800517,376300
2022-05-23,41.42387008666992,41.51069636836921,41.14603260940016,41.284951348035044,212000
2022-05-24,41.14603042602539,41.27626818562139,40.81609719724364,41.198126192280554,367900
2022-05-25,41.06789016723633,41.29363518512617,40.85951371758227,40.98974817059507,259800
2022-05-26,41.49332809448242,41.61488156793763,41.18076012726404,41.21549063741802,382200
2022-05-27,41.97086715698242,41.97086715698242,41.58884142565092,41.66698342888739,209800
2022-05-31,41.5454216003418,41.831943348246696,41.5454216003418,41.60619833860941,367100
2022-06-01,41.23285675048828,41.7972126478571,41.128665217858256,41.762482136980424,265400
2022-06-02,41.831947326660156,41.89272407070792,41.206811316929816,41.35441434682021,437100
2022-06-03,41.267581939697266,41.580149898198776,41.224170459257316,41.47596168272616,256400
2022-06-06,41.319679260253906,41.56278620954397,41.17207624669653,41.50200947222146,184800
2022-06-07,41.20680618286133,41.2328557214106,40.80741525399888,40.81609622545948,145600
2022-06-08,40.9202880859375,41.05052253140065,40.73795456295507,40.93765334108267,214200
2022-06-09,40.05204391479492,40.625084067845755,40.05204391479492,40.625084067845755,185300
2022-06-10,39.374813079833984,39.62660430863382,39.25325960719508,39.565827572314376,324300
2022-06-13,38.002994537353516,38.68022298237867,38.002994537353516,38.68022298237867,555000
2022-06-14,37.90748977661133,38.037727553262805,37.64701753539262,37.942220291996286,895000
2022-06-15,38.332923889160156,38.5152540962648,37.751199446194896,37.95089490808336,522400
2022-06-16,38.246097564697266,38.246097564697266,37.482042915637095,37.725153170205694,729800
2022-06-17,37.73383331298828,37.89011729032082,37.4820420926099,37.759882850599446,503300
2022-06-21,38.367652893066406,38.44579488723085,37.959580978726606,38.35897192130762,367600
2022-06-22,38.17664337158203,38.367654567365314,37.98562886371476,38.098501374007604,269400
2022-06-23,38.41106414794922,38.41106414794922,37.97694273417625,38.20268441202143,637300
2022-06-24,39.010154724121094,39.01883569601832,38.56734897943271,38.62812903104891,365800
2022-06-27,38.862552642822266,39.06225143419951,38.810460186014275,38.897283155416915,351500
2022-06-28,39.31404113769531,39.47900942389419,38.81046193077,39.32272542227637,996900
2022-06-29,38.619441986083984,39.227212650040144,38.480523261072605,39.227212650040144,254300
2022-06-30,38.43711471557617,38.454479971539065,37.890120745038864,38.02035850871857,397600
2022-07-01,38.43711471557617,38.48921048346484,37.994308968732284,38.133227704351484,233200
2022-07-05,37.73383331298828,37.759882850599446,37.28234663537023,37.44731489593437,347000
2022-07-06,38.02903747558594,38.063767985680556,37.73383476394914,37.8901187472912,240000
2022-07-07,38.34160614013672,38.43711338859341,38.124545416220165,38.124545416220165,254100
2022-07-08,38.35028839111328,38.45447992676932,38.141911943969035,38.22873491159849,263500
2022-07-11,37.759883880615234,37.89011832388915,37.6817418898174,37.85538781418262,214000
2022-07-12,37.69910430908203,37.994307021151286,37.69910430908203,37.79461155594028,436000
2022-07-13,37.811981201171875,37.82066548575841,37.36049445311177,37.49941319773917,236300
2022-07-14,37.13475036621094,37.19552710610308,36.74404038684437,36.84822861064748,426300
2022-07-15,37.429954528808594,37.49073127103095,37.082656020037376,37.20420950448209,269800
2022-07-18,37.6296501159668,37.99431057030727,37.59491960257702,37.87275708552711,365100
2022-07-19,38.35028839111328,38.36765364705595,38.01167418044095,38.17664245585438,273000
2022-07-20,38.13322830200195,38.41975006175432,37.907486595114236,38.41975006175432,174100
2022-07-21,38.23741912841797,38.28951158407053,37.846709150604205,37.95089737399324,390000
2022-07-22,38.68022155761719,38.91464754427958,38.44579557095479,38.71495206943767,401500
2022-07-25,38.8538703918457,39.06225014847083,38.79309365284752,38.95805861411633,182700
2022-07-26,38.636810302734375,38.905966802811506,38.58471453469508,38.75836378274214,214300
2022-07-27,38.984107971191406,39.070930937329706,38.55866748811248,38.975423687327265,177000
2022-07-28,39.45295715332031,39.487687665074034,38.9841084929807,39.13170819980816,950900
2022-07-29,39.869712829589844,39.90444334088317,39.30535692545071,39.44427565854014,370100
2022-08-01,39.7481575012207,39.93049102097811,39.63528831289909,39.80893423711194,380400
2022-08-02,39.03620147705078,39.48768819971025,39.03620147705078,39.36613471901038,275600
2022-08-03,39.14907455444336,39.43559300424322,38.940694790156556,39.43559300424322,313800
2022-08-04,39.41822814941406,39.41822814941406,39.183802173932364,39.244578910677575,183000
2022-08-05,39.10566329956055,39.11434427175172,38.72363428146864,38.81914153599161,287600
2022-08-08,39.14907455444336,39.41823105996298,39.0709325568463,39.114344041714894,187500
2022-08-09,39.03620147705078,39.24458123831051,38.984109020798805,39.140393013722615,216300
2022-08-10,39.93917465209961,40.00863567607746,39.43559216451199,39.60056044041741,220300
2022-08-11,39.85234832763672,40.27778547137475,39.808933535265226,40.06940904115961,210900
2022-08-12,40.07809066772461,40.19096316798558,39.77420698865703,39.999948677095276,205100
2022-08-15,39.8957633972168,40.03468213388617,39.852351913023355,39.852351913023355,198900
2022-08-16,39.904441833496094,40.00863336344023,39.77420738919152,39.852349380607755,151000
2022-08-17,39.461639404296875,39.65265058493393,39.28799016655832,39.50505088571058,218000
2022-08-18,39.31404113769531,39.505055653469114,39.21853387980841,39.46164416681619,373000
2022-08-19,38.671539306640625,39.340086732695084,38.61076256900693,39.05356498777869,165400
2022-08-22,38.194007873535156,38.48921060164284,38.12454684947033,38.45448008961043,591400
2022-08-23,38.0984992980957,38.454478753852825,38.020357304779075,38.24609900098055,224500
2022-08-24,38.07244873046875,38.22005174145015,37.87275326673933,37.87275326673933,167800
2022-08-25,38.584712982177734,38.584712982177734,38.11586433702467,38.13322628025525,228900
2022-08-26,37.89012145996094,38.784410630378005,37.85539094737985,38.60208040745328,162800
2022-08-29,37.794612884521484,37.959581157469806,37.74252042955579,37.95089687358628,172900
2022-08-30,37.71647262573242,38.089817359892876,37.55150765727614,37.96826387660045,234000
2022-08-31,37.638328552246094,37.82934305093547,37.48204456460639,37.751201057115615,188700
2022-09-01,37.12606430053711,37.40390507081865,36.787450105363796,37.34312502175936,364300
2022-09-02,36.96110153198242,37.508095509215075,36.79613656644163,37.299715747193694,759400
2022-09-06,36.744041442871094,37.11738617698645,36.66589944475197,36.93505595206984,715100
2022-09-07,37.03056335449219,37.11738632515602,36.54434610735627,36.54434610735627,418500
2022-09-08,36.9437370300293,36.969786570866255,36.639853320964995,36.76140680459071,241400
2022-09-09,37.65568923950195,37.68173877567088,37.36048655556044,37.36048655556044,232100
2022-09-12,38.13322830200195,38.185324070707104,37.820663626022956,37.959582363819386,271900
2022-09-13,37.13475036621094,37.36917635383088,36.761405642825544,37.22157333403288,258800
2022-09-14,36.770084381103516,37.10870188404051,36.62248468235566,37.10870188404051,309500
2022-09-15,36.5182991027832,36.917690058686645,36.44015710601219,36.874278574276964,612500
2022-09-16,36.69194030761719,36.82217805613115,36.04944247222658,36.50092913843585,296800
2022-09-19,36.752723693847656,36.770085637283366,36.301236986591206,36.39674092382291,248700
2022-09-20,35.8323860168457,36.362014732575865,35.702148252881784,36.362014732575865,589200
2022-09-21,35.48508834838867,36.266508326224354,35.44167686341647,35.867117365145674,519700
2022-09-22,35.12910842895508,35.459041672331296,34.912047694749354,35.363534419347346,766600
2022-09-23,34.16535949707031,34.60816526592052,33.861475782827284,34.60816526592052,1020100
2022-09-26,33.288429260253906,33.748596886817,33.106099066191184,33.661773931191924,929600
2022-09-27,32.65461730957031,33.13215026131998,32.480968060183905,32.99323152422764,1332800
2022-09-28,33.175559997558594,33.245021018486696,32.22917511595774,32.585154568004825,618400
2022-09-29,32.5504264831543,32.75012194475847,32.21180898347728,32.58515368058882,756300
2022-09-30,33.13215255737305,33.29711753407601,32.758807804548915,32.86299603656741,728100
2022-10-03,33.51417541503906,33.70518991746477,33.15819595002636,33.34921045245207,726100
2022-10-04,34.37373733520508,34.642893832754666,33.983027358789194,33.983027358789194,435000
2022-10-05,33.609683990478516,33.89620575540608,33.323165537634985,33.69651027322203,780200
2022-10-06,33.3057975769043,33.77464952939992,33.25370181148797,33.55758880829088,432300
2022-10-07,32.76749038696289,33.36657683005132,32.671983132539225,33.36657683005132,272800
2022-10-10,32.56779479980469,32.71539783810322,32.44624130478491,32.71539783810322,532700
2022-10-11,32.255226135253906,32.55910983555216,32.09894214307654,32.42019109940382,459900
2022-10-12,32.07289123535156,32.124987001217214,31.899245306633635,32.08157551903773,451300
2022-10-13,32.33336639404297,32.428870328945244,31.274109017774293,31.326204783062238,720200
2022-10-14,31.951337814331055,32.550427530503704,31.873195821442614,32.420189771661704,769500
2022-10-17,32.77616882324219,32.85431081517168,32.15103288780627,32.15103288780627,438500
2022-10-18,32.680660247802734,32.984547231657785,32.47228381918336,32.89772095966337,389600
2022-10-19,31.986068725585938,32.51569742712067,31.91660770344454,32.20312945165205,361400
2022-10-20,32.34204864501953,32.645932341011665,32.12498791585833,32.18576465505676,943400
2022-10-21,32.52437973022461,32.55042927063588,31.777690272058198,32.11630780073299,614000
2022-10-24,31.82978630065918,32.480968510829854,31.664821333099514,32.12498903508658,1072900
2022-10-25,32.680660247802734,32.689344531043986,32.0381623954621,32.0381623954621,379900
2022-10-26,33.0192756652832,33.227655413792164,32.75880346370981,32.75880346370981,361600
2022-10-27,33.08873748779297,33.41867071756391,33.07137223232252,33.12346799873387,276300
2022-10-28,33.09741973876953,33.1408312230817,32.68934781173447,32.741440268075486,526700
2022-10-31,32.45492172241211,32.99323141281667,32.359414469967895,32.559109946858555,477000
2022-11-01,32.923770904541016,33.27975369180726,32.81958267846143,33.17556215364368,364900
2022-11-02,32.45492172241211,33.21897311779796,32.45492172241211,32.88904318837022,275400
2022-11-03,32.60251998901367,32.60251998901367,31.864514854360745,32.15103328693662,383300
2022-11-04,33.34053039550781,33.34053039550781,32.75012492824791,32.915089895361945,490500
2022-11-07,33.279754638671875,33.41867338142512,32.79353738299345,33.41867338142512,348000
2022-11-08,33.56626892089844,33.76596438175874,33.28843146995509,33.34052723403835,323800
2022-11-09,33.3057975769043,33.679142282178546,33.25370181148797,33.436032022319466,202600
2022-11-10,35.21593475341797,35.302757722374,34.06985434036177,34.53002203757986,425700
2022-11-11,36.03207778930664,36.257819469946966,35.65873310387244,35.8236980507987,364900
2022-11-14,35.91053009033203,36.249144321727286,35.81502283284432,36.014718320280394,518700
2022-11-15,36.144954681396484,36.370696389490135,35.82370240745785,36.231777650951585,564800
2022-11-16,35.71083068847656,36.12758687467166,34.73839627527093,36.12758687467166,428700
2022-11-17,35.754241943359375,35.81501867978868,35.30275524982472,35.30275524982472,448500
2022-11-18,35.74555969238281,35.95393945204911,35.55454850077961,35.71951346445599,407500
2022-11-21,35.337486267089844,35.47640499693444,35.12910651628105,35.389578720729205,639300
2022-11-22,35.615325927734375,35.65873741247785,35.14647394350332,35.37221896350374,386700
2022-11-23,35.511138916015625,35.8410688610131,35.311440117617025,35.51981988842752,296700
2022-11-25,36.34464645385742,36.396738905443414,35.64136854869368,36.08417425967651,101500
2022-11-28,35.73687744140625,36.36201338594752,35.68478167533321,36.032080158319204,294000
2022-11-29,36.32728576660156,36.37938153682102,35.73688028578397,35.73688028578397,282100
2022-11-30,36.7266731262207,36.74403838125403,36.08417525040623,36.691942616154044,309300
2022-12-01,36.50960922241211,36.88295389285979,36.42278626690106,36.605116460724325,263400
2022-12-02,36.631168365478516,36.86559435621168,36.249142665071105,36.50961488407997,495600
2022-12-05,36.24045944213867,36.770084819325675,36.13626791133921,36.63985037395199,382500
2022-12-06,36.231773376464844,36.82217877362089,36.20572715108794,36.5182951039451,432400
2022-12-07,36.144954681396484,36.35333113316232,36.049447427635485,36.08417794029112,287700
2022-12-08,36.37937927246094,36.622486227518586,36.049446039108524,36.249141511060714,275600
2022-12-09,36.79613494873047,36.900323169118636,36.162318030569786,36.43147120924619,299700
2022-12-12,36.43146896362305,36.561706715143295,36.0407590211459,36.0407590211459,453300
2022-12-13,37.12606430053711,37.742519265991966,37.047922308413746,37.490728034474046,337800
2022-12-14,37.43863296508789,37.59491695224023,37.08265350814839,37.152114530031135,404700
2022-12-15,36.96978759765625,37.68174657473841,36.37069782302762,36.830865541558154,441700
2022-12-16,36.058128356933594,36.50093411255707,35.9886706437888,36.49224982836149,735300
2022-12-19,36.03630065917969,36.35064740229141,35.975178051456,36.176009952681305,478100
2022-12-20,35.57351303100586,35.73941677044232,35.45126448881184,35.599707481724195,597700
2022-12-21,35.90532302856445,36.06249640576426,35.66956296276475,35.765613730046006,996300
2022-12-22,35.79180908203125,35.88785651185515,35.50365679976299,35.88785651185515,383200
2022-12-23,35.9140510559082,35.93151513182876,35.65209657896368,35.783072151969996,564200
2022-12-27,36.071224212646484,36.219663860768364,35.809266406190666,35.870392337047065,439900
2022-12-28,35.468727111816406,36.06249239725317,35.45999673891236,35.99263942122464,384600
2022-12-29,36.23713302612305,36.38557269509337,35.8965918270195,35.8965918270195,482800
2022-12-30,36.0974235534668,36.324449908109585,35.94898055429348,36.08869317983652,585800
2023-01-03,36.57767105102539,36.83962554060867,36.33318063820527,36.43796176785217,190400
2023-01-04,37.24129104614258,37.2674854946972,36.813429511136356,37.04045583745082,328800
2023-01-05,36.586402893066406,36.76103698994712,36.37683731350491,36.75230661747584,329200
2023-01-06,37.20636749267578,37.241295649020195,36.35937802145158,36.55147955041352,324700
2023-01-09,37.21509552001953,37.52071187236665,37.127778465595846,37.17143699280769,310100
2023-01-10,37.188899993896484,37.26748667297691,36.98806810978697,37.188899993896484,190500
2023-01-11,37.85252380371094,37.85252380371094,37.319884379479454,37.354809206804504,245600
2023-01-12,38.035892486572266,38.19306585754039,37.65168943268028,38.11447917205633,235800
2023-01-13,38.00969314575195,38.15813613710569,37.82632533078453,37.93984016759243,249500
2023-01-17,38.42009353637695,38.48994985074519,38.17560309795292,38.25418978615099,394100
2023-01-18,38.027156829833984,38.74316733595957,37.992228675649294,38.69950880869476,293900
2023-01-19,38.07954788208008,38.149400857354536,37.896180074686114,37.95730267715077,420900
2023-01-20,38.42881774902344,38.49867405219181,38.000959550378674,38.131935122421574,289100
2023-01-23,38.70824432373047,38.751902853037905,38.32404127158758,38.41136166113473,203300
2023-01-24,38.62092208862305,38.7431672972151,38.446284648806355,38.64711653876931,233200
2023-01-25,38.874149322509766,38.874149322509766,38.48121588419258,38.53360811961233,141200
2023-01-26,38.935272216796875,38.952736295398005,38.65585362104363,38.926541842962514,173400
2023-01-27,39.10116958618164,39.118633661932805,38.83921511177793,38.90033771144107,145500
2023-01-30,38.62092208862305,38.90034065995692,38.62092208862305,38.72570322014022,249000
2023-01-31,38.5598030090332,38.58599746157387,38.12321103504916,38.402629631924356,347500
2023-02-01,38.96146011352539,39.19722013857272,38.43755116737478,38.63838304109691,570400
2023-02-02,39.3980598449707,39.625089542788125,39.205961636355006,39.43298800323992,255400
2023-02-03,38.734439849853516,39.11863958172413,38.56853277057682,39.01385844229257,233400
2023-02-06,38.2017936706543,38.30657480063282,37.922375103423505,38.21052404359748,212100
2023-02-07,38.21052169799805,38.25418355282992,37.6429542254341,37.9311031479197,178000
2023-02-08,38.06208419799805,38.219257557651254,37.93110528797636,38.14940125072447,201200
2023-02-09,37.7913932800293,38.40262259783648,37.765198832286586,38.29784147593382,263500
2023-02-10,37.76520538330078,37.86125614959477,37.581837555429914,37.76520538330078,318300
2023-02-13,37.948570251464844,37.9573039555008,37.590564997429595,37.66915167909256,292500
2023-02-14,37.887447357177734,38.04462071930159,37.60802878694245,37.6604210179611,134100
2023-02-15,37.415924072265625,37.45958592651474,37.110311078112716,37.223825903483146,233600
2023-02-16,37.180171966552734,37.52071315373991,37.0666571271796,37.180171966552734,128400
2023-02-17,37.284950256347656,37.319878409017385,36.996797993220376,37.084118374894686,151200
2023-02-21,36.865821838378906,37.09284816530427,36.75230700945026,36.96187259124684,231700
2023-02-22,36.638797760009766,36.86582745243995,36.59513922867548,36.77850705883894,146800
2023-02-23,36.81343078613281,36.848358939369945,36.50781777263799,36.699915953578156,150100
2023-02-24,36.35064697265625,36.385571797419644,36.16727582072018,36.28952436565498,119500
2023-02-27,36.61260223388672,36.74358115498161,36.481623312791825,36.51655146920811,206100
2023-02-28,36.446693420410156,36.75230641923482,36.42922934462991,36.586402695720274,353400
2023-03-01,36.263328552246094,36.490358245661625,36.15854741040255,36.43796600927363,294700
2023-03-02,36.27206039428711,36.39430560864851,36.04503071253113,36.06249479043023,1313600
2023-03-03,36.708648681640625,36.72611275779499,36.29825121934274,36.48161902256573,173600
2023-03-06,36.6562614440918,36.83089889848125,36.551480303831084,36.66499514882409,171500
2023-03-07,35.87912368774414,36.56020600886259,35.85292923875711,36.481619330969544,159900
2023-03-08,35.99264144897461,36.141081113230555,35.90532106035443,36.010105526698645,179700
2023-03-09,35.390140533447266,35.879124690777566,35.390140533447266,35.82673246040687,141200
2023-03-10,35.11945724487305,35.49492658536451,35.04960093458059,35.381411746605366,181600
2023-03-13,35.15438461303711,35.46000099628428,34.8487715607224,34.927358250022245,267300
2023-03-14,35.50365447998047,35.60843560717161,35.33775075101683,35.538582632688176,174800
2023-03-15,35.101993560791016,35.1194576385599,34.752718667277776,34.752718667277776,352700
2023-03-16,35.189308166503906,35.329017447986985,34.77018032205468,34.83130292452027,154500
2023-03-17,34.7963752746582,35.0932579184699,34.75271674811309,34.979746415639006,147900
2023-03-20,35.084529876708984,35.10199395467384,34.83130574261704,34.936086879473876,194400
2023-03-21,35.05833435058594,35.2417021671977,34.93608580857924,35.13692103355272,214600
2023-03-22,34.73525619506836,35.355219326257384,34.66540321169626,35.01467479042155,210100
2023-03-23,34.805110931396484,35.14565212086063,34.64793756226961,34.84876946039123,284500
2023-03-24,34.761451721191406,34.80511024933058,34.44710498909782,34.64793688328379,267400
2023-03-27,34.866233825683594,34.918626059468664,34.65666822147559,34.7177908287587,342000
2023-03-28,34.7789192199707,34.8837003639989,34.691598824170114,34.72652698249035,198000
2023-03-29,34.98847579956055,35.1019906301148,34.813838367384456,34.918622825249294,330800
2023-03-30,35.451263427734375,35.538583812402265,35.346482297064995,35.407604900866474,455900
2023-03-31,35.425071716308594,35.590975463604515,35.36394910778208,35.48619432483511,378300
2023-04-03,35.8180046081543,36.010106135433844,35.73941792253378,35.76561237409652,310900
2023-04-04,35.99264144897461,36.14981481755869,35.90532106035443,35.9402492158025,154200
2023-04-05,35.69575500488281,35.80053612918535,35.503653501218245,35.68702130148067,216300
2023-04-06,35.85293197631836,35.966443484550666,35.60843822035383,35.63463600227317,118400
2023-04-10,35.721954345703125,35.80054103242623,35.54731689399262,35.564780972256905,150100
2023-04-11,36.05376434326172,36.097422872454096,35.89659097342335,35.93151912915015,211100
2023-04-12,36.0974235534668,36.385572516318504,36.06249539708104,36.350647690865074,182500
2023-04-13,36.59513854980469,36.59513854980469,36.35064811412224,36.385572939982325,183600
2023-04-14,36.40303421020508,36.69118648511587,36.315717155892045,36.56020757271422,153400
2023-04-17,36.60386657714844,36.63006435852963,36.40303468486414,36.42049876214088,243100
2023-04-18,36.51654815673828,36.603865208926,36.411767027926615,36.57767075945609,364200
2023-04-19,36.18473815917969,36.37683967533928,36.088690732031985,36.088690732031985,335700
2023-04-20,36.263328552246094,36.50782232445763,36.088694426150994,36.333184867430084,185400
2023-04-21,36.30698776245117,36.31571813574519,36.01883547976559,36.15854476899528,105900
2023-04-24,36.280792236328125,36.315720393540126,36.11488848596974,36.21966962667333,137100
2023-04-25,35.89659118652344,36.08869271322903,35.82673487465512,36.062494930812264,123000
2023-04-26,36.11488342285156,36.368107530739245,36.071224897923464,36.25459270118064,234200
2023-04-27,36.542747497558594,36.6213341874194,36.17601183216314,36.31572113292319,252500
2023-04-28,36.87455749511719,36.87455749511719,36.56021074284197,36.568944447589836,705400
2023-05-01,36.62133026123047,36.7959677011907,36.595135811062676,36.69118656958741,198700
2023-05-02,36.00136947631836,36.149812461833164,35.957710950319424,36.07995615548925,131500
2023-05-03,36.14107894897461,36.368108614859494,36.02756411603217,36.04502819271039,208300
2023-05-04,36.38557052612305,36.586405748889845,36.14981381074525,36.14981381074525,282700
2023-05-05,36.926944732666016,36.988067333898414,36.6125980229383,36.62132839557209,196100
2023-05-08,36.83962631225586,36.926946697900675,36.72611480731578,36.822162235126896,124900
2023-05-09,36.34191131591797,36.499084677172554,36.17600758167462,36.26332463529068,1035200
2023-05-10,36.46415710449219,36.534013413244026,36.27205891728891,36.41176820386045,563200
2023-05-11,36.289520263671875,36.33317878789038,36.04502653237087,36.26332248439527,462200
2023-05-12,35.82673263549805,36.18473788411727,35.721951505176634,36.053762303948524,264200
2023-05-15,36.359378814697266,36.41177105035692,36.08869392445341,36.08869392445341,295200
2023-05-16,35.85293197631836,36.176009085244225,35.82673419439903,36.07122795036356,321100
2023-05-17,35.9315185546875,35.94024892801349,35.58224366486806,35.7044888770252,332400
2023-05-18,35.224239349365234,35.41634087702728,35.11072450748018,35.407607172534114,219300
2023-05-19,35.39887619018555,35.46872917026805,35.26789727249903,35.285361350252714,232700
2023-05-22,35.468727111816406,35.56477786842118,35.32901782882729,35.39014043195177,179200
2023-05-23,35.21550750732422,35.49492608267242,35.21550750732422,35.294090858892,166600
2023-05-24,34.71778869628906,35.0845276483938,34.71778869628906,35.04086912172068,395500
2023-05-25,34.385982513427734,34.621742563388636,34.324859907615526,34.56061995757642,494300
2023-05-26,34.7003288269043,34.743987354680236,34.42090692108753,34.42090692108753,157000
2023-05-30,34.482032775878906,34.66540059066528,34.38598201643877,34.63047243615393,909100
2023-05-31,34.342323303222656,34.43837073121173,34.150221785380246,34.29866144485329,269900
2023-06-01,34.621742248535156,34.65666707230152,34.28993144076339,34.377248496577565,255300
2023-06-02,35.53858184814453,35.58224037259938,35.28535774300176,35.28535774300176,176900
2023-06-05,35.285362243652344,35.48619414650628,35.27663187002057,35.398877086459294,260500
2023-06-06,35.76560974121094,35.79180752177742,35.34648189239972,35.43380227606792,360600
2023-06-07,35.53858184814453,35.80053632580551,35.29408811551997,35.66955742150907,171200
2023-06-08,35.669559478759766,35.678293182713595,35.372676832039375,35.459997216917195,150100
2023-06-09,35.63463592529297,35.79180929274055,35.5822436924997,35.660830376223494,248800
2023-06-12,35.58224105834961,35.70448626155188,35.45999585514733,35.625899583645854,132900
2023-06-13,35.68702697753906,35.791811449439564,35.608440289079894,35.66956289888898,245600
2023-06-14,35.9140510559082,35.96643995273797,35.63463250304312,35.74814400012889,263700
2023-06-15,36.02756118774414,36.114881564037944,35.83546302176131,35.83546302176131,512900
2023-06-16,36.05376434326172,36.254596242292465,36.03630026539832,36.228401790963495,195600
2023-06-20,35.425071716308594,35.69575993330627,35.3814131860657,35.69575993330627,202200
2023-06-21,35.50365447998047,35.58224115810682,35.35521482737068,35.37267557279256,114800
2023-06-22,35.040870666503906,35.20677440754848,35.03213696222501,35.17184625229734,152900
2023-06-23,34.47330093383789,34.508229090235865,34.281199404581365,34.49949538567021,162600
2023-06-26,34.586814880371094,34.586814880371094,34.35105482719283,34.41217743383917,230100
2023-06-27,34.9797477722168,35.0496007512116,34.63920325772098,34.735254018404504,334700
2023-06-28,35.040870666503906,35.04960103985058,34.848769143554875,34.88369729880601,234500
2023-06-29,34.866233825683594,34.901161981540305,34.54315671133969,34.68286600383426,216800
2023-06-30,35.093257904052734,35.171844584174494,34.96228232447118,35.032135300728264,165700
2023-07-03,35.372676849365234,35.43380278427569,35.16311458742001,35.16311458742001,120300
2023-07-05,35.512386322021484,35.58224263032721,35.41633889449928,35.44253334464787,175800
2023-07-06,34.84877014160156,35.09326057349713,34.6741326912766,35.04960204364897,212200
2023-07-07,35.11072540283203,35.25916840461057,34.81384273020735,34.82257643492323,155400
2023-07-10,35.171844482421875,35.171844482421875,34.77018071004251,34.83130331319015,192300
2023-07-11,35.608436584472656,35.617170288355275,35.23296725988972,35.2591650406055,138000
2023-07-12,36.13235092163086,36.2109376063183,35.90532124100836,36.02756645475944,159600
2023-07-13,36.66498947143555,36.66498947143555,36.41176536832794,36.4292294441559,171400
2023-07-14,36.37683868408203,36.50781759260937,36.28078792861958,36.472889439544474,374000
2023-07-17,36.280792236328125,36.315720393540126,36.10615478120054,36.237133705279334,158000
2023-07-18,36.22840118408203,36.368110473716655,36.149814500479295,36.17600895136947,260700
2023-07-19,36.66498947143555,36.77850096791948,36.55147464401975,36.58640279567567,437300
2023-07-20,36.630062103271484,36.65625655210777,36.464155044823165,36.61259802706998,138800
2023-07-21,36.542747497558594,36.56021157652016,36.394307822784,36.45543043368324,129200
2023-07-24,36.51654815673828,36.586404463234075,36.36810850183276,36.44669518117451,243900
2023-07-25,36.61260223388672,36.708652998565334,36.59513815567858,36.59513815567858,170900
2023-07-26,36.961875915527344,37.084121128014885,36.612601024763904,36.612601024763904,236300
2023-07-27,36.97933578491211,37.32861066738919,36.944410961410114,37.267488062595525,1026100
2023-07-28,37.127777099609375,37.250022303677795,37.110313023180744,37.18016932889527,736900
2023-07-31,37.09284973144531,37.24129271876296,36.9007482175985,36.9007482175985,213400
2023-08-01,36.499088287353516,36.71738427391775,36.40303752031607,36.71738427391775,136300
2023-08-02,35.94898223876953,36.15854785597147,35.8442010956348,36.14981748193211,123100
2023-08-03,36.03630065917969,36.09742326690338,35.861663209569585,35.91405544373231,151200
2023-08-04,35.983909606933594,36.28952598652252,35.94898144967787,36.001373685561454,159400
2023-08-07,36.17601013183594,36.20220458358087,35.992642307756775,36.10615381927303,76800
2023-08-08,35.87039566040039,35.89659011110011,35.65209968875024,35.852931582956515,178500
2023-08-09,35.89659118652344,35.99264194987623,35.75688189371909,35.835468579104806,99500
2023-08-10,35.861663818359375,36.33318394103151,35.861663818359375,36.05376534928484,123200
2023-08-11,35.61717224121094,35.79180968818575,35.538585556618884,35.59097445905875,179300
2023-08-14,35.093257904052734,35.29408979082343,34.92735417087661,35.119455684714694,1607600
2023-08-15,34.71778869628906,34.94481836448058,34.64793571979849,34.94481836448058,266100
2023-08-16,34.57807922363281,34.84876741701991,34.5431544010442,34.78764481382477,197900
2023-08-17,34.49949264526367,34.77018083944783,34.43837004188855,34.77018083944783,389400
2023-08-18,34.40345001220703,34.4471085448528,34.228812550691416,34.23754292484756,132000
2023-08-21,34.1414909362793,34.3073980177191,34.019245716859906,34.3073980177191,166000
2023-08-22,34.27246856689453,34.37724970373737,34.220076333006965,34.22881003745437,234700
2023-08-23,34.84003829956055,34.91862498234788,34.50822749102156,34.551886019029595,270400
2023-08-24,34.5693473815918,34.892424460597724,34.5344192295555,34.70032628626194,294700
2023-08-25,34.73525619506836,34.89242957132108,34.534424287841524,34.70033136884851,164200
2023-08-28,34.98847579956055,35.06706247749319,34.822572071005844,34.822572071005844,130400
2023-08-29,35.53858184814453,35.56477629663106,34.99720881685426,34.99720881685426,181400
2023-08-30,35.54731369018555,35.76560965241601,35.49492479104674,35.62590036982579,109700
2023-08-31,35.4861946105957,35.58224537646294,35.39014384472846,35.521122767444226,278400
2023-09-01,35.41633987426758,35.75688105934854,35.36394764158889,35.66956067155072,253300
2023-09-05,35.31155776977539,35.52985375746648,35.29409369104821,35.45126706866039,239000
2023-09-06,35.34648513793945,35.57351482539075,35.24170399884858,35.34648513793945,144600
2023-09-07,35.31155776977539,35.36395000595693,35.18931254961757,35.19804625444738,273200
2023-09-08,35.21550750732422,35.35521679499832,35.145651198021085,35.22423788052103,162200
2023-09-11,35.241703033447266,35.32902009180899,35.18931079987087,35.2940919360914,786600
2023-09-12,35.180580139160156,35.232969041376535,35.04087084836275,35.075795672862924,119200
2023-09-13,34.962284088134766,35.17184635840939,34.93608630615127,34.98847853918603,147900
2023-09-14,35.451263427734375,35.477461208600786,35.18057856259413,35.18057856259413,162800
2023-09-15,35.145652770996094,35.35521837735262,35.145652770996094,35.224239457013255,218600
2023-09-18,34.883697509765625,35.032137174082315,34.805110825441425,34.94482011635864,166200
2023-09-19,34.90115737915039,35.05833072884699,34.857495524621015,34.97101035072008,159600
2023-09-20,34.9797477722168,35.38141156150044,34.9797477722168,35.06706482869335,166300
2023-09-21,34.455833435058594,34.88369498112727,34.447103062291966,34.73525199663863,264500
2023-09-22,34.63920211791992,34.84876770987297,34.61300766802532,34.743986579362485,123000
2023-09-25,34.447105407714844,34.50822801403892,34.29866241311906,34.42090762576722,255300
2023-09-26,33.923194885253906,34.150224575970725,33.8184137446559,34.036709730612316,208800
2023-09-27,33.75728988647461,33.94065770847195,33.60885022036217,33.87080472763442,339300
2023-09-28,33.835872650146484,33.93192340223148,33.67869929781319,33.766016346473066,149500
2023-09-29,33.99304962158203,34.47330010220547,33.862070703715524,34.289932281938164,294700
2023-10-02,33.53899383544922,33.914463183062445,33.45167677685966,33.844606871444974,686200
2023-10-03,33.17226028442383,33.32069995957461,33.00635319933474,33.24211326951465,303000
2023-10-04,33.06747055053711,33.18098538055258,32.884102746541934,33.01508165278532,401700
2023-10-05,33.512794494628906,33.57391709291043,33.311962624427935,33.33815707199665,459200
2023-10-06,33.87953567504883,33.888269379634146,33.25084551313206,33.373090729867755,168300
2023-10-09,33.60011291503906,33.70489404053223,33.303230283698475,33.303230283698475,185000
2023-10-10,34.115291595458984,34.18514789993607,33.870801191653044,33.870801191653044,197200
2023-10-11,34.22007751464844,34.368520516989555,34.07163784323972,34.16768860988414,547800
2023-10-12,33.827144622802734,34.19388024971734,33.73109386405878,34.19388024971734,233800
2023-10-13,33.38182067871094,33.635044813545164,33.303233993104875,33.61758073552912,150200
2023-10-16,33.547725677490234,33.57392346095973,33.28577115932218,33.28577115932218,174600
2023-10-17,33.608848571777344,33.79221638478011,33.31196592318291,33.31196592318291,762500
2023-10-18,32.945228576660156,33.35562608090714,32.89283634284173,33.18098863244467,269700
2023-10-19,32.526100158691406,32.945228029480795,32.508636081041985,32.683273526603955,268200
2023-10-20,32.4125862121582,32.63088219239001,32.37766138682967,32.4125862121582,423000
2023-10-23,32.32526779174805,32.534830058627236,32.06331329268297,32.194288876749425,385000
2023-10-24,32.587223052978516,32.67454011106503,32.421319310241245,32.421319310241245,263500
2023-10-25,32.17682647705078,32.43005061608738,32.11570386844641,32.325269477184506,243600
2023-10-26,32.072044372558594,32.20302329044308,31.941068785606355,32.010921765794436,606100
2023-10-27,32.072044372558594,32.4387833440758,31.97599361023427,32.36019665953156,218000
2023-10-30,32.395118713378906,32.51736724738346,32.20302053609282,32.32526573916541,277600
2023-10-31,32.648345947265625,32.70073818113815,32.45624442066531,32.45624442066531,352700
2023-11-01,32.997615814208984,33.05000470916277,32.657074673282274,32.69199949294087,266800
2023-11-02,34.03670883178711,34.09783143976622,33.75729024361624,33.76602061721369,288900
2023-11-03,34.85749816894531,35.06706376141591,34.5344210726964,34.5344210726964,375100
2023-11-06,34.455833435058594,34.80510830249963,34.39471083289621,34.674129394476246,459100
2023-11-07,34.18515396118164,34.32486326397523,34.05417503252967,34.16768988196588,258100
2023-11-08,34.15895080566406,34.33358823942881,34.08036412701652,34.124025983656715,388200
2023-11-09,33.86206817626953,34.38598047769878,33.80094557407592,34.25500156960847,210500
2023-11-10,33.99304962158203,34.0803666795382,33.66123880567053,33.87080440807049,249700
2023-11-13,33.95812225341797,34.01051448796584,33.72236219435101,33.79221850708151,241400
2023-11-14,35.4076042175293,35.49492460051198,34.65666557853836,34.65666557853836,263800
2023-11-15,35.4861946105957,35.695760220754444,35.45126645374719,35.61717353331146,248400
2023-11-16,35.250431060791016,35.43380220063786,35.136919558662065,35.33775144427333,245600
2023-11-17,35.49492645263672,35.547315354227955,35.32901938177861,35.43380384682548,140500
2023-11-20,35.748146057128906,35.8005382879053,35.538583795887526,35.538583795887526,197700
2023-11-21,35.43380355834961,35.695758056969744,35.40760577683508,35.62590174750722,271500
2023-11-22,35.54731369018555,35.62590036982579,35.40760440759533,35.529849613495266,151100
2023-11-24,35.85293197631836,35.975177188834515,35.66083045326028,35.721953059518356,99500
2023-11-27,35.75688171386719,35.85293247673686,35.669561324471,35.695759106755986,826300
2023-11-28,35.844200134277344,35.931520526991385,35.573515244194816,35.756883072495704,163600
2023-11-29,35.85293197631836,36.04503016844422,35.8180038210474,35.84419827203451,171500
2023-11-30,35.71322250366211,35.887856617260056,35.59097396083846,35.73941695451536,209700
2023-12-01,36.3244514465332,36.42923592012835,35.573516038029474,35.721955712557225,343800
2023-12-04,36.19347381591797,36.27206050122946,36.01010599383523,36.018836367344385,320800
2023-12-05,36.079959869384766,36.11488802615206,35.914056121138685,36.04503171261747,402900
2023-12-06,36.27206039428711,36.60386788157312,36.27206039428711,36.41176968654761,276100
2023-12-07,36.499088287353516,36.60386942824327,36.24586414351523,36.31572045806334,213200
2023-12-08,36.22840118408203,36.35937676946512,36.02756595748332,36.11488634533759,181900
2023-12-11,36.23713302612305,36.29825563463228,36.07122927887403,36.10615410449906,222500
2023-12-12,36.280792236328125,36.315720393540126,35.975179188054156,36.13235256457574,237300
2023-12-13,37.11031723022461,37.11031723022461,36.02756768542663,36.21093884324929,352500
2023-12-14,38.0009651184082,38.158138492634755,37.78266913541937,37.78266913541937,263100
2023-12-15,37.4421272277832,37.89618326353667,37.43339352330647,37.852521403017604,410700
2023-12-18,37.33421325683594,37.58812817113218,37.31607968943575,37.54278733406347,298700
2023-12-19,37.74228286743164,37.805760723041715,37.48837144499135,37.62439739803219,221700
2023-12-20,37.27073287963867,37.89644815055635,37.27073287963867,37.68787754667842,331700
2023-12-21,37.851104736328125,37.90551234971899,37.57905283223917,37.81483068787844,447200
2023-12-22,38.11408615112305,38.25011211462997,37.86924149238096,37.878311734899526,345800
2023-12-26,38.12315368652344,38.204768566975346,37.878309045167725,38.08687963759288,507000
2023-12-27,38.50402069091797,38.558431764127945,38.13222033885903,38.24103902599529,329000
2023-12-28,38.558433532714844,38.74886710875897,38.53122972450393,38.549363290455304,345700
2023-12-29,38.621910095214844,38.70352497639239,38.44054330823322,38.50402116478423,416600
2024-01-02,37.98712921142578,38.32265552888544,37.950855161083155,38.086881120226074,278400
2024-01-03,37.615325927734375,37.724144611042924,37.433959149364405,37.63346295149973,292800
2024-01-04,37.51557540893555,37.7422830254302,37.479304819352016,37.479304819352016,134800
2024-01-05,37.69694137573242,38.02340088988393,37.597189473154614,37.60625971481639,198900
2024-01-08,37.91458511352539,37.98712975596671,37.560918306540806,37.560918306540806,272700
2024-01-09,37.615325927734375,37.71507782880203,37.54278129195653,37.65159997526508,135000
2024-01-10,37.66973876953125,37.851105556425566,37.66973876953125,37.69694257681609,191500
2024-01-11,37.69694137573242,37.79669327831023,37.406755909660774,37.73321542381228,135300
2024-01-12,37.896446228027344,38.13222062849402,37.87830920348625,37.97806110882037,327900
2024-01-16,37.016822814941406,37.35234915021065,36.96241173653936,37.26166747882459,296500
2024-01-17,36.27322006225586,36.318560895476914,36.073716244942624,36.21880898682029,272400
2024-01-18,36.33669662475586,36.35483364925423,36.15532983905585,36.28228555126074,427400
2024-01-19,36.699432373046875,36.76291023291462,36.26415413711779,36.38203961442422,1044700
2024-01-22,36.708499908447266,36.944277786459686,36.68129609917044,36.68129609917044,267600
2024-01-23,36.518062591552734,36.68129234909401,36.36389961641547,36.68129234909401,237500
2024-01-24,36.64501953125,37.08936798820529,36.64501953125,37.034956914103496,446800
2024-01-25,36.78104782104492,36.87172949101896,36.645021856799886,36.81731841346416,266800
2024-01-26,36.82638931274414,36.97148206286038,36.78104847694858,36.889867174714745,194200
2024-01-29,37.08937072753906,37.17098561507777,36.835455822260876,36.88986690038134,170200
2024-01-30,36.90800094604492,36.99868260963902,36.74477118414857,36.962408560487894,150600
2024-01-31,36.85359191894531,37.40675909172657,36.81731786777974,37.09843657538705,260800
2024-02-01,37.007755279541016,37.07123314007823,36.68129573433023,36.85359229017639,216000
2024-02-02,36.54526901245117,36.781046883226324,36.40924651095832,36.781046883226324,153800
2024-02-05,36.44551467895508,36.58154063068657,36.28228492059075,36.4999257515044,271700
2024-02-06,36.871726989746094,36.871726989746094,36.363900678202626,36.43644877668758,222700
2024-02-07,36.73570251464844,36.90800252584954,36.6359540641388,36.871728475145744,180200
2024-02-08,36.68129348754883,36.726634319543365,36.51806372494149,36.635952655554284,282300
2024-02-09,36.508995056152344,36.6087469664089,36.300424452563114,36.36390231194749,266500
2024-02-12,36.69036102294922,36.853590788905265,36.58154233207312,36.58154233207312,169200
2024-02-13,35.720054626464844,36.209743951163,35.574961877585835,36.209743951163,359900
2024-02-14,36.12812423706055,36.12812423706055,35.85607580166809,36.06464638411176,204100
2024-02-15,36.68129348754883,36.726634319543365,36.264152298345074,36.264152298345074,276500
2024-02-16,36.59061050415039,36.762910518803245,36.45458800021197,36.45458800021197,247500
2024-02-20,36.518062591552734,36.68129234909401,36.42737747109445,36.52712937395675,156800
2024-02-21,36.75383758544922,36.781044851672135,36.490859380041414,36.536200211368026,177500
2024-02-22,36.817317962646484,36.90800309079408,36.72663629378282,36.799184396300895,206600
2024-02-23,36.808250427246094,36.908002336527915,36.74477256848199,36.76290959374086,121900
2024-02-26,36.65408706665039,36.86266112534847,36.59967945071509,36.71756838404795,191600
2024-02-27,36.68129348754883,36.74477134419793,36.59060836427601,36.65408622092511,208000
2024-02-28,36.31856155395508,36.41831346442026,36.20974286039483,36.27322071991197,141900
2024-02-29,36.481788635253906,36.6450183932063,36.30949209487467,36.536199707665915,302300
2024-03-01,36.817317962646484,36.82638820510321,36.41831377664884,36.59061033120338,360300
2024-03-04,36.67222595214844,36.77197786546879,36.56340725547351,36.67222595214844,210200
2024-03-05,36.454586029052734,36.75383828896336,36.4001749548491,36.62688257510529,119600
2024-03-06,36.7991828918457,36.98961646424431,36.77197562487177,36.87172753211402,193200
2024-03-07,37.09843826293945,37.10750504650132,36.95334551096103,36.9624122945229,218500
2024-03-08,37.361419677734375,37.55185326466723,37.27073454637298,37.3160788416957,160300
2024-03-11,37.252601623535156,37.433964970825876,37.143779464019794,37.19819054377748,158500
2024-03-12,37.2435302734375,37.41582683195536,37.15284860248789,37.26166729948422,239100
2024-03-13,37.27073287963867,37.352347764572116,37.10750310977179,37.143777160694185,153800
2024-03-14,36.97148132324219,37.35234848744651,36.82638857602854,37.316077895106076,116500
2024-03-15,37.04402542114258,37.19818840863179,36.95334375270227,37.14377733199726,192300
2024-03-18,37.016822814941406,37.170985807438534,36.98054876267337,37.08030067676845,114600
2024-03-19,37.33421325683594,37.48837625401053,37.13471288187675,37.19819074562978,320800
2024-03-20,37.78762435913086,37.89644650717898,37.29793853004931,37.29793853004931,159200
2024-03-21,37.860172271728516,38.077813107471194,37.81483143990654,37.88737607896495,160600
2024-03-22,37.74228286743164,37.96899048297724,37.706012277999946,37.860171796114784,142400
2024-03-25,37.896446228027344,37.99619813336145,37.751353490982375,37.751353490982375,192100
2024-03-26,37.796695709228516,38.04154036058949,37.796695709228516,37.92365142638965,136800
2024-03-27,38.141292572021484,38.177563163438094,37.83297005963513,37.83297005963513,298800
2024-03-28,38.213836669921875,38.3045217953816,38.105017978654026,38.105017978654026,168900
2024-04-01,38.11408615112305,38.395204861371504,37.95992662114689,38.213838063123596,218800
2024-04-02,37.80575942993164,37.932718596092954,37.751351818003215,37.80575942993164,149100
2024-04-03,37.68787384033203,37.769488717239206,37.49743682135959,37.51557384503714,149700
2024-04-04,37.45209884643555,38.059677078450925,37.36141718041956,37.905514095083156,137500
2024-04-05,37.551849365234375,37.71507912545084,37.270730676131855,37.41582341195942,137500
2024-04-08,37.98712921142578,38.05060706988345,37.787625393825195,37.787625393825195,152100
2024-04-09,38.07781219482422,38.21383468702995,37.86017136429794,38.07781219482422,104100
2024-04-10,37.116573333740234,37.50651073275289,37.025891665763105,37.47930692421653,176400
2024-04-11,37.27980422973633,37.41582673581121,36.96241146366027,37.29794125573645,190900
2024-04-12,36.73570251464844,37.034958244028964,36.69943192322851,36.94427657655334,174400
2024-04-15,36.43645095825195,36.99868491803811,36.38203988113048,36.90800324878626,180200
2024-04-16,36.046512603759766,36.23694617974019,35.964897719870464,36.155331295850885,236100
2024-04-17,36.100921630859375,36.26415138937532,36.0102365098596,36.16439948591739,566500
2024-04-18,36.09185028076172,36.363898716839316,35.955827792364694,36.128124328047676,205500
2024-04-19,36.19160461425781,36.26415271370702,36.091852707157045,36.11905997409239,150300
2024-04-22,36.55434036254883,36.690362868163774,36.32763272723993,36.45458844952748,124500
2024-04-23,36.93520736694336,36.95334439280237,36.61781806262061,36.61781806262061,193400
2024-04-24,36.57247543334961,36.70849793169289,36.409245667910625,36.6450200739426,232500
2024-04-25,36.345767974853516,36.463653448761775,36.10092332558558,36.30949392475075,865800
2024-04-26,36.79011154174805,36.90800047032785,36.681292854980974,36.77197451740626,156000
2024-04-29,37.29793930053711,37.37048394145071,37.1437763172595,37.18005036735821,189300
2024-04-30,36.835453033447266,37.26166446491245,36.82638625075564,37.11657172686018,210300
2024-05-01,36.92613983154297,37.370484848544386,36.82638792099215,36.85359172958459,170700
2024-05-02,38.032470703125,38.0596779709949,37.461169967115694,37.56091841835898,292900
2024-05-03,38.26824951171875,38.386138450616414,38.05060865985259,38.231975459860394,216300
2024-05-06,38.37706756591797,38.46774923476267,38.259178628992714,38.26824887144754,158400
2024-05-07,38.322654724121094,38.44961389765417,38.277313891786875,38.37706579849241,157300
2024-05-08,38.00526428222656,38.0959459441361,37.81483071664635,37.914582620317034,115900
2024-05-09,38.322654724121094,38.322654724121094,37.95992460616361,38.0324692460416,163600
2024-05-10,38.1866340637207,38.395204669916396,38.123156203543054,38.33172680973875,106100
2024-05-13,38.213836669921875,38.3045217953816,38.08688095356208,38.20476988701781,96000
2024-05-14,38.24103927612305,38.28638356706979,38.11408356375306,38.14129083017786,106300
2024-05-15,38.85768508911133,38.90302938101073,38.504021751712216,38.54029580151822,181100
2024-05-16,38.9120979309082,39.06626091994274,38.90303114768685,38.93023495663485,108100
2024-05-17,39.04812240600586,39.12066704686367,38.884892639971014,38.93023347291763,133800
2024-05-20,38.812347412109375,39.02091802652595,38.8032806285626,38.893962301166646,100600
2024-05-21,38.71259307861328,38.757937371367085,38.56750033593912,38.730730103858036,108800
2024-05-22,38.3135871887207,38.54029480522201,38.259176115418256,38.41333909346667,125400
2024-05-23,37.66973876953125,38.241039478215306,37.6062609130108,38.241039478215306,95900
2024-05-24,37.869239807128906,37.91458409913594,37.73321730895919,37.760421116736374,138100
2024-05-28,37.73321533203125,38.05060460374897,37.660667236047985,37.9417859190577,182700
2024-05-29,37.2435302734375,37.34328218705247,37.13471157644117,37.27980432553095,176800
2024-05-30,37.60626220703125,37.68787709097785,37.42489541389615,37.42489541389615,113500
2024-05-31,37.8148307800293,37.85110482856737,37.542782334561046,37.70601209369873,140400
2024-06-03,38.032470703125,38.10501880506619,37.90551498401182,38.0234039200243,124000
2024-06-04,38.12315368652344,38.23197237403141,37.99619797455019,38.02340178160625,112800
2024-06-05,38.29545211791992,38.32265592631709,38.06874448985318,38.21383723344454,143100
2024-06-06,38.159427642822266,38.21383525680233,38.02340168930473,38.07781276256848,91700
2024-06-07,37.4611701965332,37.733218661910925,37.4611701965332,37.66974080196559,86100
2024-06-10,37.66973876953125,37.72414638410093,37.361416269596035,37.41582388416571,124300
2024-06-11,37.125640869140625,37.288870642234265,37.007755390238295,37.180051946599825,189100
2024-06-12,37.41582489013672,37.76949169076709,37.397691324315105,37.56091763169643,172700
2024-06-13,37.071231842041016,37.2888692250384,36.96240969125849,37.270732199907975,91900
2024-06-14,37.13471221923828,37.13471221923828,36.88986755229531,36.962412198453926,120700
2024-06-17,36.91706848144531,36.97147955628147,36.72663490844445,36.83545359883298,182700
2024-06-18,37.116573333740234,37.17098441009684,36.88079546214547,36.88079546214547,137800
2024-06-20,36.880794525146484,36.944275842258335,36.77197583448182,36.86266095943888,149600
2024-06-21,36.66315841674805,36.76291032802226,36.635954607958325,36.72663627678001,189900
2024-06-24,37.016822814941406,37.08030067676845,36.908004117421335,36.908004117421335,267600
2024-06-25,36.880794525146484,36.953342625112136,36.753838809490404,36.935205600120725,355500
2024-06-26,36.518062591552734,36.590607228635726,36.481788543369426,36.481788543369426,161500
2024-06-27,36.58154296875,36.65408761083538,36.499928084351524,36.50899486738074,221700
2024-06-28,36.79011154174805,36.87172642164427,36.690359637510035,36.69942987932277,351800
2024-07-01,36.68129348754883,37.025890037418066,36.59060836427601,36.92613813145983,205500
2024-07-02,36.835453033447266,36.84452327542264,36.64501946336936,36.65408624606099,186800
2024-07-03,37.29793930053711,37.37048394145071,37.062161434179316,37.062161434179316,130100
2024-07-05,37.488372802734375,37.5337136356289,37.27980220399252,37.388620894796134,196100
2024-07-08,37.33421325683594,37.47930947031044,37.29794266275144,37.43396517395759,125300
2024-07-09,37.32514572143555,37.379556800392685,37.207256780003775,37.3070086951165,127200
2024-07-10,37.796695709228516,37.842036542602656,37.706014042480234,37.715080825441525,165300
2024-07-11,38.449615478515625,38.504023095840154,38.26824868243808,38.2773154655642,155100
2024-07-12,39.01184844970703,39.129737383078634,38.92116332431202,38.939300349391026,223700
2024-07-15,38.78514099121094,38.921163490960126,38.712592890584304,38.866755874773986,183800
2024-07-16,39.066261291503906,39.084394858119076,38.649116614391396,38.658186856982965,175200
2024-07-17,39.02998733520508,39.238557944629676,39.02998733520508,39.075328170421905,440500
2024-07-18,38.73979949951172,39.2113517677185,38.70352544981494,39.084392593779775,165400
2024-07-19,38.46774673461914,38.621909712776294,38.41333912056202,38.576568881300794,162100
2024-07-22,38.68539047241211,38.71259428148258,38.49495689035089,38.63097939498721,169700
2024-07-23,38.34986114501953,38.449613049524714,38.30452031368546,38.35892792757287,162100
2024-07-24,37.860172271728516,38.295450483930146,37.85110548907761,38.21383560293711,275700
2024-07-25,37.869239807128906,38.14129172203593,37.71508028401314,37.73321730895919,118000
2024-07-26,38.24103927612305,38.28638356706979,38.07781297399287,38.18663166184089,106600
2024-07-29,38.26824951171875,38.33172737282888,38.1322235468919,38.24104224318299,433000
2024-07-30,38.38613510131836,38.42240569072802,38.25010914836016,38.35892783515651,178200
2024-07-31,38.630977630615234,38.83955168824262,38.45868108223152,38.45868108223152,356700
2024-08-01,38.02340316772461,38.558433301461555,37.88737720891813,38.386136751686,301500
2024-08-02,38.04153823852539,38.16849394860457,37.76041955243316,38.07781228691477,306900
2024-08-05,37.143775939941406,37.379553803904095,36.726634745895154,36.88079426832294,219400
2024-08-06,37.551849365234375,37.733216149839755,37.13470818214059,37.27980091796815,220900
2024-08-07,37.77855682373047,38.25010907802581,37.7241457507905,38.23197205371248,206400
2024-08-08,38.29545211791992,38.3407929516765,37.941788771621226,38.005266630737204,152100
2024-08-09,38.53123092651367,38.540297709772204,38.222908406464136,38.322656859443846,124600
2024-08-12,38.34079360961914,38.39520468663107,38.24104169807257,38.39520468663107,154400
2024-08-13,38.95743942260742,38.984646691298224,38.61284630584131,38.61284630584131,162200
2024-08-14,38.9755744934082,39.04812259389892,38.91209663512074,38.9755744934082,182000
2024-08-15,39.10253143310547,39.21135358724548,39.02091654714243,39.03905357283243,127200
2024-08-16,39.24761962890625,39.265756652493415,39.020912022991986,39.05718607016632,120400
2024-08-19,39.74638366699219,39.79172450149467,39.52874281838276,39.52874281838276,154400
2024-08-20,39.43805694580078,39.55594241108541,39.39271265684747,39.49246455769105,173200
2024-08-21,39.62849426269531,39.691972122107266,39.383649608127556,39.510605326951456,137700
2024-08-22,39.51060485839844,39.755449510062604,39.42898997451038,39.691971651403435,135300
2024-08-23,40.23606872558594,40.29047980148145,39.69197180376621,39.710108829064716,191700
2024-08-26,40.59880447387695,40.73482698192981,40.48998577557786,40.52625636882152,334000
2024-08-27,40.60786819458008,40.68041629416367,40.48998272168241,40.62600521947598,320200
2024-08-28,40.381160736083984,40.5715977686214,40.29047907052049,40.46277561880465,184600
2024-08-29,40.22700119018555,40.41743476333226,40.16352333246998,40.308616072860396,164300
2024-08-30,40.42650604248047,40.58973235273347,40.24513924751905,40.50811746796502,171600
2024-09-03,40.03656768798828,40.263275311455295,39.9549528051688,40.22700126147246,291400
2024-09-04,40.199798583984375,40.42650621382606,40.09097643097595,40.1000466733686,184600
2024-09-05,40.78017044067383,40.798307466565625,40.517188754168735,40.69855555380273,290900
2024-09-06,40.40837097167969,40.86178625137378,40.335822866472284,40.78017136265748,247800
2024-09-09,40.66228103637695,40.78923675688173,40.54439209907226,40.61694020180867,145800
2024-09-10,40.807373046875,40.85271388062586,40.51718755972882,40.707621137052776,223000
2024-09-11,40.69855499267578,40.743895827138154,40.27234353830484,40.52625497872126,210300
2024-09-12,41.01594161987305,41.0250118617447,40.6804153155796,40.71668936449881,165400
2024-09-13,41.32426452636719,41.47842750615872,41.26985345244952,41.315197743689446,126300
2024-09-16,41.64165496826172,41.64165496826172,41.45122139317558,41.47842866053348,240800
2024-09-17,41.35146713256836,41.64165259979958,41.26985225370435,41.64165259979958,119500
2024-09-18,41.17917251586914,41.68699883688571,41.14289846595,41.342402281221474,156900
2024-09-19,41.83209228515625,41.913707169213495,41.56911060771803,41.87743311868053,212900
2024-09-20,41.405879974365234,41.72326926168672,41.36053914178842,41.72326926168672,2027100
2024-09-23,41.67792892456055,41.80488464099834,41.62352130853511,41.62352130853511,1182000
2024-09-24,42.11320877075195,42.15855306489757,41.823023276496606,41.86836411135826,154200
2024-09-25,41.714202880859375,42.058799438474644,41.714202880859375,42.058799438474644,196800
2024-09-26,42.738922119140625,42.85680759258891,42.58475913644731,42.74798890198903,269500
2024-09-27,42.8296012878418,43.19233484773949,42.8296012878418,42.93841997209766,140700
2024-09-30,42.5394172668457,42.76612488465223,42.4033913124483,42.76612488465223,195300
2024-10-01,42.63916778564453,42.820534565848895,42.43966398149137,42.76612349400251,285200
2024-10-02,43.10165023803711,43.10165023803711,42.87494262523989,43.02910560076949,148500
2024-10-03,42.40339279174805,42.60289660934854,42.35805195846171,42.494077917604564,161000
2024-10-04,42.39432907104492,42.42153288112495,42.17668821255242,42.321780965119395,109000
2024-10-07,42.04066467285156,42.15855361245017,41.84116084572838,42.15855361245017,171200
2024-10-08,41.49656295776367,41.55097403415463,41.30612937932117,41.55097403415463,113900
2024-10-09,41.306129455566406,41.3605405320578,41.05221801717439,41.05221801717439,272100
2024-10-10,41.14289855957031,41.18823939243051,40.97060201098803,41.106627968852436,132900
2024-10-11,41.369606018066406,41.433083875674136,41.06128351285011,41.0884907798847,90500
2024-10-14,41.297061920166016,41.35146953638238,41.08849131967433,41.12476191072396,112600
2024-10-15,41.10662841796875,41.2517211602769,41.00687650901617,41.2517211602769,179800
2024-10-16,41.47842788696289,41.59631335927451,41.378675980173234,41.378675980173234,1283300
2024-10-17,40.997802734375,41.18823629363084,40.87991726966437,41.151965705641786,313600
2024-10-18,41.115692138671875,41.17010321021639,41.052214284845064,41.133829162520044,279700
2024-10-21,40.42650604248047,40.87992130024207,40.37209496620688,40.86178427481754,144800
2024-10-22,40.199798583984375,40.29048025220749,40.145387507480166,40.29048025220749,197500
2024-10-23,39.954952239990234,39.982156047450644,39.78265223465092,39.86426711631592,193700
2024-10-24,39.900543212890625,39.99122488193362,39.75545046685147,39.900543212890625,213200
2024-10-25,39.66476821899414,39.973090732238596,39.58315333433285,39.93681668143716,309800
2024-10-28,40.10911178588867,40.14538583538062,39.728244644074444,39.728244644074444,185800
2024-10-29,39.75544738769531,39.8914733400082,39.719173339174056,39.8914733400082,122100
2024-10-30,39.80078887939453,40.10004459573703,39.77358507219384,39.85519995307964,182400
2024-10-31,39.592220306396484,39.7554500764983,39.38364970221837,39.73731305101099,146700
2024-11-01,39.60128402709961,39.96401759022736,39.5740802206143,39.827991639233545,165300
2024-11-04,39.646629333496094,39.882403734075865,39.628492308946306,39.77358504606087,197500
2024-11-05,40.072837829589844,40.081908071625804,39.83706342591135,39.83706342591135,197100
2024-11-06,39.292964935302734,39.555943135919584,39.048120299459214,39.410850402747535,238800
2024-11-07,39.90960693359375,39.94588098214101,39.59221765701439,39.75544741619339,166200
2024-11-08,39.44712448120117,39.46526150527208,39.202279845169336,39.45619126359481,211300
2024-11-11,39.256690979003906,39.40178371251531,39.22041693080515,39.40178371251531,156600
2024-11-12,38.65818786621094,39.00278098943897,38.504024871685495,38.96651039597774,260700
2024-11-13,38.33172607421875,38.58563751005722,38.268248215259135,38.58563751005722,183400
2024-11-14,38.322654724121094,38.56749936986637,38.277313891786875,38.52215853753216,201100
2024-11-15,38.42240905761719,38.44054608355317,38.28638655202325,38.38613846502919,145600
2024-11-18,38.513092041015625,38.53122906594086,38.313588226121816,38.35892905879301,268800
2024-11-19,38.61284637451172,38.66725399342207,38.33172765943352,38.33172765943352,152300
2024-11-20,38.40427017211914,38.42240719717692,38.25917743094072,38.42240719717692,149300
2024-11-21,38.322654724121094,38.39520282328285,38.21383603466222,38.31358794136776,238500
2024-11-22,38.513092041015625,38.57656989861206,38.37706608371825,38.395203108643486,342100
2024-11-25,38.767005920410156,38.875824617552134,38.65818722326818,38.78514294648115,231200
2024-11-26,38.66725158691406,38.857685159816434,38.55843289658182,38.857685159816434,180700
2024-11-27,39.17507553100586,39.26575719090157,39.07532362955043,39.07532362955043,251900
2024-11-29,39.365509033203125,39.38364605701173,39.11159761844983,39.11159761844983,165000
2024-12-02,39.21134948730469,39.2476200756083,39.00277544332014,39.20227924576611,183900
2024-12-03,39.22041702270508,39.34737273241458,39.11159833713745,39.25669107098883,205300
2024-12-04,39.14787292480469,39.24762483813212,39.08439506346614,39.12066911545502,188700
2024-12-05,39.0753288269043,39.21135479412406,39.02091774815958,39.166010498861446,123100
2024-12-06,39.11159896850586,39.283895511709574,39.029984088191746,39.22041765583012,176400
2024-12-09,39.238555908203125,39.41992269894174,39.193215075339424,39.27482995820761,201500
2024-12-10,38.64004898071289,38.884893636037035,38.558434095604845,38.884893636037035,200500
2024-12-11,38.59470748901367,38.7942078475467,38.54936319639431,38.739800231257625,223000
2024-12-12,38.37706756591797,38.59470841414275,38.34986375712135,38.54029733726557,204100
2024-12-13,38.06874465942383,38.31358931394059,38.023403825465294,38.31358931394059,216700
2024-12-16,38.12315368652344,38.268246422961965,37.987127732675695,38.095946420183665,2016400
2024-12-17,38.07781219482422,38.25010873533161,38.050604928956155,38.07781219482422,244600
2024-12-18,37.16191482543945,38.11408619318689,37.14377779966625,38.05967857515124,276300
2024-12-19,36.95334243774414,37.24352791756777,36.89893136304579,37.18005006006159,582400
2024-12-20,37.44020080566406,37.764771779418325,37.16336010772347,37.230183222179946,632100
2024-12-23,37.621578216552734,37.621578216552734,37.316100074083444,37.39246778890742,543800
2024-12-24,37.850685119628906,37.879322554822906,37.62157471331783,37.802951205523755,649000
2024-12-26,38.05115509033203,38.089340765625046,37.69794669783772,37.69794669783772,382100
2024-12-27,37.98433303833008,38.04160791127994,37.7838636998325,37.7838636998325,409400
2024-12-30,37.726585388183594,37.841138776285895,37.59293916179981,37.66930687333917,544100
2024-12-31,37.7647705078125,37.88886849243214,37.60248320560656,37.736129430019396,598000
2025-01-02,37.507022857666016,37.86023125858589,37.49747461782178,37.774315307920354,375600
2025-01-03,37.84113693237305,37.879322607075295,37.650212200448166,37.879322607075295,224300
2025-01-06,37.84113693237305,38.07979193688255,37.82204409502192,38.00342422906442,351900
2025-01-07,37.59293746948242,37.946145857823005,37.5356589572165,37.89841558506126,228200
2025-01-08,37.17290496826172,37.19199780703909,36.943798186106584,37.05835157718415,276100
2025-01-10,36.55240249633789,37.230181856148555,36.51421682045339,37.230181856148555,625000
2025-01-13,36.48558044433594,36.48558044433594,36.28510746091129,36.37102341335426,419000
2025-01-14,36.705142974853516,36.71468757339976,36.52376282819537,36.55240390700734,274500
2025-01-15,37.29700469970703,37.43065092275437,37.20154415226935,37.37337605092634,302100
2025-01-16,37.3829231262207,37.45929448250077,37.13472350148387,37.16336093929554,424400
2025-01-17,37.52611541748047,37.71703651391115,37.43065122767864,37.43065122767864,284500
2025-01-21,37.955692291259766,37.955692291259766,37.71703727432341,37.71703727432341,252000
2025-01-22,37.4783821105957,37.783863881337396,37.45929291391173,37.71703712659732,280200
2025-01-23,37.8125,37.822044598009306,37.54520755670233,37.59293782992171,237700
2025-01-24,37.93660354614258,38.02251949892597,37.793409077641385,37.81250191621399,565700
2025-01-27,38.1848030090332,38.20389584752811,37.936603391772586,37.936603391772586,506200
2025-01-28,38.070247650146484,38.14661535858876,37.91750859167553,38.14661535858876,286500
2025-01-29,38.070247650146484,38.26117238363178,37.993876300117805,38.15616359813555,374300
2025-01-30,38.53800964355469,38.72893437813008,38.38527058421166,38.38527058421166,249200
2025-01-31,38.299354553222656,38.71938969670091,38.280261715647605,38.46164185181737,578300
2025-02-03,38.261173248291016,38.385271232512494,37.860230934752416,37.91750944856835,624400
2025-02-04,38.40436553955078,38.46164405555782,38.17525875869587,38.184803357237065,192700
2025-02-05,38.73848342895508,38.77666546340059,38.54755869038153,38.54755869038153,196000
2025-02-06,38.80530548095703,38.84348751435931,38.728934130979674,38.748026968474015,199800
2025-02-07,38.49028015136719,38.80530651604718,38.4139124409392,38.80530651604718,194100
2025-02-10,38.65256881713867,38.7098436915835,38.58574206097533,38.64302057700678,136800
2025-02-11,38.614383697509766,38.63347653646269,38.41391435088413,38.41391435088413,192300
2025-02-12,38.59529113769531,38.64302141462948,38.29935759416476,38.38527354928094,133100
2025-02-13,39.02486801147461,39.02486801147461,38.614381105507604,38.662111378892654,179700
2025-02-14,38.91986083984375,39.18715329515903,38.891223402941854,39.12987842135523,220900
2025-02-18,39.005775451660156,39.005775451660156,38.86258098889853,38.90076666451316,185900
2025-02-19,38.73848342895508,38.76712086518584,38.51891761256427,38.662112076891056,326400
2025-02-20,38.9866828918457,39.00577572978916,38.767120717875706,38.776665316054185,173300
2025-02-21,38.77666473388672,39.02486798183879,38.70984162288111,38.92940379355475,171100
2025-02-24,38.77666473388672,38.92940379355475,38.75757189622991,38.86258068254914,229100
2025-02-25,39.10123825073242,39.13942392854595,38.88167606568464,39.034415135352084,218100
2025-02-26,39.02486801147461,39.263523019986295,38.986682336132,39.110783960202276,183700
2025-02-27,38.73848342895508,38.93895276574339,38.690749513121816,38.91985992772738,211500
2025-02-28,38.49028015136719,38.55710326358661,38.280262574913856,38.46164271515501,284400
2025-03-03,38.63347625732422,38.891224118946305,38.499830027206094,38.72893680981241,287800
2025-03-04,38.72893524169922,39.00577593092715,38.49028022855511,38.6907495656154,336300
2025-03-05,39.120330810546875,39.17760932685853,38.795759834620775,38.83394551216188,238300
2025-03-06,38.576194763183594,38.81484976756894,38.5571019258424,38.776664092886556,269000
2025-03-07,38.833946228027344,38.833946228027344,38.4998306473502,38.55710552313102,185000
2025-03-10,38.24208068847656,38.6716567996676,38.11797906176604,38.52846597646609,266600
2025-03-11,38.251625061035156,38.46164263706206,38.117978836867664,38.41391236294317,192600
2025-03-12,38.44255065917969,38.518918371161206,38.3089044320221,38.49028093436646,269200
2025-03-13,38.35663604736328,38.48073768045416,38.30890577050885,38.44255200233594,170800
2025-03-14,38.9007682800293,38.9007682800293,38.55710446839849,38.55710446839849,151300
2025-03-17,39.32080078125,39.35898645939903,39.02487087956181,39.07260115645474,156100
2025-03-18,39.11078643798828,39.168061313044305,39.04396332269848,39.148968474163404,139200
2025-03-19,39.15851593017578,39.225339044127324,38.900768072825564,38.96759118677711,128700
2025-03-20,38.9484977722168,38.99622804696387,38.81485154629038,38.81485154629038,139100
2025-03-21,38.72893524169922,38.824395790322264,38.6907495656154,38.77666551601074,200800
2025-03-24,38.9007682800293,38.96759139433677,38.80530772861479,38.910312878536104,134300
2025-03-25,38.9962272644043,39.17760740302447,38.97713806815777,39.15851456519148,210000
2025-03-26,38.958045959472656,39.15851529809138,38.891222846599746,39.0535065088378,196400
2025-03-27,39.063053131103516,39.20624760415706,38.9675925767923,38.9675925767923,184400
2025-03-28,38.80530548095703,39.024867649762335,38.738482370520046,38.900766026842334,167100
2025-03-31,38.62392807006836,38.719392264274056,38.44255156345751,38.51891927723542,159000
2025-04-01,38.78621292114258,38.948496578626695,38.6525666993118,38.78621292114258,183000
2025-04-02,38.958045959472656,38.986683395964896,38.65256783160035,38.67165702820415,331900
2025-04-03,38.9962272644043,39.40671417384741,38.96758982844805,39.29216078843594,273100
2025-04-04,37.23972702026367,38.21343992059712,37.16335930892059,38.07024909623389,574200
2025-04-07,36.15146255493164,37.1824540219464,35.94144860695905,36.60013517204955,509000
2025-04-08,36.055999755859375,37.23018198135797,35.81734474315836,37.17290346733859,501000
2025-04-09,37.74567794799805,37.74567794799805,35.98917689651284,36.15146055832832,445900
2025-04-10,37.61203384399414,37.927056587115956,37.106082708697386,37.927056587115956,334300
2025-04-11,38.824398040771484,38.90076939736597,38.041609843611546,38.299357709737876,606000
2025-04-14,39.177608489990234,39.416263507144286,38.88167495774804,39.416263507144286,259600
2025-04-15,39.26352310180664,39.435354999620046,39.139421477477754,39.301705135642386,262500
2025-04-16,39.511722564697266,39.87447919671144,39.45444769335943,39.607186752904376,338300
2025-04-17,40.13222885131836,40.26587507924555,39.845843556962,39.845843556962,251100
2025-04-21,40.03676223754883,40.332695754052615,39.7885626352065,40.22768696943558,340100
2025-04-22,40.790916442871094,40.84819495985194,40.51407573984372,40.70500048819317,378000
2025-04-23,40.428157806396484,40.819551882641946,40.32315265945115,40.74318417199202,228900
2025-04-24,40.724090576171875,40.75272801193442,40.51407300301602,40.63817462729779,170100
2025-04-25,40.437705993652344,40.48543626794481,40.256325853119854,40.418613155618054,468200
2025-04-28,40.628631591796875,40.75272957926496,40.342242656811266,40.456799687440146,522600
2025-04-29,40.71454620361328,40.81000675107478,40.59044457864417,40.62863025426335,139600
2025-04-30,40.95320129394531,41.01047616589964,40.54271438420246,40.590444658026556,313000
2025-05-01,40.9722900390625,41.12503274015611,40.83864381719202,41.04866138960931,199200
2025-05-02,41.50688171386719,41.63098334711798,41.45915143695125,41.55461199078312,201500
2025-05-05,41.61188888549805,41.77417254900179,41.57370320881956,41.77417254900179,192500
2025-05-06,41.79326629638672,41.85054481265032,41.65007546810768,41.726443181539175,174900
2025-05-07,41.6787109375,41.81235716088471,41.554609312248566,41.65961809964698,307800
2025-05-08,41.16321563720703,41.58325079085149,41.14412279916987,41.4877866006657,356200
2025-05-09,41.36368942260742,41.44005713465911,41.29686266738066,41.38277861943041,135200
2025-05-12,41.2586784362793,41.29686046947973,41.11548397662194,41.277771273672705,384000
2025-05-13,41.077301025390625,41.134579541368595,40.91501735916632,41.134579541368595,319900
2025-05-14,40.724090576171875,41.08684720937204,40.69545314040933,41.08684720937204,3225300
2025-05-15,41.086849212646484,41.10594205128124,40.81955311334652,41.020026098218146,992200
2025-05-16,41.468692779541016,41.478241019126486,41.172762900946864,41.18230749894592,229200
2025-05-19,41.6787109375,41.6787109375,41.37323281502453,41.382777413157804,117300
2025-05-20,41.69780349731445,41.71689633504017,41.55460903516481,41.573701872890524,121000
2025-05-21,41.38277816772461,41.75508305026745,41.36368897110998,41.69780453566397,329400
2025-05-22,41.182308197021484,41.30640982263134,41.105940486975285,41.30640982263134,167500
2025-05-23,41.6309814453125,41.68825631836049,41.296862238990926,41.30641047888995,167300
2025-05-27,41.94600296020508,41.9746440374883,41.821904977794716,41.87917984918829,160400
2025-05-28,41.86963653564453,41.9173668104656,41.783720584331974,41.86008829572839,213300
2025-05-29,42.04146957397461,42.05101417256204,41.841000229358706,41.984191057690076,318400
2025-05-30,42.165565490722656,42.22284400419143,41.88872844625641,42.07965318289919,284400
2025-06-02,42.62378692626953,42.62378692626953,42.203751771317336,42.29921596180034,807900
2025-06-03,42.35649108886719,42.41376960350097,42.23239310287381,42.366039328766085,203700
2025-06-04,42.45195388793945,42.49968416110928,42.28012199125896,42.33739686242818,492400
2025-06-05,42.537872314453125,42.671518543749166,42.490138396916,42.64287746490956,603100
2025-06-06,42.64287567138672,42.671516749021706,42.52832228560622,42.59514539744372,175900
2025-06-09,42.79561996459961,42.89108051603241,42.6810629329763,42.75743428739184,150700
2025-06-10,43.02472686767578,43.03427510779833,42.91971807584752,42.99608943048139,222500
2025-06-11,43.01518249511719,43.244289277049155,43.01518249511719,43.12018764591047,167100
2025-06-12,43.15837097167969,43.17746380939807,43.06291042467423,43.14882637361372,172500
2025-06-13,42.66196823120117,42.85289296731516,42.59514511979924,42.70970214641951,194500
2025-06-16,42.929264068603516,43.234742187973836,42.91017123094456,43.09154772632493,147200
2025-06-17,42.7669792175293,43.043819917052396,42.72879354002542,43.043819917052396,178500
2025-06-18,42.91017150878906,43.10109624502836,42.805162721778125,42.90062326910454,229800
2025-06-20,42.7669792175293,43.053364515635046,42.74788637877736,43.053364515635046,189100
2025-06-23,43.31111145019531,43.32065969016041,42.72879262626744,42.79561938126344,208900
2025-06-24,43.58795166015625,43.673867610956016,43.3397520476161,43.406575160284085,541200
2025-06-25,43.5115852355957,43.61659038604512,43.406576443559665,43.61659038604512,705300
2025-06-26,43.92206573486328,43.96025140983264,43.76932667657225,43.87433546194478,208500
2025-06-27,43.893428802490234,44.01753042676977,43.7693271782107,43.8456985290247,231300
2025-06-30,44.05571746826172,44.0748066649707,43.82660705030187,43.85524448695189,343400
2025-07-01,44.2752799987793,44.33255487253534,44.103448094338006,44.112992692768486,503000
2025-07-02,44.3611946105957,44.37073920873779,44.05571648783843,44.084353923851154,262200
2025-07-03,44.3611946105957,44.437562320491786,44.294371498841706,44.37073920873779,93900
2025-07-07,43.893428802490234,44.18936232451483,43.7884200159142,44.13208381140433,237900
2025-07-08,43.71205520629883,43.81706399984055,43.5402232971554,43.81706399984055,190100
2025-07-09,43.88388442993164,43.91252186584082,43.72159712941118,43.77887564281601,134400
2025-07-10,43.88388442993164,44.14163227787369,43.78842024092359,44.14163227787369,453100
2025-07-11,43.578407287597656,43.71205351362585,43.5402216111363,43.71205351362585,347500
2025-07-14,43.82660675048828,43.874337025107316,43.71205336308528,43.731146201250205,285800
2025-07-15,43.34929656982422,43.845699435620006,43.33975197156833,43.845699435620006,150700
2025-07-16,43.6070442199707,43.616588818182414,43.25383582075332,43.27292865876324,182200
2025-07-17,43.69295883178711,43.73114450663723,43.51158233862862,43.55931261139808,234200
2025-07-18,43.5688591003418,43.807514116133845,43.5593145020082,43.807514116133845,119400
2025-07-21,44.01753234863281,44.151178576806046,43.931616396009076,43.960253833021454,162700
2025-07-22,44.437564849853516,44.466205929082946,44.170272387623385,44.198909825266135,144300
2025-07-23,44.57120895385742,44.58075719367378,44.408925292844415,44.46620380698304,231500
2025-07-24,44.246639251708984,44.40892655893528,44.237094653207016,44.38028912184277,211300
2025-07-25,44.23709487915039,44.25618771783845,44.03662553530571,44.1034486499206,119500
2025-07-28,43.75978469848633,44.0366253962088,43.74069185985858,44.01753255758104,178500
2025-07-29,43.86479187011719,43.89342930620786,43.76932768050414,43.788420518426754,313900
2025-07-30,43.5211296081543,43.855245179637045,43.44475825376589,43.759784628238144,208800
2025-07-31,43.16791915893555,43.48294187694035,43.08200321010034,43.48294187694035,683900
2025-08-01,43.435211181640625,43.52112712964139,43.26337928563909,43.33975063567817,449800
2025-08-04,44.06526184082031,44.06526184082031,43.84569966392657,43.855244262232155,187400
2025-08-05,44.00798416137695,44.07480727554375,43.9029790116767,44.065262677057035,718000
2025-08-06,44.437564849853516,44.48529512645366,44.34210429665323,44.40892741221077,137400
2025-08-07,44.70486068725586,44.77168380241517,44.542573377878504,44.77168380241517,178700
2025-08-08,44.76213455200195,44.895780779304424,44.676218599938,44.828957665653185,180200
2025-08-11,44.733497619628906,44.82895817118243,44.64758166659609,44.82895817118243,162000
2025-08-12,44.99124526977539,45.00078986825177,44.80986512444482,44.83850620304715,219400
2025-08-13,45.08670425415039,45.16307560565395,45.01988114237801,45.07715965600568,508100
2025-08-14,44.97215270996094,44.97215270996094,44.78122796497069,44.86714391813697,269400
2025-08-15,45.058067321777344,45.06761192002874,44.97215137116873,45.00078880750943,143100
2025-08-18,44.89577865600586,45.048517714497414,44.82895554551495,45.048517714497414,210100
2025-08-19,45.16307830810547,45.23944602259222,45.07716235331619,45.16307830810547,657400
2025-08-20,45.38263702392578,45.4303672970283,45.296721075706685,45.3444513488092,501400
2025-08-21,45.010337829589844,45.143984056951126,44.99124499116872,45.09625378169161,294500
2025-08-22,45.68811798095703,45.71675541828092,45.058068868724966,45.06761346730405,184900
2025-08-25,45.248992919921875,45.602201327311725,45.23944467990273,45.525829973504955,153100
2025-08-26,45.21080780029297,45.21080780029297,45.1153436068578,45.153529284231865,131300
2025-08-27,45.15353012084961,45.1726229598904,44.85760021968408,45.01988388915077,151900
2025-08-28,45.191715240478516,45.22035267789247,45.086706447845145,45.13443672406395,121300
2025-08-29,44.96260452270508,45.01033844019873,44.828958293530754,44.87668856943778,170000
2025-09-02,44.4184684753418,44.49483982509248,44.21799914462586,44.27527765693886,475000
2025-09-03,44.380287170410156,44.38983176849244,44.208455272237465,44.265730143904065,162000
2025-09-04,44.47574996948242,44.48529456804797,44.31346266117506,44.43756429204697,160200
2025-09-05,44.99124526977539,45.13443609644065,44.819413364507795,44.84805080152353,156400
2025-09-08,45.392181396484375,45.439911669349854,45.210804902961,45.210804902961,187100
2025-09-09,45.42082595825195,45.54492394890597,45.373092040137834,45.54492394890597,161600
2025-09-10,45.46855545043945,45.564016001847634,45.42082517473537,45.564016001847634,128600
2025-09-11,45.96495819091797,45.98404738787286,45.57356410478379,45.60220154180274,130900
2025-09-12,45.90768051147461,46.01268930457221,45.82176455726626,45.917225110125905,118400
2025-09-15,46.14633560180664,46.18452127964027,46.04132680855749,46.069964246139385,153200
2025-09-16,46.06041717529297,46.127240287121914,45.90767811374302,46.050872577140176,125500
2025-09-17,45.993595123291016,46.33725893009403,45.78357754322549,46.04132539832775,202000
2025-09-18,45.72630310058594,45.81221905309607,45.602201471052055,45.7931262145842,160000
2025-09-19,45.56401443481445,45.68811606064628,45.56401443481445,45.649930384761646,167300
2025-09-22,45.42082595825195,45.459007994521905,45.239445809226325,45.39218487906615,247200
2025-09-23,45.649932861328125,45.70721137826251,45.363547559829556,45.41127783648154,2950000
2025-09-24,45.14398193359375,45.34445126520656,45.10579625854757,45.32535842768347,195200
2025-09-25,44.72394943237305,44.89578133864174,44.599851443524145,44.89578133864174,149200
2025-09-26,45.16307830810547,45.1726229068213,44.96260531920603,44.98169815822439,290400
2025-09-29,45.37308883666992,45.38263707625328,45.239442615194214,45.27762829035482,165800
2025-09-30,45.57356262207031,45.60220005815756,45.43036815846116,45.48764667222211,170800
2025-10-01,45.649932861328125,45.764486253610215,45.5067383897855,45.649932861328125,414300
2025-10-02,45.47809982299805,45.60220145248139,45.29672331958899,45.564015775473194,326000
2025-10-03,45.73584747314453,45.879041940483006,45.53537813213993,45.54492273055543,333200
2025-10-06,45.67856979370117,45.78357858612593,45.64038775775397,45.688118033877956,152200
2025-10-07,45.31581497192383,45.564014582807154,45.26808105611975,45.564014582807154,153200
2025-10-08,45.17262268066406,45.201260118254886,45.0580692887141,45.201260118254886,190200
2025-10-09,44.94351577758789,45.25853851501161,44.848051583227175,45.24899391636887,234600
2025-10-10,44.56166458129883,45.05806744825462,44.44711119402796,45.05806744825462,216600
2025-10-13,44.91487503051758,45.01988382429731,44.8671447537777,44.94351610983085,364000
2025-10-14,45.35399627685547,45.41127478994718,44.914871934578365,44.914871934578365,153800
2025-10-15,45.459007263183594,45.459007263183594,45.210807644281886,45.23944508142031,126300
2025-10-16,45.56401443481445,45.84085512259834,45.56401443481445,45.62129294864141,277000
2025-10-17,45.5926513671875,45.63083704265023,45.420823110778116,45.535376495579854,346100
2025-10-20,45.9172248840332,45.96495880181465,45.697662700267806,45.70721094045876,183000
2025-10-21,45.62129211425781,45.716752660637006,45.54492076388532,45.678566985450765,129500
2025-10-22,45.812217712402344,45.90767826058147,45.68811608650029,45.78357663467941,116600
2025-10-23,46.14633560180664,46.194065878305345,46.02223396964068,46.079512486391124,153100
2025-10-24,46.06041717529297,46.127240287121914,46.02223149950886,46.11769568896913,354900
2025-10-27,46.11769485473633,46.14633229026314,46.02223066700294,46.10814661516978,149500
2025-10-28,45.984046936035156,46.10814856454216,45.917223822589825,46.03178085271317,160800
2025-10-29,45.46855545043945,45.91722441196181,45.32536098174058,45.840856699152596,221500
2025-10-30,45.26808166503906,45.373090454682156,45.02942664915441,45.03897488907826,225700
2025-10-31,45.000789642333984,45.03897531922099,44.857598816387586,44.98169680389048,206300
2025-11-03,44.81941223144531,44.89577994208551,44.771681957096874,44.89577994208551,197800
2025-11-04,44.67621994018555,44.81941441178337,44.62848966351517,44.7907733325118,925400
2025-11-05,44.77168273925781,44.87668788802421,44.695311385696904,44.71440422408713,183500
2025-11-06,44.92442321777344,45.01988377114047,44.80032158512695,44.90533037878269,172300
2025-11-07,45.287174224853516,45.287174224853516,44.93396582316015,45.00078893587007,190200
2025-11-10,45.36354446411133,45.39218189983089,45.124889455551134,45.258535677691015,193800
2025-11-11,45.754940032958984,45.80267030791899,45.602200968135044,45.602200968135044,113200
2025-11-12,45.888587951660156,45.91722538937488,45.75494172020922,45.77403455921459,201700
2025-11-13,45.411277770996094,45.68811847339972,45.33491005678039,45.66902563444912,149700
2025-11-14,45.42082595825195,45.535379350235154,45.353999201209525,45.401733119323644,196800
2025-11-17,45.0771598815918,45.41127544212576,44.93396541759925,45.28717381610465,209300
2025-11-18,44.876686096191406,44.94351284868223,44.63803108822241,44.71440243873398,126000
2025-11-19,44.61894226074219,44.83850443289691,44.4757477981434,44.75258848365494,217900
2025-11-20,44.2752799987793,44.781227472086115,44.256187160331756,44.752590035208094,206000
2025-11-21,44.77168273925781,44.848050451232155,44.36119581783434,44.437563529808685,203400
2025-11-24,44.89577865600586,44.981694604006506,44.78122527253379,44.85759662257277,319100
2025-11-25,45.33490753173828,45.35399672803898,44.962602655318136,44.97215089505496,183800
2025-11-26,45.640384674072266,45.66902210949445,45.30626548060578,45.33490655761435,284900
2025-11-28,45.649932861328125,45.678570299001976,45.420826076763944,45.43037067545966,75100
2025-12-01,45.191715240478516,45.4399148617683,45.16307780306456,45.36354714813554,183400
2025-12-02,45.239444732666016,45.268082169583664,45.086705666460915,45.220351894192056,149900
2025-12-03,45.4017333984375,45.43037083621268,45.25853892638819,45.25853892638819,153100
2025-12-04,45.239444732666016,45.31581608656186,45.16307702035676,45.30626784653158,165200
2025-12-05,45.09625244140625,45.296721776490116,45.067611363832505,45.2394432629291,341200
2025-12-08,44.85759735107422,45.096252361442254,44.78122599979495,45.096252361442254,147100
2025-12-09,44.733497619628906,44.857599249917776,44.67621910374482,44.79077249392637,128000
2025-12-10,45.1248893737793,45.22034992039581,44.771680981394475,44.790770177448636,147500
2025-12-11,45.191715240478516,45.29672403311188,45.086706447845145,45.14398496425971,338300
2025-12-12,45.30626678466797,45.43036841104679,45.10579744776975,45.31581502447445,786600
2025-12-15,45.344451904296875,45.51628380284007,45.22989851913023,45.478098127255706,213800
2025-12-16,45.26808166503906,45.420824371128326,45.163076516982514,45.373090454682156,217400
2025-12-17,45.11534118652344,45.325358759227214,45.077159152784375,45.191712537174425,330000
2025-12-18,45.35399627685547,45.58310668763586,45.306266003405604,45.40173019189178,295200
2025-12-19,45.41999816894531,45.59000015258789,45.40999984741211,45.459999084472656,272700
2025-12-22,45.54999923706055,45.599998474121094,45.36000061035156,45.36000061035156,462000
2025-12-23,45.93000030517578,45.95000076293945,45.849998474121094,45.869998931884766,658800
2025-12-24,46.04999923706055,46.09000015258789,45.970001220703125,45.970001220703125,213800
2025-12-26,46.11000061035156,46.119998931884766,45.970001220703125,46.0099983215332,182600
2025-12-29,46.0099983215332,46.09000015258789,45.93000030517578,45.95000076293945,252900
2025-12-30,45.9900016784668,46.04999923706055,45.95000076293945,46.02000045776367,227900
2025-12-31,45.84000015258789,45.93000030517578,45.779998779296875,45.91999816894531,288300
2026-01-02,46.02000045776367,46.15999984741211,45.849998474121094,46.08000183105469,261600
2026-01-05,46.34000015258789,46.34000015258789,45.95000076293945,45.970001220703125,243500
2026-01-06,46.560001373291016,46.630001068115234,46.41999816894531,46.4900016784668,203800
2026-01-07,46.84000015258789,46.95000076293945,46.72999954223633,46.81999969482422,274800
2026-01-08,47.09000015258789,47.11000061035156,46.91999816894531,46.91999816894531,214400
2026-01-09,47.13999938964844,47.18000030517578,46.95000076293945,46.970001220703125,255600
2026-01-12,47.33000183105469,47.349998474121094,47.18000030517578,47.18000030517578,302100
2026-01-13,47.029998779296875,47.20000076293945,46.93000030517578,47.20000076293945,303300
2026-01-14,47.06999969482422,47.06999969482422,46.900001525878906,46.93000030517578,273500
2026-01-15,47.310001373291016,47.380001068115234,47.15999984741211,47.2400016784668,197100
2026-01-16,47.47999954223633,47.5,47.279998779296875,47.40999984741211,228600
2026-01-20,46.86000061035156,47.189998626708984,46.81999969482422,47.040000915527344,439700
2026-01-21,46.90999984741211,46.939998626708984,46.619998931884766,46.83000183105469,257900
2026-01-22,47.29999923706055,47.43000030517578,47.25,47.25,187300
2026-01-23,47.279998779296875,47.36000061035156,47.060001373291016,47.11000061035156,2469800
2026-01-26,47.63999938964844,47.79999923706055,47.619998931884766,47.720001220703125,320600
2026-01-27,48.0,48.119998931884766,47.81999969482422,47.81999969482422,309100
2026-01-28,48.0099983215332,48.08000183105469,47.810001373291016,48.0,283300
2026-01-29,48.689998626708984,48.689998626708984,48.11000061035156,48.5,512100
2026-01-30,47.939998626708984,48.310001373291016,47.849998474121094,48.290000915527344,250500
2026-02-02,47.90999984741211,47.970001220703125,47.7599983215332,47.81999969482422,578800
2026-02-03,48.349998474121094,48.380001068115234,48.060001373291016,48.060001373291016,359000
2026-02-04,48.72999954223633,48.91999816894531,48.599998474121094,48.7599983215332,326000
2026-02-05,48.43000030517578,48.689998626708984,48.38999938964844,48.540000915527344,195400
2026-02-06,48.970001220703125,48.970001220703125,48.650001525878906,48.650001525878906,299100
2026-02-09,49.75,49.81999969482422,49.279998779296875,49.400001525878906,290300
2026-02-10,50.27000045776367,50.41999816894531,50.119998931884766,50.119998931884766,251300
2026-02-11,50.4900016784668,50.63999938964844,50.38999938964844,50.470001220703125,1165500
2026-02-12,50.459999084472656,50.709999084472656,50.310001373291016,50.65999984741211,441300
2026-02-13,50.439998626708984,50.47999954223633,50.08000183105469,50.31999969482422,531800
2026-02-17,50.5099983215332,50.56999969482422,50.04999923706055,50.33000183105469,205200
2026-02-18,50.22999954223633,50.52000045776367,50.16999816894531,50.45000076293945,216300
2026-02-19,50.060001373291016,50.09000015258789,49.869998931884766,49.97999954223633,318000
2026-02-20,50.68000030517578,50.689998626708984,50.130001068115234,50.150001525878906,380300
2026-02-23,50.59000015258789,50.779998779296875,50.4900016784668,50.58000183105469,714500
2026-02-24,50.45000076293945,50.529998779296875,50.36000061035156,50.40999984741211,212900
2026-02-25,50.68000030517578,50.7400016784668,50.52000045776367,50.61000061035156,218200
2026-02-26,50.7599983215332,50.790000915527344,50.47999954223633,50.68000030517578,289900
2026-02-27,50.709999084472656,50.880001068115234,50.63999938964844,50.72999954223633,329700
2026-03-02,49.709999084472656,49.880001068115234,49.41999816894531,49.689998626708984,460100
2026-03-03,48.34000015258789,48.470001220703125,47.529998779296875,48.13999938964844,1117500
2026-03-04,48.470001220703125,48.52000045776367,48.09000015258789,48.40999984741211,827800
2026-03-05,47.7599983215332,48.13999938964844,47.43000030517578,48.08000183105469,300700
2026-03-06,47.619998931884766,47.619998931884766,47.09000015258789,47.27000045776367,327700
2026-03-09,47.38999938964844,47.540000915527344,46.31999969482422,46.68000030517578,357900
2026-03-10,47.400001525878906,48.04999923706055,47.29999923706055,47.58000183105469,299000
2026-03-11,46.790000915527344,47.11000061035156,46.619998931884766,46.959999084472656,223000
2026-03-12,45.849998474121094,46.130001068115234,45.68000030517578,46.119998931884766,368000
2026-03-13,45.25,45.959999084472656,45.16999816894531,45.790000915527344,444400
2026-03-16,46.0,46.119998931884766,45.7400016784668,45.83000183105469,399300
2026-03-17,46.40999984741211,46.63999938964844,46.349998474121094,46.439998626708984,321100
2026-03-18,45.86000061035156,46.36000061035156,45.81999969482422,46.22999954223633,178400
2026-03-19,45.560001373291016,45.83000183105469,45.08000183105469,45.119998931884766,269400
2026-03-20,44.2599983215332,45.31999969482422,44.130001068115234,45.29999923706055,498300
2026-03-23,44.59000015258789,45.15999984741211,44.290000915527344,44.47999954223633,752500
2026-03-24,44.29999923706055,44.650001525878906,44.13999938964844,44.15999984741211,402400
2026-03-25,44.790000915527344,44.959999084472656,44.61000061035156,44.90999984741211,389000
2026-03-26,43.810001373291016,44.380001068115234,43.779998779296875,44.15999984741211,377400
2026-03-27,43.2599983215332,43.650001525878906,43.209999084472656,43.47999954223633,467700
2026-03-30,43.33000183105469,43.650001525878906,43.220001220703125,43.470001220703125,381300
2026-03-31,44.45000076293945,44.5099983215332,43.65999984741211,43.84000015258789,517400
2026-04-01,44.95000076293945,45.20000076293945,44.81999969482422,44.869998931884766,444200
2026-04-02,44.81999969482422,45.040000915527344,44.29999923706055,44.34000015258789,294100
2026-04-06,45.040000915527344,45.11000061035156,44.83000183105469,44.83000183105469,379500
2026-04-07,44.91999816894531,44.939998626708984,44.369998931884766,44.7599983215332,528700
2026-04-08,46.84000015258789,47.099998474121094,46.630001068115234,46.880001068115234,713900
2026-04-09,46.540000915527344,46.779998779296875,46.15999984741211,46.279998779296875,212100
2026-04-10,46.689998626708984,46.849998474121094,46.540000915527344,46.72999954223633,148200
2026-04-13,46.790000915527344,46.81999969482422,46.15999984741211,46.22999954223633,147300
2026-04-14,47.529998779296875,47.56999969482422,47.13999938964844,47.189998626708984,156000
2026-04-15,47.56999969482422,47.61000061035156,47.33000183105469,47.43000030517578,194200
2026-04-16,47.59000015258789,47.70000076293945,47.41999816894531,47.66999816894531,136000
2026-04-17,48.20000076293945,48.439998626708984,48.11000061035156,48.11000061035156,195800
2026-04-20,47.88999938964844,47.90999984741211,47.63999938964844,47.86000061035156,223300
2026-04-21,47.09000015258789,47.83000183105469,47.04999923706055,47.75,259500
2026-04-22,47.22999954223633,47.429901123046875,47.13999938964844,47.380001068115234,159608
