Date,Close,High,Low,Open,Volume
2016-08-01,15.925163269042969,16.04667668269597,15.891409543028246,15.979169230666525,39409726.0
2016-08-02,15.790143966674805,15.938661919732892,15.749637917619857,15.877905223731124,39709475.0
2016-08-03,15.952173233032227,15.95892398119036,15.790153692182301,15.790153692182301,33511513.0
2016-08-04,15.911662101745605,15.965668064465827,15.877908375045466,15.938665083105716,31363295.0
2016-08-05,16.2154541015625,16.2154541015625,16.0331839001092,16.08043913752302,51542339.0
2016-08-08,16.235698699951172,16.282953910496687,16.188441904351805,16.26270167740575,45019886.0
2016-08-09,16.249204635620117,16.27620762046464,16.20870015835333,16.228950811932435,32239890.0
2016-08-10,16.120943069458008,16.262710361853536,16.093940077583564,16.235707369979092,33545242.0
2016-08-11,16.15468978881836,16.195194259027648,16.093933083504425,16.15468978881836,25139605.0
2016-08-12,16.107440948486328,16.134443939312945,16.039931886365146,16.0466826340718,28861534.0
2016-08-15,16.2154541015625,16.228955597966447,16.154697367744735,16.168198864148682,26275941.0
2016-08-16,16.174949645996094,16.215452546268374,16.134443575614608,16.18844955605045,27637427.0
2016-08-17,16.228954315185547,16.235706647908554,16.134443847828276,16.174949918893166,25676567.0
2016-08-18,16.2154541015625,16.249209427627125,16.168198864148682,16.201952605158553,26595016.0
2016-08-19,16.208696365356445,16.22219785461922,16.107433610831695,16.168190312514195,31510153.0
2016-08-22,16.208696365356445,16.22219785461922,16.14118733398864,16.18169180177697,32517481.0
2016-08-23,16.228954315185547,16.309964872260696,16.228954315185547,16.269460386250437,29855443.0
2016-08-24,16.222204208374023,16.276210186577668,16.18169813966675,16.235705702924935,24299201.0
2016-08-25,16.25595474243164,16.282957726214047,16.181694951975796,16.2019471898126,27249662.0
2016-08-26,16.276208877563477,16.39772231874896,16.174947676575574,16.303211864493584,64953346.0
2016-08-29,16.417978286743164,16.478735015265386,16.296463244644105,16.316715487484846,40451522.0
2016-08-30,16.566499710083008,16.566499710083008,16.424732396126657,16.444984643112573,39359132.0
2016-08-31,16.57999038696289,16.59349187614161,16.444973910121814,16.573239642373533,56386078.0
2016-09-01,16.512481689453125,16.633996679569247,16.384215954611328,16.620495190117893,62960480.0
2016-09-02,16.58674430847168,16.633999529648154,16.51248451871158,16.532738341412852,66918391.0
2016-09-06,16.55974578857422,16.607001022488205,16.43147999718162,16.579998031680212,60299920.0
2016-09-07,16.552995681762695,16.57324951264694,16.465235949835332,16.49898969288432,38671003.0
2016-09-08,16.53948974609375,16.600248052332,16.505736012102734,16.552991239690154,72066064.0
2016-09-09,16.228954315185547,16.505738139698245,16.228954315185547,16.444981410682857,66476831.0
2016-09-12,16.411224365234375,16.471981082006376,16.080434626033732,16.154692835421738,87153077.0
2016-09-13,16.120943069458008,16.262710361853536,16.06018475268581,16.22220587404187,83230864.0
2016-09-14,16.08043670654297,16.22895314453424,16.03318147627302,16.1209411896315,82876829.0
2016-09-15,16.174949645996094,16.22220487887746,16.012928534579352,16.046682272351752,68626527.0
2016-09-16,16.02164649963379,16.116608762929324,15.974165367986021,16.109827336754293,75235766.0
2016-09-19,16.12380599975586,16.240706766971122,16.01525699373291,16.01525699373291,50396100.0
2016-09-20,16.132158279418945,16.265757808606647,16.10710936309126,16.24070889227896,39903200.0
2016-09-21,16.232357025146484,16.249055770074687,16.07370700358972,16.207306518806412,64029700.0
2016-09-22,16.265750885009766,16.33255062116998,16.232351813245327,16.31585188160343,38355700.0
2016-09-23,16.182252883911133,16.290803464433246,16.157203975045675,16.20730338540813,59009500.0
2016-09-26,15.923406600952148,16.090406785522152,15.881657351125545,16.08205661703047,54189000.0
2016-09-27,16.048654556274414,16.06535489181467,15.81485622923744,15.864955643226555,47620000.0
2016-09-28,16.12380599975586,16.148856505437372,15.965157575001685,16.115455831195355,42936400.0
2016-09-29,15.898359298706055,16.198957431699906,15.814859197962003,16.115457330955852,62580800.0
2016-09-30,16.11545181274414,16.198951884896314,15.956803427549564,15.98185233435323,47336900.0
2016-10-03,16.040302276611328,16.1238023506872,15.998553035889117,16.065352776623524,33170500.0
2016-10-04,16.107105255126953,16.224004415194166,16.02360517252254,16.082054752556147,68471600.0
2016-10-05,16.36595916748047,16.39935825533005,16.14885952224584,16.1739100326071,58651900.0
2016-10-06,16.39100456237793,16.41605506735522,16.249054886103472,16.407704899029454,53337300.0
2016-10-07,16.382659912109375,16.416059000783374,16.274109290496554,16.324208719823623,55532800.0
2016-10-10,16.46615982055664,16.541309767209178,16.449461071125626,16.46615982055664,37997400.0
2016-10-11,16.315860748291016,16.466159041856063,16.207310122645357,16.416059610667716,78581200.0
2016-10-12,16.299158096313477,16.407707113938123,16.27410758795457,16.299158096313477,51378700.0
2016-10-13,16.140504837036133,16.17390550817443,15.956805923670487,16.165555340389854,73171100.0
2016-10-14,16.21565818786621,16.38265839365393,16.165558763182695,16.332557376338418,76176500.0
2016-10-17,16.140504837036133,16.257404000756846,16.098755590744922,16.22400492225021,41236100.0
2016-10-18,16.27410316467285,16.324202575141733,16.207303419837167,16.307503833406468,45958700.0
2016-10-19,16.416053771972656,16.4578030176753,16.307504777566802,16.324203520268878,49835900.0
2016-10-20,16.416053771972656,16.51625419134329,16.349254023269445,16.399353436638943,56238200.0
2016-10-21,16.407711029052734,16.424411371943613,16.257411128299534,16.28246164263585,39543100.0
2016-10-24,16.457799911499023,16.541299979776493,16.449451338039477,16.482850409771665,33808700.0
2016-10-25,16.44110679626465,16.49955638626442,16.399355951527756,16.49120621731704,36177800.0
2016-10-26,16.54130744934082,16.56635795892553,16.34925832042088,16.365958660144017,40419200.0
2016-10-27,16.58305549621582,16.658205419638026,16.507905572793614,16.633154914286695,45545800.0
2016-10-28,16.50790786743164,16.633157226334678,16.382658508528603,16.616456887112403,55749900.0
2016-10-31,16.482858657836914,16.59140927870604,16.482858657836914,16.59140927870604,38579100.0
2016-11-01,16.416053771972656,16.583053940046504,16.282454274566234,16.541303101712224,62758900.0
2016-11-02,16.307506561279297,16.391005061817637,16.232356636689342,16.38265648586925,66529900.0
2016-11-03,16.324207305908203,16.47450717350339,16.29915838973034,16.324207305908203,53462100.0
2016-11-04,16.27410316467285,16.407702654344227,16.198953252653762,16.332552742325134,64891400.0
2016-11-07,16.683256149291992,16.691606318651832,16.53295628607877,16.549656624798455,59001800.0
2016-11-08,16.69160270690918,16.775102789807814,16.524604133743527,16.633153126669622,63290400.0
2016-11-09,17.401355743408203,17.48485584895955,16.791807680357827,17.150857019386198,268936600.0
2016-11-10,18.044300079345703,18.119449996727237,17.601750742835748,17.668550492438037,241635500.0
2016-11-11,18.094398498535156,18.119449000495575,17.868948758786086,17.927398337395495,134954500.0
2016-11-14,18.536954879760742,18.645503911054476,18.244705282633056,18.269754201514285,261730900.0
2016-11-15,18.520252227783203,18.536952566708262,18.194603581904463,18.378302532184165,122754500.0
2016-11-16,18.253049850463867,18.394999520204802,18.202948842815285,18.35324868049765,117887700.0
2016-11-17,18.50355339050293,18.520253730783296,18.211303806124988,18.253054656825896,98536400.0
2016-11-18,18.50355339050293,18.57035315899228,18.420053281733217,18.486853050222564,92344300.0
2016-11-21,18.570354461669922,18.620453893393293,18.44510508604538,18.60375514457365,71943900.0
2016-11-22,18.578702926635742,18.662203033596477,18.470153902429242,18.653852863637194,98286500.0
2016-11-23,18.687255859375,18.712306374492282,18.511907031451244,18.653856765184365,101948400.0
2016-11-25,18.712297439575195,18.745698110449784,18.63714752273902,18.72899777501249,33114800.0
2016-11-28,18.49520492553711,18.68725407857104,18.44510549270918,18.578705042005158,99791400.0
2016-11-29,18.545305252075195,18.603756451262207,18.461806724215553,18.528606502082663,74645700.0
2016-11-30,18.795801162719727,18.845900586098473,18.72900140067075,18.804151332054843,98843700.0
2016-12-01,19.121450424194336,19.163201272224892,18.870951706539007,18.896000622725335,120088300.0
2016-12-02,18.912708282470703,19.079708553969642,18.829208146721232,19.071358381131436,82108300.0
2016-12-05,19.138151168823242,19.204950934455194,19.02960214690833,19.079701572974287,95145700.0
2016-12-06,19.305152893066406,19.321851641309827,19.071352898704713,19.263402040877445,79142600.0
2016-12-07,19.605754852294922,19.622455196395986,19.28845627753702,19.35525606130881,120172500.0
2016-12-08,19.789445877075195,19.906345043956392,19.597395198101044,19.714295957613942,116856500.0
2016-12-09,19.831201553344727,19.831201553344727,19.647502575461342,19.78945229239057,95677300.0
2016-12-12,19.639148712158203,19.856248332091248,19.589047697274633,19.77274823325055,85143200.0
2016-12-13,19.689250946044922,19.806150145536012,19.52225072451581,19.689250946044922,113420700.0
2016-12-14,19.597400665283203,19.898000426988,19.463801125110436,19.538951065536637,142995800.0
2016-12-15,19.76439666748047,19.931396853361033,19.62244698727153,19.697596911654603,110426000.0
2016-12-16,19.594125747680664,19.870926254225008,19.56896148349874,19.862538166164367,83096500.0
2016-12-19,19.602514266967773,19.65284119657453,19.44314379003808,19.61928884359386,73717600.0
2016-12-20,19.84575653076172,19.84575653076172,19.719938444191254,19.719938444191254,60793600.0
2016-12-21,19.795434951782227,19.854149968016948,19.728331847533372,19.845761880002815,37738000.0
2016-12-22,19.745107650756836,19.787046490171452,19.678002947910777,19.787046490171452,37796100.0
2016-12-23,19.77865982055664,19.77865982055664,19.68639244739139,19.745109066592004,18276700.0
2016-12-27,19.803821563720703,19.8289842260234,19.77865730155392,19.820596138634475,38241100.0
2016-12-28,19.602514266967773,19.854150514865815,19.585738090477438,19.83737433837548,30834400.0
2016-12-29,19.459917068481445,19.65283826979698,19.376037798385646,19.61928592181306,39251800.0
2016-12-30,19.501859664916992,19.568962773962994,19.43475655587099,19.535412019372153,44761200.0
2017-01-03,19.719938278198242,19.854144449392226,19.51024093572467,19.80381753516042,71259900.0
2017-01-04,19.87931251525879,19.904475177263905,19.719942056482104,19.77865706764613,45092200.0
2017-01-05,19.678003311157227,19.84576187164078,19.493470174516684,19.820597607608985,62201100.0
2017-01-06,19.745107650756836,19.828985329586068,19.644452196351917,19.753494138748422,38060800.0
2017-01-09,19.610897064208984,19.736716764340617,19.568958230741067,19.694776331008757,34022400.0
2017-01-10,19.65283966064453,19.820596612844422,19.5521842094333,19.64445157305492,46212100.0
2017-01-11,19.77865982055664,19.77865982055664,19.543798143347043,19.67800435893416,48001200.0
2017-01-12,19.610897064208984,19.7115525043415,19.44314013047338,19.686388244342385,57418100.0
2017-01-13,19.719938278198242,19.954799877719594,19.63605902123606,19.745102535246023,72479700.0
2017-01-17,19.250221252441406,19.58573676013735,19.24183316476599,19.577348672461934,96657800.0
2017-01-18,19.409587860107422,19.43475212020546,19.166339745282205,19.350872853075956,68289100.0
2017-01-19,19.325714111328125,19.50185916813774,19.258609404127192,19.45153223760132,56729700.0
2017-01-20,19.41797637939453,19.485079474620246,19.31732253648795,19.384425631713665,74805200.0
2017-01-23,19.292158126831055,19.45152857671027,19.225055032123596,19.33409696107423,46651200.0
2017-01-24,19.535411834716797,19.61090143179872,19.300550155343625,19.38442944082435,45229500.0
2017-01-25,19.86253547668457,19.870923563609427,19.652838103155155,19.745105459464575,92850100.0
2017-01-26,19.91286277770996,19.96318970035383,19.803820845337572,19.896086603540663,70704400.0
2017-01-27,19.837369918823242,19.921249182723276,19.778654914052385,19.912861096346884,43944500.0
2017-01-30,19.678003311157227,19.719943751210216,19.501858262527282,19.71155566319962,46168800.0
2017-01-31,19.552183151245117,19.72832978136547,19.443141218209878,19.577347412652035,56477300.0
2017-02-01,19.57734489440918,19.803818418347937,19.518629891876277,19.70316298553166,72132200.0
2017-02-02,19.501859664916992,19.594127039804363,19.37604153543878,19.468307310461835,39396500.0
2017-02-03,19.89609146118164,19.91286763944685,19.66123136492635,19.83737643711782,86346600.0
2017-02-06,19.803821563720703,19.946415849604293,19.761881126776068,19.77865730155392,34952100.0
2017-02-07,19.753490447998047,19.929637060329306,19.72832778899635,19.921248974040783,50838500.0
2017-02-08,19.619281768798828,19.753487932597714,19.527016031101887,19.753487932597714,54341100.0
2017-02-09,19.887699127197266,19.912863389223997,19.5689598075124,19.619286731701784,76813700.0
2017-02-10,19.946414947509766,20.0135180437223,19.870923764287664,20.00512995671273,55078700.0
2017-02-13,20.172889709472656,20.26515707957624,20.038683498338848,20.072235851054415,76687000.0
2017-02-14,20.40774917602539,20.432913437845773,20.122560608183953,20.1561129572778,75954300.0
2017-02-15,20.567119598388672,20.609058434818294,20.357422216512433,20.508404587441575,76869400.0
2017-02-16,20.516788482666016,20.575505086058687,20.39097038940943,20.541952741262875,64048200.0
2017-02-17,20.525184631347656,20.525184631347656,20.340651462075915,20.365815730557532,54156600.0
2017-02-21,20.625837326049805,20.67616425636693,20.558734219005544,20.634225414413372,55216100.0
2017-02-22,20.64261245727539,20.701327472982303,20.50840624998411,20.541957001874835,50438900.0
2017-02-23,20.64261245727539,20.692939385043573,20.525180825997378,20.651000545214117,53509400.0
2017-02-24,20.483234405517578,20.53356131466025,20.390967072203015,20.424519411540526,61686800.0
2017-02-27,20.59228515625,20.63422559844188,20.500019383156427,20.508407471594804,39655000.0
2017-02-28,20.583898544311523,20.592285032835353,20.44969072996613,20.516793837206688,48913000.0
2017-03-01,21.171045303344727,21.212985735321954,20.952959856654825,20.97812411584116,92150000.0
2017-03-02,20.843915939331055,21.2213701918358,20.835527853738007,21.212983706106492,69446200.0
2017-03-03,20.944578170776367,20.99490670452909,20.852312391958474,20.860700480917263,57652800.0
2017-03-06,20.78520393371582,20.85230702826126,20.69293657876685,20.818754681056557,49017200.0
2017-03-07,20.72648811340332,20.818755471857067,20.676161190548566,20.818755471857067,53726500.0
2017-03-08,20.734874725341797,21.02006326766908,20.72648663881877,20.952960175348775,104601000.0
2017-03-09,20.81036949157715,20.919413035310047,20.718103723646458,20.818757579546155,60804100.0
2017-03-10,20.793598175048828,20.927804403862343,20.659390346370866,20.911028225294544,62148600.0
2017-03-13,20.843915939331055,20.86907859624646,20.718097855162807,20.81875168255191,49418400.0
2017-03-14,20.78520393371582,20.8019785074542,20.634221571022586,20.760039673312292,49511100.0
2017-03-15,20.751651763916016,20.90263412789999,20.659384408178255,20.818754859035117,86455100.0
2017-03-16,20.78520393371582,20.94457278334626,20.776815846914644,20.83553085465891,89233700.0
2017-03-17,20.581491470336914,20.842442438231082,20.581491470336914,20.834024457903453,83056800.0
2017-03-20,20.41313934326172,20.59833013249583,20.41313934326172,20.53940586344706,78676400.0
2017-03-21,19.840730667114258,20.522571203913174,19.790224376942565,20.505736844233287,192257000.0
2017-03-22,19.798641204833984,19.891235797153954,19.554524539704243,19.69762702481611,133199500.0
2017-03-23,19.840730667114258,20.068011381235902,19.73130010414792,19.77338841169666,85238900.0
2017-03-24,19.81548309326172,19.975419984887385,19.680796944449277,19.874407380236057,97583400.0
2017-03-27,19.73971939086914,19.7481357684821,19.344082209282856,19.394590108357352,103963000.0
2017-03-28,20.00908851623535,20.084848759606217,19.672377215457125,19.672377215457125,82301100.0
2017-03-29,19.882822036743164,20.009088574205048,19.865986070263943,19.975416641246607,76524100.0
2017-03-30,20.14377212524414,20.194278416684444,19.874403096807793,19.899655439744915,92566000.0
2017-03-31,19.97541618347168,20.12693666718001,19.97541618347168,20.068012391419238,70540000.0
2017-04-03,19.933320999145508,20.059587490166614,19.697622371824707,20.00908121487128,93489100.0
2017-04-04,19.90807342529297,19.95016333947067,19.815478825234138,19.84914915101024,105795900.0
2017-04-05,19.756555557250977,20.169027137325884,19.756555557250977,20.09326849292265,104651200.0
2017-04-06,19.882822036743164,19.966998658006997,19.638705339492873,19.739719532802063,80802100.0
2017-04-07,19.798641204833984,19.933325707813868,19.69762702481611,19.731298953344044,61525700.0
2017-04-10,19.74813461303711,19.9249090383227,19.6807923571107,19.798642509156437,60429000.0
2017-04-11,19.689207077026367,19.722879002192684,19.487180342725733,19.647118776134228,83801200.0
2017-04-12,19.52927017211914,19.680789018072385,19.478762284568973,19.66395466112142,74023000.0
2017-04-13,19.2767391204834,19.672376285056608,19.2767391204834,19.45351354851029,120159300.0
2017-04-17,19.613445281982422,19.621863262600602,19.268316104465203,19.32724036322683,86681200.0
2017-04-18,19.428258895874023,19.571361387445727,19.310410351838264,19.47876518537992,74890400.0
2017-04-19,19.36933135986328,19.630282351496994,19.344077416582962,19.554522127221766,55583800.0
2017-04-20,19.697628021240234,19.739717934029308,19.43667698421198,19.512437221666314,85720400.0
2017-04-21,19.4955997467041,19.72288044146523,19.487181764798223,19.647120209878185,94675300.0
2017-04-24,19.933320999145508,20.042751529879656,19.857560783419732,19.941738979288985,98770600.0
2017-04-25,20.110097885131836,20.211112061981385,20.084845545093852,20.110097885131836,71026100.0
2017-04-26,20.0932674407959,20.278458261265314,20.051177523257724,20.084849457288264,71691200.0
2017-04-27,20.00066375732422,20.13534823200797,19.882815243367332,20.13534823200797,68871800.0
2017-04-28,19.80706214904785,20.025924900511857,19.80706214904785,20.009088933730126,64091900.0
2017-05-01,19.933320999145508,20.034333549736175,19.823888862845816,19.90806705871507,69086600.0
2017-05-02,19.90807342529297,19.958579716740154,19.798642859563056,19.93332737379959,76511500.0
2017-05-03,20.068012237548828,20.068012237548828,19.82389554776469,19.840731513728993,78115400.0
2017-05-04,20.101682662963867,20.261621129280684,20.017506043859733,20.194278870657723,64482800.0
2017-05-05,20.068012237548828,20.169024822202477,20.0006699792577,20.16060844478641,46881500.0
2017-05-08,20.05116844177246,20.126928653462016,20.017498128557914,20.09325834024747,45893000.0
2017-05-09,19.97541618347168,20.169024976847393,19.908073924664208,20.101682718039925,65737900.0
2017-05-10,20.042755126953125,20.042755126953125,19.90807063161671,19.941742558233727,51192700.0
2017-05-11,19.916484832763672,20.000663027761853,19.756546422823682,19.96699110753637,77266700.0
2017-05-12,19.832313537597656,19.840731520582715,19.722882969924054,19.823895554612598,55787200.0
2017-05-15,19.98383331298828,20.025923226424055,19.865984766500166,19.87440274918732,52192100.0
2017-05-16,20.042755126953125,20.059591090261634,19.92490659492522,20.025920769210448,51529600.0
2017-05-17,19.411420822143555,19.773386003007715,19.335660593331717,19.621865545384036,141192800.0
2017-05-18,19.4871883392334,19.605038520109215,19.360921779178128,19.38617573341575,101656900.0
2017-05-19,19.655536651611328,19.76496719668123,19.51243418155638,19.52085216280264,69775600.0
2017-05-22,19.706037521362305,19.764961768337148,19.571353069544003,19.764961768337148,79181900.0
2017-05-23,19.857559204101562,19.916483454853992,19.630278575000403,19.722874743648745,65577800.0
2017-05-24,19.849153518676758,19.8996598212375,19.76497527736458,19.882825457428194,59441200.0
2017-05-25,19.882822036743164,19.975416641246607,19.832314137305506,19.89123841441664,49362400.0
2017-05-26,19.874399185180664,19.93332344785804,19.832309279292726,19.832309279292726,42601700.0
2017-05-30,19.73971939086914,19.84073197788589,19.697629474973727,19.815479633914766,46584200.0
2017-05-31,19.57135772705078,19.748130510042934,19.445091224118432,19.739714134671047,115877900.0
2017-06-01,19.81548309326172,19.83231745699267,19.54611240120324,19.680796944449277,81187600.0
2017-06-02,19.73971939086914,19.84073197788589,19.630287215107185,19.6723771310026,83704500.0
2017-06-05,19.773387908935547,19.899654433937318,19.748133961708803,19.748133961708803,44055800.0
2017-06-06,19.689207077026367,19.739714964775846,19.57977653136735,19.621864832259487,60397300.0
2017-06-07,19.840730667114258,19.89123695728595,19.689210191033162,19.722882121524968,83049100.0
2017-06-08,20.068012237548828,20.211114737113235,19.82389554776469,19.840731513728993,77987000.0
2017-06-09,20.446807861328125,20.48047817849765,20.177437296143715,20.1942732575113,133216200.0
2017-06-12,20.488903045654297,20.63200555424529,20.371054487602724,20.488903045654297,86644400.0
2017-06-13,20.598331451416016,20.665673706864546,20.539407178594303,20.598331451416016,94978600.0
2017-06-14,20.632001876831055,20.65725582286925,20.312124982610847,20.42155714321046,117605800.0
2017-06-15,20.54782485961914,20.657257026595516,20.463646640152543,20.480482605159064,59547700.0
2017-06-16,20.525005340576172,20.59260512647255,20.465854117674066,20.541904078270747,53818800.0
2017-06-19,20.73625946044922,20.7785087315915,20.6348589533188,20.660209483028,58041300.0
2017-06-20,20.55881118774414,20.68556062651388,20.550361010265284,20.668660271556167,45689600.0
2017-06-21,20.38981056213379,20.59261159523489,20.381361996485566,20.59261159523489,51938200.0
2017-06-22,20.263057708740234,20.372908384123992,20.23770879265649,20.313758764320244,58380200.0
2017-06-23,20.187007904052734,20.356008200638122,20.119408107759835,20.347558024638225,85352600.0
2017-06-26,20.296859741210938,20.381359894336565,20.161660140892483,20.229259941051712,60302300.0
2017-06-27,20.398258209228516,20.55035815933415,20.3222082341757,20.372909292015134,75943400.0
2017-06-28,20.719358444213867,20.75315753770472,20.51655904814974,20.533457789042004,90097600.0
2017-06-29,20.863006591796875,21.14185594111442,20.710906653677082,21.14185594111442,119176700.0
2017-06-30,20.84610366821289,21.02355249965223,20.803854406929048,21.01510393676027,72754900.0
2017-07-03,21.150310516357422,21.285510131319537,20.939060916515803,20.96440983700461,61454400.0
2017-07-05,21.18410873413086,21.234808184708662,21.05735930183312,21.209459265272997,78100200.0
2017-07-06,21.0235538482666,21.26860409220913,21.0235538482666,21.175653777374915,97648100.0
2017-07-07,21.16720199584961,21.209452868343327,21.02355225278295,21.133402909560623,59432400.0
2017-07-10,21.141857147216797,21.192556592246966,21.065807173818396,21.133406971094054,55022500.0
2017-07-11,20.955957412719727,21.133407895647945,20.89680778897911,21.124957719155518,49857200.0
2017-07-12,21.0235538482666,21.040454198546662,20.89680444457838,20.955954058852477,47818600.0
2017-07-13,21.150310516357422,21.150310516357422,21.00666072399686,21.023559467087217,48875900.0
2017-07-14,21.057357788085938,21.09115688213927,20.778508412393926,20.8883574827002,61742300.0
2017-07-17,20.989763259887695,21.040462719554128,20.905263085972464,20.998213438449895,43257000.0
2017-07-18,20.955957412719727,20.989758118689434,20.82075781225364,20.846108341730922,63210700.0
2017-07-19,20.96440315246582,21.05735346250485,20.888353191834984,20.998203851282206,48259400.0
2017-07-20,20.955957412719727,21.07425827190733,20.913708141963962,20.981307942197006,40163500.0
2017-07-21,20.955957412719727,21.02355721295277,20.89680778897911,20.89680778897911,39108400.0
2017-07-24,21.04890251159668,21.074253034774138,20.94750364229879,20.94750364229879,26364800.0
2017-07-25,21.31085777282715,21.39535793003379,21.251708146294433,21.285508853859668,75786800.0
2017-07-26,21.16720199584961,21.370002960407472,21.116502560563138,21.3362022624125,56086500.0
2017-07-27,21.04890251159668,21.217902776034453,20.95595220498531,21.209452601641967,67826200.0
2017-07-28,21.04890251159668,21.10805212063811,20.93060329351382,21.015103425732708,43735800.0
2017-07-31,21.201011657714844,21.277061648651777,21.099611132563375,21.124961666777907,43039300.0
2017-08-01,21.353113174438477,21.37001353179629,21.24326246331949,21.34466299575957,60987500.0
2017-08-02,21.38690948486328,21.40380984001434,21.277060399794564,21.378459307287752,43341500.0
2017-08-03,21.31085777282715,21.38690775314248,21.27705867696836,21.35310865728369,40816800.0
2017-08-04,21.45450782775879,21.53900798603354,21.412258554474644,21.505208889747518,50792900.0
2017-08-07,21.42070960998535,21.462958885002234,21.38690890060662,21.454508707657553,39486800.0
2017-08-08,21.361557006835938,21.623506021232725,21.353106830667485,21.386905923634988,52736500.0
2017-08-09,21.361557006835938,21.378455747466536,21.184106530711055,21.184106530711055,46567000.0
2017-08-10,20.981306076049805,21.277055780154292,20.981306076049805,21.22635633741548,71130300.0
2017-08-11,20.896806716918945,21.091155931155033,20.84610727227177,20.981306865801766,50477800.0
2017-08-14,21.18410873413086,21.24325836175604,21.05735930183312,21.0658094788805,49472900.0
2017-08-15,21.201011657714844,21.386910740168087,21.201011657714844,21.36156181766022,48535000.0
2017-08-16,21.158761978149414,21.32776070125746,21.12496126650382,21.293961601318507,35084100.0
2017-08-17,20.795408248901367,21.141857415803695,20.786958072671272,21.10805671088331,76613100.0
2017-08-18,20.80385398864746,20.95595229323481,20.685553158360445,20.694003332788515,71725900.0
2017-08-21,20.744705200195312,20.81230499184072,20.660206669418173,20.786956077290043,45047200.0
2017-08-22,20.972856521606445,20.989756873588778,20.80385783690193,20.829206753169156,42644000.0
2017-08-23,20.90526008605957,21.023559345540846,20.803861181277487,20.820759924270146,36612700.0
2017-08-24,20.90526008605957,20.99821042519859,20.863010811018125,20.99821042519859,31067200.0
2017-08-25,20.96440315246582,21.05735346250485,20.939054240059562,20.947504414763657,37177300.0
2017-08-28,20.829208374023438,20.989758506936493,20.77850892583746,20.981308330287764,36486900.0
2017-08-29,20.761606216430664,20.79540691918974,20.575707186374377,20.592607537753914,42814200.0
2017-08-30,20.84610366821289,20.939053977084548,20.77850388313514,20.79540423233108,35176100.0
2017-08-31,20.8714542388916,20.939054024121205,20.803854453661998,20.913703500270348,44225200.0
2017-09-01,20.93060874938965,21.048907998308977,20.846108595144536,20.89680804300905,42132600.0
2017-09-05,20.482757568359375,20.803857808764324,20.423607948207483,20.770057104845375,96579200.0
2017-09-06,20.53345489501953,20.63485538461319,20.465855105859127,20.55880542034447,77593900.0
2017-09-07,20.178560256958008,20.584160697254102,20.10251188684062,20.56726034313625,87667800.0
2017-09-08,20.36446189880371,20.440511884249847,20.153212297388126,20.195461572988624,68639500.0
2017-09-11,20.719358444213867,20.778508066602612,20.558808317939892,20.601057587730043,73305700.0
2017-09-12,20.96440315246582,20.981303501874013,20.77850414409379,20.795404493501984,66350600.0
2017-09-13,20.99820327758789,21.006653452061116,20.854553534954984,20.930603493508052,51049400.0
2017-09-14,20.955957412719727,21.057357918922474,20.913708141963962,21.006658471674285,47163200.0
2017-09-15,21.017902374267578,21.034873212416503,20.899108125653303,20.924564382876692,59250200.0
2017-09-18,21.263973236083984,21.272458655231222,21.07729887012941,21.094269708423887,44010400.0
2017-09-19,21.425186157226562,21.476097037509717,21.230026434118038,21.263966481497576,58443300.0
2017-09-20,21.55246925354004,21.62883640120131,21.340338647464986,21.44216205048937,70595500.0
2017-09-21,21.603378295898438,21.654290802264935,21.484585684565836,21.501556520021335,51050100.0
2017-09-22,21.577919006347656,21.603373635611877,21.45912642064103,21.51852271349434,42306600.0
2017-09-25,21.55246925354004,21.62883640120131,21.408220376671878,21.55246925354004,39774600.0
2017-09-26,21.54398536682129,21.620352519912114,21.484589051845806,21.586412462109635,46811000.0
2017-09-27,21.807035446166992,21.917342692184558,21.722182846999555,21.81551924949789,65919100.0
2017-09-28,21.840967178344727,21.89187807104163,21.73065997443008,21.883394270948898,37718900.0
2017-09-29,21.942787170410156,21.942787170410156,21.807023732042076,21.84096378242017,42740800.0
2017-10-02,22.12946319580078,22.12946319580078,21.900361769021274,21.900361769021274,52774000.0
2017-10-03,22.205827713012695,22.205827713012695,22.070064280250612,22.112489746078346,48062900.0
2017-10-04,22.10400390625,22.214312704775708,22.09552010798902,22.146430989693638,39283800.0
2017-10-05,22.333110809326172,22.40947795993054,22.070069300815646,22.129465613857235,61260400.0
2017-10-06,22.358566284179688,22.45190265065634,22.239772043820533,22.39250633969081,66077800.0
2017-10-09,22.273714065551758,22.4179629451896,22.222803172276084,22.4179629451896,31340200.0
2017-10-10,22.37554359436035,22.37554359436035,22.248263898694567,22.307661845271927,35822500.0
2017-10-11,22.333110809326172,22.358567065670343,22.23977282115902,22.32462539054478,33748600.0
2017-10-12,22.163408279418945,22.400993542202485,22.137952021937185,22.392508123041896,53834800.0
2017-10-13,22.17188835144043,22.248255492614604,21.968243181118616,22.05309574002636,69561400.0
2017-10-16,22.316139221191406,22.324624639687404,22.180375762111662,22.188861180607656,42000700.0
2017-10-17,22.205827713012695,22.400987445304715,22.15491683033386,22.392502028453613,37844200.0
2017-10-18,22.324626922607422,22.358568600062288,22.205834288371914,22.299172282944532,52201500.0
2017-10-19,22.34160041809082,22.35008583846358,22.129469764057134,22.16341144554818,34671600.0
2017-10-20,22.604631423950195,22.621602256773627,22.50280966386499,22.579176793142743,56083800.0
2017-10-23,22.587665557861328,22.655547280789882,22.53675305184396,22.613120192442075,43555200.0
2017-10-24,22.748884201049805,22.79131129044715,22.64706242335212,22.664031640683085,61259200.0
2017-10-25,22.61311912536621,22.842220536349647,22.485841103184697,22.8167642845422,68653500.0
2017-10-26,22.74039649963379,22.842219885534586,22.697971032924684,22.697971032924684,41832600.0
2017-10-27,22.723426818847656,22.765852284688297,22.579177969190592,22.697970568286607,56694400.0
2017-10-30,22.630096435546875,22.731919853485753,22.570700116094333,22.697978174696686,48157500.0
2017-10-31,22.570697784423828,22.714946667519055,22.545241527961792,22.63009409774042,39890800.0
2017-11-01,22.604631423950195,22.76585109891742,22.579176793142743,22.664027720404516,40921900.0
2017-11-02,22.816757202148438,22.850698860689434,22.519775782051507,22.63008293545503,51098300.0
2017-11-03,22.723426818847656,22.757366867834612,22.655545102445966,22.740396034127244,42387000.0
2017-11-06,22.697975158691406,22.74040063311211,22.621608009991654,22.664033484412357,33642100.0
2017-11-07,22.384021759033203,22.782828350605712,22.324625445844486,22.714946618614583,70325500.0
2017-11-08,22.273714065551758,22.350081214679328,22.19734691642419,22.34159579606203,55844900.0
2017-11-09,22.197343826293945,22.273710964790315,21.968242410804837,22.129462105233603,94577000.0
2017-11-10,22.12946319580078,22.256741226757853,22.112492360092382,22.214315755914818,53209600.0
2017-11-13,22.163408279418945,22.21431917595424,21.976732294742483,21.993703133063654,50579200.0
2017-11-14,22.154918670654297,22.16340408821025,22.002184391502983,22.07855153107864,54101800.0
2017-11-15,22.214313507080078,22.290680641608994,21.942786636945176,21.95975585250775,64952300.0
2017-11-16,22.222803115844727,22.36705199511627,22.205832278653226,22.316139483541765,53648100.0
2017-11-17,22.197343826293945,22.24825471248223,22.08703663648135,22.112491270361545,41938700.0
2017-11-20,22.299171447753906,22.333111505509326,22.171891780493542,22.239773514432578,35232400.0
2017-11-21,22.36705207824707,22.400992134328106,22.31613956648334,22.37553749687436,35972400.0
2017-11-22,22.256746292114258,22.426451450965097,22.256746292114258,22.367055130895803,30959400.0
2017-11-24,22.248262405395508,22.38402589445993,22.231293183083793,22.34160041103797,12172500.0
2017-11-27,22.231290817260742,22.350083452943256,22.21431997832659,22.231290817260742,42346400.0
2017-11-28,22.80828285217285,22.83373910842783,22.239772743236752,22.25674358074007,86507000.0
2017-11-29,23.1986026763916,23.351336968202016,22.969501238675978,23.028897548062684,135340600.0
2017-11-30,23.351333618164062,23.656800539533833,23.232539398005102,23.40224450198772,135241700.0
2017-12-01,23.402252197265625,23.51255941822678,22.867683695267434,23.38528135760134,148119600.0
2017-12-04,23.758630752563477,23.92833590531024,23.758630752563477,23.792572430484142,99820400.0
2017-12-05,23.631349563598633,23.885905640535267,23.571953253541956,23.860451003898444,77706200.0
2017-12-06,23.546491622924805,23.68225504875394,23.47860991001024,23.546491622924805,60299100.0
2017-12-07,23.622861862182617,23.707714419103503,23.402245861559482,23.622861862182617,59625500.0
2017-12-08,23.767112731933594,23.767112731933594,23.57195296742251,23.741656477177692,55001600.0
2017-12-11,23.70772361755371,23.801060009795506,23.639841869364886,23.767119944915365,43278400.0
2017-12-12,23.945301055908203,24.038639035897287,23.724685042206374,23.801052186119623,69517100.0
2017-12-13,23.648317337036133,23.9707551006176,23.631346502524515,23.9198442155106,97335300.0
2017-12-14,23.495586395263672,23.76711331224415,23.47013013988622,23.733171638407544,76970000.0
2017-12-15,23.70699119567871,23.86895959102494,23.553547623871108,23.638794233313536,111826100.0
2017-12-18,23.920108795166016,24.039454708187108,23.860436651627452,23.903060772686402,61275500.0
2017-12-19,23.817821502685547,24.073559804141198,23.817821502685547,24.056510150458966,57366300.0
2017-12-20,23.77519416809082,24.056506912202195,23.758146142647895,24.01388440967851,69680300.0
2017-12-21,23.979782104492188,24.04797907555797,23.87748746086554,23.903061934744226,46123500.0
2017-12-22,23.911582946777344,24.082076171822674,23.800763488658607,24.04797687643605,43020300.0
2017-12-26,23.8433895111084,23.9883082860638,23.749619686803708,23.911586486031872,33710100.0
2017-12-27,23.86896514892578,23.877489974449418,23.792243345157267,23.860440323402145,29421000.0
2017-12-28,23.96273422241211,23.97125904708858,23.868962776914987,23.928634923706227,28129700.0
2017-12-29,23.7922420501709,24.03945709906806,23.7922420501709,24.03945709906806,55169800.0
2018-01-02,23.800769805908203,23.94568859787821,23.68995031837553,23.94568859787821,55436100.0
2018-01-03,23.928634643554688,23.945684292708016,23.76666622848615,23.84338802373209,56906200.0
2018-01-04,24.1502742767334,24.32929233407643,24.02240516488493,24.065027660186427,62247000.0
2018-01-05,24.218469619750977,24.278141759546735,24.065026045451113,24.278141759546735,37989500.0
2018-01-08,24.184377670288086,24.235524998502456,24.09913103930131,24.19290087003694,44252100.0
2018-01-09,24.371912002563477,24.499781099580847,24.244042905546106,24.286665395903967,51418700.0
2018-01-10,24.576509475708008,24.67880575632948,24.406016216653622,24.44864034438933,64670900.0
2018-01-11,24.69585418701172,24.721428664073102,24.559460227906165,24.67880616158171,42361700.0
2018-01-12,24.917490005493164,24.934539653602513,24.68732463384875,24.840768214945026,44537500.0
2018-01-16,24.84929847717285,25.17323535836709,24.712904514336632,25.13061122876559,67563800.0
2018-01-17,25.036842346191406,25.105039330198988,24.712905452697132,24.917496404719873,54312000.0
2018-01-18,25.002735137939453,25.130604239291653,24.96863746968599,25.122079415742327,49247400.0
2018-01-19,25.181760787963867,25.1902839881442,25.03684199573324,25.087989326536896,60727800.0
2018-01-22,25.3863468170166,25.39487164148908,25.156181434091827,25.19027910603771,46868900.0
2018-01-23,25.411922454833984,25.45454658187668,25.207331522861626,25.32667582669279,60862000.0
2018-01-24,25.58241081237793,25.64208295286698,25.37781991958238,25.531263495665012,66371000.0
2018-01-25,25.531267166137695,25.68470913833585,25.446020542064865,25.68470913833585,45423700.0
2018-01-26,25.71881103515625,25.72733586101869,25.48864561470317,25.60799155083307,33871900.0
2018-01-29,25.616512298583984,25.855202522050636,25.599464274435324,25.735858223289373,41037700.0
2018-01-30,25.2840518951416,25.59093908871,25.2840518951416,25.428970666999557,67316900.0
2018-01-31,25.352251052856445,25.480120185878608,25.26700442219359,25.352251052856445,49504500.0
2018-02-01,25.59093475341797,25.616507597920375,25.292572435320576,25.301097258802653,60824200.0
2018-02-02,25.0283145904541,25.607989699641383,25.01126493996173,25.539791097671902,73086000.0
2018-02-05,23.766672134399414,24.900448069729425,23.5279834907159,24.491266144033883,147871500.0
2018-02-06,24.201425552368164,24.261097705922154,23.161421213134023,23.221093366688013,159006400.0
2018-02-07,24.218469619750977,24.5594544371152,24.056501221774024,24.158797479955222,102699400.0
2018-02-08,23.15289306640625,24.303718347973934,23.13584341756667,24.261094225874977,135270500.0
2018-02-09,23.596179962158203,23.7751964410048,22.81191380875892,23.502408496508423,149504900.0
2018-02-12,23.928634643554688,24.16732485386916,23.62174746257094,23.834863199155425,83571800.0
2018-02-13,24.030929565429688,24.08207688407847,23.724042401649104,23.792239368495462,43365500.0
2018-02-14,24.60208511352539,24.61060993947489,23.928638497013697,24.013885130564383,57379700.0
2018-02-15,24.738475799560547,24.84077044551429,24.46568790909179,24.806672772177738,66976000.0
2018-02-16,24.704376220703125,24.917491960963044,24.58503192645967,24.619129599410346,47508200.0
2018-02-20,24.62765884399414,24.900446780332306,24.550937033655988,24.65323332275498,58236100.0
2018-02-21,24.661752700805664,25.062409690547323,24.610605380527666,24.636178227694668,44578800.0
2018-02-22,24.457162857055664,24.85781986421639,24.39749070981301,24.72142592024916,47602700.0
2018-02-23,24.8237247467041,24.8237247467041,24.525362353831497,24.533887179450055,41187300.0
2018-02-26,25.198801040649414,25.198801040649414,24.840766583585822,25.00273497809988,55124200.0
2018-02-27,24.960111618041992,25.377818199090765,24.94306197164561,25.21584981021266,72752100.0
2018-02-28,24.610610961914062,25.181761316704314,24.610610961914062,25.08798985330843,65254700.0
2018-03-01,24.184377670288086,24.815200138079458,24.047982085142692,24.61913239902659,82467900.0
2018-03-02,24.24404525756836,24.3122422243233,23.775189688427197,24.013879885041458,78991200.0
2018-03-05,24.585031509399414,24.72142545077645,24.0479789425263,24.05650376710537,58952100.0
2018-03-06,24.68732261657715,24.73847155672567,24.43158441960974,24.721421910009497,49746100.0
2018-03-07,24.644702911376953,24.69585023136297,24.35486538821621,24.380439861181213,41530200.0
2018-03-08,24.721426010131836,24.755525309219657,24.457162945977526,24.70437636058793,50803000.0
2018-03-09,25.318153381347656,25.335201406728327,24.883397028227794,24.985691684288795,54595700.0
2018-03-12,25.23290252685547,25.41191895796824,25.19027840567816,25.31814914326611,51784500.0
2018-03-13,24.951589584350586,25.377821036248843,24.89191744123586,25.352246563795124,47049400.0
2018-03-14,24.670284271240234,25.06241654383973,24.593562456871734,25.06241654383973,57278900.0
2018-03-15,24.678810119628906,24.815204100609655,24.602088302084173,24.764055138283496,47451600.0
2018-03-16,24.7001895904541,24.939747011052784,24.7001895904541,24.734411379741395,61278200.0
2018-03-19,24.520519256591797,24.751522447768732,24.28951606541486,24.665965528977736,52145000.0
2018-03-20,24.58041000366211,24.683078638404137,24.520520646672008,24.614633425863648,37146500.0
2018-03-21,24.571857452392578,24.89697347957656,24.48630214910893,24.62319259259814,53291400.0
2018-03-22,23.664953231811523,24.340851092338518,23.579396313384215,24.246738318882233,85160300.0
2018-03-23,22.946279525756836,23.724844443904246,22.90350187912296,23.690622652969665,89289500.0
2018-03-26,23.690628051757812,23.75907328108737,23.185843873503707,23.408291276790514,84145000.0
2018-03-27,23.228614807128906,23.8702892583306,23.04039088891358,23.76762225998134,78827400.0
2018-03-28,23.27139663696289,23.502398224531756,22.971948200499313,23.288506717323873,84244500.0
2018-03-29,23.587955474853516,23.750513479465713,23.27139695372014,23.374063964734262,58290000.0
2018-04-02,23.066057205200195,23.613620522308725,22.71527529660667,23.587952956364365,74363900.0
2018-04-03,23.38262367248535,23.43395718644793,23.00617409574614,23.21150978345944,75160400.0
2018-04-04,23.6307373046875,23.699182530033312,22.946283419366498,22.963395133668673,70327000.0
2018-04-05,23.81895637512207,23.990070219279257,23.741955308437593,23.844623941304416,45378300.0
2018-04-06,23.2457332611084,23.699183925641716,23.031841715324134,23.545181751578966,88521000.0
2018-04-09,23.37406349182129,23.844625783680687,23.33128584340802,23.37406349182129,54633200.0
2018-04-10,23.72484588623047,23.86173632201612,23.57084373800593,23.750513454888797,67801500.0
2018-04-11,23.442514419555664,23.62218417676114,23.382625044441532,23.510959652809397,52480800.0
2018-04-12,23.85318374633789,24.00718591574243,23.605070409301753,23.62218212409402,63289100.0
2018-04-13,23.49384117126465,24.161183227218647,23.36550659985189,24.144071515866916,70103900.0
2018-04-16,23.596515655517578,23.767629547717405,23.52807042501025,23.63073908670275,44633600.0
2018-04-17,23.596515655517578,23.82751892042844,23.510958709417665,23.80185134703956,50750100.0
2018-04-18,23.485292434692383,23.750517495162498,23.433957288642944,23.656404692601523,66795500.0
2018-04-19,23.84462547302246,23.89595897682213,23.510953618667973,23.528065330555417,76142000.0
2018-04-20,23.85318374633789,23.9900758328131,23.750516721310156,23.887407175922426,49800400.0
2018-04-23,23.827516555786133,23.947295289321364,23.7505154751241,23.921627718479733,45689200.0
2018-04-24,23.67351722717285,24.10130033454362,23.510959189450308,23.955854012763037,69592900.0
2018-04-25,23.65639877319336,23.776179118807086,23.416841345691076,23.64784291765934,51819000.0
2018-04-26,23.664953231811523,23.79328779352124,23.545174525130786,23.639285666724586,33456200.0
2018-04-27,23.699180603027344,23.7590699663524,23.58795610096988,23.622179526791488,47185200.0
2018-04-30,23.485292434692383,23.88740795423501,23.476736577017476,23.759073352837405,41731400.0
2018-05-01,23.49384117126465,23.51095288261638,23.245727884115,23.433951813396202,46372400.0
2018-05-02,23.228614807128906,23.502395645210292,23.19439301829999,23.40828450203389,45430300.0
2018-05-03,23.031841278076172,23.151620019245264,22.638279992735935,23.11739822113822,68947900.0
2018-05-04,23.331287384033203,23.459621969609962,22.81794740986337,22.894948487581985,40575600.0
2018-05-07,23.485292434692383,23.57940360539036,23.322734402595152,23.416847205156127,36873600.0
2018-05-08,23.647846221923828,23.810404236058975,23.493844064518196,23.50239992124771,47718500.0
2018-05-09,23.99863052368164,24.058521526615873,23.673516095639236,23.759073039396597,43817000.0
2018-05-10,24.195411682128906,24.246745194997928,23.921629139147242,23.95585256896856,41445500.0
2018-05-11,24.178300857543945,24.340858891455216,24.126967342784653,24.212522656762467,25894000.0
2018-05-14,24.16118049621582,24.28951505312258,24.118402854534377,24.24673741144114,31292900.0
2018-05-15,24.118412017822266,24.246746623487084,24.02429921213198,24.126967875781663,54655800.0
2018-05-16,24.16118049621582,24.22962570202359,24.041401794017837,24.092735290408054,31984900.0
2018-05-17,24.109848022460938,24.195404941315207,23.955845894895752,24.135513955813472,45070400.0
2018-05-18,23.913076400756836,24.118412096866106,23.9045205427694,24.10985623887867,33266100.0
2018-05-21,24.084182739257812,24.178295522101084,24.041405091708683,24.04996094759104,29647900.0
2018-05-22,24.246740341186523,24.383630769342595,24.10129405728787,24.10129405728787,52841400.0
2018-05-23,24.09273338317871,24.161178583568216,23.83606428968363,24.084177529147233,44968500.0
2018-05-24,23.90451431274414,24.032848885382833,23.664955247119327,24.01573717386764,43245200.0
2018-05-25,23.827516555786133,23.870294208659327,23.71629204733526,23.793293127997295,39312500.0
2018-05-29,23.031841278076172,23.528069589600502,22.860727391952075,23.493846159630497,126469700.0
2018-05-30,23.45106315612793,23.54517593522051,23.19439401733692,23.25428337426398,65843700.0
2018-05-31,23.25428581237793,23.433953901996563,23.185840592733292,23.399732108105624,66686900.0
2018-06-01,23.51095962524414,23.639294233461545,23.442514392070656,23.536627199632854,62934300.0
2018-06-04,23.587955474853516,23.67351240527376,23.545177825574754,23.622178899766702,44196900.0
2018-06-05,23.485292434692383,23.54518180655373,23.365512059106692,23.510958375854106,44996800.0
2018-06-06,23.913076400756836,23.930186484868653,23.59651618267397,23.62218375663627,61960000.0
2018-06-07,23.99007225036621,24.10985097229961,23.827514247840387,24.01573818685897,65166100.0
2018-06-08,24.024290084838867,24.049957648965446,23.836066176831245,23.96440073373928,47713400.0
2018-06-11,23.972959518432617,24.18685101670872,23.972959518432617,24.101294091025753,47319600.0
2018-06-12,23.913076400756836,24.10130038089124,23.793296020795804,24.04141100684225,55517200.0
2018-06-13,23.827516555786133,24.10985330759264,23.801848984944503,23.921627718479733,61095800.0
2018-06-14,23.605064392089844,23.913068652384972,23.536619182231206,23.870289376309245,70635500.0
2018-06-15,23.604209899902344,23.681544539356633,23.294872981017065,23.45813354081445,63387600.0
2018-06-18,23.561250686645508,23.595620732462194,23.320653810200156,23.39798846195287,49824600.0
2018-06-19,23.501094818115234,23.561243609426317,23.312053886644236,23.320646805250338,50214700.0
2018-06-20,23.440950393676758,23.715917284569773,23.415171633056058,23.715917284569773,42833600.0
2018-06-21,23.37220573425293,23.509689162424745,23.208943548699498,23.363612815125723,75190900.0
2018-06-22,23.260498046875,23.561243642787904,23.243312209638457,23.53546488693309,61389400.0
2018-06-25,23.011310577392578,23.20034987524957,22.856641315995176,23.157386919942155,80746100.0
2018-06-26,22.933977127075195,23.05427471927287,22.78790077700726,23.02849596140261,56387800.0
2018-06-27,22.650413513183594,23.09723376813197,22.641820595347653,22.92538032820767,78099200.0
2018-06-28,22.848051071166992,22.94257155062353,22.60745423206484,22.650418831332303,78544800.0
2018-06-29,22.848051071166992,23.260501390543354,22.81367939175302,23.131610870604725,77149900.0
2018-07-02,22.959753036499023,22.96834595533644,22.641823234173135,22.659009071847965,66202800.0
2018-07-03,22.753520965576172,23.088638142359752,22.701965107198387,23.01989645154564,30717800.0
2018-07-05,22.805086135864258,22.925383725531375,22.727751502812044,22.873827849807146,40668500.0
2018-07-06,22.91678810119629,23.011308561309438,22.659007114073304,22.744933017159934,41285000.0
2018-07-09,23.440950393676758,23.466727515365513,23.011314216923438,23.03709133861219,73447400.0
2018-07-10,23.35502052307129,23.535466912792305,23.286278807139695,23.458132277502788,51260600.0
2018-07-11,23.243310928344727,23.36361014343735,23.191755058408777,23.22612673098711,46023700.0
2018-07-12,23.286279678344727,23.406577275992742,23.148796241337894,23.389391436633925,64876800.0
2018-07-13,23.183162689208984,23.260497315409864,22.942567531189894,23.191755607557038,64146900.0
2018-07-16,23.59561538696289,23.612801225443913,23.234722612451986,23.251906812001245,55812000.0
2018-07-17,23.621402740478516,23.715923247588258,23.492512182831284,23.621402740478516,55502200.0
2018-07-18,23.99947166442871,24.04243461680846,23.681540244451202,23.715911917500264,59109200.0
2018-07-19,23.638578414916992,23.88776650063295,23.604206740235256,23.879175220894172,61765100.0
2018-07-20,23.681543350219727,23.750285066401556,23.509689879231047,23.59561579525949,51562300.0
2018-07-23,24.00806427001953,24.042434303689394,23.672947017881924,23.68153993603228,81516200.0
2018-07-24,24.076807022094727,24.222883359132638,24.016658231361166,24.102584138733892,63133700.0
2018-07-25,24.12836456298828,24.1713275196459,23.930732340072446,24.059622848977043,44197200.0
2018-07-26,24.119773864746094,24.28303606515487,24.09399674395074,24.188515585086858,40056800.0
2018-07-27,24.171327590942383,24.29162682001569,24.033844162514388,24.111178795871602,63149400.0
2018-07-30,24.18851661682129,24.368964664745043,24.154146574650838,24.18851661682129,56474100.0
2018-07-31,24.016664505004883,24.26585265155575,23.965106980395415,24.257259730787506,84500100.0
2018-08-01,24.016664505004883,24.291631413860486,23.95651405962717,24.171332162037118,64046900.0
2018-08-02,24.025253295898438,24.068217895285084,23.784658095060767,23.86199273502484,38330700.0
2018-08-03,24.162736892700195,24.162736892700195,23.990881783560127,23.990881783560127,34894300.0
2018-08-06,24.2916259765625,24.351774769544797,24.145549634063343,24.197105508200785,38230100.0
2018-08-07,24.403331756591797,24.540815186516006,24.34318296086643,24.360368799339895,44608600.0
2018-08-08,24.463483810424805,24.506448412330606,24.35177912333369,24.36896496409601,47522000.0
2018-08-09,24.317399978637695,24.463476302421657,24.317399978637695,24.40332751714558,29357800.0
2018-08-10,24.033845901489258,24.119773460207004,23.913548302643534,23.99947586136128,83301400.0
2018-08-13,23.801843643188477,24.093996359710584,23.793250723416428,24.03384592130626,74413500.0
2018-08-14,24.025253295898438,24.068217895285084,23.8190281356382,23.887769855724944,43659000.0
2018-08-15,23.836212158203125,23.95650974945089,23.724507486177593,23.82761923898089,55681100.0
2018-08-16,24.154142379760742,24.22288409109512,23.9479172457576,23.9479172457576,49534200.0
2018-08-17,24.205698013305664,24.240068049165917,24.08540042939728,24.08540042939728,43193100.0
2018-08-20,24.28303337097168,24.32599632681849,24.17132706347923,24.205698739302047,30053700.0
2018-08-21,24.377559661865234,24.497857278108512,24.24866748568218,24.300225011728244,47940000.0
2018-08-22,24.2916259765625,24.386144805992526,24.25725430118308,24.27444013887279,27323300.0
2018-08-23,24.179922103881836,24.308814260594165,24.14555206397524,24.283035501465328,31767800.0
2018-08-24,24.265844345092773,24.31740021312205,24.222881394890294,24.27443726291957,22064500.0
2018-08-27,24.592369079589844,24.678294981437148,24.35177229319543,24.360365211166467,52254500.0
2018-08-28,24.566593170166016,24.67829783886036,24.523630214267815,24.66111363986011,28896800.0
2018-08-29,24.557998657226562,24.626740365560927,24.437701077374328,24.56659157563481,34015300.0
2018-08-30,24.368961334228516,24.540814799457415,24.325996738722488,24.44629596720763,43264100.0
2018-08-31,24.343183517456055,24.36036935632246,24.205700084388383,24.283034720355424,34107800.0
2018-09-04,24.463483810424805,24.489262571568286,24.23148151586141,24.29163031959755,43145600.0
2018-09-05,24.480667114257812,24.609557628754335,24.429111236245564,24.44629707522692,32727700.0
2018-09-06,24.368961334228516,24.515037681085538,24.291626701249402,24.44629596720763,38328900.0
2018-09-07,24.343183517456055,24.437703992289503,24.2400701231894,24.420518153423092,43644300.0
2018-09-10,24.317399978637695,24.43769918812133,24.291622864337363,24.40332751714558,29927200.0
2018-09-11,24.343183517456055,24.41192523398989,24.162737126154163,24.248663042622606,32065200.0
2018-09-12,24.119773864746094,24.394740746109157,24.10258802492793,24.343184865586554,47963400.0
2018-09-13,24.085403442382812,24.30022151991017,24.033845923745304,24.17992228202118,44977100.0
2018-09-14,24.25725555419922,24.283034312065393,24.111179204154443,24.119772123443166,34151000.0
2018-09-17,24.154142379760742,24.325995838630853,24.12836362341097,24.257254127296473,26907900.0
2018-09-18,24.274446487426758,24.300225250703306,24.11118426453953,24.214297678713603,36405600.0
2018-09-19,24.6868896484375,24.764224276724335,24.25725355303581,24.25725355303581,75551800.0
2018-09-20,24.901710510253906,24.979045147280246,24.807191673057577,24.8673404709821,78555500.0
2018-09-21,24.805044174194336,25.029446304120437,24.770521656007194,24.98629274483582,64710000.0
2018-09-24,24.528860092163086,24.81367789431933,24.511598008104418,24.779153726201994,47985100.0
2018-09-25,24.433921813964844,24.641061897097853,24.425290771392255,24.623801458155718,32964400.0
2018-09-26,24.140470504760742,24.502966025056672,24.080054859078565,24.46844350446809,60288100.0
2018-09-27,24.05415916442871,24.252668150080055,24.028266043873174,24.166359394430856,57492200.0
2018-09-28,23.803869247436523,23.96785575512912,23.76934672519769,23.95922471301867,66454900.0
2018-10-01,23.8988094329834,24.07142533924533,23.821131698994485,23.941962997998136,49855000.0
2018-10-02,23.8988094329834,23.941962997998136,23.70892979603139,23.864285264009222,47629500.0
2018-10-03,24.12320899963379,24.2267782030174,23.9851156309871,24.054162315310442,79591400.0
2018-10-04,24.287193298339844,24.468441869478156,24.097315332283166,24.11457741452544,94700800.0
2018-10-05,24.166364669799805,24.43392038913576,24.105949021517777,24.347611614645885,58148700.0
2018-10-08,24.330347061157227,24.408024780438392,24.080051822095093,24.097313903313726,56594900.0
2018-10-09,24.235410690307617,24.33898154607346,24.06279314609885,24.21814860664616,47963500.0
2018-10-10,23.484525680541992,24.28719443411339,23.484525680541992,24.226778789642914,101604400.0
2018-10-11,22.785429000854492,23.493157981805886,22.716382311156867,23.346433560423066,178628200.0
2018-10-12,22.81131935119629,23.234230479910902,22.46608594471525,23.199706316161432,137933000.0
2018-10-15,22.70775604248047,22.983942859327154,22.70775604248047,22.819957965701484,82196400.0
2018-10-16,23.08750343322754,23.10476551312604,22.70774590647325,22.863101333154667,75137300.0
2018-10-17,23.320537567138672,23.467261960124027,22.923517943565457,23.035719821485056,79472100.0
2018-10-18,22.93214988708496,23.36369204272059,22.863103208031365,23.191076168187948,81706000.0
2018-10-19,23.018463134765625,23.199710085288324,22.80269201488451,22.91489227289337,73614300.0
2018-10-22,22.526500701904297,23.096136211815672,22.526500701904297,23.044351614424457,58645800.0
2018-10-23,22.345252990722656,22.47471695842359,21.939603944374237,22.069066265872436,93698200.0
2018-10-24,21.784242630004883,22.31072446125891,21.69793389019569,22.31072446125891,98050700.0
2018-10-25,22.120853424072266,22.302102012097954,21.861928751124623,21.887821876900556,72439400.0
2018-10-26,21.8015079498291,22.025910048228276,21.594367931199677,21.853292542935822,115308900.0
2018-10-29,21.99138832092285,22.379776927685146,21.758355156865473,22.06906604227531,97946100.0
2018-10-30,22.37114715576172,22.38840923841977,21.956867049185323,22.112222500702174,82719100.0
2018-10-31,22.68185806274414,22.96667584184035,22.552394088989022,22.586918254311136,93781100.0
2018-11-01,22.785429000854492,22.880368816514828,22.6300735374841,22.742275437119577,62346600.0
2018-11-02,22.768163681030273,23.139290202735996,22.595547804420132,23.009827883727716,73034200.0
2018-11-05,23.130659103393555,23.19970578310328,22.8631034252937,22.8631034252937,58705800.0
2018-11-06,23.251493453979492,23.251493453979492,23.001198195799834,23.113400086088234,51010900.0
2018-11-07,23.553573608398438,23.579465086325396,23.147922894712696,23.38095607327223,59990800.0
2018-11-08,23.622615814208984,23.75207811790535,23.33779808759598,23.415474152851797,46730100.0
2018-11-09,23.406845092773438,23.63124554440266,23.28601218089325,23.562198871700776,47051200.0
2018-11-12,22.940778732299805,23.45862959874455,22.897625179347127,23.355058766974594,47135500.0
2018-11-13,23.07024383544922,23.294645959665445,22.95804359644247,22.975305678198193,69820600.0
2018-11-14,22.759532928466797,23.286013213847056,22.509237699942947,23.251490699065982,104274200.0
2018-11-15,23.09613800048828,23.1134000830231,22.46608680379261,22.604180171665558,93998000.0
2018-11-16,23.122028350830078,23.225597541210387,22.845840002009858,22.975303959289143,80518300.0
2018-11-19,23.11339569091797,23.216964874040627,22.906255678470167,23.104764651290665,65491300.0
2018-11-20,22.60417938232422,22.940781748984975,22.535132700798865,22.845841944561585,103778300.0
2018-11-21,22.621440887451172,22.949413874853132,22.55239420266173,22.733642779110774,48618000.0
2018-11-23,22.44019317626953,22.630071141281896,22.379777534956634,22.50060881758243,24252300.0
2018-11-26,22.897626876831055,22.983933989134666,22.66459372272495,22.67322476319584,50168800.0
2018-11-27,22.914892196655273,22.98393888893939,22.802691939019706,22.854476546682047,47174300.0
2018-11-28,23.355060577392578,23.355060577392578,22.785425074007588,22.983934066901796,61375300.0
2018-11-29,23.156553268432617,23.311908716326382,23.06161346223025,23.182446391815834,43664100.0
2018-11-30,23.27738380432129,23.3723236074749,23.052981680814483,23.087505844216786,45435200.0
2018-12-03,23.42410659790039,23.70892434160078,23.260121771608045,23.613986191169055,65332700.0
2018-12-04,22.405664443969727,23.31190381750991,22.293464225292666,23.303272778195918,110918600.0
2018-12-06,22.094961166381836,22.10359220800319,21.516694547374165,21.90508154311782,134687100.0
2018-12-07,21.67204475402832,22.353880414909547,21.568473925865337,22.043171222825524,86740000.0
2018-12-10,21.369970321655273,21.646157071175395,20.972950634567944,21.58574142549323,101121800.0
2018-12-11,21.162832260131836,21.766990420270137,21.08515452371072,21.63752807496929,92308200.0
2018-12-12,21.28365707397461,21.594367924929795,21.180087887791235,21.45627457921694,86748900.0
2018-12-13,21.128297805786133,21.387224016557408,21.050620107174975,21.27502216469585,67232900.0
2018-12-14,20.921165466308594,21.214614291309687,20.87801190518607,20.921165466308594,66817000.0
2018-12-17,20.714021682739258,21.11967068139332,20.619081889908557,20.800330435657845,101180400.0
2018-12-18,20.636343002319336,21.059254060971927,20.5068807021118,20.834851972384385,90844000.0
2018-12-19,20.377418518066406,21.050623141464197,20.21343205889407,20.593189568376463,129331700.0
2018-12-20,20.19617462158203,20.498254490685333,20.08397437396227,20.17891253850119,107016900.0
2018-12-21,19.79233741760254,20.556586632934202,19.74891313143946,20.1744611970348,118502300.0
2018-12-24,19.375471115112305,19.757596522657995,19.349418201814725,19.53179522076586,71752700.0
2018-12-26,20.252622604370117,20.261307461323444,19.149670618304114,19.427581071409264,108133500.0
2018-12-27,20.495798110961914,20.495798110961914,19.722862237788416,19.91392581960246,98005000.0
2018-12-28,20.487106323242188,20.756330230738143,20.400259420559557,20.591321281287833,76348400.0
2018-12-31,20.686861038208008,20.773707974468948,20.42632188589272,20.600014101947068,56435400.0
2019-01-02,20.860549926757812,20.903972556280046,20.322100375759586,20.382892719677567,62945000.0
2019-01-03,20.391576766967773,20.756332472455515,20.339469282317257,20.704224987805002,65729700.0
2019-01-04,21.06898307800293,21.11240571071534,20.68685761555814,20.73896510610648,64638400.0
2019-01-07,21.09503936767578,21.28610128620819,20.895290934133495,21.02556049933593,48167000.0
2019-01-08,21.112409591674805,21.320841248650098,20.86924015343741,21.286103467387996,90114700.0
2019-01-09,21.216615676879883,21.29477771635858,21.016868978863975,21.164508202716327,61037100.0
2019-01-10,21.22530746459961,21.294784671665923,21.02555904487509,21.09503790840868,48630500.0
2019-01-11,21.27741241455078,21.32083504260589,20.999503619477096,21.121088303205063,44961600.0
2019-01-14,21.425052642822266,21.494529844748627,21.04292720399371,21.068981775891277,50610600.0
2019-01-15,21.616111755371094,21.65085118010229,21.27741064657664,21.338202983389294,59156500.0
2019-01-16,22.07640266418457,22.20667221446819,21.80717870606946,21.867971052437337,72982400.0
2019-01-17,22.197988510131836,22.27615057565606,21.85928733050506,21.989556887556336,55771300.0
2019-01-18,22.580110549926758,22.606165119966345,22.171932224775446,22.354309245651447,58400200.0
2019-01-22,22.3195743560791,22.50195140049363,22.206672861136276,22.389051562018054,79651700.0
2019-01-23,22.345624923706055,22.4324718361159,22.09377069983128,22.406417265452824,44072000.0
2019-01-24,22.397733688354492,22.45852602907888,22.19798529623102,22.26746249369704,25496900.0
2019-01-25,22.580110549926758,22.727749800550345,22.49326363959517,22.55405597988717,63140000.0
2019-01-28,22.51063346862793,22.5366880388014,22.32825479034772,22.362994217245685,66894900.0
2019-01-29,22.432472229003906,22.588796342786118,22.423787371964107,22.501949428855212,29442100.0
2019-01-30,22.562746047973633,22.70170047401221,22.345629550229926,22.501953693640182,62076800.0
2019-01-31,22.52800178527832,22.562739553555396,22.33693826212009,22.37167768686411,64021500.0
2019-02-01,22.623533248901367,22.727749872924548,22.536687994760268,22.562740908415783,42920300.0
2019-02-04,22.719066619873047,22.727751477193596,22.510635013581304,22.632219703134695,30362500.0
2019-02-05,22.65827178955078,22.779856465766695,22.57142488233928,22.762486753031,39094900.0
2019-02-06,22.63222312927246,22.753809493699144,22.55406105802224,22.58880049256341,51542800.0
2019-02-07,22.40641975402832,22.623536230933507,22.22404270853225,22.562743882434816,80395700.0
2019-02-08,22.293519973754883,22.389051753914963,22.006926289741905,22.28483511587967,54911100.0
2019-02-11,22.362995147705078,22.406417776667176,22.25009531852336,22.362995147705078,53115700.0
2019-02-12,22.693012237548828,22.779859155012925,22.519320059087804,22.52800491648093,37671300.0
2019-02-13,22.753803253173828,22.953549977600193,22.74511839692047,22.797225877973663,42969600.0
2019-02-14,22.47589683532715,22.649590678471796,22.345627281202287,22.58011347250739,47630100.0
2019-02-15,22.953554153442383,22.953554153442383,22.475896911411283,22.658275612977267,46880800.0
2019-02-19,22.988292694091797,23.057769902605813,22.771176210427083,22.8406534189411,23868300.0
2019-02-20,23.13593292236328,23.144617780843735,22.927501288234566,22.9796087826499,27509100.0
2019-02-21,23.014341354370117,23.17066544747224,22.936179307819057,23.092503400921178,46619900.0
2019-02-22,22.97960662841797,23.083823263946186,22.892761364689548,23.014346059083117,26343700.0
2019-02-25,23.075136184692383,23.29225263604473,23.049083270669026,23.083821041522526,33835900.0
2019-02-26,23.005659103393555,23.17935292794467,22.89275927696228,22.910127334243732,35659700.0
2019-02-27,23.09250831604004,23.135930948269845,22.93618418966515,22.962238762883377,42542400.0
2019-02-28,23.031709671020508,23.14460947782938,23.023024815655706,23.10118685747215,39835900.0
2019-03-01,23.17935562133789,23.396472099021732,23.109878414737754,23.231463112171177,82657300.0
2019-03-04,23.031709671020508,23.396465314008317,22.840646165928405,23.24014123037543,76611900.0
2019-03-05,22.944866180419922,23.083820573953496,22.771172360269436,23.07513571729927,39868100.0
2019-03-06,22.797225952148438,23.023027246069564,22.779856239585207,22.944865196001984,43158900.0
2019-03-07,22.562746047973633,22.71038533269805,22.432476480620892,22.71038533269805,62622100.0
2019-03-08,22.55405616760254,22.571425881106833,22.302201947658517,22.310886804410664,55826400.0
2019-03-11,22.788543701171875,22.858020902900837,22.562742381435967,22.666959012262982,63343500.0
2019-03-12,22.840652465820312,22.91881452919536,22.78854497572603,22.823284406767048,32521100.0
2019-03-13,22.996971130371094,23.083818030878675,22.858016752145705,22.927493941258398,42817500.0
2019-03-14,23.08382225036621,23.170669166748525,22.95355270402632,22.962237561311266,37665700.0
2019-03-15,23.245309829711914,23.31514171373391,23.07073095211864,23.088189339355,70020400.0
2019-03-18,23.480995178222656,23.550827068536364,23.28895789609085,23.28895789609085,43980700.0
2019-03-19,23.297685623168945,23.655574246601745,23.236582931108245,23.611928277327323,45029300.0
2019-03-20,22.81758689880371,23.254036543631162,22.791400985664954,23.245307350943822,65860300.0
2019-03-21,22.747756958007812,22.843776420816326,22.503346201656562,22.660466688629477,104914100.0
2019-03-22,22.1192684173584,22.59936236687016,22.023248961486733,22.477156997523156,121855900.0
2019-03-25,22.023250579833984,22.285121388293568,21.892316008065897,22.093082462438524,72835600.0
2019-03-26,22.28511619567871,22.337489679197812,22.066891405272262,22.197825946531527,51171500.0
2019-03-27,22.18910026550293,22.34622240584042,22.08435161697017,22.23274456451966,73148100.0
2019-03-28,22.38113784790039,22.389867040819375,22.12799791294304,22.23274489812425,52089300.0
2019-03-29,22.442241668701172,22.590634625984105,22.354953064942244,22.573177904186355,50234400.0
2019-04-01,22.992168426513672,23.009626812650563,22.616821449187153,22.6255506422556,62485300.0
2019-04-02,22.97471046447754,23.09691583984496,22.896149390334664,22.931066163252996,41002400.0
2019-04-03,23.04454231262207,23.236581233553082,22.94852451707993,23.131832579870405,52030900.0
2019-04-04,23.184206008911133,23.280225469106032,23.044542247676752,23.044542247676752,54378900.0
2019-04-05,23.2191219329834,23.306412196795122,23.14929005491868,23.2278511258569,37088800.0
2019-04-08,23.245309829711914,23.254039023330094,23.10564606166792,23.158021223377,34998000.0
2019-04-09,23.05327606201172,23.140566346511815,22.948529052550562,23.140566346511815,65954800.0
2019-04-10,23.12310028076172,23.158017048940383,22.939792242593153,23.05326840932753,48232700.0
2019-04-11,23.26276969909668,23.35005997591659,23.14056431050293,23.210396198974152,62205000.0
2019-04-12,23.690488815307617,23.856340164910495,23.480993162351933,23.603200208602004,84627600.0
2019-04-15,23.54209327697754,23.707944608432527,23.489719785700327,23.699215415732446,40030400.0
2019-04-16,23.87379264831543,23.89997855788205,23.57700679712479,23.594465180117894,56093400.0
2019-04-17,23.93490219116211,23.96981730224297,23.742864917908598,23.96108977316539,58834000.0
2019-04-18,23.86506462097168,23.961084067194612,23.830147853282206,23.891252196738783,52495700.0
2019-04-22,23.795238494873047,23.86507038218684,23.71667741352959,23.795238494873047,39324100.0
2019-04-23,23.94363021850586,23.96981613430971,23.690488599579055,23.786508063989007,54250300.0
2019-04-24,23.917444229125977,24.02219289408114,23.812697229094354,23.865070729110165,39505200.0
2019-04-25,23.96108627319336,24.057104063333135,23.742861449812448,23.80396413397138,44532300.0
2019-04-26,24.17931365966797,24.196770382047227,23.926172038549023,23.961088813154443,41527900.0
2019-04-29,24.423728942871094,24.554663542029584,24.20550405596569,24.2666067579114,61643200.0
2019-04-30,24.45863151550293,24.493546611364664,24.24913594556414,24.45863151550293,38800300.0
2019-05-01,24.25787353515625,24.56338697319228,24.240415148718945,24.48482589914777,67969500.0
2019-05-02,24.284061431884766,24.397539288065634,24.10948254803317,24.240417127152746,50972900.0
2019-05-03,24.502283096313477,24.54592906028829,24.345160955850716,24.38880691982553,34598900.0
2019-05-06,24.3364315032959,24.423721765390532,24.030918083349587,24.07456238193527,42517000.0
2019-05-07,23.93490219116211,24.345164319672417,23.769050834988363,24.10948274133695,60090800.0
2019-05-08,23.882526397705078,24.083292845672222,23.777777744678584,23.83888043189264,44254200.0
2019-05-09,23.830148696899414,23.88252385028777,23.4809893322596,23.59446716634453,56468300.0
2019-05-10,23.987274169921875,24.030920137161043,23.48972179785922,23.699217445837,63453600.0
2019-05-13,23.28895378112793,23.559552100165654,23.210392710290638,23.507178607915225,54962500.0
2019-05-14,23.47226333618164,23.673031454995357,23.31514118446804,23.341328764728107,52398400.0
2019-05-15,23.384977340698242,23.498453537971336,23.149294086834594,23.23658436584968,49061700.0
2019-05-16,23.620649337768555,23.75158387065951,23.446070515554922,23.463527232330243,44872600.0
2019-05-17,23.46353530883789,23.690489354267292,23.350059118584934,23.3849758940003,62711500.0
2019-05-20,23.489723205566406,23.59447186829445,23.376247013790916,23.376247013790916,44357300.0
2019-05-21,23.734132766723633,23.734132766723633,23.585739817041276,23.585739817041276,36851400.0
2019-05-22,23.59446907043457,23.664300948998015,23.524637191871125,23.611925791382944,25867600.0
2019-05-23,23.26276969909668,23.37624755843963,23.062003227857367,23.367518364265283,51832900.0
2019-05-24,23.446075439453125,23.454804632135456,23.28022410833534,23.350055984870735,30582000.0
2019-05-28,23.17547607421875,23.446076059760454,23.17547607421875,23.376244181377537,35177700.0
2019-05-29,23.131834030151367,23.175478334050187,22.88742159951694,22.992170259766972,39700600.0
2019-05-30,23.05327606201172,23.31514525058831,22.939799857608183,23.184210656300014,40641200.0
2019-05-31,22.70410919189453,22.86996051191768,22.686650807697745,22.75648267956173,49259200.0
2019-06-03,22.852500915527344,22.94852035859323,22.625546927777204,22.669191221030935,63329300.0
2019-06-04,23.47226333618164,23.49845091644171,23.07073042840102,23.131833117417774,45454400.0
2019-06-05,23.620649337768555,23.63810771946679,23.31513431774105,23.515902377424958,46599700.0
2019-06-06,23.707942962646484,23.803962410758505,23.498447347157377,23.629381898722674,37297600.0
2019-06-07,23.673030853271484,23.786507035000618,23.63811408047891,23.707945961140695,33054800.0
2019-06-10,23.87379264831543,24.04837148347737,23.8126899727626,23.8126899727626,37081400.0
2019-06-11,23.882526397705078,24.100751231997197,23.812694517328534,24.00473177213319,34273400.0
2019-06-12,23.646841049194336,23.8999809684339,23.594467559855666,23.856336671472214,36866000.0
2019-06-13,23.72540283203125,23.803963900872937,23.629383377908464,23.690486061469052,31020000.0
2019-06-14,23.77777671813965,23.856337788287025,23.568281086054405,23.751589139782762,29724100.0
2019-06-17,23.55955696105957,23.838884530591468,23.53336937706959,23.769052638208493,40981600.0
2019-06-18,23.87379264831543,23.969810424931435,23.507174930075404,23.507174930075404,46237400.0
2019-06-19,23.830148696899414,24.083290276840266,23.803962785128416,23.917438954290162,58118500.0
2019-06-20,23.93490219116211,24.030921660250623,23.673033030823362,23.96108977316539,50583800.0
2019-06-21,23.88138198852539,24.1094923830758,23.84628898273647,23.95156967350964,65322300.0
2019-06-24,23.784873962402344,24.004210677884753,23.758552954118173,23.837514305564348,48377800.0
2019-06-25,23.705915451049805,23.819969820466184,23.591859408226888,23.784876811955968,47748500.0
2019-06-26,23.662044525146484,23.872607573526356,23.65327085562153,23.758553216514642,31448000.0
2019-06-27,23.87260627746582,23.94279562985484,23.749778257597573,23.749778257597573,59459800.0
2019-06-28,24.214773178100586,24.302508196997135,23.898927779435535,24.153359166894894,76728100.0
2019-07-01,24.504297256469727,24.60957793907746,24.37269556650692,24.495523587351368,48971100.0
2019-07-02,24.44288444519043,24.548165132963128,24.311281075365017,24.469203780430426,56626800.0
2019-07-03,24.635902404785156,24.64467607513515,24.451660347654844,24.521848037048276,23706800.0
2019-07-05,24.70608901977539,24.80259771602189,24.592034656998436,24.71486268974384,40683100.0
2019-07-08,24.583255767822266,24.67976277017317,24.51306809638248,24.574482099716533,26286700.0
2019-07-09,24.627124786376953,24.670993131094235,24.399014414065828,24.41656175195274,25895800.0
2019-07-10,24.53939437866211,24.767504793810655,24.50430136970433,24.63590308175749,36566700.0
2019-07-11,24.67976188659668,24.714856557763166,24.530612880951153,24.574481219909263,40907500.0
2019-07-12,24.846464157104492,24.846464157104492,24.65344843984624,24.71486245563721,31109900.0
2019-07-15,24.70608901977539,24.87278540236304,24.635901333434237,24.855238062426142,28346100.0
2019-07-16,24.644672393798828,24.793821420656315,24.59203205296862,24.749953075459253,47287700.0
2019-07-17,24.434110641479492,24.635900019774486,24.39901596347705,24.55693866767534,35062600.0
2019-07-18,24.618350982666016,24.66221932714315,24.37269494721901,24.399014280499053,46369800.0
2019-07-19,24.513072967529297,24.72363602369097,24.495525627830887,24.679767674444943,29338500.0
2019-07-22,24.56571388244629,24.60958055930236,24.416564838366604,24.460431515222677,26683300.0
2019-07-23,24.820144653320312,24.855237659218382,24.618353594132373,24.627127263958492,45307600.0
2019-07-24,25.07457733154297,25.07457733154297,24.749958203451293,24.767505545165786,36374200.0
2019-07-25,24.899105072021484,25.10089613718297,24.846464724912884,25.065801456839598,34180400.0
2019-07-26,25.171085357666016,25.18863102549997,24.899106588657666,24.951748612379223,33642800.0
2019-07-29,24.978063583374023,25.197400290309396,24.951744249521795,25.12721261102633,35955100.0
2019-07-30,24.90787696838379,24.934197976766967,24.73240859938164,24.78504894274165,30726100.0
2019-07-31,24.785049438476562,25.030707168080678,24.741182763700216,24.90787746657543,64485400.0
2019-08-01,24.223548889160156,24.934199422651727,24.18845420928085,24.767503040037898,107976300.0
2019-08-02,24.214773178100586,24.337601200511973,23.890154110205252,24.17967850117945,66036400.0
2019-08-05,23.40761947631836,23.793652645463396,23.232149397596064,23.679596592271896,85527900.0
2019-08-06,23.784873962402344,23.80241962785212,23.328653192581417,23.55676357749188,53445000.0
2019-08-07,23.46903419494629,23.574316579970247,23.02158698705626,23.337432468721396,82354600.0
2019-08-08,23.916475296020508,23.925248965316136,23.583082556411856,23.69713858384872,66653200.0
2019-08-09,23.83751106262207,23.96033907109222,23.60062704051012,23.784870726621453,53782700.0
2019-08-12,23.381298065185547,23.644503178796526,23.31111036957062,23.556768140926202,56837600.0
2019-08-13,23.67081642150879,23.83751278318314,23.249690356295275,23.337425371566315,72255900.0
2019-08-14,22.793472290039062,23.26724042404761,22.775924950244725,23.144410718893678,92067300.0
2019-08-15,22.907529830932617,23.05667888217471,22.74083343874286,22.907529830932617,59504500.0
2019-08-16,23.31110382080078,23.372517828035022,23.02157944854922,23.02157944854922,48451800.0
2019-08-19,23.54798698425293,23.71468333587566,23.50412031596564,23.67081499418224,38297700.0
2019-08-20,23.23213768005371,23.46024799797852,23.20581835290467,23.41638133712622,40579300.0
2019-08-21,23.337427139282227,23.41638849166654,23.276013125962503,23.381293813537354,44913500.0
2019-08-22,23.49535369873047,23.55676772212586,23.311109955137667,23.4602590148436,43896700.0
2019-08-23,22.898754119873047,23.504123941368686,22.74083141223015,23.328653894341826,86245300.0
2019-08-26,23.118091583251953,23.135638923198584,22.907528524111694,23.047903896871865,34175500.0
2019-08-27,22.977710723876953,23.276008738116367,22.837335384635587,23.205821068495684,54240800.0
2019-08-28,23.188276290893555,23.223369292872373,22.837337904074253,22.85488356836055,51870400.0
2019-08-29,23.539216995239258,23.618178349223427,23.354974951547124,23.398841626691045,49818300.0
2019-08-30,23.618181228637695,23.741009272740385,23.530446194247233,23.670821579909333,40561000.0
2019-09-03,23.372522354125977,23.45148371397693,23.170732956020878,23.425164376297623,59997200.0
2019-09-04,23.600631713867188,23.6445000637262,23.495351021018443,23.547991367442815,43945700.0
2019-09-05,24.083175659179688,24.284965066219954,23.925252932485012,23.93402660323545,68639200.0
2019-09-06,24.074399948120117,24.17968064138962,23.9866649214579,24.109492954741135,35660800.0
2019-09-09,24.44288444519043,24.539391463414344,24.18845304849475,24.2410933923811,67797700.0
2019-09-10,24.53061866760254,24.63590103253157,24.302509944834746,24.521846671147674,77540100.0
2019-09-11,24.670989990234375,24.697309320307788,24.328823638625707,24.54816031406966,53285900.0
2019-09-12,24.802595138549805,24.899102151360907,24.52184442236066,24.600805770464643,72872200.0
2019-09-13,24.995609283447266,25.092117963664094,24.881554939614237,24.995609283447266,56248700.0
2019-09-16,24.90787696838379,24.942971646228028,24.74995426489741,24.78504894274165,36693600.0
2019-09-17,24.9341983795166,24.9341983795166,24.73240899887187,24.820144021493256,40868800.0
2019-09-18,25.021934509277344,25.083348525807775,24.76750309975819,24.837690786279605,57268900.0
2019-09-19,24.90787696838379,25.153534693074416,24.899103298922732,25.0043856590491,42335000.0
2019-09-20,24.761497497558594,25.043679536879754,24.743860699616615,24.94668051207412,82921100.0
2019-09-23,24.805591583251953,24.876137103811775,24.59395502157248,24.638047023133545,35827300.0
2019-09-24,24.567495346069336,24.929041258578884,24.4969498431879,24.87613086996471,61659700.0
2019-09-25,24.77031707763672,24.81440739265637,24.52340694048863,24.620407651857114,53544400.0
2019-09-26,24.655672073364258,24.761491151960378,24.620400168457017,24.735035961827048,53107500.0
2019-09-27,24.752674102783203,24.946675477114642,24.620401508790042,24.858493187140105,73386900.0
2019-09-30,24.690946578979492,24.840855964772214,24.673309784900994,24.814400773654466,30608000.0
2019-10-01,24.17067527770996,24.823221584636173,24.17067527770996,24.80558478884258,54786200.0
2019-10-02,23.676856994628906,24.029584504174252,23.62394828868146,24.020766106193438,78141700.0
2019-10-03,23.773860931396484,23.773860931396484,23.324134314812174,23.641588298169463,81128700.0
2019-10-04,24.214765548706055,24.23240234447303,23.782674144039724,23.800310939806696,40697200.0
2019-10-07,24.0913143157959,24.311769244281496,24.06486080081771,24.117769512711714,36922900.0
2019-10-08,23.61513328552246,23.862041736730106,23.59749648702544,23.853223337481595,60008900.0
2019-10-09,23.835586547851562,23.95022236616034,23.747404243493815,23.765041040752877,45131000.0
2019-10-10,24.08249855041504,24.258863185265284,23.897317197566313,23.897317197566313,54305400.0
2019-10-11,24.382314682006836,24.68213351841552,24.373496283060977,24.461678590581936,78702500.0
2019-10-14,24.417585372924805,24.470494078367988,24.27649437045137,24.30294788220425,35821000.0
2019-10-15,24.77031707763672,24.920226503416323,24.461679826686037,24.558680538054517,65130200.0
2019-10-16,24.70858383178711,24.83203802875408,24.646856733303622,24.770310930270593,44595200.0
2019-10-17,24.726219177246094,24.911400461845002,24.6644904004426,24.840854970292487,32013600.0
2019-10-18,24.78795051574707,24.884949532027022,24.655676224746035,24.655676224746035,40523700.0
2019-10-21,25.13185691833496,25.16713050730463,24.99076592633087,24.999584323573288,44145400.0
2019-10-22,25.061315536499023,25.228861747735426,24.981951630225865,25.08777073256927,50423000.0
2019-10-23,25.167139053344727,25.167139053344727,24.999592812719477,25.008411212956368,30615400.0
2019-10-24,25.13185691833496,25.237676003306674,25.034856230605662,25.193584017094587,33469600.0
2019-10-25,25.255321502685547,25.334685428570246,24.893775476738792,25.105412051785333,28330200.0
2019-10-28,25.387588500976562,25.502224315289258,25.343496509365906,25.352314907688037,50104600.0
2019-10-29,25.449316024780273,25.57277023944032,25.30822501318664,25.33467852664949,48458100.0
2019-10-30,25.431676864624023,25.502222363865442,25.255312275551784,25.449313659918722,51106700.0
2019-10-31,25.308223724365234,25.35231403251637,25.105403933832648,25.343495634498655,56795500.0
2019-11-01,25.678590774536133,25.705044289477733,25.449317447395728,25.502226159216555,42302300.0
2019-11-04,25.8990421295166,25.9431324362947,25.82849662950921,25.8990421295166,37319100.0
2019-11-05,25.99605369567871,26.119509641768065,25.934326563603136,25.978416891674776,39516100.0
2019-11-06,26.128318786621094,26.128318786621094,25.943137444082772,25.97840935992629,40179900.0
2019-11-07,26.322317123413086,26.481044930937312,26.22531642282883,26.287043529768802,61738600.0
2019-11-08,26.313501358032227,26.3223197573257,26.137136736038137,26.29586455944528,53808800.0
2019-11-11,26.24295425415039,26.29586296476496,26.11950003540387,26.154771948501054,19702400.0
2019-11-12,26.278230667114258,26.357594587595127,26.18123162803376,26.251777148245882,44640600.0
2019-11-13,26.11067771911621,26.19885832959774,25.969586724020964,26.075404129373734,43495400.0
2019-11-14,26.163591384887695,26.163591384887695,25.987226766594535,26.040137161245074,46158400.0
2019-11-15,26.234132766723633,26.27822307338855,26.154768869176873,26.251769562164554,30097000.0
2019-11-18,26.28704071044922,26.295859107914502,26.154768112344613,26.234132007594845,25440500.0
2019-11-19,26.339954376220703,26.428134997982912,26.26940886964841,26.348771092846885,30770900.0
2019-11-20,26.216495513916016,26.287041012511597,26.03131421082913,26.23413230904925,46719500.0
2019-11-21,26.190044403076172,26.313498616446815,26.10186210126678,26.269408306510872,37192700.0
2019-11-22,26.384048461914062,26.410503661390244,26.22532062893254,26.22532062893254,35195000.0
2019-11-25,26.551599502563477,26.586871426314147,26.41050844368462,26.419325163168715,50094100.0
2019-11-26,26.5251407623291,26.551595963069026,26.392868122505206,26.551595963069026,33516200.0
2019-11-27,26.63095474243164,26.639771459038407,26.507498844748813,26.59568114825439,31012300.0
2019-11-29,26.586862564086914,26.666226468494077,26.53395385512798,26.57804416560417,19444200.0
2019-12-02,26.4193172454834,26.68386416305196,26.392863731082855,26.630955452313284,52427800.0
2019-12-03,26.0489559173584,26.11950142925497,25.881409695877416,26.11068303002569,66912000.0
2019-12-04,26.295860290527344,26.366405791484958,26.057768594068868,26.075405389792625,41793900.0
2019-12-05,26.4193172454834,26.463409239380287,26.30468142522667,26.40168212986223,44933500.0
2019-12-06,26.77204704284668,26.860227668655693,26.701501533036893,26.71031993200532,40811300.0
2019-12-09,26.7103214263916,26.82495725551953,26.701503026929807,26.719138143915682,21627500.0
2019-12-10,26.719131469726562,26.77204185328083,26.569222080197413,26.639767576332467,37362100.0
2019-12-11,26.657407760620117,26.754408460866962,26.630954247416444,26.710318150902495,24490200.0
2019-12-12,27.17768096923828,27.257044871199227,26.67504404477727,26.69268084119914,68427500.0
2019-12-13,27.080678939819336,27.309952236222284,26.92195282563643,27.15122612203938,48135700.0
2019-12-16,27.17768096923828,27.35404556958205,27.15122745654295,27.30113518031643,45914900.0
2019-12-17,27.28350067138672,27.3716829735158,27.186499970850978,27.195318369257638,30911900.0
2019-12-18,27.168867111206055,27.371686940075772,27.168867111206055,27.371686940075772,39079700.0
2019-12-19,27.160043716430664,27.239407617058017,27.13359020417985,27.177680512556176,36946900.0
2019-12-20,27.191957473754883,27.369218240440983,27.15650430611762,27.298313595666528,97416000.0
2019-12-23,27.12990951538086,27.271718770402476,27.09445635637562,27.26285548065117,38293100.0
2019-12-24,27.191957473754883,27.2008207656642,27.121052828980428,27.18309418184557,12315900.0
2019-12-26,27.34262466430664,27.34262466430664,27.21854029254092,27.21854029254092,15891300.0
2019-12-27,27.271726608276367,27.395809319456646,27.25400002367914,27.386946027158032,19417400.0
2019-12-30,27.191957473754883,27.440122885215438,27.165367598026933,27.395808116168933,18819300.0
2019-12-31,27.280588150024414,27.289451441754284,27.138778863346577,27.174230339766016,15788100.0
2020-01-02,27.54647445678711,27.54647445678711,27.2983074110504,27.37807532966221,28843300.0
2020-01-03,27.25399398803711,27.369213381402403,27.11218472366454,27.191952646186582,51363600.0
2020-01-06,27.23626708984375,27.253993670308606,26.99696332506744,27.005826615299867,27956100.0
2020-01-07,27.059011459350586,27.21854564211921,27.059011459350586,27.17423087310016,39627500.0
2020-01-08,27.23626708984375,27.38693964279553,27.08559453689197,27.08559453689197,47966600.0
2020-01-09,27.4046688079834,27.457846863893806,27.324900878867833,27.43125868118856,27705300.0
2020-01-10,27.20081329345703,27.43125374829582,27.165360135558934,27.422390458821297,33458200.0
2020-01-13,27.386940002441406,27.41352987348787,27.191952686266664,27.262857318557458,27542700.0
2020-01-14,27.33376121520996,27.54647510635754,27.29830805476883,27.38693926537192,37575400.0
2020-01-15,27.183090209960938,27.28944800683208,27.094458994318288,27.200816791189432,41457300.0
2020-01-16,27.422395706176758,27.422395706176758,27.253996554936354,27.316037902630203,34444000.0
2020-01-17,27.502166748046875,27.564208102760624,27.39580893246607,27.502166748046875,38819400.0
2020-01-21,27.271726608276367,27.493303844241236,27.271726608276367,27.369219442560805,41276500.0
2020-01-22,27.35148811340332,27.422392744610146,27.316034952550034,27.360351403616644,27391000.0
2020-01-23,27.280588150024414,27.34262950163346,27.02355776135831,27.209683506685497,43072300.0
2020-01-24,26.934926986694336,27.289451899840092,26.76652951250018,27.289451899840092,58924900.0
2020-01-27,26.518362045288086,26.64244474887598,26.367689466431333,26.403142633456476,50289300.0
2020-01-28,26.828569412231445,26.94378881941398,26.6158554901637,26.660170256656986,34257900.0
2020-01-29,26.784250259399414,27.014690741070595,26.739935497366414,26.917197926498034,41167500.0
2020-01-30,27.121049880981445,27.13877646287324,26.52722291160555,26.544949493497338,51210000.0
2020-01-31,26.55381202697754,26.926061807285635,26.456319204146816,26.890610332756268,58958800.0
2020-02-03,26.739940643310547,27.00583264767752,26.722214058886046,26.739940643310547,40168200.0
2020-02-04,26.99696159362793,27.25399192238456,26.988099994463596,27.103319379096106,79273300.0
2020-02-05,27.537616729736328,27.56420660481156,27.298312925559337,27.36035596740155,51086900.0
2020-02-06,27.502166748046875,27.71488068870836,27.448986995006408,27.688290812188125,37044400.0
2020-02-07,27.4046688079834,27.484436737098967,27.289449405094203,27.351490752072994,27982500.0
2020-02-10,27.48443603515625,27.48443603515625,27.307173599315565,27.316036890157587,17723700.0
2020-02-11,27.581926345825195,27.70600901772781,27.555336477346227,27.555336477346227,27997400.0
2020-02-12,27.599653244018555,27.812367135840503,27.56420177396477,27.723737615456162,26964200.0
2020-02-13,27.59079360961914,27.652836648808425,27.431259437489445,27.511027368804275,22758700.0
2020-02-14,27.626245498657227,27.643972080463843,27.49329951610736,27.56420415283395,22080200.0
2020-02-18,27.386940002441406,27.617380480011434,27.22740415716217,27.54647584772064,37768900.0
2020-02-19,27.59079360961914,27.661698249621214,27.44898432961499,27.48443749486601,25643300.0
2020-02-20,27.537616729736328,27.723742474262888,27.351492675709803,27.49330196177764,50344300.0
2020-02-21,27.271726608276367,27.4667139673454,27.121054020200248,27.40467261175526,51128200.0
2020-02-24,26.385417938232422,26.642446655558917,26.261333535264303,26.41200612490403,70455400.0
2020-02-25,25.490243911743164,26.447457446542973,25.366161207945055,26.39427938641522,111826900.0
2020-02-26,25.30411720275879,25.897944204841217,25.30411720275879,25.658642098121422,95015700.0
2020-02-27,24.22281837463379,25.162305188113784,24.20509179369082,24.763467259895766,143536200.0
2020-02-28,23.56694984436035,23.797390322676186,23.017437674453397,23.398550708187283,192063500.0
2020-03-02,24.772335052490234,24.772335052490234,23.363103730906705,23.61126914721065,127115500.0
2020-03-03,23.84170913696289,25.038226493328143,23.602405327589825,24.692566562344876,256525000.0
2020-03-04,24.630523681640625,24.639385282474997,23.753076435040644,24.160779383920428,124408000.0
2020-03-05,23.442869186401367,23.877160309439247,23.17697552359251,23.815118961933827,130265700.0
2020-03-06,22.645185470581055,22.902215792101742,22.184306254526074,22.379293550145505,160606600.0
2020-03-09,20.21670150756836,21.16505157113364,19.95967285684026,20.38510063835557,134165700.0
2020-03-10,21.404359817504883,21.422086401407597,20.243295619878346,21.1561944048672,149282300.0
2020-03-11,20.243295669555664,20.96120541437657,19.959677088416544,20.74849147852223,146915400.0
2020-03-12,18.054105758666992,19.684911921979914,17.99206274065834,18.559301357527442,161437500.0
2020-03-13,20.429412841796875,20.464865997736425,18.523849663033747,19.410158275528183,160945700.0
2020-03-16,17.628681182861328,18.913829596594745,16.777825561175643,17.150075318288092,110661600.0
2020-03-17,18.585895538330078,18.780884562659203,17.318475332690443,18.036385010947846,122295100.0
2020-03-18,17.008264541625977,17.770488879252728,16.201723754399026,17.415965734949623,145056400.0
2020-03-19,17.380510330200195,17.628675629769024,16.05104757222668,16.65373762632123,105652800.0
2020-03-20,16.760101318359375,17.655273518476676,16.547387383257256,17.566642289559105,157840900.0
2020-03-23,15.784933090209961,16.625128201368778,15.632982928668834,16.48211648519291,144547900.0
2020-03-24,17.74241065979004,17.840730162219074,16.60725351990408,16.723449915441797,158551100.0
2020-03-25,18.225078582763672,18.975891199178946,17.331254201777366,18.001622487517096,162949600.0
2020-03-26,19.36917495727539,19.50324827728501,18.43959675618381,18.46641210211964,129753900.0
2020-03-27,18.779245376586914,19.3691691723051,18.36808538587876,18.582604679625604,109305600.0
2020-03-30,19.13677978515625,19.244039460579415,18.412782516762658,18.80606572020133,67297200.0
2020-03-31,18.609426498413086,19.172536908732965,18.448537809750263,18.958017520625866,83819900.0
2020-04-01,17.47426414489746,17.822856776433753,17.313377205151326,17.62621434201981,79185000.0
2020-04-02,17.912242889404297,18.05525466576069,17.304441987472195,17.36700942652376,68398300.0
2020-04-03,17.554706573486328,18.001618669184733,17.304436890989205,17.74241054019352,68418100.0
2020-04-06,18.81499481201172,18.966944962578985,18.296576952105873,18.430651918067703,69015100.0
2020-04-07,19.002702713012695,19.860773127434218,18.993764266424844,19.842897939092875,70950900.0
2020-04-08,19.83396339416504,19.959098261342298,19.074212333085903,19.28872997889036,80003400.0
2020-04-09,20.89760971069336,21.147881108395673,20.31662430317721,20.35237809063515,147845500.0
2020-04-13,20.137866973876953,20.852925905263387,19.959101388612858,20.83504900576998,66236300.0
2020-04-14,20.227243423461914,20.683094027004966,19.85183714435791,20.620526597960062,96169000.0
2020-04-15,19.351293563842773,19.5389975321123,19.25297406125813,19.422799431556317,63482000.0
2020-04-16,19.011646270751953,19.34236035924092,18.82394225161282,19.306608268112168,68907600.0
2020-04-17,20.012723922729492,20.128922027096255,19.592627149239423,19.753515783079916,88698600.0
2020-04-20,19.66412925720215,19.98590646332146,19.44067324291576,19.61943873627851,59063100.0
2020-04-21,19.029521942138672,19.40492654654965,18.958014354820715,19.065274030962936,71957900.0
2020-04-22,19.23509979248047,19.476432768253062,19.1904075535404,19.422802081524978,47507800.0
2020-04-23,19.15465545654297,19.539000187040298,19.127840113193876,19.288728763619233,71740200.0
2020-04-24,19.43174171447754,19.512186044641464,19.065273856990643,19.360235832646797,33825300.0
2020-04-27,20.093168258666992,20.200427916273643,19.59262716778294,19.628379250428875,109435100.0
2020-04-28,20.307687759399414,20.852921135387295,20.262997225723343,20.700970934120242,46452300.0
2020-04-29,20.89760971069336,21.147881108395673,20.718845887906923,20.933363498151298,70064400.0
2020-04-30,20.370256423950195,20.700970457135917,20.271935206326827,20.477514384235196,56745700.0
2020-05-01,19.71776008605957,19.941216121456367,19.583686805788346,19.887587150314726,37534300.0
2020-05-04,19.53899574279785,19.56580937521345,19.163589545471574,19.458551435882633,50177200.0
2020-05-05,19.47642707824707,19.914400662898924,19.47642707824707,19.807141025613078,65123000.0
2020-05-06,19.05633544921875,19.708826835417444,19.03845855251434,19.65519785013891,63738400.0
2020-05-07,19.503244400024414,19.82502166794573,19.306603683424953,19.306603683424953,61339000.0
2020-05-08,19.92334747314453,19.950161115098464,19.673076017620655,19.878655228496616,42218300.0
2020-05-11,19.53899574279785,19.708821097544014,19.431736098632825,19.64625368212867,54994900.0
2020-05-12,19.029521942138672,19.690951781317327,19.011645045309184,19.619445898834087,62202700.0
2020-05-13,18.466411590576172,18.895446884656025,18.323399825882888,18.86863324429773,86848300.0
2020-05-14,18.940141677856445,18.958016872224835,17.956934384527354,18.14463671165753,103763100.0
2020-05-15,18.81499481201172,18.975883407298706,18.59153880852068,18.761365848527394,70285000.0
2020-05-18,19.780332565307617,19.93228277645735,19.378112621559282,19.51218593614206,79548500.0
2020-05-19,19.297664642333984,19.762453636167347,19.288726195740914,19.66413242847796,56673200.0
2020-05-20,19.726707458496094,19.84290560418989,19.601572567596644,19.619449467678002,50402600.0
2020-05-21,19.66412925720215,19.85183149088235,19.556869620217682,19.66412925720215,49939900.0
2020-05-22,19.59263038635254,19.682013164902322,19.39598963741078,19.65519781988698,37584500.0
2020-05-26,20.611591339111328,20.82610900252558,20.316629338812376,20.334506236972274,108349200.0
2020-05-27,21.505414962768555,21.541168757714555,21.04062756231399,21.532230308978054,121521200.0
2020-05-28,21.16575813293457,21.75568199096109,21.103190709330914,21.74674354404136,101590100.0
2020-05-29,20.924428939819336,21.11213294918702,20.709911289709652,20.91549049129376,86969000.0
2020-06-01,21.16575813293457,21.264079344217134,20.861857757001584,21.00486949804835,52619200.0
2020-06-02,21.335586547851562,21.487536745312358,21.18363635039077,21.353461737973483,52572800.0
2020-06-03,22.13109016418457,22.22941138402713,21.755683885044746,21.8093128663977,77622900.0
2020-06-04,22.613754272460938,22.613754272460938,21.916572404486764,22.095336242885587,97575100.0
2020-06-05,23.453948974609375,23.981305437814804,23.3735046527757,23.93661490561144,135859300.0
2020-06-08,23.90086555480957,23.9544945443804,23.570151463482144,23.838298116171128,80298400.0
2020-06-09,23.391382217407227,23.596961399164744,23.167926140322646,23.337753236260607,92833100.0
2020-06-10,22.515432357788086,23.382441228923508,22.49755546440359,23.257306384900808,110848900.0
2020-06-11,20.674156188964844,21.77356142044043,20.63840410195686,21.451784113195416,233116600.0
2020-06-12,21.299833297729492,21.505412480435,20.7545999215818,21.505412480435,127502900.0
2020-06-15,21.59479522705078,21.66630110376944,20.522205371436275,20.566897609907052,92469500.0
2020-06-16,21.934452056884766,22.452870151624023,21.40709551337684,22.452870151624023,108121300.0
2020-06-17,21.60373878479004,21.99702205218531,21.567984985556386,21.99702205218531,56320900.0
2020-06-18,21.576915740966797,21.78249660357954,21.326646054918136,21.3892134764303,61206500.0
2020-06-19,21.43390464782715,21.99701486800157,21.192571696323828,21.988076421112435,99903900.0
2020-06-22,21.327760696411133,21.480680185469375,21.165847457152136,21.30077601438948,47929500.0
2020-06-23,21.426708221435547,21.786518264455655,21.408717290357135,21.651589712786816,47218900.0
2020-06-24,20.671104431152344,21.156849232725012,20.608137893698732,21.14785376798743,90217500.0
2020-06-25,21.219820022583008,21.26479563957447,20.563166406532755,20.59914655698396,110208900.0
2020-06-26,20.311298370361328,20.92297636580107,20.25732728714894,20.86000981610165,123959100.0
2020-06-29,20.536182403564453,20.671110985995334,20.356276483183272,20.52718693597439,69107100.0
2020-06-30,20.815032958984375,20.958956994643827,20.410247252083348,20.4282364697584,60653100.0
2020-07-01,20.6351318359375,21.003937446534696,20.572165275451653,20.90498901393688,60500300.0
2020-07-02,20.662111282348633,21.165847069858206,20.61713566932905,21.093885059601075,50841900.0
2020-07-06,21.05790138244629,21.282782859589634,20.940963769243933,21.120867921532902,60271700.0
2020-07-07,20.626131057739258,20.89598816626428,20.572159979176185,20.88699270055216,43810900.0
2020-07-08,20.84202003479004,20.895991120984696,20.54517648715459,20.617138507317428,53046100.0
2020-07-09,20.401248931884766,20.87799658993321,20.23033852005307,20.833020978471524,71163700.0
2020-07-10,21.10287857055664,21.12986496748845,20.392253941782055,20.392253941782055,94440600.0
2020-07-13,21.192832946777344,21.507667402801793,21.066899850651467,21.372738840422674,102487100.0
2020-07-14,21.300777435302734,21.363743985166497,20.913980953899834,21.102880603491126,102468300.0
2020-07-15,21.723548889160156,21.822497281481294,21.489671962761633,21.813501817114883,90561800.0
2020-07-16,21.723548889160156,21.94843035119227,21.453691821005382,21.534649284593694,74678500.0
2020-07-17,21.54364585876465,21.786516546331487,21.534650393934843,21.768527332381357,47033200.0
2020-07-20,21.444700241088867,21.57063333361111,21.36374276283608,21.426709309097202,40127600.0
2020-07-21,21.867475509643555,21.97541937927421,21.56163654735123,21.588622943686296,46491300.0
2020-07-22,21.867475509643555,21.885466440533598,21.68757134787193,21.7595333557225,44437400.0
2020-07-23,21.885473251342773,22.011406375344546,21.75054465909657,21.82250668934189,49916100.0
2020-07-24,21.831493377685547,22.020392987719063,21.759531376380952,21.903455378990138,41245600.0
2020-07-27,21.651592254638672,21.75054067147665,21.462692603267797,21.73254973828614,43060200.0
2020-07-28,21.597618103027344,21.69656650581058,21.49866970024411,21.57063170707476,35370500.0
2020-07-29,22.00240707397461,22.029393474006497,21.525659350046766,21.561639501046113,36491600.0
2020-07-30,21.60661506652832,21.651590680524954,21.327760769478164,21.58862413464579,53994600.0
2020-07-31,21.61561393737793,21.64259862374268,21.32776412904418,21.59762300266145,50115900.0
2020-08-03,21.678577423095703,21.849487847278294,21.55264261362498,21.705562105638933,42982100.0
2020-08-04,21.588623046875,21.624604908827074,21.47168542694999,21.588623046875,30754400.0
2020-08-05,21.885473251342773,21.93944434509923,21.70556731787441,21.732553722607705,34860700.0
2020-08-06,21.876474380493164,21.966427333236318,21.723554875542767,21.813507828285918,33115400.0
2020-08-07,22.344223022460938,22.362213951852144,21.72354968413995,21.76852700761797,63302800.0
2020-08-10,22.50613784790039,22.58709531406409,22.37120930953071,22.4701559892901,45436100.0
2020-08-11,22.76700210571289,23.135807620779538,22.713031027234994,22.92891705685623,73758600.0
2020-08-12,22.70403289794922,23.18078222975011,22.54211796580139,23.171786765107516,58793600.0
2020-08-13,22.56011199951172,22.722026953940148,22.425183442724588,22.533125601870417,35222500.0
2020-08-14,22.65006446838379,22.758006625269644,22.425182973210337,22.452167654576975,28276900.0
2020-08-17,22.272268295288086,22.587102799629243,22.263272827654337,22.56911186436174,53397000.0
2020-08-18,22.128339767456055,22.344225799856886,22.110348835828567,22.290254720684096,35502500.0
2020-08-19,22.119342803955078,22.43417722328017,22.05637626323197,22.209295740292184,59847200.0
2020-08-20,21.912452697753906,22.038385781765495,21.84948615574811,21.867475370814343,45586100.0
2020-08-21,21.867475509643555,22.065372318014823,21.795513501792986,21.876470975088576,35349200.0
2020-08-24,22.389198303222656,22.389198303222656,21.939435369268264,21.993408156653583,51010900.0
2020-08-25,22.45216941833496,22.64107078128906,22.30824538737459,22.57810423220762,55236900.0
2020-08-26,22.344223022460938,22.452165167389264,22.26326555590996,22.3981940949251,30646600.0
2020-08-27,22.72202491760254,22.829967067074644,22.326233032882588,22.326233032882588,66463900.0
2020-08-28,22.811979293823242,22.89293676889672,22.623077946748584,22.88394130325415,49170600.0
2020-08-31,22.5421199798584,22.793987865226224,22.5421199798584,22.793987865226224,52259000.0
2020-09-01,22.605087280273438,22.6860447562953,22.353221102169563,22.425183112443477,42036100.0
2020-09-02,22.928916931152344,23.00987440628018,22.533125021161787,22.596093280702043,48432500.0
2020-09-03,22.578102111816406,23.396670604419946,22.434178094372463,23.063845241762312,98405500.0
2020-09-04,22.74901580810547,23.108825903628023,22.389203996873047,22.982891083412728,111105500.0
2020-09-08,22.16431999206543,22.578102842387974,22.083362515169924,22.524131763027533,84687600.0
2020-09-09,22.389198303222656,22.551113233959747,22.227283372485566,22.37120908980365,52321200.0
2020-09-10,22.074371337890625,22.614085625820273,22.029394003423235,22.461166120050905,55515300.0
2020-09-11,22.22728729248047,22.344226636729264,22.03838765044589,22.110349663941406,69285700.0
2020-09-14,22.533126831054688,22.731023659800144,22.36221811713242,22.425184666020602,51021000.0
2020-09-15,22.22728729248047,22.596094541818438,22.209298075888892,22.578103609517125,48459900.0
2020-09-16,22.479156494140625,22.73102441375724,22.22728857452401,22.27226590787153,62119900.0
2020-09-17,22.245281219482422,22.38020979848713,22.110352640477714,22.173319196299246,47334200.0
2020-09-18,22.20030403137207,22.42518555240994,22.155326697738587,22.245279649295707,61707200.0
2020-09-21,21.644054412841797,21.861127878738394,21.309398408034614,21.73450212158535,72307300.0
2020-09-22,21.46315574645996,21.797811700610012,21.282262081501425,21.58978320959186,84561500.0
2020-09-23,20.98378562927246,21.662140745841878,20.98378562927246,21.508380183746958,54282500.0
2020-09-24,21.029016494750977,21.327492788896404,20.748630091195434,20.992836713571204,56512300.0
2020-09-25,21.24608612060547,21.318443944584274,20.830029064014,20.875252057070774,46026600.0
2020-09-28,21.75259017944336,21.906350766029902,21.544561657928202,21.544561657928202,62803500.0
2020-09-29,21.481245040893555,21.725453293288286,21.363664248155118,21.689273526201845,53250800.0
2020-09-30,21.77067756652832,21.951572962382887,21.562649068898015,21.571694011205377,66732200.0
2020-10-01,21.80685806274414,22.0058416247007,21.635007603467873,21.86112599325113,65766100.0
2020-10-02,21.978708267211914,22.105335747061254,21.463158580040123,21.517428239324065,63368100.0
2020-10-05,22.340499877929688,22.41285770103029,22.1324696270122,22.186739288197586,58911700.0
2020-10-06,22.114383697509766,22.684201396305895,22.032980922660784,22.5304407910519,88404900.0
2020-10-07,22.485210418701172,22.593746266134932,22.32240492240434,22.32240492240434,53815200.0
2020-10-08,22.792734146118164,22.847002076067792,22.55757081614125,22.611838746090882,57646300.0
2020-10-09,22.819866180419922,22.94649364457069,22.638972514005886,22.919358818292743,52031600.0
2020-10-12,23.073123931884766,23.145481757743244,22.801780791055492,22.801780791055492,45931400.0
2020-10-13,22.629926681518555,23.07311847574269,22.55756887277066,23.000760666994793,60377800.0
2020-10-14,22.412858963012695,22.729423378685745,22.385724130892143,22.648022332617447,48982200.0
2020-10-15,22.584699630737305,22.593744571536085,22.168642704869754,22.204820742918816,41637200.0
2020-10-16,22.60279655456543,22.74751220214207,22.49426068145625,22.629931385416025,40103600.0
2020-10-19,22.25908851623535,22.69323528719873,22.222908756082113,22.684190347160417,42989000.0
2020-10-20,22.439983367919922,22.70228146792788,22.39476039040283,22.40380533093545,67293900.0
2020-10-21,22.322410583496094,22.548529002331918,22.322410583496094,22.403813352288722,44307200.0
2020-10-22,22.765602111816406,22.792736942693747,22.3043203377812,22.31336528140698,39511800.0
2020-10-23,22.837955474853516,22.982671094306234,22.65706008796449,22.910313284579875,45092700.0
2020-10-26,22.322410583496094,22.548529002331918,22.114382052202327,22.512349227247807,54015100.0
2020-10-27,21.915393829345703,22.313362676690762,21.897303944205838,22.313362676690762,46083300.0
2020-10-28,21.35462188720703,21.644053158292927,21.22799441224711,21.454112808426274,89288300.0
2020-10-29,21.517427444458008,21.671186297976337,21.029010879824053,21.300352265634167,60908400.0
2020-10-30,21.580738067626953,21.616916110224956,21.227992232705343,21.390797737262044,66221600.0
2020-11-02,21.987749099731445,22.087241731338285,21.67118304701112,21.942526117262627,65136000.0
2020-11-03,22.476165771484375,22.702284135935635,22.367628197483437,22.394763022270226,79834200.0
2020-11-04,22.2138671875,22.61183598385681,21.87921298102078,22.078196516626093,87397400.0
2020-11-05,22.75655174255371,22.919357238708333,22.403807650982824,22.403807650982824,65942300.0
2020-11-06,22.575658798217773,22.892224883199003,22.50330098380604,22.86509178101109,60783500.0
2020-11-09,24.429832458496094,24.818756387541963,24.113266349378772,24.402697629092952,162966800.0
2020-11-10,24.55645751953125,24.646905223177708,24.230848201609042,24.456966598151958,85851200.0
2020-11-11,24.456966400146484,24.710217898130473,24.312249040395923,24.692128012518346,65062400.0
2020-11-12,24.049949645996094,24.212755146217955,23.83287622074902,24.158485496046513,62733800.0
2020-11-13,24.447921752929688,24.547412674706397,24.212758412568125,24.27607128782961,45031800.0
2020-11-16,24.990602493286133,25.081050189934473,24.746395955025836,25.06296030557554,67556100.0
2020-11-17,24.954425811767578,24.99964879998693,24.53836707453458,24.71021753503167,63679700.0
2020-11-18,24.719261169433594,25.270990567270687,24.710216227239144,25.072005289285467,71578400.0
2020-11-19,24.8006649017334,24.82779972938646,24.438875825424564,24.592636398499117,47194800.0
2020-11-20,24.583585739135742,24.77352431309854,24.5293178215958,24.674033418466312,39974700.0
2020-11-23,25.04487419128418,25.117232009481626,24.773531079183915,24.90015855488929,51870500.0
2020-11-24,25.92221450805664,25.949349338438857,25.415709750281273,25.47902262935987,60983200.0
2020-11-25,25.83176612854004,25.849856014992277,25.524244959438068,25.777498194329844,45204600.0
2020-11-27,25.75035858154297,25.858896154949115,25.65086767482906,25.83176133031103,26981200.0
2020-11-30,25.216720581054688,25.668957333926265,25.171497595826054,25.596599522472665,72524200.0
2020-12-01,25.605648040771484,25.84081139212645,25.58755987924152,25.687050805669223,53972100.0
2020-12-02,25.886032104492188,25.93125508904134,25.52424132751384,25.56946603720927,57471800.0
2020-12-03,25.89507484436035,26.04883540420037,25.741314284520335,25.904119786132853,49566000.0
2020-12-04,26.211641311645508,26.25686602120822,26.048835807512287,26.06692569133737,52713100.0
2020-12-07,26.03074836730957,26.103106179460788,25.876987800844937,26.057881468649825,34631600.0
2020-12-08,26.021703720092773,26.085016590799427,25.78654039664925,25.78654039664925,31628500.0
2020-12-09,25.958391189575195,26.184509573717325,25.85889854850582,26.16641968895083,47589600.0
2020-12-10,26.003612518310547,26.03074734373013,25.678001513860554,25.759404264973053,41298300.0
2020-12-11,25.741315841674805,25.804630437912362,25.533287343761884,25.714182739862203,48216300.0
2020-12-14,25.442840576171875,26.085017703181098,25.424752416017427,26.085017703181098,38302900.0
2020-12-15,25.876989364624023,25.949347181147917,25.497110396586972,25.64182602963476,38604200.0
2020-12-16,25.92221450805664,25.940304394978117,25.79558874989944,25.92221450805664,55602800.0
2020-12-17,25.994571685791016,26.039796401972893,25.849856044302065,25.967436856081893,38510900.0
2020-12-18,25.768449783325195,26.03074792614443,25.614689219466474,26.03074792614443,56080100.0
2020-12-21,26.115814208984375,26.243120892438654,25.670245152894026,26.070348651293465,77688100.0
2020-12-22,25.8612060546875,26.17037672415254,25.84301913662486,26.134002888027254,42317900.0
2020-12-23,26.288585662841797,26.434077524375354,26.006695397920502,26.015788856066326,52681400.0
2020-12-24,26.32495880126953,26.352237440587896,26.106719280324093,26.343143982681855,16071000.0
2020-12-28,26.4522647857666,26.66140912264964,26.361331937521857,26.50682380095352,32824800.0
2020-12-29,26.361330032348633,26.57047435411649,26.334049659526855,26.561380896509235,23607000.0
2020-12-30,26.47954559326172,26.561383250179492,26.38861274353104,26.45226521802256,16616700.0
2020-12-31,26.806901931762695,26.843275766103698,26.37042632606992,26.44317226035205,26239300.0
2021-01-04,26.44316864013672,26.916018015434815,26.21583740982798,26.906924558094506,47086300.0
2021-01-05,26.561382293701172,26.679595514414135,26.29767894681803,26.4340773493024,35265400.0
2021-01-06,27.734413146972656,27.95265094393561,27.070606297743698,27.070606297743698,102254900.0
2021-01-07,28.134517669677734,28.42550140959116,28.079956917644044,28.143611128350017,64342700.0
2021-01-08,28.116329193115234,28.280007971339547,27.74350608022643,28.27091451317155,54266400.0
2021-01-11,28.20726203918457,28.252727595622794,27.725319162700316,27.843532384479378,56590400.0
2021-01-12,28.498249053955078,28.634647473420976,28.28910469514737,28.370944093706907,60546600.0
2021-01-13,28.480056762695312,28.55280268831345,28.27091244334313,28.452778124588306,55394700.0
2021-01-14,28.60736846923828,28.752862089307214,28.45278485831521,28.5619029053668,49828800.0
2021-01-15,28.134517669677734,28.36184893328509,27.92537158901505,28.189076687311527,68732700.0
2021-01-19,28.20726203918457,28.35275390106665,28.03448980279968,28.28000797012561,97457200.0
2021-01-20,28.089048385620117,28.298194451460432,27.989023816113647,28.298194451460432,56113100.0
2021-01-21,27.78897476196289,28.12542581441859,27.78897476196289,28.070866793674423,43713800.0
2021-01-22,27.58892250061035,27.698040536710376,27.461617547027018,27.507083106335376,37928000.0
2021-01-25,27.388864517211914,27.425236608357494,27.04332011213185,27.31611860052129,68321500.0
2021-01-26,27.170629501342773,27.534360879016234,27.152444319978898,27.497987047488987,55504600.0
2021-01-27,26.370426177978516,26.82508869828849,26.315867161173284,26.79780832268594,84059200.0
2021-01-28,26.86146354675293,27.170632476590495,26.62503881913602,26.706878214634177,62985900.0
2021-01-29,26.32495880126953,26.86146067692758,26.206745582890772,26.788713013679267,78260700.0
2021-02-01,26.670501708984375,26.706875540853044,26.38861144960125,26.615942695581136,41947400.0
2021-02-02,27.31612205505371,27.452520449298316,26.97057760627438,26.979671063810642,54263000.0
2021-02-03,27.470705032348633,27.47979848968707,27.225188621809398,27.27974763144038,46195200.0
2021-02-04,28.079952239990234,28.089045697147697,27.552543865654656,27.561637322812118,63061800.0
2021-02-05,28.089048385620117,28.30728617508848,28.02539591382515,28.280007535404792,38461900.0
2021-02-08,28.45277976989746,28.45277976989746,28.179981232254857,28.179981232254857,48756300.0
2021-02-09,28.461872100830078,28.55280494865122,28.261821223143407,28.36184752918665,33572000.0
2021-02-10,28.461872100830078,28.643737796472365,28.325473696298268,28.607363963583982,38899600.0
2021-02-11,28.370939254760742,28.58917703556355,28.179980112558464,28.480057277962292,31909500.0
2021-02-12,28.661924362182617,28.689203002115285,28.31637989157063,28.34366026590309,38271800.0
2021-02-16,29.152963638305664,29.28936032054506,28.82560605085121,28.95291100846129,71330600.0
2021-02-17,29.2984561920166,29.334826560175518,28.962005137746516,29.06202972058356,60460900.0
2021-02-18,29.125682830810547,29.280269906829506,28.889259823064013,29.089310727464945,45188200.0
2021-02-19,29.471220016479492,29.571246310983682,29.280262619043803,29.316636447736094,54361800.0
2021-02-22,29.744016647338867,29.85313813287742,29.362101854351565,29.371193577080174,65930200.0
2021-02-23,29.925880432128906,29.962254258345776,29.616709846883495,29.95315906739206,94331400.0
2021-02-24,30.507854461669922,30.589693854192067,29.953165631108693,29.971352548202475,66000600.0
2021-02-25,29.953166961669922,30.771560923245566,29.87132756551236,30.753374005343893,92189400.0
2021-02-26,29.38028907775879,29.99863029378684,29.27116759107202,29.907695721547864,103105700.0
2021-03-01,30.298709869384766,30.480575570028794,29.880421186063298,29.880421186063298,67590700.0
2021-03-02,30.189590454101562,30.43510861840848,30.16230834553442,30.2623346497483,49987000.0
2021-03-03,30.426015853881836,30.880678386553587,30.27143225779736,30.307806092923062,72541700.0
2021-03-04,30.080472946166992,30.63515828755963,29.643993889543857,30.344174562343955,101311800.0
2021-03-05,30.65334129333496,30.73518067241105,29.80766886581508,30.589688828364576,109299800.0
2021-03-08,31.044355392456055,31.444460618254787,30.75337166576587,30.88067661259287,90538200.0
2021-03-09,30.762468338012695,31.217130866434047,30.480576321623523,30.79883870399855,117224600.0
2021-03-10,31.38990020751953,31.508113431763288,30.85339830524363,30.90795905538683,73269300.0
2021-03-11,31.29896354675293,31.544481702903685,31.0443536672482,31.226219353522772,50904800.0
2021-03-12,31.61722183227539,31.780900564046856,31.517195555215206,31.662687375812215,68126000.0
2021-03-15,31.435359954833984,31.744530544236653,31.144376278784303,31.73543882195968,57836400.0
2021-03-16,31.108003616333008,31.308056201904012,30.862485480077456,31.271682373836708,67373600.0
2021-03-17,31.317157745361328,31.499023473930492,30.989803596497136,31.33534466509827,64051100.0
2021-03-18,31.4808349609375,32.09008460048983,31.371716916838608,31.635422036477674,96690500.0
2021-03-19,31.11710548400879,31.262597358694514,30.789747898765928,31.235315247391,98510500.0
2021-03-22,30.716144561767578,30.95361544420542,30.606539399865945,30.889680841850055,68170600.0
2021-03-23,30.2868595123291,30.743537130720178,30.177257859483888,30.533465844361128,70441900.0
2021-03-24,30.39645767211914,30.87140275876767,30.39645767211914,30.50606279654264,63357100.0
2021-03-25,30.907943725585938,30.953610794097205,30.14072512840503,30.37819597516803,60532600.0
2021-03-26,31.39202117919922,31.44682375236384,31.008413619568927,31.227616943879372,53779900.0
2021-03-29,31.118011474609375,31.318950734121838,30.79833854736099,30.953607259403466,71777800.0
2021-03-30,31.33721923828125,31.48335593591333,31.245881624652636,31.282416670104084,55011400.0
2021-03-31,31.099740982055664,31.40114984253618,31.081473461647157,31.273280683849876,51138300.0
2021-04-01,31.483356475830078,31.483356475830078,31.054078394848045,31.054078394848045,51690100.0
2021-04-05,31.729970932006836,31.88523969131932,31.629501271663628,31.821305086405395,51790700.0
2021-04-06,31.666025161743164,31.812165348011327,31.556423506215854,31.65689314218831,41336800.0
2021-04-07,31.8212947845459,31.89436138757516,31.60208800711107,31.757360200330226,38660800.0
2021-04-08,31.83042335510254,31.86695839474601,31.483350931008975,31.702554200523526,39927400.0
2021-04-09,32.10443878173828,32.122702820864795,31.866964463007832,32.049636211837296,40133700.0
2021-04-12,32.24143981933594,32.25057532302742,32.095303117836394,32.16837321067306,44435500.0
2021-04-13,31.940034866333008,32.095303589632664,31.766495135381806,32.05876854267727,39950900.0
2021-04-14,32.131839752197266,32.36017857733558,31.812166790673217,31.857833858866087,44065300.0
2021-04-15,32.10443878173828,32.24143998023002,31.803029873543593,32.204904933629365,55483500.0
2021-04-16,32.33277893066406,32.451512610753994,32.186642222406185,32.38757801865204,39115700.0
2021-04-19,32.24143981933594,32.41497954773613,32.13183816425473,32.3236419316903,31172300.0
2021-04-20,31.638629913330078,32.067908058325756,31.529028242926138,32.04964053256271,50227700.0
2021-04-21,32.077030181884766,32.104433204161374,31.437680914144167,31.529018514777512,39680000.0
2021-04-22,31.72083282470703,32.086176380689565,31.66603024605734,32.04050930723534,43611200.0
2021-04-23,32.31450653076172,32.45150771423389,31.66602171930243,31.720824283195356,50437700.0
2021-04-26,32.442378997802734,32.74378441945865,32.40584395148875,32.43324349413734,43749700.0
2021-04-27,32.698116302490234,32.74378336682774,32.414978413093486,32.488045019198765,50852400.0
2021-04-28,32.825992584228516,32.91733021685485,32.72552641460119,32.825992584228516,35771700.0
2021-04-29,33.41054916381836,33.437948716589894,33.05433755691306,33.081740593859664,48573000.0
2021-04-30,33.11825942993164,33.34659823965977,33.06346034546808,33.22786456720623,43940900.0
2021-05-03,33.28266525268555,33.46533700608996,33.154796070554625,33.4014024150245,33317300.0
2021-05-04,33.54753494262695,33.54753494262695,32.91732113025632,33.13652441970112,66939700.0
2021-05-05,33.8215446472168,33.94941382798018,33.648008399634186,33.648008399634186,38954200.0
2021-05-06,34.323890686035156,34.33302270515778,33.75760794357032,33.958547206004525,43332900.0
2021-05-07,34.506561279296875,34.51569678321197,33.848947848539154,33.93114996290561,64616700.0
2021-05-10,34.47916030883789,34.944969948185744,34.45176076657441,34.68923159592996,56341100.0
2021-05-11,33.86720657348633,34.44261774038563,33.73933394111351,34.13207688725473,82723700.0
2021-05-12,33.5201416015625,34.25995719547389,33.38313690719234,34.13208800562126,97911900.0
2021-05-13,34.05901336669922,34.26908462685035,33.37399702457336,33.39226454513084,66882600.0
2021-05-14,34.597904205322266,34.68923835344171,34.21429311803688,34.25082817095442,44850200.0
2021-05-17,34.66183090209961,34.69836594668627,34.3512899914602,34.48829118239976,40376700.0
2021-05-18,34.177757263183594,34.75317213852312,34.15949322132778,34.634434961414314,40299200.0
2021-05-19,33.96768569946289,33.98595322536363,33.41967385913801,33.78501740880414,63573900.0
2021-05-20,33.98594665527344,34.223420961900686,33.74847583281982,34.02248170001204,59216100.0
2021-05-21,34.323890686035156,34.506558941876825,34.10468390118205,34.122951423600945,44950300.0
2021-05-24,34.48830795288086,34.57051010108613,34.296504101793666,34.47004390587997,29159600.0
2021-05-25,34.14122009277344,34.79883350107374,34.09555302727913,34.53396312753725,38755900.0
2021-05-26,34.24169921875,34.396967981304016,33.995092815715914,34.26909876880666,38601900.0
2021-05-27,34.63442611694336,34.72576372376954,34.3512882462158,34.55222749705996,39789500.0
2021-05-28,34.698368072509766,34.78970220539847,34.4426262289085,34.78970220539847,39265000.0
2021-06-01,34.9084358215332,35.145906633439715,34.81709821374341,35.04543700695768,35710700.0
2021-06-02,34.963233947753906,35.05457155305075,34.771430202890606,35.01803651093201,37537500.0
2021-06-03,35.045448303222656,35.25551964259166,34.74404281079743,34.853644491299825,54877500.0
2021-06-04,35.13676834106445,35.164167876422454,34.82622749837329,35.091097803237304,27250900.0
2021-06-07,34.9084358215332,35.191573695247875,34.84450123816709,35.191573695247875,37401800.0
2021-06-08,34.81710433959961,34.926709488231715,34.46089631698048,34.716634695440554,47747700.0
2021-06-09,34.48830795288086,34.725782373996225,34.39697378117514,34.68011528814337,40776200.0
2021-06-10,34.0864143371582,34.87190033325584,34.059014797257774,34.78056621080545,53775500.0
2021-06-11,34.30562210083008,34.32388962268305,34.14121788832689,34.15034990716661,40416700.0
2021-06-14,33.94941711425781,34.296493127193585,33.748481303968006,34.24169403537555,50613400.0
2021-06-15,34.01334762573242,34.18688385149477,33.79414085471956,33.95854506193585,51315100.0
2021-06-16,33.97682189941406,34.20516075158193,33.55667924762703,33.90375179431664,84961100.0
2021-06-17,32.97212600708008,34.16862274323821,32.87165984752363,34.15035521854411,97659900.0
2021-06-18,32.17750930786133,32.64332249829043,32.13184223613818,32.533717345145796,180960000.0
2021-06-21,32.92851257324219,32.94685245984035,32.44251782130576,32.497533983124555,89831400.0
2021-06-22,32.9835319519043,33.111907659021554,32.671760878344244,33.00187183834614,42576400.0
2021-06-23,33.04771041870117,33.20359416221666,32.9651827021416,33.011030656235874,48094900.0
2021-06-24,33.460350036621094,33.54287775573373,33.084391204657926,33.240274952995804,42942800.0
2021-06-25,33.86381530761719,33.955511214216074,33.442008540502925,33.634572043145354,56845000.0
2021-06-28,33.616249084472656,33.82715257419749,33.423685484894726,33.799644487965324,70250700.0
2021-06-29,33.49702835083008,33.973854812867245,33.405332434196964,33.79045948162603,61051200.0
2021-06-30,33.64374542236328,33.717104957333866,33.38699404591654,33.39616223880029,42414100.0
2021-07-01,33.909671783447266,33.92801166897134,33.63458049653719,33.808804162052624,36615600.0
2021-07-02,33.872989654541016,33.94634919153083,33.73544576964799,33.90966942303592,27018400.0
2021-07-06,33.341148376464844,33.80880320112251,33.12107325440657,33.7904633161197,49225300.0
2021-07-07,33.387001037597656,33.4603605879307,33.06606174983028,33.139417802187445,43747100.0
2021-07-08,32.71760177612305,33.04771266479742,32.56171452403796,32.85514914572901,75084200.0
2021-07-09,33.66208267211914,33.70793062890067,33.09356031248339,33.19442791618769,70546500.0
2021-07-12,33.9921989440918,34.05638679335209,33.31364068106141,33.46035626479572,62953400.0
2021-07-13,33.62540054321289,33.93717152457071,33.49702487406108,33.88215537949115,44476200.0
2021-07-14,33.46952819824219,33.86382702945681,33.102737448934136,33.64375188027681,69632700.0
2021-07-15,33.57956314086914,33.79046659188402,33.13941635205864,33.13941635205864,53977600.0
2021-07-16,33.12107849121094,33.753792380932836,33.04772243757672,33.753792380932836,56160700.0
2021-07-19,32.19493103027344,32.653417650475625,32.00236748930259,32.479190496094596,89972200.0
2021-07-20,32.992706298828125,33.21278147919564,32.09407268344872,32.15826054897751,70635800.0
2021-07-21,33.561222076416016,33.726277553675075,33.2311146198735,33.25862270009147,59975000.0
2021-07-22,33.19443130493164,33.52454222421876,33.05688392257026,33.44201449439698,35292300.0
2021-07-23,33.249446868896484,33.60706935708869,33.15775094760116,33.515369937818186,36766900.0
2021-07-26,33.442012786865234,33.506200629229745,33.16691803618867,33.18525791943211,25396000.0
2021-07-27,33.43284606933594,33.57956165913211,33.02937907189036,33.18526285568448,38988400.0
2021-07-28,33.387001037597656,33.59790449784134,33.157757689770705,33.55205652787113,42908200.0
2021-07-29,33.7537841796875,33.90049974928402,33.46035304049445,33.60706861009098,41434200.0
2021-07-30,33.48786544799805,33.90967232789768,33.40533771080242,33.662089116310796,52385300.0
2021-08-02,33.49702835083008,34.102230495343605,33.45118039251352,33.71710344791454,47589900.0
2021-08-03,33.872989654541016,33.91884111414728,33.12107189027167,33.61623827102717,42169600.0
2021-08-04,33.588722229003906,33.946341142091654,33.405326927991766,33.55204246920659,52346400.0
2021-08-05,34.028873443603516,34.028873443603516,33.79045847073,33.799630160903924,37168200.0
2021-08-06,34.71660232543945,34.78079016297082,34.340643492195134,34.349811684138984,58081000.0
2021-08-09,34.808311462402344,34.97336696390389,34.47820045939924,34.670767543135135,48015600.0
2021-08-10,35.175086975097656,35.27595457089706,34.74410851958185,34.78078828132248,40907400.0
2021-08-11,35.57856369018555,35.58773538214202,35.11090884169717,35.27596431715791,48372100.0
2021-08-12,35.64274597167969,35.68859393037014,35.39516279718123,35.61523789606043,44566400.0
2021-08-13,35.376827239990234,35.71610633980956,35.29429951322606,35.67025838004616,43077200.0
2021-08-16,35.285133361816406,35.32181313457544,34.83581838843301,35.14758946093351,48011800.0
2021-08-17,35.03754806518555,35.303471154957776,34.689100738562054,35.04671975681932,52414800.0
2021-08-18,34.606571197509766,35.14758554247532,34.57905962201981,34.900002350917326,39550400.0
2021-08-19,34.34981918334961,34.60657408750428,34.129747548903396,34.23061517218106,48961300.0
2021-08-20,34.56071853637695,34.61573818746915,34.221439432912945,34.34981512081959,33898600.0
2021-08-23,34.84498977661133,34.99170538312013,34.734953946223726,34.734953946223726,28807400.0
2021-08-24,35.055877685546875,35.138405396208135,34.88165407325064,34.909162144146244,37677300.0
2021-08-25,35.468528747558594,35.68860038828511,35.07422993511661,35.14758948067589,47904800.0
2021-08-26,35.2943000793457,35.67025895219617,35.25762031175659,35.624407493722195,38484300.0
2021-08-27,35.761959075927734,35.77112726991487,35.33098050104514,35.34015219300785,38511100.0
2021-08-30,35.257625579833984,35.79863998969686,35.239285693299145,35.78030010316202,30096500.0
2021-08-31,35.211769104003906,35.47768864956376,35.08338992928124,35.2301054881323,49876200.0
2021-09-01,35.010040283203125,35.25762348978335,34.89083277678106,35.23928360433569,43976200.0
2021-09-02,35.129249572753906,35.2576252794283,34.9917021739024,35.092569799996745,29611500.0
2021-09-03,34.90916442871094,35.13840769577522,34.826636712648806,35.06505166926147,34847500.0
2021-09-07,34.69827651977539,35.0283875312684,34.69827651977539,35.0283875312684,39214900.0
2021-09-08,34.61573791503906,34.7807933690415,34.43234257748357,34.61573791503906,32523900.0
2021-09-09,34.71660232543945,35.04671320301492,34.54237519673307,34.56988676851422,33421000.0
2021-09-10,34.45985412597656,34.94584879685557,34.45068243521934,34.90916902977693,39350500.0
2021-09-13,34.85416030883789,34.90917997670909,34.606580548358046,34.70744469249092,40357300.0
2021-09-14,34.38649368286133,35.10173163211284,34.27645788250918,34.97335594870616,45670600.0
2021-09-15,34.71660232543945,34.79913004483332,34.33147180227648,34.36815156600149,36371300.0
2021-09-16,34.61573791503906,35.01920485928106,34.45985415180072,34.84498121248966,42630200.0
2021-09-17,34.45985412597656,34.78996153575893,34.368154708279974,34.56988992923735,82987200.0
2021-09-20,33.66047668457031,33.78940818359855,33.18158575023694,33.697315259469775,95008800.0
2021-09-21,33.61442565917969,34.00122010375514,33.53154063346789,33.87228862222999,45837600.0
2021-09-22,34.17620086669922,34.41564453998347,33.96438436372333,34.03805798891875,58347800.0
2021-09-23,35.01426315307617,35.1800332208609,34.45248720259679,34.50774506289828,71805000.0
2021-09-24,35.198448181152344,35.318168260743704,34.94058171122789,34.98663167904535,48066100.0
2021-09-27,35.677337646484375,35.77863843761911,35.44710186885975,35.51156760554511,58794500.0
2021-09-28,35.08793258666992,35.84310568812359,35.032678246102634,35.66812775446165,96152700.0
2021-09-29,35.115570068359375,35.27212874776848,34.949799988326205,35.19845510837596,49882500.0
2021-09-30,34.56298828125,35.327372626926675,34.55378039739111,35.318161229949176,73319300.0
2021-10-01,35.13399124145508,35.37343497372712,34.52616875309662,34.65510026379081,70444000.0
2021-10-04,34.830078125,35.5392049445823,34.77482025783456,35.078733257564195,69772700.0
2021-10-05,35.51156997680664,35.68654791476249,34.95900196573868,35.08793344771872,56058400.0
2021-10-06,35.548404693603516,35.57603537742017,34.93137446056842,35.189237422061375,63405900.0
2021-10-07,35.76022720336914,36.13781378604805,35.71417723150714,35.91678586571716,53295600.0
2021-10-08,35.93519973754883,36.06413120784948,35.6312868320238,35.7970568690158,38607500.0
2021-10-11,35.57603454589844,36.28516118654895,35.55761526149098,36.018086832319675,50748300.0
2021-10-12,35.46552276611328,35.70496997680204,35.373429846998945,35.52999202523693,58527700.0
2021-10-13,35.26291275024414,35.49314852921447,34.756394739133256,35.45630996143061,72105100.0
2021-10-14,35.85232162475586,35.861529511642736,35.31817284420331,35.658924382053634,51893500.0
2021-10-15,36.38646697998047,36.570656336240226,36.08255752830367,36.202281136840476,58411100.0
2021-10-18,36.39567565917969,36.60749217345173,36.21148631668936,36.312790630715014,56312700.0
2021-10-19,36.75484848022461,36.75484848022461,36.423308316434856,36.56145122238726,33082600.0
2021-10-20,37.049537658691406,37.049537658691406,36.589066143898144,36.69037043925168,44670200.0
2021-10-21,36.892982482910156,37.123218261855406,36.69958175862556,37.04033324091035,35067600.0
2021-10-22,37.4087028503418,37.47316857786889,37.031116369203666,37.067954931538765,41458200.0
2021-10-25,37.362667083740234,37.54685643494583,37.27057416469727,37.500809975424346,33121000.0
2021-10-26,37.39029312133789,37.62974032456938,37.335038776837976,37.45475886533416,41586900.0
2021-10-27,36.773258209228516,37.46396553319882,36.764046810895536,37.29819549439642,62449500.0
2021-10-28,37.224525451660156,37.242944738715956,36.89298882401515,36.920615998038954,44566600.0
2021-10-29,37.07716751098633,37.3442418520599,37.00349389010482,37.270568231178395,42092000.0
2021-11-01,37.09560012817383,37.41793243560738,36.94824932032775,37.33504738662394,37503800.0
2021-11-02,37.187686920166016,37.29819911906758,36.98507829458026,37.08638260737314,31436800.0
2021-11-03,37.325828552246094,37.46397144408332,36.99428842233249,37.06796556814425,42946800.0
2021-11-04,36.837738037109375,37.27979047198023,36.55224430259841,37.187697532135644,48279700.0
2021-11-05,36.85614776611328,37.28899219995505,36.736424164878834,37.132430027091615,57866300.0
2021-11-08,37.05876541137695,37.32583633785239,36.966668959902314,37.08639259025914,32864600.0
2021-11-09,36.85614776611328,36.9850792536952,36.61670056364439,36.86535565246076,48420400.0
2021-11-10,36.791683197021484,37.02191900737441,36.69958676500851,36.81931037006554,60695100.0
2021-11-11,36.892982482910156,37.012702558515876,36.6903738732402,36.846932516625756,31438900.0
2021-11-12,36.97587585449219,36.98508374195707,36.64433569583688,36.94824516585759,39218800.0
2021-11-15,36.97587585449219,37.16927310933446,36.90219870229324,37.07717666908577,30081100.0
2021-11-16,36.93903350830078,37.160057916099355,36.837729190926595,37.02191853950515,32599500.0
2021-11-17,36.51539993286133,36.88377511152289,36.41409561696554,36.88377511152289,53557200.0
2021-11-18,36.331214904785156,36.625916487986295,36.16544482509452,36.55223933562602,42990100.0
2021-11-19,35.93519973754883,36.14701622634548,35.65891751360185,36.01808475604483,71858100.0
2021-11-22,36.44172286987305,36.80089016293843,36.119394148691185,36.414095697520196,81965800.0
2021-11-23,37.01271057128906,37.040341259665226,36.52461173845618,36.68117392885462,61571200.0
2021-11-24,36.92982864379883,37.07717944611311,36.791689242759325,36.93904004507361,40410300.0
2021-11-26,35.704978942871094,35.92600340949601,35.29976507864503,35.76944470506341,76492200.0
2021-11-29,35.81548309326172,36.24832755297096,35.54840870267007,36.11939605768389,79316500.0
2021-11-30,34.959014892578125,35.53000239979507,34.90376053022344,35.382648065194026,121263700.0
2021-12-01,34.57221221923828,35.80627637798258,34.57221221923828,35.576040553687896,101946500.0
2021-12-02,35.603668212890625,35.79706546478109,34.76560994157869,34.894541442839,98076400.0
2021-12-03,35.02346420288086,35.74180219409268,34.747181981546646,35.64970577823524,97178200.0
2021-12-06,35.5576171875,35.89836518469674,35.29975421806673,35.57603647290516,69716600.0
2021-12-07,36.19306182861328,36.29436612807711,35.79705602877414,35.9720374598913,115475500.0
2021-12-08,35.999671936035156,36.35883924296258,35.90757901589161,36.211488462861084,53033200.0
2021-12-09,35.92599105834961,36.11018039262753,35.69575526878205,35.824690261960136,45521100.0
2021-12-10,35.962825775146484,36.18385365522523,35.73259001024399,36.17464225728251,38900900.0
2021-12-13,35.57603454589844,35.88915535458673,35.45631095380958,35.87994395582335,44343000.0
2021-12-14,35.78786087036133,36.0549352979002,35.49315926518749,35.520786442822455,51734400.0
2021-12-15,35.889156341552734,35.99966853791735,35.43789264395819,35.87994494253604,70424900.0
2021-12-16,36.34041976928711,36.598286267977436,36.1193953568322,36.30358119617139,71156600.0
2021-12-17,35.53920364379883,36.14702610789079,35.31817569634719,36.10097964349838,97654400.0
2021-12-20,34.84888458251953,35.03395637042003,34.43247394223111,34.98768930593259,85242300.0
2021-12-21,35.57065963745117,35.727971888072325,35.20051960237022,35.20051960237022,57667900.0
2021-12-22,35.73722839355469,35.76499145889964,35.41335538078941,35.468877981528216,49702700.0
2021-12-23,35.922298431396484,36.246171428221565,35.90379089872778,35.94080596406519,39057300.0
2021-12-27,36.29243850708008,36.29243850708008,35.84826835593682,36.03333660478358,36120300.0
2021-12-28,36.310951232910156,36.5422901070165,36.21841356529697,36.227669097033825,34055200.0
2021-12-29,36.26467514038086,36.48676197905742,36.218408078558824,36.38497232507861,27150500.0
2021-12-30,36.19990539550781,36.579301001175736,36.088863726274795,36.37572519590704,30089100.0
2021-12-31,36.1351318359375,36.31095164140497,36.06110523096524,36.12587983404764,28497800.0
2022-01-03,36.57929611206055,36.71810082751273,36.38497233438793,36.40347986511159,49884400.0
2022-01-04,37.541664123535156,37.66196130055253,36.98645235721707,37.00495988675438,74210200.0
2022-01-05,37.10675811767578,37.8470454210316,37.07899857928295,37.65271806242739,76288400.0
2022-01-06,37.652706146240234,37.68046920579818,37.15301696355173,37.49539743853005,57725200.0
2022-01-07,38.09687805175781,38.189415704695655,37.606440846014046,37.73599003017651,62185500.0
2022-01-10,37.967323303222656,38.36522632766367,37.56942027878164,38.33746680082592,73620000.0
2022-01-11,38.30045700073242,38.31896453114722,37.754497208322526,38.10613322630275,60706300.0
2022-01-12,38.32822036743164,38.55030722468616,38.14315210466219,38.402250496500095,51560600.0
2022-01-13,38.18015670776367,38.587315283820175,38.050607535363945,38.38373599579192,51659600.0
2022-01-14,37.782257080078125,37.81926860783344,37.3288314480611,37.56942226324654,81135500.0
2022-01-18,36.940185546875,37.56942749570519,36.70884669892127,37.53241596279512,82526700.0
2022-01-19,36.32019805908203,37.23630142317726,36.29243852772934,37.21779389229194,85975100.0
2022-01-20,36.0888671875,36.89392554406554,36.01483704761053,36.42199575709991,80314000.0
2022-01-21,35.34858322143555,36.04259989385921,35.20052647251655,35.940810217111526,117914300.0
2022-01-24,35.45036697387695,35.52439357098979,34.07158586189907,34.73784288566833,169153300.0
2022-01-25,35.59842300415039,35.85752138392096,34.47874029881899,35.05246318252621,97364900.0
2022-01-26,35.690956115722656,36.28318298403391,35.265293495367764,35.987069549878285,106682000.0
2022-01-27,35.3670768737793,36.40347370939903,35.135738073778015,36.03333021741701,91498900.0
2022-01-28,35.82975769042969,35.83900969008237,34.78410523216356,35.22827534444778,79753600.0
2022-01-31,36.14437484741211,36.17213437341695,35.36707634972744,35.579907618981,58740900.0
2022-02-01,36.64407730102539,36.73661497130167,36.005583260899385,36.19065507150076,64601500.0
2022-02-02,36.89391326904297,36.95868785491934,36.3942241108467,36.625562926105225,46649400.0
2022-02-03,36.48676300048828,37.014215285916535,36.43124040677717,36.88466609720793,50677000.0
2022-02-04,37.10675811767578,37.42137916261656,36.533038634531344,36.55154617011039,77792400.0
2022-02-07,37.217796325683594,37.45838718302204,36.940186874203555,37.153021728325136,52710400.0
2022-02-08,37.735992431640625,37.82853009046743,37.38435991795098,37.47689404682705,56921200.0
2022-02-09,37.97657775878906,38.226424083117266,37.84702859727442,37.939562704084906,67505300.0
2022-02-10,37.64345932006836,38.300460830715636,37.486147060786834,37.80076804939904,67260800.0
2022-02-11,37.11600112915039,37.97658182852106,36.89391430707558,37.523156184678875,77962800.0
2022-02-14,36.69960021972656,37.227052590021515,36.394234730059004,37.09750338046854,71521600.0
2022-02-15,37.19929504394531,37.393618868671666,37.0142232218458,37.14377243833004,55439600.0
2022-02-16,37.2270393371582,37.39360355584392,36.96794101029151,37.014208064382,41168800.0
2022-02-17,36.301692962646484,36.958694468357365,36.19990330092632,36.83840080446156,59107800.0
2022-02-18,36.29243850708008,36.59780394163769,36.10736672828274,36.264675445792605,47816500.0
2022-02-22,36.107364654541016,36.45900066106551,35.801995707570974,36.12587218435287,60719700.0
2022-02-23,35.47813034057617,36.48676798613838,35.385596201697524,36.375726313493786,64169800.0
2022-02-24,35.05246353149414,35.16350519107977,34.05307800537132,34.30292438690203,143075700.0
2022-02-25,36.181396484375,36.27393414683748,35.274548571947925,35.283804103169615,99127100.0
2022-02-28,35.644691467285156,35.87603032400693,35.27454788454999,35.32081494990418,107370200.0
2022-03-01,34.33068084716797,35.40409287364143,34.09934201792842,35.30230675393437,129873100.0
2022-03-02,35.219017028808594,35.42259275421178,34.59902726475664,34.617534790693234,88182500.0
2022-03-03,35.107975006103516,35.56140060713795,34.811861624593256,35.376328861206545,71952600.0
2022-03-04,34.450984954833984,34.4972520239961,34.05308180612782,34.488000022144114,105904100.0
2022-03-07,33.192501068115234,34.173379176920825,33.17399353436972,34.13636410942979,116046200.0
2022-03-08,32.99817657470703,33.93278406480014,32.840867836057626,33.33130511531877,114915000.0
2022-03-09,34.21038818359375,34.4972460809508,33.96054181721953,34.099343000793766,88716400.0
2022-03-10,33.923526763916016,34.14561359961544,33.54413121414031,33.64592086675461,71547300.0
2022-03-11,33.68294143676758,34.43247712869992,33.66443390326972,34.219645788401166,76788200.0
2022-03-14,34.10859680175781,34.663808567807514,33.95128456574186,34.1918789196603,70969700.0
2022-03-15,34.58978271484375,34.64530177465858,34.154864586558844,34.450978005405894,51828700.0
2022-03-16,35.5614013671875,35.61692395113858,34.922907536525166,35.0339491744773,87007600.0
2022-03-17,36.005584716796875,36.01483671922302,35.12649622835749,35.357835118475684,58266400.0
2022-03-18,36.0888671875,36.18140133241048,35.65394894052774,35.99633304258952,82342500.0
2022-03-21,36.053558349609375,36.360118574216465,35.86776244851553,36.24864245106498,46828600.0
2022-03-22,36.63881301879883,36.871057024215624,36.43444070379041,36.480888796121306,61053100.0
2022-03-23,35.96065902709961,36.49017504766047,35.94207908240739,36.40656706842654,42142600.0
2022-03-24,36.24864196777344,36.28580185624918,35.95136994749154,36.211482079297696,30421500.0
2022-03-25,36.713134765625,36.78745100857777,36.31367477143674,36.369414611473175,48613100.0
2022-03-28,36.61094665527344,36.63881480327682,36.19290671641029,36.6016584538598,44761000.0
2022-03-29,36.69455337524414,37.16832959374503,36.48088931248787,37.05685346182052,67968600.0
2022-03-30,36.4344367980957,36.713128865968194,36.220772761268066,36.69454892227511,47405300.0
2022-03-31,35.59836196899414,36.536629764435844,35.58907376774529,36.38799019435507,66619600.0
2022-04-01,35.50546646118164,35.91421465544176,35.254642497512094,35.83989841274104,68422500.0
2022-04-04,35.34754180908203,35.63552569142083,35.096717823257165,35.42186160210989,134312400.0
2022-04-05,35.12458419799805,35.589072202788365,35.0409762153853,35.208192180610794,56165700.0
2022-04-06,34.88304901123047,35.03168503340001,34.75299293480241,34.845889119747504,55835100.0
2022-04-07,34.84589385986328,35.013109850520834,34.353537633906484,34.855185605879136,53346900.0
2022-04-08,35.19889831542969,35.35682607030031,34.89233809349335,34.985234271349924,44672300.0
2022-04-11,35.04096984863281,35.44971794282659,34.98523002243119,35.10599787398724,54435500.0
2022-04-12,34.660099029541016,35.3382511467785,34.5114629975953,35.013107390560506,67215400.0
2022-04-13,34.660099029541016,34.67867897650454,34.269927230831925,34.33495527332302,57445600.0
2022-04-14,34.269920349121094,34.827308014810924,34.26063214938575,34.58577229655012,68544200.0
2022-04-18,34.47428512573242,34.63220927692304,34.04695719970531,34.056245396462124,52748400.0
2022-04-19,34.948081970214844,35.00382181528758,34.557913685994066,34.56720188829146,41519100.0
2022-04-20,35.18960952758789,35.44043345612709,35.106001551408156,35.217477671727146,54635800.0
2022-04-21,34.632225036621094,35.59836095196981,34.56719699844977,35.4311449841686,54998100.0
2022-04-22,33.60105895996094,34.58577475881799,33.563902614612466,34.57648655842139,73170900.0
2022-04-25,33.65679931640625,33.73111909578173,32.820723061004905,33.32236739674086,91392800.0
2022-04-26,32.81143569946289,33.628935662979394,32.79285575213722,33.27592375131685,81457500.0
2022-04-27,32.783565521240234,33.117997464877675,32.66279764297952,32.76498557506456,81603000.0
2022-04-28,33.20160675048828,33.322371089714025,32.625639027782725,33.117998761306026,62680000.0
2022-04-29,32.058963775634766,33.15515586137195,31.98464753010412,33.03439151941433,74631700.0
2022-05-02,32.06825256347656,32.319076513563516,31.436548587797336,32.20759683990558,104408800.0
2022-05-03,32.48629379272461,32.81143399462348,32.1797299934236,32.29120612782287,73896300.0
2022-05-04,33.48029708862305,33.5360333826098,32.43055317880368,32.542029310539526,87794900.0
2022-05-05,32.504859924316406,33.155140051741036,32.10540010674933,33.09011203899857,101093900.0
2022-05-06,32.27263259887695,32.42126863923178,31.808144529797772,32.37481699731367,99281900.0
2022-05-09,31.501571655273438,32.031087618434356,31.35293565761005,31.836003535956486,85922800.0
2022-05-10,31.22288703918457,31.993935353283486,30.832715237537332,31.789563022670702,107581200.0
2022-05-11,30.934904098510742,31.89175191221774,30.888456001246364,31.260047866886726,110212200.0
2022-05-12,30.702655792236328,30.990639625186066,30.10811172502851,30.674787646511643,114304100.0
2022-05-13,31.1485652923584,31.408680991689753,30.869873190854122,31.074249052379685,64036200.0
2022-05-16,30.888452529907227,31.16714462593589,30.64692032501899,31.027800349802693,55662200.0
2022-05-17,31.715238571166992,31.80813829302518,31.31577862658189,31.492286326231422,62859300.0
2022-05-18,30.842008590698242,31.46442090417717,30.721240700111753,31.4179728058786,74279300.0
2022-05-19,30.637632369995117,30.860588200653353,30.377520187362766,30.42396828515244,71525400.0
2022-05-20,30.581886291503906,31.009217917829673,29.94089416765823,30.851290165027066,77984600.0
2022-05-23,31.57589340209961,31.80813738446828,31.009217518118145,31.167141725123113,78189300.0
2022-05-24,31.510860443115234,31.613048357872227,30.860580156046694,31.390096129094953,77871200.0
2022-05-25,31.761686325073242,31.956773967035897,31.34364998428956,31.436546161405488,72192600.0
2022-05-26,32.495582580566406,32.60705871697781,32.07754263932054,32.10541433124525,50803200.0
2022-05-27,33.04368209838867,33.108710146817145,32.57919401317796,32.634933859157876,43862500.0
2022-05-31,32.950782775878906,33.20160674337191,32.59777087232254,32.77427505221946,64778900.0
2022-06-01,32.4212646484375,32.95078069850762,32.11470085957464,32.86717271461433,48642400.0
2022-06-02,32.86717224121094,32.89504038751987,32.19830837969856,32.449132327765696,45334700.0
2022-06-03,32.39338684082031,32.69995057179189,32.35623050014388,32.56060277702997,36699400.0
2022-06-06,32.48629379272461,32.99722991446387,32.47700204766326,32.66279796750365,32829600.0
2022-06-07,32.73711395263672,32.764982097060845,32.23546609043049,32.26333423485461,32031400.0
2022-06-08,32.16114807128906,32.579187979307655,32.04038374300985,32.486291796975614,38251800.0
2022-06-09,31.35294532775879,32.14257364443426,31.33436537935006,32.12399723978834,49715100.0
2022-06-10,30.219585418701172,30.786261294561054,30.191717275220157,30.67478517687511,74190900.0
2022-06-13,29.318479537963867,29.82012561336679,29.141975388924834,29.457825571582404,104065100.0
2022-06-14,29.06766128540039,29.64362544078631,28.844705475445824,29.439251348856015,75592200.0
2022-06-15,29.392799377441406,29.810839276301273,28.891153270690626,29.374221204510683,87858800.0
2022-06-16,28.649614334106445,28.807540293850046,28.408080409093838,28.79825032305563,100838500.0
2022-06-17,28.733230590820312,29.05837257492698,28.45453670220834,28.714650643869927,116937700.0
2022-06-21,29.306657791137695,29.49344409050641,29.1292127661962,29.390711447721,58065800.0
2022-06-22,29.241283416748047,29.512123375441618,28.933087266598303,28.970445239380666,48035800.0
2022-06-23,29.12921142578125,29.31599593522869,28.65290798750224,29.259960760527065,69348900.0
2022-06-24,30.203227996826172,30.231244693377036,29.20392544312089,29.25062112492305,65489300.0
2022-06-27,30.10049819946289,30.4367128404061,29.960411140838215,30.4367128404061,47244800.0
2022-06-28,29.801637649536133,30.69820753346425,29.782958664956126,30.40869217910423,42459900.0
2022-06-29,29.63353157043457,29.941729484709455,29.53080071366903,29.82965735394349,64507500.0
2022-06-30,29.37203598022461,29.63353467721727,28.811678830299055,29.166570682500353,75294300.0
2022-07-01,29.773622512817383,29.8670156648687,29.082516037759568,29.278641835199956,77308400.0
2022-07-05,29.670888900756836,29.68956788570237,28.970442997233732,29.30665581962311,51536800.0
2022-07-06,29.596179962158203,29.83900146529826,29.316000482538275,29.60551945627817,48001700.0
2022-07-07,30.025785446166992,30.10983910537292,29.820320154185293,29.84833685303645,33120100.0
2022-07-08,29.960407257080078,30.203226931477708,29.83899563855525,30.10983557116755,29062200.0
2022-07-11,29.717586517333984,29.941730788627066,29.63353286093062,29.79230068065629,30564300.0
2022-07-12,29.530805587768555,30.072483783002255,29.47476862247355,29.493447610905218,38211000.0
2022-07-13,29.269304275512695,29.46542830458363,28.905072917908768,29.213269093110476,51441600.0
2022-07-14,28.70894432067871,28.80233746983411,28.363391984527738,28.671588129812246,57782300.0
2022-07-15,29.68023109436035,29.848336630190918,29.045159799024166,29.119873964279822,59650200.0
2022-07-18,29.568159103393555,30.3059630476361,29.437409758875116,30.100497756162877,38671600.0
2022-07-19,30.45539093017578,30.548782299840838,29.876354819091006,29.9604102581767,40568000.0
2022-07-20,30.567466735839844,30.62350370522052,30.29662672781278,30.39002167678057,38507700.0
2022-07-21,30.763591766357422,30.763591766357422,30.24993199992928,30.483414035819628,40561800.0
2022-07-22,30.586143493652344,30.96905384984539,30.35266148225042,30.810287792165408,25741200.0
2022-07-25,30.782270431518555,30.9223610766339,30.558129674517723,30.77293271774898,24699300.0
2022-07-26,30.352659225463867,30.81028550135334,30.27794327729722,30.6328369057838,26357800.0
2022-07-27,30.81962013244629,30.969048451188428,30.371335176219873,30.47406781335237,44817200.0
2022-07-28,31.043766021728516,31.053103733479833,30.352657784604347,30.847638448427613,40974600.0
2022-07-29,31.48271369934082,31.58544635482897,31.09046562855273,31.118482329993945,38724000.0
2022-08-01,31.22121238708496,31.398657419199342,31.006409381056244,31.183854413170625,35131300.0
2022-08-02,30.875659942626953,31.2772492543733,30.838301968824393,31.071783961111688,36806900.0
2022-08-03,31.34263038635254,31.41734278670207,30.931699715143914,31.109148345948803,27314900.0
2022-08-04,31.239892959594727,31.39865901280997,31.183855995879117,31.314605348562882,24505800.0
2022-08-05,31.464031219482422,31.613459548342487,31.043766493887,31.155836849868955,34366100.0
2022-08-08,31.445350646972656,31.800244246109493,31.417333950053397,31.697511607202603,24369100.0
2022-08-09,31.604122161865234,31.688175820380266,31.44535255682466,31.50138951671882,26425400.0
2022-08-10,32.31390380859375,32.4353154327368,32.08976310841663,32.15513777618931,45366000.0
2022-08-11,32.69682312011719,32.90228845414765,32.57541502514753,32.61276944370956,46985200.0
2022-08-12,33.210479736328125,33.21981744841621,32.6874787930839,32.855586111889096,36370300.0
2022-08-15,33.20114517211914,33.29454012513904,32.808897057395114,32.874271743182454,25366000.0
2022-08-16,33.4439582824707,33.593386599053886,33.0517067247823,33.0517067247823,41300800.0
2022-08-17,33.27585983276367,33.4252881890966,33.04237780332765,33.0610567932009,33158000.0
2022-08-18,33.31321334838867,33.3599126031346,33.08907260128113,33.2478386669279,15966200.0
2022-08-19,32.650123596191406,33.117087618663206,32.53805322834095,33.117087618663206,33587400.0
2022-08-22,31.930997848510742,32.18315884243409,31.846944183869628,32.17382112976404,36810100.0
2022-08-23,31.80023765563965,32.12711449011333,31.80023765563965,31.89363256376847,23244000.0
2022-08-24,31.96834945678711,32.071082088957894,31.6788305445469,31.744208770825374,20682200.0
2022-08-25,32.46333694458008,32.491357208247344,31.94967723761462,32.03373090331098,26402600.0
2022-08-26,31.492050170898438,32.61276080941899,31.46402991107886,32.603423097913954,38230600.0
2022-08-29,31.267906188964844,31.492050456291576,31.081119893301278,31.258568477375185,34872100.0
2022-08-30,31.09979820251465,31.473370785714202,30.91301191091487,31.370638147201717,41870700.0
2022-08-31,30.86631965637207,31.370641630900593,30.81962396894963,31.258571268556228,39768200.0
2022-09-01,30.95970916748047,31.006404846718432,30.361992360217872,30.7355649194255,40604600.0
2022-09-02,30.716890335083008,31.576105919273687,30.567462002526256,31.314603665310017,43208800.0
2022-09-06,30.642173767089844,30.950368102255297,30.333975869272404,30.875655727502334,45877100.0
2022-09-07,31.249223709106445,31.305260660335612,30.502082172643565,30.54877785067527,35023000.0
2022-09-08,31.80023765563965,31.818916637265414,30.95970485838903,31.09045416711792,50760900.0
2022-09-09,32.08977127075195,32.17382494536126,31.931001635310764,31.9403429117413,41327100.0
2022-09-12,32.35126495361328,32.51937227656587,32.14579965608178,32.22051560523961,41969600.0
2022-09-13,31.146493911743164,31.828264411071004,31.04376483579384,31.7161904984227,60771600.0
2022-09-14,31.05310821533203,31.36130618739215,30.77293050787464,31.211874276585178,39233200.0
2022-09-15,31.155841827392578,31.5574311933601,31.00641347465952,31.090467145737676,47653000.0
2022-09-16,30.875659942626953,30.931693340678322,30.548783015833255,30.847639680948795,53893300.0
2022-09-19,31.22584342956543,31.244620675331063,30.512325997438438,30.512325997438438,36491400.0
2022-09-20,30.765817642211914,31.038082370883135,30.484166080073447,30.972363792430624,42193600.0
2022-09-21,30.127405166625977,31.07563291688322,30.10862791852068,30.96297300964532,49644600.0
2022-09-22,29.620433807373047,30.24006874448527,29.564103846916613,30.193127409221102,52299500.0
2022-09-23,29.151010513305664,29.395109372945885,28.72853316410669,29.3293907935614,56801000.0
2022-09-26,28.690975189208984,29.207338718791714,28.484430851793956,28.93507401926135,49969700.0
2022-09-27,28.568925857543945,29.06651033596887,28.277885710663636,28.91629595108247,60630400.0
2022-09-28,29.132230758666992,29.301220599003916,28.5783145416997,28.653421734303908,46088700.0
2022-09-29,28.766082763671875,28.935074401378046,28.40932403238969,28.822414503371792,41860000.0
2022-09-30,28.50321388244629,29.14162606126375,28.428106672626416,28.784865471596518,37984300.0
2022-10-03,29.27305793762207,29.423272330100055,28.446876988296346,28.784860266720216,47086100.0
2022-10-04,30.36210823059082,30.390272305405286,29.68614357459589,29.72369627124735,53441800.0
2022-10-05,30.127405166625977,30.296396818179762,29.789421863518402,29.89269493740059,41766800.0
2022-10-06,29.70492172241211,30.164955280676615,29.63920315428766,29.958409162917857,34717900.0
2022-10-07,29.00079345703125,29.53593245822228,28.84119043994824,29.44204980521789,36380700.0
2022-10-10,28.869356155395508,29.28244663104668,28.700364515779263,29.16039631768081,31011700.0
2022-10-11,28.50321388244629,28.982023016559385,28.38116354730329,28.68159238658277,50431900.0
2022-10-12,28.4374942779541,28.813030313587145,28.33422119664361,28.51260148508071,48265700.0
2022-10-13,29.61104393005371,29.686151133176672,27.780303391723166,27.86479921907362,83086100.0
2022-10-14,29.11345100402832,30.221281551800338,29.04773243999994,29.873911487451313,60886900.0
2022-10-17,29.84575080871582,30.042906523240134,29.648593303494735,29.733089121347092,47222200.0
2022-10-18,30.324552536010742,30.662535745901227,29.977182495353475,30.62498126004831,48150700.0
2022-10-19,29.82697296142578,30.315170612359584,29.657981329125867,30.061683163909716,35205700.0
2022-10-20,29.34816551208496,30.089848860666343,29.263669691390056,29.789420071838602,43124400.0
2022-10-21,30.221284866333008,30.249452526429568,29.21672726082833,29.432660220803136,54487300.0
2022-10-24,30.624984741210938,30.765812288470897,30.30577873796255,30.39966496326696,40117200.0
2022-10-25,30.99113655090332,31.047468294237294,30.409056195360833,30.465387938694807,33950300.0
2022-10-26,31.06624984741211,31.41362002596162,31.000531261778264,31.085027097792395,38012100.0
2022-10-27,31.319732666015625,31.66710279255412,31.263400923309202,31.357287161153238,41232200.0
2022-10-28,32.09896469116211,32.136519181559876,31.347892790173418,31.404224525770065,36421300.0
2022-10-31,31.90181541442871,32.117748405619786,31.854874082673092,31.892428580635205,40083800.0
2022-11-01,31.986312866210938,32.2491872024883,31.845485282408504,32.16469136848569,38946100.0
2022-11-02,31.582605361938477,32.483891711011715,31.554441282715437,31.92058863818934,58039800.0
2022-11-03,31.263404846191406,31.50750551382149,31.056862259805442,31.188299427885845,40828100.0
2022-11-04,31.83609962463379,32.00509129888406,31.385456353764518,31.71404928625429,41825600.0
2022-11-07,32.155303955078125,32.17408120467321,31.864261958445592,32.070808122597334,30060300.0
2022-11-08,32.343074798583984,32.5026760575696,32.005091448503414,32.16469270748903,34839600.0
2022-11-09,31.798542022705078,32.24918524963215,31.732823442615338,32.12713850454779,42126200.0
2022-11-10,33.403961181640625,33.450902510699926,32.681053253667066,32.76554907853135,67677700.0
2022-11-11,33.67622375488281,33.826438163097016,33.450903933258495,33.57295067772417,46076100.0
2022-11-14,33.19740676879883,33.61049537559865,33.16924269465585,33.582331301455675,38002700.0
2022-11-15,33.272518157958984,33.68561042061507,32.934538463140726,33.55417327573126,57802100.0
2022-11-16,33.112918853759766,33.33823866336943,33.00025894895493,33.253742839417356,32852400.0
2022-11-17,32.93454360961914,32.95331727777025,32.634111198289084,32.7279974460154,35706900.0
2022-11-18,33.2067985534668,33.422731510692486,32.93453743955218,33.37579018632055,39455400.0
2022-11-21,33.31007385253906,33.37579242735117,33.12230496105003,33.159859455626574,24630900.0
2022-11-22,33.6480598449707,33.685614342565216,33.48845502089103,33.48845502089103,29582300.0
2022-11-23,33.78888702392578,33.87338285182533,33.591727704564185,33.591727704564185,27916900.0
2022-11-25,33.90155029296875,33.94849162836525,33.760722705384936,33.8264412912189,11266500.0
2022-11-28,33.3194580078125,33.85459692012438,33.263126276529604,33.713769382613656,34196600.0
2022-11-29,33.51662063598633,33.59172604519031,33.24435591716008,33.28191041245896,31489600.0
2022-11-30,34.08930587768555,34.098692708534294,32.99086043595034,33.46967118127358,58607000.0
2022-12-01,33.89215087890625,34.2583017931346,33.62927660536183,34.2583017931346,58157600.0
2022-12-02,33.7325553894043,33.76071947166567,33.432126573969654,33.53539965078668,40483300.0
2022-12-05,32.89698791503906,33.53540005080124,32.71860584153861,33.47906830421257,53402000.0
2022-12-06,32.60593795776367,33.047194244671545,32.34306370074272,32.859425383345226,45102200.0
2022-12-07,32.47450256347656,32.840649892849875,32.39939358237776,32.47450256347656,37775900.0
2022-12-08,32.50267028808594,32.727993675274405,32.390010385188575,32.56838886322554,46600900.0
2022-12-09,32.418174743652344,32.65288496584825,32.371233415491915,32.380623829960264,40885600.0
2022-12-12,32.850040435791016,32.88759134509523,32.28673381950754,32.43694820090446,72570900.0
2022-12-13,32.93454360961914,33.704392934004154,32.71860703054569,33.704392934004154,55659000.0
2022-12-14,32.521446228027344,33.16924870177989,32.380622250415534,32.85004267190876,54685100.0
2022-12-15,31.883028030395508,32.145905851172024,31.676485520048203,32.01446515008731,70330100.0
2022-12-16,31.638935089111328,31.732817734811643,31.347893157210958,31.545048862017644,59619300.0
2022-12-19,31.553913116455078,31.875120744725013,31.355517519692093,31.553913116455078,37456800.0
2022-12-20,31.686176300048828,31.90346329603269,31.56336065750104,31.676727002394546,45446400.0
2022-12-21,32.17742919921875,32.271900534841905,31.969587936227263,31.988482924121985,31318100.0
2022-12-22,31.894012451171875,31.997933097220947,31.37441282477748,31.96959241333518,25605100.0
2022-12-23,32.073509216308594,32.12074488507537,31.714511646750196,31.875117245177844,17116200.0
2022-12-27,32.064064025878906,32.21522034759766,31.931802694856373,32.13964398866377,25601100.0
2022-12-28,31.95069694519043,32.20577390790223,31.912906964673667,32.120748253664964,24395100.0
2022-12-29,32.39471435546875,32.451395712155154,32.04516250460146,32.12074245198365,26624200.0
2022-12-30,32.3096923828125,32.37582304235073,32.04516614080891,32.15853607474644,24735700.0
2023-01-03,32.42306137084961,32.77260968618534,32.186879394894206,32.545877007424686,37396500.0
2023-01-04,32.94266128540039,33.17884326342217,32.659243632544445,32.75371498221276,44669300.0
2023-01-05,32.6970329284668,32.82929425677001,32.470296648624924,32.82929425677001,45585700.0
2023-01-06,33.42447280883789,33.528393450405225,32.687582624929,32.91431889778961,41229700.0
2023-01-09,33.30166244506836,33.726790771520356,33.216636779777964,33.537844448224874,48726600.0
2023-01-10,33.490604400634766,33.51894508408502,33.13160679357771,33.24497313122961,34663700.0
2023-01-11,33.802364349365234,33.802364349365234,33.50950099608131,33.575631663200326,32014700.0
2023-01-12,33.86849594116211,34.06689155178684,33.65120894271709,33.915735222266335,56642400.0
2023-01-13,34.123573303222656,34.17080898100211,33.31110667155168,33.433922316859224,65920900.0
2023-01-17,33.89683532714844,34.057437327346726,33.79291468991394,34.038542338408575,65345200.0
2023-01-18,33.26387023925781,33.915734830922354,33.23552955400323,33.7078935287857,53693000.0
2023-01-19,32.87652587890625,33.046577166867785,32.649793230857846,32.85763089092714,61169500.0
2023-01-20,33.3961296081543,33.41502459849459,32.81984862010437,32.97100493897583,42330100.0
2023-01-23,33.783470153808594,33.92518078888724,33.32055547307384,33.42447612495136,44997300.0
2023-01-24,33.802364349365234,33.95352067475886,33.348895373184355,33.726787988593955,34333500.0
2023-01-25,34.066890716552734,34.07633641023129,33.50005179185995,33.50950108938959,38458700.0
2023-01-26,34.24638366699219,34.3030686338962,33.92517606223741,34.151912326002815,29944200.0
2023-01-27,34.24638366699219,34.44477564538026,34.151912326002815,34.1991479964975,30787400.0
2023-01-30,34.076332092285156,34.32196334301579,34.01964712584333,34.0668863998035,31595000.0
2023-01-31,34.539249420166016,34.54869511240471,33.98185987796932,34.14246187298082,30282100.0
2023-02-01,34.539249420166016,34.841562025711625,34.10467189632499,34.180251849636655,51418700.0
2023-02-02,34.633724212646484,34.77543483731614,34.359752260338965,34.728195559858996,42107300.0
2023-02-03,34.56759262084961,34.86045955550771,34.350305645013265,34.35975133794059,43155000.0
2023-02-06,34.55814743041992,34.56759312348459,34.2936211745482,34.36920113446894,32273600.0
2023-02-07,34.95492935180664,35.05884998865784,34.340854827058976,34.340854827058976,33000500.0
2023-02-08,34.74708938598633,35.04940201155945,34.652618041938766,34.69985371396255,34555500.0
2023-02-09,34.35974884033203,34.9927183359759,34.284172490854715,34.88879770207537,44329600.0
2023-02-10,34.47312927246094,34.501469961667524,34.0763416043106,34.18970796498857,28108900.0
2023-02-13,34.86990737915039,34.86990737915039,34.42588410356767,34.45422839178319,32209000.0
2023-02-14,34.68095779418945,35.03050968626164,34.463670825627396,34.80377342123781,33525300.0
2023-02-15,34.71874237060547,34.73763735673856,34.35974484177696,34.40698050518463,28510000.0
2023-02-16,34.36919021606445,34.6337127840518,34.30305957406762,34.38808520004208,34379100.0
2023-02-17,34.37864685058594,34.42588252364265,34.09522920839484,34.19914985143011,35889800.0
2023-02-21,33.67009735107422,34.133015546885375,33.51894105110841,34.085779878868024,36425200.0
2023-02-22,33.6323127746582,33.80236408990212,33.45281576583453,33.670102756679306,31065200.0
2023-02-23,33.6606559753418,33.934624326513784,33.34889403951898,33.77402231389058,42357600.0
2023-02-24,33.688995361328125,33.79291600259941,33.31110277558722,33.367787744603596,48732600.0
2023-02-27,33.6795539855957,34.057443015925124,33.613423315191774,34.000761643493895,31664600.0
2023-02-28,33.74567413330078,33.915725405270955,33.64175351111344,33.726779147098526,32531400.0
2023-03-01,33.6323127746582,33.78346909889157,33.50005144143539,33.59452639648814,32790300.0
2023-03-02,33.471710205078125,33.509500186476274,33.074922608099506,33.433920223679976,38401900.0
2023-03-03,34.00075912475586,34.010204818177584,33.53784086236956,33.60397152787461,33091600.0
2023-03-06,34.02909851074219,34.236939796601376,33.92517786781259,34.01964921382994,30111100.0
2023-03-07,33.15049743652344,33.93461960790926,33.06547179347192,33.90627892817557,53804400.0
2023-03-08,33.02769088745117,33.29221718505712,32.85763955465142,33.112716553851044,50860300.0
2023-03-09,31.686176300048828,32.89542692251592,31.52557067458616,32.8387419481436,107108500.0
2023-03-10,31.109886169433594,31.856221982614294,30.731993614852094,31.31772743483847,166569400.0
2023-03-13,29.881744384765625,30.533607177403198,29.636116702481015,30.0045600278335,165965900.0
2023-03-14,30.486370086669922,31.034310400440596,30.108479283073518,31.024864707035487,128115500.0
2023-03-15,29.67390251159668,29.79671814484708,29.24877424561518,29.62666683845448,132235000.0
2023-03-16,30.240737915039062,30.55249984592597,29.192091191400714,29.475510637136416,133892600.0
2023-03-17,29.267667770385742,29.957318654517557,29.192089615986713,29.957318654517557,136760600.0
2023-03-20,29.59331703186035,29.849659961786255,29.45090489663548,29.498375004754255,75384500.0
2023-03-21,30.343353271484375,30.419308336928587,30.200941145513344,30.267400016908596,115899200.0
2023-03-22,29.640789031982422,30.4288048287864,29.621802074044083,30.343357180023553,67874100.0
2023-03-23,29.441408157348633,30.001564080503375,29.232537163120988,29.697751066765562,82366300.0
2023-03-24,29.422422409057617,29.450905561092632,28.852772044437394,29.080631828111766,76619100.0
2023-03-27,29.830673217773438,29.992074131541973,29.659777919563382,29.92561525131999,61393300.0
2023-03-28,29.82118034362793,29.925616766905193,29.6407906518405,29.79269718886083,42980100.0
2023-03-29,30.257911682128906,30.267404255770412,30.011063117470094,30.143980878875347,52147200.0
2023-03-30,30.19145393371582,30.495267024183732,30.020560428479268,30.47627825331227,45061700.0
2023-03-31,30.523752212524414,30.533244787160065,30.248420465499873,30.3623494698164,49034400.0
2023-04-03,30.580711364746094,30.704136551152175,30.400323493642848,30.495263715963013,51213500.0
2023-04-04,30.29588508605957,30.704134534347567,30.0965084592409,30.65666442630556,45939300.0
2023-04-05,30.257911682128906,30.343357520983222,30.058533229152346,30.068027613662533,57965300.0
2023-04-06,30.371841430664062,30.428805928274713,30.17246478359242,30.20094612696338,36762300.0
2023-04-10,30.438302993774414,30.44779556792353,30.191452605046585,30.257913300171882,27900700.0
2023-04-11,30.704133987426758,30.83705173627159,30.495261169678002,30.514249936903983,53912600.0
2023-04-12,30.637680053710938,31.017444594261214,30.56172497255832,30.85604547941831,63645800.0
2023-04-13,30.913009643554688,30.931998412524184,30.44779385814543,30.65666669507253,58550300.0
2023-04-14,31.216819763183594,31.473162687520023,31.064913247473523,31.23580853036448,65276200.0
2023-04-17,31.577600479125977,31.587096675089974,31.064918170935396,31.19783594053064,69670600.0
2023-04-18,31.672544479370117,31.739003364481004,31.406708938926577,31.644063134819056,49507500.0
2023-04-19,31.748497009277344,31.833944667549343,31.568109118142115,31.62507543090269,39478900.0
2023-04-20,31.653560638427734,31.739008307125104,31.530135423256386,31.539631620743968,39291800.0
2023-04-21,31.539628982543945,31.57760290410334,31.359237462750862,31.55861775419258,41545000.0
2023-04-24,31.463672637939453,31.634567954206386,31.38772117611955,31.520638950607673,32774200.0
2023-04-25,30.922500610351562,31.321257494515745,30.913008037228753,31.264291190567384,58534300.0
2023-04-26,30.62818145751953,31.007949590046874,30.49526369765616,30.837054292583304,54294200.0
2023-04-27,31.12188148498535,31.178847796700982,30.74211693876082,30.74211693876082,46398800.0
2023-04-28,31.49215316772461,31.52063813418979,30.903515772350236,30.969974657872942,54598700.0
2023-05-01,31.406707763671875,31.739002176791676,31.36873022453319,31.577599446321006,31950600.0
2023-05-02,30.694643020629883,31.292772921725874,30.409815119074977,31.28328034848474,76096700.0
2023-05-03,30.343353271484375,30.884520436695354,30.31487193281123,30.7326139275438,65642400.0
2023-05-04,29.9540958404541,30.2389219339306,29.678765942048972,30.077521024221173,76076600.0
2023-05-05,30.694643020629883,30.742113130309964,30.40032254583385,30.447792655513926,55019400.0
2023-05-08,30.742115020751953,30.96997300992302,30.70413748197763,30.86553658916235,34323600.0
2023-05-09,30.62818145751953,30.751606643851517,30.447793586524575,30.51425246645626,29736200.0
2023-05-10,30.457292556762695,30.89402341374364,30.191453391077975,30.82756452775687,39706100.0
2023-05-11,30.409814834594727,30.45728856556791,30.13448494146245,30.267402696018127,36693200.0
2023-05-12,30.286394119262695,30.609197771668292,30.087017469949863,30.609197771668292,36253000.0
2023-05-15,30.533245086669922,30.590211400255857,30.286396493737538,30.34336099645458,33208500.0
2023-05-16,30.2484188079834,30.56172445812014,30.22943003801488,30.476276804130563,31241400.0
2023-05-17,30.856046676635742,30.941494335379012,30.4193158082758,30.485774695994152,46818800.0
2023-05-18,31.083906173706055,31.12188009141175,30.685149253027493,30.799078249619583,42232500.0
2023-05-19,30.950986862182617,31.254799954636262,30.80857651232245,31.159859721396153,40132900.0
2023-05-22,31.007944107055664,31.121873077973405,30.818060074368308,31.055414209793334,35286200.0
2023-05-23,30.64716911315918,31.03642980507926,30.628180345048786,30.875030708746706,42217200.0
2023-05-24,30.2484188079834,30.447795460046557,30.18195992396235,30.419314115962546,46610700.0
2023-05-25,30.238924026489258,30.34335863820917,30.05853433589122,30.17246514333965,41658900.0
2023-05-26,30.48577117919922,30.5617226327995,30.25791138579237,30.305381497009712,44183000.0
2023-05-30,30.476274490356445,30.59969967491256,30.276897853430064,30.5332407959371,57900500.0
2023-05-31,30.153478622436523,30.324373940919997,29.897135644711312,30.295890784216457,67667900.0
2023-06-01,30.476274490356445,30.542733369331906,30.115496942688818,30.324369774747275,48643400.0
2023-06-02,31.140865325927734,31.254794309586256,30.770593412734712,30.770593412734712,65752900.0
2023-06-05,30.979467391967773,31.17884402625544,30.837053440769598,31.17884402625544,53591100.0
2023-06-06,31.36872673034668,31.416196838113567,30.931995944112014,30.950981089829114,46236100.0
2023-06-07,31.49215316772461,31.558615674984946,31.207328855236213,31.397212937474354,48467100.0
2023-06-08,31.463672637939453,31.511142754294106,31.216825859852616,31.38772117611955,36261200.0
2023-06-09,31.47316551208496,31.60608327254287,31.38771786297097,31.406706631856007,34021700.0
2023-06-12,31.463672637939453,31.587097837851733,31.226318434428457,31.501650179718265,33655200.0
2023-06-13,31.653560638427734,31.78647842934849,31.39721763233563,31.435195178809607,46054400.0
2023-06-14,31.530128479003906,31.890907847571672,31.425692060070816,31.72950512147397,57195400.0
2023-06-15,31.9478759765625,32.02382743537573,31.39721250778186,31.425693852119622,52241800.0
2023-06-16,31.881412506103516,32.118766666077235,31.843434971290826,32.09028170409919,49861100.0
2023-06-20,31.64299201965332,31.728823064979196,31.452255959152726,31.67160115543269,50683100.0
2023-06-21,31.6048526763916,31.7574408386981,31.47133848912201,31.566704726317788,35967600.0
2023-06-22,31.356891632080078,31.557162870545174,31.251986610601794,31.547627704041684,38690000.0
2023-06-23,31.2233829498291,31.328284351719592,31.013572870070877,31.118477909949988,35529600.0
2023-06-26,31.156612396240234,31.414105511662154,31.070784995753737,31.175686364566392,25728300.0
2023-06-27,31.404577255249023,31.471334340082866,31.194767195492226,31.213841168014504,34348100.0
2023-06-28,31.328275680541992,31.375962422188913,31.18522636956407,31.36642361866448,36663200.0
2023-06-29,31.87187957763672,31.87187957763672,31.45226306018803,31.490411008498437,47471000.0
2023-06-30,32.148441314697266,32.28195547323901,32.02446596061592,32.081684235426394,44762300.0
2023-07-03,32.32964324951172,32.42500946922597,32.10075922901419,32.14844233887131,19128000.0
2023-07-05,32.262882232666016,32.348709637146705,32.04353340570099,32.13890325177006,39831600.0
2023-07-06,31.98632049560547,32.02446844042508,31.709753352645663,31.995855662816247,45808400.0
2023-07-07,32.033992767333984,32.30102101473241,31.85279554774034,31.85279554774034,33488700.0
2023-07-10,32.177059173583984,32.35825646909024,32.014932214035404,32.04354135596046,27254400.0
2023-07-11,32.558528900146484,32.59667684939994,32.22474343915043,32.29150053134964,33744600.0
2023-07-12,32.76833724975586,32.997217657192515,32.68250618746999,32.82555553262078,46546000.0
2023-07-13,32.88277816772461,32.9304612838106,32.758799155510175,32.81602107760651,40453700.0
2023-07-14,32.66343307495117,33.130736345935524,32.61574995864385,33.12119753988091,47552700.0
2023-07-17,32.97814178466797,33.073507998756895,32.625278788965616,32.625278788965616,38568900.0
2023-07-18,33.350074768066406,33.378683904399786,33.00675058011453,33.0544336866661,47160800.0
2023-07-19,33.49312210083008,33.62663624644925,33.34053398612422,33.350072789661375,45599800.0
2023-07-20,33.7410774230957,33.75061258789978,33.426362414751225,33.435901217542636,45591500.0
2023-07-21,33.62663650512695,33.81737255947344,33.54080546257041,33.79829859024003,30615700.0
2023-07-24,33.95088577270508,34.05579078161087,33.63617438397526,33.64570954933599,32299800.0
2023-07-25,33.73154830932617,33.93182320761188,33.702939168708944,33.855527315314774,36218600.0
2023-07-26,33.93181610107422,34.03671747403006,33.64571020286928,33.693396944561854,35638700.0
2023-07-27,33.502662658691406,34.017645299047814,33.45497955247164,33.93181789064492,44072800.0
2023-07-28,33.56941604614258,33.77922241805205,33.38821516923622,33.76968725305101,32422700.0
2023-07-31,33.69340133666992,33.7983027233002,33.550348368919764,33.636179421972244,28627000.0
2023-08-01,33.69340133666992,33.72201047502472,33.51220042578798,33.62664061719525,26480300.0
2023-08-02,33.40729522705078,33.53127422258887,33.216562788362126,33.40729522705078,48923800.0
2023-08-03,33.42637252807617,33.50266842154183,33.11166106250142,33.20702729134506,31861600.0
2023-08-04,33.29285430908203,33.722009562734364,33.26424517150121,33.39775933086238,36195700.0
2023-08-07,33.760154724121094,33.817372994569865,33.493122789405305,33.50266159313856,33119300.0
2023-08-08,33.454986572265625,33.483595714402924,33.06397556045017,33.321468753651565,37254800.0
2023-08-09,33.20702362060547,33.531273856014685,33.168875678089556,33.43590763771293,38304200.0
2023-08-10,33.23563003540039,33.626637319182,33.149798990766,33.378682989120286,38097500.0
2023-08-11,33.302391052246094,33.35961296810479,33.05443669283474,33.13073258064634,27518700.0
2023-08-14,33.23563003540039,33.302387110339616,33.08304191582678,33.20702089985151,23773800.0
2023-08-15,32.62528610229492,32.99721951379787,32.58713815291291,32.95907520240454,57472100.0
2023-08-16,32.577598571777344,32.82555293319653,32.539450627562644,32.56806340471777,33566500.0
2023-08-17,32.41547393798828,32.73018536989735,32.32010408135823,32.68250226057634,38205400.0
2023-08-18,32.40593338012695,32.50130323159737,32.157979042279564,32.186588178726765,40860000.0
2023-08-21,32.36779022216797,32.52037836907905,32.11029704213271,32.453621282179725,32308300.0
2023-08-22,32.06260681152344,32.41546977879713,32.014923708320595,32.37732184103983,43133000.0
2023-08-23,32.377323150634766,32.38685831646598,32.07214691220775,32.11983001733927,30240500.0
2023-08-24,32.262882232666016,32.720646579834586,32.262882232666016,32.32963930592054,35784900.0
2023-08-25,32.41547393798828,32.539449294625285,32.148441977412176,32.39639996666227,40347200.0
2023-08-28,32.59667205810547,32.711112251055916,32.4917670320725,32.52037617081308,34905300.0
2023-08-29,32.89231872558594,32.901853894115554,32.52038166913321,32.56806842574757,43394300.0
2023-08-30,32.91138458251953,33.10212066904639,32.844627497933374,32.93999736019093,33799900.0
2023-08-31,32.78740310668945,33.01628345746564,32.74925516889756,33.00674829201146,27999700.0
2023-09-01,33.08304977416992,33.187954813417974,32.959074398684585,32.987683541029114,41075700.0
2023-09-05,32.74925994873047,33.17841521655654,32.739724781884604,33.04490105278579,38612300.0
2023-09-06,32.73019027709961,32.79694736775544,32.491771056760605,32.663433186443775,35672800.0
2023-09-07,32.64436340332031,32.78741640908508,32.5489971581365,32.59668028072841,47632600.0
2023-09-08,32.711116790771484,32.777873882422945,32.54899346475756,32.672968841831036,39720800.0
2023-09-11,32.86370086669922,33.03536297762124,32.77786981123821,32.86370086669922,28965100.0
2023-09-12,33.08304977416992,33.321468995010555,32.81602141098477,32.85416935943653,48615200.0
2023-09-13,33.08304977416992,33.273785878440144,32.959074398684585,33.23563792998838,31994900.0
2023-09-14,33.388221740722656,33.43590848907579,33.14980255090948,33.311929491736265,65685500.0
2023-09-15,33.21656799316406,33.416839267961095,33.149807263576406,33.168881238031645,51800200.0
2023-09-18,33.30756378173828,33.35546003585123,33.068078856923584,33.17345280852204,32458700.0
2023-09-19,33.269256591796875,33.40336761046373,33.05850861717685,33.336312101130304,36112900.0
2023-09-20,33.03934860229492,33.48957786827077,33.02976715695993,33.38420389509003,31618000.0
2023-09-21,32.493316650390625,32.924390296393824,32.493316650390625,32.924390296393824,48103300.0
2023-09-22,32.24425506591797,32.56995475968484,32.24425506591797,32.54121773366881,41688300.0
2023-09-25,32.32088851928711,32.34004409839669,32.07182213986115,32.17719609621443,40141700.0
2023-09-26,31.889820098876953,32.22509760165999,31.83234238943527,32.08140880943185,46165400.0
2023-09-27,31.8419189453125,31.976029925832293,31.564115540378555,31.976029925832293,49360900.0
2023-09-28,32.07182693481445,32.186778697908586,31.86107899059966,31.870660435837056,63638100.0
2023-09-29,31.77486228942871,32.272991437694685,31.69822900352264,32.22509517722209,52860500.0
2023-10-02,31.506637573242188,31.746122509073157,31.33420812710388,31.66948922981731,49350600.0
2023-10-03,31.00851058959961,31.439584234436566,30.88398104550811,31.353369505469175,52921800.0
2023-10-04,31.23841667175293,31.257575905777877,30.855239299754484,31.01809096184141,40136000.0
2023-10-05,31.38210678100586,31.43958448552662,31.085147776607936,31.152203271423623,41407800.0
2023-10-06,31.65032386779785,31.83233106825619,31.142613417257152,31.247987353298605,54057800.0
2023-10-09,31.66949462890625,31.73655013003069,31.334213469033312,31.36295415112289,61396600.0
2023-10-10,31.899398803710938,32.10056531114293,31.75571000736701,31.76528779875628,44743400.0
2023-10-11,31.947290420532227,32.11971987445551,31.707805473888808,31.99519033326114,35746400.0
2023-10-12,31.74612808227539,32.04309077036922,31.525802341141553,32.04309077036922,41991200.0
2023-10-13,31.81317710876465,32.24425071205076,31.640747667450206,31.947288084398103,53213800.0
2023-10-16,32.14846420288086,32.301734439963994,31.985612520464013,32.05266802079721,45589300.0
2023-10-17,32.30173110961914,32.51247537997379,31.99519066705754,32.00476845715307,41925200.0
2023-10-18,31.74612808227539,32.167623982053826,31.679072580810775,32.138883299818445,46942100.0
2023-10-19,31.324634552001953,31.86107854171719,31.30547531604775,31.688652726630586,66656200.0
2023-10-20,30.845661163330078,31.37252730322116,30.816920485490428,31.315049601792055,59921300.0
2023-10-23,30.65407371520996,30.99893262918613,30.62533486333689,30.7786069128681,55913700.0
2023-10-24,30.86482048034668,31.0085092529315,30.701968819650297,30.797764988957056,35825000.0
2023-10-25,30.74986457824707,30.96061249305224,30.66364985439497,30.74986457824707,59240100.0
2023-10-26,30.682811737060547,30.989352191834296,30.625335858571777,30.673233946583448,56046100.0
2023-10-27,30.127206802368164,30.682809974383165,30.04099207602529,30.644493333300293,73057300.0
2023-10-30,30.66364860534668,30.7402855364269,30.261315679925545,30.33795078388076,48978100.0
2023-10-31,30.998929977416992,31.008507766763522,30.663648882287927,30.721126581117204,41050100.0
2023-11-01,31.200096130371094,31.32462931613255,30.989348224351698,31.056403711857868,51764100.0
2023-11-02,31.937713623046875,31.956872857883784,31.43000668974519,31.48748074000552,47417000.0
2023-11-03,32.35920333862305,32.51247355128304,32.23467380313376,32.24425159269058,58801300.0
2023-11-06,32.26340866088867,32.493312137325006,32.09097922643649,32.44541588425493,40599700.0
2023-11-07,32.215511322021484,32.29214459350077,32.11013737626892,32.16761507056571,27442000.0
2023-11-08,32.25382614135742,32.28256681564024,32.05265969262644,32.205929889885724,30165800.0
2023-11-09,32.11972427368164,32.40710917241518,32.06225021733556,32.359209253125734,34336600.0
2023-11-10,32.48373794555664,32.51247496973096,32.08140499011505,32.27299002361089,35146100.0
2023-11-13,32.43584060668945,32.52205533059073,32.320888859571134,32.368785116349585,28327300.0
2023-11-14,33.04892349243164,33.23093074106272,32.76154227986927,32.790279304850394,54296300.0
2023-11-15,33.230934143066406,33.32673032656121,33.096823140424426,33.106404585899284,35000200.0
2023-11-16,33.365047454833984,33.403362272436475,33.22135501251017,33.32672898298089,33222500.0
2023-11-17,33.537471771240234,33.54705321590072,33.40336077999699,33.489575510689136,31336100.0
2023-11-20,33.67158889770508,33.7482221893832,33.42252247768709,33.48957797824946,37285400.0
2023-11-21,33.65242004394531,33.738634756351225,33.59494235092482,33.62367937031023,27285700.0
2023-11-22,33.78654098510742,33.853596486310366,33.671589219366766,33.72906327511172,32719200.0
2023-11-24,33.891910552978516,33.949384601250635,33.776955147933734,33.786536592145936,13168500.0
2023-11-27,33.77695083618164,33.83442853136679,33.70031756351791,33.767373047442355,35017000.0
2023-11-28,33.76737976074219,33.88233151971627,33.681165027949,33.7386427345613,39329300.0
2023-11-29,34.006858825683594,34.208025282562026,33.86316641119905,33.86316641119905,36651300.0
2023-11-30,34.390045166015625,34.390045166015625,33.97813070117262,34.08350467881862,37334500.0
2023-12-01,34.648677825927734,34.68699629164552,34.27508192080438,34.33255961938106,51267600.0
2023-12-04,34.6103630065918,34.744473982323534,34.409192888744165,34.44751135445324,41366600.0
2023-12-05,34.437931060791016,34.5145643323863,34.2846608633507,34.50498654378055,39510900.0
2023-12-06,34.265506744384766,34.75405442966521,34.21761048571026,34.62952488796155,35616100.0
2023-12-07,34.42835235595703,34.447511588941985,34.265504356959966,34.35171907826725,26050900.0
2023-12-08,34.6103630065918,34.66783705090539,34.35171884443058,34.390037310139654,33213100.0
2023-12-11,34.82111358642578,34.888169086475514,34.61994708627658,34.61994708627658,31165700.0
2023-12-12,35.070167541503906,35.07974532914273,34.76362717757006,34.90731591764877,37245700.0
2023-12-13,35.63536071777344,35.673679186177296,35.01269839608676,35.07975388866837,56989000.0
2023-12-14,35.98979187011719,36.123902834618605,35.79820321186529,35.92273638786648,66865700.0
2023-12-15,35.779048919677734,35.86526364507998,35.625778702768216,35.69283419427549,69246200.0
2023-12-18,35.89842224121094,36.02356829052231,35.85991406957296,35.95618082632654,43434000.0
2023-12-19,36.167972564697266,36.17760144390169,35.78289818803129,35.879168618368496,32509000.0
2023-12-20,35.522979736328125,36.15834993242845,35.522979736328125,36.07170837512651,52985700.0
2023-12-21,35.86954116821289,35.87917004780094,35.54222903670907,35.677007644550756,27522200.0
2023-12-22,35.94655990600586,36.09096373069692,35.81178496154317,35.975439202007344,30331400.0
2023-12-26,36.09096145629883,36.158348924283516,35.91767834652632,35.97543693488944,17837600.0
2023-12-27,36.206485748291016,36.206485748291016,35.95618626711093,36.013948533308316,32640800.0
2023-12-28,36.312374114990234,36.38938678212752,36.13909102350486,36.14871622976908,25308000.0
2023-12-29,36.19685745239258,36.36051537309089,36.0909654711666,36.30275310596055,30218300.0
2024-01-02,36.35088348388672,36.370137571336635,36.033200221817246,36.100587691721124,31351900.0
2024-01-03,36.04281997680664,36.24498602827624,35.98506139553629,36.187223774664766,46909000.0
2024-01-04,36.187225341796875,36.476029277679004,36.11983787916909,36.16797125642589,36904200.0
2024-01-05,36.34125518798828,36.53379237378365,36.16797208800659,36.187226173820264,44852300.0
2024-01-08,36.572303771972656,36.59155418714331,36.158350071311375,36.350883601751484,39098300.0
2024-01-09,36.34125518798828,36.389388566351776,36.22573434544761,36.37976335961563,36338100.0
2024-01-10,36.39902114868164,36.42790044416966,36.167975767752274,36.28349662204609,37095500.0
2024-01-11,36.26424026489258,36.39901887086641,35.97543631106024,36.35088181827643,49043500.0
2024-01-12,36.19685745239258,36.57230668022683,36.052457293079705,36.437528056922694,41333900.0
2024-01-16,35.94655990600586,36.013947378237205,35.74439748931183,35.88879764166107,44042100.0
2024-01-17,35.879173278808594,36.023573434558784,35.619248591647974,35.63850268021638,38715900.0
2024-01-18,35.936927795410156,35.97543229190232,35.57110753617632,35.83103216728922,42064900.0
2024-01-19,36.51454162597656,36.562675008740214,35.95618410336143,36.071708628804245,59417700.0
2024-01-22,36.68782043457031,36.87072873653504,36.60117888683096,36.66856634925698,51828800.0
2024-01-23,36.74557876586914,36.77446172981146,36.59154975676135,36.66856609748587,46255500.0
2024-01-24,36.88998794555664,37.09215036091335,36.86110864974619,36.89961682572132,43975500.0
2024-01-25,37.07289505004883,37.11140322475373,36.841853346502745,37.03439054768559,50693800.0
2024-01-26,37.20767593383789,37.27506340751608,36.976630543839896,37.015138720896545,38620200.0
2024-01-29,37.30393600463867,37.33281529607371,36.99587798819412,37.092144741205075,44175600.0
2024-01-30,37.775657653808594,37.8141621574649,37.32319576668548,37.342449854684524,43229300.0
2024-01-31,37.313560485839844,37.97781355466637,37.29431007348476,37.6986348350825,65780900.0
2024-02-01,37.37133026123047,37.40020955791647,36.82260159014507,37.24618052168797,63445600.0
2024-02-02,37.525352478027344,37.69863557133664,37.226919667918835,37.24617375299112,61778400.0
2024-02-05,37.30393600463867,37.429085721425906,37.14028179005179,37.313561211003275,37351300.0
2024-02-06,37.38096237182617,37.43872097018917,37.20767923205275,37.25581262146932,41055700.0
2024-02-07,37.660133361816406,37.70826674594476,37.323196000576104,37.5831206816794,39018700.0
2024-02-08,37.51572799682617,37.631248837151595,37.27505743728244,37.48684503248884,47331500.0
2024-02-09,37.621620178222656,37.64087058955928,37.37132076275497,37.46758750880195,50680400.0
2024-02-12,37.794898986816406,37.9585568593081,37.534978042146435,37.621619581150064,39952700.0
2024-02-13,37.284690856933594,37.60237782823547,36.98625797531748,37.50610737980667,62948300.0
2024-02-14,37.64087677001953,37.66975973644885,37.36170169170764,37.50610183448795,58722500.0
2024-02-15,38.2858772277832,38.36288990561757,37.74677379357581,37.75640267351868,58107900.0
2024-02-16,38.151100158691406,38.3243832645776,38.07408381281243,38.247366918698624,37900000.0
2024-02-20,38.04520797729492,38.17998292249163,37.85267076743884,37.88155006359761,39952200.0
2024-02-21,38.160728454589844,38.160728454589844,37.86229927100688,37.99707421486264,40242400.0
2024-02-22,38.60356140136719,38.73834001735231,38.305132218254606,38.37251969007627,55188200.0
2024-02-23,38.79609680175781,38.959754705945144,38.7190841256956,38.74796342017623,42190500.0
2024-02-26,38.60356140136719,39.01751511246702,38.53617392954552,38.757590433008396,38370000.0
2024-02-27,38.70945358276367,38.71908246207124,38.44952892658123,38.64206611697654,42599500.0
2024-02-28,38.853858947753906,38.988633884719015,38.62281357556971,38.63244245526242,40040800.0
2024-02-29,38.8346061706543,39.03676858292118,38.67094826143225,38.950127024472266,37629700.0
2024-03-01,38.786476135253906,38.911622207549016,38.66132639061675,38.824984313964116,40794900.0
2024-03-04,38.88273239135742,38.98862801799321,38.70944930637906,38.71907818462289,53413200.0
2024-03-05,38.892364501953125,39.11378097952944,38.74796069502271,38.74796069502271,50770200.0
2024-03-06,39.09453201293945,39.21005287020562,38.77684506503018,38.95012818710036,58459500.0
2024-03-07,39.03676223754883,39.315940955208724,38.89236211183384,39.23892461695449,35505100.0
2024-03-08,39.10415267944336,39.306318746607396,39.056019300534366,39.09452747259812,47266600.0
2024-03-11,39.17154312133789,39.21005129632819,38.892368033512454,38.95975550357463,36233100.0
2024-03-12,39.335201263427734,39.45072211674578,39.12340997205989,39.25818491298789,53199300.0
2024-03-13,39.62400436401367,39.633629571436735,39.3833337826792,39.41221307729001,43471400.0
2024-03-14,39.30632019042969,39.71064499492682,39.09452890864078,39.63362864797029,65563400.0
2024-03-15,39.26781463623047,39.45072296394043,39.007889956426766,39.08490263617872,67568000.0
2024-03-18,39.492958068847656,39.54127267184037,39.21273189702276,39.40599030899361,39140600.0
2024-03-19,39.68622589111328,39.70555247233151,39.50262889879277,39.521955480011,36748300.0
2024-03-20,40.15970993041992,40.188697953399235,39.57026222205576,39.63790339978597,52255300.0
2024-03-21,40.48825454711914,40.5848837482431,40.20802470322482,40.2563393037868,49209200.0
2024-03-22,40.02443313598633,40.62354611454038,39.99544510630966,40.5365783393418,32033000.0
2024-03-25,39.86982345581055,40.0630855845989,39.86982345581055,39.995444392448256,31784000.0
2024-03-26,40.005104064941406,40.13072129826183,39.87948314545297,40.01476551128605,30135500.0
2024-03-27,40.47859573364258,40.488260866964254,40.092075182646695,40.19836584600695,36670300.0
2024-03-28,40.700836181640625,40.79746906099011,40.459259512518074,40.52690068497899,41490200.0
2024-04-01,40.47859573364258,40.778152201753244,40.401293097910724,40.73949904080316,37537700.0
2024-04-02,40.26600646972656,40.41095397817187,40.19836528209696,40.35297423756009,36359800.0
2024-04-03,40.24668502807617,40.54623781662633,40.14039067620287,40.27567305634402,39715900.0
2024-04-04,39.792518615722656,40.66219630409834,39.744204007739185,40.584889982390145,52657500.0
2024-04-05,40.169376373291016,40.27567071899566,39.81184386278572,39.947126235075935,47540300.0
2024-04-08,40.34331130981445,40.410952494961414,40.15971433386816,40.17904091336274,35165700.0
2024-04-09,40.11139678955078,40.468932987611204,39.79251743736804,40.36263864149422,51953600.0
2024-04-10,39.51228332519531,39.87948093075573,39.38666241268321,39.72487199465152,59492800.0
2024-04-11,39.232059478759766,39.550942531730556,38.99048274875221,39.492962789508134,56870800.0
2024-04-12,38.71025848388672,39.13543222299238,38.565310964148956,38.971161807713564,81234800.0
2024-04-15,38.51698684692383,39.36733780143613,38.40103107145276,39.2127288720855,71800600.0
2024-04-16,38.2560920715332,38.63295119001586,38.198112327855696,38.54598341758383,66751300.0
2024-04-17,38.352718353271484,38.60396020379112,38.19810940147793,38.43002467225235,41561900.0
2024-04-18,38.488006591796875,38.826212541076764,38.40103882110085,38.526656067308586,48893400.0
2024-04-19,39.01947021484375,39.096772843222574,38.623284568211375,38.7005871965902,55513600.0
2024-04-22,39.492958068847656,39.71520819154847,39.0677844018767,39.232054789285506,50701200.0
2024-04-23,39.74420166015625,39.84083087041556,39.570266132755016,39.67656047574111,36488600.0
2024-04-24,39.734535217285156,39.79251495322986,39.53161167073063,39.63790601021194,33957500.0
2024-04-25,39.50262451171875,39.64756832550566,39.1644149072132,39.54127398369443,50365700.0
2024-04-26,39.44464874267578,39.666898895108744,39.34801952376351,39.43498729525192,35796900.0
2024-04-29,39.38665771484375,39.60891148976657,39.2417139280036,39.434975996624495,36596100.0
2024-04-30,39.000144958496094,39.38666548583101,39.000144958496094,39.29969772210124,34481600.0
2024-05-01,39.000144958496094,39.473633249560784,38.922838641328255,38.9711569326422,54717600.0
2024-05-02,39.096778869628906,39.328694162848905,38.816548965453904,39.27071441800177,37085100.0
2024-05-03,39.18374252319336,39.41565779202479,38.99048041352852,39.32869002698402,45012600.0
2024-05-06,39.68622589111328,39.68622589111328,39.39633454517673,39.48330231757454,42335600.0
2024-05-07,39.82150650024414,39.89881282167466,39.71521215136132,39.782853339528884,42601200.0
2024-05-08,39.96645736694336,40.034098560792636,39.67656600956521,39.78285668120793,28390900.0
2024-05-09,40.26600646972656,40.26600646972656,39.86015934394894,39.86982079096677,31594800.0
2024-05-10,40.420623779296875,40.49792642287154,40.36264403198936,40.410958644994615,34306800.0
2024-05-13,40.256343841552734,40.60421490268001,40.256343841552734,40.536573717035054,29570100.0
2024-05-14,40.459266662597656,40.48825837460972,40.25634310935366,40.410952057468336,30638300.0
2024-05-15,40.75882339477539,40.797476553614,40.54623470733118,40.55589984012489,36138300.0
2024-05-16,40.75882339477539,40.9520855028003,40.73949681535609,40.797476553614,36032700.0
2024-05-17,41.058380126953125,41.058380126953125,40.778150252711434,40.826464858505624,29813200.0
2024-05-20,40.497920989990234,41.029389034087785,40.478594410147096,40.971412980726576,35719600.0
2024-05-21,40.75882339477539,40.797476553614,40.55589984012489,40.575226419544194,33413400.0
2024-05-22,40.52690887451172,40.845791911552595,40.43994110860677,40.67185637974269,38661100.0
2024-05-23,39.96645736694336,40.52691349971863,39.81184839726377,40.48826402192519,51768500.0
2024-05-24,40.20802688598633,40.217688332156115,40.04375281175641,40.04375281175641,23477300.0
2024-05-28,39.76352310180664,40.12105555697292,39.61857561897749,40.12105555697292,31004900.0
2024-05-29,39.44464874267578,39.570269676196475,39.328692942747374,39.44464874267578,40620200.0
2024-05-30,39.657230377197266,39.7441981331802,39.38666197737939,39.4832948652314,32769300.0
2024-05-31,40.23701858520508,40.27567174575001,39.618582761159274,39.73453855662579,38664000.0
2024-06-03,39.985774993896484,40.27566628635193,39.63790396848284,40.22735168530399,37855000.0
2024-06-04,39.80217742919922,40.1017338767448,39.61858045654306,39.77318940356089,27586400.0
2024-06-05,39.91813278198242,39.96644738177982,39.62823781086264,39.927794227474834,23817300.0
2024-06-06,39.89881134033203,40.101734897300666,39.74420238937953,39.985779105628325,39040200.0
2024-06-07,40.08240509033203,40.304655209045755,39.83116694757629,39.90846957374427,42273300.0
2024-06-10,39.92779541015625,39.976110011384755,39.666892140120964,39.90846883243129,31615200.0
2024-06-11,39.473628997802734,39.75385883810007,39.28037059803545,39.73453226088981,54584900.0
2024-06-12,39.43498611450195,39.92780101406831,39.37700637318955,39.87948640605879,46399800.0
2024-06-13,39.40599060058594,39.4446437577333,39.135425872890316,39.43498231153043,39497900.0
2024-06-14,39.280372619628906,39.35767524628072,39.009804210927854,39.13542512617592,29083000.0
2024-06-17,39.62824249267578,39.637907625477744,39.11610103921538,39.18374222415663,36076900.0
2024-06-18,39.879486083984375,39.879486083984375,39.541276458312595,39.57992961887536,38900300.0
2024-06-20,40.09207534790039,40.19836601169876,39.75386571744559,39.79251887855499,42869100.0
2024-06-21,39.937461853027344,40.03409105865615,39.705546598883124,39.995437901937464,42530600.0
2024-06-24,40.34782791137695,40.60006083986892,40.00828287287558,40.105294683657874,45252000.0
2024-06-25,40.04709243774414,40.39634093936047,39.930677504126706,40.270222602495906,32845400.0
2024-06-26,39.79485321044922,39.88216532213095,39.600825884404976,39.86276221945019,37978500.0
2024-06-27,39.7463493347168,39.7948552435151,39.50381608996165,39.678440322246445,25466100.0
2024-06-28,39.882164001464844,40.134396926435464,39.717239484521386,39.83365809675088,44045100.0
2024-07-01,39.96947479248047,40.30901981504691,39.80455028097449,40.047083497311434,36131100.0
2024-07-02,40.435142517089844,40.435142517089844,39.872463617685966,39.891866721192685,27033100.0
2024-07-03,40.309017181396484,40.512744181625536,40.289614081265675,40.47394168212687,21113200.0
2024-07-05,40.299320220947266,40.396332027432464,40.066486704314315,40.396332027432464,21421100.0
2024-07-08,40.19261169433594,40.600065790218295,40.14410578303049,40.35753253292723,27779300.0
2024-07-09,40.5030517578125,40.76498810548759,40.1829060992884,40.23141570871105,33140000.0
2024-07-10,40.65827178955078,40.66797149071557,40.28962023230906,40.30902333540215,28445400.0
2024-07-11,40.97841262817383,41.04632163064471,40.57095491258546,40.69707321750127,45836600.0
2024-07-12,41.114234924316406,41.28885914911412,40.82319578324138,40.9299072977169,39041200.0
2024-07-15,41.7157096862793,41.75451588579846,41.23064329457838,41.25974609383631,46561200.0
2024-07-16,42.191078186035156,42.21047758586297,41.66720557237128,41.74481427397165,52243100.0
2024-07-17,42.51123046875,42.58884289005473,42.07466985082074,42.14257886908041,54773300.0
2024-07-18,41.9970588684082,42.792567640117596,41.90004334700234,42.36570674745927,58731300.0
2024-07-19,41.570194244384766,42.06496410723449,41.52168833841762,41.977651996188264,47220000.0
2024-07-22,41.80302810668945,41.880636816701674,41.47318276241979,41.66721008859549,29071100.0
2024-07-23,41.88064193725586,42.09407239222064,41.812732919905955,41.90974844523717,23800400.0
2024-07-24,41.308258056640625,41.84183037788188,41.308258056640625,41.75451827435054,47786900.0
2024-07-25,41.46348571777344,42.074666838351,41.376173600438975,41.385873302025615,44862000.0
2024-07-26,42.11347198486328,42.23959030689316,41.667211707851166,41.686614811299116,32636300.0
2024-07-29,42.05525588989258,42.23958349252939,41.841829187923665,42.21047699167132,35195700.0
2024-07-30,42.54032516479492,42.68584657661139,42.29779194560963,42.31719504723604,31418700.0
2024-07-31,42.433616638183594,42.79256479158215,42.40451013331747,42.63734366842898,38694800.0
2024-08-01,41.83213424682617,42.64704612114971,41.6478103076777,42.588840509189,47060900.0
2024-08-02,40.80379104614258,41.502284216594155,40.55155442008684,41.3567665022666,78599800.0
2024-08-05,39.6202278137207,39.9985790528821,39.44560359552878,39.91126694378614,107913600.0
2024-08-06,40.260520935058594,40.73588775033875,39.688142296626,39.794857522551986,57668900.0
2024-08-07,40.309017181396484,41.09482608326091,40.25081158176701,40.706771482170666,43912600.0
2024-08-08,40.959014892578125,41.00752080058782,40.512750916903705,40.57096022697347,41260500.0
2024-08-09,41.133636474609375,41.24034798505718,40.784388038195985,40.94930885496713,23838800.0
2024-08-12,40.920204162597656,41.31795848553157,40.83289205752615,41.21124327924827,20509300.0
2024-08-13,41.2597541809082,41.288860686634,40.86199980978256,41.16274236385848,24922000.0
2024-08-14,41.764225006103516,41.84183742264897,41.32766441494461,41.35677092153101,30673000.0
2024-08-15,42.152278900146484,42.38510874390753,42.01646087449193,42.161978601651676,33329000.0
2024-08-16,42.462711334228516,42.462711334228516,42.10376324936943,42.10376324936943,25338900.0
2024-08-19,42.6955451965332,42.70524859748246,42.47241508462115,42.47241508462115,24458600.0
2024-08-20,42.55973434448242,42.68585267268375,42.472422225075924,42.64704646388891,19620400.0
2024-08-21,42.491817474365234,42.67614508168371,42.268687366188786,42.627635479275845,19914100.0
2024-08-22,42.734352111816406,42.734352111816406,42.501522295833524,42.54032479798854,24738700.0
2024-08-23,43.10301208496094,43.20972731351753,42.773166697042335,42.86047882033738,32762500.0
2024-08-26,43.23882293701172,43.471656460701794,43.14181112758612,43.24852633841226,23716300.0
2024-08-27,43.461952209472656,43.48135531113104,43.24852549275689,43.326134198627194,21583500.0
2024-08-28,43.56866455078125,43.81119775440412,43.30672824677699,43.34553444753977,24726200.0
2024-08-29,43.956722259521484,44.10223997150862,43.41344651278504,43.714189038779665,33726600.0
2024-08-30,44.37388229370117,44.412684798711986,43.87911242198775,44.082839451157525,28967700.0
2024-09-03,44.044036865234375,44.509700231379895,43.84030613567539,44.14104867872839,39893900.0
2024-09-04,44.0925407409668,44.40298297076405,43.86941061959772,44.121643543521756,32006100.0
2024-09-05,43.60747528076172,44.29626876240793,43.4134479575585,44.27686566001127,39523500.0
2024-09-06,42.96718978881836,43.85001063648838,42.87017427212939,43.6074773959113,51331300.0
2024-09-09,43.60747528076172,43.85000850957489,43.31643614633858,43.374641752765186,41010900.0
2024-09-10,43.161216735839844,43.79180093524861,42.66644685705518,43.75299472891971,59115000.0
2024-09-11,42.95748519897461,43.025394208397394,42.08436777749734,42.99629140457719,59397500.0
2024-09-12,43.05449676513672,43.19031477152858,42.68584524724232,43.035093664114584,37732700.0
2024-09-13,43.18061447143555,43.35523869241145,43.08360266012156,43.18061447143555,32912300.0
2024-09-16,43.743289947509766,43.75298964758374,43.36493873165234,43.36493873165234,37063700.0
2024-09-17,43.97612762451172,44.12164534398795,43.791799998773,43.840305905265076,27893300.0
2024-09-18,43.84030532836914,44.3253717884338,43.743293516661566,43.99552644755929,41783900.0
2024-09-19,44.325374603271484,44.441793225629695,43.98582953996912,44.286572096582375,46457700.0
2024-09-20,44.296268463134766,44.296268463134766,43.98582622841237,44.22835945558695,48699200.0
2024-09-23,44.24272155761719,44.46666095051057,44.164831371221304,44.29140710257343,31615300.0
2024-09-24,43.87273406982422,44.10640832933562,43.71694999208815,44.10640832933562,40341400.0
2024-09-25,43.609840393066406,43.95061684500317,43.4735298122917,43.89220014706244,32546900.0
2024-09-26,43.83378219604492,43.92141096206081,43.59036936979913,43.736414837035625,31445200.0
2024-09-27,43.960357666015625,44.24271372014091,43.86299030753712,43.9311456013796,23226100.0
2024-09-30,44.125877380371094,44.14535085240936,43.65852519400792,43.8532562002055,23593400.0
2024-10-01,43.89220428466797,44.116143647648705,43.60010591068993,44.009041405748114,32703000.0
2024-10-02,43.940887451171875,44.03825110268192,43.64879278245652,43.8727321522778,37709400.0
2024-10-03,43.707210540771484,43.86299461545216,43.493006045266064,43.775365841307696,23545700.0
2024-10-04,44.44718551635742,44.48612874749189,43.960359842417844,44.135617382170906,40432000.0
2024-10-07,43.901939392089844,44.46665524206738,43.716946973235764,44.44718548360706,26599300.0
2024-10-08,44.15509033203125,44.26219258230858,43.98957137373749,44.0674615558212,28763000.0
2024-10-09,44.56402587890625,44.6516546551553,44.06746157543317,44.15509035168222,28334300.0
2024-10-10,44.42771530151367,44.651654682244796,44.242719154772665,44.612707734069275,34127400.0
2024-10-11,45.284523010253906,45.37215178101019,44.68086020848017,44.71006856067054,52850300.0
2024-10-14,45.5668830871582,45.6155649125156,45.23584147486861,45.362417192146005,35850800.0
2024-10-15,45.66425323486328,46.14134035229903,45.60583281236311,45.8784540223264,42356800.0
2024-10-16,46.22896194458008,46.24843541572046,45.75187490128774,45.839503664327026,44973700.0
2024-10-17,46.35554122924805,46.55027224150317,46.326332877374576,46.42369652640957,45823400.0
2024-10-18,46.36527633666992,46.462643700369256,46.102390025959444,46.35554145739256,34279600.0
2024-10-21,45.99529266357422,46.39448957940195,45.90766389111519,46.287387333709226,26207400.0
2024-10-22,45.90766143798828,45.985551612575684,45.54740777369326,45.76161225363246,30018700.0
2024-10-23,45.86872100830078,45.97582326348203,45.644781617551615,45.85898241372854,20697200.0
2024-10-24,45.90766143798828,45.96607814038257,45.62530166246571,45.878449372606084,19617500.0
2024-10-25,45.4013671875,46.17054899385368,45.29426493600905,46.092658810887364,25526500.0
2024-10-28,45.96608352661133,46.00503047556129,45.625307008762846,45.635041888907594,31415900.0
2024-10-29,45.683719635009766,45.97581801184266,45.64477640372584,45.849242296160746,27930900.0
2024-10-30,45.888187408447266,46.180282059426155,45.70319128195214,45.742138225865325,28704300.0
2024-10-31,45.255313873291016,45.96607890635096,45.255313873291016,45.82976831291277,53417100.0
2024-11-01,45.411102294921875,45.76161740548891,45.29426516279469,45.401367414821884,40139900.0
2024-11-04,45.06058120727539,45.420834864341884,44.81716838102315,45.381887920737135,41705600.0
2024-11-05,45.479251861572266,45.49872533350139,45.01189967782833,45.09952844441688,35221800.0
2024-11-06,48.244422912597656,48.37099862613571,47.41682076341559,47.747862365925435,153473400.0
2024-11-07,47.46550369262695,48.13732179240055,47.377874921857774,48.13732179240055,70611400.0
2024-11-08,47.8939094543457,48.16653436302899,47.562867840661525,47.80628068265915,60376500.0
2024-11-11,48.575469970703125,48.81888283182246,48.36126546437876,48.37100405876741,63654700.0
2024-11-12,48.429420471191406,48.62414777260943,48.28337128094269,48.55599247427609,58512400.0
2024-11-13,48.4586296081543,48.8091446990782,48.38073571497776,48.526784907591136,31880700.0
2024-11-14,48.33205032348633,48.672830509717194,48.24442155721953,48.565728271592775,38252800.0
2024-11-15,48.555992126464844,48.692302722155134,48.302844407923615,48.33205276009006,40741500.0
2024-11-18,48.7020378112793,48.78966657565841,48.39046969663911,48.59493557546206,27141600.0
2024-11-19,48.380733489990234,48.565729620684074,48.11784718388722,48.3125781936878,27014700.0
2024-11-20,48.23469161987305,48.60467648051663,48.00101364782704,48.57546812683039,33932500.0
2024-11-21,48.848087310791016,49.07203039373539,48.35152674774855,48.47810246545946,50881800.0
2024-11-22,49.39333724975586,49.44201907906094,48.80914786972387,48.818882749910685,42050800.0
2024-11-25,49.714637756347656,49.89963017011562,49.51990674943215,49.66595221898001,47492500.0
2024-11-26,49.81200408935547,49.90936774097208,49.42254205451857,49.73411391089923,28418400.0
2024-11-27,49.90937042236328,50.25988552971094,49.860688593939535,49.88016206814612,31803700.0
2024-11-29,49.98726272583008,50.21120210078952,49.89963395178636,50.084626379574075,15178400.0
2024-12-02,49.490699768066406,50.13330950874295,49.364124052940454,50.06515049737887,55483600.0
2024-12-03,49.12070846557617,49.78279164182817,49.12070846557617,49.78279164182817,46924300.0
2024-12-04,48.93571853637695,49.11097608840059,48.77019957845763,49.07203285453953,41017400.0
2024-12-05,49.081764221191406,49.33491193700227,48.97466197882273,49.01360892408136,33599300.0
2024-12-06,49.0720329284668,49.23755188663548,48.93571861009886,49.0720329284668,23439400.0
2024-12-09,48.400211334228516,49.15966196963106,48.38073786007097,49.11097642714449,41998300.0
2024-12-10,48.39047622680664,48.66309743536009,48.088642950061455,48.43915805487899,38861800.0
2024-12-11,48.48783493041992,48.604672048696926,48.273634165942916,48.58520229080494,35035900.0
2024-12-12,48.27363586425781,48.653359297655896,48.27363586425781,48.614412352131694,23107300.0
2024-12-13,48.23469161987305,48.4878393515863,48.12758937077635,48.46836587773369,39160400.0
2024-12-16,48.147056579589844,48.32231410727297,48.05942781574827,48.26389369331697,35242800.0
2024-12-17,47.80628204345703,47.9718047121033,47.64076308899608,47.96206611820247,46103300.0
2024-12-18,46.3750114440918,48.0010072966994,46.33606450153973,47.89390506177366,72399500.0
2024-12-19,46.54053497314453,47.251300031054576,46.53080009363792,46.900784941852855,63641000.0
2024-12-20,47.23183059692383,47.60181919096387,46.34580791864399,46.443175292962714,56066100.0
2024-12-23,47.345252990722656,47.384366033620644,46.80746170596303,46.99324679471595,43033300.0
2024-12-24,47.90259552001953,47.92214830776702,47.35502421248055,47.443026677441736,18350500.0
2024-12-26,48.019935607910156,48.03949212760073,47.65814931869645,47.68748223321994,20805600.0
2024-12-27,47.66792678833008,48.07860252101762,47.413699486669906,47.76570565896288,33852400.0
2024-12-30,47.20835876464844,47.42347676005459,46.79768302435476,47.17902584892029,34819800.0
2024-12-31,47.25725173950195,47.49192252442652,47.091023180990916,47.32569769594036,25170500.0
2025-01-02,47.13991165161133,47.68748302192944,46.87590422645928,47.50170167683346,35879100.0
2025-01-03,47.5114860534668,47.54081897340318,47.01280776442123,47.41370716699525,25198100.0
2025-01-06,47.364810943603516,47.93193889268859,47.27680845943601,47.71682088027354,54289900.0
2025-01-07,47.25725173950195,47.67770387332721,47.051910140161866,47.57014860608463,57682700.0
2025-01-08,47.4136962890625,47.423472683456524,46.95412742202733,47.26702426298013,36422000.0
2025-01-10,46.26966857910156,47.07146727646358,46.1034437484405,47.03235423512277,53128700.0
2025-01-13,46.60212326049805,46.621679781709815,45.99588602303318,46.034999065456724,36002800.0
2025-01-14,47.17902755737305,47.21814059977687,46.680349321811825,46.787904593384816,39353300.0
2025-01-15,48.3817253112793,48.508840833225804,47.92215639118232,48.18616383059813,61176900.0
2025-01-16,48.70439910888672,48.74350841842934,48.36216560770931,48.36216560770931,33830400.0
2025-01-17,49.115074157714844,49.20307663051684,48.626172359931466,48.80217730553546,43693100.0
2025-01-21,49.525753021240234,49.584418849064015,49.27152200058832,49.28130212524206,33267500.0
2025-01-22,49.291080474853516,49.5355313805471,49.095519004293685,49.52575498553027,37226400.0
2025-01-23,49.57464599609375,49.66264847414106,49.35952799863924,49.36930812399167,32048800.0
2025-01-24,49.7213134765625,49.77020664245906,49.35952717508211,49.40841661095381,39088700.0
2025-01-27,50.268890380859375,50.298223299601055,49.4964245271093,49.63331645460419,61707400.0
2025-01-28,50.180877685546875,50.405772053538406,49.97553983607955,50.21021059832092,39885300.0
2025-01-29,50.14176940917969,50.59156191789255,50.03421041209672,50.04399053729964,43612200.0
2025-01-30,50.62089538574219,50.88490281872856,50.288441995688046,50.60133886514784,64250500.0
2025-01-31,50.32755661010742,50.816458450174444,50.298219963286385,50.67956653175968,40424200.0
2025-02-03,50.122215270996094,50.25911092016931,49.291083630439275,49.62353703266701,77416200.0
2025-02-04,50.00487518310547,50.24932608152114,49.86798327679664,50.18088012836673,41742700.0
2025-02-05,50.53289031982422,50.5426667146082,50.004875480896,50.21999346639076,34758600.0
2025-02-06,50.95335006713867,50.97290658822865,50.61111654310147,50.82623454506628,34355900.0
2025-02-07,50.6697883605957,51.10002065364073,50.63067531667566,51.01201816983321,40601400.0
2025-02-10,50.268890380859375,50.82623821710303,50.053772363352955,50.75779225335558,37921500.0
2025-02-11,50.395999908447266,50.493778779288014,49.887541574020744,50.1906620416668,45162900.0
2025-02-12,50.21999740600586,50.2395539271327,49.789761401265544,50.141771321498524,45473100.0
2025-02-13,50.55244827270508,50.62089422820772,50.141768809664434,50.356886801258334,36372200.0
2025-02-14,50.650230407714844,50.86534841317264,50.60134096920854,50.62089749061607,29574300.0
2025-02-18,51.01201248168945,51.04134912637086,50.60133675639724,50.72845226995067,33496800.0
2025-02-19,51.03157043457031,51.090239995555976,50.748010214868415,50.88490212714344,31748500.0
2025-02-20,50.249324798583984,50.99245759960821,49.90709504154954,50.95334456165438,47078900.0
2025-02-21,49.62352752685547,50.35688015040506,49.52574866905859,50.26887768637813,51789900.0
2025-02-24,49.838653564453125,50.26888583049586,49.555089608867604,49.85821008518574,56673900.0
2025-02-25,49.82887649536133,50.26888891377129,49.19330631768042,50.13199699027157,50132800.0
2025-02-26,49.7213134765625,50.180882379811145,49.623534604819106,49.838652598684405,31250500.0
2025-02-27,49.9951057434082,50.65023245188776,49.858213818055766,49.89732313242417,44378600.0
2025-02-28,51.021793365478516,51.10001571573465,50.034209617068086,50.249327607815864,63537100.0
2025-03-03,50.5915641784668,51.471585254783626,50.22977413029012,51.15868837475653,76100100.0
2025-03-04,48.811954498291016,50.14176800680644,48.53817068066423,50.08310217732913,99342400.0
2025-03-05,49.09552001953125,49.3301945350608,48.45994988959997,48.83151258831984,75561700.0
2025-03-06,48.2839469909668,48.85107118843366,47.97105011029024,48.51861778646169,55477700.0
2025-03-07,48.02971649169922,48.23505810262949,47.179028320788404,48.10794257777267,87351400.0
2025-03-10,46.95413589477539,47.531040248762565,46.40656445928791,47.21814335134836,78221400.0
2025-03-11,46.55323028564453,47.01279917414333,46.23055330520288,46.8856836609368,72972200.0
2025-03-12,46.62167739868164,47.12035560900475,46.17188862387652,47.05190965327461,60700100.0
2025-03-13,46.36744689941406,47.01280088376568,46.23055498637883,46.73901332767033,49986300.0
2025-03-14,47.443031311035156,47.52125365973793,46.563006575474375,46.80745747646073,49535700.0
2025-03-17,48.00038528442383,48.23505982097926,47.247475964257724,47.25725609037786,43570500.0
2025-03-18,47.941715240478516,48.19594629671792,47.765710272320526,48.03949785058028,32714200.0
2025-03-19,48.4697265625,48.723957599948896,47.775486867202844,47.97104834292701,44290700.0
2025-03-20,48.538169860839844,48.87062323235346,48.10793762183239,48.195940094586724,46326000.0
2025-03-21,48.36216735839844,48.53817231279818,47.94171149289071,48.29372140169019,53382800.0
2025-03-24,49.2149658203125,49.332727398607474,48.734100114950664,48.86167734185451,43158200.0
2025-03-25,49.48974609375,49.56825256794342,49.14627324995398,49.39161206511491,24873700.0
2025-03-26,49.34254455566406,49.960799458772605,49.15608839155287,49.63695414809807,39729200.0
2025-03-27,49.24440383911133,49.50937019020734,48.86167591316364,49.254215743860236,32299800.0
2025-03-28,48.2924919128418,49.3621693063221,48.10603575932624,49.09720293433268,45365400.0
2025-03-31,48.88130569458008,49.12664450378954,47.67423920249829,47.81162833668389,38042300.0
2025-04-01,48.82242202758789,49.03832137319096,48.282677407153294,48.694844801224896,37959100.0
2025-04-02,49.22477722167969,49.39160955416586,48.35137168308028,48.42987815328262,41792100.0
2025-04-03,46.80083084106445,47.742934732546225,46.7125087182247,47.30132411834746,101160600.0
2025-04-04,43.37590408325195,45.54469835152123,43.26795440358342,45.21103740689724,128135300.0
2025-04-07,43.26795196533203,44.798867462084324,41.42300309646231,42.04125793563173,179993200.0
2025-04-08,43.10111999511719,45.35824002371144,42.43380188140432,44.94606887958862,98804200.0
2025-04-09,46.34940719604492,46.72232323271044,42.266969577328425,42.43380191356292,177242900.0
2025-04-10,45.05401611328125,45.73114983903187,43.70956056639687,45.66245527599512,93318200.0
2025-04-11,45.79985046386719,46.094260051360045,44.524089311167316,44.749800582958,63647400.0
2025-04-14,46.270896911621094,46.73213128740558,45.99611492344707,46.46716494715178,52008900.0
2025-04-15,46.3886604309082,47.006915250812845,46.349405324723435,46.53586146374161,41840100.0
2025-04-16,45.66245651245117,46.457355576565995,45.31898368796682,46.29052324497858,47934300.0
2025-04-17,45.78022384643555,46.329780389786514,45.56432449379157,45.633019061710435,61866600.0
2025-04-21,44.79887008666992,45.682087593654444,44.29837679682938,45.54469845325063,43082300.0
2025-04-22,46.28071212768555,46.398473706145204,45.3386120128621,45.47600114499389,38154800.0
2025-04-23,46.83027267456055,47.82143980759339,46.67325598783535,47.14430604801094,50290900.0
2025-04-24,47.35039520263672,47.43871733306852,46.476989548129794,46.66344571523091,26817900.0
2025-04-25,47.12468338012695,47.33076710090065,46.81064997411747,47.11486773042907,28113000.0
2025-04-28,47.27187728881836,47.66442085878839,46.93822012098863,47.320948042744305,33922800.0
2025-04-29,47.7625617980957,47.85088392695413,47.065800416864455,47.28169978597917,42475300.0
2025-04-30,47.85087585449219,48.01770817800164,46.61437000264666,47.25225235274359,33759900.0
2025-05-01,47.841064453125,48.155097807485326,47.5368430032753,47.67423587143421,34420200.0
2025-05-02,48.83223342895508,49.008877665613404,48.41025413424132,48.56727081754061,35032100.0
2025-05-05,48.51820373535156,48.900935439467396,48.184542790134664,48.4200697047003,24139900.0
2025-05-06,48.24342346191406,48.63596705545119,48.05696731394916,48.086406773213845,28949100.0
2025-05-07,48.52801513671875,48.79298148857159,48.34155525380027,48.40043791318079,30070100.0
2025-05-08,48.93037414550781,49.430863683829635,48.8027969127696,48.91074659096553,31294200.0
2025-05-09,48.93037414550781,49.1070183928151,48.79298500728508,49.02850817464597,22075000.0
2025-05-12,49.921539306640625,50.245388328189044,49.60750593375476,50.15706620809158,44274100.0
2025-05-13,50.12762451171875,50.36314765908363,49.96079218406011,50.04911430021517,33986100.0
2025-05-14,49.990234375,50.215945630055046,49.84303333574139,50.15706671178086,38764200.0
2025-05-15,50.32389831542969,50.4024085359227,49.88229142766322,49.92154279433637,34742500.0
2025-05-16,50.62812042236328,50.706626900241055,50.206137340996676,50.314087023705355,53401000.0
2025-05-19,50.657554626464844,50.804759404622445,50.28464234399215,50.36314881372265,26348400.0
2025-05-20,50.38277816772461,50.55942241039777,50.1570669117696,50.42203327577935,26903000.0
2025-05-21,49.352352142333984,50.21594199209199,49.313097037279654,50.06874096349756,40022000.0
2025-05-22,49.2934684753418,49.57806236579858,49.03831778485927,49.2444014668151,33662800.0
2025-05-23,49.1168327331543,49.35235965576415,48.64578263150804,48.66541018702332,33645600.0
2025-05-27,49.98042297363281,50.00986243306667,49.322913012215714,49.49955725596519,38636400.0
2025-05-28,49.64676284790039,50.068745909991655,49.568252630035396,49.941168677747655,31730200.0
2025-05-29,49.90190887451172,49.9117245226081,49.42104693782992,49.81358675950873,34098400.0
2025-05-30,50.009864807128906,50.098186933196466,49.519187160881,49.73508652317355,37953200.0
2025-06-02,50.02948760986328,50.049115163077566,49.3523538700491,49.66638723433159,30142300.0
2025-06-03,50.12762451171875,50.17669152212202,49.47011459288153,49.87247006790505,33705400.0
2025-06-04,49.84303283691406,50.25520023500098,49.833217188251176,50.19632131731605,24600500.0
2025-06-05,49.70564270019531,49.931353948432225,49.509370910206215,49.852843735007376,42014400.0
2025-06-06,50.32389831542969,50.48091501284236,50.0981870468723,50.21594863403847,34982800.0
2025-06-09,50.04911422729492,50.40240269140044,49.74489277352119,50.382775138553136,28322100.0
2025-06-10,50.108001708984375,50.12762926372093,49.93135745992872,50.0393071391931,27728600.0
2025-06-11,50.04911422729492,50.382775138553136,49.86265809060498,50.1570638961686,39368400.0
2025-06-12,50.04911422729492,50.05892613193211,49.558436636831246,49.7547084217313,25500900.0
2025-06-13,49.028507232666016,49.51918485607598,48.88130619178693,49.411235179954076,54921900.0
2025-06-16,49.58787536621094,49.931351920635954,49.37197977520653,49.381791679699646,35632400.0
2025-06-17,49.303287506103516,49.53881066062107,49.15608272685026,49.332726964524944,31130700.0
2025-06-18,49.28365707397461,49.82340166042167,49.21496251262168,49.28365707397461,45728200.0
2025-06-20,49.421051025390625,49.63695037849314,49.28366188926109,49.43086293072565,44456100.0
2025-06-23,50.04339599609375,50.06309081769904,49.07837227585319,49.4328715519422,43022700.0
2025-06-24,50.791778564453125,50.97887371437115,50.49636002950517,50.535749668351926,41225000.0
2025-06-25,50.6243782043457,50.811473368037014,50.516058567744366,50.80162783580189,33123900.0
2025-06-26,50.99856948852539,51.03795912810955,50.62437542528145,50.65391577676818,37866000.0
2025-06-27,51.146278381347656,51.431847652594804,50.90994804103507,50.95918321556661,38954100.0
2025-06-30,51.5697021484375,51.63863213671689,51.34321736460485,51.38260700259382,42472900.0
2025-07-01,51.85527420043945,51.96359383258006,51.41215014004736,51.44169424834206,33844800.0
2025-07-02,51.81588363647461,51.95374361804913,51.540163673325566,51.943898086394995,40791100.0
2025-07-03,52.377174377441406,52.45595365858171,51.894664427867106,51.94389960037836,25904800.0
2025-07-07,51.87496566772461,52.4362548558098,51.61893677986666,52.31808969947676,34049000.0
2025-07-08,51.41214370727539,51.79618325942926,51.38260335907967,51.75679738063575,53715000.0
2025-07-09,51.599246978759766,51.697717318710524,51.3432180846435,51.678022499439834,36634900.0
2025-07-10,51.904510498046875,51.95374567106869,51.48108124853405,51.48108124853405,27992600.0
2025-07-11,51.3629150390625,51.60909465557572,51.284139515107746,51.559859483553645,30289900.0
2025-07-14,51.746952056884766,51.776496163745605,51.2250524979759,51.35306694396582,27636500.0
2025-07-15,50.8607063293457,51.648480289806294,50.8607063293457,51.54016066591748,47704600.0
2025-07-16,51.215206146240234,51.264445075030146,50.54560104025125,51.136430621701535,46726500.0
2025-07-17,51.70756530761719,51.796190120345955,51.018265382396606,51.07734608661388,48213900.0
2025-07-18,51.73710250854492,51.84542212701831,51.628782890071534,51.77649214369931,29791300.0
2025-07-21,51.58939743041992,52.13099181021964,51.56970261124869,51.7666470465584,36871400.0
2025-07-22,51.87496566772461,51.943895655285765,51.668175705041136,51.69771605502375,32289100.0
2025-07-23,52.288543701171875,52.288543701171875,51.75679863871164,51.99312894282676,32111300.0
2025-07-24,52.25900650024414,52.62335126560382,52.19992204245499,52.30824167020042,32371900.0
2025-07-25,52.623348236083984,52.67258715960827,52.18022797558517,52.28854384069218,28964700.0
2025-07-28,52.25900650024414,52.62335126560382,52.15068687249872,52.56427056421737,29119300.0
2025-07-29,51.993133544921875,52.485492771211675,51.87496838240511,52.436257599863254,37883200.0
2025-07-30,51.89466094970703,52.219616071623975,51.638632059563854,51.973436469164646,37260100.0
2025-07-31,51.5697021484375,52.180230268058715,51.471231809867696,51.67802177470587,46179400.0
2025-08-01,50.614532470703125,50.969027975801886,50.26987874139734,50.92964209061512,63060800.0
2025-08-04,51.116729736328125,51.116729736328125,50.703149829665875,50.81146569350425,40053100.0
2025-08-05,50.909942626953125,51.29398220642217,50.575138216779635,51.25459256842467,33551000.0
2025-08-06,51.156124114990234,51.23489963748556,50.87055486358878,51.01826413332133,34198700.0
2025-08-07,50.584983825683594,51.45153708094488,50.43727831757031,51.38260709254482,43119400.0
2025-08-08,51.05765151977539,51.17582044160206,50.71300155545482,50.880401893438275,39484400.0
2025-08-11,51.037960052490234,51.23490074117238,50.929640419873344,51.165970748853056,29351200.0
2025-08-12,51.658329010009766,51.74695382080799,51.24474906388658,51.254594595574034,37510000.0
2025-08-13,51.953739166259766,52.101448423234345,51.68786851394944,51.855268832545015,41154900.0
2025-08-14,52.19992446899414,52.239314109351284,51.72726005391699,51.90450967912128,35841500.0
2025-08-15,51.658329010009766,52.347632676617856,51.618939370454385,52.31809232515271,46108500.0
2025-08-18,51.69771957397461,51.75680403436418,51.49092959721539,51.58939994146183,25405100.0
2025-08-19,51.79618835449219,52.06206278361421,51.64848284258178,51.64848284258178,24870800.0
2025-08-20,52.062068939208984,52.1999289358531,51.70756965846515,51.835584122378904,39138800.0
2025-08-21,51.89466094970703,51.99313128812971,51.5500072524224,51.91435576867209,29037000.0
2025-08-22,52.75136947631836,52.85968911179218,52.14084506121488,52.16053988188312,47249800.0
2025-08-25,52.446102142333984,52.761215497106356,52.42641107928826,52.652895868341275,24756500.0
2025-08-26,52.84983444213867,52.8695292608016,52.288545257654214,52.288545257654214,27907000.0
2025-08-27,52.95815658569336,53.11571138608877,52.69228215570059,52.72182626330162,39530100.0
2025-08-28,53.0270881652832,53.08617262585324,52.879382648462396,53.066477805663226,28837300.0
2025-08-29,53.16495132446289,53.31265683966634,52.97785241290792,53.0763265127797,36062400.0
2025-09-02,52.77105712890625,52.879376749666626,52.308238297076436,52.879376749666626,38733100.0
2025-09-03,52.68244171142578,52.78091206253075,52.31809690465365,52.68244171142578,36420100.0
2025-09-04,53.23387908935547,53.25357390850598,52.751365411174724,52.8695305696751,32730000.0
2025-09-05,52.25900650024414,53.420974541945206,52.06206206401634,53.28311456350655,58377100.0
2025-09-08,52.298397064208984,52.3574777666409,52.032522634057116,52.278702244597426,49490900.0
2025-09-09,52.52488327026367,52.77106288743656,52.15068920036808,52.170384020510255,38884500.0
2025-09-10,52.347633361816406,52.5839674458394,52.12114856601257,52.35747889363273,32915900.0
2025-09-11,53.2043342590332,53.24372389679865,52.36732511673177,52.37717064797182,36635400.0
2025-09-12,52.977848052978516,53.243722466147375,52.8892232485889,53.13540284340422,25705900.0
2025-09-15,52.859683990478516,53.26341838405413,52.80059953419821,53.0664739528557,31922000.0
2025-09-16,52.741519927978516,52.84983579880125,52.45595068463931,52.79075509769842,28482500.0
2025-09-17,53.25357437133789,53.499753978254795,52.8301451469286,52.84983620984759,47976100.0
2025-09-18,53.30281066894531,53.66715544309649,53.16495068718015,53.283115849207036,36609100.0
2025-09-19,53.42097473144531,53.57852952970591,53.096015847056314,53.43082026291042,46731400.0
2025-09-22,53.3498420715332,53.40912103059155,52.99417585472003,53.05345481377837,32393000.0
2025-09-23,53.11273193359375,53.83394610431495,52.98429983745422,53.30044675971376,28698900.0
2025-09-24,52.96453857421875,53.310323082192156,52.8558623663504,53.18189098995545,23893400.0
2025-09-25,52.82622528076172,53.06333358315469,52.598994920648245,52.82622528076172,24757500.0
2025-09-26,53.21153259277344,53.448640910735726,52.99418016066737,53.063337067470435,30686100.0
2025-09-29,53.478275299072266,53.49803495111896,53.09297150608242,53.389358749246284,20713800.0
2025-09-30,53.221405029296875,53.586952948885546,52.77682226815414,53.40911984442846,32442200.0
2025-10-01,52.74718475341797,53.11272890479095,52.72742510080749,52.964537163364895,33210100.0
2025-10-02,52.707672119140625,52.836107992980054,52.42116654194801,52.66815657768676,32443400.0
2025-10-03,53.07321548461914,53.320205498946265,52.737308914383505,52.776824452411766,32111600.0
2025-10-06,53.0534553527832,53.41899951543568,52.658269825916186,53.28068571166277,32001300.0
2025-10-07,53.12261199951172,53.39923960572884,52.87562198859829,53.23128820731658,31250500.0
2025-10-08,52.865745544433594,53.300450418960786,52.69779412928907,53.28069076386693,26848700.0
2025-10-09,52.67802810668945,53.162130176050574,52.5495922484886,52.98429707047044,33922400.0
2025-10-10,51.53199768066406,53.033697456224395,51.53199768066406,52.81634503237121,73596200.0
2025-10-13,52.025978088378906,52.184051551723506,51.70983116168971,51.917301875685375,39651900.0
2025-10-14,52.598995208740234,53.004058682251284,51.620913091898736,51.818505857487466,62588700.0
2025-10-15,52.598995208740234,53.11273112299497,52.22356933099851,52.78670626322683,39526600.0
2025-10-16,51.136810302734375,52.480436567772685,50.91946165546182,52.450798972410176,85420100.0
2025-10-17,51.5517578125,51.72959093025254,51.107175018118646,51.27513019322656,52288900.0
2025-10-20,52.15441131591797,52.26308752311216,51.66043129686688,51.72958819803256,39479600.0
2025-10-21,52.09513473510742,52.49032027589657,52.02597783078461,52.02597783078461,31213600.0
2025-10-22,51.79874801635742,52.18405184991354,51.4924790305409,52.14453254165941,53727500.0
2025-10-23,51.90742111206055,52.04573491387408,51.66043110345969,51.95681836002703,29483700.0
2025-10-24,52.470558166503906,52.638509563780026,52.174170909166456,52.21368644638125,31947800.0
2025-10-27,52.68791198730469,52.78670648613197,52.559476123814385,52.72742752557447,27154100.0
2025-10-28,52.35200500488281,52.75706847693102,52.302603987087636,52.687911574539996,33648000.0
2025-10-29,51.46284103393555,51.94694313436615,51.24548860899503,51.818507267922335,61846300.0
2025-10-30,51.60115432739258,52.18405092309815,51.39368361589617,51.39368361589617,48568700.0
2025-10-31,51.739463806152344,51.86789966056696,51.314640707431,51.38379760547696,40425800.0
2025-11-03,51.522117614746094,51.70982866566683,51.028137594542464,51.69995072352088,38693200.0
2025-11-04,51.78886795043945,51.90742587896889,51.21585303762234,51.32452925438993,44675200.0
2025-11-05,51.966697692871094,52.18405011226264,51.55175627632564,51.858025251943864,38036300.0
2025-11-06,51.778987884521484,52.065497213567625,51.541875805952934,51.87778238547667,42625700.0
2025-11-07,52.144527435302734,52.1642870874948,51.462836394133916,51.650547436806065,46218700.0
2025-11-10,52.332244873046875,52.51007798293173,52.016097959644576,52.292725566679465,42010600.0
2025-11-11,52.56935119628906,52.69778705276771,52.24332635294276,52.431037397974364,29995800.0
2025-11-12,53.0238151550293,53.2411675764645,52.579236138484305,52.579236138484305,46052700.0
2025-11-13,52.34212112426758,53.11272872969404,52.24332663030924,52.92501768366586,50455300.0
2025-11-14,51.818504333496094,52.17417054734189,51.6406712265732,52.17417054734189,46154600.0
2025-11-17,50.830543518066406,51.85802283802048,50.63295076134165,51.83826318547116,70048500.0
2025-11-18,50.75150680541992,51.12693268035695,50.534158156787754,50.66259025000769,66043600.0
2025-11-19,50.93922424316406,51.02814080314244,50.57367629171478,50.761391123207304,46003900.0
2025-11-20,50.4946403503418,51.759228048201884,50.465002753913396,51.403561815986585,70096400.0
2025-11-21,51.04789352416992,51.3442845515701,50.52427590829496,50.84042282000458,68942900.0
2025-11-24,51.2652473449707,51.34428595944961,50.71199211869264,51.11705559597561,43789100.0
2025-11-25,51.90742111206055,52.0259752609338,51.28500523513122,51.4825979957656,50989800.0
2025-11-26,52.31248474121094,52.51007750247155,51.966696466812756,52.0358533679387,35268500.0
2025-11-28,52.68791198730469,52.90526063847842,52.39152095328575,52.46067785621855,16136100.0
2025-12-01,52.25320816040039,52.75706991298561,52.203810910029134,52.431041276751806,29296300.0
2025-12-02,52.20381164550781,52.50019892067965,52.00621887247036,52.35200716747807,29771500.0
2025-12-03,52.90525817871094,52.954655425827916,52.243326776053074,52.30260196508609,32018000.0
2025-12-04,53.013938903808594,53.26092892922119,52.82622784125175,52.944781998194564,33678700.0
2025-12-05,53.033695220947266,53.28068523081801,52.806464864118404,52.89538141842261,28532300.0
2025-12-08,52.83610153198242,53.06333188482322,52.63850877380004,53.05345394285988,31164200.0
2025-12-09,52.638511657714844,53.30044686857611,52.608874061432665,52.855864080500425,46335400.0
2025-12-10,53.24116897583008,53.42888380610105,52.56935580898053,52.638512714206044,45437500.0
2025-12-11,54.20936965942383,54.31804587348231,53.28068852170638,53.31032611871553,51786500.0
2025-12-12,54.28840637207031,54.54527433093248,54.05129429800876,54.49587708139382,64428900.0
2025-12-15,54.32792282104492,54.64406972398229,54.15996765892724,54.51563386692387,35356800.0
2025-12-16,53.98213577270508,54.495875443759786,53.82406231767043,54.377321294675916,37342300.0
2025-12-17,53.972259521484375,54.40696059425617,53.92286227188258,54.1402109238842,41112400.0
2025-12-18,53.883338928222656,54.35755927265885,53.705505827963044,54.11056927438365,35021600.0
2025-12-19,54.17972946166992,54.35756257272585,53.903101852813386,53.903101852813386,46595300.0
2025-12-22,54.844970703125,54.963939212523634,54.269953089414315,54.27986555605557,37987800.0
2025-12-23,54.95402526855469,55.08291002307049,54.83505676235428,54.83505676235428,24732900.0
2025-12-24,55.25144958496094,55.410075523871846,54.93419770713913,55.03333750073068,15685800.0
2025-12-26,55.142391204833984,55.32084585128495,54.963936558383025,55.23161852805947,20410100.0
2025-12-29,54.844970703125,55.201880013261636,54.78548455745532,55.112652685727475,34223800.0
2025-12-30,54.706172943115234,54.92428502649543,54.66651551305689,54.92428502649543,16160900.0
2025-12-31,54.29969024658203,54.785480496751745,54.279861532828505,54.74582685118514,22996200.0
2026-01-02,54.45832061767578,54.5277192305048,53.87338675101637,54.35918082276026,36087100.0
2026-01-05,55.648014068603516,56.024748294540416,54.34926164630579,54.34926164630579,58044100.0
2026-01-06,55.91569900512695,56.0346675153162,55.509219795201325,55.55878969261845,38950800.0
2026-01-07,55.13248062133789,55.856211698018335,55.06308201000831,55.74715565680308,44720900.0
2026-01-08,55.41999053955078,55.766983591342886,54.93419648510121,54.97385391443191,35358300.0
2026-01-09,55.25144958496094,55.677757504897876,55.24153711837806,55.499302850880525,29544900.0
2026-01-12,54.81522750854492,54.88462611830766,54.36909088725545,54.55745800204852,42021600.0
2026-01-13,53.76432800292969,54.755741029976754,53.68501692737501,54.67642995442208,77045100.0
2026-01-14,53.685020446777344,53.71476162931751,53.22896755016363,53.585876868408796,59754600.0
2026-01-15,53.90312576293945,54.23029388048211,53.74449982829651,53.754416076553284,48490800.0
2026-01-16,53.9725227355957,54.289774595257036,53.823813053720976,53.90312412766607,44363200.0
2026-01-20,52.7431755065918,53.64536123919923,52.64403193150595,53.149654709592056,57030800.0
2026-01-21,53.000938415527344,53.36776395089975,52.78283012583456,52.91171109367196,49360300.0
2026-01-22,53.347938537597656,53.585875555972954,53.17939634946949,53.18931259803388,46919300.0
2026-01-23,52.614288330078125,53.05050869457085,52.42592121898955,53.03068376240616,47057500.0
2026-01-26,52.95137023925781,53.090167459548454,52.63411836946759,52.644030835799526,31072700.0
2026-01-27,52.544891357421875,52.97119926910338,52.386265421582756,52.86214322910012,38633700.0
2026-01-28,52.534976959228516,52.75308524927419,52.30694863927544,52.47549081724852,45450800.0
2026-01-29,53.09016799926758,53.169482858491754,52.5349791124609,52.86214345190903,51975400.0
2026-01-30,52.981109619140625,53.19922169043457,52.564717972423615,52.9216272592899,42767000.0
2026-02-02,53.566043853759766,53.6255299960068,52.74317302001525,52.9910262731338,48031500.0
2026-02-03,53.07033920288086,53.70484294793634,52.70351743438453,53.2587101022784,66887100.0
2026-02-04,53.49664306640625,53.714755130487355,52.941454222476686,53.050506472576885,59506400.0
2026-02-05,52.8323974609375,53.595785892740295,52.72334143040277,53.47681361473498,64475000.0
2026-02-06,53.794071197509766,53.88329852456219,53.3677670593045,53.3677670593045,53073800.0
2026-02-09,53.4768180847168,53.92295470967735,53.43716443734078,53.615619087325,31699900.0
2026-02-10,53.09016799926758,53.79407035614926,52.663860085789224,53.238881469342594,57920800.0
2026-02-11,52.28712463378906,53.46690477274524,52.237550956957,53.20913526820454,60339900.0
2026-02-12,51.24613952636719,52.65394803313439,50.98837379574426,52.44575219894579,94645100.0
2026-02-13,51.20648193359375,51.48407635779352,50.80991522878803,51.10733836642213,56449300.0
2026-02-17,51.75176239013672,51.95995822467569,51.375024369108566,51.375024369108566,54064700.0
2026-02-18,52.13841247558594,52.32677959367693,51.831073068441064,51.900471679418835,45224000.0
2026-02-19,51.70219039916992,51.930214939466886,51.295711213085674,51.69227415110367,47344400.0
2026-02-20,52.03927230834961,52.049184774729014,51.27588381115404,51.5931356824638,52934100.0
2026-02-23,50.29438400268555,52.01944438848875,50.20515667614502,51.74184616039563,94600400.0
2026-02-24,50.542236328125,50.74051969252394,49.80859279637171,50.01678862711732,64114100.0
2026-02-25,51.42459487915039,51.4444235943822,50.73060497380012,50.8000073680818,47652800.0
2026-02-26,52.0491828918457,52.20780882176228,51.5336476741317,51.62287499608106,60884300.0
2026-02-27,50.988372802734375,51.61296407507679,50.5719773605259,51.4345094258361,81998700.0
2026-03-02,50.8594856262207,51.18665372822386,50.02669856341499,50.175412024678316,70107200.0
2026-03-03,50.770259857177734,51.107340435326016,49.64996586734006,49.85816169391798,94738700.0
2026-03-04,51.057769775390625,51.20648323896892,50.64137812847615,50.889231379813,51472400.0
2026-03-05,50.79009246826172,51.37502634634075,50.47284058000944,50.80000871711132,58430700.0
2026-03-06,50.1357536315918,50.18532352374451,49.3227952980782,50.00686888644247,75632700.0
2026-03-09,49.89781951904297,50.086186632881244,48.75769302396457,49.4913365468636,78178700.0
2026-03-10,49.6301383972168,50.254725892607524,49.32279899174948,49.89782037321595,70834200.0
2026-03-11,49.2137451171875,49.689622945923155,48.797353435271596,49.55082571861786,56301200.0
2026-03-12,48.410701751708984,48.79735224172825,48.3710443214658,48.55941144220986,67871700.0
2026-03-13,48.470184326171875,49.035289472805225,48.430526895756024,48.68829641151834,47595200.0
2026-03-16,48.87666320800781,49.32279984236711,48.688296087696415,48.827093311288046,45720100.0
2026-03-17,49.13443374633789,49.759021265520694,49.08486006664399,49.27323097282296,46974000.0
2026-03-18,48.54949951171875,49.283143069615235,48.49992583239701,48.94606247270744,49239100.0
2026-03-19,48.5693244934082,48.757691601752,48.1033591735772,48.35121242336978,58374000.0
2026-03-20,48.65855407714844,48.91631980486457,48.371043386354586,48.53958178871886,82914000.0
2026-03-23,49.0980110168457,49.68595162416381,49.04818631481151,49.526510296825734,81044800.0
2026-03-24,49.107975006103516,49.41689424450716,48.60972037722217,48.62965101854316,43296400.0
2026-03-25,49.16776657104492,49.775637822062485,48.81898985392719,49.416893883666475,40438800.0
2026-03-26,48.87877655029297,49.31724304060087,48.70937180731473,48.938568472075225,45035700.0
2026-03-27,47.64310836791992,48.66951167374121,47.5035938804716,48.61968697177164,64823900.0
2026-03-30,48.19118881225586,48.54993275698331,47.92213085371027,48.061641543019576,58128900.0
2026-03-31,49.197662353515625,49.28734834125269,48.34066375989061,48.7492324148303,85361900.0
2026-04-01,49.267417907714844,49.67598656438223,48.96846588112088,49.62616186018011,61558300.0
2026-04-02,49.35710144042969,49.63612661256696,48.430347543125364,48.65954801353919,39519800.0
2026-04-06,49.70588302612305,49.8354264931187,49.27738373958379,49.337171862387585,27345800.0
2026-04-07,49.70588302612305,49.84539371450678,49.32720844238067,49.44678848936942,31750000.0
2026-04-08,51.02127456665039,51.30029594133704,50.782110673075316,51.011307345336654,48175400.0
2026-04-09,51.150821685791016,51.3600877161994,50.6226691977465,50.76217988468542,30330500.0
2026-04-10,50.5927734375,51.11095868685646,50.46322617481564,51.05116676529884,35427500.0
2026-04-13,51.47966766357422,51.48963108345891,50.243994521911546,50.32371708651351,33635900.0
2026-04-14,51.599246978759766,51.728794243713786,51.2604336867592,51.33018902910805,36498400.0
2026-04-15,51.987884521484375,52.147329647049055,51.63910781276418,51.88823511938747,33804700.0
2026-04-16,51.84837341308594,52.22704798043669,51.73875679084907,51.908165334682685,25432000.0
2026-04-17,52.246978759765625,52.795058071025004,52.11743149665236,52.18718683801004,45183400.0
2026-04-20,52.44628143310547,52.57582489500785,52.077570283866685,52.15729284631215,26160600.0
2026-04-21,52.117431640625,53.00432424152071,52.01778223880475,52.526000270297665,34150100.0
2026-04-22,52.027748107910156,52.46621461987679,51.888237418241204,52.296806067149355,31838400.0
2026-04-23,51.619178771972656,51.987886132816286,51.12092414328299,51.898203948978036,44647900.0
2026-04-24,51.24050521850586,51.489632537852266,51.14085581131978,51.39995035221353,27225300.0
2026-04-27,51.629146575927734,51.71883256215918,51.091030658539076,51.13089194161553,25764300.0
2026-04-28,51.669002532958984,52.21708565563436,51.61917783127424,52.01778304751432,24337500.0
2026-04-29,51.7387580871582,52.1174326639966,51.51952863857268,51.948027917299555,22153100.0
2026-04-30,51.948028564453125,52.067608610751385,51.021274652534046,51.33019008891965,31406400.0
2026-05-01,51.7387580871582,52.42635189791492,51.7387580871582,52.21708586915465,39618200.0
2026-05-04,51.39994812011719,52.00781555976492,51.310262136991945,51.599246925834585,44456300.0
2026-05-05,51.409912109375,51.5892840776126,51.200646080224836,51.38998146830626,27419600.0
2026-05-06,51.65903854370117,52.05764375554715,51.59924662150997,51.738757305241755,39084600.0
2026-05-07,51.370052337646484,51.898204838044464,51.24050506758118,51.599249014604354,36983100.0
2026-05-08,51.061134338378906,51.559388950652234,50.96148113509563,51.499597028682274,29627700.0
2026-05-11,51.0013427734375,51.2803641418219,50.782109526060594,51.08106153524117,30759200.0
2026-05-12,51.39994812011719,51.519528163823836,50.63263555368586,51.0013429059203,44193700.0
2026-05-13,50.812007904052734,51.15082119826705,50.78211004186427,50.961482009470735,33440200.0
2026-05-14,51.1109619140625,51.3102645304578,50.92162271786541,51.091031272284845,37059700.0
2026-05-15,50.92162322998047,51.32022846677981,50.86183510542746,51.14085649035823,29789800.0
2026-05-18,51.559391021728516,51.61917914471908,50.79207843183987,50.831935913373194,32974600.0
2026-05-19,50.92162322998047,51.60921707339027,50.87179852572587,51.449775738946784,35956300.0
2026-05-20,51.47966766357422,51.52949236575989,50.602738459858166,51.051168382291436,42148400.0
2026-05-21,51.54942321777344,51.64907642393352,51.031237949884364,51.28036526321289,33344200.0
2026-05-22,51.758689880371094,51.987886555265035,51.65904047437588,51.71883239880171,23308000.0
2026-05-25,,,,,
2026-05-26,51.669002532958984,52.047677108248955,51.539459068854875,51.818480439394285,24530200.0
2026-05-27,51.24050521850586,51.80851900388638,51.12092516960632,51.55939168453998,45239100.0
2026-05-28,51.09103012084961,51.32022679405539,50.84190280631536,51.0113075555357,40564600.0
2026-05-29,51.39994812011719,51.609214146949085,50.9913756848058,51.100992308779,34240300.0
2026-06-01,51.25047302246094,51.419877776878614,51.01130912056281,51.0511704044427,34507600.0
2026-06-02,51.280364990234375,51.479667600112485,50.80204100735558,51.051168319357934,30988800.0
2026-06-03,50.69242477416992,50.981413370660654,50.34364805521982,50.961482729380485,44906700.0
2026-06-04,52.007816314697266,52.11743294026163,51.3002956605396,51.36008758395137,57368100.0
2026-06-05,52.117431640625,52.29680360500627,51.87827155570398,52.19715420318602,42101700.0
2026-06-08,51.7885856628418,52.28684027556452,51.778618441813975,52.05764360987779,39102700.0
2026-06-09,52.27687454223633,52.51603843575703,51.85834248030151,51.997853167613115,41695100.0
2026-06-10,52.04767608642578,52.62565325848868,52.02774544586696,52.316734031898406,31128400.0
2026-06-11,52.436317443847656,52.58579535695498,51.858344036020554,52.167259481083214,41295600.0
2026-06-12,53.153804779052734,53.36307081407163,52.625656080753274,52.775130190889115,51023300.0
2026-06-15,53.3730354309082,53.78160406088411,53.29331286828802,53.57233423469663,37492400.0
2026-06-16,54.1602783203125,54.240000888071535,53.66202367596232,53.821465010099125,37478300.0
2026-06-17,53.861324310302734,54.698392234037655,53.711850203331466,54.100488203390334,49571900.0
2026-06-18,53.382999420166016,54.41936993700088,53.273382796084114,54.359578014397734,37816800.0
2026-06-22,53.70000076293945,54.02000045776367,53.56999969482422,53.619998931884766,27962800.0
2026-06-23,53.880001068115234,54.029998779296875,53.4900016784668,53.630001068115234,33375300.0
2026-06-24,53.720001220703125,54.099998474121094,53.540000915527344,53.86000061035156,30809600.0
2026-06-25,53.45000076293945,54.68000030517578,53.400001525878906,53.91999816894531,31634800.0
2026-06-26,53.56999969482422,53.939998626708984,53.20000076293945,53.560001373291016,26643000.0
2026-06-29,53.720001220703125,54.029998779296875,53.68000030517578,53.70000076293945,31628000.0
2026-06-30,53.61000061035156,53.849998474121094,53.400001525878906,53.65999984741211,27725300.0
2026-07-01,54.779998779296875,55.08000183105469,53.75,53.83000183105469,47809800.0
2026-07-02,55.619998931884766,55.63999938964844,55.0099983215332,55.279998779296875,46246100.0
2026-07-06,56.13999938964844,56.15999984741211,55.58000183105469,55.849998474121094,32043700.0
2026-07-07,56.04999923706055,56.59000015258789,56.0099983215332,56.310001373291016,27116500.0
2026-07-08,54.970001220703125,55.79999923706055,54.95000076293945,55.790000915527344,41648100.0
2026-07-09,55.540000915527344,55.689998626708984,54.970001220703125,55.06999969482422,26542000.0
2026-07-10,55.709999084472656,56.029998779296875,55.36000061035156,55.9900016784668,24046300.0
2026-07-13,56.06999969482422,56.15999984741211,55.61000061035156,55.97999954223633,33391000.0
2026-07-14,56.18000030517578,56.79999923706055,55.59000015258789,55.599998474121094,43208800.0
2026-07-15,56.560001373291016,56.81999969482422,56.18000030517578,56.29999923706055,49425400.0
2026-07-16,56.75,56.84000015258789,56.38999938964844,56.7599983215332,27591200.0
2026-07-17,56.2599983215332,56.939998626708984,56.119998931884766,56.43000030517578,42881800.0
2026-07-20,56.040000915527344,56.380001068115234,55.88999938964844,56.29999923706055,38162600.0
2026-07-21,56.11000061035156,56.34000015258789,55.720001220703125,55.9900016784668,26399000.0
2026-07-22,56.04999923706055,56.279998779296875,55.90999984741211,56.13999938964844,25430900.0
2026-07-23,55.83000183105469,55.86000061035156,55.45000076293945,55.68000030517578,24311000.0
2026-07-24,56.310001373291016,56.380001068115234,55.689998626708984,55.83000183105469,32212900.0
2026-07-27,56.880001068115234,57.130001068115234,56.59000015258789,56.7599983215332,29805900.0
2026-07-28,57.599998474121094,57.599998474121094,56.95000076293945,57.130001068115234,34204400.0
2026-07-29,56.68000030517578,57.470001220703125,56.59000015258789,57.290000915527344,49038800.0
2026-07-30,57.0,57.04999923706055,56.18000030517578,56.81999969482422,33184200.0
2026-07-31,56.939998626708984,57.119998931884766,56.689998626708984,56.810001373291016,32522700.0
